<?xml version="1.0" encoding="UTF-8"?>
<gpx creator="Garmin Connect" version="1.1"
  xsi:schemaLocation="http://www.topografix.com/GPX/1/1 http://www.topografix.com/GPX/11.xsd"
  xmlns:ns3="http://www.garmin.com/xmlschemas/TrackPointExtension/v1"
  xmlns="http://www.topografix.com/GPX/1/1"
  xmlns:xsi="http://www.w3.org/2001/XMLSchema-instance" xmlns:ns2="http://www.garmin.com/xmlschemas/GpxExtensions/v3">
  <metadata>
    <link href="connect.garmin.com">
      <text>Garmin Connect</text>
    </link>
    <time>2023-10-08T09:27:00.000Z</time>
  </metadata>
  <trk>
    <name>Nagymaros Remete-barlang</name>
    <type>hiking</type>
    <trkseg>
      <trkpt lat="47.7781802974641323089599609375" lon="18.94337810575962066650390625">
        <ele>212.8000030517578125</ele>
        <time>2023-10-08T09:27:35.000Z</time>
        <extensions>
          <ns3:TrackPointExtension>
            <ns3:hr>135</ns3:hr>
          </ns3:TrackPointExtension>
        </extensions>
      </trkpt>
      <trkpt lat="47.77816168963909149169921875" lon="18.94334231503307819366455078125">
        <ele>213.8000030517578125</ele>
        <time>2023-10-08T09:27:38.000Z</time>
        <extensions>
          <ns3:TrackPointExtension>
            <ns3:hr>135</ns3:hr>
          </ns3:TrackPointExtension>
        </extensions>
      </trkpt>
      <trkpt lat="47.77817753143608570098876953125" lon="18.94339310936629772186279296875">
        <ele>212.1999969482421875</ele>
        <time>2023-10-08T09:27:44.000Z</time>
        <extensions>
          <ns3:TrackPointExtension>
            <ns3:hr>137</ns3:hr>
          </ns3:TrackPointExtension>
        </extensions>
      </trkpt>
      <trkpt lat="47.77818381786346435546875" lon="18.94338120706379413604736328125">
        <ele>212.600006103515625</ele>
        <time>2023-10-08T09:27:47.000Z</time>
        <extensions>
          <ns3:TrackPointExtension>
            <ns3:hr>141</ns3:hr>
          </ns3:TrackPointExtension>
        </extensions>
      </trkpt>
      <trkpt lat="47.77817904017865657806396484375" lon="18.94338103942573070526123046875">
        <ele>212.600006103515625</ele>
        <time>2023-10-08T09:27:48.000Z</time>
        <extensions>
          <ns3:TrackPointExtension>
            <ns3:hr>141</ns3:hr>
          </ns3:TrackPointExtension>
        </extensions>
      </trkpt>
      <trkpt lat="47.77822664938867092132568359375" lon="18.94335455261170864105224609375">
        <ele>213.600006103515625</ele>
        <time>2023-10-08T09:27:56.000Z</time>
        <extensions>
          <ns3:TrackPointExtension>
            <ns3:hr>141</ns3:hr>
          </ns3:TrackPointExtension>
        </extensions>
      </trkpt>
      <trkpt lat="47.778224050998687744140625" lon="18.9433680474758148193359375">
        <ele>213.1999969482421875</ele>
        <time>2023-10-08T09:27:59.000Z</time>
        <extensions>
          <ns3:TrackPointExtension>
            <ns3:hr>137</ns3:hr>
          </ns3:TrackPointExtension>
        </extensions>
      </trkpt>
      <trkpt lat="47.778227068483829498291015625" lon="18.94332286901772022247314453125">
        <ele>214.600006103515625</ele>
        <time>2023-10-08T09:28:04.000Z</time>
        <extensions>
          <ns3:TrackPointExtension>
            <ns3:hr>138</ns3:hr>
          </ns3:TrackPointExtension>
        </extensions>
      </trkpt>
      <trkpt lat="47.77823318727314472198486328125" lon="18.94329755567014217376708984375">
        <ele>215.600006103515625</ele>
        <time>2023-10-08T09:28:07.000Z</time>
        <extensions>
          <ns3:TrackPointExtension>
            <ns3:hr>137</ns3:hr>
          </ns3:TrackPointExtension>
        </extensions>
      </trkpt>
      <trkpt lat="47.778255902230739593505859375" lon="18.9432612620294094085693359375">
        <ele>216.399993896484375</ele>
        <time>2023-10-08T09:28:10.000Z</time>
        <extensions>
          <ns3:TrackPointExtension>
            <ns3:hr>134</ns3:hr>
          </ns3:TrackPointExtension>
        </extensions>
      </trkpt>
      <trkpt lat="47.7782755158841609954833984375" lon="18.9432250522077083587646484375">
        <ele>217.399993896484375</ele>
        <time>2023-10-08T09:28:13.000Z</time>
        <extensions>
          <ns3:TrackPointExtension>
            <ns3:hr>131</ns3:hr>
          </ns3:TrackPointExtension>
        </extensions>
      </trkpt>
      <trkpt lat="47.778284065425395965576171875" lon="18.94321641884744167327880859375">
        <ele>217.600006103515625</ele>
        <time>2023-10-08T09:28:14.000Z</time>
        <extensions>
          <ns3:TrackPointExtension>
            <ns3:hr>130</ns3:hr>
          </ns3:TrackPointExtension>
        </extensions>
      </trkpt>
      <trkpt lat="47.77836620807647705078125" lon="18.94315690733492374420166015625">
        <ele>218.8000030517578125</ele>
        <time>2023-10-08T09:28:21.000Z</time>
        <extensions>
          <ns3:TrackPointExtension>
            <ns3:hr>128</ns3:hr>
          </ns3:TrackPointExtension>
        </extensions>
      </trkpt>
      <trkpt lat="47.778393365442752838134765625" lon="18.9430966414511203765869140625">
        <ele>220.1999969482421875</ele>
        <time>2023-10-08T09:28:27.000Z</time>
        <extensions>
          <ns3:TrackPointExtension>
            <ns3:hr>131</ns3:hr>
          </ns3:TrackPointExtension>
        </extensions>
      </trkpt>
      <trkpt lat="47.77841339819133281707763671875" lon="18.9430480264127254486083984375">
        <ele>221.399993896484375</ele>
        <time>2023-10-08T09:28:32.000Z</time>
        <extensions>
          <ns3:TrackPointExtension>
            <ns3:hr>131</ns3:hr>
          </ns3:TrackPointExtension>
        </extensions>
      </trkpt>
      <trkpt lat="47.778371237218379974365234375" lon="18.94307903945446014404296875">
        <ele>221</ele>
        <time>2023-10-08T09:28:37.000Z</time>
        <extensions>
          <ns3:TrackPointExtension>
            <ns3:hr>133</ns3:hr>
          </ns3:TrackPointExtension>
        </extensions>
      </trkpt>
      <trkpt lat="47.7783479355275630950927734375" lon="18.9430577494204044342041015625">
        <ele>221.8000030517578125</ele>
        <time>2023-10-08T09:28:42.000Z</time>
        <extensions>
          <ns3:TrackPointExtension>
            <ns3:hr>132</ns3:hr>
          </ns3:TrackPointExtension>
        </extensions>
      </trkpt>
      <trkpt lat="47.7783650346100330352783203125" lon="18.943018019199371337890625">
        <ele>222.600006103515625</ele>
        <time>2023-10-08T09:28:46.000Z</time>
        <extensions>
          <ns3:TrackPointExtension>
            <ns3:hr>130</ns3:hr>
          </ns3:TrackPointExtension>
        </extensions>
      </trkpt>
      <trkpt lat="47.77836746536195278167724609375" lon="18.94300938583910465240478515625">
        <ele>222.8000030517578125</ele>
        <time>2023-10-08T09:28:50.000Z</time>
        <extensions>
          <ns3:TrackPointExtension>
            <ns3:hr>129</ns3:hr>
          </ns3:TrackPointExtension>
        </extensions>
      </trkpt>
      <trkpt lat="47.77841792441904544830322265625" lon="18.94286739639937877655029296875">
        <ele>225.600006103515625</ele>
        <time>2023-10-08T09:29:02.000Z</time>
        <extensions>
          <ns3:TrackPointExtension>
            <ns3:hr>131</ns3:hr>
          </ns3:TrackPointExtension>
        </extensions>
      </trkpt>
      <trkpt lat="47.7784506976604461669921875" lon="18.94285909831523895263671875">
        <ele>225.399993896484375</ele>
        <time>2023-10-08T09:29:07.000Z</time>
        <extensions>
          <ns3:TrackPointExtension>
            <ns3:hr>131</ns3:hr>
          </ns3:TrackPointExtension>
        </extensions>
      </trkpt>
      <trkpt lat="47.77845136821269989013671875" lon="18.942872174084186553955078125">
        <ele>225.1999969482421875</ele>
        <time>2023-10-08T09:29:13.000Z</time>
        <extensions>
          <ns3:TrackPointExtension>
            <ns3:hr>133</ns3:hr>
          </ns3:TrackPointExtension>
        </extensions>
      </trkpt>
      <trkpt lat="47.77846452780067920684814453125" lon="18.94282850436866283416748046875">
        <ele>226</ele>
        <time>2023-10-08T09:29:17.000Z</time>
        <extensions>
          <ns3:TrackPointExtension>
            <ns3:hr>136</ns3:hr>
          </ns3:TrackPointExtension>
        </extensions>
      </trkpt>
      <trkpt lat="47.7784827165305614471435546875" lon="18.94280520267784595489501953125">
        <ele>226.1999969482421875</ele>
        <time>2023-10-08T09:29:20.000Z</time>
        <extensions>
          <ns3:TrackPointExtension>
            <ns3:hr>135</ns3:hr>
          </ns3:TrackPointExtension>
        </extensions>
      </trkpt>
      <trkpt lat="47.77850191108882427215576171875" lon="18.9427764527499675750732421875">
        <ele>226.600006103515625</ele>
        <time>2023-10-08T09:29:26.000Z</time>
        <extensions>
          <ns3:TrackPointExtension>
            <ns3:hr>135</ns3:hr>
          </ns3:TrackPointExtension>
        </extensions>
      </trkpt>
      <trkpt lat="47.77851750142872333526611328125" lon="18.94276195205748081207275390625">
        <ele>226.8000030517578125</ele>
        <time>2023-10-08T09:29:29.000Z</time>
        <extensions>
          <ns3:TrackPointExtension>
            <ns3:hr>135</ns3:hr>
          </ns3:TrackPointExtension>
        </extensions>
      </trkpt>
      <trkpt lat="47.77856829576194286346435546875" lon="18.9427385665476322174072265625">
        <ele>226.8000030517578125</ele>
        <time>2023-10-08T09:29:33.000Z</time>
        <extensions>
          <ns3:TrackPointExtension>
            <ns3:hr>131</ns3:hr>
          </ns3:TrackPointExtension>
        </extensions>
      </trkpt>
      <trkpt lat="47.77857600711286067962646484375" lon="18.94273630343377590179443359375">
        <ele>226.8000030517578125</ele>
        <time>2023-10-08T09:29:34.000Z</time>
        <extensions>
          <ns3:TrackPointExtension>
            <ns3:hr>131</ns3:hr>
          </ns3:TrackPointExtension>
        </extensions>
      </trkpt>
      <trkpt lat="47.778599560260772705078125" lon="18.94277737475931644439697265625">
        <ele>225.8000030517578125</ele>
        <time>2023-10-08T09:29:39.000Z</time>
        <extensions>
          <ns3:TrackPointExtension>
            <ns3:hr>130</ns3:hr>
          </ns3:TrackPointExtension>
        </extensions>
      </trkpt>
      <trkpt lat="47.77862973511219024658203125" lon="18.9428317733108997344970703125">
        <ele>224.600006103515625</ele>
        <time>2023-10-08T09:29:44.000Z</time>
        <extensions>
          <ns3:TrackPointExtension>
            <ns3:hr>127</ns3:hr>
          </ns3:TrackPointExtension>
        </extensions>
      </trkpt>
      <trkpt lat="47.77865043841302394866943359375" lon="18.94284627400338649749755859375">
        <ele>224.1999969482421875</ele>
        <time>2023-10-08T09:29:46.000Z</time>
        <extensions>
          <ns3:TrackPointExtension>
            <ns3:hr>126</ns3:hr>
          </ns3:TrackPointExtension>
        </extensions>
      </trkpt>
      <trkpt lat="47.77866460382938385009765625" lon="18.94289455376565456390380859375">
        <ele>223.1999969482421875</ele>
        <time>2023-10-08T09:29:51.000Z</time>
        <extensions>
          <ns3:TrackPointExtension>
            <ns3:hr>124</ns3:hr>
          </ns3:TrackPointExtension>
        </extensions>
      </trkpt>
      <trkpt lat="47.77869905345141887664794921875" lon="18.94289321266114711761474609375">
        <ele>223.1999969482421875</ele>
        <time>2023-10-08T09:29:59.000Z</time>
        <extensions>
          <ns3:TrackPointExtension>
            <ns3:hr>125</ns3:hr>
          </ns3:TrackPointExtension>
        </extensions>
      </trkpt>
      <trkpt lat="47.77873031795024871826171875" lon="18.94288214854896068572998046875">
        <ele>223.8000030517578125</ele>
        <time>2023-10-08T09:30:05.000Z</time>
        <extensions>
          <ns3:TrackPointExtension>
            <ns3:hr>128</ns3:hr>
          </ns3:TrackPointExtension>
        </extensions>
      </trkpt>
      <trkpt lat="47.7787955291569232940673828125" lon="18.9428810589015483856201171875">
        <ele>224.600006103515625</ele>
        <time>2023-10-08T09:30:13.000Z</time>
        <extensions>
          <ns3:TrackPointExtension>
            <ns3:hr>128</ns3:hr>
          </ns3:TrackPointExtension>
        </extensions>
      </trkpt>
      <trkpt lat="47.77883115224540233612060546875" lon="18.94286823458969593048095703125">
        <ele>225.1999969482421875</ele>
        <time>2023-10-08T09:30:19.000Z</time>
        <extensions>
          <ns3:TrackPointExtension>
            <ns3:hr>131</ns3:hr>
          </ns3:TrackPointExtension>
        </extensions>
      </trkpt>
      <trkpt lat="47.77887222357094287872314453125" lon="18.9428317733108997344970703125">
        <ele>226.1999969482421875</ele>
        <time>2023-10-08T09:30:24.000Z</time>
        <extensions>
          <ns3:TrackPointExtension>
            <ns3:hr>133</ns3:hr>
          </ns3:TrackPointExtension>
        </extensions>
      </trkpt>
      <trkpt lat="47.77890072204172611236572265625" lon="18.9428579248487949371337890625">
        <ele>226</ele>
        <time>2023-10-08T09:30:29.000Z</time>
        <extensions>
          <ns3:TrackPointExtension>
            <ns3:hr>136</ns3:hr>
          </ns3:TrackPointExtension>
        </extensions>
      </trkpt>
      <trkpt lat="47.7789202518761157989501953125" lon="18.942854404449462890625">
        <ele>226.399993896484375</ele>
        <time>2023-10-08T09:30:32.000Z</time>
        <extensions>
          <ns3:TrackPointExtension>
            <ns3:hr>139</ns3:hr>
          </ns3:TrackPointExtension>
        </extensions>
      </trkpt>
      <trkpt lat="47.77891212143003940582275390625" lon="18.9428780414164066314697265625">
        <ele>225.8000030517578125</ele>
        <time>2023-10-08T09:30:35.000Z</time>
        <extensions>
          <ns3:TrackPointExtension>
            <ns3:hr>142</ns3:hr>
          </ns3:TrackPointExtension>
        </extensions>
      </trkpt>
      <trkpt lat="47.77890407480299472808837890625" lon="18.94286370836198329925537109375">
        <ele>226</ele>
        <time>2023-10-08T09:30:38.000Z</time>
        <extensions>
          <ns3:TrackPointExtension>
            <ns3:hr>145</ns3:hr>
          </ns3:TrackPointExtension>
        </extensions>
      </trkpt>
      <trkpt lat="47.77894087135791778564453125" lon="18.94288164563477039337158203125">
        <ele>226</ele>
        <time>2023-10-08T09:30:44.000Z</time>
        <extensions>
          <ns3:TrackPointExtension>
            <ns3:hr>145</ns3:hr>
          </ns3:TrackPointExtension>
        </extensions>
      </trkpt>
      <trkpt lat="47.7789594791829586029052734375" lon="18.94288726150989532470703125">
        <ele>226.1999969482421875</ele>
        <time>2023-10-08T09:30:50.000Z</time>
        <extensions>
          <ns3:TrackPointExtension>
            <ns3:hr>145</ns3:hr>
          </ns3:TrackPointExtension>
        </extensions>
      </trkpt>
      <trkpt lat="47.77896903455257415771484375" lon="18.94286714494228363037109375">
        <ele>226.8000030517578125</ele>
        <time>2023-10-08T09:30:57.000Z</time>
        <extensions>
          <ns3:TrackPointExtension>
            <ns3:hr>146</ns3:hr>
          </ns3:TrackPointExtension>
        </extensions>
      </trkpt>
      <trkpt lat="47.779029048979282379150390625" lon="18.94295339472591876983642578125">
        <ele>227</ele>
        <time>2023-10-08T09:31:02.000Z</time>
        <extensions>
          <ns3:TrackPointExtension>
            <ns3:hr>146</ns3:hr>
          </ns3:TrackPointExtension>
        </extensions>
      </trkpt>
      <trkpt lat="47.77907003648579120635986328125" lon="18.9429524727165699005126953125">
        <ele>228</ele>
        <time>2023-10-08T09:31:07.000Z</time>
        <extensions>
          <ns3:TrackPointExtension>
            <ns3:hr>145</ns3:hr>
          </ns3:TrackPointExtension>
        </extensions>
      </trkpt>
      <trkpt lat="47.7791043184697628021240234375" lon="18.942975439131259918212890625">
        <ele>228.600006103515625</ele>
        <time>2023-10-08T09:31:14.000Z</time>
        <extensions>
          <ns3:TrackPointExtension>
            <ns3:hr>145</ns3:hr>
          </ns3:TrackPointExtension>
        </extensions>
      </trkpt>
      <trkpt lat="47.77915813028812408447265625" lon="18.94293822348117828369140625">
        <ele>230.399993896484375</ele>
        <time>2023-10-08T09:31:23.000Z</time>
        <extensions>
          <ns3:TrackPointExtension>
            <ns3:hr>148</ns3:hr>
          </ns3:TrackPointExtension>
        </extensions>
      </trkpt>
      <trkpt lat="47.77916081249713897705078125" lon="18.94294635392725467681884765625">
        <ele>230.399993896484375</ele>
        <time>2023-10-08T09:31:24.000Z</time>
        <extensions>
          <ns3:TrackPointExtension>
            <ns3:hr>149</ns3:hr>
          </ns3:TrackPointExtension>
        </extensions>
      </trkpt>
      <trkpt lat="47.77921286411583423614501953125" lon="18.9430466853082180023193359375">
        <ele>230.600006103515625</ele>
        <time>2023-10-08T09:31:32.000Z</time>
        <extensions>
          <ns3:TrackPointExtension>
            <ns3:hr>150</ns3:hr>
          </ns3:TrackPointExtension>
        </extensions>
      </trkpt>
      <trkpt lat="47.77920766733586788177490234375" lon="18.943061940371990203857421875">
        <ele>230.399993896484375</ele>
        <time>2023-10-08T09:31:38.000Z</time>
        <extensions>
          <ns3:TrackPointExtension>
            <ns3:hr>152</ns3:hr>
          </ns3:TrackPointExtension>
        </extensions>
      </trkpt>
      <trkpt lat="47.7792136184871196746826171875" lon="18.9430704899132251739501953125">
        <ele>230.399993896484375</ele>
        <time>2023-10-08T09:31:46.000Z</time>
        <extensions>
          <ns3:TrackPointExtension>
            <ns3:hr>154</ns3:hr>
          </ns3:TrackPointExtension>
        </extensions>
      </trkpt>
      <trkpt lat="47.77925309725105762481689453125" lon="18.94302698783576488494873046875">
        <ele>232</ele>
        <time>2023-10-08T09:31:54.000Z</time>
        <extensions>
          <ns3:TrackPointExtension>
            <ns3:hr>156</ns3:hr>
          </ns3:TrackPointExtension>
        </extensions>
      </trkpt>
      <trkpt lat="47.77922694571316242218017578125" lon="18.943040482699871063232421875">
        <ele>231</ele>
        <time>2023-10-08T09:31:57.000Z</time>
        <extensions>
          <ns3:TrackPointExtension>
            <ns3:hr>159</ns3:hr>
          </ns3:TrackPointExtension>
        </extensions>
      </trkpt>
      <trkpt lat="47.7792339026927947998046875" lon="18.9430486969649791717529296875">
        <ele>231.1999969482421875</ele>
        <time>2023-10-08T09:32:00.000Z</time>
        <extensions>
          <ns3:TrackPointExtension>
            <ns3:hr>161</ns3:hr>
          </ns3:TrackPointExtension>
        </extensions>
      </trkpt>
      <trkpt lat="47.7792339026927947998046875" lon="18.9430486969649791717529296875">
        <ele>231.1999969482421875</ele>
        <time>2023-10-08T09:32:05.000Z</time>
        <extensions>
          <ns3:TrackPointExtension>
            <ns3:hr>158</ns3:hr>
          </ns3:TrackPointExtension>
        </extensions>
      </trkpt>
      <trkpt lat="47.7792339026927947998046875" lon="18.9430486969649791717529296875">
        <ele>231.1999969482421875</ele>
        <time>2023-10-08T09:32:08.000Z</time>
        <extensions>
          <ns3:TrackPointExtension>
            <ns3:hr>155</ns3:hr>
          </ns3:TrackPointExtension>
        </extensions>
      </trkpt>
      <trkpt lat="47.7792360819876194000244140625" lon="18.9430486969649791717529296875">
        <ele>231.1999969482421875</ele>
        <time>2023-10-08T09:32:15.000Z</time>
        <extensions>
          <ns3:TrackPointExtension>
            <ns3:hr>152</ns3:hr>
          </ns3:TrackPointExtension>
        </extensions>
      </trkpt>
      <trkpt lat="47.77923750691115856170654296875" lon="18.943053893744945526123046875">
        <ele>231.1999969482421875</ele>
        <time>2023-10-08T09:32:18.000Z</time>
        <extensions>
          <ns3:TrackPointExtension>
            <ns3:hr>149</ns3:hr>
          </ns3:TrackPointExtension>
        </extensions>
      </trkpt>
      <trkpt lat="47.77924555353820323944091796875" lon="18.9430922828614711761474609375">
        <ele>231</ele>
        <time>2023-10-08T09:32:30.000Z</time>
        <extensions>
          <ns3:TrackPointExtension>
            <ns3:hr>152</ns3:hr>
          </ns3:TrackPointExtension>
        </extensions>
      </trkpt>
      <trkpt lat="47.7792478166520595550537109375" lon="18.94313645549118518829345703125">
        <ele>230.600006103515625</ele>
        <time>2023-10-08T09:32:38.000Z</time>
        <extensions>
          <ns3:TrackPointExtension>
            <ns3:hr>149</ns3:hr>
          </ns3:TrackPointExtension>
        </extensions>
      </trkpt>
      <trkpt lat="47.7792555280029773712158203125" lon="18.94314684905111789703369140625">
        <ele>230.8000030517578125</ele>
        <time>2023-10-08T09:32:46.000Z</time>
        <extensions>
          <ns3:TrackPointExtension>
            <ns3:hr>146</ns3:hr>
          </ns3:TrackPointExtension>
        </extensions>
      </trkpt>
      <trkpt lat="47.77925762347877025604248046875" lon="18.94315690733492374420166015625">
        <ele>230.600006103515625</ele>
        <time>2023-10-08T09:32:49.000Z</time>
        <extensions>
          <ns3:TrackPointExtension>
            <ns3:hr>143</ns3:hr>
          </ns3:TrackPointExtension>
        </extensions>
      </trkpt>
      <trkpt lat="47.77926315553486347198486328125" lon="18.94316160120069980621337890625">
        <ele>230.8000030517578125</ele>
        <time>2023-10-08T09:32:51.000Z</time>
        <extensions>
          <ns3:TrackPointExtension>
            <ns3:hr>140</ns3:hr>
          </ns3:TrackPointExtension>
        </extensions>
      </trkpt>
      <trkpt lat="47.77926382608711719512939453125" lon="18.9431657083332538604736328125">
        <ele>230.8000030517578125</ele>
        <time>2023-10-08T09:32:53.000Z</time>
        <extensions>
          <ns3:TrackPointExtension>
            <ns3:hr>137</ns3:hr>
          </ns3:TrackPointExtension>
        </extensions>
      </trkpt>
      <trkpt lat="47.77929970063269138336181640625" lon="18.94335530698299407958984375">
        <ele>231.600006103515625</ele>
        <time>2023-10-08T09:33:02.000Z</time>
        <extensions>
          <ns3:TrackPointExtension>
            <ns3:hr>134</ns3:hr>
          </ns3:TrackPointExtension>
        </extensions>
      </trkpt>
      <trkpt lat="47.77930565178394317626953125" lon="18.94342177547514438629150390625">
        <ele>231.8000030517578125</ele>
        <time>2023-10-08T09:33:04.000Z</time>
        <extensions>
          <ns3:TrackPointExtension>
            <ns3:hr>133</ns3:hr>
          </ns3:TrackPointExtension>
        </extensions>
      </trkpt>
      <trkpt lat="47.77930288575589656829833984375" lon="18.943531326949596405029296875">
        <ele>232.1999969482421875</ele>
        <time>2023-10-08T09:33:11.000Z</time>
        <extensions>
          <ns3:TrackPointExtension>
            <ns3:hr>136</ns3:hr>
          </ns3:TrackPointExtension>
        </extensions>
      </trkpt>
      <trkpt lat="47.77929089963436126708984375" lon="18.9435438998043537139892578125">
        <ele>232</ele>
        <time>2023-10-08T09:33:13.000Z</time>
        <extensions>
          <ns3:TrackPointExtension>
            <ns3:hr>138</ns3:hr>
          </ns3:TrackPointExtension>
        </extensions>
      </trkpt>
      <trkpt lat="47.77930422686040401458740234375" lon="18.94357013516128063201904296875">
        <ele>232.600006103515625</ele>
        <time>2023-10-08T09:33:22.000Z</time>
        <extensions>
          <ns3:TrackPointExtension>
            <ns3:hr>139</ns3:hr>
          </ns3:TrackPointExtension>
        </extensions>
      </trkpt>
      <trkpt lat="47.77929089963436126708984375" lon="18.94358270801603794097900390625">
        <ele>232.1999969482421875</ele>
        <time>2023-10-08T09:33:28.000Z</time>
        <extensions>
          <ns3:TrackPointExtension>
            <ns3:hr>136</ns3:hr>
          </ns3:TrackPointExtension>
        </extensions>
      </trkpt>
      <trkpt lat="47.77929089963436126708984375" lon="18.94358270801603794097900390625">
        <ele>232.1999969482421875</ele>
        <time>2023-10-08T09:33:33.000Z</time>
        <extensions>
          <ns3:TrackPointExtension>
            <ns3:hr>138</ns3:hr>
          </ns3:TrackPointExtension>
        </extensions>
      </trkpt>
      <trkpt lat="47.77931327931582927703857421875" lon="18.94363232888281345367431640625">
        <ele>233.1999969482421875</ele>
        <time>2023-10-08T09:34:25.000Z</time>
        <extensions>
          <ns3:TrackPointExtension>
            <ns3:hr>135</ns3:hr>
          </ns3:TrackPointExtension>
        </extensions>
      </trkpt>
      <trkpt lat="47.7793131954967975616455078125" lon="18.94363232888281345367431640625">
        <ele>233.1999969482421875</ele>
        <time>2023-10-08T09:34:28.000Z</time>
        <extensions>
          <ns3:TrackPointExtension>
            <ns3:hr>132</ns3:hr>
          </ns3:TrackPointExtension>
        </extensions>
      </trkpt>
      <trkpt lat="47.77934328652918338775634765625" lon="18.94360215403139591217041015625">
        <ele>234</ele>
        <time>2023-10-08T09:35:04.000Z</time>
        <extensions>
          <ns3:TrackPointExtension>
            <ns3:hr>129</ns3:hr>
          </ns3:TrackPointExtension>
        </extensions>
      </trkpt>
      <trkpt lat="47.77942911721765995025634765625" lon="18.94362813793122768402099609375">
        <ele>236.600006103515625</ele>
        <time>2023-10-08T09:35:18.000Z</time>
        <extensions>
          <ns3:TrackPointExtension>
            <ns3:hr>129</ns3:hr>
          </ns3:TrackPointExtension>
        </extensions>
      </trkpt>
      <trkpt lat="47.77948200702667236328125" lon="18.94363828003406524658203125">
        <ele>238.1999969482421875</ele>
        <time>2023-10-08T09:35:25.000Z</time>
        <extensions>
          <ns3:TrackPointExtension>
            <ns3:hr>130</ns3:hr>
          </ns3:TrackPointExtension>
        </extensions>
      </trkpt>
      <trkpt lat="47.77953221462666988372802734375" lon="18.943618834018707275390625">
        <ele>239.399993896484375</ele>
        <time>2023-10-08T09:35:31.000Z</time>
        <extensions>
          <ns3:TrackPointExtension>
            <ns3:hr>131</ns3:hr>
          </ns3:TrackPointExtension>
        </extensions>
      </trkpt>
      <trkpt lat="47.77954964898526668548583984375" lon="18.943645656108856201171875">
        <ele>240</ele>
        <time>2023-10-08T09:35:37.000Z</time>
        <extensions>
          <ns3:TrackPointExtension>
            <ns3:hr>132</ns3:hr>
          </ns3:TrackPointExtension>
        </extensions>
      </trkpt>
      <trkpt lat="47.779565155506134033203125" lon="18.94365211017429828643798828125">
        <ele>240.399993896484375</ele>
        <time>2023-10-08T09:35:42.000Z</time>
        <extensions>
          <ns3:TrackPointExtension>
            <ns3:hr>134</ns3:hr>
          </ns3:TrackPointExtension>
        </extensions>
      </trkpt>
      <trkpt lat="47.779586948454380035400390625" lon="18.9436743222177028656005859375">
        <ele>241</ele>
        <time>2023-10-08T09:35:47.000Z</time>
        <extensions>
          <ns3:TrackPointExtension>
            <ns3:hr>137</ns3:hr>
          </ns3:TrackPointExtension>
        </extensions>
      </trkpt>
      <trkpt lat="47.779605053365230560302734375" lon="18.94367759115993976593017578125">
        <ele>241.399993896484375</ele>
        <time>2023-10-08T09:35:50.000Z</time>
        <extensions>
          <ns3:TrackPointExtension>
            <ns3:hr>139</ns3:hr>
          </ns3:TrackPointExtension>
        </extensions>
      </trkpt>
      <trkpt lat="47.77966104447841644287109375" lon="18.9436538703739643096923828125">
        <ele>242.399993896484375</ele>
        <time>2023-10-08T09:35:57.000Z</time>
        <extensions>
          <ns3:TrackPointExtension>
            <ns3:hr>141</ns3:hr>
          </ns3:TrackPointExtension>
        </extensions>
      </trkpt>
      <trkpt lat="47.77968577109277248382568359375" lon="18.94368077628314495086669921875">
        <ele>243.1999969482421875</ele>
        <time>2023-10-08T09:36:02.000Z</time>
        <extensions>
          <ns3:TrackPointExtension>
            <ns3:hr>144</ns3:hr>
          </ns3:TrackPointExtension>
        </extensions>
      </trkpt>
      <trkpt lat="47.77970521710813045501708984375" lon="18.94370206631720066070556640625">
        <ele>243.8000030517578125</ele>
        <time>2023-10-08T09:36:04.000Z</time>
        <extensions>
          <ns3:TrackPointExtension>
            <ns3:hr>147</ns3:hr>
          </ns3:TrackPointExtension>
        </extensions>
      </trkpt>
      <trkpt lat="47.77974444441497325897216796875" lon="18.943708352744579315185546875">
        <ele>244.600006103515625</ele>
        <time>2023-10-08T09:36:12.000Z</time>
        <extensions>
          <ns3:TrackPointExtension>
            <ns3:hr>147</ns3:hr>
          </ns3:TrackPointExtension>
        </extensions>
      </trkpt>
      <trkpt lat="47.77977981604635715484619140625" lon="18.94369661808013916015625">
        <ele>245.399993896484375</ele>
        <time>2023-10-08T09:36:21.000Z</time>
        <extensions>
          <ns3:TrackPointExtension>
            <ns3:hr>148</ns3:hr>
          </ns3:TrackPointExtension>
        </extensions>
      </trkpt>
      <trkpt lat="47.779881320893764495849609375" lon="18.94369418732821941375732421875">
        <ele>247.8000030517578125</ele>
        <time>2023-10-08T09:36:30.000Z</time>
        <extensions>
          <ns3:TrackPointExtension>
            <ns3:hr>148</ns3:hr>
          </ns3:TrackPointExtension>
        </extensions>
      </trkpt>
      <trkpt lat="47.7798938937485218048095703125" lon="18.9436592347919940948486328125">
        <ele>248</ele>
        <time>2023-10-08T09:36:39.000Z</time>
        <extensions>
          <ns3:TrackPointExtension>
            <ns3:hr>148</ns3:hr>
          </ns3:TrackPointExtension>
        </extensions>
      </trkpt>
      <trkpt lat="47.77995952405035495758056640625" lon="18.943642638623714447021484375">
        <ele>249.399993896484375</ele>
        <time>2023-10-08T09:36:47.000Z</time>
        <extensions>
          <ns3:TrackPointExtension>
            <ns3:hr>150</ns3:hr>
          </ns3:TrackPointExtension>
        </extensions>
      </trkpt>
      <trkpt lat="47.78000771999359130859375" lon="18.943705670535564422607421875">
        <ele>250.399993896484375</ele>
        <time>2023-10-08T09:36:54.000Z</time>
        <extensions>
          <ns3:TrackPointExtension>
            <ns3:hr>151</ns3:hr>
          </ns3:TrackPointExtension>
        </extensions>
      </trkpt>
      <trkpt lat="47.78006329201161861419677734375" lon="18.94377917982637882232666015625">
        <ele>252</ele>
        <time>2023-10-08T09:37:03.000Z</time>
        <extensions>
          <ns3:TrackPointExtension>
            <ns3:hr>152</ns3:hr>
          </ns3:TrackPointExtension>
        </extensions>
      </trkpt>
      <trkpt lat="47.780073098838329315185546875" lon="18.94378270022571086883544921875">
        <ele>252.1999969482421875</ele>
        <time>2023-10-08T09:37:08.000Z</time>
        <extensions>
          <ns3:TrackPointExtension>
            <ns3:hr>152</ns3:hr>
          </ns3:TrackPointExtension>
        </extensions>
      </trkpt>
      <trkpt lat="47.7800975739955902099609375" lon="18.94380197860300540924072265625">
        <ele>252.600006103515625</ele>
        <time>2023-10-08T09:37:14.000Z</time>
        <extensions>
          <ns3:TrackPointExtension>
            <ns3:hr>153</ns3:hr>
          </ns3:TrackPointExtension>
        </extensions>
      </trkpt>
      <trkpt lat="47.7801121585071086883544921875" lon="18.943865597248077392578125">
        <ele>253.1999969482421875</ele>
        <time>2023-10-08T09:37:21.000Z</time>
        <extensions>
          <ns3:TrackPointExtension>
            <ns3:hr>157</ns3:hr>
          </ns3:TrackPointExtension>
        </extensions>
      </trkpt>
      <trkpt lat="47.78011777438223361968994140625" lon="18.943869955837726593017578125">
        <ele>253.1999969482421875</ele>
        <time>2023-10-08T09:37:22.000Z</time>
        <extensions>
          <ns3:TrackPointExtension>
            <ns3:hr>158</ns3:hr>
          </ns3:TrackPointExtension>
        </extensions>
      </trkpt>
      <trkpt lat="47.78013017959892749786376953125" lon="18.943871967494487762451171875">
        <ele>253.399993896484375</ele>
        <time>2023-10-08T09:37:27.000Z</time>
        <extensions>
          <ns3:TrackPointExtension>
            <ns3:hr>161</ns3:hr>
          </ns3:TrackPointExtension>
        </extensions>
      </trkpt>
      <trkpt lat="47.78014124371111392974853515625" lon="18.94387825392186641693115234375">
        <ele>253.399993896484375</ele>
        <time>2023-10-08T09:37:29.000Z</time>
        <extensions>
          <ns3:TrackPointExtension>
            <ns3:hr>162</ns3:hr>
          </ns3:TrackPointExtension>
        </extensions>
      </trkpt>
      <trkpt lat="47.78015398420393466949462890625" lon="18.9438905753195285797119140625">
        <ele>253.600006103515625</ele>
        <time>2023-10-08T09:37:36.000Z</time>
        <extensions>
          <ns3:TrackPointExtension>
            <ns3:hr>160</ns3:hr>
          </ns3:TrackPointExtension>
        </extensions>
      </trkpt>
      <trkpt lat="47.780160270631313323974609375" lon="18.94389619119465351104736328125">
        <ele>253.8000030517578125</ele>
        <time>2023-10-08T09:37:42.000Z</time>
        <extensions>
          <ns3:TrackPointExtension>
            <ns3:hr>159</ns3:hr>
          </ns3:TrackPointExtension>
        </extensions>
      </trkpt>
      <trkpt lat="47.78015901334583759307861328125" lon="18.943896107375621795654296875">
        <ele>253.8000030517578125</ele>
        <time>2023-10-08T09:37:53.000Z</time>
        <extensions>
          <ns3:TrackPointExtension>
            <ns3:hr>162</ns3:hr>
          </ns3:TrackPointExtension>
        </extensions>
      </trkpt>
      <trkpt lat="47.78015700168907642364501953125" lon="18.9438925869762897491455078125">
        <ele>253.8000030517578125</ele>
        <time>2023-10-08T09:37:57.000Z</time>
        <extensions>
          <ns3:TrackPointExtension>
            <ns3:hr>165</ns3:hr>
          </ns3:TrackPointExtension>
        </extensions>
      </trkpt>
      <trkpt lat="47.7801557444036006927490234375" lon="18.9438882283866405487060546875">
        <ele>253.600006103515625</ele>
        <time>2023-10-08T09:38:04.000Z</time>
        <extensions>
          <ns3:TrackPointExtension>
            <ns3:hr>162</ns3:hr>
          </ns3:TrackPointExtension>
        </extensions>
      </trkpt>
      <trkpt lat="47.7801557444036006927490234375" lon="18.9438831992447376251220703125">
        <ele>253.600006103515625</ele>
        <time>2023-10-08T09:38:09.000Z</time>
        <extensions>
          <ns3:TrackPointExtension>
            <ns3:hr>159</ns3:hr>
          </ns3:TrackPointExtension>
        </extensions>
      </trkpt>
      <trkpt lat="47.7801557444036006927490234375" lon="18.94388043321669101715087890625">
        <ele>253.600006103515625</ele>
        <time>2023-10-08T09:38:13.000Z</time>
        <extensions>
          <ns3:TrackPointExtension>
            <ns3:hr>156</ns3:hr>
          </ns3:TrackPointExtension>
        </extensions>
      </trkpt>
      <trkpt lat="47.78015582822263240814208984375" lon="18.94387993030250072479248046875">
        <ele>253.600006103515625</ele>
        <time>2023-10-08T09:38:17.000Z</time>
        <extensions>
          <ns3:TrackPointExtension>
            <ns3:hr>153</ns3:hr>
          </ns3:TrackPointExtension>
        </extensions>
      </trkpt>
      <trkpt lat="47.7801564149558544158935546875" lon="18.9438795112073421478271484375">
        <ele>253.600006103515625</ele>
        <time>2023-10-08T09:38:24.000Z</time>
        <extensions>
          <ns3:TrackPointExtension>
            <ns3:hr>150</ns3:hr>
          </ns3:TrackPointExtension>
        </extensions>
      </trkpt>
      <trkpt lat="47.7801567502319812774658203125" lon="18.94387942738831043243408203125">
        <ele>253.600006103515625</ele>
        <time>2023-10-08T09:38:29.000Z</time>
        <extensions>
          <ns3:TrackPointExtension>
            <ns3:hr>147</ns3:hr>
          </ns3:TrackPointExtension>
        </extensions>
      </trkpt>
      <trkpt lat="47.78015725314617156982421875" lon="18.94387942738831043243408203125">
        <ele>253.600006103515625</ele>
        <time>2023-10-08T09:38:31.000Z</time>
        <extensions>
          <ns3:TrackPointExtension>
            <ns3:hr>144</ns3:hr>
          </ns3:TrackPointExtension>
        </extensions>
      </trkpt>
      <trkpt lat="47.7801584266126155853271484375" lon="18.94387942738831043243408203125">
        <ele>253.600006103515625</ele>
        <time>2023-10-08T09:38:33.000Z</time>
        <extensions>
          <ns3:TrackPointExtension>
            <ns3:hr>140</ns3:hr>
          </ns3:TrackPointExtension>
        </extensions>
      </trkpt>
      <trkpt lat="47.78015859425067901611328125" lon="18.9438795112073421478271484375">
        <ele>253.600006103515625</ele>
        <time>2023-10-08T09:38:36.000Z</time>
        <extensions>
          <ns3:TrackPointExtension>
            <ns3:hr>137</ns3:hr>
          </ns3:TrackPointExtension>
        </extensions>
      </trkpt>
      <trkpt lat="47.78015599586069583892822265625" lon="18.9438758231699466705322265625">
        <ele>253.600006103515625</ele>
        <time>2023-10-08T09:38:57.000Z</time>
        <extensions>
          <ns3:TrackPointExtension>
            <ns3:hr>134</ns3:hr>
          </ns3:TrackPointExtension>
        </extensions>
      </trkpt>
      <trkpt lat="47.78015591204166412353515625" lon="18.9438754878938198089599609375">
        <ele>253.600006103515625</ele>
        <time>2023-10-08T09:38:59.000Z</time>
        <extensions>
          <ns3:TrackPointExtension>
            <ns3:hr>131</ns3:hr>
          </ns3:TrackPointExtension>
        </extensions>
      </trkpt>
      <trkpt lat="47.780155576765537261962890625" lon="18.9438751526176929473876953125">
        <ele>253.600006103515625</ele>
        <time>2023-10-08T09:39:01.000Z</time>
        <extensions>
          <ns3:TrackPointExtension>
            <ns3:hr>128</ns3:hr>
          </ns3:TrackPointExtension>
        </extensions>
      </trkpt>
      <trkpt lat="47.78015532530844211578369140625" lon="18.94387490116059780120849609375">
        <ele>253.600006103515625</ele>
        <time>2023-10-08T09:39:04.000Z</time>
        <extensions>
          <ns3:TrackPointExtension>
            <ns3:hr>124</ns3:hr>
          </ns3:TrackPointExtension>
        </extensions>
      </trkpt>
      <trkpt lat="47.78015465475618839263916015625" lon="18.943873979151248931884765625">
        <ele>253.600006103515625</ele>
        <time>2023-10-08T09:39:13.000Z</time>
        <extensions>
          <ns3:TrackPointExtension>
            <ns3:hr>121</ns3:hr>
          </ns3:TrackPointExtension>
        </extensions>
      </trkpt>
      <trkpt lat="47.7801550738513469696044921875" lon="18.94386802799999713897705078125">
        <ele>253.600006103515625</ele>
        <time>2023-10-08T09:39:28.000Z</time>
        <extensions>
          <ns3:TrackPointExtension>
            <ns3:hr>124</ns3:hr>
          </ns3:TrackPointExtension>
        </extensions>
      </trkpt>
      <trkpt lat="47.7801775373518466949462890625" lon="18.94385595805943012237548828125">
        <ele>253.600006103515625</ele>
        <time>2023-10-08T09:39:48.000Z</time>
        <extensions>
          <ns3:TrackPointExtension>
            <ns3:hr>121</ns3:hr>
          </ns3:TrackPointExtension>
        </extensions>
      </trkpt>
      <trkpt lat="47.78019371442496776580810546875" lon="18.94383366219699382781982421875">
        <ele>253.8000030517578125</ele>
        <time>2023-10-08T09:39:49.000Z</time>
        <extensions>
          <ns3:TrackPointExtension>
            <ns3:hr>124</ns3:hr>
          </ns3:TrackPointExtension>
        </extensions>
      </trkpt>
      <trkpt lat="47.7802184410393238067626953125" lon="18.9438025653362274169921875">
        <ele>254.1999969482421875</ele>
        <time>2023-10-08T09:39:51.000Z</time>
        <extensions>
          <ns3:TrackPointExtension>
            <ns3:hr>128</ns3:hr>
          </ns3:TrackPointExtension>
        </extensions>
      </trkpt>
      <trkpt lat="47.78023210354149341583251953125" lon="18.94378957338631153106689453125">
        <ele>254.600006103515625</ele>
        <time>2023-10-08T09:39:52.000Z</time>
        <extensions>
          <ns3:TrackPointExtension>
            <ns3:hr>130</ns3:hr>
          </ns3:TrackPointExtension>
        </extensions>
      </trkpt>
      <trkpt lat="47.78032086789608001708984375" lon="18.94366518594324588775634765625">
        <ele>256.399993896484375</ele>
        <time>2023-10-08T09:40:02.000Z</time>
        <extensions>
          <ns3:TrackPointExtension>
            <ns3:hr>127</ns3:hr>
          </ns3:TrackPointExtension>
        </extensions>
      </trkpt>
      <trkpt lat="47.780340649187564849853515625" lon="18.94364624284207820892333984375">
        <ele>257</ele>
        <time>2023-10-08T09:40:05.000Z</time>
        <extensions>
          <ns3:TrackPointExtension>
            <ns3:hr>124</ns3:hr>
          </ns3:TrackPointExtension>
        </extensions>
      </trkpt>
      <trkpt lat="47.780361436307430267333984375" lon="18.9436129666864871978759765625">
        <ele>257.399993896484375</ele>
        <time>2023-10-08T09:40:09.000Z</time>
        <extensions>
          <ns3:TrackPointExtension>
            <ns3:hr>121</ns3:hr>
          </ns3:TrackPointExtension>
        </extensions>
      </trkpt>
      <trkpt lat="47.78037744574248790740966796875" lon="18.94358941353857517242431640625">
        <ele>257.600006103515625</ele>
        <time>2023-10-08T09:40:11.000Z</time>
        <extensions>
          <ns3:TrackPointExtension>
            <ns3:hr>121</ns3:hr>
          </ns3:TrackPointExtension>
        </extensions>
      </trkpt>
      <trkpt lat="47.78043930418789386749267578125" lon="18.94352160394191741943359375">
        <ele>258</ele>
        <time>2023-10-08T09:40:19.000Z</time>
        <extensions>
          <ns3:TrackPointExtension>
            <ns3:hr>121</ns3:hr>
          </ns3:TrackPointExtension>
        </extensions>
      </trkpt>
      <trkpt lat="47.7804900147020816802978515625" lon="18.94344155676662921905517578125">
        <ele>259.600006103515625</ele>
        <time>2023-10-08T09:40:30.000Z</time>
        <extensions>
          <ns3:TrackPointExtension>
            <ns3:hr>122</ns3:hr>
          </ns3:TrackPointExtension>
        </extensions>
      </trkpt>
      <trkpt lat="47.780535109341144561767578125" lon="18.9433921873569488525390625">
        <ele>260.399993896484375</ele>
        <time>2023-10-08T09:40:39.000Z</time>
        <extensions>
          <ns3:TrackPointExtension>
            <ns3:hr>123</ns3:hr>
          </ns3:TrackPointExtension>
        </extensions>
      </trkpt>
      <trkpt lat="47.7805991470813751220703125" lon="18.94335622899234294891357421875">
        <ele>261.79998779296875</ele>
        <time>2023-10-08T09:40:47.000Z</time>
        <extensions>
          <ns3:TrackPointExtension>
            <ns3:hr>123</ns3:hr>
          </ns3:TrackPointExtension>
        </extensions>
      </trkpt>
      <trkpt lat="47.780594117939472198486328125" lon="18.9433524571359157562255859375">
        <ele>261.79998779296875</ele>
        <time>2023-10-08T09:40:56.000Z</time>
        <extensions>
          <ns3:TrackPointExtension>
            <ns3:hr>124</ns3:hr>
          </ns3:TrackPointExtension>
        </extensions>
      </trkpt>
      <trkpt lat="47.78059420175850391387939453125" lon="18.94334918819367885589599609375">
        <ele>261.79998779296875</ele>
        <time>2023-10-08T09:41:03.000Z</time>
        <extensions>
          <ns3:TrackPointExtension>
            <ns3:hr>127</ns3:hr>
          </ns3:TrackPointExtension>
        </extensions>
      </trkpt>
      <trkpt lat="47.780598811805248260498046875" lon="18.94334918819367885589599609375">
        <ele>262</ele>
        <time>2023-10-08T09:41:10.000Z</time>
        <extensions>
          <ns3:TrackPointExtension>
            <ns3:hr>127</ns3:hr>
          </ns3:TrackPointExtension>
        </extensions>
      </trkpt>
      <trkpt lat="47.78060610406100749969482421875" lon="18.94332806579768657684326171875">
        <ele>262.399993896484375</ele>
        <time>2023-10-08T09:41:21.000Z</time>
        <extensions>
          <ns3:TrackPointExtension>
            <ns3:hr>124</ns3:hr>
          </ns3:TrackPointExtension>
        </extensions>
      </trkpt>
      <trkpt lat="47.78061448596417903900146484375" lon="18.9433170855045318603515625">
        <ele>262.600006103515625</ele>
        <time>2023-10-08T09:41:26.000Z</time>
        <extensions>
          <ns3:TrackPointExtension>
            <ns3:hr>121</ns3:hr>
          </ns3:TrackPointExtension>
        </extensions>
      </trkpt>
      <trkpt lat="47.78061448596417903900146484375" lon="18.94330828450620174407958984375">
        <ele>262.79998779296875</ele>
        <time>2023-10-08T09:41:32.000Z</time>
        <extensions>
          <ns3:TrackPointExtension>
            <ns3:hr>118</ns3:hr>
          </ns3:TrackPointExtension>
        </extensions>
      </trkpt>
      <trkpt lat="47.78058749623596668243408203125" lon="18.94314877688884735107421875">
        <ele>264.399993896484375</ele>
        <time>2023-10-08T09:41:55.000Z</time>
        <extensions>
          <ns3:TrackPointExtension>
            <ns3:hr>115</ns3:hr>
          </ns3:TrackPointExtension>
        </extensions>
      </trkpt>
      <trkpt lat="47.78057576157152652740478515625" lon="18.9430953003466129302978515625">
        <ele>264.79998779296875</ele>
        <time>2023-10-08T09:41:57.000Z</time>
        <extensions>
          <ns3:TrackPointExtension>
            <ns3:hr>115</ns3:hr>
          </ns3:TrackPointExtension>
        </extensions>
      </trkpt>
      <trkpt lat="47.78053821064531803131103515625" lon="18.942952640354633331298828125">
        <ele>265.79998779296875</ele>
        <time>2023-10-08T09:42:05.000Z</time>
        <extensions>
          <ns3:TrackPointExtension>
            <ns3:hr>114</ns3:hr>
          </ns3:TrackPointExtension>
        </extensions>
      </trkpt>
      <trkpt lat="47.78052739799022674560546875" lon="18.94292053766548633575439453125">
        <ele>265.79998779296875</ele>
        <time>2023-10-08T09:42:09.000Z</time>
        <extensions>
          <ns3:TrackPointExtension>
            <ns3:hr>117</ns3:hr>
          </ns3:TrackPointExtension>
        </extensions>
      </trkpt>
      <trkpt lat="47.7805336005985736846923828125" lon="18.94288466311991214752197265625">
        <ele>266.399993896484375</ele>
        <time>2023-10-08T09:42:13.000Z</time>
        <extensions>
          <ns3:TrackPointExtension>
            <ns3:hr>120</ns3:hr>
          </ns3:TrackPointExtension>
        </extensions>
      </trkpt>
      <trkpt lat="47.78052873909473419189453125" lon="18.94286655820906162261962890625">
        <ele>266.600006103515625</ele>
        <time>2023-10-08T09:42:15.000Z</time>
        <extensions>
          <ns3:TrackPointExtension>
            <ns3:hr>120</ns3:hr>
          </ns3:TrackPointExtension>
        </extensions>
      </trkpt>
      <trkpt lat="47.780489511787891387939453125" lon="18.94279866479337215423583984375">
        <ele>266.79998779296875</ele>
        <time>2023-10-08T09:42:23.000Z</time>
        <extensions>
          <ns3:TrackPointExtension>
            <ns3:hr>119</ns3:hr>
          </ns3:TrackPointExtension>
        </extensions>
      </trkpt>
      <trkpt lat="47.7804843150079250335693359375" lon="18.942738734185695648193359375">
        <ele>267.600006103515625</ele>
        <time>2023-10-08T09:42:29.000Z</time>
        <extensions>
          <ns3:TrackPointExtension>
            <ns3:hr>122</ns3:hr>
          </ns3:TrackPointExtension>
        </extensions>
      </trkpt>
      <trkpt lat="47.78048641048371791839599609375" lon="18.94271752797067165374755859375">
        <ele>267.79998779296875</ele>
        <time>2023-10-08T09:42:32.000Z</time>
        <extensions>
          <ns3:TrackPointExtension>
            <ns3:hr>125</ns3:hr>
          </ns3:TrackPointExtension>
        </extensions>
      </trkpt>
      <trkpt lat="47.780486159026622772216796875" lon="18.94268768839538097381591796875">
        <ele>268.20001220703125</ele>
        <time>2023-10-08T09:42:38.000Z</time>
        <extensions>
          <ns3:TrackPointExtension>
            <ns3:hr>127</ns3:hr>
          </ns3:TrackPointExtension>
        </extensions>
      </trkpt>
      <trkpt lat="47.7804826386272907257080078125" lon="18.94263940863311290740966796875">
        <ele>268.600006103515625</ele>
        <time>2023-10-08T09:42:44.000Z</time>
        <extensions>
          <ns3:TrackPointExtension>
            <ns3:hr>131</ns3:hr>
          </ns3:TrackPointExtension>
        </extensions>
      </trkpt>
      <trkpt lat="47.780474089086055755615234375" lon="18.94260219298303127288818359375">
        <ele>269</ele>
        <time>2023-10-08T09:42:47.000Z</time>
        <extensions>
          <ns3:TrackPointExtension>
            <ns3:hr>134</ns3:hr>
          </ns3:TrackPointExtension>
        </extensions>
      </trkpt>
      <trkpt lat="47.7804611809551715850830078125" lon="18.9425370655953884124755859375">
        <ele>270</ele>
        <time>2023-10-08T09:42:51.000Z</time>
        <extensions>
          <ns3:TrackPointExtension>
            <ns3:hr>133</ns3:hr>
          </ns3:TrackPointExtension>
        </extensions>
      </trkpt>
      <trkpt lat="47.78043813072144985198974609375" lon="18.94247663207352161407470703125">
        <ele>270.79998779296875</ele>
        <time>2023-10-08T09:42:55.000Z</time>
        <extensions>
          <ns3:TrackPointExtension>
            <ns3:hr>130</ns3:hr>
          </ns3:TrackPointExtension>
        </extensions>
      </trkpt>
      <trkpt lat="47.78042840771377086639404296875" lon="18.94243774004280567169189453125">
        <ele>271.399993896484375</ele>
        <time>2023-10-08T09:42:58.000Z</time>
        <extensions>
          <ns3:TrackPointExtension>
            <ns3:hr>130</ns3:hr>
          </ns3:TrackPointExtension>
        </extensions>
      </trkpt>
      <trkpt lat="47.78039840050041675567626953125" lon="18.942353166639804840087890625">
        <ele>272.399993896484375</ele>
        <time>2023-10-08T09:43:06.000Z</time>
        <extensions>
          <ns3:TrackPointExtension>
            <ns3:hr>130</ns3:hr>
          </ns3:TrackPointExtension>
        </extensions>
      </trkpt>
      <trkpt lat="47.78038322925567626953125" lon="18.94229206256568431854248046875">
        <ele>273.20001220703125</ele>
        <time>2023-10-08T09:43:12.000Z</time>
        <extensions>
          <ns3:TrackPointExtension>
            <ns3:hr>130</ns3:hr>
          </ns3:TrackPointExtension>
        </extensions>
      </trkpt>
      <trkpt lat="47.7803592570126056671142578125" lon="18.94220707006752490997314453125">
        <ele>274</ele>
        <time>2023-10-08T09:43:20.000Z</time>
        <extensions>
          <ns3:TrackPointExtension>
            <ns3:hr>131</ns3:hr>
          </ns3:TrackPointExtension>
        </extensions>
      </trkpt>
      <trkpt lat="47.7803150005638599395751953125" lon="18.942107073962688446044921875">
        <ele>274.20001220703125</ele>
        <time>2023-10-08T09:43:29.000Z</time>
        <extensions>
          <ns3:TrackPointExtension>
            <ns3:hr>128</ns3:hr>
          </ns3:TrackPointExtension>
        </extensions>
      </trkpt>
      <trkpt lat="47.7803027629852294921875" lon="18.94207178615033626556396484375">
        <ele>274.399993896484375</ele>
        <time>2023-10-08T09:43:32.000Z</time>
        <extensions>
          <ns3:TrackPointExtension>
            <ns3:hr>128</ns3:hr>
          </ns3:TrackPointExtension>
        </extensions>
      </trkpt>
      <trkpt lat="47.78027786873281002044677734375" lon="18.94200724549591541290283203125">
        <ele>274.399993896484375</ele>
        <time>2023-10-08T09:43:38.000Z</time>
        <extensions>
          <ns3:TrackPointExtension>
            <ns3:hr>128</ns3:hr>
          </ns3:TrackPointExtension>
        </extensions>
      </trkpt>
      <trkpt lat="47.780284322798252105712890625" lon="18.94189861603081226348876953125">
        <ele>275.399993896484375</ele>
        <time>2023-10-08T09:43:49.000Z</time>
        <extensions>
          <ns3:TrackPointExtension>
            <ns3:hr>129</ns3:hr>
          </ns3:TrackPointExtension>
        </extensions>
      </trkpt>
      <trkpt lat="47.78029806911945343017578125" lon="18.9418185688555240631103515625">
        <ele>276.399993896484375</ele>
        <time>2023-10-08T09:43:56.000Z</time>
        <extensions>
          <ns3:TrackPointExtension>
            <ns3:hr>132</ns3:hr>
          </ns3:TrackPointExtension>
        </extensions>
      </trkpt>
      <trkpt lat="47.78029672801494598388671875" lon="18.94180892966687679290771484375">
        <ele>276.399993896484375</ele>
        <time>2023-10-08T09:43:57.000Z</time>
        <extensions>
          <ns3:TrackPointExtension>
            <ns3:hr>132</ns3:hr>
          </ns3:TrackPointExtension>
        </extensions>
      </trkpt>
      <trkpt lat="47.780300416052341461181640625" lon="18.94172343425452709197998046875">
        <ele>277.20001220703125</ele>
        <time>2023-10-08T09:44:04.000Z</time>
        <extensions>
          <ns3:TrackPointExtension>
            <ns3:hr>132</ns3:hr>
          </ns3:TrackPointExtension>
        </extensions>
      </trkpt>
      <trkpt lat="47.780321873724460601806640625" lon="18.94166207872331142425537109375">
        <ele>278.20001220703125</ele>
        <time>2023-10-08T09:44:12.000Z</time>
        <extensions>
          <ns3:TrackPointExtension>
            <ns3:hr>134</ns3:hr>
          </ns3:TrackPointExtension>
        </extensions>
      </trkpt>
      <trkpt lat="47.7803150005638599395751953125" lon="18.94161480478942394256591796875">
        <ele>278.399993896484375</ele>
        <time>2023-10-08T09:44:16.000Z</time>
        <extensions>
          <ns3:TrackPointExtension>
            <ns3:hr>137</ns3:hr>
          </ns3:TrackPointExtension>
        </extensions>
      </trkpt>
      <trkpt lat="47.7803237177431583404541015625" lon="18.9415520243346691131591796875">
        <ele>279</ele>
        <time>2023-10-08T09:44:22.000Z</time>
        <extensions>
          <ns3:TrackPointExtension>
            <ns3:hr>138</ns3:hr>
          </ns3:TrackPointExtension>
        </extensions>
      </trkpt>
      <trkpt lat="47.780313156545162200927734375" lon="18.9414923451840877532958984375">
        <ele>279.399993896484375</ele>
        <time>2023-10-08T09:44:28.000Z</time>
        <extensions>
          <ns3:TrackPointExtension>
            <ns3:hr>141</ns3:hr>
          </ns3:TrackPointExtension>
        </extensions>
      </trkpt>
      <trkpt lat="47.78031826950609683990478515625" lon="18.941455967724323272705078125">
        <ele>280.20001220703125</ele>
        <time>2023-10-08T09:44:32.000Z</time>
        <extensions>
          <ns3:TrackPointExtension>
            <ns3:hr>143</ns3:hr>
          </ns3:TrackPointExtension>
        </extensions>
      </trkpt>
      <trkpt lat="47.78032346628606319427490234375" lon="18.94137172959744930267333984375">
        <ele>281.399993896484375</ele>
        <time>2023-10-08T09:44:40.000Z</time>
        <extensions>
          <ns3:TrackPointExtension>
            <ns3:hr>144</ns3:hr>
          </ns3:TrackPointExtension>
        </extensions>
      </trkpt>
      <trkpt lat="47.78030955232679843902587890625" lon="18.9413163252174854278564453125">
        <ele>282</ele>
        <time>2023-10-08T09:44:48.000Z</time>
        <extensions>
          <ns3:TrackPointExtension>
            <ns3:hr>145</ns3:hr>
          </ns3:TrackPointExtension>
        </extensions>
      </trkpt>
      <trkpt lat="47.78026965446770191192626953125" lon="18.941278941929340362548828125">
        <ele>281.79998779296875</ele>
        <time>2023-10-08T09:44:54.000Z</time>
        <extensions>
          <ns3:TrackPointExtension>
            <ns3:hr>144</ns3:hr>
          </ns3:TrackPointExtension>
        </extensions>
      </trkpt>
      <trkpt lat="47.78024098835885524749755859375" lon="18.94119746983051300048828125">
        <ele>282.79998779296875</ele>
        <time>2023-10-08T09:45:05.000Z</time>
        <extensions>
          <ns3:TrackPointExtension>
            <ns3:hr>143</ns3:hr>
          </ns3:TrackPointExtension>
        </extensions>
      </trkpt>
      <trkpt lat="47.78019824065268039703369140625" lon="18.94111138768494129180908203125">
        <ele>284.20001220703125</ele>
        <time>2023-10-08T09:45:14.000Z</time>
        <extensions>
          <ns3:TrackPointExtension>
            <ns3:hr>143</ns3:hr>
          </ns3:TrackPointExtension>
        </extensions>
      </trkpt>
      <trkpt lat="47.78015113435685634613037109375" lon="18.9410105533897876739501953125">
        <ele>286</ele>
        <time>2023-10-08T09:45:22.000Z</time>
        <extensions>
          <ns3:TrackPointExtension>
            <ns3:hr>143</ns3:hr>
          </ns3:TrackPointExtension>
        </extensions>
      </trkpt>
      <trkpt lat="47.7801322750747203826904296875" lon="18.9409304223954677581787109375">
        <ele>287.79998779296875</ele>
        <time>2023-10-08T09:45:31.000Z</time>
        <extensions>
          <ns3:TrackPointExtension>
            <ns3:hr>140</ns3:hr>
          </ns3:TrackPointExtension>
        </extensions>
      </trkpt>
      <trkpt lat="47.78012163005769252777099609375" lon="18.94090938381850719451904296875">
        <ele>288.20001220703125</ele>
        <time>2023-10-08T09:45:33.000Z</time>
        <extensions>
          <ns3:TrackPointExtension>
            <ns3:hr>139</ns3:hr>
          </ns3:TrackPointExtension>
        </extensions>
      </trkpt>
      <trkpt lat="47.78009179048240184783935546875" lon="18.9408657141029834747314453125">
        <ele>289.20001220703125</ele>
        <time>2023-10-08T09:45:43.000Z</time>
        <extensions>
          <ns3:TrackPointExtension>
            <ns3:hr>137</ns3:hr>
          </ns3:TrackPointExtension>
        </extensions>
      </trkpt>
      <trkpt lat="47.780091874301433563232421875" lon="18.94086076878011226654052734375">
        <ele>289.399993896484375</ele>
        <time>2023-10-08T09:45:51.000Z</time>
        <extensions>
          <ns3:TrackPointExtension>
            <ns3:hr>139</ns3:hr>
          </ns3:TrackPointExtension>
        </extensions>
      </trkpt>
      <trkpt lat="47.780091874301433563232421875" lon="18.94086076878011226654052734375">
        <ele>289.399993896484375</ele>
        <time>2023-10-08T09:46:02.000Z</time>
        <extensions>
          <ns3:TrackPointExtension>
            <ns3:hr>142</ns3:hr>
          </ns3:TrackPointExtension>
        </extensions>
      </trkpt>
      <trkpt lat="47.78009447269141674041748046875" lon="18.9408496208488941192626953125">
        <ele>289.79998779296875</ele>
        <time>2023-10-08T09:46:11.000Z</time>
        <extensions>
          <ns3:TrackPointExtension>
            <ns3:hr>138</ns3:hr>
          </ns3:TrackPointExtension>
        </extensions>
      </trkpt>
      <trkpt lat="47.780094556510448455810546875" lon="18.94084735773503780364990234375">
        <ele>289.79998779296875</ele>
        <time>2023-10-08T09:46:13.000Z</time>
        <extensions>
          <ns3:TrackPointExtension>
            <ns3:hr>134</ns3:hr>
          </ns3:TrackPointExtension>
        </extensions>
      </trkpt>
      <trkpt lat="47.78009447269141674041748046875" lon="18.94083805382251739501953125">
        <ele>290.20001220703125</ele>
        <time>2023-10-08T09:46:26.000Z</time>
        <extensions>
          <ns3:TrackPointExtension>
            <ns3:hr>130</ns3:hr>
          </ns3:TrackPointExtension>
        </extensions>
      </trkpt>
      <trkpt lat="47.78009396977722644805908203125" lon="18.94083763472735881805419921875">
        <ele>290.20001220703125</ele>
        <time>2023-10-08T09:46:29.000Z</time>
        <extensions>
          <ns3:TrackPointExtension>
            <ns3:hr>126</ns3:hr>
          </ns3:TrackPointExtension>
        </extensions>
      </trkpt>
      <trkpt lat="47.780093885958194732666015625" lon="18.94083763472735881805419921875">
        <ele>290.20001220703125</ele>
        <time>2023-10-08T09:46:30.000Z</time>
        <extensions>
          <ns3:TrackPointExtension>
            <ns3:hr>123</ns3:hr>
          </ns3:TrackPointExtension>
        </extensions>
      </trkpt>
      <trkpt lat="47.780090533196926116943359375" lon="18.94083729945123195648193359375">
        <ele>290</ele>
        <time>2023-10-08T09:46:43.000Z</time>
        <extensions>
          <ns3:TrackPointExtension>
            <ns3:hr>126</ns3:hr>
          </ns3:TrackPointExtension>
        </extensions>
      </trkpt>
      <trkpt lat="47.78009044937789440155029296875" lon="18.9408372156322002410888671875">
        <ele>290</ele>
        <time>2023-10-08T09:46:54.000Z</time>
        <extensions>
          <ns3:TrackPointExtension>
            <ns3:hr>122</ns3:hr>
          </ns3:TrackPointExtension>
        </extensions>
      </trkpt>
      <trkpt lat="47.78009044937789440155029296875" lon="18.940835706889629364013671875">
        <ele>290.20001220703125</ele>
        <time>2023-10-08T09:46:57.000Z</time>
        <extensions>
          <ns3:TrackPointExtension>
            <ns3:hr>119</ns3:hr>
          </ns3:TrackPointExtension>
        </extensions>
      </trkpt>
      <trkpt lat="47.78009246103465557098388671875" lon="18.9408251456916332244873046875">
        <ele>290.399993896484375</ele>
        <time>2023-10-08T09:47:05.000Z</time>
        <extensions>
          <ns3:TrackPointExtension>
            <ns3:hr>122</ns3:hr>
          </ns3:TrackPointExtension>
        </extensions>
      </trkpt>
      <trkpt lat="47.780094556510448455810546875" lon="18.9408172667026519775390625">
        <ele>290.79998779296875</ele>
        <time>2023-10-08T09:47:14.000Z</time>
        <extensions>
          <ns3:TrackPointExtension>
            <ns3:hr>119</ns3:hr>
          </ns3:TrackPointExtension>
        </extensions>
      </trkpt>
      <trkpt lat="47.7800984121859073638916015625" lon="18.94081592559814453125">
        <ele>291</ele>
        <time>2023-10-08T09:47:19.000Z</time>
        <extensions>
          <ns3:TrackPointExtension>
            <ns3:hr>116</ns3:hr>
          </ns3:TrackPointExtension>
        </extensions>
      </trkpt>
      <trkpt lat="47.78011039830744266510009765625" lon="18.94081232137978076934814453125">
        <ele>291.20001220703125</ele>
        <time>2023-10-08T09:47:26.000Z</time>
        <extensions>
          <ns3:TrackPointExtension>
            <ns3:hr>113</ns3:hr>
          </ns3:TrackPointExtension>
        </extensions>
      </trkpt>
      <trkpt lat="47.78010888956487178802490234375" lon="18.940809555351734161376953125">
        <ele>291.20001220703125</ele>
        <time>2023-10-08T09:47:40.000Z</time>
        <extensions>
          <ns3:TrackPointExtension>
            <ns3:hr>116</ns3:hr>
          </ns3:TrackPointExtension>
        </extensions>
      </trkpt>
      <trkpt lat="47.78000763617455959320068359375" lon="18.94077644683420658111572265625">
        <ele>290.600006103515625</ele>
        <time>2023-10-08T09:47:53.000Z</time>
        <extensions>
          <ns3:TrackPointExtension>
            <ns3:hr>117</ns3:hr>
          </ns3:TrackPointExtension>
        </extensions>
      </trkpt>
      <trkpt lat="47.77990386821329593658447265625" lon="18.9407554082572460174560546875">
        <ele>289.399993896484375</ele>
        <time>2023-10-08T09:48:00.000Z</time>
        <extensions>
          <ns3:TrackPointExtension>
            <ns3:hr>118</ns3:hr>
          </ns3:TrackPointExtension>
        </extensions>
      </trkpt>
      <trkpt lat="47.7798067219555377960205078125" lon="18.94071073271334171295166015625">
        <ele>289.20001220703125</ele>
        <time>2023-10-08T09:48:12.000Z</time>
        <extensions>
          <ns3:TrackPointExtension>
            <ns3:hr>119</ns3:hr>
          </ns3:TrackPointExtension>
        </extensions>
      </trkpt>
      <trkpt lat="47.77974545024335384368896484375" lon="18.9406764507293701171875">
        <ele>289.20001220703125</ele>
        <time>2023-10-08T09:48:21.000Z</time>
        <extensions>
          <ns3:TrackPointExtension>
            <ns3:hr>119</ns3:hr>
          </ns3:TrackPointExtension>
        </extensions>
      </trkpt>
      <trkpt lat="47.77971510775387287139892578125" lon="18.94067712128162384033203125">
        <ele>288.79998779296875</ele>
        <time>2023-10-08T09:48:25.000Z</time>
        <extensions>
          <ns3:TrackPointExtension>
            <ns3:hr>116</ns3:hr>
          </ns3:TrackPointExtension>
        </extensions>
      </trkpt>
      <trkpt lat="47.77967202477157115936279296875" lon="18.9406793005764484405517578125">
        <ele>288.20001220703125</ele>
        <time>2023-10-08T09:48:31.000Z</time>
        <extensions>
          <ns3:TrackPointExtension>
            <ns3:hr>113</ns3:hr>
          </ns3:TrackPointExtension>
        </extensions>
      </trkpt>
      <trkpt lat="47.7796605415642261505126953125" lon="18.94067737273871898651123046875">
        <ele>288</ele>
        <time>2023-10-08T09:48:33.000Z</time>
        <extensions>
          <ns3:TrackPointExtension>
            <ns3:hr>112</ns3:hr>
          </ns3:TrackPointExtension>
        </extensions>
      </trkpt>
      <trkpt lat="47.7795998565852642059326171875" lon="18.940662704408168792724609375">
        <ele>287.399993896484375</ele>
        <time>2023-10-08T09:48:40.000Z</time>
        <extensions>
          <ns3:TrackPointExtension>
            <ns3:hr>111</ns3:hr>
          </ns3:TrackPointExtension>
        </extensions>
      </trkpt>
      <trkpt lat="47.77953070588409900665283203125" lon="18.9406509697437286376953125">
        <ele>286.79998779296875</ele>
        <time>2023-10-08T09:48:50.000Z</time>
        <extensions>
          <ns3:TrackPointExtension>
            <ns3:hr>110</ns3:hr>
          </ns3:TrackPointExtension>
        </extensions>
      </trkpt>
      <trkpt lat="47.77948913164436817169189453125" lon="18.94068181514739990234375">
        <ele>285.399993896484375</ele>
        <time>2023-10-08T09:48:53.000Z</time>
        <extensions>
          <ns3:TrackPointExtension>
            <ns3:hr>113</ns3:hr>
          </ns3:TrackPointExtension>
        </extensions>
      </trkpt>
      <trkpt lat="47.7794389240443706512451171875" lon="18.940643258392810821533203125">
        <ele>285.600006103515625</ele>
        <time>2023-10-08T09:48:58.000Z</time>
        <extensions>
          <ns3:TrackPointExtension>
            <ns3:hr>114</ns3:hr>
          </ns3:TrackPointExtension>
        </extensions>
      </trkpt>
      <trkpt lat="47.77937865816056728363037109375" lon="18.94059531390666961669921875">
        <ele>286</ele>
        <time>2023-10-08T09:49:04.000Z</time>
        <extensions>
          <ns3:TrackPointExtension>
            <ns3:hr>115</ns3:hr>
          </ns3:TrackPointExtension>
        </extensions>
      </trkpt>
      <trkpt lat="47.77935183607041835784912109375" lon="18.940561451017856597900390625">
        <ele>286.399993896484375</ele>
        <time>2023-10-08T09:49:10.000Z</time>
        <extensions>
          <ns3:TrackPointExtension>
            <ns3:hr>118</ns3:hr>
          </ns3:TrackPointExtension>
        </extensions>
      </trkpt>
      <trkpt lat="47.77934110723435878753662109375" lon="18.9405502192676067352294921875">
        <ele>286.600006103515625</ele>
        <time>2023-10-08T09:49:12.000Z</time>
        <extensions>
          <ns3:TrackPointExtension>
            <ns3:hr>118</ns3:hr>
          </ns3:TrackPointExtension>
        </extensions>
      </trkpt>
      <trkpt lat="47.779301293194293975830078125" lon="18.9405301026999950408935546875">
        <ele>286.600006103515625</ele>
        <time>2023-10-08T09:49:17.000Z</time>
        <extensions>
          <ns3:TrackPointExtension>
            <ns3:hr>117</ns3:hr>
          </ns3:TrackPointExtension>
        </extensions>
      </trkpt>
      <trkpt lat="47.77924555353820323944091796875" lon="18.94051191397011280059814453125">
        <ele>286.20001220703125</ele>
        <time>2023-10-08T09:49:23.000Z</time>
        <extensions>
          <ns3:TrackPointExtension>
            <ns3:hr>117</ns3:hr>
          </ns3:TrackPointExtension>
        </extensions>
      </trkpt>
      <trkpt lat="47.77917833067476749420166015625" lon="18.9404310286045074462890625">
        <ele>287.20001220703125</ele>
        <time>2023-10-08T09:49:33.000Z</time>
        <extensions>
          <ns3:TrackPointExtension>
            <ns3:hr>120</ns3:hr>
          </ns3:TrackPointExtension>
        </extensions>
      </trkpt>
      <trkpt lat="47.77908395044505596160888671875" lon="18.94044578075408935546875">
        <ele>285.600006103515625</ele>
        <time>2023-10-08T09:49:43.000Z</time>
        <extensions>
          <ns3:TrackPointExtension>
            <ns3:hr>119</ns3:hr>
          </ns3:TrackPointExtension>
        </extensions>
      </trkpt>
      <trkpt lat="47.7790354192256927490234375" lon="18.94039121456444263458251953125">
        <ele>286.20001220703125</ele>
        <time>2023-10-08T09:49:51.000Z</time>
        <extensions>
          <ns3:TrackPointExtension>
            <ns3:hr>117</ns3:hr>
          </ns3:TrackPointExtension>
        </extensions>
      </trkpt>
      <trkpt lat="47.77900298126041889190673828125" lon="18.9403604529798030853271484375">
        <ele>286.600006103515625</ele>
        <time>2023-10-08T09:49:59.000Z</time>
        <extensions>
          <ns3:TrackPointExtension>
            <ns3:hr>117</ns3:hr>
          </ns3:TrackPointExtension>
        </extensions>
      </trkpt>
      <trkpt lat="47.7789745666086673736572265625" lon="18.94032684154808521270751953125">
        <ele>287</ele>
        <time>2023-10-08T09:50:05.000Z</time>
        <extensions>
          <ns3:TrackPointExtension>
            <ns3:hr>120</ns3:hr>
          </ns3:TrackPointExtension>
        </extensions>
      </trkpt>
      <trkpt lat="47.77896526269614696502685546875" lon="18.9403161965310573577880859375">
        <ele>287.20001220703125</ele>
        <time>2023-10-08T09:50:08.000Z</time>
        <extensions>
          <ns3:TrackPointExtension>
            <ns3:hr>120</ns3:hr>
          </ns3:TrackPointExtension>
        </extensions>
      </trkpt>
      <trkpt lat="47.77891748584806919097900390625" lon="18.9402558468282222747802734375">
        <ele>288.399993896484375</ele>
        <time>2023-10-08T09:50:16.000Z</time>
        <extensions>
          <ns3:TrackPointExtension>
            <ns3:hr>117</ns3:hr>
          </ns3:TrackPointExtension>
        </extensions>
      </trkpt>
      <trkpt lat="47.77891228906810283660888671875" lon="18.94025333225727081298828125">
        <ele>288.600006103515625</ele>
        <time>2023-10-08T09:50:17.000Z</time>
        <extensions>
          <ns3:TrackPointExtension>
            <ns3:hr>117</ns3:hr>
          </ns3:TrackPointExtension>
        </extensions>
      </trkpt>
      <trkpt lat="47.77885596267879009246826171875" lon="18.9402253367006778717041015625">
        <ele>289</ele>
        <time>2023-10-08T09:50:25.000Z</time>
        <extensions>
          <ns3:TrackPointExtension>
            <ns3:hr>118</ns3:hr>
          </ns3:TrackPointExtension>
        </extensions>
      </trkpt>
      <trkpt lat="47.778772227466106414794921875" lon="18.940176554024219512939453125">
        <ele>290</ele>
        <time>2023-10-08T09:50:36.000Z</time>
        <extensions>
          <ns3:TrackPointExtension>
            <ns3:hr>118</ns3:hr>
          </ns3:TrackPointExtension>
        </extensions>
      </trkpt>
      <trkpt lat="47.7787683717906475067138671875" lon="18.9401696808636188507080078125">
        <ele>290</ele>
        <time>2023-10-08T09:50:37.000Z</time>
        <extensions>
          <ns3:TrackPointExtension>
            <ns3:hr>118</ns3:hr>
          </ns3:TrackPointExtension>
        </extensions>
      </trkpt>
      <trkpt lat="47.77868832461535930633544921875" lon="18.9401519112288951873779296875">
        <ele>290.399993896484375</ele>
        <time>2023-10-08T09:50:47.000Z</time>
        <extensions>
          <ns3:TrackPointExtension>
            <ns3:hr>116</ns3:hr>
          </ns3:TrackPointExtension>
        </extensions>
      </trkpt>
      <trkpt lat="47.77863669209182262420654296875" lon="18.9401076547801494598388671875">
        <ele>290.79998779296875</ele>
        <time>2023-10-08T09:50:55.000Z</time>
        <extensions>
          <ns3:TrackPointExtension>
            <ns3:hr>114</ns3:hr>
          </ns3:TrackPointExtension>
        </extensions>
      </trkpt>
      <trkpt lat="47.77859327383339405059814453125" lon="18.94007840193808078765869140625">
        <ele>291</ele>
        <time>2023-10-08T09:51:03.000Z</time>
        <extensions>
          <ns3:TrackPointExtension>
            <ns3:hr>112</ns3:hr>
          </ns3:TrackPointExtension>
        </extensions>
      </trkpt>
      <trkpt lat="47.77854901738464832305908203125" lon="18.94003548659384250640869140625">
        <ele>291.399993896484375</ele>
        <time>2023-10-08T09:51:09.000Z</time>
        <extensions>
          <ns3:TrackPointExtension>
            <ns3:hr>113</ns3:hr>
          </ns3:TrackPointExtension>
        </extensions>
      </trkpt>
      <trkpt lat="47.778491266071796417236328125" lon="18.94001402892172336578369140625">
        <ele>291.20001220703125</ele>
        <time>2023-10-08T09:51:16.000Z</time>
        <extensions>
          <ns3:TrackPointExtension>
            <ns3:hr>113</ns3:hr>
          </ns3:TrackPointExtension>
        </extensions>
      </trkpt>
      <trkpt lat="47.77845195494592189788818359375" lon="18.9399980194866657257080078125">
        <ele>291.20001220703125</ele>
        <time>2023-10-08T09:51:22.000Z</time>
        <extensions>
          <ns3:TrackPointExtension>
            <ns3:hr>113</ns3:hr>
          </ns3:TrackPointExtension>
        </extensions>
      </trkpt>
      <trkpt lat="47.778407447040081024169921875" lon="18.93996767699718475341796875">
        <ele>291.20001220703125</ele>
        <time>2023-10-08T09:51:30.000Z</time>
        <extensions>
          <ns3:TrackPointExtension>
            <ns3:hr>111</ns3:hr>
          </ns3:TrackPointExtension>
        </extensions>
      </trkpt>
      <trkpt lat="47.77839370071887969970703125" lon="18.93996055237948894500732421875">
        <ele>291.20001220703125</ele>
        <time>2023-10-08T09:51:36.000Z</time>
        <extensions>
          <ns3:TrackPointExtension>
            <ns3:hr>111</ns3:hr>
          </ns3:TrackPointExtension>
        </extensions>
      </trkpt>
      <trkpt lat="47.77835003100335597991943359375" lon="18.93992937169969081878662109375">
        <ele>291.20001220703125</ele>
        <time>2023-10-08T09:51:45.000Z</time>
        <extensions>
          <ns3:TrackPointExtension>
            <ns3:hr>114</ns3:hr>
          </ns3:TrackPointExtension>
        </extensions>
      </trkpt>
      <trkpt lat="47.77829739265143871307373046875" lon="18.93990573473274707794189453125">
        <ele>291</ele>
        <time>2023-10-08T09:51:54.000Z</time>
        <extensions>
          <ns3:TrackPointExtension>
            <ns3:hr>112</ns3:hr>
          </ns3:TrackPointExtension>
        </extensions>
      </trkpt>
      <trkpt lat="47.778245173394680023193359375" lon="18.9398731291294097900390625">
        <ele>291</ele>
        <time>2023-10-08T09:52:00.000Z</time>
        <extensions>
          <ns3:TrackPointExtension>
            <ns3:hr>109</ns3:hr>
          </ns3:TrackPointExtension>
        </extensions>
      </trkpt>
      <trkpt lat="47.77820619754493236541748046875" lon="18.93983758985996246337890625">
        <ele>291.20001220703125</ele>
        <time>2023-10-08T09:52:04.000Z</time>
        <extensions>
          <ns3:TrackPointExtension>
            <ns3:hr>111</ns3:hr>
          </ns3:TrackPointExtension>
        </extensions>
      </trkpt>
      <trkpt lat="47.7781464345753192901611328125" lon="18.939801715314388275146484375">
        <ele>291.20001220703125</ele>
        <time>2023-10-08T09:52:13.000Z</time>
        <extensions>
          <ns3:TrackPointExtension>
            <ns3:hr>108</ns3:hr>
          </ns3:TrackPointExtension>
        </extensions>
      </trkpt>
      <trkpt lat="47.77808868326246738433837890625" lon="18.93977179192006587982177734375">
        <ele>291</ele>
        <time>2023-10-08T09:52:23.000Z</time>
        <extensions>
          <ns3:TrackPointExtension>
            <ns3:hr>107</ns3:hr>
          </ns3:TrackPointExtension>
        </extensions>
      </trkpt>
      <trkpt lat="47.77802011929452419281005859375" lon="18.93976206891238689422607421875">
        <ele>290.20001220703125</ele>
        <time>2023-10-08T09:52:32.000Z</time>
        <extensions>
          <ns3:TrackPointExtension>
            <ns3:hr>110</ns3:hr>
          </ns3:TrackPointExtension>
        </extensions>
      </trkpt>
      <trkpt lat="47.7779969014227390289306640625" lon="18.93976206891238689422607421875">
        <ele>289.79998779296875</ele>
        <time>2023-10-08T09:52:34.000Z</time>
        <extensions>
          <ns3:TrackPointExtension>
            <ns3:hr>108</ns3:hr>
          </ns3:TrackPointExtension>
        </extensions>
      </trkpt>
      <trkpt lat="47.777940072119235992431640625" lon="18.939729630947113037109375">
        <ele>289.79998779296875</ele>
        <time>2023-10-08T09:52:42.000Z</time>
        <extensions>
          <ns3:TrackPointExtension>
            <ns3:hr>108</ns3:hr>
          </ns3:TrackPointExtension>
        </extensions>
      </trkpt>
      <trkpt lat="47.777886427938938140869140625" lon="18.939710520207881927490234375">
        <ele>289.399993896484375</ele>
        <time>2023-10-08T09:52:49.000Z</time>
        <extensions>
          <ns3:TrackPointExtension>
            <ns3:hr>108</ns3:hr>
          </ns3:TrackPointExtension>
        </extensions>
      </trkpt>
      <trkpt lat="47.77782498858869075775146484375" lon="18.9396397769451141357421875">
        <ele>290</ele>
        <time>2023-10-08T09:53:00.000Z</time>
        <extensions>
          <ns3:TrackPointExtension>
            <ns3:hr>111</ns3:hr>
          </ns3:TrackPointExtension>
        </extensions>
      </trkpt>
      <trkpt lat="47.77782046236097812652587890625" lon="18.93963416106998920440673828125">
        <ele>290</ele>
        <time>2023-10-08T09:53:01.000Z</time>
        <extensions>
          <ns3:TrackPointExtension>
            <ns3:hr>111</ns3:hr>
          </ns3:TrackPointExtension>
        </extensions>
      </trkpt>
      <trkpt lat="47.777783833444118499755859375" lon="18.939597867429256439208984375">
        <ele>290.20001220703125</ele>
        <time>2023-10-08T09:53:11.000Z</time>
        <extensions>
          <ns3:TrackPointExtension>
            <ns3:hr>109</ns3:hr>
          </ns3:TrackPointExtension>
        </extensions>
      </trkpt>
      <trkpt lat="47.7777139283716678619384765625" lon="18.9395061694085597991943359375">
        <ele>291</ele>
        <time>2023-10-08T09:53:21.000Z</time>
        <extensions>
          <ns3:TrackPointExtension>
            <ns3:hr>109</ns3:hr>
          </ns3:TrackPointExtension>
        </extensions>
      </trkpt>
      <trkpt lat="47.77767218649387359619140625" lon="18.939449675381183624267578125">
        <ele>291.399993896484375</ele>
        <time>2023-10-08T09:53:30.000Z</time>
        <extensions>
          <ns3:TrackPointExtension>
            <ns3:hr>108</ns3:hr>
          </ns3:TrackPointExtension>
        </extensions>
      </trkpt>
      <trkpt lat="47.777668498456478118896484375" lon="18.93945696763694286346435546875">
        <ele>291.20001220703125</ele>
        <time>2023-10-08T09:53:38.000Z</time>
        <extensions>
          <ns3:TrackPointExtension>
            <ns3:hr>111</ns3:hr>
          </ns3:TrackPointExtension>
        </extensions>
      </trkpt>
      <trkpt lat="47.77766824699938297271728515625" lon="18.93944992683827877044677734375">
        <ele>291.399993896484375</ele>
        <time>2023-10-08T09:53:39.000Z</time>
        <extensions>
          <ns3:TrackPointExtension>
            <ns3:hr>109</ns3:hr>
          </ns3:TrackPointExtension>
        </extensions>
      </trkpt>
      <trkpt lat="47.77765550650656223297119140625" lon="18.9394491724669933319091796875">
        <ele>291.20001220703125</ele>
        <time>2023-10-08T09:53:48.000Z</time>
        <extensions>
          <ns3:TrackPointExtension>
            <ns3:hr>112</ns3:hr>
          </ns3:TrackPointExtension>
        </extensions>
      </trkpt>
      <trkpt lat="47.77765550650656223297119140625" lon="18.9394491724669933319091796875">
        <ele>291.20001220703125</ele>
        <time>2023-10-08T09:53:50.000Z</time>
        <extensions>
          <ns3:TrackPointExtension>
            <ns3:hr>109</ns3:hr>
          </ns3:TrackPointExtension>
        </extensions>
      </trkpt>
      <trkpt lat="47.77765550650656223297119140625" lon="18.9394491724669933319091796875">
        <ele>291.20001220703125</ele>
        <time>2023-10-08T09:53:51.000Z</time>
        <extensions>
          <ns3:TrackPointExtension>
            <ns3:hr>110</ns3:hr>
          </ns3:TrackPointExtension>
        </extensions>
      </trkpt>
      <trkpt lat="47.77759465388953685760498046875" lon="18.93935085274279117584228515625">
        <ele>292.20001220703125</ele>
        <time>2023-10-08T09:54:46.000Z</time>
        <extensions>
          <ns3:TrackPointExtension>
            <ns3:hr>111</ns3:hr>
          </ns3:TrackPointExtension>
        </extensions>
      </trkpt>
      <trkpt lat="47.7774963341653347015380859375" lon="18.93923518247902393341064453125">
        <ele>291.20001220703125</ele>
        <time>2023-10-08T09:54:54.000Z</time>
        <extensions>
          <ns3:TrackPointExtension>
            <ns3:hr>111</ns3:hr>
          </ns3:TrackPointExtension>
        </extensions>
      </trkpt>
      <trkpt lat="47.77749189175665378570556640625" lon="18.93922193907201290130615234375">
        <ele>291.20001220703125</ele>
        <time>2023-10-08T09:55:00.000Z</time>
        <extensions>
          <ns3:TrackPointExtension>
            <ns3:hr>111</ns3:hr>
          </ns3:TrackPointExtension>
        </extensions>
      </trkpt>
      <trkpt lat="47.77748753316700458526611328125" lon="18.93922428600490093231201171875">
        <ele>291</ele>
        <time>2023-10-08T09:55:06.000Z</time>
        <extensions>
          <ns3:TrackPointExtension>
            <ns3:hr>110</ns3:hr>
          </ns3:TrackPointExtension>
        </extensions>
      </trkpt>
      <trkpt lat="47.77744847349822521209716796875" lon="18.93917030654847621917724609375">
        <ele>290.600006103515625</ele>
        <time>2023-10-08T09:55:13.000Z</time>
        <extensions>
          <ns3:TrackPointExtension>
            <ns3:hr>107</ns3:hr>
          </ns3:TrackPointExtension>
        </extensions>
      </trkpt>
      <trkpt lat="47.77744277380406856536865234375" lon="18.93916561268270015716552734375">
        <ele>290.399993896484375</ele>
        <time>2023-10-08T09:55:14.000Z</time>
        <extensions>
          <ns3:TrackPointExtension>
            <ns3:hr>107</ns3:hr>
          </ns3:TrackPointExtension>
        </extensions>
      </trkpt>
      <trkpt lat="47.77742852456867694854736328125" lon="18.939163349568843841552734375">
        <ele>290</ele>
        <time>2023-10-08T09:55:16.000Z</time>
        <extensions>
          <ns3:TrackPointExtension>
            <ns3:hr>111</ns3:hr>
          </ns3:TrackPointExtension>
        </extensions>
      </trkpt>
      <trkpt lat="47.7774178795516490936279296875" lon="18.93916259519755840301513671875">
        <ele>289.600006103515625</ele>
        <time>2023-10-08T09:55:17.000Z</time>
        <extensions>
          <ns3:TrackPointExtension>
            <ns3:hr>114</ns3:hr>
          </ns3:TrackPointExtension>
        </extensions>
      </trkpt>
      <trkpt lat="47.77740136720240116119384765625" lon="18.9391524530947208404541015625">
        <ele>289.20001220703125</ele>
        <time>2023-10-08T09:55:18.000Z</time>
        <extensions>
          <ns3:TrackPointExtension>
            <ns3:hr>117</ns3:hr>
          </ns3:TrackPointExtension>
        </extensions>
      </trkpt>
      <trkpt lat="47.77738946489989757537841796875" lon="18.93914583139121532440185546875">
        <ele>289</ele>
        <time>2023-10-08T09:55:19.000Z</time>
        <extensions>
          <ns3:TrackPointExtension>
            <ns3:hr>120</ns3:hr>
          </ns3:TrackPointExtension>
        </extensions>
      </trkpt>
      <trkpt lat="47.777376137673854827880859375" lon="18.9391229487955570220947265625">
        <ele>288.79998779296875</ele>
        <time>2023-10-08T09:55:21.000Z</time>
        <extensions>
          <ns3:TrackPointExtension>
            <ns3:hr>123</ns3:hr>
          </ns3:TrackPointExtension>
        </extensions>
      </trkpt>
      <trkpt lat="47.77736842632293701171875" lon="18.93910476006567478179931640625">
        <ele>288.79998779296875</ele>
        <time>2023-10-08T09:55:24.000Z</time>
        <extensions>
          <ns3:TrackPointExtension>
            <ns3:hr>125</ns3:hr>
          </ns3:TrackPointExtension>
        </extensions>
      </trkpt>
      <trkpt lat="47.7773535065352916717529296875" lon="18.93907592631876468658447265625">
        <ele>288.79998779296875</ele>
        <time>2023-10-08T09:55:30.000Z</time>
        <extensions>
          <ns3:TrackPointExtension>
            <ns3:hr>128</ns3:hr>
          </ns3:TrackPointExtension>
        </extensions>
      </trkpt>
      <trkpt lat="47.77733732946217060089111328125" lon="18.93905614502727985382080078125">
        <ele>288.600006103515625</ele>
        <time>2023-10-08T09:55:32.000Z</time>
        <extensions>
          <ns3:TrackPointExtension>
            <ns3:hr>130</ns3:hr>
          </ns3:TrackPointExtension>
        </extensions>
      </trkpt>
      <trkpt lat="47.7772958390414714813232421875" lon="18.938953466713428497314453125">
        <ele>289</ele>
        <time>2023-10-08T09:55:40.000Z</time>
        <extensions>
          <ns3:TrackPointExtension>
            <ns3:hr>130</ns3:hr>
          </ns3:TrackPointExtension>
        </extensions>
      </trkpt>
      <trkpt lat="47.777256779372692108154296875" lon="18.93889881670475006103515625">
        <ele>289</ele>
        <time>2023-10-08T09:55:48.000Z</time>
        <extensions>
          <ns3:TrackPointExtension>
            <ns3:hr>128</ns3:hr>
          </ns3:TrackPointExtension>
        </extensions>
      </trkpt>
      <trkpt lat="47.77721227146685123443603515625" lon="18.9388379640877246856689453125">
        <ele>289.20001220703125</ele>
        <time>2023-10-08T09:55:55.000Z</time>
        <extensions>
          <ns3:TrackPointExtension>
            <ns3:hr>125</ns3:hr>
          </ns3:TrackPointExtension>
        </extensions>
      </trkpt>
      <trkpt lat="47.7771707810461521148681640625" lon="18.9387709088623523712158203125">
        <ele>289.600006103515625</ele>
        <time>2023-10-08T09:56:01.000Z</time>
        <extensions>
          <ns3:TrackPointExtension>
            <ns3:hr>122</ns3:hr>
          </ns3:TrackPointExtension>
        </extensions>
      </trkpt>
      <trkpt lat="47.7771483175456523895263671875" lon="18.93870376981794834136962890625">
        <ele>290.600006103515625</ele>
        <time>2023-10-08T09:56:07.000Z</time>
        <extensions>
          <ns3:TrackPointExtension>
            <ns3:hr>120</ns3:hr>
          </ns3:TrackPointExtension>
        </extensions>
      </trkpt>
      <trkpt lat="47.77713775634765625" lon="18.93868080340325832366943359375">
        <ele>291</ele>
        <time>2023-10-08T09:56:09.000Z</time>
        <extensions>
          <ns3:TrackPointExtension>
            <ns3:hr>120</ns3:hr>
          </ns3:TrackPointExtension>
        </extensions>
      </trkpt>
      <trkpt lat="47.77708344161510467529296875" lon="18.93857686780393123626708984375">
        <ele>292.79998779296875</ele>
        <time>2023-10-08T09:56:16.000Z</time>
        <extensions>
          <ns3:TrackPointExtension>
            <ns3:hr>118</ns3:hr>
          </ns3:TrackPointExtension>
        </extensions>
      </trkpt>
      <trkpt lat="47.7770779095590114593505859375" lon="18.938575945794582366943359375">
        <ele>292.79998779296875</ele>
        <time>2023-10-08T09:56:17.000Z</time>
        <extensions>
          <ns3:TrackPointExtension>
            <ns3:hr>117</ns3:hr>
          </ns3:TrackPointExtension>
        </extensions>
      </trkpt>
      <trkpt lat="47.7770437113940715789794921875" lon="18.93851920031011104583740234375">
        <ele>293.600006103515625</ele>
        <time>2023-10-08T09:56:23.000Z</time>
        <extensions>
          <ns3:TrackPointExtension>
            <ns3:hr>116</ns3:hr>
          </ns3:TrackPointExtension>
        </extensions>
      </trkpt>
      <trkpt lat="47.77701378799974918365478515625" lon="18.93852238543331623077392578125">
        <ele>293</ele>
        <time>2023-10-08T09:56:27.000Z</time>
        <extensions>
          <ns3:TrackPointExtension>
            <ns3:hr>113</ns3:hr>
          </ns3:TrackPointExtension>
        </extensions>
      </trkpt>
      <trkpt lat="47.77701144106686115264892578125" lon="18.9385207928717136383056640625">
        <ele>293</ele>
        <time>2023-10-08T09:56:28.000Z</time>
        <extensions>
          <ns3:TrackPointExtension>
            <ns3:hr>112</ns3:hr>
          </ns3:TrackPointExtension>
        </extensions>
      </trkpt>
      <trkpt lat="47.77698327787220478057861328125" lon="18.93847427330911159515380859375">
        <ele>294</ele>
        <time>2023-10-08T09:56:34.000Z</time>
        <extensions>
          <ns3:TrackPointExtension>
            <ns3:hr>111</ns3:hr>
          </ns3:TrackPointExtension>
        </extensions>
      </trkpt>
      <trkpt lat="47.77694270946085453033447265625" lon="18.938398919999599456787109375">
        <ele>295.79998779296875</ele>
        <time>2023-10-08T09:56:41.000Z</time>
        <extensions>
          <ns3:TrackPointExtension>
            <ns3:hr>111</ns3:hr>
          </ns3:TrackPointExtension>
        </extensions>
      </trkpt>
      <trkpt lat="47.776911444962024688720703125" lon="18.93835960887372493743896484375">
        <ele>296.600006103515625</ele>
        <time>2023-10-08T09:56:48.000Z</time>
        <extensions>
          <ns3:TrackPointExtension>
            <ns3:hr>111</ns3:hr>
          </ns3:TrackPointExtension>
        </extensions>
      </trkpt>
      <trkpt lat="47.7768723852932453155517578125" lon="18.93831669352948665618896484375">
        <ele>297.399993896484375</ele>
        <time>2023-10-08T09:56:56.000Z</time>
        <extensions>
          <ns3:TrackPointExtension>
            <ns3:hr>111</ns3:hr>
          </ns3:TrackPointExtension>
        </extensions>
      </trkpt>
      <trkpt lat="47.77684128843247890472412109375" lon="18.9382874406874179840087890625">
        <ele>297.79998779296875</ele>
        <time>2023-10-08T09:57:04.000Z</time>
        <extensions>
          <ns3:TrackPointExtension>
            <ns3:hr>112</ns3:hr>
          </ns3:TrackPointExtension>
        </extensions>
      </trkpt>
      <trkpt lat="47.77677456848323345184326171875" lon="18.938221223652362823486328125">
        <ele>299</ele>
        <time>2023-10-08T09:57:12.000Z</time>
        <extensions>
          <ns3:TrackPointExtension>
            <ns3:hr>113</ns3:hr>
          </ns3:TrackPointExtension>
        </extensions>
      </trkpt>
      <trkpt lat="47.77673969976603984832763671875" lon="18.93822499550879001617431640625">
        <ele>298.600006103515625</ele>
        <time>2023-10-08T09:57:21.000Z</time>
        <extensions>
          <ns3:TrackPointExtension>
            <ns3:hr>113</ns3:hr>
          </ns3:TrackPointExtension>
        </extensions>
      </trkpt>
      <trkpt lat="47.7766685374081134796142578125" lon="18.93821342848241329193115234375">
        <ele>299</ele>
        <time>2023-10-08T09:57:27.000Z</time>
        <extensions>
          <ns3:TrackPointExtension>
            <ns3:hr>113</ns3:hr>
          </ns3:TrackPointExtension>
        </extensions>
      </trkpt>
      <trkpt lat="47.7766242809593677520751953125" lon="18.93816783092916011810302734375">
        <ele>300.20001220703125</ele>
        <time>2023-10-08T09:57:33.000Z</time>
        <extensions>
          <ns3:TrackPointExtension>
            <ns3:hr>113</ns3:hr>
          </ns3:TrackPointExtension>
        </extensions>
      </trkpt>
      <trkpt lat="47.77657725848257541656494140625" lon="18.93815559335052967071533203125">
        <ele>300.600006103515625</ele>
        <time>2023-10-08T09:57:42.000Z</time>
        <extensions>
          <ns3:TrackPointExtension>
            <ns3:hr>113</ns3:hr>
          </ns3:TrackPointExtension>
        </extensions>
      </trkpt>
      <trkpt lat="47.77653434313833713531494140625" lon="18.938134051859378814697265625">
        <ele>301</ele>
        <time>2023-10-08T09:57:48.000Z</time>
        <extensions>
          <ns3:TrackPointExtension>
            <ns3:hr>113</ns3:hr>
          </ns3:TrackPointExtension>
        </extensions>
      </trkpt>
      <trkpt lat="47.7764693833887577056884765625" lon="18.93809960223734378814697265625">
        <ele>302</ele>
        <time>2023-10-08T09:57:57.000Z</time>
        <extensions>
          <ns3:TrackPointExtension>
            <ns3:hr>112</ns3:hr>
          </ns3:TrackPointExtension>
        </extensions>
      </trkpt>
      <trkpt lat="47.7764551341533660888671875" lon="18.9381006918847560882568359375">
        <ele>302</ele>
        <time>2023-10-08T09:58:01.000Z</time>
        <extensions>
          <ns3:TrackPointExtension>
            <ns3:hr>109</ns3:hr>
          </ns3:TrackPointExtension>
        </extensions>
      </trkpt>
      <trkpt lat="47.776452116668224334716796875" lon="18.93809792585670948028564453125">
        <ele>302</ele>
        <time>2023-10-08T09:58:02.000Z</time>
        <extensions>
          <ns3:TrackPointExtension>
            <ns3:hr>112</ns3:hr>
          </ns3:TrackPointExtension>
        </extensions>
      </trkpt>
      <trkpt lat="47.7764214389026165008544921875" lon="18.93808250315487384796142578125">
        <ele>302.399993896484375</ele>
        <time>2023-10-08T09:58:05.000Z</time>
        <extensions>
          <ns3:TrackPointExtension>
            <ns3:hr>113</ns3:hr>
          </ns3:TrackPointExtension>
        </extensions>
      </trkpt>
      <trkpt lat="47.7763791941106319427490234375" lon="18.93806138075888156890869140625">
        <ele>303</ele>
        <time>2023-10-08T09:58:11.000Z</time>
        <extensions>
          <ns3:TrackPointExtension>
            <ns3:hr>110</ns3:hr>
          </ns3:TrackPointExtension>
        </extensions>
      </trkpt>
      <trkpt lat="47.77636234648525714874267578125" lon="18.938054926693439483642578125">
        <ele>303</ele>
        <time>2023-10-08T09:58:13.000Z</time>
        <extensions>
          <ns3:TrackPointExtension>
            <ns3:hr>113</ns3:hr>
          </ns3:TrackPointExtension>
        </extensions>
      </trkpt>
      <trkpt lat="47.7763129770755767822265625" lon="18.9380331337451934814453125">
        <ele>303.600006103515625</ele>
        <time>2023-10-08T09:58:19.000Z</time>
        <extensions>
          <ns3:TrackPointExtension>
            <ns3:hr>111</ns3:hr>
          </ns3:TrackPointExtension>
        </extensions>
      </trkpt>
      <trkpt lat="47.7762286551296710968017578125" lon="18.93799851648509502410888671875">
        <ele>304.79998779296875</ele>
        <time>2023-10-08T09:58:26.000Z</time>
        <extensions>
          <ns3:TrackPointExtension>
            <ns3:hr>109</ns3:hr>
          </ns3:TrackPointExtension>
        </extensions>
      </trkpt>
      <trkpt lat="47.77617895044386386871337890625" lon="18.937977142632007598876953125">
        <ele>305.399993896484375</ele>
        <time>2023-10-08T09:58:33.000Z</time>
        <extensions>
          <ns3:TrackPointExtension>
            <ns3:hr>107</ns3:hr>
          </ns3:TrackPointExtension>
        </extensions>
      </trkpt>
      <trkpt lat="47.776090689003467559814453125" lon="18.9380116760730743408203125">
        <ele>305.20001220703125</ele>
        <time>2023-10-08T09:58:42.000Z</time>
        <extensions>
          <ns3:TrackPointExtension>
            <ns3:hr>108</ns3:hr>
          </ns3:TrackPointExtension>
        </extensions>
      </trkpt>
      <trkpt lat="47.776076607406139373779296875" lon="18.93801326863467693328857421875">
        <ele>305.399993896484375</ele>
        <time>2023-10-08T09:58:43.000Z</time>
        <extensions>
          <ns3:TrackPointExtension>
            <ns3:hr>107</ns3:hr>
          </ns3:TrackPointExtension>
        </extensions>
      </trkpt>
      <trkpt lat="47.77603025548160076141357421875" lon="18.93803975544869899749755859375">
        <ele>305.20001220703125</ele>
        <time>2023-10-08T09:58:50.000Z</time>
        <extensions>
          <ns3:TrackPointExtension>
            <ns3:hr>109</ns3:hr>
          </ns3:TrackPointExtension>
        </extensions>
      </trkpt>
      <trkpt lat="47.776047103106975555419921875" lon="18.93807470798492431640625">
        <ele>304.399993896484375</ele>
        <time>2023-10-08T09:58:57.000Z</time>
        <extensions>
          <ns3:TrackPointExtension>
            <ns3:hr>108</ns3:hr>
          </ns3:TrackPointExtension>
        </extensions>
      </trkpt>
      <trkpt lat="47.77605003677308559417724609375" lon="18.93806523643434047698974609375">
        <ele>304.600006103515625</ele>
        <time>2023-10-08T09:59:03.000Z</time>
        <extensions>
          <ns3:TrackPointExtension>
            <ns3:hr>108</ns3:hr>
          </ns3:TrackPointExtension>
        </extensions>
      </trkpt>
      <trkpt lat="47.776051126420497894287109375" lon="18.9380706846714019775390625">
        <ele>304.399993896484375</ele>
        <time>2023-10-08T09:59:05.000Z</time>
        <extensions>
          <ns3:TrackPointExtension>
            <ns3:hr>111</ns3:hr>
          </ns3:TrackPointExtension>
        </extensions>
      </trkpt>
      <trkpt lat="47.77603427879512310028076171875" lon="18.93809373490512371063232421875">
        <ele>304.20001220703125</ele>
        <time>2023-10-08T09:59:10.000Z</time>
        <extensions>
          <ns3:TrackPointExtension>
            <ns3:hr>110</ns3:hr>
          </ns3:TrackPointExtension>
        </extensions>
      </trkpt>
      <trkpt lat="47.776005528867244720458984375" lon="18.938067667186260223388671875">
        <ele>305</ele>
        <time>2023-10-08T09:59:17.000Z</time>
        <extensions>
          <ns3:TrackPointExtension>
            <ns3:hr>110</ns3:hr>
          </ns3:TrackPointExtension>
        </extensions>
      </trkpt>
      <trkpt lat="47.775939144194126129150390625" lon="18.93806154839694499969482421875">
        <ele>305.79998779296875</ele>
        <time>2023-10-08T09:59:26.000Z</time>
        <extensions>
          <ns3:TrackPointExtension>
            <ns3:hr>109</ns3:hr>
          </ns3:TrackPointExtension>
        </extensions>
      </trkpt>
      <trkpt lat="47.77592581696808338165283203125" lon="18.93808350898325443267822265625">
        <ele>305.600006103515625</ele>
        <time>2023-10-08T09:59:32.000Z</time>
        <extensions>
          <ns3:TrackPointExtension>
            <ns3:hr>106</ns3:hr>
          </ns3:TrackPointExtension>
        </extensions>
      </trkpt>
      <trkpt lat="47.7759000845253467559814453125" lon="18.9380986802279949188232421875">
        <ele>305.399993896484375</ele>
        <time>2023-10-08T09:59:35.000Z</time>
        <extensions>
          <ns3:TrackPointExtension>
            <ns3:hr>108</ns3:hr>
          </ns3:TrackPointExtension>
        </extensions>
      </trkpt>
      <trkpt lat="47.7758886851370334625244140625" lon="18.93818023614585399627685546875">
        <ele>304</ele>
        <time>2023-10-08T09:59:41.000Z</time>
        <extensions>
          <ns3:TrackPointExtension>
            <ns3:hr>113</ns3:hr>
          </ns3:TrackPointExtension>
        </extensions>
      </trkpt>
      <trkpt lat="47.775887511670589447021484375" lon="18.93818358890712261199951171875">
        <ele>304</ele>
        <time>2023-10-08T09:59:42.000Z</time>
        <extensions>
          <ns3:TrackPointExtension>
            <ns3:hr>116</ns3:hr>
          </ns3:TrackPointExtension>
        </extensions>
      </trkpt>
      <trkpt lat="47.7758826501667499542236328125" lon="18.93818677403032779693603515625">
        <ele>304</ele>
        <time>2023-10-08T09:59:43.000Z</time>
        <extensions>
          <ns3:TrackPointExtension>
            <ns3:hr>119</ns3:hr>
          </ns3:TrackPointExtension>
        </extensions>
      </trkpt>
      <trkpt lat="47.7758699096739292144775390625" lon="18.9381895400583744049072265625">
        <ele>304</ele>
        <time>2023-10-08T09:59:44.000Z</time>
        <extensions>
          <ns3:TrackPointExtension>
            <ns3:hr>122</ns3:hr>
          </ns3:TrackPointExtension>
        </extensions>
      </trkpt>
      <trkpt lat="47.7758025191724300384521484375" lon="18.9382423460483551025390625">
        <ele>303.600006103515625</ele>
        <time>2023-10-08T09:59:53.000Z</time>
        <extensions>
          <ns3:TrackPointExtension>
            <ns3:hr>123</ns3:hr>
          </ns3:TrackPointExtension>
        </extensions>
      </trkpt>
      <trkpt lat="47.77575465850532054901123046875" lon="18.93832256086170673370361328125">
        <ele>302.79998779296875</ele>
        <time>2023-10-08T09:59:58.000Z</time>
        <extensions>
          <ns3:TrackPointExtension>
            <ns3:hr>127</ns3:hr>
          </ns3:TrackPointExtension>
        </extensions>
      </trkpt>
      <trkpt lat="47.77575113810598850250244140625" lon="18.938323147594928741455078125">
        <ele>302.79998779296875</ele>
        <time>2023-10-08T09:59:59.000Z</time>
        <extensions>
          <ns3:TrackPointExtension>
            <ns3:hr>130</ns3:hr>
          </ns3:TrackPointExtension>
        </extensions>
      </trkpt>
      <trkpt lat="47.7757471986114978790283203125" lon="18.93833228386938571929931640625">
        <ele>302.79998779296875</ele>
        <time>2023-10-08T10:00:02.000Z</time>
        <extensions>
          <ns3:TrackPointExtension>
            <ns3:hr>134</ns3:hr>
          </ns3:TrackPointExtension>
        </extensions>
      </trkpt>
      <trkpt lat="47.77574359439313411712646484375" lon="18.9383390732109546661376953125">
        <ele>302.79998779296875</ele>
        <time>2023-10-08T10:00:03.000Z</time>
        <extensions>
          <ns3:TrackPointExtension>
            <ns3:hr>133</ns3:hr>
          </ns3:TrackPointExtension>
        </extensions>
      </trkpt>
      <trkpt lat="47.77570788748562335968017578125" lon="18.93834569491446018218994140625">
        <ele>303.399993896484375</ele>
        <time>2023-10-08T10:00:09.000Z</time>
        <extensions>
          <ns3:TrackPointExtension>
            <ns3:hr>136</ns3:hr>
          </ns3:TrackPointExtension>
        </extensions>
      </trkpt>
      <trkpt lat="47.7757002599537372589111328125" lon="18.93834988586604595184326171875">
        <ele>303.600006103515625</ele>
        <time>2023-10-08T10:00:11.000Z</time>
        <extensions>
          <ns3:TrackPointExtension>
            <ns3:hr>134</ns3:hr>
          </ns3:TrackPointExtension>
        </extensions>
      </trkpt>
      <trkpt lat="47.7756838314235210418701171875" lon="18.9383380673825740814208984375">
        <ele>304</ele>
        <time>2023-10-08T10:00:14.000Z</time>
        <extensions>
          <ns3:TrackPointExtension>
            <ns3:hr>138</ns3:hr>
          </ns3:TrackPointExtension>
        </extensions>
      </trkpt>
      <trkpt lat="47.7756429277360439300537109375" lon="18.93839615397155284881591796875">
        <ele>304.20001220703125</ele>
        <time>2023-10-08T10:00:19.000Z</time>
        <extensions>
          <ns3:TrackPointExtension>
            <ns3:hr>140</ns3:hr>
          </ns3:TrackPointExtension>
        </extensions>
      </trkpt>
      <trkpt lat="47.7756694145500659942626953125" lon="18.9383970759809017181396484375">
        <ele>303.79998779296875</ele>
        <time>2023-10-08T10:00:24.000Z</time>
        <extensions>
          <ns3:TrackPointExtension>
            <ns3:hr>137</ns3:hr>
          </ns3:TrackPointExtension>
        </extensions>
      </trkpt>
      <trkpt lat="47.7756576798856258392333984375" lon="18.9384010992944240570068359375">
        <ele>304</ele>
        <time>2023-10-08T10:00:26.000Z</time>
        <extensions>
          <ns3:TrackPointExtension>
            <ns3:hr>136</ns3:hr>
          </ns3:TrackPointExtension>
        </extensions>
      </trkpt>
      <trkpt lat="47.77558417059481143951416015625" lon="18.9384151808917522430419921875">
        <ele>304.399993896484375</ele>
        <time>2023-10-08T10:00:31.000Z</time>
        <extensions>
          <ns3:TrackPointExtension>
            <ns3:hr>133</ns3:hr>
          </ns3:TrackPointExtension>
        </extensions>
      </trkpt>
      <trkpt lat="47.7755557559430599212646484375" lon="18.93841258250176906585693359375">
        <ele>304.600006103515625</ele>
        <time>2023-10-08T10:00:33.000Z</time>
        <extensions>
          <ns3:TrackPointExtension>
            <ns3:hr>135</ns3:hr>
          </ns3:TrackPointExtension>
        </extensions>
      </trkpt>
      <trkpt lat="47.77551208622753620147705078125" lon="18.93843186087906360626220703125">
        <ele>304.79998779296875</ele>
        <time>2023-10-08T10:00:39.000Z</time>
        <extensions>
          <ns3:TrackPointExtension>
            <ns3:hr>131</ns3:hr>
          </ns3:TrackPointExtension>
        </extensions>
      </trkpt>
      <trkpt lat="47.775509990751743316650390625" lon="18.938432447612285614013671875">
        <ele>304.79998779296875</ele>
        <time>2023-10-08T10:00:40.000Z</time>
        <extensions>
          <ns3:TrackPointExtension>
            <ns3:hr>132</ns3:hr>
          </ns3:TrackPointExtension>
        </extensions>
      </trkpt>
      <trkpt lat="47.7754390798509120941162109375" lon="18.93840235657989978790283203125">
        <ele>305.399993896484375</ele>
        <time>2023-10-08T10:00:45.000Z</time>
        <extensions>
          <ns3:TrackPointExtension>
            <ns3:hr>130</ns3:hr>
          </ns3:TrackPointExtension>
        </extensions>
      </trkpt>
      <trkpt lat="47.775432877242565155029296875" lon="18.93840084783732891082763671875">
        <ele>305.399993896484375</ele>
        <time>2023-10-08T10:00:46.000Z</time>
        <extensions>
          <ns3:TrackPointExtension>
            <ns3:hr>129</ns3:hr>
          </ns3:TrackPointExtension>
        </extensions>
      </trkpt>
      <trkpt lat="47.7753887884318828582763671875" lon="18.93842381425201892852783203125">
        <ele>305.79998779296875</ele>
        <time>2023-10-08T10:00:52.000Z</time>
        <extensions>
          <ns3:TrackPointExtension>
            <ns3:hr>128</ns3:hr>
          </ns3:TrackPointExtension>
        </extensions>
      </trkpt>
      <trkpt lat="47.77536439709365367889404296875" lon="18.9383979141712188720703125">
        <ele>306</ele>
        <time>2023-10-08T10:00:57.000Z</time>
        <extensions>
          <ns3:TrackPointExtension>
            <ns3:hr>128</ns3:hr>
          </ns3:TrackPointExtension>
        </extensions>
      </trkpt>
      <trkpt lat="47.7752905525267124176025390625" lon="18.93832356669008731842041015625">
        <ele>305.600006103515625</ele>
        <time>2023-10-08T10:01:08.000Z</time>
        <extensions>
          <ns3:TrackPointExtension>
            <ns3:hr>128</ns3:hr>
          </ns3:TrackPointExtension>
        </extensions>
      </trkpt>
      <trkpt lat="47.77528326027095317840576171875" lon="18.93824595026671886444091796875">
        <ele>305.399993896484375</ele>
        <time>2023-10-08T10:01:15.000Z</time>
        <extensions>
          <ns3:TrackPointExtension>
            <ns3:hr>129</ns3:hr>
          </ns3:TrackPointExtension>
        </extensions>
      </trkpt>
      <trkpt lat="47.77522659860551357269287109375" lon="18.93815844319760799407958984375">
        <ele>305</ele>
        <time>2023-10-08T10:01:21.000Z</time>
        <extensions>
          <ns3:TrackPointExtension>
            <ns3:hr>128</ns3:hr>
          </ns3:TrackPointExtension>
        </extensions>
      </trkpt>
      <trkpt lat="47.77520187199115753173828125" lon="18.93809616565704345703125">
        <ele>304.600006103515625</ele>
        <time>2023-10-08T10:01:27.000Z</time>
        <extensions>
          <ns3:TrackPointExtension>
            <ns3:hr>131</ns3:hr>
          </ns3:TrackPointExtension>
        </extensions>
      </trkpt>
      <trkpt lat="47.7751998603343963623046875" lon="18.93808870576322078704833984375">
        <ele>304.600006103515625</ele>
        <time>2023-10-08T10:01:31.000Z</time>
        <extensions>
          <ns3:TrackPointExtension>
            <ns3:hr>134</ns3:hr>
          </ns3:TrackPointExtension>
        </extensions>
      </trkpt>
      <trkpt lat="47.77519491501152515411376953125" lon="18.93807596527040004730224609375">
        <ele>304.399993896484375</ele>
        <time>2023-10-08T10:01:39.000Z</time>
        <extensions>
          <ns3:TrackPointExtension>
            <ns3:hr>135</ns3:hr>
          </ns3:TrackPointExtension>
        </extensions>
      </trkpt>
      <trkpt lat="47.775190137326717376708984375" lon="18.93807881511747837066650390625">
        <ele>304.399993896484375</ele>
        <time>2023-10-08T10:01:49.000Z</time>
        <extensions>
          <ns3:TrackPointExtension>
            <ns3:hr>135</ns3:hr>
          </ns3:TrackPointExtension>
        </extensions>
      </trkpt>
      <trkpt lat="47.77519910596311092376708984375" lon="18.93808887340128421783447265625">
        <ele>304.600006103515625</ele>
        <time>2023-10-08T10:02:06.000Z</time>
        <extensions>
          <ns3:TrackPointExtension>
            <ns3:hr>132</ns3:hr>
          </ns3:TrackPointExtension>
        </extensions>
      </trkpt>
      <trkpt lat="47.77521503157913684844970703125" lon="18.93810689449310302734375">
        <ele>304.79998779296875</ele>
        <time>2023-10-08T10:02:21.000Z</time>
        <extensions>
          <ns3:TrackPointExtension>
            <ns3:hr>129</ns3:hr>
          </ns3:TrackPointExtension>
        </extensions>
      </trkpt>
      <trkpt lat="47.77521796524524688720703125" lon="18.93811586312949657440185546875">
        <ele>304.79998779296875</ele>
        <time>2023-10-08T10:02:25.000Z</time>
        <extensions>
          <ns3:TrackPointExtension>
            <ns3:hr>126</ns3:hr>
          </ns3:TrackPointExtension>
        </extensions>
      </trkpt>
      <trkpt lat="47.77522190473973751068115234375" lon="18.938123993575572967529296875">
        <ele>304.79998779296875</ele>
        <time>2023-10-08T10:02:34.000Z</time>
        <extensions>
          <ns3:TrackPointExtension>
            <ns3:hr>123</ns3:hr>
          </ns3:TrackPointExtension>
        </extensions>
      </trkpt>
      <trkpt lat="47.77522190473973751068115234375" lon="18.9381385780870914459228515625">
        <ele>305</ele>
        <time>2023-10-08T10:02:41.000Z</time>
        <extensions>
          <ns3:TrackPointExtension>
            <ns3:hr>120</ns3:hr>
          </ns3:TrackPointExtension>
        </extensions>
      </trkpt>
      <trkpt lat="47.7751949988305568695068359375" lon="18.9381902106106281280517578125">
        <ele>304.79998779296875</ele>
        <time>2023-10-08T10:03:01.000Z</time>
        <extensions>
          <ns3:TrackPointExtension>
            <ns3:hr>117</ns3:hr>
          </ns3:TrackPointExtension>
        </extensions>
      </trkpt>
      <trkpt lat="47.77513724751770496368408203125" lon="18.93823086284101009368896484375">
        <ele>304.399993896484375</ele>
        <time>2023-10-08T10:03:09.000Z</time>
        <extensions>
          <ns3:TrackPointExtension>
            <ns3:hr>117</ns3:hr>
          </ns3:TrackPointExtension>
        </extensions>
      </trkpt>
      <trkpt lat="47.77504487894475460052490234375" lon="18.9382676593959331512451171875">
        <ele>304.20001220703125</ele>
        <time>2023-10-08T10:03:16.000Z</time>
        <extensions>
          <ns3:TrackPointExtension>
            <ns3:hr>117</ns3:hr>
          </ns3:TrackPointExtension>
        </extensions>
      </trkpt>
      <trkpt lat="47.77503884397447109222412109375" lon="18.9382740296423435211181640625">
        <ele>304.20001220703125</ele>
        <time>2023-10-08T10:03:20.000Z</time>
        <extensions>
          <ns3:TrackPointExtension>
            <ns3:hr>120</ns3:hr>
          </ns3:TrackPointExtension>
        </extensions>
      </trkpt>
      <trkpt lat="47.77501705102622509002685546875" lon="18.938264138996601104736328125">
        <ele>303.79998779296875</ele>
        <time>2023-10-08T10:03:22.000Z</time>
        <extensions>
          <ns3:TrackPointExtension>
            <ns3:hr>120</ns3:hr>
          </ns3:TrackPointExtension>
        </extensions>
      </trkpt>
      <trkpt lat="47.7749646641314029693603515625" lon="18.93825282342731952667236328125">
        <ele>303</ele>
        <time>2023-10-08T10:03:31.000Z</time>
        <extensions>
          <ns3:TrackPointExtension>
            <ns3:hr>120</ns3:hr>
          </ns3:TrackPointExtension>
        </extensions>
      </trkpt>
      <trkpt lat="47.77488998137414455413818359375" lon="18.9382716827094554901123046875">
        <ele>302</ele>
        <time>2023-10-08T10:03:38.000Z</time>
        <extensions>
          <ns3:TrackPointExtension>
            <ns3:hr>120</ns3:hr>
          </ns3:TrackPointExtension>
        </extensions>
      </trkpt>
      <trkpt lat="47.7747789211571216583251953125" lon="18.93826983869075775146484375">
        <ele>301</ele>
        <time>2023-10-08T10:03:49.000Z</time>
        <extensions>
          <ns3:TrackPointExtension>
            <ns3:hr>118</ns3:hr>
          </ns3:TrackPointExtension>
        </extensions>
      </trkpt>
      <trkpt lat="47.77474187314510345458984375" lon="18.9383384026587009429931640625">
        <ele>301</ele>
        <time>2023-10-08T10:03:56.000Z</time>
        <extensions>
          <ns3:TrackPointExtension>
            <ns3:hr>115</ns3:hr>
          </ns3:TrackPointExtension>
        </extensions>
      </trkpt>
      <trkpt lat="47.77473810128867626190185546875" lon="18.93834896385669708251953125">
        <ele>301.20001220703125</ele>
        <time>2023-10-08T10:03:57.000Z</time>
        <extensions>
          <ns3:TrackPointExtension>
            <ns3:hr>116</ns3:hr>
          </ns3:TrackPointExtension>
        </extensions>
      </trkpt>
      <trkpt lat="47.77466635219752788543701171875" lon="18.938437812030315399169921875">
        <ele>301.399993896484375</ele>
        <time>2023-10-08T10:04:05.000Z</time>
        <extensions>
          <ns3:TrackPointExtension>
            <ns3:hr>117</ns3:hr>
          </ns3:TrackPointExtension>
        </extensions>
      </trkpt>
      <trkpt lat="47.77463165111839771270751953125" lon="18.93845549784600734710693359375">
        <ele>301</ele>
        <time>2023-10-08T10:04:08.000Z</time>
        <extensions>
          <ns3:TrackPointExtension>
            <ns3:hr>116</ns3:hr>
          </ns3:TrackPointExtension>
        </extensions>
      </trkpt>
      <trkpt lat="47.77461254037916660308837890625" lon="18.93848734907805919647216796875">
        <ele>300.79998779296875</ele>
        <time>2023-10-08T10:04:11.000Z</time>
        <extensions>
          <ns3:TrackPointExtension>
            <ns3:hr>113</ns3:hr>
          </ns3:TrackPointExtension>
        </extensions>
      </trkpt>
      <trkpt lat="47.77461689896881580352783203125" lon="18.93850428052246570587158203125">
        <ele>301</ele>
        <time>2023-10-08T10:04:12.000Z</time>
        <extensions>
          <ns3:TrackPointExtension>
            <ns3:hr>116</ns3:hr>
          </ns3:TrackPointExtension>
        </extensions>
      </trkpt>
      <trkpt lat="47.77461354620754718780517578125" lon="18.9385107345879077911376953125">
        <ele>301</ele>
        <time>2023-10-08T10:04:13.000Z</time>
        <extensions>
          <ns3:TrackPointExtension>
            <ns3:hr>117</ns3:hr>
          </ns3:TrackPointExtension>
        </extensions>
      </trkpt>
      <trkpt lat="47.77456082403659820556640625" lon="18.93852288834750652313232421875">
        <ele>300.399993896484375</ele>
        <time>2023-10-08T10:04:20.000Z</time>
        <extensions>
          <ns3:TrackPointExtension>
            <ns3:hr>119</ns3:hr>
          </ns3:TrackPointExtension>
        </extensions>
      </trkpt>
      <trkpt lat="47.77448974549770355224609375" lon="18.938591368496417999267578125">
        <ele>299.79998779296875</ele>
        <time>2023-10-08T10:04:28.000Z</time>
        <extensions>
          <ns3:TrackPointExtension>
            <ns3:hr>122</ns3:hr>
          </ns3:TrackPointExtension>
        </extensions>
      </trkpt>
      <trkpt lat="47.77448228560388088226318359375" lon="18.9385922066867351531982421875">
        <ele>299.600006103515625</ele>
        <time>2023-10-08T10:04:29.000Z</time>
        <extensions>
          <ns3:TrackPointExtension>
            <ns3:hr>121</ns3:hr>
          </ns3:TrackPointExtension>
        </extensions>
      </trkpt>
      <trkpt lat="47.77444641105830669403076171875" lon="18.93861961551010608673095703125">
        <ele>299.20001220703125</ele>
        <time>2023-10-08T10:04:33.000Z</time>
        <extensions>
          <ns3:TrackPointExtension>
            <ns3:hr>120</ns3:hr>
          </ns3:TrackPointExtension>
        </extensions>
      </trkpt>
      <trkpt lat="47.7744091115891933441162109375" lon="18.93865666352212429046630859375">
        <ele>298.79998779296875</ele>
        <time>2023-10-08T10:04:37.000Z</time>
        <extensions>
          <ns3:TrackPointExtension>
            <ns3:hr>121</ns3:hr>
          </ns3:TrackPointExtension>
        </extensions>
      </trkpt>
      <trkpt lat="47.77434398420155048370361328125" lon="18.938751630485057830810546875">
        <ele>299</ele>
        <time>2023-10-08T10:04:46.000Z</time>
        <extensions>
          <ns3:TrackPointExtension>
            <ns3:hr>123</ns3:hr>
          </ns3:TrackPointExtension>
        </extensions>
      </trkpt>
      <trkpt lat="47.77430157177150249481201171875" lon="18.93880737014114856719970703125">
        <ele>298.79998779296875</ele>
        <time>2023-10-08T10:04:54.000Z</time>
        <extensions>
          <ns3:TrackPointExtension>
            <ns3:hr>123</ns3:hr>
          </ns3:TrackPointExtension>
        </extensions>
      </trkpt>
      <trkpt lat="47.77426267974078655242919921875" lon="18.93884181976318359375">
        <ele>298.600006103515625</ele>
        <time>2023-10-08T10:05:02.000Z</time>
        <extensions>
          <ns3:TrackPointExtension>
            <ns3:hr>122</ns3:hr>
          </ns3:TrackPointExtension>
        </extensions>
      </trkpt>
      <trkpt lat="47.77426603250205516815185546875" lon="18.9388597570359706878662109375">
        <ele>298.79998779296875</ele>
        <time>2023-10-08T10:05:06.000Z</time>
        <extensions>
          <ns3:TrackPointExtension>
            <ns3:hr>119</ns3:hr>
          </ns3:TrackPointExtension>
        </extensions>
      </trkpt>
      <trkpt lat="47.774266116321086883544921875" lon="18.9388570748269557952880859375">
        <ele>298.79998779296875</ele>
        <time>2023-10-08T10:05:10.000Z</time>
        <extensions>
          <ns3:TrackPointExtension>
            <ns3:hr>117</ns3:hr>
          </ns3:TrackPointExtension>
        </extensions>
      </trkpt>
      <trkpt lat="47.7742659486830234527587890625" lon="18.938859589397907257080078125">
        <ele>298.79998779296875</ele>
        <time>2023-10-08T10:05:23.000Z</time>
        <extensions>
          <ns3:TrackPointExtension>
            <ns3:hr>117</ns3:hr>
          </ns3:TrackPointExtension>
        </extensions>
      </trkpt>
      <trkpt lat="47.774204425513744354248046875" lon="18.938934020698070526123046875">
        <ele>298.20001220703125</ele>
        <time>2023-10-08T10:05:37.000Z</time>
        <extensions>
          <ns3:TrackPointExtension>
            <ns3:hr>113</ns3:hr>
          </ns3:TrackPointExtension>
        </extensions>
      </trkpt>
      <trkpt lat="47.77416595257818698883056640625" lon="18.9389848150312900543212890625">
        <ele>297.79998779296875</ele>
        <time>2023-10-08T10:05:40.000Z</time>
        <extensions>
          <ns3:TrackPointExtension>
            <ns3:hr>115</ns3:hr>
          </ns3:TrackPointExtension>
        </extensions>
      </trkpt>
      <trkpt lat="47.77412169612944126129150390625" lon="18.93902027048170566558837890625">
        <ele>297</ele>
        <time>2023-10-08T10:05:43.000Z</time>
        <extensions>
          <ns3:TrackPointExtension>
            <ns3:hr>115</ns3:hr>
          </ns3:TrackPointExtension>
        </extensions>
      </trkpt>
      <trkpt lat="47.77409068308770656585693359375" lon="18.93903418444097042083740234375">
        <ele>296.20001220703125</ele>
        <time>2023-10-08T10:05:46.000Z</time>
        <extensions>
          <ns3:TrackPointExtension>
            <ns3:hr>115</ns3:hr>
          </ns3:TrackPointExtension>
        </extensions>
      </trkpt>
      <trkpt lat="47.77405195869505405426025390625" lon="18.9390186779201030731201171875">
        <ele>295.20001220703125</ele>
        <time>2023-10-08T10:05:52.000Z</time>
        <extensions>
          <ns3:TrackPointExtension>
            <ns3:hr>116</ns3:hr>
          </ns3:TrackPointExtension>
        </extensions>
      </trkpt>
      <trkpt lat="47.77398976497352123260498046875" lon="18.9389418996870517730712890625">
        <ele>292.79998779296875</ele>
        <time>2023-10-08T10:05:59.000Z</time>
        <extensions>
          <ns3:TrackPointExtension>
            <ns3:hr>118</ns3:hr>
          </ns3:TrackPointExtension>
        </extensions>
      </trkpt>
      <trkpt lat="47.77392153628170490264892578125" lon="18.9389204420149326324462890625">
        <ele>290.399993896484375</ele>
        <time>2023-10-08T10:06:07.000Z</time>
        <extensions>
          <ns3:TrackPointExtension>
            <ns3:hr>118</ns3:hr>
          </ns3:TrackPointExtension>
        </extensions>
      </trkpt>
      <trkpt lat="47.7738914452493190765380859375" lon="18.93888942897319793701171875">
        <ele>288.79998779296875</ele>
        <time>2023-10-08T10:06:10.000Z</time>
        <extensions>
          <ns3:TrackPointExtension>
            <ns3:hr>118</ns3:hr>
          </ns3:TrackPointExtension>
        </extensions>
      </trkpt>
      <trkpt lat="47.7738314308226108551025390625" lon="18.93884651362895965576171875">
        <ele>286</ele>
        <time>2023-10-08T10:06:16.000Z</time>
        <extensions>
          <ns3:TrackPointExtension>
            <ns3:hr>118</ns3:hr>
          </ns3:TrackPointExtension>
        </extensions>
      </trkpt>
      <trkpt lat="47.77377426624298095703125" lon="18.93879798240959644317626953125">
        <ele>283.20001220703125</ele>
        <time>2023-10-08T10:06:27.000Z</time>
        <extensions>
          <ns3:TrackPointExtension>
            <ns3:hr>120</ns3:hr>
          </ns3:TrackPointExtension>
        </extensions>
      </trkpt>
      <trkpt lat="47.77371819131076335906982421875" lon="18.9387051947414875030517578125">
        <ele>279.79998779296875</ele>
        <time>2023-10-08T10:06:36.000Z</time>
        <extensions>
          <ns3:TrackPointExtension>
            <ns3:hr>117</ns3:hr>
          </ns3:TrackPointExtension>
        </extensions>
      </trkpt>
      <trkpt lat="47.7737207897007465362548828125" lon="18.9386927895247936248779296875">
        <ele>279.600006103515625</ele>
        <time>2023-10-08T10:06:37.000Z</time>
        <extensions>
          <ns3:TrackPointExtension>
            <ns3:hr>117</ns3:hr>
          </ns3:TrackPointExtension>
        </extensions>
      </trkpt>
      <trkpt lat="47.77371299453079700469970703125" lon="18.9386659674346446990966796875">
        <ele>278.79998779296875</ele>
        <time>2023-10-08T10:06:45.000Z</time>
        <extensions>
          <ns3:TrackPointExtension>
            <ns3:hr>116</ns3:hr>
          </ns3:TrackPointExtension>
        </extensions>
      </trkpt>
      <trkpt lat="47.77370846830308437347412109375" lon="18.93865741789340972900390625">
        <ele>278.399993896484375</ele>
        <time>2023-10-08T10:06:51.000Z</time>
        <extensions>
          <ns3:TrackPointExtension>
            <ns3:hr>116</ns3:hr>
          </ns3:TrackPointExtension>
        </extensions>
      </trkpt>
      <trkpt lat="47.77370846830308437347412109375" lon="18.9386612735688686370849609375">
        <ele>278.600006103515625</ele>
        <time>2023-10-08T10:07:04.000Z</time>
        <extensions>
          <ns3:TrackPointExtension>
            <ns3:hr>113</ns3:hr>
          </ns3:TrackPointExtension>
        </extensions>
      </trkpt>
      <trkpt lat="47.77368583716452121734619140625" lon="18.9386797137558460235595703125">
        <ele>278</ele>
        <time>2023-10-08T10:07:17.000Z</time>
        <extensions>
          <ns3:TrackPointExtension>
            <ns3:hr>116</ns3:hr>
          </ns3:TrackPointExtension>
        </extensions>
      </trkpt>
      <trkpt lat="47.77366840280592441558837890625" lon="18.9386929571628570556640625">
        <ele>277.399993896484375</ele>
        <time>2023-10-08T10:07:21.000Z</time>
        <extensions>
          <ns3:TrackPointExtension>
            <ns3:hr>113</ns3:hr>
          </ns3:TrackPointExtension>
        </extensions>
      </trkpt>
      <trkpt lat="47.77365733869373798370361328125" lon="18.93869890831410884857177734375">
        <ele>277</ele>
        <time>2023-10-08T10:07:24.000Z</time>
        <extensions>
          <ns3:TrackPointExtension>
            <ns3:hr>116</ns3:hr>
          </ns3:TrackPointExtension>
        </extensions>
      </trkpt>
      <trkpt lat="47.77364308945834636688232421875" lon="18.93870427273213863372802734375">
        <ele>276.399993896484375</ele>
        <time>2023-10-08T10:07:41.000Z</time>
        <extensions>
          <ns3:TrackPointExtension>
            <ns3:hr>113</ns3:hr>
          </ns3:TrackPointExtension>
        </extensions>
      </trkpt>
      <trkpt lat="47.77364308945834636688232421875" lon="18.93870494328439235687255859375">
        <ele>276.399993896484375</ele>
        <time>2023-10-08T10:07:42.000Z</time>
        <extensions>
          <ns3:TrackPointExtension>
            <ns3:hr>116</ns3:hr>
          </ns3:TrackPointExtension>
        </extensions>
      </trkpt>
      <trkpt lat="47.773655243217945098876953125" lon="18.93871969543397426605224609375">
        <ele>277.20001220703125</ele>
        <time>2023-10-08T10:08:04.000Z</time>
        <extensions>
          <ns3:TrackPointExtension>
            <ns3:hr>120</ns3:hr>
          </ns3:TrackPointExtension>
        </extensions>
      </trkpt>
      <trkpt lat="47.773666642606258392333984375" lon="18.93867778591811656951904296875">
        <ele>277</ele>
        <time>2023-10-08T10:08:15.000Z</time>
        <extensions>
          <ns3:TrackPointExtension>
            <ns3:hr>117</ns3:hr>
          </ns3:TrackPointExtension>
        </extensions>
      </trkpt>
      <trkpt lat="47.77364225126802921295166015625" lon="18.9386750198900699615478515625">
        <ele>275.79998779296875</ele>
        <time>2023-10-08T10:09:04.000Z</time>
        <extensions>
          <ns3:TrackPointExtension>
            <ns3:hr>114</ns3:hr>
          </ns3:TrackPointExtension>
        </extensions>
      </trkpt>
      <trkpt lat="47.7736396528780460357666015625" lon="18.93867460079491138458251953125">
        <ele>275.79998779296875</ele>
        <time>2023-10-08T10:09:10.000Z</time>
        <extensions>
          <ns3:TrackPointExtension>
            <ns3:hr>111</ns3:hr>
          </ns3:TrackPointExtension>
        </extensions>
      </trkpt>
      <trkpt lat="47.77363940142095088958740234375" lon="18.938674516975879669189453125">
        <ele>275.79998779296875</ele>
        <time>2023-10-08T10:09:16.000Z</time>
        <extensions>
          <ns3:TrackPointExtension>
            <ns3:hr>114</ns3:hr>
          </ns3:TrackPointExtension>
        </extensions>
      </trkpt>
      <trkpt lat="47.7736426703631877899169921875" lon="18.93867912702262401580810546875">
        <ele>276</ele>
        <time>2023-10-08T10:09:29.000Z</time>
        <extensions>
          <ns3:TrackPointExtension>
            <ns3:hr>117</ns3:hr>
          </ns3:TrackPointExtension>
        </extensions>
      </trkpt>
      <trkpt lat="47.77364996261894702911376953125" lon="18.93878926523029804229736328125">
        <ele>278.20001220703125</ele>
        <time>2023-10-08T10:11:11.000Z</time>
        <extensions>
          <ns3:TrackPointExtension>
            <ns3:hr>120</ns3:hr>
          </ns3:TrackPointExtension>
        </extensions>
      </trkpt>
      <trkpt lat="47.77364979498088359832763671875" lon="18.93878943286836147308349609375">
        <ele>278.20001220703125</ele>
        <time>2023-10-08T10:11:18.000Z</time>
        <extensions>
          <ns3:TrackPointExtension>
            <ns3:hr>117</ns3:hr>
          </ns3:TrackPointExtension>
        </extensions>
      </trkpt>
      <trkpt lat="47.7736497111618518829345703125" lon="18.9387896843254566192626953125">
        <ele>278.20001220703125</ele>
        <time>2023-10-08T10:11:27.000Z</time>
        <extensions>
          <ns3:TrackPointExtension>
            <ns3:hr>114</ns3:hr>
          </ns3:TrackPointExtension>
        </extensions>
      </trkpt>
      <trkpt lat="47.77364979498088359832763671875" lon="18.9387900196015834808349609375">
        <ele>278.20001220703125</ele>
        <time>2023-10-08T10:11:50.000Z</time>
        <extensions>
          <ns3:TrackPointExtension>
            <ns3:hr>111</ns3:hr>
          </ns3:TrackPointExtension>
        </extensions>
      </trkpt>
      <trkpt lat="47.773649878799915313720703125" lon="18.9387910254299640655517578125">
        <ele>278.399993896484375</ele>
        <time>2023-10-08T10:12:06.000Z</time>
        <extensions>
          <ns3:TrackPointExtension>
            <ns3:hr>114</ns3:hr>
          </ns3:TrackPointExtension>
        </extensions>
      </trkpt>
      <trkpt lat="47.773649878799915313720703125" lon="18.93879127688705921173095703125">
        <ele>278.399993896484375</ele>
        <time>2023-10-08T10:12:15.000Z</time>
        <extensions>
          <ns3:TrackPointExtension>
            <ns3:hr>111</ns3:hr>
          </ns3:TrackPointExtension>
        </extensions>
      </trkpt>
      <trkpt lat="47.77365013025701045989990234375" lon="18.93879177980124950408935546875">
        <ele>278.399993896484375</ele>
        <time>2023-10-08T10:12:29.000Z</time>
        <extensions>
          <ns3:TrackPointExtension>
            <ns3:hr>108</ns3:hr>
          </ns3:TrackPointExtension>
        </extensions>
      </trkpt>
      <trkpt lat="47.77364962734282016754150390625" lon="18.9387906901538372039794921875">
        <ele>278.20001220703125</ele>
        <time>2023-10-08T10:12:47.000Z</time>
        <extensions>
          <ns3:TrackPointExtension>
            <ns3:hr>111</ns3:hr>
          </ns3:TrackPointExtension>
        </extensions>
      </trkpt>
      <trkpt lat="47.7736495435237884521484375" lon="18.93879027105867862701416015625">
        <ele>278.20001220703125</ele>
        <time>2023-10-08T10:12:51.000Z</time>
        <extensions>
          <ns3:TrackPointExtension>
            <ns3:hr>114</ns3:hr>
          </ns3:TrackPointExtension>
        </extensions>
      </trkpt>
      <trkpt lat="47.77362850494682788848876953125" lon="18.9387390576303005218505859375">
        <ele>276.399993896484375</ele>
        <time>2023-10-08T10:12:56.000Z</time>
        <extensions>
          <ns3:TrackPointExtension>
            <ns3:hr>116</ns3:hr>
          </ns3:TrackPointExtension>
        </extensions>
      </trkpt>
      <trkpt lat="47.77360939420759677886962890625" lon="18.93869371153414249420166015625">
        <ele>274.600006103515625</ele>
        <time>2023-10-08T10:13:04.000Z</time>
        <extensions>
          <ns3:TrackPointExtension>
            <ns3:hr>115</ns3:hr>
          </ns3:TrackPointExtension>
        </extensions>
      </trkpt>
      <trkpt lat="47.773573100566864013671875" lon="18.93864610232412815093994140625">
        <ele>272.20001220703125</ele>
        <time>2023-10-08T10:13:28.000Z</time>
        <extensions>
          <ns3:TrackPointExtension>
            <ns3:hr>118</ns3:hr>
          </ns3:TrackPointExtension>
        </extensions>
      </trkpt>
      <trkpt lat="47.7735575102269649505615234375" lon="18.93862430937588214874267578125">
        <ele>271</ele>
        <time>2023-10-08T10:13:41.000Z</time>
        <extensions>
          <ns3:TrackPointExtension>
            <ns3:hr>115</ns3:hr>
          </ns3:TrackPointExtension>
        </extensions>
      </trkpt>
      <trkpt lat="47.77355642057955265045166015625" lon="18.93862296827137470245361328125">
        <ele>271</ele>
        <time>2023-10-08T10:13:45.000Z</time>
        <extensions>
          <ns3:TrackPointExtension>
            <ns3:hr>112</ns3:hr>
          </ns3:TrackPointExtension>
        </extensions>
      </trkpt>
      <trkpt lat="47.77362381108105182647705078125" lon="18.938687928020954132080078125">
        <ele>275.20001220703125</ele>
        <time>2023-10-08T10:14:04.000Z</time>
        <extensions>
          <ns3:TrackPointExtension>
            <ns3:hr>111</ns3:hr>
          </ns3:TrackPointExtension>
        </extensions>
      </trkpt>
      <trkpt lat="47.77364761568605899810791015625" lon="18.938758336007595062255859375">
        <ele>277.600006103515625</ele>
        <time>2023-10-08T10:14:10.000Z</time>
        <extensions>
          <ns3:TrackPointExtension>
            <ns3:hr>111</ns3:hr>
          </ns3:TrackPointExtension>
        </extensions>
      </trkpt>
      <trkpt lat="47.77365155518054962158203125" lon="18.93878608010709285736083984375">
        <ele>278.20001220703125</ele>
        <time>2023-10-08T10:14:17.000Z</time>
        <extensions>
          <ns3:TrackPointExtension>
            <ns3:hr>113</ns3:hr>
          </ns3:TrackPointExtension>
        </extensions>
      </trkpt>
      <trkpt lat="47.77364878915250301361083984375" lon="18.93878457136452198028564453125">
        <ele>278.20001220703125</ele>
        <time>2023-10-08T10:14:20.000Z</time>
        <extensions>
          <ns3:TrackPointExtension>
            <ns3:hr>116</ns3:hr>
          </ns3:TrackPointExtension>
        </extensions>
      </trkpt>
      <trkpt lat="47.77364929206669330596923828125" lon="18.93878406845033168792724609375">
        <ele>278.20001220703125</ele>
        <time>2023-10-08T10:14:22.000Z</time>
        <extensions>
          <ns3:TrackPointExtension>
            <ns3:hr>119</ns3:hr>
          </ns3:TrackPointExtension>
        </extensions>
      </trkpt>
      <trkpt lat="47.7736399881541728973388671875" lon="18.93878088332712650299072265625">
        <ele>277.600006103515625</ele>
        <time>2023-10-08T10:14:24.000Z</time>
        <extensions>
          <ns3:TrackPointExtension>
            <ns3:hr>120</ns3:hr>
          </ns3:TrackPointExtension>
        </extensions>
      </trkpt>
      <trkpt lat="47.7736312709748744964599609375" lon="18.9387846551835536956787109375">
        <ele>277.399993896484375</ele>
        <time>2023-10-08T10:14:33.000Z</time>
        <extensions>
          <ns3:TrackPointExtension>
            <ns3:hr>120</ns3:hr>
          </ns3:TrackPointExtension>
        </extensions>
      </trkpt>
      <trkpt lat="47.7736307680606842041015625" lon="18.93878406845033168792724609375">
        <ele>277.20001220703125</ele>
        <time>2023-10-08T10:14:45.000Z</time>
        <extensions>
          <ns3:TrackPointExtension>
            <ns3:hr>123</ns3:hr>
          </ns3:TrackPointExtension>
        </extensions>
      </trkpt>
      <trkpt lat="47.773608975112438201904296875" lon="18.93875741399824619293212890625">
        <ele>275.79998779296875</ele>
        <time>2023-10-08T10:15:13.000Z</time>
        <extensions>
          <ns3:TrackPointExtension>
            <ns3:hr>120</ns3:hr>
          </ns3:TrackPointExtension>
        </extensions>
      </trkpt>
      <trkpt lat="47.7736017666757106781005859375" lon="18.93875707872211933135986328125">
        <ele>275.399993896484375</ele>
        <time>2023-10-08T10:15:21.000Z</time>
        <extensions>
          <ns3:TrackPointExtension>
            <ns3:hr>117</ns3:hr>
          </ns3:TrackPointExtension>
        </extensions>
      </trkpt>
      <trkpt lat="47.7736004255712032318115234375" lon="18.938762359321117401123046875">
        <ele>275.399993896484375</ele>
        <time>2023-10-08T10:15:34.000Z</time>
        <extensions>
          <ns3:TrackPointExtension>
            <ns3:hr>114</ns3:hr>
          </ns3:TrackPointExtension>
        </extensions>
      </trkpt>
      <trkpt lat="47.7736004255712032318115234375" lon="18.938762359321117401123046875">
        <ele>275.399993896484375</ele>
        <time>2023-10-08T10:15:37.000Z</time>
        <extensions>
          <ns3:TrackPointExtension>
            <ns3:hr>111</ns3:hr>
          </ns3:TrackPointExtension>
        </extensions>
      </trkpt>
      <trkpt lat="47.7736004255712032318115234375" lon="18.938762359321117401123046875">
        <ele>275.399993896484375</ele>
        <time>2023-10-08T10:15:39.000Z</time>
        <extensions>
          <ns3:TrackPointExtension>
            <ns3:hr>108</ns3:hr>
          </ns3:TrackPointExtension>
        </extensions>
      </trkpt>
      <trkpt lat="47.773622386157512664794921875" lon="18.9387521333992481231689453125">
        <ele>276.399993896484375</ele>
        <time>2023-10-08T10:15:56.000Z</time>
        <extensions>
          <ns3:TrackPointExtension>
            <ns3:hr>111</ns3:hr>
          </ns3:TrackPointExtension>
        </extensions>
      </trkpt>
      <trkpt lat="47.77361257933080196380615234375" lon="18.9387631975114345550537109375">
        <ele>276</ele>
        <time>2023-10-08T10:16:19.000Z</time>
        <extensions>
          <ns3:TrackPointExtension>
            <ns3:hr>114</ns3:hr>
          </ns3:TrackPointExtension>
        </extensions>
      </trkpt>
      <trkpt lat="47.77360721491277217864990234375" lon="18.938777446746826171875">
        <ele>276</ele>
        <time>2023-10-08T10:16:26.000Z</time>
        <extensions>
          <ns3:TrackPointExtension>
            <ns3:hr>111</ns3:hr>
          </ns3:TrackPointExtension>
        </extensions>
      </trkpt>
      <trkpt lat="47.77361375279724597930908203125" lon="18.9387695677578449249267578125">
        <ele>276.20001220703125</ele>
        <time>2023-10-08T10:16:51.000Z</time>
        <extensions>
          <ns3:TrackPointExtension>
            <ns3:hr>113</ns3:hr>
          </ns3:TrackPointExtension>
        </extensions>
      </trkpt>
      <trkpt lat="47.77361693792045116424560546875" lon="18.9387695677578449249267578125">
        <ele>276.399993896484375</ele>
        <time>2023-10-08T10:16:56.000Z</time>
        <extensions>
          <ns3:TrackPointExtension>
            <ns3:hr>116</ns3:hr>
          </ns3:TrackPointExtension>
        </extensions>
      </trkpt>
      <trkpt lat="47.7736245654523372650146484375" lon="18.93872036598622798919677734375">
        <ele>275.79998779296875</ele>
        <time>2023-10-08T10:17:31.000Z</time>
        <extensions>
          <ns3:TrackPointExtension>
            <ns3:hr>113</ns3:hr>
          </ns3:TrackPointExtension>
        </extensions>
      </trkpt>
      <trkpt lat="47.7736255712807178497314453125" lon="18.93872036598622798919677734375">
        <ele>275.79998779296875</ele>
        <time>2023-10-08T10:17:36.000Z</time>
        <extensions>
          <ns3:TrackPointExtension>
            <ns3:hr>110</ns3:hr>
          </ns3:TrackPointExtension>
        </extensions>
      </trkpt>
      <trkpt lat="47.7736259065568447113037109375" lon="18.93872036598622798919677734375">
        <ele>276</ele>
        <time>2023-10-08T10:17:40.000Z</time>
        <extensions>
          <ns3:TrackPointExtension>
            <ns3:hr>107</ns3:hr>
          </ns3:TrackPointExtension>
        </extensions>
      </trkpt>
      <trkpt lat="47.77362599037587642669677734375" lon="18.93872187472879886627197265625">
        <ele>276</ele>
        <time>2023-10-08T10:17:44.000Z</time>
        <extensions>
          <ns3:TrackPointExtension>
            <ns3:hr>104</ns3:hr>
          </ns3:TrackPointExtension>
        </extensions>
      </trkpt>
      <trkpt lat="47.77362900786101818084716796875" lon="18.93870695494115352630615234375">
        <ele>275.79998779296875</ele>
        <time>2023-10-08T10:18:44.000Z</time>
        <extensions>
          <ns3:TrackPointExtension>
            <ns3:hr>107</ns3:hr>
          </ns3:TrackPointExtension>
        </extensions>
      </trkpt>
      <trkpt lat="47.7736339531838893890380859375" lon="18.93870435655117034912109375">
        <ele>276</ele>
        <time>2023-10-08T10:18:50.000Z</time>
        <extensions>
          <ns3:TrackPointExtension>
            <ns3:hr>104</ns3:hr>
          </ns3:TrackPointExtension>
        </extensions>
      </trkpt>
      <trkpt lat="47.77363873086869716644287109375" lon="18.93870108760893344879150390625">
        <ele>276.20001220703125</ele>
        <time>2023-10-08T10:19:02.000Z</time>
        <extensions>
          <ns3:TrackPointExtension>
            <ns3:hr>101</ns3:hr>
          </ns3:TrackPointExtension>
        </extensions>
      </trkpt>
      <trkpt lat="47.77364107780158519744873046875" lon="18.93869857303798198699951171875">
        <ele>276.20001220703125</ele>
        <time>2023-10-08T10:19:08.000Z</time>
        <extensions>
          <ns3:TrackPointExtension>
            <ns3:hr>104</ns3:hr>
          </ns3:TrackPointExtension>
        </extensions>
      </trkpt>
      <trkpt lat="47.77363671921193599700927734375" lon="18.9387331902980804443359375">
        <ele>276.600006103515625</ele>
        <time>2023-10-08T10:20:04.000Z</time>
        <extensions>
          <ns3:TrackPointExtension>
            <ns3:hr>107</ns3:hr>
          </ns3:TrackPointExtension>
        </extensions>
      </trkpt>
      <trkpt lat="47.77363655157387256622314453125" lon="18.93873327411711215972900390625">
        <ele>276.600006103515625</ele>
        <time>2023-10-08T10:20:05.000Z</time>
        <extensions>
          <ns3:TrackPointExtension>
            <ns3:hr>104</ns3:hr>
          </ns3:TrackPointExtension>
        </extensions>
      </trkpt>
      <trkpt lat="47.77363621629774570465087890625" lon="18.93873360939323902130126953125">
        <ele>276.600006103515625</ele>
        <time>2023-10-08T10:20:09.000Z</time>
        <extensions>
          <ns3:TrackPointExtension>
            <ns3:hr>100</ns3:hr>
          </ns3:TrackPointExtension>
        </extensions>
      </trkpt>
      <trkpt lat="47.7736363001167774200439453125" lon="18.93873377703130245208740234375">
        <ele>276.600006103515625</ele>
        <time>2023-10-08T10:20:11.000Z</time>
        <extensions>
          <ns3:TrackPointExtension>
            <ns3:hr>104</ns3:hr>
          </ns3:TrackPointExtension>
        </extensions>
      </trkpt>
      <trkpt lat="47.77363621629774570465087890625" lon="18.938735537230968475341796875">
        <ele>276.600006103515625</ele>
        <time>2023-10-08T10:20:27.000Z</time>
        <extensions>
          <ns3:TrackPointExtension>
            <ns3:hr>107</ns3:hr>
          </ns3:TrackPointExtension>
        </extensions>
      </trkpt>
      <trkpt lat="47.7736361324787139892578125" lon="18.938735537230968475341796875">
        <ele>276.600006103515625</ele>
        <time>2023-10-08T10:20:29.000Z</time>
        <extensions>
          <ns3:TrackPointExtension>
            <ns3:hr>104</ns3:hr>
          </ns3:TrackPointExtension>
        </extensions>
      </trkpt>
      <trkpt lat="47.77363546192646026611328125" lon="18.93873654305934906005859375">
        <ele>276.600006103515625</ele>
        <time>2023-10-08T10:20:46.000Z</time>
        <extensions>
          <ns3:TrackPointExtension>
            <ns3:hr>101</ns3:hr>
          </ns3:TrackPointExtension>
        </extensions>
      </trkpt>
      <trkpt lat="47.77363487519323825836181640625" lon="18.93874098546802997589111328125">
        <ele>276.79998779296875</ele>
        <time>2023-10-08T10:21:24.000Z</time>
        <extensions>
          <ns3:TrackPointExtension>
            <ns3:hr>104</ns3:hr>
          </ns3:TrackPointExtension>
        </extensions>
      </trkpt>
      <trkpt lat="47.77363479137420654296875" lon="18.93874148838222026824951171875">
        <ele>276.79998779296875</ele>
        <time>2023-10-08T10:21:28.000Z</time>
        <extensions>
          <ns3:TrackPointExtension>
            <ns3:hr>107</ns3:hr>
          </ns3:TrackPointExtension>
        </extensions>
      </trkpt>
      <trkpt lat="47.77363479137420654296875" lon="18.9387417398393154144287109375">
        <ele>276.79998779296875</ele>
        <time>2023-10-08T10:21:34.000Z</time>
        <extensions>
          <ns3:TrackPointExtension>
            <ns3:hr>111</ns3:hr>
          </ns3:TrackPointExtension>
        </extensions>
      </trkpt>
      <trkpt lat="47.77363487519323825836181640625" lon="18.93874199129641056060791015625">
        <ele>276.79998779296875</ele>
        <time>2023-10-08T10:21:36.000Z</time>
        <extensions>
          <ns3:TrackPointExtension>
            <ns3:hr>107</ns3:hr>
          </ns3:TrackPointExtension>
        </extensions>
      </trkpt>
      <trkpt lat="47.77363487519323825836181640625" lon="18.9387420751154422760009765625">
        <ele>276.79998779296875</ele>
        <time>2023-10-08T10:21:38.000Z</time>
        <extensions>
          <ns3:TrackPointExtension>
            <ns3:hr>110</ns3:hr>
          </ns3:TrackPointExtension>
        </extensions>
      </trkpt>
      <trkpt lat="47.7736346237361431121826171875" lon="18.93874249421060085296630859375">
        <ele>276.79998779296875</ele>
        <time>2023-10-08T10:21:51.000Z</time>
        <extensions>
          <ns3:TrackPointExtension>
            <ns3:hr>106</ns3:hr>
          </ns3:TrackPointExtension>
        </extensions>
      </trkpt>
      <trkpt lat="47.773634456098079681396484375" lon="18.938743583858013153076171875">
        <ele>276.79998779296875</ele>
        <time>2023-10-08T10:22:13.000Z</time>
        <extensions>
          <ns3:TrackPointExtension>
            <ns3:hr>109</ns3:hr>
          </ns3:TrackPointExtension>
        </extensions>
      </trkpt>
      <trkpt lat="47.7736336179077625274658203125" lon="18.9387454278767108917236328125">
        <ele>276.79998779296875</ele>
        <time>2023-10-08T10:22:39.000Z</time>
        <extensions>
          <ns3:TrackPointExtension>
            <ns3:hr>106</ns3:hr>
          </ns3:TrackPointExtension>
        </extensions>
      </trkpt>
      <trkpt lat="47.7736334502696990966796875" lon="18.938745595514774322509765625">
        <ele>276.79998779296875</ele>
        <time>2023-10-08T10:22:42.000Z</time>
        <extensions>
          <ns3:TrackPointExtension>
            <ns3:hr>101</ns3:hr>
          </ns3:TrackPointExtension>
        </extensions>
      </trkpt>
      <trkpt lat="47.7736334502696990966796875" lon="18.9387457631528377532958984375">
        <ele>276.79998779296875</ele>
        <time>2023-10-08T10:22:44.000Z</time>
        <extensions>
          <ns3:TrackPointExtension>
            <ns3:hr>97</ns3:hr>
          </ns3:TrackPointExtension>
        </extensions>
      </trkpt>
      <trkpt lat="47.7736334502696990966796875" lon="18.9387457631528377532958984375">
        <ele>276.79998779296875</ele>
        <time>2023-10-08T10:22:46.000Z</time>
        <extensions>
          <ns3:TrackPointExtension>
            <ns3:hr>94</ns3:hr>
          </ns3:TrackPointExtension>
        </extensions>
      </trkpt>
      <trkpt lat="47.7736334502696990966796875" lon="18.93874584697186946868896484375">
        <ele>276.79998779296875</ele>
        <time>2023-10-08T10:22:47.000Z</time>
        <extensions>
          <ns3:TrackPointExtension>
            <ns3:hr>98</ns3:hr>
          </ns3:TrackPointExtension>
        </extensions>
      </trkpt>
      <trkpt lat="47.7736198715865612030029296875" lon="18.938741572201251983642578125">
        <ele>276</ele>
        <time>2023-10-08T10:23:13.000Z</time>
        <extensions>
          <ns3:TrackPointExtension>
            <ns3:hr>99</ns3:hr>
          </ns3:TrackPointExtension>
        </extensions>
      </trkpt>
      <trkpt lat="47.7736198715865612030029296875" lon="18.938741572201251983642578125">
        <ele>276</ele>
        <time>2023-10-08T10:23:19.000Z</time>
        <extensions>
          <ns3:TrackPointExtension>
            <ns3:hr>102</ns3:hr>
          </ns3:TrackPointExtension>
        </extensions>
      </trkpt>
      <trkpt lat="47.773590199649333953857421875" lon="18.93873662687838077545166015625">
        <ele>274.600006103515625</ele>
        <time>2023-10-08T10:23:24.000Z</time>
        <extensions>
          <ns3:TrackPointExtension>
            <ns3:hr>105</ns3:hr>
          </ns3:TrackPointExtension>
        </extensions>
      </trkpt>
      <trkpt lat="47.77358726598322391510009765625" lon="18.93873478285968303680419921875">
        <ele>274.399993896484375</ele>
        <time>2023-10-08T10:23:27.000Z</time>
        <extensions>
          <ns3:TrackPointExtension>
            <ns3:hr>105</ns3:hr>
          </ns3:TrackPointExtension>
        </extensions>
      </trkpt>
      <trkpt lat="47.77358441613614559173583984375" lon="18.9387323521077632904052734375">
        <ele>274.20001220703125</ele>
        <time>2023-10-08T10:23:31.000Z</time>
        <extensions>
          <ns3:TrackPointExtension>
            <ns3:hr>102</ns3:hr>
          </ns3:TrackPointExtension>
        </extensions>
      </trkpt>
      <trkpt lat="47.77358341030776500701904296875" lon="18.938731513917446136474609375">
        <ele>274.20001220703125</ele>
        <time>2023-10-08T10:23:33.000Z</time>
        <extensions>
          <ns3:TrackPointExtension>
            <ns3:hr>106</ns3:hr>
          </ns3:TrackPointExtension>
        </extensions>
      </trkpt>
      <trkpt lat="47.773583829402923583984375" lon="18.938730843365192413330078125">
        <ele>274.20001220703125</ele>
        <time>2023-10-08T10:23:36.000Z</time>
        <extensions>
          <ns3:TrackPointExtension>
            <ns3:hr>103</ns3:hr>
          </ns3:TrackPointExtension>
        </extensions>
      </trkpt>
      <trkpt lat="47.773589529097080230712890625" lon="18.93873092718422412872314453125">
        <ele>274.399993896484375</ele>
        <time>2023-10-08T10:24:00.000Z</time>
        <extensions>
          <ns3:TrackPointExtension>
            <ns3:hr>106</ns3:hr>
          </ns3:TrackPointExtension>
        </extensions>
      </trkpt>
      <trkpt lat="47.77359363622963428497314453125" lon="18.9387350343167781829833984375">
        <ele>274.600006103515625</ele>
        <time>2023-10-08T10:24:19.000Z</time>
        <extensions>
          <ns3:TrackPointExtension>
            <ns3:hr>109</ns3:hr>
          </ns3:TrackPointExtension>
        </extensions>
      </trkpt>
      <trkpt lat="47.77359162457287311553955078125" lon="18.93875758163630962371826171875">
        <ele>275</ele>
        <time>2023-10-08T10:24:32.000Z</time>
        <extensions>
          <ns3:TrackPointExtension>
            <ns3:hr>112</ns3:hr>
          </ns3:TrackPointExtension>
        </extensions>
      </trkpt>
      <trkpt lat="47.7735940553247928619384765625" lon="18.938763700425624847412109375">
        <ele>275.20001220703125</ele>
        <time>2023-10-08T10:24:44.000Z</time>
        <extensions>
          <ns3:TrackPointExtension>
            <ns3:hr>109</ns3:hr>
          </ns3:TrackPointExtension>
        </extensions>
      </trkpt>
      <trkpt lat="47.77359497733414173126220703125" lon="18.93877007067203521728515625">
        <ele>275.399993896484375</ele>
        <time>2023-10-08T10:25:10.000Z</time>
        <extensions>
          <ns3:TrackPointExtension>
            <ns3:hr>106</ns3:hr>
          </ns3:TrackPointExtension>
        </extensions>
      </trkpt>
      <trkpt lat="47.77359296567738056182861328125" lon="18.9387707412242889404296875">
        <ele>275.20001220703125</ele>
        <time>2023-10-08T10:25:15.000Z</time>
        <extensions>
          <ns3:TrackPointExtension>
            <ns3:hr>103</ns3:hr>
          </ns3:TrackPointExtension>
        </extensions>
      </trkpt>
      <trkpt lat="47.77358911000192165374755859375" lon="18.938775099813938140869140625">
        <ele>275.20001220703125</ele>
        <time>2023-10-08T10:25:23.000Z</time>
        <extensions>
          <ns3:TrackPointExtension>
            <ns3:hr>100</ns3:hr>
          </ns3:TrackPointExtension>
        </extensions>
      </trkpt>
      <trkpt lat="47.773586176335811614990234375" lon="18.93878892995417118072509765625">
        <ele>275.20001220703125</ele>
        <time>2023-10-08T10:25:31.000Z</time>
        <extensions>
          <ns3:TrackPointExtension>
            <ns3:hr>97</ns3:hr>
          </ns3:TrackPointExtension>
        </extensions>
      </trkpt>
      <trkpt lat="47.77358508668839931488037109375" lon="18.93879295326769351959228515625">
        <ele>275.399993896484375</ele>
        <time>2023-10-08T10:25:36.000Z</time>
        <extensions>
          <ns3:TrackPointExtension>
            <ns3:hr>100</ns3:hr>
          </ns3:TrackPointExtension>
        </extensions>
      </trkpt>
      <trkpt lat="47.77359095402061939239501953125" lon="18.93878557719290256500244140625">
        <ele>275.399993896484375</ele>
        <time>2023-10-08T10:25:52.000Z</time>
        <extensions>
          <ns3:TrackPointExtension>
            <ns3:hr>101</ns3:hr>
          </ns3:TrackPointExtension>
        </extensions>
      </trkpt>
      <trkpt lat="47.77360084466636180877685546875" lon="18.93878557719290256500244140625">
        <ele>276</ele>
        <time>2023-10-08T10:26:00.000Z</time>
        <extensions>
          <ns3:TrackPointExtension>
            <ns3:hr>98</ns3:hr>
          </ns3:TrackPointExtension>
        </extensions>
      </trkpt>
      <trkpt lat="47.77360461652278900146484375" lon="18.93878557719290256500244140625">
        <ele>276</ele>
        <time>2023-10-08T10:26:04.000Z</time>
        <extensions>
          <ns3:TrackPointExtension>
            <ns3:hr>101</ns3:hr>
          </ns3:TrackPointExtension>
        </extensions>
      </trkpt>
      <trkpt lat="47.77361224405467510223388671875" lon="18.93878825940191745758056640625">
        <ele>276.399993896484375</ele>
        <time>2023-10-08T10:26:19.000Z</time>
        <extensions>
          <ns3:TrackPointExtension>
            <ns3:hr>95</ns3:hr>
          </ns3:TrackPointExtension>
        </extensions>
      </trkpt>
      <trkpt lat="47.773612327873706817626953125" lon="18.93878825940191745758056640625">
        <ele>276.399993896484375</ele>
        <time>2023-10-08T10:26:20.000Z</time>
        <extensions>
          <ns3:TrackPointExtension>
            <ns3:hr>101</ns3:hr>
          </ns3:TrackPointExtension>
        </extensions>
      </trkpt>
      <trkpt lat="47.77362934313714504241943359375" lon="18.93868750892579555511474609375">
        <ele>275.399993896484375</ele>
        <time>2023-10-08T10:26:56.000Z</time>
        <extensions>
          <ns3:TrackPointExtension>
            <ns3:hr>98</ns3:hr>
          </ns3:TrackPointExtension>
        </extensions>
      </trkpt>
      <trkpt lat="47.77362749911844730377197265625" lon="18.93869169987738132476806640625">
        <ele>275.399993896484375</ele>
        <time>2023-10-08T10:27:22.000Z</time>
        <extensions>
          <ns3:TrackPointExtension>
            <ns3:hr>95</ns3:hr>
          </ns3:TrackPointExtension>
        </extensions>
      </trkpt>
      <trkpt lat="47.77362749911844730377197265625" lon="18.93869304098188877105712890625">
        <ele>275.399993896484375</ele>
        <time>2023-10-08T10:27:26.000Z</time>
        <extensions>
          <ns3:TrackPointExtension>
            <ns3:hr>98</ns3:hr>
          </ns3:TrackPointExtension>
        </extensions>
      </trkpt>
      <trkpt lat="47.7736306004226207733154296875" lon="18.9386948011815547943115234375">
        <ele>275.600006103515625</ele>
        <time>2023-10-08T10:27:32.000Z</time>
        <extensions>
          <ns3:TrackPointExtension>
            <ns3:hr>101</ns3:hr>
          </ns3:TrackPointExtension>
        </extensions>
      </trkpt>
      <trkpt lat="47.77363487519323825836181640625" lon="18.93869974650442600250244140625">
        <ele>276</ele>
        <time>2023-10-08T10:27:44.000Z</time>
        <extensions>
          <ns3:TrackPointExtension>
            <ns3:hr>104</ns3:hr>
          </ns3:TrackPointExtension>
        </extensions>
      </trkpt>
      <trkpt lat="47.77364376001060009002685546875" lon="18.9386820606887340545654296875">
        <ele>276</ele>
        <time>2023-10-08T10:27:57.000Z</time>
        <extensions>
          <ns3:TrackPointExtension>
            <ns3:hr>101</ns3:hr>
          </ns3:TrackPointExtension>
        </extensions>
      </trkpt>
      <trkpt lat="47.7736433409154415130615234375" lon="18.93867309205234050750732421875">
        <ele>275.79998779296875</ele>
        <time>2023-10-08T10:28:14.000Z</time>
        <extensions>
          <ns3:TrackPointExtension>
            <ns3:hr>98</ns3:hr>
          </ns3:TrackPointExtension>
        </extensions>
      </trkpt>
      <trkpt lat="47.77364526875317096710205078125" lon="18.93866722472012042999267578125">
        <ele>275.79998779296875</ele>
        <time>2023-10-08T10:28:27.000Z</time>
        <extensions>
          <ns3:TrackPointExtension>
            <ns3:hr>95</ns3:hr>
          </ns3:TrackPointExtension>
        </extensions>
      </trkpt>
      <trkpt lat="47.77366496622562408447265625" lon="18.938658423721790313720703125">
        <ele>276.600006103515625</ele>
        <time>2023-10-08T10:28:47.000Z</time>
        <extensions>
          <ns3:TrackPointExtension>
            <ns3:hr>98</ns3:hr>
          </ns3:TrackPointExtension>
        </extensions>
      </trkpt>
      <trkpt lat="47.77366991154849529266357421875" lon="18.93865716643631458282470703125">
        <ele>276.79998779296875</ele>
        <time>2023-10-08T10:28:54.000Z</time>
        <extensions>
          <ns3:TrackPointExtension>
            <ns3:hr>101</ns3:hr>
          </ns3:TrackPointExtension>
        </extensions>
      </trkpt>
      <trkpt lat="47.77367259375751018524169921875" lon="18.93865750171244144439697265625">
        <ele>277</ele>
        <time>2023-10-08T10:29:06.000Z</time>
        <extensions>
          <ns3:TrackPointExtension>
            <ns3:hr>104</ns3:hr>
          </ns3:TrackPointExtension>
        </extensions>
      </trkpt>
      <trkpt lat="47.77375875972211360931396484375" lon="18.93873461522161960601806640625">
        <ele>281.79998779296875</ele>
        <time>2023-10-08T10:29:34.000Z</time>
        <extensions>
          <ns3:TrackPointExtension>
            <ns3:hr>104</ns3:hr>
          </ns3:TrackPointExtension>
        </extensions>
      </trkpt>
      <trkpt lat="47.77380301617085933685302734375" lon="18.93876814283430576324462890625">
        <ele>284</ele>
        <time>2023-10-08T10:29:37.000Z</time>
        <extensions>
          <ns3:TrackPointExtension>
            <ns3:hr>107</ns3:hr>
          </ns3:TrackPointExtension>
        </extensions>
      </trkpt>
      <trkpt lat="47.77382715605199337005615234375" lon="18.93878188915550708770751953125">
        <ele>285</ele>
        <time>2023-10-08T10:29:40.000Z</time>
        <extensions>
          <ns3:TrackPointExtension>
            <ns3:hr>107</ns3:hr>
          </ns3:TrackPointExtension>
        </extensions>
      </trkpt>
      <trkpt lat="47.7738337777554988861083984375" lon="18.938794545829296112060546875">
        <ele>285.399993896484375</ele>
        <time>2023-10-08T10:29:41.000Z</time>
        <extensions>
          <ns3:TrackPointExtension>
            <ns3:hr>107</ns3:hr>
          </ns3:TrackPointExtension>
        </extensions>
      </trkpt>
      <trkpt lat="47.77386118657886981964111328125" lon="18.93881374038755893707275390625">
        <ele>286.79998779296875</ele>
        <time>2023-10-08T10:29:46.000Z</time>
        <extensions>
          <ns3:TrackPointExtension>
            <ns3:hr>106</ns3:hr>
          </ns3:TrackPointExtension>
        </extensions>
      </trkpt>
      <trkpt lat="47.77391617186367511749267578125" lon="18.9388416521251201629638671875">
        <ele>289.20001220703125</ele>
        <time>2023-10-08T10:29:53.000Z</time>
        <extensions>
          <ns3:TrackPointExtension>
            <ns3:hr>104</ns3:hr>
          </ns3:TrackPointExtension>
        </extensions>
      </trkpt>
      <trkpt lat="47.77392907999455928802490234375" lon="18.93886084668338298797607421875">
        <ele>290</ele>
        <time>2023-10-08T10:29:58.000Z</time>
        <extensions>
          <ns3:TrackPointExtension>
            <ns3:hr>107</ns3:hr>
          </ns3:TrackPointExtension>
        </extensions>
      </trkpt>
      <trkpt lat="47.77394232340157032012939453125" lon="18.93887241370975971221923828125">
        <ele>290.600006103515625</ele>
        <time>2023-10-08T10:30:00.000Z</time>
        <extensions>
          <ns3:TrackPointExtension>
            <ns3:hr>110</ns3:hr>
          </ns3:TrackPointExtension>
        </extensions>
      </trkpt>
      <trkpt lat="47.77400988154113292694091796875" lon="18.9389097131788730621337890625">
        <ele>293</ele>
        <time>2023-10-08T10:30:08.000Z</time>
        <extensions>
          <ns3:TrackPointExtension>
            <ns3:hr>111</ns3:hr>
          </ns3:TrackPointExtension>
        </extensions>
      </trkpt>
      <trkpt lat="47.77404340915381908416748046875" lon="18.93898732960224151611328125">
        <ele>294.79998779296875</ele>
        <time>2023-10-08T10:30:16.000Z</time>
        <extensions>
          <ns3:TrackPointExtension>
            <ns3:hr>110</ns3:hr>
          </ns3:TrackPointExtension>
        </extensions>
      </trkpt>
      <trkpt lat="47.7741019986569881439208984375" lon="18.9389933645725250244140625">
        <ele>296.20001220703125</ele>
        <time>2023-10-08T10:30:22.000Z</time>
        <extensions>
          <ns3:TrackPointExtension>
            <ns3:hr>108</ns3:hr>
          </ns3:TrackPointExtension>
        </extensions>
      </trkpt>
      <trkpt lat="47.7741345204412937164306640625" lon="18.93894600681960582733154296875">
        <ele>296.600006103515625</ele>
        <time>2023-10-08T10:30:29.000Z</time>
        <extensions>
          <ns3:TrackPointExtension>
            <ns3:hr>111</ns3:hr>
          </ns3:TrackPointExtension>
        </extensions>
      </trkpt>
      <trkpt lat="47.77413980104029178619384765625" lon="18.9389397203922271728515625">
        <ele>296.600006103515625</ele>
        <time>2023-10-08T10:30:30.000Z</time>
        <extensions>
          <ns3:TrackPointExtension>
            <ns3:hr>111</ns3:hr>
          </ns3:TrackPointExtension>
        </extensions>
      </trkpt>
      <trkpt lat="47.7741620130836963653564453125" lon="18.9389103837311267852783203125">
        <ele>296.79998779296875</ele>
        <time>2023-10-08T10:30:35.000Z</time>
        <extensions>
          <ns3:TrackPointExtension>
            <ns3:hr>114</ns3:hr>
          </ns3:TrackPointExtension>
        </extensions>
      </trkpt>
      <trkpt lat="47.77417869307100772857666015625" lon="18.9388718269765377044677734375">
        <ele>296.79998779296875</ele>
        <time>2023-10-08T10:30:39.000Z</time>
        <extensions>
          <ns3:TrackPointExtension>
            <ns3:hr>113</ns3:hr>
          </ns3:TrackPointExtension>
        </extensions>
      </trkpt>
      <trkpt lat="47.77423535473644733428955078125" lon="18.93885497935116291046142578125">
        <ele>298.20001220703125</ele>
        <time>2023-10-08T10:30:47.000Z</time>
        <extensions>
          <ns3:TrackPointExtension>
            <ns3:hr>113</ns3:hr>
          </ns3:TrackPointExtension>
        </extensions>
      </trkpt>
      <trkpt lat="47.77427391149103641510009765625" lon="18.93876747228205204010009765625">
        <ele>298</ele>
        <time>2023-10-08T10:30:55.000Z</time>
        <extensions>
          <ns3:TrackPointExtension>
            <ns3:hr>111</ns3:hr>
          </ns3:TrackPointExtension>
        </extensions>
      </trkpt>
      <trkpt lat="47.77432202361524105072021484375" lon="18.93869454972445964813232421875">
        <ele>297.79998779296875</ele>
        <time>2023-10-08T10:31:05.000Z</time>
        <extensions>
          <ns3:TrackPointExtension>
            <ns3:hr>109</ns3:hr>
          </ns3:TrackPointExtension>
        </extensions>
      </trkpt>
      <trkpt lat="47.77435169555246829986572265625" lon="18.93867024220526218414306640625">
        <ele>298</ele>
        <time>2023-10-08T10:31:11.000Z</time>
        <extensions>
          <ns3:TrackPointExtension>
            <ns3:hr>106</ns3:hr>
          </ns3:TrackPointExtension>
        </extensions>
      </trkpt>
      <trkpt lat="47.77436477132141590118408203125" lon="18.93866051919758319854736328125">
        <ele>298.20001220703125</ele>
        <time>2023-10-08T10:31:12.000Z</time>
        <extensions>
          <ns3:TrackPointExtension>
            <ns3:hr>109</ns3:hr>
          </ns3:TrackPointExtension>
        </extensions>
      </trkpt>
      <trkpt lat="47.77440517209470272064208984375" lon="18.9386124908924102783203125">
        <ele>298.20001220703125</ele>
        <time>2023-10-08T10:31:17.000Z</time>
        <extensions>
          <ns3:TrackPointExtension>
            <ns3:hr>107</ns3:hr>
          </ns3:TrackPointExtension>
        </extensions>
      </trkpt>
      <trkpt lat="47.77444590814411640167236328125" lon="18.9385794661939144134521484375">
        <ele>298.79998779296875</ele>
        <time>2023-10-08T10:31:24.000Z</time>
        <extensions>
          <ns3:TrackPointExtension>
            <ns3:hr>106</ns3:hr>
          </ns3:TrackPointExtension>
        </extensions>
      </trkpt>
      <trkpt lat="47.7744731493294239044189453125" lon="18.93847594968974590301513671875">
        <ele>298.20001220703125</ele>
        <time>2023-10-08T10:31:30.000Z</time>
        <extensions>
          <ns3:TrackPointExtension>
            <ns3:hr>104</ns3:hr>
          </ns3:TrackPointExtension>
        </extensions>
      </trkpt>
      <trkpt lat="47.77453408576548099517822265625" lon="18.93841526471078395843505859375">
        <ele>298.600006103515625</ele>
        <time>2023-10-08T10:31:37.000Z</time>
        <extensions>
          <ns3:TrackPointExtension>
            <ns3:hr>106</ns3:hr>
          </ns3:TrackPointExtension>
        </extensions>
      </trkpt>
      <trkpt lat="47.7746025659143924713134765625" lon="18.9383692480623722076416015625">
        <ele>299</ele>
        <time>2023-10-08T10:31:44.000Z</time>
        <extensions>
          <ns3:TrackPointExtension>
            <ns3:hr>104</ns3:hr>
          </ns3:TrackPointExtension>
        </extensions>
      </trkpt>
      <trkpt lat="47.7746210061013698577880859375" lon="18.93835407681763172149658203125">
        <ele>299</ele>
        <time>2023-10-08T10:31:47.000Z</time>
        <extensions>
          <ns3:TrackPointExtension>
            <ns3:hr>108</ns3:hr>
          </ns3:TrackPointExtension>
        </extensions>
      </trkpt>
      <trkpt lat="47.77465679682791233062744140625" lon="18.9383263327181339263916015625">
        <ele>299.20001220703125</ele>
        <time>2023-10-08T10:31:49.000Z</time>
        <extensions>
          <ns3:TrackPointExtension>
            <ns3:hr>104</ns3:hr>
          </ns3:TrackPointExtension>
        </extensions>
      </trkpt>
      <trkpt lat="47.77467607520520687103271484375" lon="18.93830596469342708587646484375">
        <ele>299.20001220703125</ele>
        <time>2023-10-08T10:31:51.000Z</time>
        <extensions>
          <ns3:TrackPointExtension>
            <ns3:hr>104</ns3:hr>
          </ns3:TrackPointExtension>
        </extensions>
      </trkpt>
      <trkpt lat="47.77471882291138172149658203125" lon="18.9382700063288211822509765625">
        <ele>299.600006103515625</ele>
        <time>2023-10-08T10:31:58.000Z</time>
        <extensions>
          <ns3:TrackPointExtension>
            <ns3:hr>103</ns3:hr>
          </ns3:TrackPointExtension>
        </extensions>
      </trkpt>
      <trkpt lat="47.77478503994643688201904296875" lon="18.93823203630745410919189453125">
        <ele>300.399993896484375</ele>
        <time>2023-10-08T10:32:08.000Z</time>
        <extensions>
          <ns3:TrackPointExtension>
            <ns3:hr>103</ns3:hr>
          </ns3:TrackPointExtension>
        </extensions>
      </trkpt>
      <trkpt lat="47.77484270744025707244873046875" lon="18.9381895400583744049072265625">
        <ele>300.79998779296875</ele>
        <time>2023-10-08T10:32:15.000Z</time>
        <extensions>
          <ns3:TrackPointExtension>
            <ns3:hr>101</ns3:hr>
          </ns3:TrackPointExtension>
        </extensions>
      </trkpt>
      <trkpt lat="47.77491931803524494171142578125" lon="18.938142769038677215576171875">
        <ele>301.399993896484375</ele>
        <time>2023-10-08T10:32:24.000Z</time>
        <extensions>
          <ns3:TrackPointExtension>
            <ns3:hr>101</ns3:hr>
          </ns3:TrackPointExtension>
        </extensions>
      </trkpt>
      <trkpt lat="47.77495351620018482208251953125" lon="18.93812374211847782135009765625">
        <ele>301.600006103515625</ele>
        <time>2023-10-08T10:32:30.000Z</time>
        <extensions>
          <ns3:TrackPointExtension>
            <ns3:hr>100</ns3:hr>
          </ns3:TrackPointExtension>
        </extensions>
      </trkpt>
      <trkpt lat="47.77500917203724384307861328125" lon="18.938125669956207275390625">
        <ele>302.399993896484375</ele>
        <time>2023-10-08T10:32:36.000Z</time>
        <extensions>
          <ns3:TrackPointExtension>
            <ns3:hr>100</ns3:hr>
          </ns3:TrackPointExtension>
        </extensions>
      </trkpt>
      <trkpt lat="47.7750595472753047943115234375" lon="18.9381043799221515655517578125">
        <ele>303.399993896484375</ele>
        <time>2023-10-08T10:32:43.000Z</time>
        <extensions>
          <ns3:TrackPointExtension>
            <ns3:hr>101</ns3:hr>
          </ns3:TrackPointExtension>
        </extensions>
      </trkpt>
      <trkpt lat="47.77509458363056182861328125" lon="18.93806356005370616912841796875">
        <ele>303.79998779296875</ele>
        <time>2023-10-08T10:32:48.000Z</time>
        <extensions>
          <ns3:TrackPointExtension>
            <ns3:hr>102</ns3:hr>
          </ns3:TrackPointExtension>
        </extensions>
      </trkpt>
      <trkpt lat="47.77513020671904087066650390625" lon="18.93807135522365570068359375">
        <ele>304</ele>
        <time>2023-10-08T10:32:51.000Z</time>
        <extensions>
          <ns3:TrackPointExtension>
            <ns3:hr>101</ns3:hr>
          </ns3:TrackPointExtension>
        </extensions>
      </trkpt>
      <trkpt lat="47.77517194859683513641357421875" lon="18.93796230666339397430419921875">
        <ele>304</ele>
        <time>2023-10-08T10:33:01.000Z</time>
        <extensions>
          <ns3:TrackPointExtension>
            <ns3:hr>103</ns3:hr>
          </ns3:TrackPointExtension>
        </extensions>
      </trkpt>
      <trkpt lat="47.7752167917788028717041015625" lon="18.93787262029945850372314453125">
        <ele>304.399993896484375</ele>
        <time>2023-10-08T10:33:11.000Z</time>
        <extensions>
          <ns3:TrackPointExtension>
            <ns3:hr>104</ns3:hr>
          </ns3:TrackPointExtension>
        </extensions>
      </trkpt>
      <trkpt lat="47.77524621225893497467041015625" lon="18.9378358237445354461669921875">
        <ele>304.600006103515625</ele>
        <time>2023-10-08T10:33:17.000Z</time>
        <extensions>
          <ns3:TrackPointExtension>
            <ns3:hr>106</ns3:hr>
          </ns3:TrackPointExtension>
        </extensions>
      </trkpt>
      <trkpt lat="47.775294072926044464111328125" lon="18.9377783238887786865234375">
        <ele>305.399993896484375</ele>
        <time>2023-10-08T10:33:26.000Z</time>
        <extensions>
          <ns3:TrackPointExtension>
            <ns3:hr>106</ns3:hr>
          </ns3:TrackPointExtension>
        </extensions>
      </trkpt>
      <trkpt lat="47.77532516978681087493896484375" lon="18.9377496577799320220947265625">
        <ele>306</ele>
        <time>2023-10-08T10:33:32.000Z</time>
        <extensions>
          <ns3:TrackPointExtension>
            <ns3:hr>106</ns3:hr>
          </ns3:TrackPointExtension>
        </extensions>
      </trkpt>
      <trkpt lat="47.77534679509699344635009765625" lon="18.93766759894788265228271484375">
        <ele>306.79998779296875</ele>
        <time>2023-10-08T10:33:39.000Z</time>
        <extensions>
          <ns3:TrackPointExtension>
            <ns3:hr>107</ns3:hr>
          </ns3:TrackPointExtension>
        </extensions>
      </trkpt>
      <trkpt lat="47.775343693792819976806640625" lon="18.9376252703368663787841796875">
        <ele>306.79998779296875</ele>
        <time>2023-10-08T10:33:43.000Z</time>
        <extensions>
          <ns3:TrackPointExtension>
            <ns3:hr>110</ns3:hr>
          </ns3:TrackPointExtension>
        </extensions>
      </trkpt>
      <trkpt lat="47.77534495107829570770263671875" lon="18.9376061595976352691650390625">
        <ele>307</ele>
        <time>2023-10-08T10:33:45.000Z</time>
        <extensions>
          <ns3:TrackPointExtension>
            <ns3:hr>106</ns3:hr>
          </ns3:TrackPointExtension>
        </extensions>
      </trkpt>
      <trkpt lat="47.77534981258213520050048828125" lon="18.937567770481109619140625">
        <ele>307.399993896484375</ele>
        <time>2023-10-08T10:33:48.000Z</time>
        <extensions>
          <ns3:TrackPointExtension>
            <ns3:hr>103</ns3:hr>
          </ns3:TrackPointExtension>
        </extensions>
      </trkpt>
      <trkpt lat="47.77535475790500640869140625" lon="18.93754832446575164794921875">
        <ele>307.79998779296875</ele>
        <time>2023-10-08T10:33:50.000Z</time>
        <extensions>
          <ns3:TrackPointExtension>
            <ns3:hr>103</ns3:hr>
          </ns3:TrackPointExtension>
        </extensions>
      </trkpt>
      <trkpt lat="47.77539624832570552825927734375" lon="18.9374730549752712249755859375">
        <ele>309.20001220703125</ele>
        <time>2023-10-08T10:33:58.000Z</time>
        <extensions>
          <ns3:TrackPointExtension>
            <ns3:hr>105</ns3:hr>
          </ns3:TrackPointExtension>
        </extensions>
      </trkpt>
      <trkpt lat="47.77541217394173145294189453125" lon="18.93739837221801280975341796875">
        <ele>310.20001220703125</ele>
        <time>2023-10-08T10:34:04.000Z</time>
        <extensions>
          <ns3:TrackPointExtension>
            <ns3:hr>103</ns3:hr>
          </ns3:TrackPointExtension>
        </extensions>
      </trkpt>
      <trkpt lat="47.77547017671167850494384765625" lon="18.93730298615992069244384765625">
        <ele>311.399993896484375</ele>
        <time>2023-10-08T10:34:14.000Z</time>
        <extensions>
          <ns3:TrackPointExtension>
            <ns3:hr>102</ns3:hr>
          </ns3:TrackPointExtension>
        </extensions>
      </trkpt>
      <trkpt lat="47.7754856832325458526611328125" lon="18.9372625015676021575927734375">
        <ele>311.79998779296875</ele>
        <time>2023-10-08T10:34:22.000Z</time>
        <extensions>
          <ns3:TrackPointExtension>
            <ns3:hr>102</ns3:hr>
          </ns3:TrackPointExtension>
        </extensions>
      </trkpt>
      <trkpt lat="47.77549766935408115386962890625" lon="18.93725235946476459503173828125">
        <ele>311.79998779296875</ele>
        <time>2023-10-08T10:34:27.000Z</time>
        <extensions>
          <ns3:TrackPointExtension>
            <ns3:hr>101</ns3:hr>
          </ns3:TrackPointExtension>
        </extensions>
      </trkpt>
      <trkpt lat="47.7755171991884708404541015625" lon="18.93723576329648494720458984375">
        <ele>312.20001220703125</ele>
        <time>2023-10-08T10:34:34.000Z</time>
        <extensions>
          <ns3:TrackPointExtension>
            <ns3:hr>102</ns3:hr>
          </ns3:TrackPointExtension>
        </extensions>
      </trkpt>
      <trkpt lat="47.7755389921367168426513671875" lon="18.93718949519097805023193359375">
        <ele>312.79998779296875</ele>
        <time>2023-10-08T10:34:41.000Z</time>
        <extensions>
          <ns3:TrackPointExtension>
            <ns3:hr>102</ns3:hr>
          </ns3:TrackPointExtension>
        </extensions>
      </trkpt>
      <trkpt lat="47.77556003071367740631103515625" lon="18.93717541359364986419677734375">
        <ele>313.20001220703125</ele>
        <time>2023-10-08T10:34:46.000Z</time>
        <extensions>
          <ns3:TrackPointExtension>
            <ns3:hr>99</ns3:hr>
          </ns3:TrackPointExtension>
        </extensions>
      </trkpt>
      <trkpt lat="47.77556522749364376068115234375" lon="18.93716502003371715545654296875">
        <ele>313.399993896484375</ele>
        <time>2023-10-08T10:34:48.000Z</time>
        <extensions>
          <ns3:TrackPointExtension>
            <ns3:hr>102</ns3:hr>
          </ns3:TrackPointExtension>
        </extensions>
      </trkpt>
      <trkpt lat="47.77557201683521270751953125" lon="18.93714523874223232269287109375">
        <ele>313.600006103515625</ele>
        <time>2023-10-08T10:34:52.000Z</time>
        <extensions>
          <ns3:TrackPointExtension>
            <ns3:hr>99</ns3:hr>
          </ns3:TrackPointExtension>
        </extensions>
      </trkpt>
      <trkpt lat="47.77558668516576290130615234375" lon="18.9371280558407306671142578125">
        <ele>313.79998779296875</ele>
        <time>2023-10-08T10:34:55.000Z</time>
        <extensions>
          <ns3:TrackPointExtension>
            <ns3:hr>100</ns3:hr>
          </ns3:TrackPointExtension>
        </extensions>
      </trkpt>
      <trkpt lat="47.77559624053537845611572265625" lon="18.93709125928580760955810546875">
        <ele>314.399993896484375</ele>
        <time>2023-10-08T10:35:01.000Z</time>
        <extensions>
          <ns3:TrackPointExtension>
            <ns3:hr>103</ns3:hr>
          </ns3:TrackPointExtension>
        </extensions>
      </trkpt>
      <trkpt lat="47.77562297880649566650390625" lon="18.93705706112086772918701171875">
        <ele>314.79998779296875</ele>
        <time>2023-10-08T10:35:07.000Z</time>
        <extensions>
          <ns3:TrackPointExtension>
            <ns3:hr>106</ns3:hr>
          </ns3:TrackPointExtension>
        </extensions>
      </trkpt>
      <trkpt lat="47.77562960051000118255615234375" lon="18.93702931702136993408203125">
        <ele>315</ele>
        <time>2023-10-08T10:35:10.000Z</time>
        <extensions>
          <ns3:TrackPointExtension>
            <ns3:hr>103</ns3:hr>
          </ns3:TrackPointExtension>
        </extensions>
      </trkpt>
      <trkpt lat="47.7756358869373798370361328125" lon="18.93701590597629547119140625">
        <ele>315.20001220703125</ele>
        <time>2023-10-08T10:35:12.000Z</time>
        <extensions>
          <ns3:TrackPointExtension>
            <ns3:hr>106</ns3:hr>
          </ns3:TrackPointExtension>
        </extensions>
      </trkpt>
      <trkpt lat="47.775669582188129425048828125" lon="18.93698179163038730621337890625">
        <ele>316</ele>
        <time>2023-10-08T10:35:17.000Z</time>
        <extensions>
          <ns3:TrackPointExtension>
            <ns3:hr>108</ns3:hr>
          </ns3:TrackPointExtension>
        </extensions>
      </trkpt>
      <trkpt lat="47.77569280005991458892822265625" lon="18.93692244775593280792236328125">
        <ele>316.600006103515625</ele>
        <time>2023-10-08T10:35:26.000Z</time>
        <extensions>
          <ns3:TrackPointExtension>
            <ns3:hr>109</ns3:hr>
          </ns3:TrackPointExtension>
        </extensions>
      </trkpt>
      <trkpt lat="47.7757237292826175689697265625" lon="18.9368812926113605499267578125">
        <ele>317.399993896484375</ele>
        <time>2023-10-08T10:35:32.000Z</time>
        <extensions>
          <ns3:TrackPointExtension>
            <ns3:hr>106</ns3:hr>
          </ns3:TrackPointExtension>
        </extensions>
      </trkpt>
      <trkpt lat="47.77572900988161563873291015625" lon="18.936876766383647918701171875">
        <ele>317.399993896484375</ele>
        <time>2023-10-08T10:35:33.000Z</time>
        <extensions>
          <ns3:TrackPointExtension>
            <ns3:hr>108</ns3:hr>
          </ns3:TrackPointExtension>
        </extensions>
      </trkpt>
      <trkpt lat="47.77575365267693996429443359375" lon="18.9368242956697940826416015625">
        <ele>318</ele>
        <time>2023-10-08T10:35:41.000Z</time>
        <extensions>
          <ns3:TrackPointExtension>
            <ns3:hr>109</ns3:hr>
          </ns3:TrackPointExtension>
        </extensions>
      </trkpt>
      <trkpt lat="47.77579472400248050689697265625" lon="18.93671474419534206390380859375">
        <ele>319</ele>
        <time>2023-10-08T10:35:51.000Z</time>
        <extensions>
          <ns3:TrackPointExtension>
            <ns3:hr>108</ns3:hr>
          </ns3:TrackPointExtension>
        </extensions>
      </trkpt>
      <trkpt lat="47.7757991664111614227294921875" lon="18.9366657100617885589599609375">
        <ele>319</ele>
        <time>2023-10-08T10:35:56.000Z</time>
        <extensions>
          <ns3:TrackPointExtension>
            <ns3:hr>109</ns3:hr>
          </ns3:TrackPointExtension>
        </extensions>
      </trkpt>
      <trkpt lat="47.77582204900681972503662109375" lon="18.93657225184142589569091796875">
        <ele>319.399993896484375</ele>
        <time>2023-10-08T10:36:04.000Z</time>
        <extensions>
          <ns3:TrackPointExtension>
            <ns3:hr>111</ns3:hr>
          </ns3:TrackPointExtension>
        </extensions>
      </trkpt>
      <trkpt lat="47.77583344839513301849365234375" lon="18.93648290075361728668212890625">
        <ele>319.399993896484375</ele>
        <time>2023-10-08T10:36:11.000Z</time>
        <extensions>
          <ns3:TrackPointExtension>
            <ns3:hr>111</ns3:hr>
          </ns3:TrackPointExtension>
        </extensions>
      </trkpt>
      <trkpt lat="47.77586705982685089111328125" lon="18.93642523325979709625244140625">
        <ele>320</ele>
        <time>2023-10-08T10:36:18.000Z</time>
        <extensions>
          <ns3:TrackPointExtension>
            <ns3:hr>113</ns3:hr>
          </ns3:TrackPointExtension>
        </extensions>
      </trkpt>
      <trkpt lat="47.7758652158081531524658203125" lon="18.93638382665812969207763671875">
        <ele>319.79998779296875</ele>
        <time>2023-10-08T10:36:25.000Z</time>
        <extensions>
          <ns3:TrackPointExtension>
            <ns3:hr>115</ns3:hr>
          </ns3:TrackPointExtension>
        </extensions>
      </trkpt>
      <trkpt lat="47.77586345560848712921142578125" lon="18.93631258048117160797119140625">
        <ele>319.79998779296875</ele>
        <time>2023-10-08T10:36:32.000Z</time>
        <extensions>
          <ns3:TrackPointExtension>
            <ns3:hr>114</ns3:hr>
          </ns3:TrackPointExtension>
        </extensions>
      </trkpt>
      <trkpt lat="47.775879465043544769287109375" lon="18.93623161129653453826904296875">
        <ele>320.20001220703125</ele>
        <time>2023-10-08T10:36:41.000Z</time>
        <extensions>
          <ns3:TrackPointExtension>
            <ns3:hr>112</ns3:hr>
          </ns3:TrackPointExtension>
        </extensions>
      </trkpt>
      <trkpt lat="47.77593168430030345916748046875" lon="18.93621392548084259033203125">
        <ele>321.600006103515625</ele>
        <time>2023-10-08T10:36:48.000Z</time>
        <extensions>
          <ns3:TrackPointExtension>
            <ns3:hr>111</ns3:hr>
          </ns3:TrackPointExtension>
        </extensions>
      </trkpt>
      <trkpt lat="47.77596806176006793975830078125" lon="18.93610923551023006439208984375">
        <ele>322.600006103515625</ele>
        <time>2023-10-08T10:36:55.000Z</time>
        <extensions>
          <ns3:TrackPointExtension>
            <ns3:hr>109</ns3:hr>
          </ns3:TrackPointExtension>
        </extensions>
      </trkpt>
      <trkpt lat="47.775998152792453765869140625" lon="18.93602709285914897918701171875">
        <ele>323.600006103515625</ele>
        <time>2023-10-08T10:37:02.000Z</time>
        <extensions>
          <ns3:TrackPointExtension>
            <ns3:hr>108</ns3:hr>
          </ns3:TrackPointExtension>
        </extensions>
      </trkpt>
      <trkpt lat="47.77602874673902988433837890625" lon="18.93596003763377666473388671875">
        <ele>324.79998779296875</ele>
        <time>2023-10-08T10:37:08.000Z</time>
        <extensions>
          <ns3:TrackPointExtension>
            <ns3:hr>105</ns3:hr>
          </ns3:TrackPointExtension>
        </extensions>
      </trkpt>
      <trkpt lat="47.7760412357747554779052734375" lon="18.93592567183077335357666015625">
        <ele>325.20001220703125</ele>
        <time>2023-10-08T10:37:12.000Z</time>
        <extensions>
          <ns3:TrackPointExtension>
            <ns3:hr>104</ns3:hr>
          </ns3:TrackPointExtension>
        </extensions>
      </trkpt>
      <trkpt lat="47.77606420218944549560546875" lon="18.93584453500807285308837890625">
        <ele>326</ele>
        <time>2023-10-08T10:37:19.000Z</time>
        <extensions>
          <ns3:TrackPointExtension>
            <ns3:hr>104</ns3:hr>
          </ns3:TrackPointExtension>
        </extensions>
      </trkpt>
      <trkpt lat="47.776077948510646820068359375" lon="18.935776054859161376953125">
        <ele>326.600006103515625</ele>
        <time>2023-10-08T10:37:26.000Z</time>
        <extensions>
          <ns3:TrackPointExtension>
            <ns3:hr>104</ns3:hr>
          </ns3:TrackPointExtension>
        </extensions>
      </trkpt>
      <trkpt lat="47.7760962210595607757568359375" lon="18.9357487298548221588134765625">
        <ele>327.399993896484375</ele>
        <time>2023-10-08T10:37:31.000Z</time>
        <extensions>
          <ns3:TrackPointExtension>
            <ns3:hr>103</ns3:hr>
          </ns3:TrackPointExtension>
        </extensions>
      </trkpt>
      <trkpt lat="47.7761072851717472076416015625" lon="18.93569047562777996063232421875">
        <ele>328</ele>
        <time>2023-10-08T10:37:39.000Z</time>
        <extensions>
          <ns3:TrackPointExtension>
            <ns3:hr>103</ns3:hr>
          </ns3:TrackPointExtension>
        </extensions>
      </trkpt>
      <trkpt lat="47.77610217221081256866455078125" lon="18.93560246564447879791259765625">
        <ele>328.399993896484375</ele>
        <time>2023-10-08T10:37:47.000Z</time>
        <extensions>
          <ns3:TrackPointExtension>
            <ns3:hr>104</ns3:hr>
          </ns3:TrackPointExtension>
        </extensions>
      </trkpt>
      <trkpt lat="47.77610401622951030731201171875" lon="18.93556491471827030181884765625">
        <ele>328.600006103515625</ele>
        <time>2023-10-08T10:37:50.000Z</time>
        <extensions>
          <ns3:TrackPointExtension>
            <ns3:hr>101</ns3:hr>
          </ns3:TrackPointExtension>
        </extensions>
      </trkpt>
      <trkpt lat="47.776104100048542022705078125" lon="18.93550850450992584228515625">
        <ele>328.79998779296875</ele>
        <time>2023-10-08T10:37:54.000Z</time>
        <extensions>
          <ns3:TrackPointExtension>
            <ns3:hr>98</ns3:hr>
          </ns3:TrackPointExtension>
        </extensions>
      </trkpt>
      <trkpt lat="47.7761049382388591766357421875" lon="18.93550137989223003387451171875">
        <ele>329</ele>
        <time>2023-10-08T10:37:55.000Z</time>
        <extensions>
          <ns3:TrackPointExtension>
            <ns3:hr>97</ns3:hr>
          </ns3:TrackPointExtension>
        </extensions>
      </trkpt>
      <trkpt lat="47.77611122466623783111572265625" lon="18.93542057834565639495849609375">
        <ele>329.399993896484375</ele>
        <time>2023-10-08T10:38:02.000Z</time>
        <extensions>
          <ns3:TrackPointExtension>
            <ns3:hr>96</ns3:hr>
          </ns3:TrackPointExtension>
        </extensions>
      </trkpt>
      <trkpt lat="47.776101417839527130126953125" lon="18.935331143438816070556640625">
        <ele>329.20001220703125</ele>
        <time>2023-10-08T10:38:11.000Z</time>
        <extensions>
          <ns3:TrackPointExtension>
            <ns3:hr>95</ns3:hr>
          </ns3:TrackPointExtension>
        </extensions>
      </trkpt>
      <trkpt lat="47.7760650403797626495361328125" lon="18.93527247011661529541015625">
        <ele>328</ele>
        <time>2023-10-08T10:38:18.000Z</time>
        <extensions>
          <ns3:TrackPointExtension>
            <ns3:hr>95</ns3:hr>
          </ns3:TrackPointExtension>
        </extensions>
      </trkpt>
      <trkpt lat="47.77606897987425327301025390625" lon="18.935201056301593780517578125">
        <ele>328.20001220703125</ele>
        <time>2023-10-08T10:38:26.000Z</time>
        <extensions>
          <ns3:TrackPointExtension>
            <ns3:hr>94</ns3:hr>
          </ns3:TrackPointExtension>
        </extensions>
      </trkpt>
      <trkpt lat="47.776075936853885650634765625" lon="18.93515788950026035308837890625">
        <ele>328.399993896484375</ele>
        <time>2023-10-08T10:38:32.000Z</time>
        <extensions>
          <ns3:TrackPointExtension>
            <ns3:hr>94</ns3:hr>
          </ns3:TrackPointExtension>
        </extensions>
      </trkpt>
      <trkpt lat="47.77606286108493804931640625" lon="18.93513559363782405853271484375">
        <ele>328</ele>
        <time>2023-10-08T10:38:34.000Z</time>
        <extensions>
          <ns3:TrackPointExtension>
            <ns3:hr>95</ns3:hr>
          </ns3:TrackPointExtension>
        </extensions>
      </trkpt>
      <trkpt lat="47.7760590054094791412353515625" lon="18.93511614762246608734130859375">
        <ele>327.79998779296875</ele>
        <time>2023-10-08T10:38:38.000Z</time>
        <extensions>
          <ns3:TrackPointExtension>
            <ns3:hr>95</ns3:hr>
          </ns3:TrackPointExtension>
        </extensions>
      </trkpt>
      <trkpt lat="47.7760704047977924346923828125" lon="18.9350372739136219024658203125">
        <ele>328.20001220703125</ele>
        <time>2023-10-08T10:38:44.000Z</time>
        <extensions>
          <ns3:TrackPointExtension>
            <ns3:hr>92</ns3:hr>
          </ns3:TrackPointExtension>
        </extensions>
      </trkpt>
      <trkpt lat="47.77606864459812641143798828125" lon="18.9350252039730548858642578125">
        <ele>328.20001220703125</ele>
        <time>2023-10-08T10:38:45.000Z</time>
        <extensions>
          <ns3:TrackPointExtension>
            <ns3:hr>92</ns3:hr>
          </ns3:TrackPointExtension>
        </extensions>
      </trkpt>
      <trkpt lat="47.776065208017826080322265625" lon="18.93499125726521015167236328125">
        <ele>328</ele>
        <time>2023-10-08T10:38:48.000Z</time>
        <extensions>
          <ns3:TrackPointExtension>
            <ns3:hr>99</ns3:hr>
          </ns3:TrackPointExtension>
        </extensions>
      </trkpt>
      <trkpt lat="47.7760616876184940338134765625" lon="18.93496175296604633331298828125">
        <ele>327.79998779296875</ele>
        <time>2023-10-08T10:38:50.000Z</time>
        <extensions>
          <ns3:TrackPointExtension>
            <ns3:hr>103</ns3:hr>
          </ns3:TrackPointExtension>
        </extensions>
      </trkpt>
      <trkpt lat="47.77606344781816005706787109375" lon="18.93493115901947021484375">
        <ele>327.79998779296875</ele>
        <time>2023-10-08T10:38:52.000Z</time>
        <extensions>
          <ns3:TrackPointExtension>
            <ns3:hr>106</ns3:hr>
          </ns3:TrackPointExtension>
        </extensions>
      </trkpt>
      <trkpt lat="47.776063866913318634033203125" lon="18.9349232800304889678955078125">
        <ele>327.79998779296875</ele>
        <time>2023-10-08T10:38:53.000Z</time>
        <extensions>
          <ns3:TrackPointExtension>
            <ns3:hr>110</ns3:hr>
          </ns3:TrackPointExtension>
        </extensions>
      </trkpt>
      <trkpt lat="47.776049785315990447998046875" lon="18.934877850115299224853515625">
        <ele>327.20001220703125</ele>
        <time>2023-10-08T10:38:56.000Z</time>
        <extensions>
          <ns3:TrackPointExtension>
            <ns3:hr>111</ns3:hr>
          </ns3:TrackPointExtension>
        </extensions>
      </trkpt>
      <trkpt lat="47.77606822550296783447265625" lon="18.93485731445252895355224609375">
        <ele>327.600006103515625</ele>
        <time>2023-10-08T10:39:00.000Z</time>
        <extensions>
          <ns3:TrackPointExtension>
            <ns3:hr>115</ns3:hr>
          </ns3:TrackPointExtension>
        </extensions>
      </trkpt>
      <trkpt lat="47.77606629766523838043212890625" lon="18.93481691367924213409423828125">
        <ele>327.399993896484375</ele>
        <time>2023-10-08T10:39:03.000Z</time>
        <extensions>
          <ns3:TrackPointExtension>
            <ns3:hr>114</ns3:hr>
          </ns3:TrackPointExtension>
        </extensions>
      </trkpt>
      <trkpt lat="47.77609613724052906036376953125" lon="18.9347553066909313201904296875">
        <ele>327.79998779296875</ele>
        <time>2023-10-08T10:39:08.000Z</time>
        <extensions>
          <ns3:TrackPointExtension>
            <ns3:hr>111</ns3:hr>
          </ns3:TrackPointExtension>
        </extensions>
      </trkpt>
      <trkpt lat="47.77610854245722293853759765625" lon="18.93469135276973247528076171875">
        <ele>327.600006103515625</ele>
        <time>2023-10-08T10:39:13.000Z</time>
        <extensions>
          <ns3:TrackPointExtension>
            <ns3:hr>109</ns3:hr>
          </ns3:TrackPointExtension>
        </extensions>
      </trkpt>
      <trkpt lat="47.7761240489780902862548828125" lon="18.93458314239978790283203125">
        <ele>327.20001220703125</ele>
        <time>2023-10-08T10:39:22.000Z</time>
        <extensions>
          <ns3:TrackPointExtension>
            <ns3:hr>108</ns3:hr>
          </ns3:TrackPointExtension>
        </extensions>
      </trkpt>
      <trkpt lat="47.776115834712982177734375" lon="18.93450996838510036468505859375">
        <ele>326.20001220703125</ele>
        <time>2023-10-08T10:39:29.000Z</time>
        <extensions>
          <ns3:TrackPointExtension>
            <ns3:hr>108</ns3:hr>
          </ns3:TrackPointExtension>
        </extensions>
      </trkpt>
      <trkpt lat="47.77610485441982746124267578125" lon="18.93447878770530223846435546875">
        <ele>325.399993896484375</ele>
        <time>2023-10-08T10:39:36.000Z</time>
        <extensions>
          <ns3:TrackPointExtension>
            <ns3:hr>110</ns3:hr>
          </ns3:TrackPointExtension>
        </extensions>
      </trkpt>
      <trkpt lat="47.77610803954303264617919921875" lon="18.93447040580213069915771484375">
        <ele>325.399993896484375</ele>
        <time>2023-10-08T10:39:45.000Z</time>
        <extensions>
          <ns3:TrackPointExtension>
            <ns3:hr>111</ns3:hr>
          </ns3:TrackPointExtension>
        </extensions>
      </trkpt>
      <trkpt lat="47.77610803954303264617919921875" lon="18.93446437083184719085693359375">
        <ele>325.399993896484375</ele>
        <time>2023-10-08T10:40:01.000Z</time>
        <extensions>
          <ns3:TrackPointExtension>
            <ns3:hr>114</ns3:hr>
          </ns3:TrackPointExtension>
        </extensions>
      </trkpt>
      <trkpt lat="47.7761666290462017059326171875" lon="18.93430016934871673583984375">
        <ele>325.399993896484375</ele>
        <time>2023-10-08T10:40:08.000Z</time>
        <extensions>
          <ns3:TrackPointExtension>
            <ns3:hr>114</ns3:hr>
          </ns3:TrackPointExtension>
        </extensions>
      </trkpt>
      <trkpt lat="47.77621281333267688751220703125" lon="18.9341769553720951080322265625">
        <ele>325.600006103515625</ele>
        <time>2023-10-08T10:40:15.000Z</time>
        <extensions>
          <ns3:TrackPointExtension>
            <ns3:hr>111</ns3:hr>
          </ns3:TrackPointExtension>
        </extensions>
      </trkpt>
      <trkpt lat="47.77622253634035587310791015625" lon="18.934149630367755889892578125">
        <ele>325.600006103515625</ele>
        <time>2023-10-08T10:40:18.000Z</time>
        <extensions>
          <ns3:TrackPointExtension>
            <ns3:hr>110</ns3:hr>
          </ns3:TrackPointExtension>
        </extensions>
      </trkpt>
      <trkpt lat="47.77622991241514682769775390625" lon="18.93412322737276554107666015625">
        <ele>325.600006103515625</ele>
        <time>2023-10-08T10:40:21.000Z</time>
        <extensions>
          <ns3:TrackPointExtension>
            <ns3:hr>106</ns3:hr>
          </ns3:TrackPointExtension>
        </extensions>
      </trkpt>
      <trkpt lat="47.77624583803117275238037109375" lon="18.9340944774448871612548828125">
        <ele>325.79998779296875</ele>
        <time>2023-10-08T10:40:25.000Z</time>
        <extensions>
          <ns3:TrackPointExtension>
            <ns3:hr>103</ns3:hr>
          </ns3:TrackPointExtension>
        </extensions>
      </trkpt>
      <trkpt lat="47.77624919079244136810302734375" lon="18.93406002782285213470458984375">
        <ele>325.600006103515625</ele>
        <time>2023-10-08T10:40:27.000Z</time>
        <extensions>
          <ns3:TrackPointExtension>
            <ns3:hr>100</ns3:hr>
          </ns3:TrackPointExtension>
        </extensions>
      </trkpt>
      <trkpt lat="47.77626612223684787750244140625" lon="18.93396296538412570953369140625">
        <ele>324.79998779296875</ele>
        <time>2023-10-08T10:40:35.000Z</time>
        <extensions>
          <ns3:TrackPointExtension>
            <ns3:hr>99</ns3:hr>
          </ns3:TrackPointExtension>
        </extensions>
      </trkpt>
      <trkpt lat="47.776304595172405242919921875" lon="18.93385936506092548370361328125">
        <ele>324.600006103515625</ele>
        <time>2023-10-08T10:40:45.000Z</time>
        <extensions>
          <ns3:TrackPointExtension>
            <ns3:hr>100</ns3:hr>
          </ns3:TrackPointExtension>
        </extensions>
      </trkpt>
      <trkpt lat="47.7763064391911029815673828125" lon="18.933843187987804412841796875">
        <ele>324.399993896484375</ele>
        <time>2023-10-08T10:40:51.000Z</time>
        <extensions>
          <ns3:TrackPointExtension>
            <ns3:hr>99</ns3:hr>
          </ns3:TrackPointExtension>
        </extensions>
      </trkpt>
      <trkpt lat="47.77632848359644412994384765625" lon="18.93377202562987804412841796875">
        <ele>324.399993896484375</ele>
        <time>2023-10-08T10:40:58.000Z</time>
        <extensions>
          <ns3:TrackPointExtension>
            <ns3:hr>98</ns3:hr>
          </ns3:TrackPointExtension>
        </extensions>
      </trkpt>
      <trkpt lat="47.77633912861347198486328125" lon="18.93372173421084880828857421875">
        <ele>324.399993896484375</ele>
        <time>2023-10-08T10:41:04.000Z</time>
        <extensions>
          <ns3:TrackPointExtension>
            <ns3:hr>95</ns3:hr>
          </ns3:TrackPointExtension>
        </extensions>
      </trkpt>
      <trkpt lat="47.77632848359644412994384765625" lon="18.93369776196777820587158203125">
        <ele>324</ele>
        <time>2023-10-08T10:41:06.000Z</time>
        <extensions>
          <ns3:TrackPointExtension>
            <ns3:hr>96</ns3:hr>
          </ns3:TrackPointExtension>
        </extensions>
      </trkpt>
      <trkpt lat="47.7763439901173114776611328125" lon="18.93359248526394367218017578125">
        <ele>324.20001220703125</ele>
        <time>2023-10-08T10:41:14.000Z</time>
        <extensions>
          <ns3:TrackPointExtension>
            <ns3:hr>99</ns3:hr>
          </ns3:TrackPointExtension>
        </extensions>
      </trkpt>
      <trkpt lat="47.77634776197373867034912109375" lon="18.933580331504344940185546875">
        <ele>324.20001220703125</ele>
        <time>2023-10-08T10:41:15.000Z</time>
        <extensions>
          <ns3:TrackPointExtension>
            <ns3:hr>95</ns3:hr>
          </ns3:TrackPointExtension>
        </extensions>
      </trkpt>
      <trkpt lat="47.7763631008565425872802734375" lon="18.93353498540818691253662109375">
        <ele>324.600006103515625</ele>
        <time>2023-10-08T10:41:20.000Z</time>
        <extensions>
          <ns3:TrackPointExtension>
            <ns3:hr>95</ns3:hr>
          </ns3:TrackPointExtension>
        </extensions>
      </trkpt>
      <trkpt lat="47.77637726627290248870849609375" lon="18.93350363709032535552978515625">
        <ele>325</ele>
        <time>2023-10-08T10:41:23.000Z</time>
        <extensions>
          <ns3:TrackPointExtension>
            <ns3:hr>92</ns3:hr>
          </ns3:TrackPointExtension>
        </extensions>
      </trkpt>
      <trkpt lat="47.77638497762382030487060546875" lon="18.93349860794842243194580078125">
        <ele>325.20001220703125</ele>
        <time>2023-10-08T10:41:24.000Z</time>
        <extensions>
          <ns3:TrackPointExtension>
            <ns3:hr>95</ns3:hr>
          </ns3:TrackPointExtension>
        </extensions>
      </trkpt>
      <trkpt lat="47.77638732455670833587646484375" lon="18.93349207006394863128662109375">
        <ele>325.399993896484375</ele>
        <time>2023-10-08T10:41:25.000Z</time>
        <extensions>
          <ns3:TrackPointExtension>
            <ns3:hr>99</ns3:hr>
          </ns3:TrackPointExtension>
        </extensions>
      </trkpt>
      <trkpt lat="47.7763949520885944366455078125" lon="18.93348486162722110748291015625">
        <ele>325.600006103515625</ele>
        <time>2023-10-08T10:41:26.000Z</time>
        <extensions>
          <ns3:TrackPointExtension>
            <ns3:hr>95</ns3:hr>
          </ns3:TrackPointExtension>
        </extensions>
      </trkpt>
      <trkpt lat="47.77640241198241710662841796875" lon="18.93347580917179584503173828125">
        <ele>325.79998779296875</ele>
        <time>2023-10-08T10:41:27.000Z</time>
        <extensions>
          <ns3:TrackPointExtension>
            <ns3:hr>96</ns3:hr>
          </ns3:TrackPointExtension>
        </extensions>
      </trkpt>
      <trkpt lat="47.776416577398777008056640625" lon="18.93338955938816070556640625">
        <ele>327</ele>
        <time>2023-10-08T10:41:35.000Z</time>
        <extensions>
          <ns3:TrackPointExtension>
            <ns3:hr>97</ns3:hr>
          </ns3:TrackPointExtension>
        </extensions>
      </trkpt>
      <trkpt lat="47.776420600712299346923828125" lon="18.9333360828459262847900390625">
        <ele>327.600006103515625</ele>
        <time>2023-10-08T10:41:39.000Z</time>
        <extensions>
          <ns3:TrackPointExtension>
            <ns3:hr>100</ns3:hr>
          </ns3:TrackPointExtension>
        </extensions>
      </trkpt>
      <trkpt lat="47.7764227800071239471435546875" lon="18.93331839703023433685302734375">
        <ele>327.79998779296875</ele>
        <time>2023-10-08T10:41:43.000Z</time>
        <extensions>
          <ns3:TrackPointExtension>
            <ns3:hr>102</ns3:hr>
          </ns3:TrackPointExtension>
        </extensions>
      </trkpt>
      <trkpt lat="47.7764197625219821929931640625" lon="18.933308087289333343505859375">
        <ele>327.79998779296875</ele>
        <time>2023-10-08T10:41:50.000Z</time>
        <extensions>
          <ns3:TrackPointExtension>
            <ns3:hr>100</ns3:hr>
          </ns3:TrackPointExtension>
        </extensions>
      </trkpt>
      <trkpt lat="47.77641850523650646209716796875" lon="18.93331135623157024383544921875">
        <ele>327.600006103515625</ele>
        <time>2023-10-08T10:42:08.000Z</time>
        <extensions>
          <ns3:TrackPointExtension>
            <ns3:hr>97</ns3:hr>
          </ns3:TrackPointExtension>
        </extensions>
      </trkpt>
      <trkpt lat="47.77641850523650646209716796875" lon="18.93331135623157024383544921875">
        <ele>327.600006103515625</ele>
        <time>2023-10-08T10:42:09.000Z</time>
        <extensions>
          <ns3:TrackPointExtension>
            <ns3:hr>97</ns3:hr>
          </ns3:TrackPointExtension>
        </extensions>
      </trkpt>
      <trkpt lat="47.77641825377941131591796875" lon="18.93330951221287250518798828125">
        <ele>327.600006103515625</ele>
        <time>2023-10-08T10:42:13.000Z</time>
        <extensions>
          <ns3:TrackPointExtension>
            <ns3:hr>94</ns3:hr>
          </ns3:TrackPointExtension>
        </extensions>
      </trkpt>
      <trkpt lat="47.77641615830361843109130859375" lon="18.93330582417547702789306640625">
        <ele>327.600006103515625</ele>
        <time>2023-10-08T10:42:27.000Z</time>
        <extensions>
          <ns3:TrackPointExtension>
            <ns3:hr>97</ns3:hr>
          </ns3:TrackPointExtension>
        </extensions>
      </trkpt>
      <trkpt lat="47.77641196735203266143798828125" lon="18.933310769498348236083984375">
        <ele>327.399993896484375</ele>
        <time>2023-10-08T10:42:35.000Z</time>
        <extensions>
          <ns3:TrackPointExtension>
            <ns3:hr>100</ns3:hr>
          </ns3:TrackPointExtension>
        </extensions>
      </trkpt>
      <trkpt lat="47.7763962931931018829345703125" lon="18.93331487663090229034423828125">
        <ele>327</ele>
        <time>2023-10-08T10:42:40.000Z</time>
        <extensions>
          <ns3:TrackPointExtension>
            <ns3:hr>103</ns3:hr>
          </ns3:TrackPointExtension>
        </extensions>
      </trkpt>
      <trkpt lat="47.77639604173600673675537109375" lon="18.933316804468631744384765625">
        <ele>327</ele>
        <time>2023-10-08T10:42:49.000Z</time>
        <extensions>
          <ns3:TrackPointExtension>
            <ns3:hr>106</ns3:hr>
          </ns3:TrackPointExtension>
        </extensions>
      </trkpt>
      <trkpt lat="47.77640710584819316864013671875" lon="18.93330783583223819732666015625">
        <ele>327.399993896484375</ele>
        <time>2023-10-08T10:43:06.000Z</time>
        <extensions>
          <ns3:TrackPointExtension>
            <ns3:hr>103</ns3:hr>
          </ns3:TrackPointExtension>
        </extensions>
      </trkpt>
      <trkpt lat="47.7764083631336688995361328125" lon="18.93329970538616180419921875">
        <ele>327.399993896484375</ele>
        <time>2023-10-08T10:43:09.000Z</time>
        <extensions>
          <ns3:TrackPointExtension>
            <ns3:hr>106</ns3:hr>
          </ns3:TrackPointExtension>
        </extensions>
      </trkpt>
      <trkpt lat="47.776413895189762115478515625" lon="18.93329408951103687286376953125">
        <ele>327.600006103515625</ele>
        <time>2023-10-08T10:43:13.000Z</time>
        <extensions>
          <ns3:TrackPointExtension>
            <ns3:hr>103</ns3:hr>
          </ns3:TrackPointExtension>
        </extensions>
      </trkpt>
      <trkpt lat="47.7764257974922657012939453125" lon="18.93324782140552997589111328125">
        <ele>328.399993896484375</ele>
        <time>2023-10-08T10:43:46.000Z</time>
        <extensions>
          <ns3:TrackPointExtension>
            <ns3:hr>100</ns3:hr>
          </ns3:TrackPointExtension>
        </extensions>
      </trkpt>
      <trkpt lat="47.77650919742882251739501953125" lon="18.93315017223358154296875">
        <ele>331.399993896484375</ele>
        <time>2023-10-08T10:44:35.000Z</time>
        <extensions>
          <ns3:TrackPointExtension>
            <ns3:hr>97</ns3:hr>
          </ns3:TrackPointExtension>
        </extensions>
      </trkpt>
      <trkpt lat="47.77651003561913967132568359375" lon="18.9331510104238986968994140625">
        <ele>331.399993896484375</ele>
        <time>2023-10-08T10:44:37.000Z</time>
        <extensions>
          <ns3:TrackPointExtension>
            <ns3:hr>100</ns3:hr>
          </ns3:TrackPointExtension>
        </extensions>
      </trkpt>
      <trkpt lat="47.776520512998104095458984375" lon="18.933158218860626220703125">
        <ele>331.600006103515625</ele>
        <time>2023-10-08T10:44:44.000Z</time>
        <extensions>
          <ns3:TrackPointExtension>
            <ns3:hr>103</ns3:hr>
          </ns3:TrackPointExtension>
        </extensions>
      </trkpt>
      <trkpt lat="47.77652822434902191162109375" lon="18.9331694506108760833740234375">
        <ele>331.600006103515625</ele>
        <time>2023-10-08T10:45:00.000Z</time>
        <extensions>
          <ns3:TrackPointExtension>
            <ns3:hr>106</ns3:hr>
          </ns3:TrackPointExtension>
        </extensions>
      </trkpt>
      <trkpt lat="47.77652956545352935791015625" lon="18.933171965181827545166015625">
        <ele>331.600006103515625</ele>
        <time>2023-10-08T10:45:11.000Z</time>
        <extensions>
          <ns3:TrackPointExtension>
            <ns3:hr>103</ns3:hr>
          </ns3:TrackPointExtension>
        </extensions>
      </trkpt>
      <trkpt lat="47.77652998454868793487548828125" lon="18.93317188136279582977294921875">
        <ele>331.600006103515625</ele>
        <time>2023-10-08T10:45:22.000Z</time>
        <extensions>
          <ns3:TrackPointExtension>
            <ns3:hr>100</ns3:hr>
          </ns3:TrackPointExtension>
        </extensions>
      </trkpt>
      <trkpt lat="47.7765310741961002349853515625" lon="18.933171294629573822021484375">
        <ele>331.600006103515625</ele>
        <time>2023-10-08T10:45:28.000Z</time>
        <extensions>
          <ns3:TrackPointExtension>
            <ns3:hr>97</ns3:hr>
          </ns3:TrackPointExtension>
        </extensions>
      </trkpt>
      <trkpt lat="47.77653166092932224273681640625" lon="18.93317154608666896820068359375">
        <ele>331.79998779296875</ele>
        <time>2023-10-08T10:45:32.000Z</time>
        <extensions>
          <ns3:TrackPointExtension>
            <ns3:hr>94</ns3:hr>
          </ns3:TrackPointExtension>
        </extensions>
      </trkpt>
      <trkpt lat="47.77655798010528087615966796875" lon="18.93314740620553493499755859375">
        <ele>332.600006103515625</ele>
        <time>2023-10-08T10:45:48.000Z</time>
        <extensions>
          <ns3:TrackPointExtension>
            <ns3:hr>96</ns3:hr>
          </ns3:TrackPointExtension>
        </extensions>
      </trkpt>
      <trkpt lat="47.7765624225139617919921875" lon="18.93314204178750514984130859375">
        <ele>332.79998779296875</ele>
        <time>2023-10-08T10:45:49.000Z</time>
        <extensions>
          <ns3:TrackPointExtension>
            <ns3:hr>93</ns3:hr>
          </ns3:TrackPointExtension>
        </extensions>
      </trkpt>
      <trkpt lat="47.77657826431095600128173828125" lon="18.93312410451471805572509765625">
        <ele>333.399993896484375</ele>
        <time>2023-10-08T10:45:58.000Z</time>
        <extensions>
          <ns3:TrackPointExtension>
            <ns3:hr>91</ns3:hr>
          </ns3:TrackPointExtension>
        </extensions>
      </trkpt>
      <trkpt lat="47.7765756659209728240966796875" lon="18.93312544561922550201416015625">
        <ele>333.399993896484375</ele>
        <time>2023-10-08T10:46:03.000Z</time>
        <extensions>
          <ns3:TrackPointExtension>
            <ns3:hr>88</ns3:hr>
          </ns3:TrackPointExtension>
        </extensions>
      </trkpt>
      <trkpt lat="47.7765756659209728240966796875" lon="18.93312544561922550201416015625">
        <ele>333.399993896484375</ele>
        <time>2023-10-08T10:46:08.000Z</time>
        <extensions>
          <ns3:TrackPointExtension>
            <ns3:hr>89</ns3:hr>
          </ns3:TrackPointExtension>
        </extensions>
      </trkpt>
      <trkpt lat="47.776564769446849822998046875" lon="18.93301044590771198272705078125">
        <ele>334.20001220703125</ele>
        <time>2023-10-08T10:46:49.000Z</time>
        <extensions>
          <ns3:TrackPointExtension>
            <ns3:hr>92</ns3:hr>
          </ns3:TrackPointExtension>
        </extensions>
      </trkpt>
      <trkpt lat="47.77656384743750095367431640625" lon="18.93298932351171970367431640625">
        <ele>334.399993896484375</ele>
        <time>2023-10-08T10:46:52.000Z</time>
        <extensions>
          <ns3:TrackPointExtension>
            <ns3:hr>95</ns3:hr>
          </ns3:TrackPointExtension>
        </extensions>
      </trkpt>
      <trkpt lat="47.7765629254281520843505859375" lon="18.93295328132808208465576171875">
        <ele>334.79998779296875</ele>
        <time>2023-10-08T10:47:01.000Z</time>
        <extensions>
          <ns3:TrackPointExtension>
            <ns3:hr>98</ns3:hr>
          </ns3:TrackPointExtension>
        </extensions>
      </trkpt>
      <trkpt lat="47.776487655937671661376953125" lon="18.9329015649855136871337890625">
        <ele>333.600006103515625</ele>
        <time>2023-10-08T10:47:21.000Z</time>
        <extensions>
          <ns3:TrackPointExtension>
            <ns3:hr>99</ns3:hr>
          </ns3:TrackPointExtension>
        </extensions>
      </trkpt>
      <trkpt lat="47.7764422260224819183349609375" lon="18.9328392036259174346923828125">
        <ele>333.600006103515625</ele>
        <time>2023-10-08T10:47:27.000Z</time>
        <extensions>
          <ns3:TrackPointExtension>
            <ns3:hr>96</ns3:hr>
          </ns3:TrackPointExtension>
        </extensions>
      </trkpt>
      <trkpt lat="47.77641682885587215423583984375" lon="18.93283367156982421875">
        <ele>333.20001220703125</ele>
        <time>2023-10-08T10:47:30.000Z</time>
        <extensions>
          <ns3:TrackPointExtension>
            <ns3:hr>99</ns3:hr>
          </ns3:TrackPointExtension>
        </extensions>
      </trkpt>
      <trkpt lat="47.7764120511710643768310546875" lon="18.93282872624695301055908203125">
        <ele>333</ele>
        <time>2023-10-08T10:47:31.000Z</time>
        <extensions>
          <ns3:TrackPointExtension>
            <ns3:hr>104</ns3:hr>
          </ns3:TrackPointExtension>
        </extensions>
      </trkpt>
      <trkpt lat="47.776407860219478607177734375" lon="18.9328254573047161102294921875">
        <ele>333</ele>
        <time>2023-10-08T10:47:32.000Z</time>
        <extensions>
          <ns3:TrackPointExtension>
            <ns3:hr>109</ns3:hr>
          </ns3:TrackPointExtension>
        </extensions>
      </trkpt>
      <trkpt lat="47.77639813721179962158203125" lon="18.93281933851540088653564453125">
        <ele>333</ele>
        <time>2023-10-08T10:47:33.000Z</time>
        <extensions>
          <ns3:TrackPointExtension>
            <ns3:hr>108</ns3:hr>
          </ns3:TrackPointExtension>
        </extensions>
      </trkpt>
      <trkpt lat="47.7763587422668933868408203125" lon="18.932799138128757476806640625">
        <ele>332.399993896484375</ele>
        <time>2023-10-08T10:47:36.000Z</time>
        <extensions>
          <ns3:TrackPointExtension>
            <ns3:hr>110</ns3:hr>
          </ns3:TrackPointExtension>
        </extensions>
      </trkpt>
      <trkpt lat="47.7763460017740726470947265625" lon="18.93277893774211406707763671875">
        <ele>332.600006103515625</ele>
        <time>2023-10-08T10:47:41.000Z</time>
        <extensions>
          <ns3:TrackPointExtension>
            <ns3:hr>111</ns3:hr>
          </ns3:TrackPointExtension>
        </extensions>
      </trkpt>
      <trkpt lat="47.77628037147223949432373046875" lon="18.93271892331540584564208984375">
        <ele>332.20001220703125</ele>
        <time>2023-10-08T10:47:50.000Z</time>
        <extensions>
          <ns3:TrackPointExtension>
            <ns3:hr>112</ns3:hr>
          </ns3:TrackPointExtension>
        </extensions>
      </trkpt>
      <trkpt lat="47.77627383358776569366455078125" lon="18.9327114634215831756591796875">
        <ele>332.20001220703125</ele>
        <time>2023-10-08T10:47:55.000Z</time>
        <extensions>
          <ns3:TrackPointExtension>
            <ns3:hr>112</ns3:hr>
          </ns3:TrackPointExtension>
        </extensions>
      </trkpt>
      <trkpt lat="47.776256315410137176513671875" lon="18.932746164500713348388671875">
        <ele>331.20001220703125</ele>
        <time>2023-10-08T10:48:01.000Z</time>
        <extensions>
          <ns3:TrackPointExtension>
            <ns3:hr>113</ns3:hr>
          </ns3:TrackPointExtension>
        </extensions>
      </trkpt>
      <trkpt lat="47.77624969370663166046142578125" lon="18.93270735628902912139892578125">
        <ele>331.79998779296875</ele>
        <time>2023-10-08T10:48:08.000Z</time>
        <extensions>
          <ns3:TrackPointExtension>
            <ns3:hr>113</ns3:hr>
          </ns3:TrackPointExtension>
        </extensions>
      </trkpt>
      <trkpt lat="47.77622270397841930389404296875" lon="18.93270693719387054443359375">
        <ele>331.20001220703125</ele>
        <time>2023-10-08T10:48:13.000Z</time>
        <extensions>
          <ns3:TrackPointExtension>
            <ns3:hr>113</ns3:hr>
          </ns3:TrackPointExtension>
        </extensions>
      </trkpt>
      <trkpt lat="47.7762056887149810791015625" lon="18.93272244371473789215087890625">
        <ele>330.600006103515625</ele>
        <time>2023-10-08T10:48:19.000Z</time>
        <extensions>
          <ns3:TrackPointExtension>
            <ns3:hr>110</ns3:hr>
          </ns3:TrackPointExtension>
        </extensions>
      </trkpt>
      <trkpt lat="47.77619269676506519317626953125" lon="18.93273032270371913909912109375">
        <ele>330.20001220703125</ele>
        <time>2023-10-08T10:48:26.000Z</time>
        <extensions>
          <ns3:TrackPointExtension>
            <ns3:hr>107</ns3:hr>
          </ns3:TrackPointExtension>
        </extensions>
      </trkpt>
      <trkpt lat="47.7761857397854328155517578125" lon="18.93274423666298389434814453125">
        <ele>329.79998779296875</ele>
        <time>2023-10-08T10:48:34.000Z</time>
        <extensions>
          <ns3:TrackPointExtension>
            <ns3:hr>105</ns3:hr>
          </ns3:TrackPointExtension>
        </extensions>
      </trkpt>
      <trkpt lat="47.776180207729339599609375" lon="18.9327304065227508544921875">
        <ele>329.79998779296875</ele>
        <time>2023-10-08T10:48:54.000Z</time>
        <extensions>
          <ns3:TrackPointExtension>
            <ns3:hr>108</ns3:hr>
          </ns3:TrackPointExtension>
        </extensions>
      </trkpt>
      <trkpt lat="47.7761797048151493072509765625" lon="18.93272973597049713134765625">
        <ele>329.79998779296875</ele>
        <time>2023-10-08T10:48:55.000Z</time>
        <extensions>
          <ns3:TrackPointExtension>
            <ns3:hr>105</ns3:hr>
          </ns3:TrackPointExtension>
        </extensions>
      </trkpt>
      <trkpt lat="47.7761766873300075531005859375" lon="18.932704925537109375">
        <ele>330.20001220703125</ele>
        <time>2023-10-08T10:48:59.000Z</time>
        <extensions>
          <ns3:TrackPointExtension>
            <ns3:hr>102</ns3:hr>
          </ns3:TrackPointExtension>
        </extensions>
      </trkpt>
      <trkpt lat="47.7761706523597240447998046875" lon="18.9326973818242549896240234375">
        <ele>330.399993896484375</ele>
        <time>2023-10-08T10:49:01.000Z</time>
        <extensions>
          <ns3:TrackPointExtension>
            <ns3:hr>99</ns3:hr>
          </ns3:TrackPointExtension>
        </extensions>
      </trkpt>
      <trkpt lat="47.7761386334896087646484375" lon="18.93267500214278697967529296875">
        <ele>330.20001220703125</ele>
        <time>2023-10-08T10:49:18.000Z</time>
        <extensions>
          <ns3:TrackPointExtension>
            <ns3:hr>103</ns3:hr>
          </ns3:TrackPointExtension>
        </extensions>
      </trkpt>
      <trkpt lat="47.7761354483664035797119140625" lon="18.93266729079186916351318359375">
        <ele>330.20001220703125</ele>
        <time>2023-10-08T10:49:21.000Z</time>
        <extensions>
          <ns3:TrackPointExtension>
            <ns3:hr>106</ns3:hr>
          </ns3:TrackPointExtension>
        </extensions>
      </trkpt>
      <trkpt lat="47.7761277370154857635498046875" lon="18.9326551370322704315185546875">
        <ele>330.20001220703125</ele>
        <time>2023-10-08T10:49:25.000Z</time>
        <extensions>
          <ns3:TrackPointExtension>
            <ns3:hr>109</ns3:hr>
          </ns3:TrackPointExtension>
        </extensions>
      </trkpt>
      <trkpt lat="47.77610016055405139923095703125" lon="18.9325233735144138336181640625">
        <ele>333.20001220703125</ele>
        <time>2023-10-08T10:49:50.000Z</time>
        <extensions>
          <ns3:TrackPointExtension>
            <ns3:hr>113</ns3:hr>
          </ns3:TrackPointExtension>
        </extensions>
      </trkpt>
      <trkpt lat="47.77609638869762420654296875" lon="18.93251842819154262542724609375">
        <ele>333.20001220703125</ele>
        <time>2023-10-08T10:49:52.000Z</time>
        <extensions>
          <ns3:TrackPointExtension>
            <ns3:hr>116</ns3:hr>
          </ns3:TrackPointExtension>
        </extensions>
      </trkpt>
      <trkpt lat="47.77609177865087985992431640625" lon="18.932508789002895355224609375">
        <ele>333.399993896484375</ele>
        <time>2023-10-08T10:49:54.000Z</time>
        <extensions>
          <ns3:TrackPointExtension>
            <ns3:hr>119</ns3:hr>
          </ns3:TrackPointExtension>
        </extensions>
      </trkpt>
      <trkpt lat="47.77606696821749210357666015625" lon="18.93245237879455089569091796875">
        <ele>334.399993896484375</ele>
        <time>2023-10-08T10:50:01.000Z</time>
        <extensions>
          <ns3:TrackPointExtension>
            <ns3:hr>116</ns3:hr>
          </ns3:TrackPointExtension>
        </extensions>
      </trkpt>
      <trkpt lat="47.7760348655283451080322265625" lon="18.93240812234580516815185546875">
        <ele>335.20001220703125</ele>
        <time>2023-10-08T10:50:09.000Z</time>
        <extensions>
          <ns3:TrackPointExtension>
            <ns3:hr>120</ns3:hr>
          </ns3:TrackPointExtension>
        </extensions>
      </trkpt>
      <trkpt lat="47.77602472342550754547119140625" lon="18.9324063621461391448974609375">
        <ele>335</ele>
        <time>2023-10-08T10:50:14.000Z</time>
        <extensions>
          <ns3:TrackPointExtension>
            <ns3:hr>116</ns3:hr>
          </ns3:TrackPointExtension>
        </extensions>
      </trkpt>
      <trkpt lat="47.776008881628513336181640625" lon="18.93236252479255199432373046875">
        <ele>336</ele>
        <time>2023-10-08T10:50:20.000Z</time>
        <extensions>
          <ns3:TrackPointExtension>
            <ns3:hr>113</ns3:hr>
          </ns3:TrackPointExtension>
        </extensions>
      </trkpt>
      <trkpt lat="47.77593671344220638275146484375" lon="18.932275436818599700927734375">
        <ele>337</ele>
        <time>2023-10-08T10:50:40.000Z</time>
        <extensions>
          <ns3:TrackPointExtension>
            <ns3:hr>110</ns3:hr>
          </ns3:TrackPointExtension>
        </extensions>
      </trkpt>
      <trkpt lat="47.77584828436374664306640625" lon="18.9321805536746978759765625">
        <ele>338.79998779296875</ele>
        <time>2023-10-08T10:51:02.000Z</time>
        <extensions>
          <ns3:TrackPointExtension>
            <ns3:hr>107</ns3:hr>
          </ns3:TrackPointExtension>
        </extensions>
      </trkpt>
      <trkpt lat="47.77583780698478221893310546875" lon="18.93211953341960906982421875">
        <ele>340.399993896484375</ele>
        <time>2023-10-08T10:51:14.000Z</time>
        <extensions>
          <ns3:TrackPointExtension>
            <ns3:hr>104</ns3:hr>
          </ns3:TrackPointExtension>
        </extensions>
      </trkpt>
      <trkpt lat="47.77581333182752132415771484375" lon="18.93210344016551971435546875">
        <ele>340.600006103515625</ele>
        <time>2023-10-08T10:51:20.000Z</time>
        <extensions>
          <ns3:TrackPointExtension>
            <ns3:hr>107</ns3:hr>
          </ns3:TrackPointExtension>
        </extensions>
      </trkpt>
      <trkpt lat="47.77574342675507068634033203125" lon="18.9320571720600128173828125">
        <ele>341.600006103515625</ele>
        <time>2023-10-08T10:51:33.000Z</time>
        <extensions>
          <ns3:TrackPointExtension>
            <ns3:hr>104</ns3:hr>
          </ns3:TrackPointExtension>
        </extensions>
      </trkpt>
      <trkpt lat="47.77562222443521022796630859375" lon="18.93199615180492401123046875">
        <ele>343.399993896484375</ele>
        <time>2023-10-08T10:51:39.000Z</time>
        <extensions>
          <ns3:TrackPointExtension>
            <ns3:hr>107</ns3:hr>
          </ns3:TrackPointExtension>
        </extensions>
      </trkpt>
      <trkpt lat="47.77554008178412914276123046875" lon="18.93196522258222103118896484375">
        <ele>345.79998779296875</ele>
        <time>2023-10-08T10:51:45.000Z</time>
        <extensions>
          <ns3:TrackPointExtension>
            <ns3:hr>107</ns3:hr>
          </ns3:TrackPointExtension>
        </extensions>
      </trkpt>
      <trkpt lat="47.77551711536943912506103515625" lon="18.93195583485066890716552734375">
        <ele>346.600006103515625</ele>
        <time>2023-10-08T10:51:49.000Z</time>
        <extensions>
          <ns3:TrackPointExtension>
            <ns3:hr>104</ns3:hr>
          </ns3:TrackPointExtension>
        </extensions>
      </trkpt>
      <trkpt lat="47.7754903770983219146728515625" lon="18.9319192059338092803955078125">
        <ele>348.20001220703125</ele>
        <time>2023-10-08T10:51:54.000Z</time>
        <extensions>
          <ns3:TrackPointExtension>
            <ns3:hr>106</ns3:hr>
          </ns3:TrackPointExtension>
        </extensions>
      </trkpt>
      <trkpt lat="47.77546070516109466552734375" lon="18.93187344074249267578125">
        <ele>350.20001220703125</ele>
        <time>2023-10-08T10:52:00.000Z</time>
        <extensions>
          <ns3:TrackPointExtension>
            <ns3:hr>106</ns3:hr>
          </ns3:TrackPointExtension>
        </extensions>
      </trkpt>
      <trkpt lat="47.77542893774807453155517578125" lon="18.931844942271709442138671875">
        <ele>351.79998779296875</ele>
        <time>2023-10-08T10:52:07.000Z</time>
        <extensions>
          <ns3:TrackPointExtension>
            <ns3:hr>103</ns3:hr>
          </ns3:TrackPointExtension>
        </extensions>
      </trkpt>
      <trkpt lat="47.77541778981685638427734375" lon="18.931830860674381256103515625">
        <ele>352.399993896484375</ele>
        <time>2023-10-08T10:52:10.000Z</time>
        <extensions>
          <ns3:TrackPointExtension>
            <ns3:hr>101</ns3:hr>
          </ns3:TrackPointExtension>
        </extensions>
      </trkpt>
      <trkpt lat="47.77540982700884342193603515625" lon="18.93182775937020778656005859375">
        <ele>352.600006103515625</ele>
        <time>2023-10-08T10:52:18.000Z</time>
        <extensions>
          <ns3:TrackPointExtension>
            <ns3:hr>100</ns3:hr>
          </ns3:TrackPointExtension>
        </extensions>
      </trkpt>
      <trkpt lat="47.77540982700884342193603515625" lon="18.9317867718636989593505859375">
        <ele>354</ele>
        <time>2023-10-08T10:52:25.000Z</time>
        <extensions>
          <ns3:TrackPointExtension>
            <ns3:hr>100</ns3:hr>
          </ns3:TrackPointExtension>
        </extensions>
      </trkpt>
      <trkpt lat="47.775406055152416229248046875" lon="18.93178484402596950531005859375">
        <ele>354.20001220703125</ele>
        <time>2023-10-08T10:52:32.000Z</time>
        <extensions>
          <ns3:TrackPointExtension>
            <ns3:hr>99</ns3:hr>
          </ns3:TrackPointExtension>
        </extensions>
      </trkpt>
      <trkpt lat="47.775406055152416229248046875" lon="18.93178484402596950531005859375">
        <ele>354.20001220703125</ele>
        <time>2023-10-08T10:52:38.000Z</time>
        <extensions>
          <ns3:TrackPointExtension>
            <ns3:hr>102</ns3:hr>
          </ns3:TrackPointExtension>
        </extensions>
      </trkpt>
      <trkpt lat="47.7753653191030025482177734375" lon="18.93176623620092868804931640625">
        <ele>355.399993896484375</ele>
        <time>2023-10-08T10:53:04.000Z</time>
        <extensions>
          <ns3:TrackPointExtension>
            <ns3:hr>105</ns3:hr>
          </ns3:TrackPointExtension>
        </extensions>
      </trkpt>
      <trkpt lat="47.77534226886928081512451171875" lon="18.931765817105770111083984375">
        <ele>355.600006103515625</ele>
        <time>2023-10-08T10:53:21.000Z</time>
        <extensions>
          <ns3:TrackPointExtension>
            <ns3:hr>108</ns3:hr>
          </ns3:TrackPointExtension>
        </extensions>
      </trkpt>
      <trkpt lat="47.77533732354640960693359375" lon="18.93176858313381671905517578125">
        <ele>355.600006103515625</ele>
        <time>2023-10-08T10:53:28.000Z</time>
        <extensions>
          <ns3:TrackPointExtension>
            <ns3:hr>105</ns3:hr>
          </ns3:TrackPointExtension>
        </extensions>
      </trkpt>
      <trkpt lat="47.77532257139682769775390625" lon="18.93177579157054424285888671875">
        <ele>355.600006103515625</ele>
        <time>2023-10-08T10:53:47.000Z</time>
        <extensions>
          <ns3:TrackPointExtension>
            <ns3:hr>102</ns3:hr>
          </ns3:TrackPointExtension>
        </extensions>
      </trkpt>
      <trkpt lat="47.77532123029232025146484375" lon="18.93178752623498439788818359375">
        <ele>355.20001220703125</ele>
        <time>2023-10-08T10:53:52.000Z</time>
        <extensions>
          <ns3:TrackPointExtension>
            <ns3:hr>106</ns3:hr>
          </ns3:TrackPointExtension>
        </extensions>
      </trkpt>
      <trkpt lat="47.7753210626542568206787109375" lon="18.93179230391979217529296875">
        <ele>355</ele>
        <time>2023-10-08T10:53:53.000Z</time>
        <extensions>
          <ns3:TrackPointExtension>
            <ns3:hr>103</ns3:hr>
          </ns3:TrackPointExtension>
        </extensions>
      </trkpt>
      <trkpt lat="47.77532014064490795135498046875" lon="18.9318035356700420379638671875">
        <ele>354.600006103515625</ele>
        <time>2023-10-08T10:53:56.000Z</time>
        <extensions>
          <ns3:TrackPointExtension>
            <ns3:hr>100</ns3:hr>
          </ns3:TrackPointExtension>
        </extensions>
      </trkpt>
      <trkpt lat="47.77531628496944904327392578125" lon="18.9318169467151165008544921875">
        <ele>354.20001220703125</ele>
        <time>2023-10-08T10:54:09.000Z</time>
        <extensions>
          <ns3:TrackPointExtension>
            <ns3:hr>103</ns3:hr>
          </ns3:TrackPointExtension>
        </extensions>
      </trkpt>
      <trkpt lat="47.77531175874173641204833984375" lon="18.931824155151844024658203125">
        <ele>354</ele>
        <time>2023-10-08T10:54:13.000Z</time>
        <extensions>
          <ns3:TrackPointExtension>
            <ns3:hr>100</ns3:hr>
          </ns3:TrackPointExtension>
        </extensions>
      </trkpt>
      <trkpt lat="47.7752992697060108184814453125" lon="18.931839577853679656982421875">
        <ele>353.399993896484375</ele>
        <time>2023-10-08T10:54:21.000Z</time>
        <extensions>
          <ns3:TrackPointExtension>
            <ns3:hr>103</ns3:hr>
          </ns3:TrackPointExtension>
        </extensions>
      </trkpt>
      <trkpt lat="47.775281332433223724365234375" lon="18.93185961060225963592529296875">
        <ele>352.79998779296875</ele>
        <time>2023-10-08T10:54:45.000Z</time>
        <extensions>
          <ns3:TrackPointExtension>
            <ns3:hr>100</ns3:hr>
          </ns3:TrackPointExtension>
        </extensions>
      </trkpt>
      <trkpt lat="47.77526498772203922271728515625" lon="18.93185961060225963592529296875">
        <ele>353</ele>
        <time>2023-10-08T10:54:53.000Z</time>
        <extensions>
          <ns3:TrackPointExtension>
            <ns3:hr>103</ns3:hr>
          </ns3:TrackPointExtension>
        </extensions>
      </trkpt>
      <trkpt lat="47.7752587012946605682373046875" lon="18.93185441382229328155517578125">
        <ele>353.20001220703125</ele>
        <time>2023-10-08T10:55:00.000Z</time>
        <extensions>
          <ns3:TrackPointExtension>
            <ns3:hr>100</ns3:hr>
          </ns3:TrackPointExtension>
        </extensions>
      </trkpt>
      <trkpt lat="47.7752580307424068450927734375" lon="18.9318528212606906890869140625">
        <ele>353.399993896484375</ele>
        <time>2023-10-08T10:55:05.000Z</time>
        <extensions>
          <ns3:TrackPointExtension>
            <ns3:hr>103</ns3:hr>
          </ns3:TrackPointExtension>
        </extensions>
      </trkpt>
      <trkpt lat="47.775257863104343414306640625" lon="18.93185131251811981201171875">
        <ele>353.399993896484375</ele>
        <time>2023-10-08T10:55:10.000Z</time>
        <extensions>
          <ns3:TrackPointExtension>
            <ns3:hr>107</ns3:hr>
          </ns3:TrackPointExtension>
        </extensions>
      </trkpt>
      <trkpt lat="47.77525794692337512969970703125" lon="18.931850977241992950439453125">
        <ele>353.399993896484375</ele>
        <time>2023-10-08T10:55:11.000Z</time>
        <extensions>
          <ns3:TrackPointExtension>
            <ns3:hr>104</ns3:hr>
          </ns3:TrackPointExtension>
        </extensions>
      </trkpt>
      <trkpt lat="47.77525828219950199127197265625" lon="18.93185005523264408111572265625">
        <ele>353.399993896484375</ele>
        <time>2023-10-08T10:55:15.000Z</time>
        <extensions>
          <ns3:TrackPointExtension>
            <ns3:hr>107</ns3:hr>
          </ns3:TrackPointExtension>
        </extensions>
      </trkpt>
      <trkpt lat="47.77525878511369228363037109375" lon="18.93184921704232692718505859375">
        <ele>353.399993896484375</ele>
        <time>2023-10-08T10:55:25.000Z</time>
        <extensions>
          <ns3:TrackPointExtension>
            <ns3:hr>104</ns3:hr>
          </ns3:TrackPointExtension>
        </extensions>
      </trkpt>
      <trkpt lat="47.77525962330400943756103515625" lon="18.931847624480724334716796875">
        <ele>353.399993896484375</ele>
        <time>2023-10-08T10:55:33.000Z</time>
        <extensions>
          <ns3:TrackPointExtension>
            <ns3:hr>101</ns3:hr>
          </ns3:TrackPointExtension>
        </extensions>
      </trkpt>
      <trkpt lat="47.775259874761104583740234375" lon="18.93184519372880458831787109375">
        <ele>353.600006103515625</ele>
        <time>2023-10-08T10:55:37.000Z</time>
        <extensions>
          <ns3:TrackPointExtension>
            <ns3:hr>98</ns3:hr>
          </ns3:TrackPointExtension>
        </extensions>
      </trkpt>
      <trkpt lat="47.775260545313358306884765625" lon="18.93183966167271137237548828125">
        <ele>353.79998779296875</ele>
        <time>2023-10-08T10:55:44.000Z</time>
        <extensions>
          <ns3:TrackPointExtension>
            <ns3:hr>101</ns3:hr>
          </ns3:TrackPointExtension>
        </extensions>
      </trkpt>
      <trkpt lat="47.77526062913239002227783203125" lon="18.93183932639658451080322265625">
        <ele>353.79998779296875</ele>
        <time>2023-10-08T10:55:45.000Z</time>
        <extensions>
          <ns3:TrackPointExtension>
            <ns3:hr>98</ns3:hr>
          </ns3:TrackPointExtension>
        </extensions>
      </trkpt>
      <trkpt lat="47.77526062913239002227783203125" lon="18.9318384043872356414794921875">
        <ele>353.79998779296875</ele>
        <time>2023-10-08T10:55:49.000Z</time>
        <extensions>
          <ns3:TrackPointExtension>
            <ns3:hr>94</ns3:hr>
          </ns3:TrackPointExtension>
        </extensions>
      </trkpt>
      <trkpt lat="47.7752607129514217376708984375" lon="18.9318380691111087799072265625">
        <ele>353.79998779296875</ele>
        <time>2023-10-08T10:55:51.000Z</time>
        <extensions>
          <ns3:TrackPointExtension>
            <ns3:hr>97</ns3:hr>
          </ns3:TrackPointExtension>
        </extensions>
      </trkpt>
      <trkpt lat="47.7752278558909893035888671875" lon="18.9318399131298065185546875">
        <ele>354</ele>
        <time>2023-10-08T10:56:18.000Z</time>
        <extensions>
          <ns3:TrackPointExtension>
            <ns3:hr>96</ns3:hr>
          </ns3:TrackPointExtension>
        </extensions>
      </trkpt>
      <trkpt lat="47.77520128525793552398681640625" lon="18.93183530308306217193603515625">
        <ele>354.399993896484375</ele>
        <time>2023-10-08T10:56:23.000Z</time>
        <extensions>
          <ns3:TrackPointExtension>
            <ns3:hr>93</ns3:hr>
          </ns3:TrackPointExtension>
        </extensions>
      </trkpt>
      <trkpt lat="47.77519248425960540771484375" lon="18.93184167332947254180908203125">
        <ele>354.20001220703125</ele>
        <time>2023-10-08T10:56:26.000Z</time>
        <extensions>
          <ns3:TrackPointExtension>
            <ns3:hr>93</ns3:hr>
          </ns3:TrackPointExtension>
        </extensions>
      </trkpt>
      <trkpt lat="47.7751946635544300079345703125" lon="18.931860364973545074462890625">
        <ele>353.399993896484375</ele>
        <time>2023-10-08T10:56:30.000Z</time>
        <extensions>
          <ns3:TrackPointExtension>
            <ns3:hr>90</ns3:hr>
          </ns3:TrackPointExtension>
        </extensions>
      </trkpt>
      <trkpt lat="47.77518846094608306884765625" lon="18.93185810185968875885009765625">
        <ele>353.600006103515625</ele>
        <time>2023-10-08T10:56:34.000Z</time>
        <extensions>
          <ns3:TrackPointExtension>
            <ns3:hr>88</ns3:hr>
          </ns3:TrackPointExtension>
        </extensions>
      </trkpt>
      <trkpt lat="47.77518737129867076873779296875" lon="18.9318544976413249969482421875">
        <ele>353.79998779296875</ele>
        <time>2023-10-08T10:56:40.000Z</time>
        <extensions>
          <ns3:TrackPointExtension>
            <ns3:hr>84</ns3:hr>
          </ns3:TrackPointExtension>
        </extensions>
      </trkpt>
      <trkpt lat="47.77518753893673419952392578125" lon="18.93184921704232692718505859375">
        <ele>354</ele>
        <time>2023-10-08T10:56:41.000Z</time>
        <extensions>
          <ns3:TrackPointExtension>
            <ns3:hr>86</ns3:hr>
          </ns3:TrackPointExtension>
        </extensions>
      </trkpt>
      <trkpt lat="47.7751872874796390533447265625" lon="18.9318454451858997344970703125">
        <ele>354</ele>
        <time>2023-10-08T10:56:48.000Z</time>
        <extensions>
          <ns3:TrackPointExtension>
            <ns3:hr>90</ns3:hr>
          </ns3:TrackPointExtension>
        </extensions>
      </trkpt>
      <trkpt lat="47.7751584537327289581298828125" lon="18.93185541965067386627197265625">
        <ele>354</ele>
        <time>2023-10-08T10:56:58.000Z</time>
        <extensions>
          <ns3:TrackPointExtension>
            <ns3:hr>92</ns3:hr>
          </ns3:TrackPointExtension>
        </extensions>
      </trkpt>
      <trkpt lat="47.7751182205975055694580078125" lon="18.93190587870776653289794921875">
        <ele>352.399993896484375</ele>
        <time>2023-10-08T10:57:03.000Z</time>
        <extensions>
          <ns3:TrackPointExtension>
            <ns3:hr>95</ns3:hr>
          </ns3:TrackPointExtension>
        </extensions>
      </trkpt>
      <trkpt lat="47.77508662082254886627197265625" lon="18.93193580210208892822265625">
        <ele>351.600006103515625</ele>
        <time>2023-10-08T10:57:06.000Z</time>
        <extensions>
          <ns3:TrackPointExtension>
            <ns3:hr>92</ns3:hr>
          </ns3:TrackPointExtension>
        </extensions>
      </trkpt>
      <trkpt lat="47.7750803343951702117919921875" lon="18.9319416694343090057373046875">
        <ele>351.399993896484375</ele>
        <time>2023-10-08T10:57:07.000Z</time>
        <extensions>
          <ns3:TrackPointExtension>
            <ns3:hr>95</ns3:hr>
          </ns3:TrackPointExtension>
        </extensions>
      </trkpt>
      <trkpt lat="47.775068767368793487548828125" lon="18.93195080570876598358154296875">
        <ele>351</ele>
        <time>2023-10-08T10:57:08.000Z</time>
        <extensions>
          <ns3:TrackPointExtension>
            <ns3:hr>92</ns3:hr>
          </ns3:TrackPointExtension>
        </extensions>
      </trkpt>
      <trkpt lat="47.77504873462021350860595703125" lon="18.93193823285400867462158203125">
        <ele>351.399993896484375</ele>
        <time>2023-10-08T10:57:13.000Z</time>
        <extensions>
          <ns3:TrackPointExtension>
            <ns3:hr>92</ns3:hr>
          </ns3:TrackPointExtension>
        </extensions>
      </trkpt>
      <trkpt lat="47.77503197081387042999267578125" lon="18.93194292671978473663330078125">
        <ele>351</ele>
        <time>2023-10-08T10:57:18.000Z</time>
        <extensions>
          <ns3:TrackPointExtension>
            <ns3:hr>95</ns3:hr>
          </ns3:TrackPointExtension>
        </extensions>
      </trkpt>
      <trkpt lat="47.77502744458615779876708984375" lon="18.93193974159657955169677734375">
        <ele>351.20001220703125</ele>
        <time>2023-10-08T10:57:19.000Z</time>
        <extensions>
          <ns3:TrackPointExtension>
            <ns3:hr>96</ns3:hr>
          </ns3:TrackPointExtension>
        </extensions>
      </trkpt>
      <trkpt lat="47.77502241544425487518310546875" lon="18.93193990923464298248291015625">
        <ele>351</ele>
        <time>2023-10-08T10:57:22.000Z</time>
        <extensions>
          <ns3:TrackPointExtension>
            <ns3:hr>93</ns3:hr>
          </ns3:TrackPointExtension>
        </extensions>
      </trkpt>
      <trkpt lat="47.77500833384692668914794921875" lon="18.93194510601460933685302734375">
        <ele>350.79998779296875</ele>
        <time>2023-10-08T10:57:26.000Z</time>
        <extensions>
          <ns3:TrackPointExtension>
            <ns3:hr>96</ns3:hr>
          </ns3:TrackPointExtension>
        </extensions>
      </trkpt>
      <trkpt lat="47.77499475516378879547119140625" lon="18.93193957395851612091064453125">
        <ele>351</ele>
        <time>2023-10-08T10:57:28.000Z</time>
        <extensions>
          <ns3:TrackPointExtension>
            <ns3:hr>96</ns3:hr>
          </ns3:TrackPointExtension>
        </extensions>
      </trkpt>
      <trkpt lat="47.77495804242789745330810546875" lon="18.9319282583892345428466796875">
        <ele>351</ele>
        <time>2023-10-08T10:57:33.000Z</time>
        <extensions>
          <ns3:TrackPointExtension>
            <ns3:hr>96</ns3:hr>
          </ns3:TrackPointExtension>
        </extensions>
      </trkpt>
      <trkpt lat="47.77492233552038669586181640625" lon="18.93190353177487850189208984375">
        <ele>351.600006103515625</ele>
        <time>2023-10-08T10:57:39.000Z</time>
        <extensions>
          <ns3:TrackPointExtension>
            <ns3:hr>96</ns3:hr>
          </ns3:TrackPointExtension>
        </extensions>
      </trkpt>
      <trkpt lat="47.77485175989568233489990234375" lon="18.9319161884486675262451171875">
        <ele>350.79998779296875</ele>
        <time>2023-10-08T10:57:47.000Z</time>
        <extensions>
          <ns3:TrackPointExtension>
            <ns3:hr>97</ns3:hr>
          </ns3:TrackPointExtension>
        </extensions>
      </trkpt>
      <trkpt lat="47.7748305536806583404541015625" lon="18.93192230723798274993896484375">
        <ele>350.399993896484375</ele>
        <time>2023-10-08T10:57:57.000Z</time>
        <extensions>
          <ns3:TrackPointExtension>
            <ns3:hr>98</ns3:hr>
          </ns3:TrackPointExtension>
        </extensions>
      </trkpt>
      <trkpt lat="47.77478369884192943572998046875" lon="18.931928090751171112060546875">
        <ele>349.79998779296875</ele>
        <time>2023-10-08T10:58:08.000Z</time>
        <extensions>
          <ns3:TrackPointExtension>
            <ns3:hr>98</ns3:hr>
          </ns3:TrackPointExtension>
        </extensions>
      </trkpt>
      <trkpt lat="47.77477540075778961181640625" lon="18.93193219788372516632080078125">
        <ele>349.600006103515625</ele>
        <time>2023-10-08T10:58:10.000Z</time>
        <extensions>
          <ns3:TrackPointExtension>
            <ns3:hr>95</ns3:hr>
          </ns3:TrackPointExtension>
        </extensions>
      </trkpt>
      <trkpt lat="47.77475704438984394073486328125" lon="18.93193504773080348968505859375">
        <ele>349.20001220703125</ele>
        <time>2023-10-08T10:58:15.000Z</time>
        <extensions>
          <ns3:TrackPointExtension>
            <ns3:hr>94</ns3:hr>
          </ns3:TrackPointExtension>
        </extensions>
      </trkpt>
      <trkpt lat="47.774753272533416748046875" lon="18.9319369755685329437255859375">
        <ele>349</ele>
        <time>2023-10-08T10:58:19.000Z</time>
        <extensions>
          <ns3:TrackPointExtension>
            <ns3:hr>91</ns3:hr>
          </ns3:TrackPointExtension>
        </extensions>
      </trkpt>
      <trkpt lat="47.77475318871438503265380859375" lon="18.9319346286356449127197265625">
        <ele>349.20001220703125</ele>
        <time>2023-10-08T10:58:20.000Z</time>
        <extensions>
          <ns3:TrackPointExtension>
            <ns3:hr>90</ns3:hr>
          </ns3:TrackPointExtension>
        </extensions>
      </trkpt>
      <trkpt lat="47.77475419454276561737060546875" lon="18.93193454481661319732666015625">
        <ele>349.20001220703125</ele>
        <time>2023-10-08T10:58:24.000Z</time>
        <extensions>
          <ns3:TrackPointExtension>
            <ns3:hr>87</ns3:hr>
          </ns3:TrackPointExtension>
        </extensions>
      </trkpt>
      <trkpt lat="47.77475419454276561737060546875" lon="18.93193454481661319732666015625">
        <ele>349.20001220703125</ele>
        <time>2023-10-08T10:58:29.000Z</time>
        <extensions>
          <ns3:TrackPointExtension>
            <ns3:hr>90</ns3:hr>
          </ns3:TrackPointExtension>
        </extensions>
      </trkpt>
      <trkpt lat="47.77475419454276561737060546875" lon="18.93193454481661319732666015625">
        <ele>349.20001220703125</ele>
        <time>2023-10-08T10:58:33.000Z</time>
        <extensions>
          <ns3:TrackPointExtension>
            <ns3:hr>87</ns3:hr>
          </ns3:TrackPointExtension>
        </extensions>
      </trkpt>
      <trkpt lat="47.77472301386296749114990234375" lon="18.93193488009274005889892578125">
        <ele>348.79998779296875</ele>
        <time>2023-10-08T10:58:44.000Z</time>
        <extensions>
          <ns3:TrackPointExtension>
            <ns3:hr>89</ns3:hr>
          </ns3:TrackPointExtension>
        </extensions>
      </trkpt>
      <trkpt lat="47.77471060864627361297607421875" lon="18.9319517277181148529052734375">
        <ele>348.20001220703125</ele>
        <time>2023-10-08T10:58:48.000Z</time>
        <extensions>
          <ns3:TrackPointExtension>
            <ns3:hr>92</ns3:hr>
          </ns3:TrackPointExtension>
        </extensions>
      </trkpt>
      <trkpt lat="47.77470700442790985107421875" lon="18.9319537393748760223388671875">
        <ele>348</ele>
        <time>2023-10-08T10:58:50.000Z</time>
        <extensions>
          <ns3:TrackPointExtension>
            <ns3:hr>90</ns3:hr>
          </ns3:TrackPointExtension>
        </extensions>
      </trkpt>
      <trkpt lat="47.7746766619384288787841796875" lon="18.93196824006736278533935546875">
        <ele>347.399993896484375</ele>
        <time>2023-10-08T10:58:56.000Z</time>
        <extensions>
          <ns3:TrackPointExtension>
            <ns3:hr>89</ns3:hr>
          </ns3:TrackPointExtension>
        </extensions>
      </trkpt>
      <trkpt lat="47.774671129882335662841796875" lon="18.9319591037929058074951171875">
        <ele>347.600006103515625</ele>
        <time>2023-10-08T10:59:01.000Z</time>
        <extensions>
          <ns3:TrackPointExtension>
            <ns3:hr>88</ns3:hr>
          </ns3:TrackPointExtension>
        </extensions>
      </trkpt>
      <trkpt lat="47.77466543018817901611328125" lon="18.93196622841060161590576171875">
        <ele>347.399993896484375</ele>
        <time>2023-10-08T10:59:08.000Z</time>
        <extensions>
          <ns3:TrackPointExtension>
            <ns3:hr>91</ns3:hr>
          </ns3:TrackPointExtension>
        </extensions>
      </trkpt>
      <trkpt lat="47.7746039070188999176025390625" lon="18.931985758244991302490234375">
        <ele>347</ele>
        <time>2023-10-08T10:59:14.000Z</time>
        <extensions>
          <ns3:TrackPointExtension>
            <ns3:hr>93</ns3:hr>
          </ns3:TrackPointExtension>
        </extensions>
      </trkpt>
      <trkpt lat="47.7746002189815044403076171875" lon="18.93198718316853046417236328125">
        <ele>347</ele>
        <time>2023-10-08T10:59:15.000Z</time>
        <extensions>
          <ns3:TrackPointExtension>
            <ns3:hr>96</ns3:hr>
          </ns3:TrackPointExtension>
        </extensions>
      </trkpt>
      <trkpt lat="47.77457750402390956878662109375" lon="18.931992463767528533935546875">
        <ele>346.79998779296875</ele>
        <time>2023-10-08T10:59:19.000Z</time>
        <extensions>
          <ns3:TrackPointExtension>
            <ns3:hr>101</ns3:hr>
          </ns3:TrackPointExtension>
        </extensions>
      </trkpt>
      <trkpt lat="47.77457163669168949127197265625" lon="18.93200059421360492706298828125">
        <ele>346.600006103515625</ele>
        <time>2023-10-08T10:59:20.000Z</time>
        <extensions>
          <ns3:TrackPointExtension>
            <ns3:hr>104</ns3:hr>
          </ns3:TrackPointExtension>
        </extensions>
      </trkpt>
      <trkpt lat="47.7745646797120571136474609375" lon="18.93200897611677646636962890625">
        <ele>346.399993896484375</ele>
        <time>2023-10-08T10:59:22.000Z</time>
        <extensions>
          <ns3:TrackPointExtension>
            <ns3:hr>109</ns3:hr>
          </ns3:TrackPointExtension>
        </extensions>
      </trkpt>
      <trkpt lat="47.77456308715045452117919921875" lon="18.93200947903096675872802734375">
        <ele>346.399993896484375</ele>
        <time>2023-10-08T10:59:23.000Z</time>
        <extensions>
          <ns3:TrackPointExtension>
            <ns3:hr>110</ns3:hr>
          </ns3:TrackPointExtension>
        </extensions>
      </trkpt>
      <trkpt lat="47.7745588123798370361328125" lon="18.93199958838522434234619140625">
        <ele>346.600006103515625</ele>
        <time>2023-10-08T10:59:28.000Z</time>
        <extensions>
          <ns3:TrackPointExtension>
            <ns3:hr>112</ns3:hr>
          </ns3:TrackPointExtension>
        </extensions>
      </trkpt>
      <trkpt lat="47.774555794894695281982421875" lon="18.93200143240392208099365234375">
        <ele>346.600006103515625</ele>
        <time>2023-10-08T10:59:32.000Z</time>
        <extensions>
          <ns3:TrackPointExtension>
            <ns3:hr>109</ns3:hr>
          </ns3:TrackPointExtension>
        </extensions>
      </trkpt>
      <trkpt lat="47.774555794894695281982421875" lon="18.93200143240392208099365234375">
        <ele>346.600006103515625</ele>
        <time>2023-10-08T10:59:34.000Z</time>
        <extensions>
          <ns3:TrackPointExtension>
            <ns3:hr>109</ns3:hr>
          </ns3:TrackPointExtension>
        </extensions>
      </trkpt>
      <trkpt lat="47.7745479159057140350341796875" lon="18.93200143240392208099365234375">
        <ele>346.600006103515625</ele>
        <time>2023-10-08T10:59:50.000Z</time>
        <extensions>
          <ns3:TrackPointExtension>
            <ns3:hr>106</ns3:hr>
          </ns3:TrackPointExtension>
        </extensions>
      </trkpt>
      <trkpt lat="47.77431414462625980377197265625" lon="18.93196689896285533905029296875">
        <ele>342</ele>
        <time>2023-10-08T11:00:27.000Z</time>
        <extensions>
          <ns3:TrackPointExtension>
            <ns3:hr>106</ns3:hr>
          </ns3:TrackPointExtension>
        </extensions>
      </trkpt>
      <trkpt lat="47.77424055151641368865966796875" lon="18.931852318346500396728515625">
        <ele>342</ele>
        <time>2023-10-08T11:00:35.000Z</time>
        <extensions>
          <ns3:TrackPointExtension>
            <ns3:hr>105</ns3:hr>
          </ns3:TrackPointExtension>
        </extensions>
      </trkpt>
      <trkpt lat="47.7742181718349456787109375" lon="18.93180781044065952301025390625">
        <ele>341.79998779296875</ele>
        <time>2023-10-08T11:00:41.000Z</time>
        <extensions>
          <ns3:TrackPointExtension>
            <ns3:hr>103</ns3:hr>
          </ns3:TrackPointExtension>
        </extensions>
      </trkpt>
      <trkpt lat="47.77417651377618312835693359375" lon="18.93177595920860767364501953125">
        <ele>340.399993896484375</ele>
        <time>2023-10-08T11:00:47.000Z</time>
        <extensions>
          <ns3:TrackPointExtension>
            <ns3:hr>101</ns3:hr>
          </ns3:TrackPointExtension>
        </extensions>
      </trkpt>
      <trkpt lat="47.774113230407238006591796875" lon="18.9317012764513492584228515625">
        <ele>338.399993896484375</ele>
        <time>2023-10-08T11:00:55.000Z</time>
        <extensions>
          <ns3:TrackPointExtension>
            <ns3:hr>98</ns3:hr>
          </ns3:TrackPointExtension>
        </extensions>
      </trkpt>
      <trkpt lat="47.77410426177084445953369140625" lon="18.93169616349041461944580078125">
        <ele>338.20001220703125</ele>
        <time>2023-10-08T11:00:56.000Z</time>
        <extensions>
          <ns3:TrackPointExtension>
            <ns3:hr>98</ns3:hr>
          </ns3:TrackPointExtension>
        </extensions>
      </trkpt>
      <trkpt lat="47.77406453154981136322021484375" lon="18.93167369998991489410400390625">
        <ele>336.79998779296875</ele>
        <time>2023-10-08T11:01:03.000Z</time>
        <extensions>
          <ns3:TrackPointExtension>
            <ns3:hr>99</ns3:hr>
          </ns3:TrackPointExtension>
        </extensions>
      </trkpt>
      <trkpt lat="47.77408297173678874969482421875" lon="18.93158250488340854644775390625">
        <ele>338.20001220703125</ele>
        <time>2023-10-08T11:01:10.000Z</time>
        <extensions>
          <ns3:TrackPointExtension>
            <ns3:hr>98</ns3:hr>
          </ns3:TrackPointExtension>
        </extensions>
      </trkpt>
      <trkpt lat="47.77405790984630584716796875" lon="18.93147672526538372039794921875">
        <ele>338</ele>
        <time>2023-10-08T11:01:16.000Z</time>
        <extensions>
          <ns3:TrackPointExtension>
            <ns3:hr>98</ns3:hr>
          </ns3:TrackPointExtension>
        </extensions>
      </trkpt>
      <trkpt lat="47.77406151406466960906982421875" lon="18.9314199797809123992919921875">
        <ele>338.399993896484375</ele>
        <time>2023-10-08T11:01:25.000Z</time>
        <extensions>
          <ns3:TrackPointExtension>
            <ns3:hr>98</ns3:hr>
          </ns3:TrackPointExtension>
        </extensions>
      </trkpt>
      <trkpt lat="47.774052880704402923583984375" lon="18.93131755292415618896484375">
        <ele>338.79998779296875</ele>
        <time>2023-10-08T11:01:33.000Z</time>
        <extensions>
          <ns3:TrackPointExtension>
            <ns3:hr>100</ns3:hr>
          </ns3:TrackPointExtension>
        </extensions>
      </trkpt>
      <trkpt lat="47.77406050823628902435302734375" lon="18.93129718489944934844970703125">
        <ele>339.399993896484375</ele>
        <time>2023-10-08T11:01:35.000Z</time>
        <extensions>
          <ns3:TrackPointExtension>
            <ns3:hr>97</ns3:hr>
          </ns3:TrackPointExtension>
        </extensions>
      </trkpt>
      <trkpt lat="47.77405262924730777740478515625" lon="18.9311988651752471923828125">
        <ele>340.20001220703125</ele>
        <time>2023-10-08T11:01:40.000Z</time>
        <extensions>
          <ns3:TrackPointExtension>
            <ns3:hr>99</ns3:hr>
          </ns3:TrackPointExtension>
        </extensions>
      </trkpt>
      <trkpt lat="47.77406889013946056365966796875" lon="18.93114144913852214813232421875">
        <ele>341.79998779296875</ele>
        <time>2023-10-08T11:01:46.000Z</time>
        <extensions>
          <ns3:TrackPointExtension>
            <ns3:hr>101</ns3:hr>
          </ns3:TrackPointExtension>
        </extensions>
      </trkpt>
      <trkpt lat="47.7740610949695110321044921875" lon="18.93107741139829158782958984375">
        <ele>342.399993896484375</ele>
        <time>2023-10-08T11:01:51.000Z</time>
        <extensions>
          <ns3:TrackPointExtension>
            <ns3:hr>98</ns3:hr>
          </ns3:TrackPointExtension>
        </extensions>
      </trkpt>
      <trkpt lat="47.77406193315982818603515625" lon="18.93103994429111480712890625">
        <ele>343</ele>
        <time>2023-10-08T11:01:55.000Z</time>
        <extensions>
          <ns3:TrackPointExtension>
            <ns3:hr>98</ns3:hr>
          </ns3:TrackPointExtension>
        </extensions>
      </trkpt>
      <trkpt lat="47.77406486682593822479248046875" lon="18.93098068423569202423095703125">
        <ele>343.600006103515625</ele>
        <time>2023-10-08T11:02:02.000Z</time>
        <extensions>
          <ns3:TrackPointExtension>
            <ns3:hr>101</ns3:hr>
          </ns3:TrackPointExtension>
        </extensions>
      </trkpt>
      <trkpt lat="47.7740647830069065093994140625" lon="18.93094430677592754364013671875">
        <ele>344.20001220703125</ele>
        <time>2023-10-08T11:02:06.000Z</time>
        <extensions>
          <ns3:TrackPointExtension>
            <ns3:hr>98</ns3:hr>
          </ns3:TrackPointExtension>
        </extensions>
      </trkpt>
      <trkpt lat="47.774056233465671539306640625" lon="18.93092988990247249603271484375">
        <ele>344.20001220703125</ele>
        <time>2023-10-08T11:02:09.000Z</time>
        <extensions>
          <ns3:TrackPointExtension>
            <ns3:hr>98</ns3:hr>
          </ns3:TrackPointExtension>
        </extensions>
      </trkpt>
      <trkpt lat="47.7740567363798618316650390625" lon="18.93090273253619670867919921875">
        <ele>344.79998779296875</ele>
        <time>2023-10-08T11:02:15.000Z</time>
        <extensions>
          <ns3:TrackPointExtension>
            <ns3:hr>98</ns3:hr>
          </ns3:TrackPointExtension>
        </extensions>
      </trkpt>
      <trkpt lat="47.774074338376522064208984375" lon="18.930853866040706634521484375">
        <ele>346.399993896484375</ele>
        <time>2023-10-08T11:02:23.000Z</time>
        <extensions>
          <ns3:TrackPointExtension>
            <ns3:hr>97</ns3:hr>
          </ns3:TrackPointExtension>
        </extensions>
      </trkpt>
      <trkpt lat="47.77408665977418422698974609375" lon="18.93078069202601909637451171875">
        <ele>348.399993896484375</ele>
        <time>2023-10-08T11:02:31.000Z</time>
        <extensions>
          <ns3:TrackPointExtension>
            <ns3:hr>94</ns3:hr>
          </ns3:TrackPointExtension>
        </extensions>
      </trkpt>
      <trkpt lat="47.774100489914417266845703125" lon="18.93075604923069477081298828125">
        <ele>349.399993896484375</ele>
        <time>2023-10-08T11:02:37.000Z</time>
        <extensions>
          <ns3:TrackPointExtension>
            <ns3:hr>93</ns3:hr>
          </ns3:TrackPointExtension>
        </extensions>
      </trkpt>
      <trkpt lat="47.7741026692092418670654296875" lon="18.9307477511465549468994140625">
        <ele>349.600006103515625</ele>
        <time>2023-10-08T11:02:42.000Z</time>
        <extensions>
          <ns3:TrackPointExtension>
            <ns3:hr>97</ns3:hr>
          </ns3:TrackPointExtension>
        </extensions>
      </trkpt>
      <trkpt lat="47.77410258539021015167236328125" lon="18.93074565567076206207275390625">
        <ele>349.600006103515625</ele>
        <time>2023-10-08T11:02:43.000Z</time>
        <extensions>
          <ns3:TrackPointExtension>
            <ns3:hr>100</ns3:hr>
          </ns3:TrackPointExtension>
        </extensions>
      </trkpt>
      <trkpt lat="47.77408364228904247283935546875" lon="18.93073408864438533782958984375">
        <ele>349.20001220703125</ele>
        <time>2023-10-08T11:02:45.000Z</time>
        <extensions>
          <ns3:TrackPointExtension>
            <ns3:hr>103</ns3:hr>
          </ns3:TrackPointExtension>
        </extensions>
      </trkpt>
      <trkpt lat="47.77408230118453502655029296875" lon="18.930733501911163330078125">
        <ele>349.20001220703125</ele>
        <time>2023-10-08T11:02:46.000Z</time>
        <extensions>
          <ns3:TrackPointExtension>
            <ns3:hr>106</ns3:hr>
          </ns3:TrackPointExtension>
        </extensions>
      </trkpt>
      <trkpt lat="47.77408230118453502655029296875" lon="18.930733501911163330078125">
        <ele>349.20001220703125</ele>
        <time>2023-10-08T11:02:47.000Z</time>
        <extensions>
          <ns3:TrackPointExtension>
            <ns3:hr>109</ns3:hr>
          </ns3:TrackPointExtension>
        </extensions>
      </trkpt>
      <trkpt lat="47.77408230118453502655029296875" lon="18.930733501911163330078125">
        <ele>349.20001220703125</ele>
        <time>2023-10-08T11:02:48.000Z</time>
        <extensions>
          <ns3:TrackPointExtension>
            <ns3:hr>109</ns3:hr>
          </ns3:TrackPointExtension>
        </extensions>
      </trkpt>
      <trkpt lat="47.77408230118453502655029296875" lon="18.93073408864438533782958984375">
        <ele>349.20001220703125</ele>
        <time>2023-10-08T11:02:54.000Z</time>
        <extensions>
          <ns3:TrackPointExtension>
            <ns3:hr>112</ns3:hr>
          </ns3:TrackPointExtension>
        </extensions>
      </trkpt>
      <trkpt lat="47.77408230118453502655029296875" lon="18.93073526211082935333251953125">
        <ele>349.20001220703125</ele>
        <time>2023-10-08T11:02:57.000Z</time>
        <extensions>
          <ns3:TrackPointExtension>
            <ns3:hr>116</ns3:hr>
          </ns3:TrackPointExtension>
        </extensions>
      </trkpt>
      <trkpt lat="47.77408230118453502655029296875" lon="18.9307375252246856689453125">
        <ele>349.20001220703125</ele>
        <time>2023-10-08T11:03:00.000Z</time>
        <extensions>
          <ns3:TrackPointExtension>
            <ns3:hr>121</ns3:hr>
          </ns3:TrackPointExtension>
        </extensions>
      </trkpt>
      <trkpt lat="47.77408230118453502655029296875" lon="18.9307375252246856689453125">
        <ele>349.20001220703125</ele>
        <time>2023-10-08T11:03:01.000Z</time>
        <extensions>
          <ns3:TrackPointExtension>
            <ns3:hr>121</ns3:hr>
          </ns3:TrackPointExtension>
        </extensions>
      </trkpt>
      <trkpt lat="47.774080373346805572509765625" lon="18.9307375252246856689453125">
        <ele>349</ele>
        <time>2023-10-08T11:03:03.000Z</time>
        <extensions>
          <ns3:TrackPointExtension>
            <ns3:hr>126</ns3:hr>
          </ns3:TrackPointExtension>
        </extensions>
      </trkpt>
      <trkpt lat="47.774078361690044403076171875" lon="18.9307375252246856689453125">
        <ele>349</ele>
        <time>2023-10-08T11:03:06.000Z</time>
        <extensions>
          <ns3:TrackPointExtension>
            <ns3:hr>130</ns3:hr>
          </ns3:TrackPointExtension>
        </extensions>
      </trkpt>
      <trkpt lat="47.7740748412907123565673828125" lon="18.93073190934956073760986328125">
        <ele>349</ele>
        <time>2023-10-08T11:03:16.000Z</time>
        <extensions>
          <ns3:TrackPointExtension>
            <ns3:hr>133</ns3:hr>
          </ns3:TrackPointExtension>
        </extensions>
      </trkpt>
      <trkpt lat="47.773987166583538055419921875" lon="18.9305851422250270843505859375">
        <ele>348.399993896484375</ele>
        <time>2023-10-08T11:03:35.000Z</time>
        <extensions>
          <ns3:TrackPointExtension>
            <ns3:hr>130</ns3:hr>
          </ns3:TrackPointExtension>
        </extensions>
      </trkpt>
      <trkpt lat="47.77397803030908107757568359375" lon="18.9305604994297027587890625">
        <ele>348.600006103515625</ele>
        <time>2023-10-08T11:03:36.000Z</time>
        <extensions>
          <ns3:TrackPointExtension>
            <ns3:hr>130</ns3:hr>
          </ns3:TrackPointExtension>
        </extensions>
      </trkpt>
      <trkpt lat="47.773929499089717864990234375" lon="18.93042563460767269134521484375">
        <ele>349.399993896484375</ele>
        <time>2023-10-08T11:03:41.000Z</time>
        <extensions>
          <ns3:TrackPointExtension>
            <ns3:hr>127</ns3:hr>
          </ns3:TrackPointExtension>
        </extensions>
      </trkpt>
      <trkpt lat="47.7739216201007366180419921875" lon="18.93042814917862415313720703125">
        <ele>349</ele>
        <time>2023-10-08T11:03:43.000Z</time>
        <extensions>
          <ns3:TrackPointExtension>
            <ns3:hr>126</ns3:hr>
          </ns3:TrackPointExtension>
        </extensions>
      </trkpt>
      <trkpt lat="47.773914076387882232666015625" lon="18.9304265566170215606689453125">
        <ele>348.79998779296875</ele>
        <time>2023-10-08T11:03:48.000Z</time>
        <extensions>
          <ns3:TrackPointExtension>
            <ns3:hr>123</ns3:hr>
          </ns3:TrackPointExtension>
        </extensions>
      </trkpt>
      <trkpt lat="47.77391374111175537109375" lon="18.93042898736894130706787109375">
        <ele>348.79998779296875</ele>
        <time>2023-10-08T11:03:50.000Z</time>
        <extensions>
          <ns3:TrackPointExtension>
            <ns3:hr>122</ns3:hr>
          </ns3:TrackPointExtension>
        </extensions>
      </trkpt>
      <trkpt lat="47.7739051915705204010009765625" lon="18.93040828406810760498046875">
        <ele>348.79998779296875</ele>
        <time>2023-10-08T11:03:59.000Z</time>
        <extensions>
          <ns3:TrackPointExtension>
            <ns3:hr>123</ns3:hr>
          </ns3:TrackPointExtension>
        </extensions>
      </trkpt>
      <trkpt lat="47.77389136143028736114501953125" lon="18.93038825131952762603759765625">
        <ele>348.79998779296875</ele>
        <time>2023-10-08T11:04:04.000Z</time>
        <extensions>
          <ns3:TrackPointExtension>
            <ns3:hr>121</ns3:hr>
          </ns3:TrackPointExtension>
        </extensions>
      </trkpt>
      <trkpt lat="47.7738882601261138916015625" lon="18.9303410612046718597412109375">
        <ele>350</ele>
        <time>2023-10-08T11:04:12.000Z</time>
        <extensions>
          <ns3:TrackPointExtension>
            <ns3:hr>119</ns3:hr>
          </ns3:TrackPointExtension>
        </extensions>
      </trkpt>
      <trkpt lat="47.77387962676584720611572265625" lon="18.930330835282802581787109375">
        <ele>350</ele>
        <time>2023-10-08T11:04:16.000Z</time>
        <extensions>
          <ns3:TrackPointExtension>
            <ns3:hr>116</ns3:hr>
          </ns3:TrackPointExtension>
        </extensions>
      </trkpt>
      <trkpt lat="47.77387979440391063690185546875" lon="18.9303061924874782562255859375">
        <ele>350.399993896484375</ele>
        <time>2023-10-08T11:04:20.000Z</time>
        <extensions>
          <ns3:TrackPointExtension>
            <ns3:hr>115</ns3:hr>
          </ns3:TrackPointExtension>
        </extensions>
      </trkpt>
      <trkpt lat="47.7738696523010730743408203125" lon="18.93028766848146915435791015625">
        <ele>350.600006103515625</ele>
        <time>2023-10-08T11:04:24.000Z</time>
        <extensions>
          <ns3:TrackPointExtension>
            <ns3:hr>114</ns3:hr>
          </ns3:TrackPointExtension>
        </extensions>
      </trkpt>
      <trkpt lat="47.77381609193980693817138671875" lon="18.9302600920200347900390625">
        <ele>349.600006103515625</ele>
        <time>2023-10-08T11:04:32.000Z</time>
        <extensions>
          <ns3:TrackPointExtension>
            <ns3:hr>114</ns3:hr>
          </ns3:TrackPointExtension>
        </extensions>
      </trkpt>
      <trkpt lat="47.77379295788705348968505859375" lon="18.9302408136427402496337890625">
        <ele>349.399993896484375</ele>
        <time>2023-10-08T11:04:37.000Z</time>
        <extensions>
          <ns3:TrackPointExtension>
            <ns3:hr>118</ns3:hr>
          </ns3:TrackPointExtension>
        </extensions>
      </trkpt>
      <trkpt lat="47.77378642000257968902587890625" lon="18.93023251555860042572021484375">
        <ele>349.399993896484375</ele>
        <time>2023-10-08T11:04:38.000Z</time>
        <extensions>
          <ns3:TrackPointExtension>
            <ns3:hr>115</ns3:hr>
          </ns3:TrackPointExtension>
        </extensions>
      </trkpt>
      <trkpt lat="47.773783318698406219482421875" lon="18.93016814254224300384521484375">
        <ele>350.600006103515625</ele>
        <time>2023-10-08T11:04:43.000Z</time>
        <extensions>
          <ns3:TrackPointExtension>
            <ns3:hr>113</ns3:hr>
          </ns3:TrackPointExtension>
        </extensions>
      </trkpt>
      <trkpt lat="47.77375423349440097808837890625" lon="18.9301945455372333526611328125">
        <ele>349.20001220703125</ele>
        <time>2023-10-08T11:04:48.000Z</time>
        <extensions>
          <ns3:TrackPointExtension>
            <ns3:hr>114</ns3:hr>
          </ns3:TrackPointExtension>
        </extensions>
      </trkpt>
      <trkpt lat="47.7736862562596797943115234375" lon="18.930210806429386138916015625">
        <ele>346.600006103515625</ele>
        <time>2023-10-08T11:04:55.000Z</time>
        <extensions>
          <ns3:TrackPointExtension>
            <ns3:hr>113</ns3:hr>
          </ns3:TrackPointExtension>
        </extensions>
      </trkpt>
      <trkpt lat="47.773657925426959991455078125" lon="18.9302334375679492950439453125">
        <ele>345.600006103515625</ele>
        <time>2023-10-08T11:04:59.000Z</time>
        <extensions>
          <ns3:TrackPointExtension>
            <ns3:hr>110</ns3:hr>
          </ns3:TrackPointExtension>
        </extensions>
      </trkpt>
      <trkpt lat="47.77364979498088359832763671875" lon="18.930232934653759002685546875">
        <ele>345.399993896484375</ele>
        <time>2023-10-08T11:05:01.000Z</time>
        <extensions>
          <ns3:TrackPointExtension>
            <ns3:hr>113</ns3:hr>
          </ns3:TrackPointExtension>
        </extensions>
      </trkpt>
      <trkpt lat="47.77363219298422336578369140625" lon="18.93024324439465999603271484375">
        <ele>344.79998779296875</ele>
        <time>2023-10-08T11:05:05.000Z</time>
        <extensions>
          <ns3:TrackPointExtension>
            <ns3:hr>115</ns3:hr>
          </ns3:TrackPointExtension>
        </extensions>
      </trkpt>
      <trkpt lat="47.77362196706235408782958984375" lon="18.93023737706243991851806640625">
        <ele>344.79998779296875</ele>
        <time>2023-10-08T11:05:12.000Z</time>
        <extensions>
          <ns3:TrackPointExtension>
            <ns3:hr>114</ns3:hr>
          </ns3:TrackPointExtension>
        </extensions>
      </trkpt>
      <trkpt lat="47.77360436506569385528564453125" lon="18.93024860881268978118896484375">
        <ele>344.20001220703125</ele>
        <time>2023-10-08T11:05:18.000Z</time>
        <extensions>
          <ns3:TrackPointExtension>
            <ns3:hr>111</ns3:hr>
          </ns3:TrackPointExtension>
        </extensions>
      </trkpt>
      <trkpt lat="47.7735880203545093536376953125" lon="18.93025967292487621307373046875">
        <ele>343.600006103515625</ele>
        <time>2023-10-08T11:05:22.000Z</time>
        <extensions>
          <ns3:TrackPointExtension>
            <ns3:hr>112</ns3:hr>
          </ns3:TrackPointExtension>
        </extensions>
      </trkpt>
      <trkpt lat="47.77356681413948535919189453125" lon="18.93026134930551052093505859375">
        <ele>343.20001220703125</ele>
        <time>2023-10-08T11:05:29.000Z</time>
        <extensions>
          <ns3:TrackPointExtension>
            <ns3:hr>111</ns3:hr>
          </ns3:TrackPointExtension>
        </extensions>
      </trkpt>
      <trkpt lat="47.77354837395250797271728515625" lon="18.9302468486130237579345703125">
        <ele>343.20001220703125</ele>
        <time>2023-10-08T11:05:32.000Z</time>
        <extensions>
          <ns3:TrackPointExtension>
            <ns3:hr>114</ns3:hr>
          </ns3:TrackPointExtension>
        </extensions>
      </trkpt>
      <trkpt lat="47.7735400758683681488037109375" lon="18.93022455275058746337890625">
        <ele>343.79998779296875</ele>
        <time>2023-10-08T11:05:35.000Z</time>
        <extensions>
          <ns3:TrackPointExtension>
            <ns3:hr>114</ns3:hr>
          </ns3:TrackPointExtension>
        </extensions>
      </trkpt>
      <trkpt lat="47.77350612916052341461181640625" lon="18.9302277378737926483154296875">
        <ele>343</ele>
        <time>2023-10-08T11:05:42.000Z</time>
        <extensions>
          <ns3:TrackPointExtension>
            <ns3:hr>113</ns3:hr>
          </ns3:TrackPointExtension>
        </extensions>
      </trkpt>
      <trkpt lat="47.773493640124797821044921875" lon="18.930233605206012725830078125">
        <ele>342.600006103515625</ele>
        <time>2023-10-08T11:05:46.000Z</time>
        <extensions>
          <ns3:TrackPointExtension>
            <ns3:hr>115</ns3:hr>
          </ns3:TrackPointExtension>
        </extensions>
      </trkpt>
      <trkpt lat="47.77346874587237834930419921875" lon="18.93025112338364124298095703125">
        <ele>341.399993896484375</ele>
        <time>2023-10-08T11:05:52.000Z</time>
        <extensions>
          <ns3:TrackPointExtension>
            <ns3:hr>116</ns3:hr>
          </ns3:TrackPointExtension>
        </extensions>
      </trkpt>
      <trkpt lat="47.7734575979411602020263671875" lon="18.93027794547379016876220703125">
        <ele>340.399993896484375</ele>
        <time>2023-10-08T11:05:57.000Z</time>
        <extensions>
          <ns3:TrackPointExtension>
            <ns3:hr>113</ns3:hr>
          </ns3:TrackPointExtension>
        </extensions>
      </trkpt>
      <trkpt lat="47.7734456956386566162109375" lon="18.9302837289869785308837890625">
        <ele>340</ele>
        <time>2023-10-08T11:05:59.000Z</time>
        <extensions>
          <ns3:TrackPointExtension>
            <ns3:hr>112</ns3:hr>
          </ns3:TrackPointExtension>
        </extensions>
      </trkpt>
      <trkpt lat="47.7734341286122798919677734375" lon="18.93028750084340572357177734375">
        <ele>339.600006103515625</ele>
        <time>2023-10-08T11:06:04.000Z</time>
        <extensions>
          <ns3:TrackPointExtension>
            <ns3:hr>109</ns3:hr>
          </ns3:TrackPointExtension>
        </extensions>
      </trkpt>
      <trkpt lat="47.77343069203197956085205078125" lon="18.93029035069048404693603515625">
        <ele>339.600006103515625</ele>
        <time>2023-10-08T11:06:05.000Z</time>
        <extensions>
          <ns3:TrackPointExtension>
            <ns3:hr>108</ns3:hr>
          </ns3:TrackPointExtension>
        </extensions>
      </trkpt>
      <trkpt lat="47.77339146472513675689697265625" lon="18.93031465820968151092529296875">
        <ele>338.20001220703125</ele>
        <time>2023-10-08T11:06:10.000Z</time>
        <extensions>
          <ns3:TrackPointExtension>
            <ns3:hr>110</ns3:hr>
          </ns3:TrackPointExtension>
        </extensions>
      </trkpt>
      <trkpt lat="47.77336598373949527740478515625" lon="18.9303155802190303802490234375">
        <ele>338</ele>
        <time>2023-10-08T11:06:19.000Z</time>
        <extensions>
          <ns3:TrackPointExtension>
            <ns3:hr>107</ns3:hr>
          </ns3:TrackPointExtension>
        </extensions>
      </trkpt>
      <trkpt lat="47.77333027683198451995849609375" lon="18.93032907508313655853271484375">
        <ele>337.399993896484375</ele>
        <time>2023-10-08T11:06:24.000Z</time>
        <extensions>
          <ns3:TrackPointExtension>
            <ns3:hr>110</ns3:hr>
          </ns3:TrackPointExtension>
        </extensions>
      </trkpt>
      <trkpt lat="47.77330596931278705596923828125" lon="18.93032471649348735809326171875">
        <ele>337.20001220703125</ele>
        <time>2023-10-08T11:06:29.000Z</time>
        <extensions>
          <ns3:TrackPointExtension>
            <ns3:hr>108</ns3:hr>
          </ns3:TrackPointExtension>
        </extensions>
      </trkpt>
      <trkpt lat="47.7732604555785655975341796875" lon="18.93031214363873004913330078125">
        <ele>337</ele>
        <time>2023-10-08T11:06:36.000Z</time>
        <extensions>
          <ns3:TrackPointExtension>
            <ns3:hr>109</ns3:hr>
          </ns3:TrackPointExtension>
        </extensions>
      </trkpt>
      <trkpt lat="47.7732329629361629486083984375" lon="18.93030409701168537139892578125">
        <ele>336.79998779296875</ele>
        <time>2023-10-08T11:06:42.000Z</time>
        <extensions>
          <ns3:TrackPointExtension>
            <ns3:hr>110</ns3:hr>
          </ns3:TrackPointExtension>
        </extensions>
      </trkpt>
      <trkpt lat="47.7732096612453460693359375" lon="18.9303216151893138885498046875">
        <ele>335.79998779296875</ele>
        <time>2023-10-08T11:06:47.000Z</time>
        <extensions>
          <ns3:TrackPointExtension>
            <ns3:hr>110</ns3:hr>
          </ns3:TrackPointExtension>
        </extensions>
      </trkpt>
      <trkpt lat="47.7731935679912567138671875" lon="18.9303353615105152130126953125">
        <ele>335.20001220703125</ele>
        <time>2023-10-08T11:06:53.000Z</time>
        <extensions>
          <ns3:TrackPointExtension>
            <ns3:hr>109</ns3:hr>
          </ns3:TrackPointExtension>
        </extensions>
      </trkpt>
      <trkpt lat="47.7731303684413433074951171875" lon="18.93034617416560649871826171875">
        <ele>333.79998779296875</ele>
        <time>2023-10-08T11:07:02.000Z</time>
        <extensions>
          <ns3:TrackPointExtension>
            <ns3:hr>108</ns3:hr>
          </ns3:TrackPointExtension>
        </extensions>
      </trkpt>
      <trkpt lat="47.77308954857289791107177734375" lon="18.93041037954390048980712890625">
        <ele>331.600006103515625</ele>
        <time>2023-10-08T11:07:08.000Z</time>
        <extensions>
          <ns3:TrackPointExtension>
            <ns3:hr>109</ns3:hr>
          </ns3:TrackPointExtension>
        </extensions>
      </trkpt>
      <trkpt lat="47.77307697571814060211181640625" lon="18.9304129779338836669921875">
        <ele>331.600006103515625</ele>
        <time>2023-10-08T11:07:14.000Z</time>
        <extensions>
          <ns3:TrackPointExtension>
            <ns3:hr>107</ns3:hr>
          </ns3:TrackPointExtension>
        </extensions>
      </trkpt>
      <trkpt lat="47.77306742034852504730224609375" lon="18.93042831681668758392333984375">
        <ele>331.20001220703125</ele>
        <time>2023-10-08T11:07:21.000Z</time>
        <extensions>
          <ns3:TrackPointExtension>
            <ns3:hr>108</ns3:hr>
          </ns3:TrackPointExtension>
        </extensions>
      </trkpt>
      <trkpt lat="47.77303959242999553680419921875" lon="18.9304406382143497467041015625">
        <ele>331</ele>
        <time>2023-10-08T11:07:28.000Z</time>
        <extensions>
          <ns3:TrackPointExtension>
            <ns3:hr>108</ns3:hr>
          </ns3:TrackPointExtension>
        </extensions>
      </trkpt>
      <trkpt lat="47.77300220914185047149658203125" lon="18.93043971620500087738037109375">
        <ele>331</ele>
        <time>2023-10-08T11:07:35.000Z</time>
        <extensions>
          <ns3:TrackPointExtension>
            <ns3:hr>108</ns3:hr>
          </ns3:TrackPointExtension>
        </extensions>
      </trkpt>
      <trkpt lat="47.77299483306705951690673828125" lon="18.93044340424239635467529296875">
        <ele>330.79998779296875</ele>
        <time>2023-10-08T11:07:37.000Z</time>
        <extensions>
          <ns3:TrackPointExtension>
            <ns3:hr>105</ns3:hr>
          </ns3:TrackPointExtension>
        </extensions>
      </trkpt>
      <trkpt lat="47.77299785055220127105712890625" lon="18.93042965792119503021240234375">
        <ele>331.20001220703125</ele>
        <time>2023-10-08T11:07:40.000Z</time>
        <extensions>
          <ns3:TrackPointExtension>
            <ns3:hr>106</ns3:hr>
          </ns3:TrackPointExtension>
        </extensions>
      </trkpt>
      <trkpt lat="47.77299785055220127105712890625" lon="18.930427730083465576171875">
        <ele>331.20001220703125</ele>
        <time>2023-10-08T11:07:41.000Z</time>
        <extensions>
          <ns3:TrackPointExtension>
            <ns3:hr>101</ns3:hr>
          </ns3:TrackPointExtension>
        </extensions>
      </trkpt>
      <trkpt lat="47.77299868874251842498779296875" lon="18.930420018732547760009765625">
        <ele>331.399993896484375</ele>
        <time>2023-10-08T11:07:44.000Z</time>
        <extensions>
          <ns3:TrackPointExtension>
            <ns3:hr>97</ns3:hr>
          </ns3:TrackPointExtension>
        </extensions>
      </trkpt>
      <trkpt lat="47.77299667708575725555419921875" lon="18.93042194657027721405029296875">
        <ele>331.399993896484375</ele>
        <time>2023-10-08T11:07:46.000Z</time>
        <extensions>
          <ns3:TrackPointExtension>
            <ns3:hr>100</ns3:hr>
          </ns3:TrackPointExtension>
        </extensions>
      </trkpt>
      <trkpt lat="47.77299307286739349365234375" lon="18.930417001247406005859375">
        <ele>331.600006103515625</ele>
        <time>2023-10-08T11:07:49.000Z</time>
        <extensions>
          <ns3:TrackPointExtension>
            <ns3:hr>99</ns3:hr>
          </ns3:TrackPointExtension>
        </extensions>
      </trkpt>
      <trkpt lat="47.77296365238726139068603515625" lon="18.93042764626443386077880859375">
        <ele>331.20001220703125</ele>
        <time>2023-10-08T11:07:55.000Z</time>
        <extensions>
          <ns3:TrackPointExtension>
            <ns3:hr>99</ns3:hr>
          </ns3:TrackPointExtension>
        </extensions>
      </trkpt>
      <trkpt lat="47.77292258106172084808349609375" lon="18.93039596267044544219970703125">
        <ele>332</ele>
        <time>2023-10-08T11:08:01.000Z</time>
        <extensions>
          <ns3:TrackPointExtension>
            <ns3:hr>99</ns3:hr>
          </ns3:TrackPointExtension>
        </extensions>
      </trkpt>
      <trkpt lat="47.77288184501230716705322265625" lon="18.93038523383438587188720703125">
        <ele>332.399993896484375</ele>
        <time>2023-10-08T11:08:08.000Z</time>
        <extensions>
          <ns3:TrackPointExtension>
            <ns3:hr>97</ns3:hr>
          </ns3:TrackPointExtension>
        </extensions>
      </trkpt>
      <trkpt lat="47.77287061326205730438232421875" lon="18.9303648658096790313720703125">
        <ele>333</ele>
        <time>2023-10-08T11:08:13.000Z</time>
        <extensions>
          <ns3:TrackPointExtension>
            <ns3:hr>96</ns3:hr>
          </ns3:TrackPointExtension>
        </extensions>
      </trkpt>
      <trkpt lat="47.7728368341922760009765625" lon="18.9304076135158538818359375">
        <ele>331.600006103515625</ele>
        <time>2023-10-08T11:08:20.000Z</time>
        <extensions>
          <ns3:TrackPointExtension>
            <ns3:hr>96</ns3:hr>
          </ns3:TrackPointExtension>
        </extensions>
      </trkpt>
      <trkpt lat="47.77283356525003910064697265625" lon="18.930467627942562103271484375">
        <ele>330.20001220703125</ele>
        <time>2023-10-08T11:08:28.000Z</time>
        <extensions>
          <ns3:TrackPointExtension>
            <ns3:hr>97</ns3:hr>
          </ns3:TrackPointExtension>
        </extensions>
      </trkpt>
      <trkpt lat="47.7728148736059665679931640625" lon="18.93042479641735553741455078125">
        <ele>331.20001220703125</ele>
        <time>2023-10-08T11:08:37.000Z</time>
        <extensions>
          <ns3:TrackPointExtension>
            <ns3:hr>98</ns3:hr>
          </ns3:TrackPointExtension>
        </extensions>
      </trkpt>
      <trkpt lat="47.77281629852950572967529296875" lon="18.9304248802363872528076171875">
        <ele>331.20001220703125</ele>
        <time>2023-10-08T11:08:43.000Z</time>
        <extensions>
          <ns3:TrackPointExtension>
            <ns3:hr>100</ns3:hr>
          </ns3:TrackPointExtension>
        </extensions>
      </trkpt>
      <trkpt lat="47.7728172205388545989990234375" lon="18.93042647279798984527587890625">
        <ele>331.20001220703125</ele>
        <time>2023-10-08T11:08:54.000Z</time>
        <extensions>
          <ns3:TrackPointExtension>
            <ns3:hr>103</ns3:hr>
          </ns3:TrackPointExtension>
        </extensions>
      </trkpt>
      <trkpt lat="47.772816382348537445068359375" lon="18.93042647279798984527587890625">
        <ele>331.20001220703125</ele>
        <time>2023-10-08T11:08:59.000Z</time>
        <extensions>
          <ns3:TrackPointExtension>
            <ns3:hr>105</ns3:hr>
          </ns3:TrackPointExtension>
        </extensions>
      </trkpt>
      <trkpt lat="47.77280590496957302093505859375" lon="18.93042831681668758392333984375">
        <ele>331</ele>
        <time>2023-10-08T11:09:07.000Z</time>
        <extensions>
          <ns3:TrackPointExtension>
            <ns3:hr>108</ns3:hr>
          </ns3:TrackPointExtension>
        </extensions>
      </trkpt>
      <trkpt lat="47.7728044800460338592529296875" lon="18.93042848445475101470947265625">
        <ele>331</ele>
        <time>2023-10-08T11:09:19.000Z</time>
        <extensions>
          <ns3:TrackPointExtension>
            <ns3:hr>105</ns3:hr>
          </ns3:TrackPointExtension>
        </extensions>
      </trkpt>
      <trkpt lat="47.77280204929411411285400390625" lon="18.93037333153188228607177734375">
        <ele>332.79998779296875</ele>
        <time>2023-10-08T11:09:34.000Z</time>
        <extensions>
          <ns3:TrackPointExtension>
            <ns3:hr>102</ns3:hr>
          </ns3:TrackPointExtension>
        </extensions>
      </trkpt>
      <trkpt lat="47.77269937098026275634765625" lon="18.9303759299218654632568359375">
        <ele>332.399993896484375</ele>
        <time>2023-10-08T11:09:58.000Z</time>
        <extensions>
          <ns3:TrackPointExtension>
            <ns3:hr>100</ns3:hr>
          </ns3:TrackPointExtension>
        </extensions>
      </trkpt>
      <trkpt lat="47.77263524942100048065185546875" lon="18.93038372509181499481201171875">
        <ele>331.79998779296875</ele>
        <time>2023-10-08T11:10:05.000Z</time>
        <extensions>
          <ns3:TrackPointExtension>
            <ns3:hr>98</ns3:hr>
          </ns3:TrackPointExtension>
        </extensions>
      </trkpt>
      <trkpt lat="47.77262250892817974090576171875" lon="18.9304107986390590667724609375">
        <ele>330.79998779296875</ele>
        <time>2023-10-08T11:10:12.000Z</time>
        <extensions>
          <ns3:TrackPointExtension>
            <ns3:hr>96</ns3:hr>
          </ns3:TrackPointExtension>
        </extensions>
      </trkpt>
      <trkpt lat="47.77259635739028453826904296875" lon="18.9304674603044986724853515625">
        <ele>329</ele>
        <time>2023-10-08T11:10:18.000Z</time>
        <extensions>
          <ns3:TrackPointExtension>
            <ns3:hr>95</ns3:hr>
          </ns3:TrackPointExtension>
        </extensions>
      </trkpt>
      <trkpt lat="47.77259166352450847625732421875" lon="18.9304731599986553192138671875">
        <ele>328.79998779296875</ele>
        <time>2023-10-08T11:10:24.000Z</time>
        <extensions>
          <ns3:TrackPointExtension>
            <ns3:hr>94</ns3:hr>
          </ns3:TrackPointExtension>
        </extensions>
      </trkpt>
      <trkpt lat="47.7726007997989654541015625" lon="18.93046234734356403350830078125">
        <ele>329.20001220703125</ele>
        <time>2023-10-08T11:10:28.000Z</time>
        <extensions>
          <ns3:TrackPointExtension>
            <ns3:hr>98</ns3:hr>
          </ns3:TrackPointExtension>
        </extensions>
      </trkpt>
      <trkpt lat="47.7726007997989654541015625" lon="18.93046234734356403350830078125">
        <ele>329.20001220703125</ele>
        <time>2023-10-08T11:10:29.000Z</time>
        <extensions>
          <ns3:TrackPointExtension>
            <ns3:hr>95</ns3:hr>
          </ns3:TrackPointExtension>
        </extensions>
      </trkpt>
      <trkpt lat="47.7726007997989654541015625" lon="18.93046234734356403350830078125">
        <ele>329.20001220703125</ele>
        <time>2023-10-08T11:10:32.000Z</time>
        <extensions>
          <ns3:TrackPointExtension>
            <ns3:hr>97</ns3:hr>
          </ns3:TrackPointExtension>
        </extensions>
      </trkpt>
      <trkpt lat="47.7726007997989654541015625" lon="18.93046234734356403350830078125">
        <ele>329.20001220703125</ele>
        <time>2023-10-08T11:10:37.000Z</time>
        <extensions>
          <ns3:TrackPointExtension>
            <ns3:hr>94</ns3:hr>
          </ns3:TrackPointExtension>
        </extensions>
      </trkpt>
      <trkpt lat="47.7726007997989654541015625" lon="18.93046234734356403350830078125">
        <ele>329.20001220703125</ele>
        <time>2023-10-08T11:10:38.000Z</time>
        <extensions>
          <ns3:TrackPointExtension>
            <ns3:hr>97</ns3:hr>
          </ns3:TrackPointExtension>
        </extensions>
      </trkpt>
      <trkpt lat="47.7726007997989654541015625" lon="18.93047307617962360382080078125">
        <ele>328.79998779296875</ele>
        <time>2023-10-08T11:10:50.000Z</time>
        <extensions>
          <ns3:TrackPointExtension>
            <ns3:hr>94</ns3:hr>
          </ns3:TrackPointExtension>
        </extensions>
      </trkpt>
      <trkpt lat="47.77259987778961658477783203125" lon="18.9304879121482372283935546875">
        <ele>328.399993896484375</ele>
        <time>2023-10-08T11:10:58.000Z</time>
        <extensions>
          <ns3:TrackPointExtension>
            <ns3:hr>97</ns3:hr>
          </ns3:TrackPointExtension>
        </extensions>
      </trkpt>
      <trkpt lat="47.77258847840130329132080078125" lon="18.93052160739898681640625">
        <ele>327.20001220703125</ele>
        <time>2023-10-08T11:11:12.000Z</time>
        <extensions>
          <ns3:TrackPointExtension>
            <ns3:hr>100</ns3:hr>
          </ns3:TrackPointExtension>
        </extensions>
      </trkpt>
      <trkpt lat="47.772552184760570526123046875" lon="18.93054851330816745758056640625">
        <ele>326.20001220703125</ele>
        <time>2023-10-08T11:11:23.000Z</time>
        <extensions>
          <ns3:TrackPointExtension>
            <ns3:hr>97</ns3:hr>
          </ns3:TrackPointExtension>
        </extensions>
      </trkpt>
      <trkpt lat="47.77253835462033748626708984375" lon="18.93055471591651439666748046875">
        <ele>326.20001220703125</ele>
        <time>2023-10-08T11:11:25.000Z</time>
        <extensions>
          <ns3:TrackPointExtension>
            <ns3:hr>100</ns3:hr>
          </ns3:TrackPointExtension>
        </extensions>
      </trkpt>
      <trkpt lat="47.77251538820564746856689453125" lon="18.93055982887744903564453125">
        <ele>326.20001220703125</ele>
        <time>2023-10-08T11:11:36.000Z</time>
        <extensions>
          <ns3:TrackPointExtension>
            <ns3:hr>103</ns3:hr>
          </ns3:TrackPointExtension>
        </extensions>
      </trkpt>
      <trkpt lat="47.77242989279329776763916015625" lon="18.93059930764138698577880859375">
        <ele>324.79998779296875</ele>
        <time>2023-10-08T11:11:57.000Z</time>
        <extensions>
          <ns3:TrackPointExtension>
            <ns3:hr>106</ns3:hr>
          </ns3:TrackPointExtension>
        </extensions>
      </trkpt>
      <trkpt lat="47.77242318727076053619384765625" lon="18.930604755878448486328125">
        <ele>324.399993896484375</ele>
        <time>2023-10-08T11:11:58.000Z</time>
        <extensions>
          <ns3:TrackPointExtension>
            <ns3:hr>109</ns3:hr>
          </ns3:TrackPointExtension>
        </extensions>
      </trkpt>
      <trkpt lat="47.77241363190114498138427734375" lon="18.93061171285808086395263671875">
        <ele>324.20001220703125</ele>
        <time>2023-10-08T11:11:59.000Z</time>
        <extensions>
          <ns3:TrackPointExtension>
            <ns3:hr>109</ns3:hr>
          </ns3:TrackPointExtension>
        </extensions>
      </trkpt>
      <trkpt lat="47.772319503128528594970703125" lon="18.9306558854877948760986328125">
        <ele>322</ele>
        <time>2023-10-08T11:12:03.000Z</time>
        <extensions>
          <ns3:TrackPointExtension>
            <ns3:hr>111</ns3:hr>
          </ns3:TrackPointExtension>
        </extensions>
      </trkpt>
      <trkpt lat="47.77225546538829803466796875" lon="18.93069821409881114959716796875">
        <ele>320</ele>
        <time>2023-10-08T11:12:06.000Z</time>
        <extensions>
          <ns3:TrackPointExtension>
            <ns3:hr>114</ns3:hr>
          </ns3:TrackPointExtension>
        </extensions>
      </trkpt>
      <trkpt lat="47.77219670824706554412841796875" lon="18.930729143321514129638671875">
        <ele>318.79998779296875</ele>
        <time>2023-10-08T11:12:08.000Z</time>
        <extensions>
          <ns3:TrackPointExtension>
            <ns3:hr>109</ns3:hr>
          </ns3:TrackPointExtension>
        </extensions>
      </trkpt>
      <trkpt lat="47.7721858955919742584228515625" lon="18.93072620965540409088134765625">
        <ele>319</ele>
        <time>2023-10-08T11:12:09.000Z</time>
        <extensions>
          <ns3:TrackPointExtension>
            <ns3:hr>112</ns3:hr>
          </ns3:TrackPointExtension>
        </extensions>
      </trkpt>
      <trkpt lat="47.77218128554522991180419921875" lon="18.9307138882577419281005859375">
        <ele>319.399993896484375</ele>
        <time>2023-10-08T11:12:10.000Z</time>
        <extensions>
          <ns3:TrackPointExtension>
            <ns3:hr>112</ns3:hr>
          </ns3:TrackPointExtension>
        </extensions>
      </trkpt>
      <trkpt lat="47.7721768431365489959716796875" lon="18.9307142235338687896728515625">
        <ele>319.399993896484375</ele>
        <time>2023-10-08T11:12:11.000Z</time>
        <extensions>
          <ns3:TrackPointExtension>
            <ns3:hr>113</ns3:hr>
          </ns3:TrackPointExtension>
        </extensions>
      </trkpt>
      <trkpt lat="47.77215161360800266265869140625" lon="18.93074263818562030792236328125">
        <ele>318.399993896484375</ele>
        <time>2023-10-08T11:12:17.000Z</time>
        <extensions>
          <ns3:TrackPointExtension>
            <ns3:hr>116</ns3:hr>
          </ns3:TrackPointExtension>
        </extensions>
      </trkpt>
      <trkpt lat="47.77211104519665241241455078125" lon="18.93073610030114650726318359375">
        <ele>318.600006103515625</ele>
        <time>2023-10-08T11:12:22.000Z</time>
        <extensions>
          <ns3:TrackPointExtension>
            <ns3:hr>116</ns3:hr>
          </ns3:TrackPointExtension>
        </extensions>
      </trkpt>
      <trkpt lat="47.77205337770283222198486328125" lon="18.9307643473148345947265625">
        <ele>317.79998779296875</ele>
        <time>2023-10-08T11:12:30.000Z</time>
        <extensions>
          <ns3:TrackPointExtension>
            <ns3:hr>120</ns3:hr>
          </ns3:TrackPointExtension>
        </extensions>
      </trkpt>
      <trkpt lat="47.77203527279198169708251953125" lon="18.93078907392919063568115234375">
        <ele>317.20001220703125</ele>
        <time>2023-10-08T11:12:34.000Z</time>
        <extensions>
          <ns3:TrackPointExtension>
            <ns3:hr>123</ns3:hr>
          </ns3:TrackPointExtension>
        </extensions>
      </trkpt>
      <trkpt lat="47.77203015983104705810546875" lon="18.93078907392919063568115234375">
        <ele>317.20001220703125</ele>
        <time>2023-10-08T11:12:35.000Z</time>
        <extensions>
          <ns3:TrackPointExtension>
            <ns3:hr>123</ns3:hr>
          </ns3:TrackPointExtension>
        </extensions>
      </trkpt>
      <trkpt lat="47.77200275100767612457275390625" lon="18.93080349080264568328857421875">
        <ele>316.600006103515625</ele>
        <time>2023-10-08T11:12:42.000Z</time>
        <extensions>
          <ns3:TrackPointExtension>
            <ns3:hr>124</ns3:hr>
          </ns3:TrackPointExtension>
        </extensions>
      </trkpt>
      <trkpt lat="47.7719998173415660858154296875" lon="18.93080097623169422149658203125">
        <ele>316.600006103515625</ele>
        <time>2023-10-08T11:12:51.000Z</time>
        <extensions>
          <ns3:TrackPointExtension>
            <ns3:hr>123</ns3:hr>
          </ns3:TrackPointExtension>
        </extensions>
      </trkpt>
      <trkpt lat="47.7719998173415660858154296875" lon="18.93080097623169422149658203125">
        <ele>316.600006103515625</ele>
        <time>2023-10-08T11:12:55.000Z</time>
        <extensions>
          <ns3:TrackPointExtension>
            <ns3:hr>120</ns3:hr>
          </ns3:TrackPointExtension>
        </extensions>
      </trkpt>
      <trkpt lat="47.7719998173415660858154296875" lon="18.93080097623169422149658203125">
        <ele>316.600006103515625</ele>
        <time>2023-10-08T11:12:58.000Z</time>
        <extensions>
          <ns3:TrackPointExtension>
            <ns3:hr>117</ns3:hr>
          </ns3:TrackPointExtension>
        </extensions>
      </trkpt>
      <trkpt lat="47.77199923060834407806396484375" lon="18.930800892412662506103515625">
        <ele>316.600006103515625</ele>
        <time>2023-10-08T11:13:02.000Z</time>
        <extensions>
          <ns3:TrackPointExtension>
            <ns3:hr>114</ns3:hr>
          </ns3:TrackPointExtension>
        </extensions>
      </trkpt>
      <trkpt lat="47.77199721895158290863037109375" lon="18.93079963512718677520751953125">
        <ele>316.600006103515625</ele>
        <time>2023-10-08T11:13:05.000Z</time>
        <extensions>
          <ns3:TrackPointExtension>
            <ns3:hr>118</ns3:hr>
          </ns3:TrackPointExtension>
        </extensions>
      </trkpt>
      <trkpt lat="47.771985232830047607421875" lon="18.9307990483939647674560546875">
        <ele>316.399993896484375</ele>
        <time>2023-10-08T11:13:07.000Z</time>
        <extensions>
          <ns3:TrackPointExtension>
            <ns3:hr>122</ns3:hr>
          </ns3:TrackPointExtension>
        </extensions>
      </trkpt>
      <trkpt lat="47.7719465084373950958251953125" lon="18.93079360015690326690673828125">
        <ele>315.79998779296875</ele>
        <time>2023-10-08T11:13:14.000Z</time>
        <extensions>
          <ns3:TrackPointExtension>
            <ns3:hr>119</ns3:hr>
          </ns3:TrackPointExtension>
        </extensions>
      </trkpt>
      <trkpt lat="47.77185187675058841705322265625" lon="18.93081455491483211517333984375">
        <ele>313.600006103515625</ele>
        <time>2023-10-08T11:13:27.000Z</time>
        <extensions>
          <ns3:TrackPointExtension>
            <ns3:hr>116</ns3:hr>
          </ns3:TrackPointExtension>
        </extensions>
      </trkpt>
      <trkpt lat="47.77179739437997341156005859375" lon="18.93082696013152599334716796875">
        <ele>312.399993896484375</ele>
        <time>2023-10-08T11:13:30.000Z</time>
        <extensions>
          <ns3:TrackPointExtension>
            <ns3:hr>117</ns3:hr>
          </ns3:TrackPointExtension>
        </extensions>
      </trkpt>
      <trkpt lat="47.77172866277396678924560546875" lon="18.93085478805005550384521484375">
        <ele>310.20001220703125</ele>
        <time>2023-10-08T11:13:35.000Z</time>
        <extensions>
          <ns3:TrackPointExtension>
            <ns3:hr>116</ns3:hr>
          </ns3:TrackPointExtension>
        </extensions>
      </trkpt>
      <trkpt lat="47.7717208676040172576904296875" lon="18.93085998483002185821533203125">
        <ele>309.79998779296875</ele>
        <time>2023-10-08T11:13:36.000Z</time>
        <extensions>
          <ns3:TrackPointExtension>
            <ns3:hr>117</ns3:hr>
          </ns3:TrackPointExtension>
        </extensions>
      </trkpt>
      <trkpt lat="47.77169161476194858551025390625" lon="18.9308899082243442535400390625">
        <ele>307.79998779296875</ele>
        <time>2023-10-08T11:13:44.000Z</time>
        <extensions>
          <ns3:TrackPointExtension>
            <ns3:hr>115</ns3:hr>
          </ns3:TrackPointExtension>
        </extensions>
      </trkpt>
      <trkpt lat="47.77166764251887798309326171875" lon="18.93090943805873394012451171875">
        <ele>306.600006103515625</ele>
        <time>2023-10-08T11:13:51.000Z</time>
        <extensions>
          <ns3:TrackPointExtension>
            <ns3:hr>116</ns3:hr>
          </ns3:TrackPointExtension>
        </extensions>
      </trkpt>
      <trkpt lat="47.77164802886545658111572265625" lon="18.93095604144036769866943359375">
        <ele>305.20001220703125</ele>
        <time>2023-10-08T11:13:58.000Z</time>
        <extensions>
          <ns3:TrackPointExtension>
            <ns3:hr>119</ns3:hr>
          </ns3:TrackPointExtension>
        </extensions>
      </trkpt>
      <trkpt lat="47.77164501138031482696533203125" lon="18.93096350133419036865234375">
        <ele>305</ele>
        <time>2023-10-08T11:13:59.000Z</time>
        <extensions>
          <ns3:TrackPointExtension>
            <ns3:hr>120</ns3:hr>
          </ns3:TrackPointExtension>
        </extensions>
      </trkpt>
      <trkpt lat="47.77161902748048305511474609375" lon="18.93101102672517299652099609375">
        <ele>303.20001220703125</ele>
        <time>2023-10-08T11:14:06.000Z</time>
        <extensions>
          <ns3:TrackPointExtension>
            <ns3:hr>120</ns3:hr>
          </ns3:TrackPointExtension>
        </extensions>
      </trkpt>
      <trkpt lat="47.77160008437931537628173828125" lon="18.9310347475111484527587890625">
        <ele>302.20001220703125</ele>
        <time>2023-10-08T11:14:13.000Z</time>
        <extensions>
          <ns3:TrackPointExtension>
            <ns3:hr>120</ns3:hr>
          </ns3:TrackPointExtension>
        </extensions>
      </trkpt>
      <trkpt lat="47.77160234749317169189453125" lon="18.93103868700563907623291015625">
        <ele>302.20001220703125</ele>
        <time>2023-10-08T11:14:25.000Z</time>
        <extensions>
          <ns3:TrackPointExtension>
            <ns3:hr>120</ns3:hr>
          </ns3:TrackPointExtension>
        </extensions>
      </trkpt>
      <trkpt lat="47.77160234749317169189453125" lon="18.93103784881532192230224609375">
        <ele>302.20001220703125</ele>
        <time>2023-10-08T11:14:33.000Z</time>
        <extensions>
          <ns3:TrackPointExtension>
            <ns3:hr>123</ns3:hr>
          </ns3:TrackPointExtension>
        </extensions>
      </trkpt>
      <trkpt lat="47.77160444296896457672119140625" lon="18.93103315494954586029052734375">
        <ele>302.399993896484375</ele>
        <time>2023-10-08T11:14:48.000Z</time>
        <extensions>
          <ns3:TrackPointExtension>
            <ns3:hr>120</ns3:hr>
          </ns3:TrackPointExtension>
        </extensions>
      </trkpt>
      <trkpt lat="47.771610729396343231201171875" lon="18.931030221283435821533203125">
        <ele>302.600006103515625</ele>
        <time>2023-10-08T11:15:10.000Z</time>
        <extensions>
          <ns3:TrackPointExtension>
            <ns3:hr>117</ns3:hr>
          </ns3:TrackPointExtension>
        </extensions>
      </trkpt>
      <trkpt lat="47.77161114849150180816650390625" lon="18.931030221283435821533203125">
        <ele>302.600006103515625</ele>
        <time>2023-10-08T11:15:13.000Z</time>
        <extensions>
          <ns3:TrackPointExtension>
            <ns3:hr>114</ns3:hr>
          </ns3:TrackPointExtension>
        </extensions>
      </trkpt>
      <trkpt lat="47.77161198668181896209716796875" lon="18.931030221283435821533203125">
        <ele>302.600006103515625</ele>
        <time>2023-10-08T11:15:17.000Z</time>
        <extensions>
          <ns3:TrackPointExtension>
            <ns3:hr>111</ns3:hr>
          </ns3:TrackPointExtension>
        </extensions>
      </trkpt>
      <trkpt lat="47.77162036858499050140380859375" lon="18.93102359957993030548095703125">
        <ele>303</ele>
        <time>2023-10-08T11:15:46.000Z</time>
        <extensions>
          <ns3:TrackPointExtension>
            <ns3:hr>114</ns3:hr>
          </ns3:TrackPointExtension>
        </extensions>
      </trkpt>
      <trkpt lat="47.77162036858499050140380859375" lon="18.931022845208644866943359375">
        <ele>303</ele>
        <time>2023-10-08T11:15:49.000Z</time>
        <extensions>
          <ns3:TrackPointExtension>
            <ns3:hr>117</ns3:hr>
          </ns3:TrackPointExtension>
        </extensions>
      </trkpt>
      <trkpt lat="47.77162036858499050140380859375" lon="18.9310218393802642822265625">
        <ele>303</ele>
        <time>2023-10-08T11:15:52.000Z</time>
        <extensions>
          <ns3:TrackPointExtension>
            <ns3:hr>120</ns3:hr>
          </ns3:TrackPointExtension>
        </extensions>
      </trkpt>
      <trkpt lat="47.7716055326163768768310546875" lon="18.9310132898390293121337890625">
        <ele>302.79998779296875</ele>
        <time>2023-10-08T11:16:18.000Z</time>
        <extensions>
          <ns3:TrackPointExtension>
            <ns3:hr>116</ns3:hr>
          </ns3:TrackPointExtension>
        </extensions>
      </trkpt>
      <trkpt lat="47.77160595171153545379638671875" lon="18.931012786924839019775390625">
        <ele>302.79998779296875</ele>
        <time>2023-10-08T11:16:21.000Z</time>
        <extensions>
          <ns3:TrackPointExtension>
            <ns3:hr>113</ns3:hr>
          </ns3:TrackPointExtension>
        </extensions>
      </trkpt>
      <trkpt lat="47.7716135792434215545654296875" lon="18.9309992082417011260986328125">
        <ele>303.399993896484375</ele>
        <time>2023-10-08T11:17:02.000Z</time>
        <extensions>
          <ns3:TrackPointExtension>
            <ns3:hr>110</ns3:hr>
          </ns3:TrackPointExtension>
        </extensions>
      </trkpt>
      <trkpt lat="47.7716135792434215545654296875" lon="18.9309948496520519256591796875">
        <ele>303.399993896484375</ele>
        <time>2023-10-08T11:17:18.000Z</time>
        <extensions>
          <ns3:TrackPointExtension>
            <ns3:hr>107</ns3:hr>
          </ns3:TrackPointExtension>
        </extensions>
      </trkpt>
      <trkpt lat="47.7716149203479290008544921875" lon="18.9309878088533878326416015625">
        <ele>303.600006103515625</ele>
        <time>2023-10-08T11:17:58.000Z</time>
        <extensions>
          <ns3:TrackPointExtension>
            <ns3:hr>110</ns3:hr>
          </ns3:TrackPointExtension>
        </extensions>
      </trkpt>
      <trkpt lat="47.7716152556240558624267578125" lon="18.9309861324727535247802734375">
        <ele>303.600006103515625</ele>
        <time>2023-10-08T11:18:04.000Z</time>
        <extensions>
          <ns3:TrackPointExtension>
            <ns3:hr>113</ns3:hr>
          </ns3:TrackPointExtension>
        </extensions>
      </trkpt>
      <trkpt lat="47.77161533944308757781982421875" lon="18.930983953177928924560546875">
        <ele>303.600006103515625</ele>
        <time>2023-10-08T11:18:27.000Z</time>
        <extensions>
          <ns3:TrackPointExtension>
            <ns3:hr>116</ns3:hr>
          </ns3:TrackPointExtension>
        </extensions>
      </trkpt>
      <trkpt lat="47.77162606827914714813232421875" lon="18.93085747025907039642333984375">
        <ele>306.399993896484375</ele>
        <time>2023-10-08T11:18:37.000Z</time>
        <extensions>
          <ns3:TrackPointExtension>
            <ns3:hr>117</ns3:hr>
          </ns3:TrackPointExtension>
        </extensions>
      </trkpt>
      <trkpt lat="47.77159019373357295989990234375" lon="18.93069435842335224151611328125">
        <ele>309.399993896484375</ele>
        <time>2023-10-08T11:18:45.000Z</time>
        <extensions>
          <ns3:TrackPointExtension>
            <ns3:hr>117</ns3:hr>
          </ns3:TrackPointExtension>
        </extensions>
      </trkpt>
      <trkpt lat="47.771545350551605224609375" lon="18.93060366623103618621826171875">
        <ele>309.399993896484375</ele>
        <time>2023-10-08T11:18:52.000Z</time>
        <extensions>
          <ns3:TrackPointExtension>
            <ns3:hr>114</ns3:hr>
          </ns3:TrackPointExtension>
        </extensions>
      </trkpt>
      <trkpt lat="47.77153872884809970855712890625" lon="18.93057818524539470672607421875">
        <ele>309.600006103515625</ele>
        <time>2023-10-08T11:18:54.000Z</time>
        <extensions>
          <ns3:TrackPointExtension>
            <ns3:hr>114</ns3:hr>
          </ns3:TrackPointExtension>
        </extensions>
      </trkpt>
      <trkpt lat="47.7714818157255649566650390625" lon="18.9305268041789531707763671875">
        <ele>308.399993896484375</ele>
        <time>2023-10-08T11:19:03.000Z</time>
        <extensions>
          <ns3:TrackPointExtension>
            <ns3:hr>115</ns3:hr>
          </ns3:TrackPointExtension>
        </extensions>
      </trkpt>
      <trkpt lat="47.77145172469317913055419921875" lon="18.93048732541501522064208984375">
        <ele>307.600006103515625</ele>
        <time>2023-10-08T11:19:11.000Z</time>
        <extensions>
          <ns3:TrackPointExtension>
            <ns3:hr>114</ns3:hr>
          </ns3:TrackPointExtension>
        </extensions>
      </trkpt>
      <trkpt lat="47.771450467407703399658203125" lon="18.93045430071651935577392578125">
        <ele>308.20001220703125</ele>
        <time>2023-10-08T11:19:16.000Z</time>
        <extensions>
          <ns3:TrackPointExtension>
            <ns3:hr>113</ns3:hr>
          </ns3:TrackPointExtension>
        </extensions>
      </trkpt>
      <trkpt lat="47.7714476175606250762939453125" lon="18.93044725991785526275634765625">
        <ele>308.20001220703125</ele>
        <time>2023-10-08T11:19:23.000Z</time>
        <extensions>
          <ns3:TrackPointExtension>
            <ns3:hr>110</ns3:hr>
          </ns3:TrackPointExtension>
        </extensions>
      </trkpt>
      <trkpt lat="47.77144585736095905303955078125" lon="18.93044239841401576995849609375">
        <ele>308.20001220703125</ele>
        <time>2023-10-08T11:19:24.000Z</time>
        <extensions>
          <ns3:TrackPointExtension>
            <ns3:hr>111</ns3:hr>
          </ns3:TrackPointExtension>
        </extensions>
      </trkpt>
      <trkpt lat="47.771416269242763519287109375" lon="18.93038137815892696380615234375">
        <ele>307.600006103515625</ele>
        <time>2023-10-08T11:19:31.000Z</time>
        <extensions>
          <ns3:TrackPointExtension>
            <ns3:hr>114</ns3:hr>
          </ns3:TrackPointExtension>
        </extensions>
      </trkpt>
      <trkpt lat="47.77141316793859004974365234375" lon="18.93037701956927776336669921875">
        <ele>307.600006103515625</ele>
        <time>2023-10-08T11:19:32.000Z</time>
        <extensions>
          <ns3:TrackPointExtension>
            <ns3:hr>117</ns3:hr>
          </ns3:TrackPointExtension>
        </extensions>
      </trkpt>
      <trkpt lat="47.77141266502439975738525390625" lon="18.93037349916994571685791015625">
        <ele>307.600006103515625</ele>
        <time>2023-10-08T11:19:33.000Z</time>
        <extensions>
          <ns3:TrackPointExtension>
            <ns3:hr>120</ns3:hr>
          </ns3:TrackPointExtension>
        </extensions>
      </trkpt>
      <trkpt lat="47.771416269242763519287109375" lon="18.93036293797194957733154296875">
        <ele>308.20001220703125</ele>
        <time>2023-10-08T11:19:38.000Z</time>
        <extensions>
          <ns3:TrackPointExtension>
            <ns3:hr>120</ns3:hr>
          </ns3:TrackPointExtension>
        </extensions>
      </trkpt>
      <trkpt lat="47.77139456011354923248291015625" lon="18.93035254441201686859130859375">
        <ele>307.20001220703125</ele>
        <time>2023-10-08T11:19:44.000Z</time>
        <extensions>
          <ns3:TrackPointExtension>
            <ns3:hr>120</ns3:hr>
          </ns3:TrackPointExtension>
        </extensions>
      </trkpt>
      <trkpt lat="47.77135600335896015167236328125" lon="18.93033376894891262054443359375">
        <ele>305.399993896484375</ele>
        <time>2023-10-08T11:19:51.000Z</time>
        <extensions>
          <ns3:TrackPointExtension>
            <ns3:hr>120</ns3:hr>
          </ns3:TrackPointExtension>
        </extensions>
      </trkpt>
      <trkpt lat="47.77136220596730709075927734375" lon="18.9303196035325527191162109375">
        <ele>306</ele>
        <time>2023-10-08T11:19:57.000Z</time>
        <extensions>
          <ns3:TrackPointExtension>
            <ns3:hr>118</ns3:hr>
          </ns3:TrackPointExtension>
        </extensions>
      </trkpt>
      <trkpt lat="47.77134376578032970428466796875" lon="18.93028984777629375457763671875">
        <ele>305.79998779296875</ele>
        <time>2023-10-08T11:20:04.000Z</time>
        <extensions>
          <ns3:TrackPointExtension>
            <ns3:hr>117</ns3:hr>
          </ns3:TrackPointExtension>
        </extensions>
      </trkpt>
      <trkpt lat="47.7713334560394287109375" lon="18.9302761852741241455078125">
        <ele>305.600006103515625</ele>
        <time>2023-10-08T11:20:11.000Z</time>
        <extensions>
          <ns3:TrackPointExtension>
            <ns3:hr>116</ns3:hr>
          </ns3:TrackPointExtension>
        </extensions>
      </trkpt>
      <trkpt lat="47.771298252046108245849609375" lon="18.9301849901676177978515625">
        <ele>305.20001220703125</ele>
        <time>2023-10-08T11:20:22.000Z</time>
        <extensions>
          <ns3:TrackPointExtension>
            <ns3:hr>115</ns3:hr>
          </ns3:TrackPointExtension>
        </extensions>
      </trkpt>
      <trkpt lat="47.7712679095566272735595703125" lon="18.93014048226177692413330078125">
        <ele>304.600006103515625</ele>
        <time>2023-10-08T11:20:24.000Z</time>
        <extensions>
          <ns3:TrackPointExtension>
            <ns3:hr>115</ns3:hr>
          </ns3:TrackPointExtension>
        </extensions>
      </trkpt>
      <trkpt lat="47.7712394110858440399169921875" lon="18.93004124052822589874267578125">
        <ele>305.20001220703125</ele>
        <time>2023-10-08T11:20:28.000Z</time>
        <extensions>
          <ns3:TrackPointExtension>
            <ns3:hr>114</ns3:hr>
          </ns3:TrackPointExtension>
        </extensions>
      </trkpt>
      <trkpt lat="47.7712380699813365936279296875" lon="18.93002615310251712799072265625">
        <ele>305.399993896484375</ele>
        <time>2023-10-08T11:20:29.000Z</time>
        <extensions>
          <ns3:TrackPointExtension>
            <ns3:hr>114</ns3:hr>
          </ns3:TrackPointExtension>
        </extensions>
      </trkpt>
      <trkpt lat="47.77119339443743228912353515625" lon="18.92992238514125347137451171875">
        <ele>305.600006103515625</ele>
        <time>2023-10-08T11:20:37.000Z</time>
        <extensions>
          <ns3:TrackPointExtension>
            <ns3:hr>115</ns3:hr>
          </ns3:TrackPointExtension>
        </extensions>
      </trkpt>
      <trkpt lat="47.771152742207050323486328125" lon="18.9298854209482669830322265625">
        <ele>304.79998779296875</ele>
        <time>2023-10-08T11:20:40.000Z</time>
        <extensions>
          <ns3:TrackPointExtension>
            <ns3:hr>116</ns3:hr>
          </ns3:TrackPointExtension>
        </extensions>
      </trkpt>
      <trkpt lat="47.7711307816207408905029296875" lon="18.92984443344175815582275390625">
        <ele>305</ele>
        <time>2023-10-08T11:20:43.000Z</time>
        <extensions>
          <ns3:TrackPointExtension>
            <ns3:hr>117</ns3:hr>
          </ns3:TrackPointExtension>
        </extensions>
      </trkpt>
      <trkpt lat="47.77108979411423206329345703125" lon="18.92976279370486736297607421875">
        <ele>304.600006103515625</ele>
        <time>2023-10-08T11:20:50.000Z</time>
        <extensions>
          <ns3:TrackPointExtension>
            <ns3:hr>118</ns3:hr>
          </ns3:TrackPointExtension>
        </extensions>
      </trkpt>
      <trkpt lat="47.771076969802379608154296875" lon="18.9297365583479404449462890625">
        <ele>304.600006103515625</ele>
        <time>2023-10-08T11:20:52.000Z</time>
        <extensions>
          <ns3:TrackPointExtension>
            <ns3:hr>119</ns3:hr>
          </ns3:TrackPointExtension>
        </extensions>
      </trkpt>
      <trkpt lat="47.77105509303510189056396484375" lon="18.929693810641765594482421875">
        <ele>304.20001220703125</ele>
        <time>2023-10-08T11:20:55.000Z</time>
        <extensions>
          <ns3:TrackPointExtension>
            <ns3:hr>119</ns3:hr>
          </ns3:TrackPointExtension>
        </extensions>
      </trkpt>
      <trkpt lat="47.7710533328354358673095703125" lon="18.92966908402740955352783203125">
        <ele>304</ele>
        <time>2023-10-08T11:20:57.000Z</time>
        <extensions>
          <ns3:TrackPointExtension>
            <ns3:hr>119</ns3:hr>
          </ns3:TrackPointExtension>
        </extensions>
      </trkpt>
      <trkpt lat="47.77101033367216587066650390625" lon="18.9295920543372631072998046875">
        <ele>303</ele>
        <time>2023-10-08T11:21:04.000Z</time>
        <extensions>
          <ns3:TrackPointExtension>
            <ns3:hr>119</ns3:hr>
          </ns3:TrackPointExtension>
        </extensions>
      </trkpt>
      <trkpt lat="47.77097697369754314422607421875" lon="18.92947831191122531890869140625">
        <ele>301.600006103515625</ele>
        <time>2023-10-08T11:21:12.000Z</time>
        <extensions>
          <ns3:TrackPointExtension>
            <ns3:hr>120</ns3:hr>
          </ns3:TrackPointExtension>
        </extensions>
      </trkpt>
      <trkpt lat="47.77099222876131534576416015625" lon="18.9294151961803436279296875">
        <ele>301.399993896484375</ele>
        <time>2023-10-08T11:21:18.000Z</time>
        <extensions>
          <ns3:TrackPointExtension>
            <ns3:hr>120</ns3:hr>
          </ns3:TrackPointExtension>
        </extensions>
      </trkpt>
      <trkpt lat="47.77101620100438594818115234375" lon="18.929306231439113616943359375">
        <ele>301</ele>
        <time>2023-10-08T11:21:26.000Z</time>
        <extensions>
          <ns3:TrackPointExtension>
            <ns3:hr>120</ns3:hr>
          </ns3:TrackPointExtension>
        </extensions>
      </trkpt>
      <trkpt lat="47.7710325457155704498291015625" lon="18.92929776571691036224365234375">
        <ele>301.399993896484375</ele>
        <time>2023-10-08T11:21:33.000Z</time>
        <extensions>
          <ns3:TrackPointExtension>
            <ns3:hr>118</ns3:hr>
          </ns3:TrackPointExtension>
        </extensions>
      </trkpt>
      <trkpt lat="47.7710638940334320068359375" lon="18.92927546985447406768798828125">
        <ele>301.600006103515625</ele>
        <time>2023-10-08T11:21:39.000Z</time>
        <extensions>
          <ns3:TrackPointExtension>
            <ns3:hr>118</ns3:hr>
          </ns3:TrackPointExtension>
        </extensions>
      </trkpt>
      <trkpt lat="47.77110286988317966461181640625" lon="18.9291753061115741729736328125">
        <ele>299.79998779296875</ele>
        <time>2023-10-08T11:21:49.000Z</time>
        <extensions>
          <ns3:TrackPointExtension>
            <ns3:hr>119</ns3:hr>
          </ns3:TrackPointExtension>
        </extensions>
      </trkpt>
      <trkpt lat="47.77115081436932086944580078125" lon="18.92908997833728790283203125">
        <ele>298.399993896484375</ele>
        <time>2023-10-08T11:21:57.000Z</time>
        <extensions>
          <ns3:TrackPointExtension>
            <ns3:hr>122</ns3:hr>
          </ns3:TrackPointExtension>
        </extensions>
      </trkpt>
      <trkpt lat="47.77115383185446262359619140625" lon="18.929066844284534454345703125">
        <ele>297.79998779296875</ele>
        <time>2023-10-08T11:21:59.000Z</time>
        <extensions>
          <ns3:TrackPointExtension>
            <ns3:hr>122</ns3:hr>
          </ns3:TrackPointExtension>
        </extensions>
      </trkpt>
      <trkpt lat="47.77116154320538043975830078125" lon="18.92905888147652149200439453125">
        <ele>297.79998779296875</ele>
        <time>2023-10-08T11:22:01.000Z</time>
        <extensions>
          <ns3:TrackPointExtension>
            <ns3:hr>122</ns3:hr>
          </ns3:TrackPointExtension>
        </extensions>
      </trkpt>
      <trkpt lat="47.7711793966591358184814453125" lon="18.929031305015087127685546875">
        <ele>297.399993896484375</ele>
        <time>2023-10-08T11:22:04.000Z</time>
        <extensions>
          <ns3:TrackPointExtension>
            <ns3:hr>123</ns3:hr>
          </ns3:TrackPointExtension>
        </extensions>
      </trkpt>
      <trkpt lat="47.77120211161673069000244140625" lon="18.92901110462844371795654296875">
        <ele>297.600006103515625</ele>
        <time>2023-10-08T11:22:07.000Z</time>
        <extensions>
          <ns3:TrackPointExtension>
            <ns3:hr>126</ns3:hr>
          </ns3:TrackPointExtension>
        </extensions>
      </trkpt>
      <trkpt lat="47.7712172828614711761474609375" lon="18.92896332778036594390869140625">
        <ele>297</ele>
        <time>2023-10-08T11:22:12.000Z</time>
        <extensions>
          <ns3:TrackPointExtension>
            <ns3:hr>125</ns3:hr>
          </ns3:TrackPointExtension>
        </extensions>
      </trkpt>
      <trkpt lat="47.771268077194690704345703125" lon="18.92885587178170680999755859375">
        <ele>296.399993896484375</ele>
        <time>2023-10-08T11:22:21.000Z</time>
        <extensions>
          <ns3:TrackPointExtension>
            <ns3:hr>124</ns3:hr>
          </ns3:TrackPointExtension>
        </extensions>
      </trkpt>
      <trkpt lat="47.77131375856697559356689453125" lon="18.9288111962378025054931640625">
        <ele>297.20001220703125</ele>
        <time>2023-10-08T11:22:28.000Z</time>
        <extensions>
          <ns3:TrackPointExtension>
            <ns3:hr>123</ns3:hr>
          </ns3:TrackPointExtension>
        </extensions>
      </trkpt>
      <trkpt lat="47.7713664807379245758056640625" lon="18.92874640412628650665283203125">
        <ele>298.20001220703125</ele>
        <time>2023-10-08T11:22:37.000Z</time>
        <extensions>
          <ns3:TrackPointExtension>
            <ns3:hr>123</ns3:hr>
          </ns3:TrackPointExtension>
        </extensions>
      </trkpt>
      <trkpt lat="47.771405875682830810546875" lon="18.9286884851753711700439453125">
        <ele>298.399993896484375</ele>
        <time>2023-10-08T11:22:46.000Z</time>
        <extensions>
          <ns3:TrackPointExtension>
            <ns3:hr>121</ns3:hr>
          </ns3:TrackPointExtension>
        </extensions>
      </trkpt>
      <trkpt lat="47.77143529616296291351318359375" lon="18.92865772359073162078857421875">
        <ele>299</ele>
        <time>2023-10-08T11:22:51.000Z</time>
        <extensions>
          <ns3:TrackPointExtension>
            <ns3:hr>118</ns3:hr>
          </ns3:TrackPointExtension>
        </extensions>
      </trkpt>
      <trkpt lat="47.7714687399566173553466796875" lon="18.92859821207821369171142578125">
        <ele>298.79998779296875</ele>
        <time>2023-10-08T11:22:57.000Z</time>
        <extensions>
          <ns3:TrackPointExtension>
            <ns3:hr>118</ns3:hr>
          </ns3:TrackPointExtension>
        </extensions>
      </trkpt>
      <trkpt lat="47.77148969471454620361328125" lon="18.92856418155133724212646484375">
        <ele>299</ele>
        <time>2023-10-08T11:23:00.000Z</time>
        <extensions>
          <ns3:TrackPointExtension>
            <ns3:hr>117</ns3:hr>
          </ns3:TrackPointExtension>
        </extensions>
      </trkpt>
      <trkpt lat="47.77150712907314300537109375" lon="18.9285258762538433074951171875">
        <ele>298.79998779296875</ele>
        <time>2023-10-08T11:23:04.000Z</time>
        <extensions>
          <ns3:TrackPointExtension>
            <ns3:hr>115</ns3:hr>
          </ns3:TrackPointExtension>
        </extensions>
      </trkpt>
      <trkpt lat="47.77153587900102138519287109375" lon="18.92849444411695003509521484375">
        <ele>299.399993896484375</ele>
        <time>2023-10-08T11:23:10.000Z</time>
        <extensions>
          <ns3:TrackPointExtension>
            <ns3:hr>116</ns3:hr>
          </ns3:TrackPointExtension>
        </extensions>
      </trkpt>
      <trkpt lat="47.7715485356748104095458984375" lon="18.92847918905317783355712890625">
        <ele>299.600006103515625</ele>
        <time>2023-10-08T11:23:12.000Z</time>
        <extensions>
          <ns3:TrackPointExtension>
            <ns3:hr>113</ns3:hr>
          </ns3:TrackPointExtension>
        </extensions>
      </trkpt>
      <trkpt lat="47.77156270109117031097412109375" lon="18.928453624248504638671875">
        <ele>299.600006103515625</ele>
        <time>2023-10-08T11:23:16.000Z</time>
        <extensions>
          <ns3:TrackPointExtension>
            <ns3:hr>113</ns3:hr>
          </ns3:TrackPointExtension>
        </extensions>
      </trkpt>
      <trkpt lat="47.77157644741237163543701171875" lon="18.928430490195751190185546875">
        <ele>299.600006103515625</ele>
        <time>2023-10-08T11:23:19.000Z</time>
        <extensions>
          <ns3:TrackPointExtension>
            <ns3:hr>116</ns3:hr>
          </ns3:TrackPointExtension>
        </extensions>
      </trkpt>
      <trkpt lat="47.771608717739582061767578125" lon="18.92838053405284881591796875">
        <ele>300</ele>
        <time>2023-10-08T11:23:25.000Z</time>
        <extensions>
          <ns3:TrackPointExtension>
            <ns3:hr>115</ns3:hr>
          </ns3:TrackPointExtension>
        </extensions>
      </trkpt>
      <trkpt lat="47.7716539800167083740234375" lon="18.92827064730226993560791015625">
        <ele>299.20001220703125</ele>
        <time>2023-10-08T11:23:35.000Z</time>
        <extensions>
          <ns3:TrackPointExtension>
            <ns3:hr>116</ns3:hr>
          </ns3:TrackPointExtension>
        </extensions>
      </trkpt>
      <trkpt lat="47.77168759144842624664306640625" lon="18.928218595683574676513671875">
        <ele>299.600006103515625</ele>
        <time>2023-10-08T11:23:40.000Z</time>
        <extensions>
          <ns3:TrackPointExtension>
            <ns3:hr>119</ns3:hr>
          </ns3:TrackPointExtension>
        </extensions>
      </trkpt>
      <trkpt lat="47.77170293033123016357421875" lon="18.928177691996097564697265625">
        <ele>299.20001220703125</ele>
        <time>2023-10-08T11:23:44.000Z</time>
        <extensions>
          <ns3:TrackPointExtension>
            <ns3:hr>118</ns3:hr>
          </ns3:TrackPointExtension>
        </extensions>
      </trkpt>
      <trkpt lat="47.77172195725142955780029296875" lon="18.92813771031796932220458984375">
        <ele>299.399993896484375</ele>
        <time>2023-10-08T11:23:49.000Z</time>
        <extensions>
          <ns3:TrackPointExtension>
            <ns3:hr>115</ns3:hr>
          </ns3:TrackPointExtension>
        </extensions>
      </trkpt>
      <trkpt lat="47.77173050679266452789306640625" lon="18.92811155878007411956787109375">
        <ele>299.399993896484375</ele>
        <time>2023-10-08T11:23:52.000Z</time>
        <extensions>
          <ns3:TrackPointExtension>
            <ns3:hr>115</ns3:hr>
          </ns3:TrackPointExtension>
        </extensions>
      </trkpt>
      <trkpt lat="47.7717792056500911712646484375" lon="18.92799563705921173095703125">
        <ele>300</ele>
        <time>2023-10-08T11:24:01.000Z</time>
        <extensions>
          <ns3:TrackPointExtension>
            <ns3:hr>113</ns3:hr>
          </ns3:TrackPointExtension>
        </extensions>
      </trkpt>
      <trkpt lat="47.77183176018297672271728515625" lon="18.9278834871947765350341796875">
        <ele>300.79998779296875</ele>
        <time>2023-10-08T11:24:09.000Z</time>
        <extensions>
          <ns3:TrackPointExtension>
            <ns3:hr>113</ns3:hr>
          </ns3:TrackPointExtension>
        </extensions>
      </trkpt>
      <trkpt lat="47.77183326892554759979248046875" lon="18.9277886040508747100830078125">
        <ele>300.600006103515625</ele>
        <time>2023-10-08T11:24:18.000Z</time>
        <extensions>
          <ns3:TrackPointExtension>
            <ns3:hr>113</ns3:hr>
          </ns3:TrackPointExtension>
        </extensions>
      </trkpt>
      <trkpt lat="47.77185036800801753997802734375" lon="18.92773588187992572784423828125">
        <ele>301.20001220703125</ele>
        <time>2023-10-08T11:24:23.000Z</time>
        <extensions>
          <ns3:TrackPointExtension>
            <ns3:hr>116</ns3:hr>
          </ns3:TrackPointExtension>
        </extensions>
      </trkpt>
      <trkpt lat="47.77187190949916839599609375" lon="18.9276744425296783447265625">
        <ele>301.600006103515625</ele>
        <time>2023-10-08T11:24:28.000Z</time>
        <extensions>
          <ns3:TrackPointExtension>
            <ns3:hr>116</ns3:hr>
          </ns3:TrackPointExtension>
        </extensions>
      </trkpt>
      <trkpt lat="47.77188003994524478912353515625" lon="18.92760663293302059173583984375">
        <ele>301.399993896484375</ele>
        <time>2023-10-08T11:24:36.000Z</time>
        <extensions>
          <ns3:TrackPointExtension>
            <ns3:hr>117</ns3:hr>
          </ns3:TrackPointExtension>
        </extensions>
      </trkpt>
      <trkpt lat="47.77190384455025196075439453125" lon="18.9274999313056468963623046875">
        <ele>301.79998779296875</ele>
        <time>2023-10-08T11:24:45.000Z</time>
        <extensions>
          <ns3:TrackPointExtension>
            <ns3:hr>117</ns3:hr>
          </ns3:TrackPointExtension>
        </extensions>
      </trkpt>
      <trkpt lat="47.77192161418497562408447265625" lon="18.9274370670318603515625">
        <ele>302.600006103515625</ele>
        <time>2023-10-08T11:24:52.000Z</time>
        <extensions>
          <ns3:TrackPointExtension>
            <ns3:hr>118</ns3:hr>
          </ns3:TrackPointExtension>
        </extensions>
      </trkpt>
      <trkpt lat="47.77193225920200347900390625" lon="18.9273564331233501434326171875">
        <ele>303.20001220703125</ele>
        <time>2023-10-08T11:24:58.000Z</time>
        <extensions>
          <ns3:TrackPointExtension>
            <ns3:hr>117</ns3:hr>
          </ns3:TrackPointExtension>
        </extensions>
      </trkpt>
      <trkpt lat="47.77194810099899768829345703125" lon="18.92727269791066646575927734375">
        <ele>303.600006103515625</ele>
        <time>2023-10-08T11:25:07.000Z</time>
        <extensions>
          <ns3:TrackPointExtension>
            <ns3:hr>117</ns3:hr>
          </ns3:TrackPointExtension>
        </extensions>
      </trkpt>
      <trkpt lat="47.771950028836727142333984375" lon="18.927255012094974517822265625">
        <ele>303.79998779296875</ele>
        <time>2023-10-08T11:25:15.000Z</time>
        <extensions>
          <ns3:TrackPointExtension>
            <ns3:hr>117</ns3:hr>
          </ns3:TrackPointExtension>
        </extensions>
      </trkpt>
      <trkpt lat="47.77194810099899768829345703125" lon="18.92725945450365543365478515625">
        <ele>303.600006103515625</ele>
        <time>2023-10-08T11:25:25.000Z</time>
        <extensions>
          <ns3:TrackPointExtension>
            <ns3:hr>120</ns3:hr>
          </ns3:TrackPointExtension>
        </extensions>
      </trkpt>
      <trkpt lat="47.77194810099899768829345703125" lon="18.92725945450365543365478515625">
        <ele>303.600006103515625</ele>
        <time>2023-10-08T11:25:26.000Z</time>
        <extensions>
          <ns3:TrackPointExtension>
            <ns3:hr>120</ns3:hr>
          </ns3:TrackPointExtension>
        </extensions>
      </trkpt>
      <trkpt lat="47.77194810099899768829345703125" lon="18.92725844867527484893798828125">
        <ele>303.600006103515625</ele>
        <time>2023-10-08T11:25:32.000Z</time>
        <extensions>
          <ns3:TrackPointExtension>
            <ns3:hr>123</ns3:hr>
          </ns3:TrackPointExtension>
        </extensions>
      </trkpt>
      <trkpt lat="47.77195597998797893524169921875" lon="18.92705091275274753570556640625">
        <ele>304</ele>
        <time>2023-10-08T11:25:53.000Z</time>
        <extensions>
          <ns3:TrackPointExtension>
            <ns3:hr>124</ns3:hr>
          </ns3:TrackPointExtension>
        </extensions>
      </trkpt>
      <trkpt lat="47.77196737937629222869873046875" lon="18.9268397726118564605712890625">
        <ele>305.20001220703125</ele>
        <time>2023-10-08T11:26:02.000Z</time>
        <extensions>
          <ns3:TrackPointExtension>
            <ns3:hr>123</ns3:hr>
          </ns3:TrackPointExtension>
        </extensions>
      </trkpt>
      <trkpt lat="47.77196285314857959747314453125" lon="18.92677565105259418487548828125">
        <ele>305</ele>
        <time>2023-10-08T11:26:09.000Z</time>
        <extensions>
          <ns3:TrackPointExtension>
            <ns3:hr>120</ns3:hr>
          </ns3:TrackPointExtension>
        </extensions>
      </trkpt>
      <trkpt lat="47.771962098777294158935546875" lon="18.9267673529684543609619140625">
        <ele>305</ele>
        <time>2023-10-08T11:26:10.000Z</time>
        <extensions>
          <ns3:TrackPointExtension>
            <ns3:hr>120</ns3:hr>
          </ns3:TrackPointExtension>
        </extensions>
      </trkpt>
      <trkpt lat="47.7719329297542572021484375" lon="18.92667121253907680511474609375">
        <ele>303</ele>
        <time>2023-10-08T11:26:18.000Z</time>
        <extensions>
          <ns3:TrackPointExtension>
            <ns3:hr>118</ns3:hr>
          </ns3:TrackPointExtension>
        </extensions>
      </trkpt>
      <trkpt lat="47.77191122062504291534423828125" lon="18.926591835916042327880859375">
        <ele>301.600006103515625</ele>
        <time>2023-10-08T11:26:27.000Z</time>
        <extensions>
          <ns3:TrackPointExtension>
            <ns3:hr>116</ns3:hr>
          </ns3:TrackPointExtension>
        </extensions>
      </trkpt>
      <trkpt lat="47.77190870605409145355224609375" lon="18.926493935286998748779296875">
        <ele>301.399993896484375</ele>
        <time>2023-10-08T11:26:35.000Z</time>
        <extensions>
          <ns3:TrackPointExtension>
            <ns3:hr>115</ns3:hr>
          </ns3:TrackPointExtension>
        </extensions>
      </trkpt>
      <trkpt lat="47.7718791179358959197998046875" lon="18.92636644653975963592529296875">
        <ele>299.79998779296875</ele>
        <time>2023-10-08T11:26:44.000Z</time>
        <extensions>
          <ns3:TrackPointExtension>
            <ns3:hr>114</ns3:hr>
          </ns3:TrackPointExtension>
        </extensions>
      </trkpt>
      <trkpt lat="47.77187299914658069610595703125" lon="18.926291428506374359130859375">
        <ele>299</ele>
        <time>2023-10-08T11:26:50.000Z</time>
        <extensions>
          <ns3:TrackPointExtension>
            <ns3:hr>112</ns3:hr>
          </ns3:TrackPointExtension>
        </extensions>
      </trkpt>
      <trkpt lat="47.7718419022858142852783203125" lon="18.9262047596275806427001953125">
        <ele>297</ele>
        <time>2023-10-08T11:26:58.000Z</time>
        <extensions>
          <ns3:TrackPointExtension>
            <ns3:hr>112</ns3:hr>
          </ns3:TrackPointExtension>
        </extensions>
      </trkpt>
      <trkpt lat="47.77182823978364467620849609375" lon="18.92611465416848659515380859375">
        <ele>296.79998779296875</ele>
        <time>2023-10-08T11:27:06.000Z</time>
        <extensions>
          <ns3:TrackPointExtension>
            <ns3:hr>114</ns3:hr>
          </ns3:TrackPointExtension>
        </extensions>
      </trkpt>
      <trkpt lat="47.7718087099492549896240234375" lon="18.9260320924222469329833984375">
        <ele>296.20001220703125</ele>
        <time>2023-10-08T11:27:14.000Z</time>
        <extensions>
          <ns3:TrackPointExtension>
            <ns3:hr>115</ns3:hr>
          </ns3:TrackPointExtension>
        </extensions>
      </trkpt>
      <trkpt lat="47.77179622091352939605712890625" lon="18.92598037607967853546142578125">
        <ele>295.399993896484375</ele>
        <time>2023-10-08T11:27:21.000Z</time>
        <extensions>
          <ns3:TrackPointExtension>
            <ns3:hr>112</ns3:hr>
          </ns3:TrackPointExtension>
        </extensions>
      </trkpt>
      <trkpt lat="47.77178800664842128753662109375" lon="18.9258805476129055023193359375">
        <ele>294.600006103515625</ele>
        <time>2023-10-08T11:27:31.000Z</time>
        <extensions>
          <ns3:TrackPointExtension>
            <ns3:hr>112</ns3:hr>
          </ns3:TrackPointExtension>
        </extensions>
      </trkpt>
      <trkpt lat="47.77177258394658565521240234375" lon="18.92578893341124057769775390625">
        <ele>293.600006103515625</ele>
        <time>2023-10-08T11:27:41.000Z</time>
        <extensions>
          <ns3:TrackPointExtension>
            <ns3:hr>114</ns3:hr>
          </ns3:TrackPointExtension>
        </extensions>
      </trkpt>
      <trkpt lat="47.7717543952167034149169921875" lon="18.92571710050106048583984375">
        <ele>292.600006103515625</ele>
        <time>2023-10-08T11:27:45.000Z</time>
        <extensions>
          <ns3:TrackPointExtension>
            <ns3:hr>119</ns3:hr>
          </ns3:TrackPointExtension>
        </extensions>
      </trkpt>
      <trkpt lat="47.77174157090485095977783203125" lon="18.92569296061992645263671875">
        <ele>292</ele>
        <time>2023-10-08T11:27:48.000Z</time>
        <extensions>
          <ns3:TrackPointExtension>
            <ns3:hr>119</ns3:hr>
          </ns3:TrackPointExtension>
        </extensions>
      </trkpt>
      <trkpt lat="47.77172581292688846588134765625" lon="18.92562850378453731536865234375">
        <ele>291.399993896484375</ele>
        <time>2023-10-08T11:27:55.000Z</time>
        <extensions>
          <ns3:TrackPointExtension>
            <ns3:hr>118</ns3:hr>
          </ns3:TrackPointExtension>
        </extensions>
      </trkpt>
      <trkpt lat="47.77168356813490390777587890625" lon="18.9255238138139247894287109375">
        <ele>289.79998779296875</ele>
        <time>2023-10-08T11:28:06.000Z</time>
        <extensions>
          <ns3:TrackPointExtension>
            <ns3:hr>118</ns3:hr>
          </ns3:TrackPointExtension>
        </extensions>
      </trkpt>
      <trkpt lat="47.77167954482138156890869140625" lon="18.92549405805766582489013671875">
        <ele>289.399993896484375</ele>
        <time>2023-10-08T11:28:13.000Z</time>
        <extensions>
          <ns3:TrackPointExtension>
            <ns3:hr>118</ns3:hr>
          </ns3:TrackPointExtension>
        </extensions>
      </trkpt>
      <trkpt lat="47.77166110463440418243408203125" lon="18.9254202134907245635986328125">
        <ele>288.399993896484375</ele>
        <time>2023-10-08T11:28:25.000Z</time>
        <extensions>
          <ns3:TrackPointExtension>
            <ns3:hr>119</ns3:hr>
          </ns3:TrackPointExtension>
        </extensions>
      </trkpt>
      <trkpt lat="47.7716078795492649078369140625" lon="18.925341926515102386474609375">
        <ele>287.600006103515625</ele>
        <time>2023-10-08T11:28:36.000Z</time>
        <extensions>
          <ns3:TrackPointExtension>
            <ns3:hr>119</ns3:hr>
          </ns3:TrackPointExtension>
        </extensions>
      </trkpt>
      <trkpt lat="47.7715974859893321990966796875" lon="18.92531233839690685272216796875">
        <ele>287.399993896484375</ele>
        <time>2023-10-08T11:28:41.000Z</time>
        <extensions>
          <ns3:TrackPointExtension>
            <ns3:hr>116</ns3:hr>
          </ns3:TrackPointExtension>
        </extensions>
      </trkpt>
      <trkpt lat="47.7715941332280635833740234375" lon="18.9253060519695281982421875">
        <ele>287.399993896484375</ele>
        <time>2023-10-08T11:28:43.000Z</time>
        <extensions>
          <ns3:TrackPointExtension>
            <ns3:hr>116</ns3:hr>
          </ns3:TrackPointExtension>
        </extensions>
      </trkpt>
      <trkpt lat="47.7715364657342433929443359375" lon="18.9252207241952419281005859375">
        <ele>286.79998779296875</ele>
        <time>2023-10-08T11:28:54.000Z</time>
        <extensions>
          <ns3:TrackPointExtension>
            <ns3:hr>115</ns3:hr>
          </ns3:TrackPointExtension>
        </extensions>
      </trkpt>
      <trkpt lat="47.77147435583174228668212890625" lon="18.925133049488067626953125">
        <ele>286.20001220703125</ele>
        <time>2023-10-08T11:29:04.000Z</time>
        <extensions>
          <ns3:TrackPointExtension>
            <ns3:hr>114</ns3:hr>
          </ns3:TrackPointExtension>
        </extensions>
      </trkpt>
      <trkpt lat="47.77142892591655254364013671875" lon="18.925070352852344512939453125">
        <ele>285.399993896484375</ele>
        <time>2023-10-08T11:29:12.000Z</time>
        <extensions>
          <ns3:TrackPointExtension>
            <ns3:hr>113</ns3:hr>
          </ns3:TrackPointExtension>
        </extensions>
      </trkpt>
      <trkpt lat="47.77136790566146373748779296875" lon="18.9249934069812297821044921875">
        <ele>284.20001220703125</ele>
        <time>2023-10-08T11:29:21.000Z</time>
        <extensions>
          <ns3:TrackPointExtension>
            <ns3:hr>113</ns3:hr>
          </ns3:TrackPointExtension>
        </extensions>
      </trkpt>
      <trkpt lat="47.7713336236774921417236328125" lon="18.92495091073215007781982421875">
        <ele>283.600006103515625</ele>
        <time>2023-10-08T11:29:26.000Z</time>
        <extensions>
          <ns3:TrackPointExtension>
            <ns3:hr>116</ns3:hr>
          </ns3:TrackPointExtension>
        </extensions>
      </trkpt>
      <trkpt lat="47.771316356956958770751953125" lon="18.9249122701585292816162109375">
        <ele>283</ele>
        <time>2023-10-08T11:29:31.000Z</time>
        <extensions>
          <ns3:TrackPointExtension>
            <ns3:hr>112</ns3:hr>
          </ns3:TrackPointExtension>
        </extensions>
      </trkpt>
      <trkpt lat="47.77129900641739368438720703125" lon="18.92488016746938228607177734375">
        <ele>282.600006103515625</ele>
        <time>2023-10-08T11:29:38.000Z</time>
        <extensions>
          <ns3:TrackPointExtension>
            <ns3:hr>110</ns3:hr>
          </ns3:TrackPointExtension>
        </extensions>
      </trkpt>
      <trkpt lat="47.77125759981572628021240234375" lon="18.92482928931713104248046875">
        <ele>281.79998779296875</ele>
        <time>2023-10-08T11:29:44.000Z</time>
        <extensions>
          <ns3:TrackPointExtension>
            <ns3:hr>109</ns3:hr>
          </ns3:TrackPointExtension>
        </extensions>
      </trkpt>
      <trkpt lat="47.77121317572891712188720703125" lon="18.9247268624603748321533203125">
        <ele>279.600006103515625</ele>
        <time>2023-10-08T11:29:54.000Z</time>
        <extensions>
          <ns3:TrackPointExtension>
            <ns3:hr>110</ns3:hr>
          </ns3:TrackPointExtension>
        </extensions>
      </trkpt>
      <trkpt lat="47.7711542509496212005615234375" lon="18.9247213304042816162109375">
        <ele>279.20001220703125</ele>
        <time>2023-10-08T11:30:02.000Z</time>
        <extensions>
          <ns3:TrackPointExtension>
            <ns3:hr>110</ns3:hr>
          </ns3:TrackPointExtension>
        </extensions>
      </trkpt>
      <trkpt lat="47.77110136114060878753662109375" lon="18.92467296682298183441162109375">
        <ele>277.79998779296875</ele>
        <time>2023-10-08T11:30:11.000Z</time>
        <extensions>
          <ns3:TrackPointExtension>
            <ns3:hr>110</ns3:hr>
          </ns3:TrackPointExtension>
        </extensions>
      </trkpt>
      <trkpt lat="47.7710922248661518096923828125" lon="18.924659304320812225341796875">
        <ele>277.399993896484375</ele>
        <time>2023-10-08T11:30:18.000Z</time>
        <extensions>
          <ns3:TrackPointExtension>
            <ns3:hr>111</ns3:hr>
          </ns3:TrackPointExtension>
        </extensions>
      </trkpt>
      <trkpt lat="47.7710918895900249481201171875" lon="18.9246614836156368255615234375">
        <ele>277.399993896484375</ele>
        <time>2023-10-08T11:30:29.000Z</time>
        <extensions>
          <ns3:TrackPointExtension>
            <ns3:hr>114</ns3:hr>
          </ns3:TrackPointExtension>
        </extensions>
      </trkpt>
      <trkpt lat="47.7710918895900249481201171875" lon="18.924661315977573394775390625">
        <ele>277.399993896484375</ele>
        <time>2023-10-08T11:30:35.000Z</time>
        <extensions>
          <ns3:TrackPointExtension>
            <ns3:hr>117</ns3:hr>
          </ns3:TrackPointExtension>
        </extensions>
      </trkpt>
      <trkpt lat="47.7710848487913608551025390625" lon="18.92464363016188144683837890625">
        <ele>277</ele>
        <time>2023-10-08T11:31:10.000Z</time>
        <extensions>
          <ns3:TrackPointExtension>
            <ns3:hr>114</ns3:hr>
          </ns3:TrackPointExtension>
        </extensions>
      </trkpt>
      <trkpt lat="47.77109214104712009429931640625" lon="18.92464698292315006256103515625">
        <ele>277.20001220703125</ele>
        <time>2023-10-08T11:32:07.000Z</time>
        <extensions>
          <ns3:TrackPointExtension>
            <ns3:hr>113</ns3:hr>
          </ns3:TrackPointExtension>
        </extensions>
      </trkpt>
      <trkpt lat="47.77111980132758617401123046875" lon="18.9246551133692264556884765625">
        <ele>277.600006103515625</ele>
        <time>2023-10-08T11:32:15.000Z</time>
        <extensions>
          <ns3:TrackPointExtension>
            <ns3:hr>113</ns3:hr>
          </ns3:TrackPointExtension>
        </extensions>
      </trkpt>
      <trkpt lat="47.77116824872791767120361328125" lon="18.92469878308475017547607421875">
        <ele>278.79998779296875</ele>
        <time>2023-10-08T11:32:34.000Z</time>
        <extensions>
          <ns3:TrackPointExtension>
            <ns3:hr>114</ns3:hr>
          </ns3:TrackPointExtension>
        </extensions>
      </trkpt>
      <trkpt lat="47.7712169475853443145751953125" lon="18.92475108616054058074951171875">
        <ele>280</ele>
        <time>2023-10-08T11:32:38.000Z</time>
        <extensions>
          <ns3:TrackPointExtension>
            <ns3:hr>111</ns3:hr>
          </ns3:TrackPointExtension>
        </extensions>
      </trkpt>
      <trkpt lat="47.77124050073325634002685546875" lon="18.92478863708674907684326171875">
        <ele>280.79998779296875</ele>
        <time>2023-10-08T11:32:40.000Z</time>
        <extensions>
          <ns3:TrackPointExtension>
            <ns3:hr>110</ns3:hr>
          </ns3:TrackPointExtension>
        </extensions>
      </trkpt>
      <trkpt lat="47.7712498046457767486572265625" lon="18.9248116873204708099365234375">
        <ele>281.399993896484375</ele>
        <time>2023-10-08T11:32:42.000Z</time>
        <extensions>
          <ns3:TrackPointExtension>
            <ns3:hr>107</ns3:hr>
          </ns3:TrackPointExtension>
        </extensions>
      </trkpt>
      <trkpt lat="47.77128341607749462127685546875" lon="18.92486994154751300811767578125">
        <ele>282.399993896484375</ele>
        <time>2023-10-08T11:32:48.000Z</time>
        <extensions>
          <ns3:TrackPointExtension>
            <ns3:hr>105</ns3:hr>
          </ns3:TrackPointExtension>
        </extensions>
      </trkpt>
      <trkpt lat="47.77129867114126682281494140625" lon="18.9248822629451751708984375">
        <ele>282.600006103515625</ele>
        <time>2023-10-08T11:32:55.000Z</time>
        <extensions>
          <ns3:TrackPointExtension>
            <ns3:hr>105</ns3:hr>
          </ns3:TrackPointExtension>
        </extensions>
      </trkpt>
      <trkpt lat="47.77132599614560604095458984375" lon="18.924883268773555755615234375">
        <ele>282.600006103515625</ele>
        <time>2023-10-08T11:33:04.000Z</time>
        <extensions>
          <ns3:TrackPointExtension>
            <ns3:hr>105</ns3:hr>
          </ns3:TrackPointExtension>
        </extensions>
      </trkpt>
      <trkpt lat="47.771327085793018341064453125" lon="18.924883268773555755615234375">
        <ele>282.600006103515625</ele>
        <time>2023-10-08T11:33:29.000Z</time>
        <extensions>
          <ns3:TrackPointExtension>
            <ns3:hr>108</ns3:hr>
          </ns3:TrackPointExtension>
        </extensions>
      </trkpt>
      <trkpt lat="47.77132716961205005645751953125" lon="18.92488217912614345550537109375">
        <ele>282.600006103515625</ele>
        <time>2023-10-08T11:33:30.000Z</time>
        <extensions>
          <ns3:TrackPointExtension>
            <ns3:hr>105</ns3:hr>
          </ns3:TrackPointExtension>
        </extensions>
      </trkpt>
      <trkpt lat="47.77132750488817691802978515625" lon="18.92487849108874797821044921875">
        <ele>282.600006103515625</ele>
        <time>2023-10-08T11:33:31.000Z</time>
        <extensions>
          <ns3:TrackPointExtension>
            <ns3:hr>108</ns3:hr>
          </ns3:TrackPointExtension>
        </extensions>
      </trkpt>
      <trkpt lat="47.77140478603541851043701171875" lon="18.92487966455519199371337890625">
        <ele>282.600006103515625</ele>
        <time>2023-10-08T11:33:50.000Z</time>
        <extensions>
          <ns3:TrackPointExtension>
            <ns3:hr>106</ns3:hr>
          </ns3:TrackPointExtension>
        </extensions>
      </trkpt>
      <trkpt lat="47.771473936736583709716796875" lon="18.92488888464868068695068359375">
        <ele>282.600006103515625</ele>
        <time>2023-10-08T11:33:59.000Z</time>
        <extensions>
          <ns3:TrackPointExtension>
            <ns3:hr>105</ns3:hr>
          </ns3:TrackPointExtension>
        </extensions>
      </trkpt>
      <trkpt lat="47.77150444686412811279296875" lon="18.92490816302597522735595703125">
        <ele>282.600006103515625</ele>
        <time>2023-10-08T11:34:09.000Z</time>
        <extensions>
          <ns3:TrackPointExtension>
            <ns3:hr>106</ns3:hr>
          </ns3:TrackPointExtension>
        </extensions>
      </trkpt>
      <trkpt lat="47.77155213989317417144775390625" lon="18.92492241226136684417724609375">
        <ele>282.20001220703125</ele>
        <time>2023-10-08T11:34:19.000Z</time>
        <extensions>
          <ns3:TrackPointExtension>
            <ns3:hr>108</ns3:hr>
          </ns3:TrackPointExtension>
        </extensions>
      </trkpt>
      <trkpt lat="47.77159471996128559112548828125" lon="18.9249105937778949737548828125">
        <ele>281</ele>
        <time>2023-10-08T11:34:30.000Z</time>
        <extensions>
          <ns3:TrackPointExtension>
            <ns3:hr>110</ns3:hr>
          </ns3:TrackPointExtension>
        </extensions>
      </trkpt>
      <trkpt lat="47.7716608531773090362548828125" lon="18.924902714788913726806640625">
        <ele>279.399993896484375</ele>
        <time>2023-10-08T11:34:40.000Z</time>
        <extensions>
          <ns3:TrackPointExtension>
            <ns3:hr>110</ns3:hr>
          </ns3:TrackPointExtension>
        </extensions>
      </trkpt>
      <trkpt lat="47.771708965301513671875" lon="18.924891315400600433349609375">
        <ele>278</ele>
        <time>2023-10-08T11:34:50.000Z</time>
        <extensions>
          <ns3:TrackPointExtension>
            <ns3:hr>111</ns3:hr>
          </ns3:TrackPointExtension>
        </extensions>
      </trkpt>
      <trkpt lat="47.77173704467713832855224609375" lon="18.924887292087078094482421875">
        <ele>277.20001220703125</ele>
        <time>2023-10-08T11:35:00.000Z</time>
        <extensions>
          <ns3:TrackPointExtension>
            <ns3:hr>112</ns3:hr>
          </ns3:TrackPointExtension>
        </extensions>
      </trkpt>
      <trkpt lat="47.77174693532288074493408203125" lon="18.9248807542026042938232421875">
        <ele>277</ele>
        <time>2023-10-08T11:35:07.000Z</time>
        <extensions>
          <ns3:TrackPointExtension>
            <ns3:hr>115</ns3:hr>
          </ns3:TrackPointExtension>
        </extensions>
      </trkpt>
      <trkpt lat="47.77174693532288074493408203125" lon="18.9248807542026042938232421875">
        <ele>277</ele>
        <time>2023-10-08T11:35:09.000Z</time>
        <extensions>
          <ns3:TrackPointExtension>
            <ns3:hr>114</ns3:hr>
          </ns3:TrackPointExtension>
        </extensions>
      </trkpt>
      <trkpt lat="47.77175012044608592987060546875" lon="18.9248817600309848785400390625">
        <ele>277</ele>
        <time>2023-10-08T11:35:24.000Z</time>
        <extensions>
          <ns3:TrackPointExtension>
            <ns3:hr>111</ns3:hr>
          </ns3:TrackPointExtension>
        </extensions>
      </trkpt>
      <trkpt lat="47.7718278206884860992431640625" lon="18.9248710311949253082275390625">
        <ele>275.79998779296875</ele>
        <time>2023-10-08T11:35:40.000Z</time>
        <extensions>
          <ns3:TrackPointExtension>
            <ns3:hr>113</ns3:hr>
          </ns3:TrackPointExtension>
        </extensions>
      </trkpt>
      <trkpt lat="47.7718636952340602874755859375" lon="18.92486306838691234588623046875">
        <ele>275</ele>
        <time>2023-10-08T11:35:45.000Z</time>
        <extensions>
          <ns3:TrackPointExtension>
            <ns3:hr>116</ns3:hr>
          </ns3:TrackPointExtension>
        </extensions>
      </trkpt>
      <trkpt lat="47.77186512015759944915771484375" lon="18.92486323602497577667236328125">
        <ele>275</ele>
        <time>2023-10-08T11:35:46.000Z</time>
        <extensions>
          <ns3:TrackPointExtension>
            <ns3:hr>119</ns3:hr>
          </ns3:TrackPointExtension>
        </extensions>
      </trkpt>
      <trkpt lat="47.77187115512788295745849609375" lon="18.9248621463775634765625">
        <ele>275</ele>
        <time>2023-10-08T11:35:47.000Z</time>
        <extensions>
          <ns3:TrackPointExtension>
            <ns3:hr>122</ns3:hr>
          </ns3:TrackPointExtension>
        </extensions>
      </trkpt>
      <trkpt lat="47.7718792855739593505859375" lon="18.924865834414958953857421875">
        <ele>275</ele>
        <time>2023-10-08T11:35:48.000Z</time>
        <extensions>
          <ns3:TrackPointExtension>
            <ns3:hr>122</ns3:hr>
          </ns3:TrackPointExtension>
        </extensions>
      </trkpt>
      <trkpt lat="47.7719324268400669097900390625" lon="18.924859128892421722412109375">
        <ele>274</ele>
        <time>2023-10-08T11:35:55.000Z</time>
        <extensions>
          <ns3:TrackPointExtension>
            <ns3:hr>120</ns3:hr>
          </ns3:TrackPointExtension>
        </extensions>
      </trkpt>
      <trkpt lat="47.77200409211218357086181640625" lon="18.92481914721429347991943359375">
        <ele>271.600006103515625</ele>
        <time>2023-10-08T11:36:05.000Z</time>
        <extensions>
          <ns3:TrackPointExtension>
            <ns3:hr>120</ns3:hr>
          </ns3:TrackPointExtension>
        </extensions>
      </trkpt>
      <trkpt lat="47.77207047678530216217041015625" lon="18.9247883856296539306640625">
        <ele>270.79998779296875</ele>
        <time>2023-10-08T11:36:15.000Z</time>
        <extensions>
          <ns3:TrackPointExtension>
            <ns3:hr>120</ns3:hr>
          </ns3:TrackPointExtension>
        </extensions>
      </trkpt>
      <trkpt lat="47.77209495194256305694580078125" lon="18.9247768186032772064208984375">
        <ele>270.79998779296875</ele>
        <time>2023-10-08T11:36:22.000Z</time>
        <extensions>
          <ns3:TrackPointExtension>
            <ns3:hr>122</ns3:hr>
          </ns3:TrackPointExtension>
        </extensions>
      </trkpt>
      <trkpt lat="47.77212680317461490631103515625" lon="18.9247526787221431732177734375">
        <ele>270.399993896484375</ele>
        <time>2023-10-08T11:36:31.000Z</time>
        <extensions>
          <ns3:TrackPointExtension>
            <ns3:hr>121</ns3:hr>
          </ns3:TrackPointExtension>
        </extensions>
      </trkpt>
      <trkpt lat="47.7721721492707729339599609375" lon="18.92471504397690296173095703125">
        <ele>269.600006103515625</ele>
        <time>2023-10-08T11:36:40.000Z</time>
        <extensions>
          <ns3:TrackPointExtension>
            <ns3:hr>120</ns3:hr>
          </ns3:TrackPointExtension>
        </extensions>
      </trkpt>
      <trkpt lat="47.7721872366964817047119140625" lon="18.92470196820795536041259765625">
        <ele>269.20001220703125</ele>
        <time>2023-10-08T11:36:50.000Z</time>
        <extensions>
          <ns3:TrackPointExtension>
            <ns3:hr>123</ns3:hr>
          </ns3:TrackPointExtension>
        </extensions>
      </trkpt>
      <trkpt lat="47.7721979655325412750244140625" lon="18.92469828017055988311767578125">
        <ele>269.20001220703125</ele>
        <time>2023-10-08T11:36:54.000Z</time>
        <extensions>
          <ns3:TrackPointExtension>
            <ns3:hr>122</ns3:hr>
          </ns3:TrackPointExtension>
        </extensions>
      </trkpt>
      <trkpt lat="47.7721979655325412750244140625" lon="18.9246976934373378753662109375">
        <ele>269.20001220703125</ele>
        <time>2023-10-08T11:37:05.000Z</time>
        <extensions>
          <ns3:TrackPointExtension>
            <ns3:hr>119</ns3:hr>
          </ns3:TrackPointExtension>
        </extensions>
      </trkpt>
      <trkpt lat="47.7721952833235263824462890625" lon="18.924698196351528167724609375">
        <ele>269.20001220703125</ele>
        <time>2023-10-08T11:37:10.000Z</time>
        <extensions>
          <ns3:TrackPointExtension>
            <ns3:hr>118</ns3:hr>
          </ns3:TrackPointExtension>
        </extensions>
      </trkpt>
      <trkpt lat="47.77219184674322605133056640625" lon="18.92472141422331333160400390625">
        <ele>270.20001220703125</ele>
        <time>2023-10-08T11:37:32.000Z</time>
        <extensions>
          <ns3:TrackPointExtension>
            <ns3:hr>115</ns3:hr>
          </ns3:TrackPointExtension>
        </extensions>
      </trkpt>
      <trkpt lat="47.772196792066097259521484375" lon="18.92472242005169391632080078125">
        <ele>270.20001220703125</ele>
        <time>2023-10-08T11:37:49.000Z</time>
        <extensions>
          <ns3:TrackPointExtension>
            <ns3:hr>112</ns3:hr>
          </ns3:TrackPointExtension>
        </extensions>
      </trkpt>
      <trkpt lat="47.77219721116125583648681640625" lon="18.92472057603299617767333984375">
        <ele>270.20001220703125</ele>
        <time>2023-10-08T11:37:56.000Z</time>
        <extensions>
          <ns3:TrackPointExtension>
            <ns3:hr>109</ns3:hr>
          </ns3:TrackPointExtension>
        </extensions>
      </trkpt>
      <trkpt lat="47.77219754643738269805908203125" lon="18.92471797764301300048828125">
        <ele>270</ele>
        <time>2023-10-08T11:38:00.000Z</time>
        <extensions>
          <ns3:TrackPointExtension>
            <ns3:hr>112</ns3:hr>
          </ns3:TrackPointExtension>
        </extensions>
      </trkpt>
      <trkpt lat="47.772197462618350982666015625" lon="18.92471529543399810791015625">
        <ele>269.79998779296875</ele>
        <time>2023-10-08T11:38:06.000Z</time>
        <extensions>
          <ns3:TrackPointExtension>
            <ns3:hr>109</ns3:hr>
          </ns3:TrackPointExtension>
        </extensions>
      </trkpt>
      <trkpt lat="47.77219721116125583648681640625" lon="18.92471261322498321533203125">
        <ele>269.79998779296875</ele>
        <time>2023-10-08T11:38:10.000Z</time>
        <extensions>
          <ns3:TrackPointExtension>
            <ns3:hr>106</ns3:hr>
          </ns3:TrackPointExtension>
        </extensions>
      </trkpt>
      <trkpt lat="47.7722314931452274322509765625" lon="18.9246648363769054412841796875">
        <ele>268</ele>
        <time>2023-10-08T11:38:22.000Z</time>
        <extensions>
          <ns3:TrackPointExtension>
            <ns3:hr>108</ns3:hr>
          </ns3:TrackPointExtension>
        </extensions>
      </trkpt>
      <trkpt lat="47.7722556330263614654541015625" lon="18.92463482916355133056640625">
        <ele>266.79998779296875</ele>
        <time>2023-10-08T11:38:25.000Z</time>
        <extensions>
          <ns3:TrackPointExtension>
            <ns3:hr>105</ns3:hr>
          </ns3:TrackPointExtension>
        </extensions>
      </trkpt>
      <trkpt lat="47.77226510457694530487060546875" lon="18.924626447260379791259765625">
        <ele>266.600006103515625</ele>
        <time>2023-10-08T11:38:26.000Z</time>
        <extensions>
          <ns3:TrackPointExtension>
            <ns3:hr>108</ns3:hr>
          </ns3:TrackPointExtension>
        </extensions>
      </trkpt>
      <trkpt lat="47.77229662053287029266357421875" lon="18.9245940931141376495361328125">
        <ele>265.399993896484375</ele>
        <time>2023-10-08T11:38:30.000Z</time>
        <extensions>
          <ns3:TrackPointExtension>
            <ns3:hr>108</ns3:hr>
          </ns3:TrackPointExtension>
        </extensions>
      </trkpt>
      <trkpt lat="47.7723314054310321807861328125" lon="18.92456282861530780792236328125">
        <ele>264.600006103515625</ele>
        <time>2023-10-08T11:38:38.000Z</time>
        <extensions>
          <ns3:TrackPointExtension>
            <ns3:hr>111</ns3:hr>
          </ns3:TrackPointExtension>
        </extensions>
      </trkpt>
      <trkpt lat="47.77234557084739208221435546875" lon="18.924549333751201629638671875">
        <ele>264.399993896484375</ele>
        <time>2023-10-08T11:38:41.000Z</time>
        <extensions>
          <ns3:TrackPointExtension>
            <ns3:hr>108</ns3:hr>
          </ns3:TrackPointExtension>
        </extensions>
      </trkpt>
      <trkpt lat="47.772375829517841339111328125" lon="18.92451488412916660308837890625">
        <ele>263.600006103515625</ele>
        <time>2023-10-08T11:38:46.000Z</time>
        <extensions>
          <ns3:TrackPointExtension>
            <ns3:hr>110</ns3:hr>
          </ns3:TrackPointExtension>
        </extensions>
      </trkpt>
      <trkpt lat="47.7724115364253520965576171875" lon="18.92445302568376064300537109375">
        <ele>262.20001220703125</ele>
        <time>2023-10-08T11:38:55.000Z</time>
        <extensions>
          <ns3:TrackPointExtension>
            <ns3:hr>115</ns3:hr>
          </ns3:TrackPointExtension>
        </extensions>
      </trkpt>
      <trkpt lat="47.77242042124271392822265625" lon="18.9244207553565502166748046875">
        <ele>261.20001220703125</ele>
        <time>2023-10-08T11:38:58.000Z</time>
        <extensions>
          <ns3:TrackPointExtension>
            <ns3:hr>112</ns3:hr>
          </ns3:TrackPointExtension>
        </extensions>
      </trkpt>
      <trkpt lat="47.7724452316761016845703125" lon="18.92440172843635082244873046875">
        <ele>261</ele>
        <time>2023-10-08T11:39:03.000Z</time>
        <extensions>
          <ns3:TrackPointExtension>
            <ns3:hr>112</ns3:hr>
          </ns3:TrackPointExtension>
        </extensions>
      </trkpt>
      <trkpt lat="47.772504575550556182861328125" lon="18.92436350695788860321044921875">
        <ele>261.399993896484375</ele>
        <time>2023-10-08T11:39:11.000Z</time>
        <extensions>
          <ns3:TrackPointExtension>
            <ns3:hr>112</ns3:hr>
          </ns3:TrackPointExtension>
        </extensions>
      </trkpt>
      <trkpt lat="47.7725308947265148162841796875" lon="18.92436987720429897308349609375">
        <ele>262.399993896484375</ele>
        <time>2023-10-08T11:39:17.000Z</time>
        <extensions>
          <ns3:TrackPointExtension>
            <ns3:hr>111</ns3:hr>
          </ns3:TrackPointExtension>
        </extensions>
      </trkpt>
      <trkpt lat="47.772538773715496063232421875" lon="18.9243785105645656585693359375">
        <ele>262.79998779296875</ele>
        <time>2023-10-08T11:39:24.000Z</time>
        <extensions>
          <ns3:TrackPointExtension>
            <ns3:hr>113</ns3:hr>
          </ns3:TrackPointExtension>
        </extensions>
      </trkpt>
      <trkpt lat="47.77254003100097179412841796875" lon="18.92438270151615142822265625">
        <ele>263</ele>
        <time>2023-10-08T11:39:40.000Z</time>
        <extensions>
          <ns3:TrackPointExtension>
            <ns3:hr>115</ns3:hr>
          </ns3:TrackPointExtension>
        </extensions>
      </trkpt>
      <trkpt lat="47.7725815214216709136962890625" lon="18.9243040792644023895263671875">
        <ele>261.600006103515625</ele>
        <time>2023-10-08T11:39:48.000Z</time>
        <extensions>
          <ns3:TrackPointExtension>
            <ns3:hr>115</ns3:hr>
          </ns3:TrackPointExtension>
        </extensions>
      </trkpt>
      <trkpt lat="47.7725831978023052215576171875" lon="18.92428748309612274169921875">
        <ele>261.20001220703125</ele>
        <time>2023-10-08T11:39:56.000Z</time>
        <extensions>
          <ns3:TrackPointExtension>
            <ns3:hr>112</ns3:hr>
          </ns3:TrackPointExtension>
        </extensions>
      </trkpt>
      <trkpt lat="47.77258311398327350616455078125" lon="18.92428689636290073394775390625">
        <ele>261.20001220703125</ele>
        <time>2023-10-08T11:39:59.000Z</time>
        <extensions>
          <ns3:TrackPointExtension>
            <ns3:hr>113</ns3:hr>
          </ns3:TrackPointExtension>
        </extensions>
      </trkpt>
      <trkpt lat="47.77258311398327350616455078125" lon="18.92428689636290073394775390625">
        <ele>261.20001220703125</ele>
        <time>2023-10-08T11:40:08.000Z</time>
        <extensions>
          <ns3:TrackPointExtension>
            <ns3:hr>116</ns3:hr>
          </ns3:TrackPointExtension>
        </extensions>
      </trkpt>
      <trkpt lat="47.7726249396800994873046875" lon="18.9242192544043064117431640625">
        <ele>260.600006103515625</ele>
        <time>2023-10-08T11:40:32.000Z</time>
        <extensions>
          <ns3:TrackPointExtension>
            <ns3:hr>111</ns3:hr>
          </ns3:TrackPointExtension>
        </extensions>
      </trkpt>
      <trkpt lat="47.77263524942100048065185546875" lon="18.92419368959963321685791015625">
        <ele>260.20001220703125</ele>
        <time>2023-10-08T11:40:33.000Z</time>
        <extensions>
          <ns3:TrackPointExtension>
            <ns3:hr>114</ns3:hr>
          </ns3:TrackPointExtension>
        </extensions>
      </trkpt>
      <trkpt lat="47.77267330326139926910400390625" lon="18.9241233654320240020751953125">
        <ele>259.399993896484375</ele>
        <time>2023-10-08T11:40:36.000Z</time>
        <extensions>
          <ns3:TrackPointExtension>
            <ns3:hr>111</ns3:hr>
          </ns3:TrackPointExtension>
        </extensions>
      </trkpt>
      <trkpt lat="47.77274354360997676849365234375" lon="18.92398447729647159576416015625">
        <ele>258.600006103515625</ele>
        <time>2023-10-08T11:40:44.000Z</time>
        <extensions>
          <ns3:TrackPointExtension>
            <ns3:hr>114</ns3:hr>
          </ns3:TrackPointExtension>
        </extensions>
      </trkpt>
      <trkpt lat="47.772752009332180023193359375" lon="18.9239664562046527862548828125">
        <ele>258.600006103515625</ele>
        <time>2023-10-08T11:40:46.000Z</time>
        <extensions>
          <ns3:TrackPointExtension>
            <ns3:hr>113</ns3:hr>
          </ns3:TrackPointExtension>
        </extensions>
      </trkpt>
      <trkpt lat="47.77276508510112762451171875" lon="18.92390317283570766448974609375">
        <ele>258.399993896484375</ele>
        <time>2023-10-08T11:40:54.000Z</time>
        <extensions>
          <ns3:TrackPointExtension>
            <ns3:hr>114</ns3:hr>
          </ns3:TrackPointExtension>
        </extensions>
      </trkpt>
      <trkpt lat="47.77276483364403247833251953125" lon="18.92386344261467456817626953125">
        <ele>258.399993896484375</ele>
        <time>2023-10-08T11:41:04.000Z</time>
        <extensions>
          <ns3:TrackPointExtension>
            <ns3:hr>112</ns3:hr>
          </ns3:TrackPointExtension>
        </extensions>
      </trkpt>
      <trkpt lat="47.77276550419628620147705078125" lon="18.9238645322620868682861328125">
        <ele>258.600006103515625</ele>
        <time>2023-10-08T11:41:05.000Z</time>
        <extensions>
          <ns3:TrackPointExtension>
            <ns3:hr>109</ns3:hr>
          </ns3:TrackPointExtension>
        </extensions>
      </trkpt>
      <trkpt lat="47.77275963686406612396240234375" lon="18.9238444156944751739501953125">
        <ele>258.20001220703125</ele>
        <time>2023-10-08T11:41:12.000Z</time>
        <extensions>
          <ns3:TrackPointExtension>
            <ns3:hr>108</ns3:hr>
          </ns3:TrackPointExtension>
        </extensions>
      </trkpt>
      <trkpt lat="47.77274899184703826904296875" lon="18.923821114003658294677734375">
        <ele>257.79998779296875</ele>
        <time>2023-10-08T11:41:21.000Z</time>
        <extensions>
          <ns3:TrackPointExtension>
            <ns3:hr>105</ns3:hr>
          </ns3:TrackPointExtension>
        </extensions>
      </trkpt>
      <trkpt lat="47.77273398824036121368408203125" lon="18.92380527220666408538818359375">
        <ele>257.20001220703125</ele>
        <time>2023-10-08T11:41:29.000Z</time>
        <extensions>
          <ns3:TrackPointExtension>
            <ns3:hr>105</ns3:hr>
          </ns3:TrackPointExtension>
        </extensions>
      </trkpt>
      <trkpt lat="47.77272577397525310516357421875" lon="18.9237959682941436767578125">
        <ele>257</ele>
        <time>2023-10-08T11:41:36.000Z</time>
        <extensions>
          <ns3:TrackPointExtension>
            <ns3:hr>105</ns3:hr>
          </ns3:TrackPointExtension>
        </extensions>
      </trkpt>
      <trkpt lat="47.77270331047475337982177734375" lon="18.9238035120069980621337890625">
        <ele>256</ele>
        <time>2023-10-08T11:41:45.000Z</time>
        <extensions>
          <ns3:TrackPointExtension>
            <ns3:hr>107</ns3:hr>
          </ns3:TrackPointExtension>
        </extensions>
      </trkpt>
      <trkpt lat="47.772692330181598663330078125" lon="18.92379454337060451507568359375">
        <ele>255.600006103515625</ele>
        <time>2023-10-08T11:41:52.000Z</time>
        <extensions>
          <ns3:TrackPointExtension>
            <ns3:hr>110</ns3:hr>
          </ns3:TrackPointExtension>
        </extensions>
      </trkpt>
      <trkpt lat="47.77269157581031322479248046875" lon="18.92379454337060451507568359375">
        <ele>255.600006103515625</ele>
        <time>2023-10-08T11:41:53.000Z</time>
        <extensions>
          <ns3:TrackPointExtension>
            <ns3:hr>106</ns3:hr>
          </ns3:TrackPointExtension>
        </extensions>
      </trkpt>
      <trkpt lat="47.7726911567151546478271484375" lon="18.92379588447511196136474609375">
        <ele>255.600006103515625</ele>
        <time>2023-10-08T11:41:54.000Z</time>
        <extensions>
          <ns3:TrackPointExtension>
            <ns3:hr>109</ns3:hr>
          </ns3:TrackPointExtension>
        </extensions>
      </trkpt>
      <trkpt lat="47.77269224636256694793701171875" lon="18.92379554919898509979248046875">
        <ele>255.600006103515625</ele>
        <time>2023-10-08T11:41:56.000Z</time>
        <extensions>
          <ns3:TrackPointExtension>
            <ns3:hr>109</ns3:hr>
          </ns3:TrackPointExtension>
        </extensions>
      </trkpt>
      <trkpt lat="47.77268059551715850830078125" lon="18.923789598047733306884765625">
        <ele>255.1999969482421875</ele>
        <time>2023-10-08T11:42:05.000Z</time>
        <extensions>
          <ns3:TrackPointExtension>
            <ns3:hr>112</ns3:hr>
          </ns3:TrackPointExtension>
        </extensions>
      </trkpt>
      <trkpt lat="47.77268134988844394683837890625" lon="18.92379035241901874542236328125">
        <ele>255.1999969482421875</ele>
        <time>2023-10-08T11:42:10.000Z</time>
        <extensions>
          <ns3:TrackPointExtension>
            <ns3:hr>112</ns3:hr>
          </ns3:TrackPointExtension>
        </extensions>
      </trkpt>
      <trkpt lat="47.77268134988844394683837890625" lon="18.92379035241901874542236328125">
        <ele>255.1999969482421875</ele>
        <time>2023-10-08T11:42:16.000Z</time>
        <extensions>
          <ns3:TrackPointExtension>
            <ns3:hr>109</ns3:hr>
          </ns3:TrackPointExtension>
        </extensions>
      </trkpt>
      <trkpt lat="47.77268134988844394683837890625" lon="18.92379035241901874542236328125">
        <ele>255.1999969482421875</ele>
        <time>2023-10-08T11:42:23.000Z</time>
        <extensions>
          <ns3:TrackPointExtension>
            <ns3:hr>105</ns3:hr>
          </ns3:TrackPointExtension>
        </extensions>
      </trkpt>
      <trkpt lat="47.77268134988844394683837890625" lon="18.92379035241901874542236328125">
        <ele>255.1999969482421875</ele>
        <time>2023-10-08T11:42:24.000Z</time>
        <extensions>
          <ns3:TrackPointExtension>
            <ns3:hr>108</ns3:hr>
          </ns3:TrackPointExtension>
        </extensions>
      </trkpt>
      <trkpt lat="47.77268067933619022369384765625" lon="18.92379001714289188385009765625">
        <ele>255.1999969482421875</ele>
        <time>2023-10-08T11:42:25.000Z</time>
        <extensions>
          <ns3:TrackPointExtension>
            <ns3:hr>105</ns3:hr>
          </ns3:TrackPointExtension>
        </extensions>
      </trkpt>
      <trkpt lat="47.77267992496490478515625" lon="18.92378867603838443756103515625">
        <ele>255.1999969482421875</ele>
        <time>2023-10-08T11:42:28.000Z</time>
        <extensions>
          <ns3:TrackPointExtension>
            <ns3:hr>102</ns3:hr>
          </ns3:TrackPointExtension>
        </extensions>
      </trkpt>
      <trkpt lat="47.772679589688777923583984375" lon="18.92378616146743297576904296875">
        <ele>255.1999969482421875</ele>
        <time>2023-10-08T11:42:29.000Z</time>
        <extensions>
          <ns3:TrackPointExtension>
            <ns3:hr>105</ns3:hr>
          </ns3:TrackPointExtension>
        </extensions>
      </trkpt>
      <trkpt lat="47.77266089804470539093017578125" lon="18.92377920448780059814453125">
        <ele>254.399993896484375</ele>
        <time>2023-10-08T11:42:38.000Z</time>
        <extensions>
          <ns3:TrackPointExtension>
            <ns3:hr>109</ns3:hr>
          </ns3:TrackPointExtension>
        </extensions>
      </trkpt>
      <trkpt lat="47.772655785083770751953125" lon="18.92377610318362712860107421875">
        <ele>254.1999969482421875</ele>
        <time>2023-10-08T11:42:46.000Z</time>
        <extensions>
          <ns3:TrackPointExtension>
            <ns3:hr>106</ns3:hr>
          </ns3:TrackPointExtension>
        </extensions>
      </trkpt>
      <trkpt lat="47.7726479060947895050048828125" lon="18.923761434853076934814453125">
        <ele>253.8000030517578125</ele>
        <time>2023-10-08T11:42:54.000Z</time>
        <extensions>
          <ns3:TrackPointExtension>
            <ns3:hr>109</ns3:hr>
          </ns3:TrackPointExtension>
        </extensions>
      </trkpt>
      <trkpt lat="47.77263608761131763458251953125" lon="18.92374961636960506439208984375">
        <ele>253.399993896484375</ele>
        <time>2023-10-08T11:42:59.000Z</time>
        <extensions>
          <ns3:TrackPointExtension>
            <ns3:hr>106</ns3:hr>
          </ns3:TrackPointExtension>
        </extensions>
      </trkpt>
      <trkpt lat="47.7726034820079803466796875" lon="18.9237495325505733489990234375">
        <ele>252.1999969482421875</ele>
        <time>2023-10-08T11:43:11.000Z</time>
        <extensions>
          <ns3:TrackPointExtension>
            <ns3:hr>109</ns3:hr>
          </ns3:TrackPointExtension>
        </extensions>
      </trkpt>
      <trkpt lat="47.77258730493485927581787109375" lon="18.92376654781401157379150390625">
        <ele>251.8000030517578125</ele>
        <time>2023-10-08T11:43:15.000Z</time>
        <extensions>
          <ns3:TrackPointExtension>
            <ns3:hr>106</ns3:hr>
          </ns3:TrackPointExtension>
        </extensions>
      </trkpt>
      <trkpt lat="47.77257892303168773651123046875" lon="18.9237793721258640289306640625">
        <ele>251.600006103515625</ele>
        <time>2023-10-08T11:43:24.000Z</time>
        <extensions>
          <ns3:TrackPointExtension>
            <ns3:hr>109</ns3:hr>
          </ns3:TrackPointExtension>
        </extensions>
      </trkpt>
      <trkpt lat="47.7725785039365291595458984375" lon="18.9237798750400543212890625">
        <ele>251.600006103515625</ele>
        <time>2023-10-08T11:43:27.000Z</time>
        <extensions>
          <ns3:TrackPointExtension>
            <ns3:hr>112</ns3:hr>
          </ns3:TrackPointExtension>
        </extensions>
      </trkpt>
      <trkpt lat="47.77257842011749744415283203125" lon="18.92378113232553005218505859375">
        <ele>251.600006103515625</ele>
        <time>2023-10-08T11:43:32.000Z</time>
        <extensions>
          <ns3:TrackPointExtension>
            <ns3:hr>115</ns3:hr>
          </ns3:TrackPointExtension>
        </extensions>
      </trkpt>
      <trkpt lat="47.77257842011749744415283203125" lon="18.92378314398229122161865234375">
        <ele>251.600006103515625</ele>
        <time>2023-10-08T11:43:38.000Z</time>
        <extensions>
          <ns3:TrackPointExtension>
            <ns3:hr>118</ns3:hr>
          </ns3:TrackPointExtension>
        </extensions>
      </trkpt>
      <trkpt lat="47.7725811861455440521240234375" lon="18.92378331162035465240478515625">
        <ele>251.8000030517578125</ele>
        <time>2023-10-08T11:43:44.000Z</time>
        <extensions>
          <ns3:TrackPointExtension>
            <ns3:hr>121</ns3:hr>
          </ns3:TrackPointExtension>
        </extensions>
      </trkpt>
      <trkpt lat="47.77258126996457576751708984375" lon="18.92378331162035465240478515625">
        <ele>251.8000030517578125</ele>
        <time>2023-10-08T11:43:45.000Z</time>
        <extensions>
          <ns3:TrackPointExtension>
            <ns3:hr>124</ns3:hr>
          </ns3:TrackPointExtension>
        </extensions>
      </trkpt>
      <trkpt lat="47.77258135378360748291015625" lon="18.92378331162035465240478515625">
        <ele>251.8000030517578125</ele>
        <time>2023-10-08T11:43:47.000Z</time>
        <extensions>
          <ns3:TrackPointExtension>
            <ns3:hr>128</ns3:hr>
          </ns3:TrackPointExtension>
        </extensions>
      </trkpt>
      <trkpt lat="47.77258135378360748291015625" lon="18.92378347925841808319091796875">
        <ele>251.8000030517578125</ele>
        <time>2023-10-08T11:43:53.000Z</time>
        <extensions>
          <ns3:TrackPointExtension>
            <ns3:hr>125</ns3:hr>
          </ns3:TrackPointExtension>
        </extensions>
      </trkpt>
      <trkpt lat="47.7725785039365291595458984375" lon="18.92380795441567897796630859375">
        <ele>252</ele>
        <time>2023-10-08T11:44:02.000Z</time>
        <extensions>
          <ns3:TrackPointExtension>
            <ns3:hr>122</ns3:hr>
          </ns3:TrackPointExtension>
        </extensions>
      </trkpt>
      <trkpt lat="47.772574983537197113037109375" lon="18.92381616868078708648681640625">
        <ele>252</ele>
        <time>2023-10-08T11:44:13.000Z</time>
        <extensions>
          <ns3:TrackPointExtension>
            <ns3:hr>119</ns3:hr>
          </ns3:TrackPointExtension>
        </extensions>
      </trkpt>
      <trkpt lat="47.77243525721132755279541015625" lon="18.9238296635448932647705078125">
        <ele>247.600006103515625</ele>
        <time>2023-10-08T11:44:44.000Z</time>
        <extensions>
          <ns3:TrackPointExtension>
            <ns3:hr>119</ns3:hr>
          </ns3:TrackPointExtension>
        </extensions>
      </trkpt>
      <trkpt lat="47.7723629213869571685791015625" lon="18.92383377067744731903076171875">
        <ele>245.600006103515625</ele>
        <time>2023-10-08T11:44:50.000Z</time>
        <extensions>
          <ns3:TrackPointExtension>
            <ns3:hr>118</ns3:hr>
          </ns3:TrackPointExtension>
        </extensions>
      </trkpt>
      <trkpt lat="47.77236602269113063812255859375" lon="18.9238269813358783721923828125">
        <ele>245.600006103515625</ele>
        <time>2023-10-08T11:44:58.000Z</time>
        <extensions>
          <ns3:TrackPointExtension>
            <ns3:hr>117</ns3:hr>
          </ns3:TrackPointExtension>
        </extensions>
      </trkpt>
      <trkpt lat="47.7723620831966400146484375" lon="18.9238098822534084320068359375">
        <ele>245.1999969482421875</ele>
        <time>2023-10-08T11:45:07.000Z</time>
        <extensions>
          <ns3:TrackPointExtension>
            <ns3:hr>117</ns3:hr>
          </ns3:TrackPointExtension>
        </extensions>
      </trkpt>
      <trkpt lat="47.77236065827310085296630859375" lon="18.923770487308502197265625">
        <ele>244.399993896484375</ele>
        <time>2023-10-08T11:45:16.000Z</time>
        <extensions>
          <ns3:TrackPointExtension>
            <ns3:hr>119</ns3:hr>
          </ns3:TrackPointExtension>
        </extensions>
      </trkpt>
      <trkpt lat="47.77233232744038105010986328125" lon="18.9237730018794536590576171875">
        <ele>243.600006103515625</ele>
        <time>2023-10-08T11:45:26.000Z</time>
        <extensions>
          <ns3:TrackPointExtension>
            <ns3:hr>118</ns3:hr>
          </ns3:TrackPointExtension>
        </extensions>
      </trkpt>
      <trkpt lat="47.77227231301367282867431640625" lon="18.92379487864673137664794921875">
        <ele>243</ele>
        <time>2023-10-08T11:45:35.000Z</time>
        <extensions>
          <ns3:TrackPointExtension>
            <ns3:hr>120</ns3:hr>
          </ns3:TrackPointExtension>
        </extensions>
      </trkpt>
      <trkpt lat="47.772243060171604156494140625" lon="18.92384718172252178192138671875">
        <ele>243.8000030517578125</ele>
        <time>2023-10-08T11:45:44.000Z</time>
        <extensions>
          <ns3:TrackPointExtension>
            <ns3:hr>120</ns3:hr>
          </ns3:TrackPointExtension>
        </extensions>
      </trkpt>
      <trkpt lat="47.77220391668379306793212890625" lon="18.9238162524998188018798828125">
        <ele>242.600006103515625</ele>
        <time>2023-10-08T11:45:52.000Z</time>
        <extensions>
          <ns3:TrackPointExtension>
            <ns3:hr>119</ns3:hr>
          </ns3:TrackPointExtension>
        </extensions>
      </trkpt>
      <trkpt lat="47.77217944152653217315673828125" lon="18.92379387281835079193115234375">
        <ele>241.8000030517578125</ele>
        <time>2023-10-08T11:46:02.000Z</time>
        <extensions>
          <ns3:TrackPointExtension>
            <ns3:hr>119</ns3:hr>
          </ns3:TrackPointExtension>
        </extensions>
      </trkpt>
      <trkpt lat="47.77217038907110691070556640625" lon="18.92377962358295917510986328125">
        <ele>241.1999969482421875</ele>
        <time>2023-10-08T11:46:07.000Z</time>
        <extensions>
          <ns3:TrackPointExtension>
            <ns3:hr>119</ns3:hr>
          </ns3:TrackPointExtension>
        </extensions>
      </trkpt>
      <trkpt lat="47.77213987894356250762939453125" lon="18.92376990057528018951416015625">
        <ele>240.600006103515625</ele>
        <time>2023-10-08T11:46:13.000Z</time>
        <extensions>
          <ns3:TrackPointExtension>
            <ns3:hr>119</ns3:hr>
          </ns3:TrackPointExtension>
        </extensions>
      </trkpt>
      <trkpt lat="47.77212143875658512115478515625" lon="18.92374894581735134124755859375">
        <ele>239.8000030517578125</ele>
        <time>2023-10-08T11:46:19.000Z</time>
        <extensions>
          <ns3:TrackPointExtension>
            <ns3:hr>120</ns3:hr>
          </ns3:TrackPointExtension>
        </extensions>
      </trkpt>
      <trkpt lat="47.7720849774777889251708984375" lon="18.92369697801768779754638671875">
        <ele>238.399993896484375</ele>
        <time>2023-10-08T11:46:26.000Z</time>
        <extensions>
          <ns3:TrackPointExtension>
            <ns3:hr>121</ns3:hr>
          </ns3:TrackPointExtension>
        </extensions>
      </trkpt>
      <trkpt lat="47.77206259779632091522216796875" lon="18.92365624196827411651611328125">
        <ele>237.399993896484375</ele>
        <time>2023-10-08T11:46:29.000Z</time>
        <extensions>
          <ns3:TrackPointExtension>
            <ns3:hr>117</ns3:hr>
          </ns3:TrackPointExtension>
        </extensions>
      </trkpt>
      <trkpt lat="47.77204717509448528289794921875" lon="18.9236352033913135528564453125">
        <ele>236.8000030517578125</ele>
        <time>2023-10-08T11:46:31.000Z</time>
        <extensions>
          <ns3:TrackPointExtension>
            <ns3:hr>120</ns3:hr>
          </ns3:TrackPointExtension>
        </extensions>
      </trkpt>
      <trkpt lat="47.7720440737903118133544921875" lon="18.92362439073622226715087890625">
        <ele>236.399993896484375</ele>
        <time>2023-10-08T11:46:32.000Z</time>
        <extensions>
          <ns3:TrackPointExtension>
            <ns3:hr>120</ns3:hr>
          </ns3:TrackPointExtension>
        </extensions>
      </trkpt>
      <trkpt lat="47.77202957309782505035400390625" lon="18.9236033521592617034912109375">
        <ele>235.8000030517578125</ele>
        <time>2023-10-08T11:46:38.000Z</time>
        <extensions>
          <ns3:TrackPointExtension>
            <ns3:hr>119</ns3:hr>
          </ns3:TrackPointExtension>
        </extensions>
      </trkpt>
      <trkpt lat="47.77202186174690723419189453125" lon="18.923599831759929656982421875">
        <ele>235.8000030517578125</ele>
        <time>2023-10-08T11:46:44.000Z</time>
        <extensions>
          <ns3:TrackPointExtension>
            <ns3:hr>119</ns3:hr>
          </ns3:TrackPointExtension>
        </extensions>
      </trkpt>
      <trkpt lat="47.77200744487345218658447265625" lon="18.92357996664941310882568359375">
        <ele>235.1999969482421875</ele>
        <time>2023-10-08T11:46:51.000Z</time>
        <extensions>
          <ns3:TrackPointExtension>
            <ns3:hr>120</ns3:hr>
          </ns3:TrackPointExtension>
        </extensions>
      </trkpt>
      <trkpt lat="47.77198967523872852325439453125" lon="18.92355180345475673675537109375">
        <ele>234.399993896484375</ele>
        <time>2023-10-08T11:47:00.000Z</time>
        <extensions>
          <ns3:TrackPointExtension>
            <ns3:hr>120</ns3:hr>
          </ns3:TrackPointExtension>
        </extensions>
      </trkpt>
      <trkpt lat="47.77196905575692653656005859375" lon="18.923490531742572784423828125">
        <ele>233</ele>
        <time>2023-10-08T11:47:11.000Z</time>
        <extensions>
          <ns3:TrackPointExtension>
            <ns3:hr>118</ns3:hr>
          </ns3:TrackPointExtension>
        </extensions>
      </trkpt>
      <trkpt lat="47.7719552256166934967041015625" lon="18.9234662242233753204345703125">
        <ele>232.399993896484375</ele>
        <time>2023-10-08T11:47:20.000Z</time>
        <extensions>
          <ns3:TrackPointExtension>
            <ns3:hr>118</ns3:hr>
          </ns3:TrackPointExtension>
        </extensions>
      </trkpt>
      <trkpt lat="47.7719557285308837890625" lon="18.9234568364918231964111328125">
        <ele>232.1999969482421875</ele>
        <time>2023-10-08T11:47:28.000Z</time>
        <extensions>
          <ns3:TrackPointExtension>
            <ns3:hr>118</ns3:hr>
          </ns3:TrackPointExtension>
        </extensions>
      </trkpt>
      <trkpt lat="47.77195681817829608917236328125" lon="18.92345289699733257293701171875">
        <ele>232.1999969482421875</ele>
        <time>2023-10-08T11:47:44.000Z</time>
        <extensions>
          <ns3:TrackPointExtension>
            <ns3:hr>121</ns3:hr>
          </ns3:TrackPointExtension>
        </extensions>
      </trkpt>
      <trkpt lat="47.7719622664153575897216796875" lon="18.9233756996691226959228515625">
        <ele>231</ele>
        <time>2023-10-08T11:48:16.000Z</time>
        <extensions>
          <ns3:TrackPointExtension>
            <ns3:hr>118</ns3:hr>
          </ns3:TrackPointExtension>
        </extensions>
      </trkpt>
      <trkpt lat="47.7719622664153575897216796875" lon="18.92336874268949031829833984375">
        <ele>231</ele>
        <time>2023-10-08T11:48:25.000Z</time>
        <extensions>
          <ns3:TrackPointExtension>
            <ns3:hr>121</ns3:hr>
          </ns3:TrackPointExtension>
        </extensions>
      </trkpt>
      <trkpt lat="47.77196804992854595184326171875" lon="18.92332599498331546783447265625">
        <ele>230.8000030517578125</ele>
        <time>2023-10-08T11:49:10.000Z</time>
        <extensions>
          <ns3:TrackPointExtension>
            <ns3:hr>118</ns3:hr>
          </ns3:TrackPointExtension>
        </extensions>
      </trkpt>
      <trkpt lat="47.7719713188707828521728515625" lon="18.9233131706714630126953125">
        <ele>230.8000030517578125</ele>
        <time>2023-10-08T11:49:32.000Z</time>
        <extensions>
          <ns3:TrackPointExtension>
            <ns3:hr>121</ns3:hr>
          </ns3:TrackPointExtension>
        </extensions>
      </trkpt>
      <trkpt lat="47.7719746716320514678955078125" lon="18.9233130030333995819091796875">
        <ele>230.8000030517578125</ele>
        <time>2023-10-08T11:49:42.000Z</time>
        <extensions>
          <ns3:TrackPointExtension>
            <ns3:hr>124</ns3:hr>
          </ns3:TrackPointExtension>
        </extensions>
      </trkpt>
      <trkpt lat="47.77197475545108318328857421875" lon="18.92331291921436786651611328125">
        <ele>230.8000030517578125</ele>
        <time>2023-10-08T11:49:45.000Z</time>
        <extensions>
          <ns3:TrackPointExtension>
            <ns3:hr>127</ns3:hr>
          </ns3:TrackPointExtension>
        </extensions>
      </trkpt>
      <trkpt lat="47.77197240851819515228271484375" lon="18.9232938922941684722900390625">
        <ele>230.600006103515625</ele>
        <time>2023-10-08T11:50:12.000Z</time>
        <extensions>
          <ns3:TrackPointExtension>
            <ns3:hr>124</ns3:hr>
          </ns3:TrackPointExtension>
        </extensions>
      </trkpt>
      <trkpt lat="47.771971486508846282958984375" lon="18.92329372465610504150390625">
        <ele>230.600006103515625</ele>
        <time>2023-10-08T11:50:22.000Z</time>
        <extensions>
          <ns3:TrackPointExtension>
            <ns3:hr>121</ns3:hr>
          </ns3:TrackPointExtension>
        </extensions>
      </trkpt>
      <trkpt lat="47.77196838520467281341552734375" lon="18.923292048275470733642578125">
        <ele>230.600006103515625</ele>
        <time>2023-10-08T11:50:38.000Z</time>
        <extensions>
          <ns3:TrackPointExtension>
            <ns3:hr>124</ns3:hr>
          </ns3:TrackPointExtension>
        </extensions>
      </trkpt>
      <trkpt lat="47.77196905575692653656005859375" lon="18.9232922159135341644287109375">
        <ele>230.600006103515625</ele>
        <time>2023-10-08T11:50:51.000Z</time>
        <extensions>
          <ns3:TrackPointExtension>
            <ns3:hr>121</ns3:hr>
          </ns3:TrackPointExtension>
        </extensions>
      </trkpt>
      <trkpt lat="47.7719689719378948211669921875" lon="18.92329213209450244903564453125">
        <ele>230.600006103515625</ele>
        <time>2023-10-08T11:50:54.000Z</time>
        <extensions>
          <ns3:TrackPointExtension>
            <ns3:hr>118</ns3:hr>
          </ns3:TrackPointExtension>
        </extensions>
      </trkpt>
      <trkpt lat="47.77196922339498996734619140625" lon="18.923292718827724456787109375">
        <ele>230.600006103515625</ele>
        <time>2023-10-08T11:51:30.000Z</time>
        <extensions>
          <ns3:TrackPointExtension>
            <ns3:hr>115</ns3:hr>
          </ns3:TrackPointExtension>
        </extensions>
      </trkpt>
      <trkpt lat="47.7719937823712825775146484375" lon="18.923291377723217010498046875">
        <ele>231.1999969482421875</ele>
        <time>2023-10-08T11:51:55.000Z</time>
        <extensions>
          <ns3:TrackPointExtension>
            <ns3:hr>112</ns3:hr>
          </ns3:TrackPointExtension>
        </extensions>
      </trkpt>
      <trkpt lat="47.7720085345208644866943359375" lon="18.92329246737062931060791015625">
        <ele>231.600006103515625</ele>
        <time>2023-10-08T11:51:58.000Z</time>
        <extensions>
          <ns3:TrackPointExtension>
            <ns3:hr>110</ns3:hr>
          </ns3:TrackPointExtension>
        </extensions>
      </trkpt>
      <trkpt lat="47.77207667939364910125732421875" lon="18.9232325367629528045654296875">
        <ele>232.600006103515625</ele>
        <time>2023-10-08T11:52:22.000Z</time>
        <extensions>
          <ns3:TrackPointExtension>
            <ns3:hr>111</ns3:hr>
          </ns3:TrackPointExtension>
        </extensions>
      </trkpt>
      <trkpt lat="47.7720879949629306793212890625" lon="18.92318107187747955322265625">
        <ele>232.399993896484375</ele>
        <time>2023-10-08T11:52:27.000Z</time>
        <extensions>
          <ns3:TrackPointExtension>
            <ns3:hr>116</ns3:hr>
          </ns3:TrackPointExtension>
        </extensions>
      </trkpt>
      <trkpt lat="47.772088162600994110107421875" lon="18.9231812395155429840087890625">
        <ele>232.399993896484375</ele>
        <time>2023-10-08T11:52:28.000Z</time>
        <extensions>
          <ns3:TrackPointExtension>
            <ns3:hr>119</ns3:hr>
          </ns3:TrackPointExtension>
        </extensions>
      </trkpt>
      <trkpt lat="47.77209377847611904144287109375" lon="18.923173360526561737060546875">
        <ele>232.399993896484375</ele>
        <time>2023-10-08T11:52:29.000Z</time>
        <extensions>
          <ns3:TrackPointExtension>
            <ns3:hr>122</ns3:hr>
          </ns3:TrackPointExtension>
        </extensions>
      </trkpt>
      <trkpt lat="47.77209729887545108795166015625" lon="18.9231651462614536285400390625">
        <ele>232.399993896484375</ele>
        <time>2023-10-08T11:52:30.000Z</time>
        <extensions>
          <ns3:TrackPointExtension>
            <ns3:hr>125</ns3:hr>
          </ns3:TrackPointExtension>
        </extensions>
      </trkpt>
      <trkpt lat="47.77210266329348087310791015625" lon="18.92314528115093708038330078125">
        <ele>232.399993896484375</ele>
        <time>2023-10-08T11:52:32.000Z</time>
        <extensions>
          <ns3:TrackPointExtension>
            <ns3:hr>130</ns3:hr>
          </ns3:TrackPointExtension>
        </extensions>
      </trkpt>
      <trkpt lat="47.772100903093814849853515625" lon="18.9231205545365810394287109375">
        <ele>232.399993896484375</ele>
        <time>2023-10-08T11:52:34.000Z</time>
        <extensions>
          <ns3:TrackPointExtension>
            <ns3:hr>133</ns3:hr>
          </ns3:TrackPointExtension>
        </extensions>
      </trkpt>
      <trkpt lat="47.77210584841668605804443359375" lon="18.9230789802968502044677734375">
        <ele>232.600006103515625</ele>
        <time>2023-10-08T11:52:40.000Z</time>
        <extensions>
          <ns3:TrackPointExtension>
            <ns3:hr>132</ns3:hr>
          </ns3:TrackPointExtension>
        </extensions>
      </trkpt>
      <trkpt lat="47.7720859833061695098876953125" lon="18.92302927561104297637939453125">
        <ele>232.1999969482421875</ele>
        <time>2023-10-08T11:52:47.000Z</time>
        <extensions>
          <ns3:TrackPointExtension>
            <ns3:hr>132</ns3:hr>
          </ns3:TrackPointExtension>
        </extensions>
      </trkpt>
      <trkpt lat="47.77207634411752223968505859375" lon="18.9230022020637989044189453125">
        <ele>232</ele>
        <time>2023-10-08T11:52:53.000Z</time>
        <extensions>
          <ns3:TrackPointExtension>
            <ns3:hr>130</ns3:hr>
          </ns3:TrackPointExtension>
        </extensions>
      </trkpt>
      <trkpt lat="47.77205354534089565277099609375" lon="18.9230256713926792144775390625">
        <ele>231.600006103515625</ele>
        <time>2023-10-08T11:52:59.000Z</time>
        <extensions>
          <ns3:TrackPointExtension>
            <ns3:hr>129</ns3:hr>
          </ns3:TrackPointExtension>
        </extensions>
      </trkpt>
      <trkpt lat="47.77205304242670536041259765625" lon="18.9230273477733135223388671875">
        <ele>231.600006103515625</ele>
        <time>2023-10-08T11:53:08.000Z</time>
        <extensions>
          <ns3:TrackPointExtension>
            <ns3:hr>126</ns3:hr>
          </ns3:TrackPointExtension>
        </extensions>
      </trkpt>
      <trkpt lat="47.77205304242670536041259765625" lon="18.9230250008404254913330078125">
        <ele>231.600006103515625</ele>
        <time>2023-10-08T11:53:14.000Z</time>
        <extensions>
          <ns3:TrackPointExtension>
            <ns3:hr>123</ns3:hr>
          </ns3:TrackPointExtension>
        </extensions>
      </trkpt>
      <trkpt lat="47.772044576704502105712890625" lon="18.923017121851444244384765625">
        <ele>231.399993896484375</ele>
        <time>2023-10-08T11:53:17.000Z</time>
        <extensions>
          <ns3:TrackPointExtension>
            <ns3:hr>120</ns3:hr>
          </ns3:TrackPointExtension>
        </extensions>
      </trkpt>
      <trkpt lat="47.771981544792652130126953125" lon="18.9230022020637989044189453125">
        <ele>229.8000030517578125</ele>
        <time>2023-10-08T11:53:21.000Z</time>
        <extensions>
          <ns3:TrackPointExtension>
            <ns3:hr>119</ns3:hr>
          </ns3:TrackPointExtension>
        </extensions>
      </trkpt>
      <trkpt lat="47.77189395390450954437255859375" lon="18.92299105413258075714111328125">
        <ele>227.399993896484375</ele>
        <time>2023-10-08T11:53:29.000Z</time>
        <extensions>
          <ns3:TrackPointExtension>
            <ns3:hr>119</ns3:hr>
          </ns3:TrackPointExtension>
        </extensions>
      </trkpt>
      <trkpt lat="47.77185439132153987884521484375" lon="18.92299306578934192657470703125">
        <ele>226.1999969482421875</ele>
        <time>2023-10-08T11:53:37.000Z</time>
        <extensions>
          <ns3:TrackPointExtension>
            <ns3:hr>119</ns3:hr>
          </ns3:TrackPointExtension>
        </extensions>
      </trkpt>
      <trkpt lat="47.7718459255993366241455078125" lon="18.922984264791011810302734375">
        <ele>226</ele>
        <time>2023-10-08T11:53:43.000Z</time>
        <extensions>
          <ns3:TrackPointExtension>
            <ns3:hr>119</ns3:hr>
          </ns3:TrackPointExtension>
        </extensions>
      </trkpt>
      <trkpt lat="47.77184165082871913909912109375" lon="18.92298334278166294097900390625">
        <ele>225.8000030517578125</ele>
        <time>2023-10-08T11:53:49.000Z</time>
        <extensions>
          <ns3:TrackPointExtension>
            <ns3:hr>120</ns3:hr>
          </ns3:TrackPointExtension>
        </extensions>
      </trkpt>
      <trkpt lat="47.77184215374290943145751953125" lon="18.922982253134250640869140625">
        <ele>225.8000030517578125</ele>
        <time>2023-10-08T11:54:00.000Z</time>
        <extensions>
          <ns3:TrackPointExtension>
            <ns3:hr>119</ns3:hr>
          </ns3:TrackPointExtension>
        </extensions>
      </trkpt>
      <trkpt lat="47.77184911072254180908203125" lon="18.9229805767536163330078125">
        <ele>226</ele>
        <time>2023-10-08T11:54:38.000Z</time>
        <extensions>
          <ns3:TrackPointExtension>
            <ns3:hr>116</ns3:hr>
          </ns3:TrackPointExtension>
        </extensions>
      </trkpt>
      <trkpt lat="47.7718489430844783782958984375" lon="18.92296959646046161651611328125">
        <ele>226</ele>
        <time>2023-10-08T11:54:44.000Z</time>
        <extensions>
          <ns3:TrackPointExtension>
            <ns3:hr>113</ns3:hr>
          </ns3:TrackPointExtension>
        </extensions>
      </trkpt>
      <trkpt lat="47.7718546427786350250244140625" lon="18.92291628755629062652587890625">
        <ele>226.1999969482421875</ele>
        <time>2023-10-08T11:55:12.000Z</time>
        <extensions>
          <ns3:TrackPointExtension>
            <ns3:hr>116</ns3:hr>
          </ns3:TrackPointExtension>
        </extensions>
      </trkpt>
      <trkpt lat="47.77182622812688350677490234375" lon="18.9228090830147266387939453125">
        <ele>225.8000030517578125</ele>
        <time>2023-10-08T11:55:28.000Z</time>
        <extensions>
          <ns3:TrackPointExtension>
            <ns3:hr>119</ns3:hr>
          </ns3:TrackPointExtension>
        </extensions>
      </trkpt>
      <trkpt lat="47.77180929668247699737548828125" lon="18.92275066114962100982666015625">
        <ele>225.399993896484375</ele>
        <time>2023-10-08T11:55:31.000Z</time>
        <extensions>
          <ns3:TrackPointExtension>
            <ns3:hr>119</ns3:hr>
          </ns3:TrackPointExtension>
        </extensions>
      </trkpt>
      <trkpt lat="47.77175313793122768402099609375" lon="18.9226345717906951904296875">
        <ele>224.1999969482421875</ele>
        <time>2023-10-08T11:55:40.000Z</time>
        <extensions>
          <ns3:TrackPointExtension>
            <ns3:hr>119</ns3:hr>
          </ns3:TrackPointExtension>
        </extensions>
      </trkpt>
      <trkpt lat="47.7717466838657855987548828125" lon="18.9225760661065578460693359375">
        <ele>224.600006103515625</ele>
        <time>2023-10-08T11:55:46.000Z</time>
        <extensions>
          <ns3:TrackPointExtension>
            <ns3:hr>118</ns3:hr>
          </ns3:TrackPointExtension>
        </extensions>
      </trkpt>
      <trkpt lat="47.77175062336027622222900390625" lon="18.9224121160805225372314453125">
        <ele>226.399993896484375</ele>
        <time>2023-10-08T11:55:54.000Z</time>
        <extensions>
          <ns3:TrackPointExtension>
            <ns3:hr>116</ns3:hr>
          </ns3:TrackPointExtension>
        </extensions>
      </trkpt>
      <trkpt lat="47.77169094420969486236572265625" lon="18.9223611541092395782470703125">
        <ele>224.399993896484375</ele>
        <time>2023-10-08T11:56:01.000Z</time>
        <extensions>
          <ns3:TrackPointExtension>
            <ns3:hr>114</ns3:hr>
          </ns3:TrackPointExtension>
        </extensions>
      </trkpt>
      <trkpt lat="47.77168340049684047698974609375" lon="18.922359980642795562744140625">
        <ele>224</ele>
        <time>2023-10-08T11:56:02.000Z</time>
        <extensions>
          <ns3:TrackPointExtension>
            <ns3:hr>114</ns3:hr>
          </ns3:TrackPointExtension>
        </extensions>
      </trkpt>
      <trkpt lat="47.771609388291835784912109375" lon="18.922329805791378021240234375">
        <ele>220.8000030517578125</ele>
        <time>2023-10-08T11:56:09.000Z</time>
        <extensions>
          <ns3:TrackPointExtension>
            <ns3:hr>113</ns3:hr>
          </ns3:TrackPointExtension>
        </extensions>
      </trkpt>
      <trkpt lat="47.77153369970619678497314453125" lon="18.922200389206409454345703125">
        <ele>218.8000030517578125</ele>
        <time>2023-10-08T11:56:19.000Z</time>
        <extensions>
          <ns3:TrackPointExtension>
            <ns3:hr>111</ns3:hr>
          </ns3:TrackPointExtension>
        </extensions>
      </trkpt>
      <trkpt lat="47.7714979089796543121337890625" lon="18.922085724771022796630859375">
        <ele>218.399993896484375</ele>
        <time>2023-10-08T11:56:27.000Z</time>
        <extensions>
          <ns3:TrackPointExtension>
            <ns3:hr>111</ns3:hr>
          </ns3:TrackPointExtension>
        </extensions>
      </trkpt>
      <trkpt lat="47.77150285430252552032470703125" lon="18.922027386724948883056640625">
        <ele>220</ele>
        <time>2023-10-08T11:56:32.000Z</time>
        <extensions>
          <ns3:TrackPointExtension>
            <ns3:hr>107</ns3:hr>
          </ns3:TrackPointExtension>
        </extensions>
      </trkpt>
      <trkpt lat="47.77150721289217472076416015625" lon="18.92201590351760387420654296875">
        <ele>220.600006103515625</ele>
        <time>2023-10-08T11:56:35.000Z</time>
        <extensions>
          <ns3:TrackPointExtension>
            <ns3:hr>111</ns3:hr>
          </ns3:TrackPointExtension>
        </extensions>
      </trkpt>
      <trkpt lat="47.771518193185329437255859375" lon="18.92190408892929553985595703125">
        <ele>224.399993896484375</ele>
        <time>2023-10-08T11:56:42.000Z</time>
        <extensions>
          <ns3:TrackPointExtension>
            <ns3:hr>114</ns3:hr>
          </ns3:TrackPointExtension>
        </extensions>
      </trkpt>
      <trkpt lat="47.7715233899652957916259765625" lon="18.9218676276504993438720703125">
        <ele>225.8000030517578125</ele>
        <time>2023-10-08T11:56:43.000Z</time>
        <extensions>
          <ns3:TrackPointExtension>
            <ns3:hr>114</ns3:hr>
          </ns3:TrackPointExtension>
        </extensions>
      </trkpt>
      <trkpt lat="47.771504111588001251220703125" lon="18.92179663293063640594482421875">
        <ele>226.8000030517578125</ele>
        <time>2023-10-08T11:56:51.000Z</time>
        <extensions>
          <ns3:TrackPointExtension>
            <ns3:hr>114</ns3:hr>
          </ns3:TrackPointExtension>
        </extensions>
      </trkpt>
      <trkpt lat="47.7714707516133785247802734375" lon="18.9217492751777172088623046875">
        <ele>226.8000030517578125</ele>
        <time>2023-10-08T11:56:58.000Z</time>
        <extensions>
          <ns3:TrackPointExtension>
            <ns3:hr>114</ns3:hr>
          </ns3:TrackPointExtension>
        </extensions>
      </trkpt>
      <trkpt lat="47.771459184587001800537109375" lon="18.9217301644384860992431640625">
        <ele>226.8000030517578125</ele>
        <time>2023-10-08T11:57:04.000Z</time>
        <extensions>
          <ns3:TrackPointExtension>
            <ns3:hr>117</ns3:hr>
          </ns3:TrackPointExtension>
        </extensions>
      </trkpt>
      <trkpt lat="47.77145977132022380828857421875" lon="18.921724297106266021728515625">
        <ele>227</ele>
        <time>2023-10-08T11:57:06.000Z</time>
        <extensions>
          <ns3:TrackPointExtension>
            <ns3:hr>118</ns3:hr>
          </ns3:TrackPointExtension>
        </extensions>
      </trkpt>
      <trkpt lat="47.7714653871953487396240234375" lon="18.9217023365199565887451171875">
        <ele>228.1999969482421875</ele>
        <time>2023-10-08T11:57:14.000Z</time>
        <extensions>
          <ns3:TrackPointExtension>
            <ns3:hr>118</ns3:hr>
          </ns3:TrackPointExtension>
        </extensions>
      </trkpt>
      <trkpt lat="47.77144921012222766876220703125" lon="18.92169303260743618011474609375">
        <ele>227.8000030517578125</ele>
        <time>2023-10-08T11:57:20.000Z</time>
        <extensions>
          <ns3:TrackPointExtension>
            <ns3:hr>117</ns3:hr>
          </ns3:TrackPointExtension>
        </extensions>
      </trkpt>
      <trkpt lat="47.77143982239067554473876953125" lon="18.92165497876703739166259765625">
        <ele>228.600006103515625</ele>
        <time>2023-10-08T11:57:28.000Z</time>
        <extensions>
          <ns3:TrackPointExtension>
            <ns3:hr>117</ns3:hr>
          </ns3:TrackPointExtension>
        </extensions>
      </trkpt>
      <trkpt lat="47.77142825536429882049560546875" lon="18.92165958881378173828125">
        <ele>227.8000030517578125</ele>
        <time>2023-10-08T11:57:34.000Z</time>
        <extensions>
          <ns3:TrackPointExtension>
            <ns3:hr>114</ns3:hr>
          </ns3:TrackPointExtension>
        </extensions>
      </trkpt>
      <trkpt lat="47.77143068611621856689453125" lon="18.9216530509293079376220703125">
        <ele>228.1999969482421875</ele>
        <time>2023-10-08T11:57:43.000Z</time>
        <extensions>
          <ns3:TrackPointExtension>
            <ns3:hr>115</ns3:hr>
          </ns3:TrackPointExtension>
        </extensions>
      </trkpt>
      <trkpt lat="47.77142666280269622802734375" lon="18.92165548168122768402099609375">
        <ele>228</ele>
        <time>2023-10-08T11:57:51.000Z</time>
        <extensions>
          <ns3:TrackPointExtension>
            <ns3:hr>116</ns3:hr>
          </ns3:TrackPointExtension>
        </extensions>
      </trkpt>
      <trkpt lat="47.77142666280269622802734375" lon="18.92165548168122768402099609375">
        <ele>228</ele>
        <time>2023-10-08T11:57:59.000Z</time>
        <extensions>
          <ns3:TrackPointExtension>
            <ns3:hr>113</ns3:hr>
          </ns3:TrackPointExtension>
        </extensions>
      </trkpt>
      <trkpt lat="47.77142666280269622802734375" lon="18.921653218567371368408203125">
        <ele>228</ele>
        <time>2023-10-08T11:58:00.000Z</time>
        <extensions>
          <ns3:TrackPointExtension>
            <ns3:hr>116</ns3:hr>
          </ns3:TrackPointExtension>
        </extensions>
      </trkpt>
      <trkpt lat="47.771404869854450225830078125" lon="18.92161424271762371063232421875">
        <ele>228.1999969482421875</ele>
        <time>2023-10-08T11:58:20.000Z</time>
        <extensions>
          <ns3:TrackPointExtension>
            <ns3:hr>113</ns3:hr>
          </ns3:TrackPointExtension>
        </extensions>
      </trkpt>
      <trkpt lat="47.7713101543486118316650390625" lon="18.92155556939542293548583984375">
        <ele>225.1999969482421875</ele>
        <time>2023-10-08T11:59:04.000Z</time>
        <extensions>
          <ns3:TrackPointExtension>
            <ns3:hr>116</ns3:hr>
          </ns3:TrackPointExtension>
        </extensions>
      </trkpt>
      <trkpt lat="47.7713088132441043853759765625" lon="18.92155171371996402740478515625">
        <ele>225.1999969482421875</ele>
        <time>2023-10-08T11:59:10.000Z</time>
        <extensions>
          <ns3:TrackPointExtension>
            <ns3:hr>113</ns3:hr>
          </ns3:TrackPointExtension>
        </extensions>
      </trkpt>
      <trkpt lat="47.7713079750537872314453125" lon="18.92153712920844554901123046875">
        <ele>225.8000030517578125</ele>
        <time>2023-10-08T11:59:13.000Z</time>
        <extensions>
          <ns3:TrackPointExtension>
            <ns3:hr>110</ns3:hr>
          </ns3:TrackPointExtension>
        </extensions>
      </trkpt>
      <trkpt lat="47.77130587957799434661865234375" lon="18.92152003012597560882568359375">
        <ele>226.399993896484375</ele>
        <time>2023-10-08T11:59:16.000Z</time>
        <extensions>
          <ns3:TrackPointExtension>
            <ns3:hr>114</ns3:hr>
          </ns3:TrackPointExtension>
        </extensions>
      </trkpt>
      <trkpt lat="47.77130085043609142303466796875" lon="18.92147879116237163543701171875">
        <ele>227.600006103515625</ele>
        <time>2023-10-08T11:59:26.000Z</time>
        <extensions>
          <ns3:TrackPointExtension>
            <ns3:hr>111</ns3:hr>
          </ns3:TrackPointExtension>
        </extensions>
      </trkpt>
      <trkpt lat="47.771298252046108245849609375" lon="18.9214706607162952423095703125">
        <ele>227.8000030517578125</ele>
        <time>2023-10-08T11:59:27.000Z</time>
        <extensions>
          <ns3:TrackPointExtension>
            <ns3:hr>114</ns3:hr>
          </ns3:TrackPointExtension>
        </extensions>
      </trkpt>
      <trkpt lat="47.77124335058033466339111328125" lon="18.92137502320110797882080078125">
        <ele>228</ele>
        <time>2023-10-08T11:59:35.000Z</time>
        <extensions>
          <ns3:TrackPointExtension>
            <ns3:hr>114</ns3:hr>
          </ns3:TrackPointExtension>
        </extensions>
      </trkpt>
      <trkpt lat="47.77117679826915264129638671875" lon="18.92126421444118022918701171875">
        <ele>228.1999969482421875</ele>
        <time>2023-10-08T11:59:43.000Z</time>
        <extensions>
          <ns3:TrackPointExtension>
            <ns3:hr>114</ns3:hr>
          </ns3:TrackPointExtension>
        </extensions>
      </trkpt>
      <trkpt lat="47.7711658179759979248046875" lon="18.921238481998443603515625">
        <ele>228.600006103515625</ele>
        <time>2023-10-08T11:59:48.000Z</time>
        <extensions>
          <ns3:TrackPointExtension>
            <ns3:hr>111</ns3:hr>
          </ns3:TrackPointExtension>
        </extensions>
      </trkpt>
      <trkpt lat="47.77117076329886913299560546875" lon="18.9212212152779102325439453125">
        <ele>229.399993896484375</ele>
        <time>2023-10-08T11:59:49.000Z</time>
        <extensions>
          <ns3:TrackPointExtension>
            <ns3:hr>113</ns3:hr>
          </ns3:TrackPointExtension>
        </extensions>
      </trkpt>
      <trkpt lat="47.77114637196063995361328125" lon="18.92120302654802799224853515625">
        <ele>229</ele>
        <time>2023-10-08T11:59:55.000Z</time>
        <extensions>
          <ns3:TrackPointExtension>
            <ns3:hr>111</ns3:hr>
          </ns3:TrackPointExtension>
        </extensions>
      </trkpt>
      <trkpt lat="47.7711188793182373046875" lon="18.921160362660884857177734375">
        <ele>229</ele>
        <time>2023-10-08T12:00:04.000Z</time>
        <extensions>
          <ns3:TrackPointExtension>
            <ns3:hr>110</ns3:hr>
          </ns3:TrackPointExtension>
        </extensions>
      </trkpt>
      <trkpt lat="47.77111552655696868896484375" lon="18.92115407623350620269775390625">
        <ele>229.1999969482421875</ele>
        <time>2023-10-08T12:00:06.000Z</time>
        <extensions>
          <ns3:TrackPointExtension>
            <ns3:hr>113</ns3:hr>
          </ns3:TrackPointExtension>
        </extensions>
      </trkpt>
      <trkpt lat="47.77108862064778804779052734375" lon="18.92115407623350620269775390625">
        <ele>227.8000030517578125</ele>
        <time>2023-10-08T12:00:12.000Z</time>
        <extensions>
          <ns3:TrackPointExtension>
            <ns3:hr>110</ns3:hr>
          </ns3:TrackPointExtension>
        </extensions>
      </trkpt>
      <trkpt lat="47.77108560316264629364013671875" lon="18.92115307040512561798095703125">
        <ele>227.8000030517578125</ele>
        <time>2023-10-08T12:00:13.000Z</time>
        <extensions>
          <ns3:TrackPointExtension>
            <ns3:hr>107</ns3:hr>
          </ns3:TrackPointExtension>
        </extensions>
      </trkpt>
      <trkpt lat="47.77108124457299709320068359375" lon="18.921147622168064117431640625">
        <ele>227.600006103515625</ele>
        <time>2023-10-08T12:00:14.000Z</time>
        <extensions>
          <ns3:TrackPointExtension>
            <ns3:hr>109</ns3:hr>
          </ns3:TrackPointExtension>
        </extensions>
      </trkpt>
      <trkpt lat="47.7710585296154022216796875" lon="18.92111769877374172210693359375">
        <ele>227.600006103515625</ele>
        <time>2023-10-08T12:00:21.000Z</time>
        <extensions>
          <ns3:TrackPointExtension>
            <ns3:hr>112</ns3:hr>
          </ns3:TrackPointExtension>
        </extensions>
      </trkpt>
      <trkpt lat="47.7710563503205776214599609375" lon="18.92110311426222324371337890625">
        <ele>228</ele>
        <time>2023-10-08T12:00:22.000Z</time>
        <extensions>
          <ns3:TrackPointExtension>
            <ns3:hr>111</ns3:hr>
          </ns3:TrackPointExtension>
        </extensions>
      </trkpt>
      <trkpt lat="47.7710489742457866668701171875" lon="18.92104477621614933013916015625">
        <ele>229.8000030517578125</ele>
        <time>2023-10-08T12:00:29.000Z</time>
        <extensions>
          <ns3:TrackPointExtension>
            <ns3:hr>110</ns3:hr>
          </ns3:TrackPointExtension>
        </extensions>
      </trkpt>
      <trkpt lat="47.77105324901640415191650390625" lon="18.9209881983697414398193359375">
        <ele>232.399993896484375</ele>
        <time>2023-10-08T12:00:35.000Z</time>
        <extensions>
          <ns3:TrackPointExtension>
            <ns3:hr>113</ns3:hr>
          </ns3:TrackPointExtension>
        </extensions>
      </trkpt>
      <trkpt lat="47.7710209786891937255859375" lon="18.920952491462230682373046875">
        <ele>232</ele>
        <time>2023-10-08T12:00:40.000Z</time>
        <extensions>
          <ns3:TrackPointExtension>
            <ns3:hr>110</ns3:hr>
          </ns3:TrackPointExtension>
        </extensions>
      </trkpt>
      <trkpt lat="47.77101695537567138671875" lon="18.92094318754971027374267578125">
        <ele>232</ele>
        <time>2023-10-08T12:00:41.000Z</time>
        <extensions>
          <ns3:TrackPointExtension>
            <ns3:hr>110</ns3:hr>
          </ns3:TrackPointExtension>
        </extensions>
      </trkpt>
      <trkpt lat="47.770988456904888153076171875" lon="18.920909576117992401123046875">
        <ele>231.1999969482421875</ele>
        <time>2023-10-08T12:00:47.000Z</time>
        <extensions>
          <ns3:TrackPointExtension>
            <ns3:hr>113</ns3:hr>
          </ns3:TrackPointExtension>
        </extensions>
      </trkpt>
      <trkpt lat="47.77097412385046482086181640625" lon="18.92088183201849460601806640625">
        <ele>231</ele>
        <time>2023-10-08T12:00:54.000Z</time>
        <extensions>
          <ns3:TrackPointExtension>
            <ns3:hr>111</ns3:hr>
          </ns3:TrackPointExtension>
        </extensions>
      </trkpt>
      <trkpt lat="47.77096473611891269683837890625" lon="18.92083137296140193939208984375">
        <ele>231.600006103515625</ele>
        <time>2023-10-08T12:01:04.000Z</time>
        <extensions>
          <ns3:TrackPointExtension>
            <ns3:hr>112</ns3:hr>
          </ns3:TrackPointExtension>
        </extensions>
      </trkpt>
      <trkpt lat="47.77091897092759609222412109375" lon="18.9207213185727596282958984375">
        <ele>231.600006103515625</ele>
        <time>2023-10-08T12:01:32.000Z</time>
        <extensions>
          <ns3:TrackPointExtension>
            <ns3:hr>113</ns3:hr>
          </ns3:TrackPointExtension>
        </extensions>
      </trkpt>
      <trkpt lat="47.7708571963012218475341796875" lon="18.92059684731066226959228515625">
        <ele>227.8000030517578125</ele>
        <time>2023-10-08T12:01:38.000Z</time>
        <extensions>
          <ns3:TrackPointExtension>
            <ns3:hr>112</ns3:hr>
          </ns3:TrackPointExtension>
        </extensions>
      </trkpt>
      <trkpt lat="47.77085023932158946990966796875" lon="18.92048972658812999725341796875">
        <ele>227</ele>
        <time>2023-10-08T12:01:43.000Z</time>
        <extensions>
          <ns3:TrackPointExtension>
            <ns3:hr>112</ns3:hr>
          </ns3:TrackPointExtension>
        </extensions>
      </trkpt>
      <trkpt lat="47.7708548493683338165283203125" lon="18.9204715378582477569580078125">
        <ele>227.1999969482421875</ele>
        <time>2023-10-08T12:01:44.000Z</time>
        <extensions>
          <ns3:TrackPointExtension>
            <ns3:hr>112</ns3:hr>
          </ns3:TrackPointExtension>
        </extensions>
      </trkpt>
      <trkpt lat="47.77086012996733188629150390625" lon="18.9203971065580844879150390625">
        <ele>227.399993896484375</ele>
        <time>2023-10-08T12:01:48.000Z</time>
        <extensions>
          <ns3:TrackPointExtension>
            <ns3:hr>115</ns3:hr>
          </ns3:TrackPointExtension>
        </extensions>
      </trkpt>
      <trkpt lat="47.77086071670055389404296875" lon="18.92034463584423065185546875">
        <ele>226.600006103515625</ele>
        <time>2023-10-08T12:01:53.000Z</time>
        <extensions>
          <ns3:TrackPointExtension>
            <ns3:hr>115</ns3:hr>
          </ns3:TrackPointExtension>
        </extensions>
      </trkpt>
      <trkpt lat="47.7708796598017215728759765625" lon="18.9202837832272052764892578125">
        <ele>227</ele>
        <time>2023-10-08T12:02:01.000Z</time>
        <extensions>
          <ns3:TrackPointExtension>
            <ns3:hr>118</ns3:hr>
          </ns3:TrackPointExtension>
        </extensions>
      </trkpt>
      <trkpt lat="47.7708810009062290191650390625" lon="18.92027355730533599853515625">
        <ele>226.8000030517578125</ele>
        <time>2023-10-08T12:02:02.000Z</time>
        <extensions>
          <ns3:TrackPointExtension>
            <ns3:hr>118</ns3:hr>
          </ns3:TrackPointExtension>
        </extensions>
      </trkpt>
      <trkpt lat="47.770882509648799896240234375" lon="18.9202661812305450439453125">
        <ele>226.8000030517578125</ele>
        <time>2023-10-08T12:02:08.000Z</time>
        <extensions>
          <ns3:TrackPointExtension>
            <ns3:hr>118</ns3:hr>
          </ns3:TrackPointExtension>
        </extensions>
      </trkpt>
      <trkpt lat="47.77088619768619537353515625" lon="18.92026844434440135955810546875">
        <ele>227.1999969482421875</ele>
        <time>2023-10-08T12:02:12.000Z</time>
        <extensions>
          <ns3:TrackPointExtension>
            <ns3:hr>121</ns3:hr>
          </ns3:TrackPointExtension>
        </extensions>
      </trkpt>
      <trkpt lat="47.7708850242197513580322265625" lon="18.92026894725859165191650390625">
        <ele>227</ele>
        <time>2023-10-08T12:02:13.000Z</time>
        <extensions>
          <ns3:TrackPointExtension>
            <ns3:hr>118</ns3:hr>
          </ns3:TrackPointExtension>
        </extensions>
      </trkpt>
      <trkpt lat="47.77088561095297336578369140625" lon="18.920266516506671905517578125">
        <ele>227</ele>
        <time>2023-10-08T12:02:14.000Z</time>
        <extensions>
          <ns3:TrackPointExtension>
            <ns3:hr>118</ns3:hr>
          </ns3:TrackPointExtension>
        </extensions>
      </trkpt>
      <trkpt lat="47.770907320082187652587890625" lon="18.92023877240717411041259765625">
        <ele>228.1999969482421875</ele>
        <time>2023-10-08T12:02:22.000Z</time>
        <extensions>
          <ns3:TrackPointExtension>
            <ns3:hr>115</ns3:hr>
          </ns3:TrackPointExtension>
        </extensions>
      </trkpt>
      <trkpt lat="47.7709163725376129150390625" lon="18.9202224276959896087646484375">
        <ele>228.399993896484375</ele>
        <time>2023-10-08T12:02:26.000Z</time>
        <extensions>
          <ns3:TrackPointExtension>
            <ns3:hr>112</ns3:hr>
          </ns3:TrackPointExtension>
        </extensions>
      </trkpt>
      <trkpt lat="47.77091972529888153076171875" lon="18.920215554535388946533203125">
        <ele>228.399993896484375</ele>
        <time>2023-10-08T12:02:29.000Z</time>
        <extensions>
          <ns3:TrackPointExtension>
            <ns3:hr>112</ns3:hr>
          </ns3:TrackPointExtension>
        </extensions>
      </trkpt>
      <trkpt lat="47.7709195576608180999755859375" lon="18.9202153868973255157470703125">
        <ele>228.399993896484375</ele>
        <time>2023-10-08T12:02:30.000Z</time>
        <extensions>
          <ns3:TrackPointExtension>
            <ns3:hr>116</ns3:hr>
          </ns3:TrackPointExtension>
        </extensions>
      </trkpt>
      <trkpt lat="47.77093313634395599365234375" lon="18.92021547071635723114013671875">
        <ele>229.1999969482421875</ele>
        <time>2023-10-08T12:02:34.000Z</time>
        <extensions>
          <ns3:TrackPointExtension>
            <ns3:hr>119</ns3:hr>
          </ns3:TrackPointExtension>
        </extensions>
      </trkpt>
      <trkpt lat="47.7709369920194149017333984375" lon="18.920216895639896392822265625">
        <ele>229.600006103515625</ele>
        <time>2023-10-08T12:02:36.000Z</time>
        <extensions>
          <ns3:TrackPointExtension>
            <ns3:hr>122</ns3:hr>
          </ns3:TrackPointExtension>
        </extensions>
      </trkpt>
      <trkpt lat="47.7709306217730045318603515625" lon="18.9202086813747882843017578125">
        <ele>229</ele>
        <time>2023-10-08T12:02:40.000Z</time>
        <extensions>
          <ns3:TrackPointExtension>
            <ns3:hr>125</ns3:hr>
          </ns3:TrackPointExtension>
        </extensions>
      </trkpt>
      <trkpt lat="47.77093087323009967803955078125" lon="18.920213878154754638671875">
        <ele>229.1999969482421875</ele>
        <time>2023-10-08T12:02:42.000Z</time>
        <extensions>
          <ns3:TrackPointExtension>
            <ns3:hr>129</ns3:hr>
          </ns3:TrackPointExtension>
        </extensions>
      </trkpt>
      <trkpt lat="47.7709309570491313934326171875" lon="18.920219577848911285400390625">
        <ele>229.1999969482421875</ele>
        <time>2023-10-08T12:02:44.000Z</time>
        <extensions>
          <ns3:TrackPointExtension>
            <ns3:hr>132</ns3:hr>
          </ns3:TrackPointExtension>
        </extensions>
      </trkpt>
      <trkpt lat="47.77093389071524143218994140625" lon="18.9202281273901462554931640625">
        <ele>229.600006103515625</ele>
        <time>2023-10-08T12:02:51.000Z</time>
        <extensions>
          <ns3:TrackPointExtension>
            <ns3:hr>134</ns3:hr>
          </ns3:TrackPointExtension>
        </extensions>
      </trkpt>
      <trkpt lat="47.77093640528619289398193359375" lon="18.92022452317178249359130859375">
        <ele>229.600006103515625</ele>
        <time>2023-10-08T12:03:09.000Z</time>
        <extensions>
          <ns3:TrackPointExtension>
            <ns3:hr>133</ns3:hr>
          </ns3:TrackPointExtension>
        </extensions>
      </trkpt>
      <trkpt lat="47.7709443680942058563232421875" lon="18.920207507908344268798828125">
        <ele>229.8000030517578125</ele>
        <time>2023-10-08T12:03:16.000Z</time>
        <extensions>
          <ns3:TrackPointExtension>
            <ns3:hr>137</ns3:hr>
          </ns3:TrackPointExtension>
        </extensions>
      </trkpt>
      <trkpt lat="47.77095316909253597259521484375" lon="18.92018294893205165863037109375">
        <ele>230</ele>
        <time>2023-10-08T12:03:18.000Z</time>
        <extensions>
          <ns3:TrackPointExtension>
            <ns3:hr>141</ns3:hr>
          </ns3:TrackPointExtension>
        </extensions>
      </trkpt>
      <trkpt lat="47.7709691785275936126708984375" lon="18.9201178215444087982177734375">
        <ele>230</ele>
        <time>2023-10-08T12:03:20.000Z</time>
        <extensions>
          <ns3:TrackPointExtension>
            <ns3:hr>145</ns3:hr>
          </ns3:TrackPointExtension>
        </extensions>
      </trkpt>
      <trkpt lat="47.771007902920246124267578125" lon="18.9200341701507568359375">
        <ele>230.600006103515625</ele>
        <time>2023-10-08T12:03:28.000Z</time>
        <extensions>
          <ns3:TrackPointExtension>
            <ns3:hr>142</ns3:hr>
          </ns3:TrackPointExtension>
        </extensions>
      </trkpt>
      <trkpt lat="47.770992815494537353515625" lon="18.9200105331838130950927734375">
        <ele>229.1999969482421875</ele>
        <time>2023-10-08T12:03:34.000Z</time>
        <extensions>
          <ns3:TrackPointExtension>
            <ns3:hr>141</ns3:hr>
          </ns3:TrackPointExtension>
        </extensions>
      </trkpt>
      <trkpt lat="47.7709807455539703369140625" lon="18.91995043493807315826416015625">
        <ele>227</ele>
        <time>2023-10-08T12:03:37.000Z</time>
        <extensions>
          <ns3:TrackPointExtension>
            <ns3:hr>138</ns3:hr>
          </ns3:TrackPointExtension>
        </extensions>
      </trkpt>
      <trkpt lat="47.77095736004412174224853515625" lon="18.91983509995043277740478515625">
        <ele>223</ele>
        <time>2023-10-08T12:03:46.000Z</time>
        <extensions>
          <ns3:TrackPointExtension>
            <ns3:hr>123</ns3:hr>
          </ns3:TrackPointExtension>
        </extensions>
      </trkpt>
      <trkpt lat="47.7706701122224330902099609375" lon="18.92024380154907703399658203125">
        <ele>210.8000030517578125</ele>
        <time>2023-10-08T12:04:52.000Z</time>
        <extensions>
          <ns3:TrackPointExtension>
            <ns3:hr>125</ns3:hr>
          </ns3:TrackPointExtension>
        </extensions>
      </trkpt>
      <trkpt lat="47.770645134150981903076171875" lon="18.92020918428897857666015625">
        <ele>208.399993896484375</ele>
        <time>2023-10-08T12:04:53.000Z</time>
        <extensions>
          <ns3:TrackPointExtension>
            <ns3:hr>128</ns3:hr>
          </ns3:TrackPointExtension>
        </extensions>
      </trkpt>
      <trkpt lat="47.77078251354396343231201171875" lon="18.92035343684256076812744140625">
        <ele>220.8000030517578125</ele>
        <time>2023-10-08T12:04:54.000Z</time>
        <extensions>
          <ns3:TrackPointExtension>
            <ns3:hr>125</ns3:hr>
          </ns3:TrackPointExtension>
        </extensions>
      </trkpt>
      <trkpt lat="47.770863734185695648193359375" lon="18.92034639604389667510986328125">
        <ele>227</ele>
        <time>2023-10-08T12:04:55.000Z</time>
        <extensions>
          <ns3:TrackPointExtension>
            <ns3:hr>126</ns3:hr>
          </ns3:TrackPointExtension>
        </extensions>
      </trkpt>
      <trkpt lat="47.771003544330596923828125" lon="18.92038830555975437164306640625">
        <ele>236.600006103515625</ele>
        <time>2023-10-08T12:05:17.000Z</time>
        <extensions>
          <ns3:TrackPointExtension>
            <ns3:hr>129</ns3:hr>
          </ns3:TrackPointExtension>
        </extensions>
      </trkpt>
      <trkpt lat="47.77095970697700977325439453125" lon="18.9201721362769603729248046875">
        <ele>230.1999969482421875</ele>
        <time>2023-10-08T12:05:41.000Z</time>
        <extensions>
          <ns3:TrackPointExtension>
            <ns3:hr>129</ns3:hr>
          </ns3:TrackPointExtension>
        </extensions>
      </trkpt>
      <trkpt lat="47.770960964262485504150390625" lon="18.92016517929732799530029296875">
        <ele>230</ele>
        <time>2023-10-08T12:05:45.000Z</time>
        <extensions>
          <ns3:TrackPointExtension>
            <ns3:hr>130</ns3:hr>
          </ns3:TrackPointExtension>
        </extensions>
      </trkpt>
      <trkpt lat="47.77097881771624088287353515625" lon="18.92009225673973560333251953125">
        <ele>230</ele>
        <time>2023-10-08T12:05:51.000Z</time>
        <extensions>
          <ns3:TrackPointExtension>
            <ns3:hr>128</ns3:hr>
          </ns3:TrackPointExtension>
        </extensions>
      </trkpt>
      <trkpt lat="47.77098921127617359161376953125" lon="18.92005923204123973846435546875">
        <ele>230</ele>
        <time>2023-10-08T12:05:56.000Z</time>
        <extensions>
          <ns3:TrackPointExtension>
            <ns3:hr>130</ns3:hr>
          </ns3:TrackPointExtension>
        </extensions>
      </trkpt>
      <trkpt lat="47.77098971419036388397216796875" lon="18.92005722038447856903076171875">
        <ele>230</ele>
        <time>2023-10-08T12:06:04.000Z</time>
        <extensions>
          <ns3:TrackPointExtension>
            <ns3:hr>129</ns3:hr>
          </ns3:TrackPointExtension>
        </extensions>
      </trkpt>
      <trkpt lat="47.7709995210170745849609375" lon="18.920059315860271453857421875">
        <ele>230.600006103515625</ele>
        <time>2023-10-08T12:06:11.000Z</time>
        <extensions>
          <ns3:TrackPointExtension>
            <ns3:hr>126</ns3:hr>
          </ns3:TrackPointExtension>
        </extensions>
      </trkpt>
      <trkpt lat="47.7709995210170745849609375" lon="18.920059315860271453857421875">
        <ele>230.600006103515625</ele>
        <time>2023-10-08T12:06:14.000Z</time>
        <extensions>
          <ns3:TrackPointExtension>
            <ns3:hr>125</ns3:hr>
          </ns3:TrackPointExtension>
        </extensions>
      </trkpt>
      <trkpt lat="47.7709983475506305694580078125" lon="18.920059315860271453857421875">
        <ele>230.600006103515625</ele>
        <time>2023-10-08T12:06:22.000Z</time>
        <extensions>
          <ns3:TrackPointExtension>
            <ns3:hr>122</ns3:hr>
          </ns3:TrackPointExtension>
        </extensions>
      </trkpt>
      <trkpt lat="47.77099491097033023834228515625" lon="18.92006568610668182373046875">
        <ele>230.399993896484375</ele>
        <time>2023-10-08T12:06:41.000Z</time>
        <extensions>
          <ns3:TrackPointExtension>
            <ns3:hr>119</ns3:hr>
          </ns3:TrackPointExtension>
        </extensions>
      </trkpt>
      <trkpt lat="47.770994491875171661376953125" lon="18.92006794922053813934326171875">
        <ele>230.600006103515625</ele>
        <time>2023-10-08T12:06:46.000Z</time>
        <extensions>
          <ns3:TrackPointExtension>
            <ns3:hr>116</ns3:hr>
          </ns3:TrackPointExtension>
        </extensions>
      </trkpt>
      <trkpt lat="47.77099558152258396148681640625" lon="18.91994498670101165771484375">
        <ele>228</ele>
        <time>2023-10-08T12:07:20.000Z</time>
        <extensions>
          <ns3:TrackPointExtension>
            <ns3:hr>118</ns3:hr>
          </ns3:TrackPointExtension>
        </extensions>
      </trkpt>
      <trkpt lat="47.77100580744445323944091796875" lon="18.9198579825460910797119140625">
        <ele>226.399993896484375</ele>
        <time>2023-10-08T12:07:27.000Z</time>
        <extensions>
          <ns3:TrackPointExtension>
            <ns3:hr>119</ns3:hr>
          </ns3:TrackPointExtension>
        </extensions>
      </trkpt>
      <trkpt lat="47.771003879606723785400390625" lon="18.91985421068966388702392578125">
        <ele>226.1999969482421875</ele>
        <time>2023-10-08T12:07:37.000Z</time>
        <extensions>
          <ns3:TrackPointExtension>
            <ns3:hr>120</ns3:hr>
          </ns3:TrackPointExtension>
        </extensions>
      </trkpt>
      <trkpt lat="47.77100823819637298583984375" lon="18.91984750516712665557861328125">
        <ele>226.399993896484375</ele>
        <time>2023-10-08T12:07:46.000Z</time>
        <extensions>
          <ns3:TrackPointExtension>
            <ns3:hr>121</ns3:hr>
          </ns3:TrackPointExtension>
        </extensions>
      </trkpt>
      <trkpt lat="47.77100815437734127044677734375" lon="18.9198504388332366943359375">
        <ele>226.399993896484375</ele>
        <time>2023-10-08T12:08:10.000Z</time>
        <extensions>
          <ns3:TrackPointExtension>
            <ns3:hr>118</ns3:hr>
          </ns3:TrackPointExtension>
        </extensions>
      </trkpt>
      <trkpt lat="47.771003544330596923828125" lon="18.91985781490802764892578125">
        <ele>226.1999969482421875</ele>
        <time>2023-10-08T12:08:20.000Z</time>
        <extensions>
          <ns3:TrackPointExtension>
            <ns3:hr>120</ns3:hr>
          </ns3:TrackPointExtension>
        </extensions>
      </trkpt>
      <trkpt lat="47.771003544330596923828125" lon="18.91985781490802764892578125">
        <ele>226.1999969482421875</ele>
        <time>2023-10-08T12:08:21.000Z</time>
        <extensions>
          <ns3:TrackPointExtension>
            <ns3:hr>116</ns3:hr>
          </ns3:TrackPointExtension>
        </extensions>
      </trkpt>
      <trkpt lat="47.771003544330596923828125" lon="18.91985781490802764892578125">
        <ele>226.1999969482421875</ele>
        <time>2023-10-08T12:08:22.000Z</time>
        <extensions>
          <ns3:TrackPointExtension>
            <ns3:hr>119</ns3:hr>
          </ns3:TrackPointExtension>
        </extensions>
      </trkpt>
      <trkpt lat="47.771025002002716064453125" lon="18.91981062479317188262939453125">
        <ele>226.600006103515625</ele>
        <time>2023-10-08T12:08:31.000Z</time>
        <extensions>
          <ns3:TrackPointExtension>
            <ns3:hr>118</ns3:hr>
          </ns3:TrackPointExtension>
        </extensions>
      </trkpt>
      <trkpt lat="47.77102827094495296478271484375" lon="18.91971155069768428802490234375">
        <ele>224.600006103515625</ele>
        <time>2023-10-08T12:08:37.000Z</time>
        <extensions>
          <ns3:TrackPointExtension>
            <ns3:hr>116</ns3:hr>
          </ns3:TrackPointExtension>
        </extensions>
      </trkpt>
      <trkpt lat="47.77102994732558727264404296875" lon="18.9197050966322422027587890625">
        <ele>224.600006103515625</ele>
        <time>2023-10-08T12:08:44.000Z</time>
        <extensions>
          <ns3:TrackPointExtension>
            <ns3:hr>118</ns3:hr>
          </ns3:TrackPointExtension>
        </extensions>
      </trkpt>
      <trkpt lat="47.7710375748574733734130859375" lon="18.919708617031574249267578125">
        <ele>225</ele>
        <time>2023-10-08T12:08:55.000Z</time>
        <extensions>
          <ns3:TrackPointExtension>
            <ns3:hr>120</ns3:hr>
          </ns3:TrackPointExtension>
        </extensions>
      </trkpt>
      <trkpt lat="47.771035395562648773193359375" lon="18.91970518045127391815185546875">
        <ele>224.8000030517578125</ele>
        <time>2023-10-08T12:09:06.000Z</time>
        <extensions>
          <ns3:TrackPointExtension>
            <ns3:hr>123</ns3:hr>
          </ns3:TrackPointExtension>
        </extensions>
      </trkpt>
      <trkpt lat="47.77103095315396785736083984375" lon="18.91970383934676647186279296875">
        <ele>224.600006103515625</ele>
        <time>2023-10-08T12:09:12.000Z</time>
        <extensions>
          <ns3:TrackPointExtension>
            <ns3:hr>120</ns3:hr>
          </ns3:TrackPointExtension>
        </extensions>
      </trkpt>
      <trkpt lat="47.77103095315396785736083984375" lon="18.91970350407063961029052734375">
        <ele>224.600006103515625</ele>
        <time>2023-10-08T12:09:13.000Z</time>
        <extensions>
          <ns3:TrackPointExtension>
            <ns3:hr>123</ns3:hr>
          </ns3:TrackPointExtension>
        </extensions>
      </trkpt>
      <trkpt lat="47.7710265107452869415283203125" lon="18.9197000674903392791748046875">
        <ele>224.1999969482421875</ele>
        <time>2023-10-08T12:09:25.000Z</time>
        <extensions>
          <ns3:TrackPointExtension>
            <ns3:hr>120</ns3:hr>
          </ns3:TrackPointExtension>
        </extensions>
      </trkpt>
      <trkpt lat="47.771046459674835205078125" lon="18.919658996164798736572265625">
        <ele>224.399993896484375</ele>
        <time>2023-10-08T12:09:48.000Z</time>
        <extensions>
          <ns3:TrackPointExtension>
            <ns3:hr>120</ns3:hr>
          </ns3:TrackPointExtension>
        </extensions>
      </trkpt>
      <trkpt lat="47.7710721082985401153564453125" lon="18.919658996164798736572265625">
        <ele>225.8000030517578125</ele>
        <time>2023-10-08T12:09:53.000Z</time>
        <extensions>
          <ns3:TrackPointExtension>
            <ns3:hr>121</ns3:hr>
          </ns3:TrackPointExtension>
        </extensions>
      </trkpt>
      <trkpt lat="47.77107219211757183074951171875" lon="18.91966058872640132904052734375">
        <ele>226</ele>
        <time>2023-10-08T12:09:57.000Z</time>
        <extensions>
          <ns3:TrackPointExtension>
            <ns3:hr>119</ns3:hr>
          </ns3:TrackPointExtension>
        </extensions>
      </trkpt>
      <trkpt lat="47.771087698638439178466796875" lon="18.91964633949100971221923828125">
        <ele>226.399993896484375</ele>
        <time>2023-10-08T12:10:03.000Z</time>
        <extensions>
          <ns3:TrackPointExtension>
            <ns3:hr>122</ns3:hr>
          </ns3:TrackPointExtension>
        </extensions>
      </trkpt>
      <trkpt lat="47.771089710295200347900390625" lon="18.91963963396847248077392578125">
        <ele>226.399993896484375</ele>
        <time>2023-10-08T12:10:05.000Z</time>
        <extensions>
          <ns3:TrackPointExtension>
            <ns3:hr>122</ns3:hr>
          </ns3:TrackPointExtension>
        </extensions>
      </trkpt>
      <trkpt lat="47.771060205996036529541015625" lon="18.91965069808065891265869140625">
        <ele>225</ele>
        <time>2023-10-08T12:10:08.000Z</time>
        <extensions>
          <ns3:TrackPointExtension>
            <ns3:hr>119</ns3:hr>
          </ns3:TrackPointExtension>
        </extensions>
      </trkpt>
      <trkpt lat="47.77105660177767276763916015625" lon="18.91967542469501495361328125">
        <ele>225.399993896484375</ele>
        <time>2023-10-08T12:10:13.000Z</time>
        <extensions>
          <ns3:TrackPointExtension>
            <ns3:hr>118</ns3:hr>
          </ns3:TrackPointExtension>
        </extensions>
      </trkpt>
      <trkpt lat="47.77104821987450122833251953125" lon="18.919736780226230621337890625">
        <ele>226.399993896484375</ele>
        <time>2023-10-08T12:10:20.000Z</time>
        <extensions>
          <ns3:TrackPointExtension>
            <ns3:hr>116</ns3:hr>
          </ns3:TrackPointExtension>
        </extensions>
      </trkpt>
      <trkpt lat="47.77101485989987850189208984375" lon="18.91980291344225406646728515625">
        <ele>225.8000030517578125</ele>
        <time>2023-10-08T12:10:28.000Z</time>
        <extensions>
          <ns3:TrackPointExtension>
            <ns3:hr>114</ns3:hr>
          </ns3:TrackPointExtension>
        </extensions>
      </trkpt>
      <trkpt lat="47.77101519517600536346435546875" lon="18.919831328094005584716796875">
        <ele>226.399993896484375</ele>
        <time>2023-10-08T12:10:30.000Z</time>
        <extensions>
          <ns3:TrackPointExtension>
            <ns3:hr>117</ns3:hr>
          </ns3:TrackPointExtension>
        </extensions>
      </trkpt>
      <trkpt lat="47.77101871557533740997314453125" lon="18.91994473524391651153564453125">
        <ele>229.399993896484375</ele>
        <time>2023-10-08T12:10:37.000Z</time>
        <extensions>
          <ns3:TrackPointExtension>
            <ns3:hr>115</ns3:hr>
          </ns3:TrackPointExtension>
        </extensions>
      </trkpt>
      <trkpt lat="47.77101905085146427154541015625" lon="18.9200162328779697418212890625">
        <ele>231</ele>
        <time>2023-10-08T12:10:45.000Z</time>
        <extensions>
          <ns3:TrackPointExtension>
            <ns3:hr>113</ns3:hr>
          </ns3:TrackPointExtension>
        </extensions>
      </trkpt>
      <trkpt lat="47.77101737447082996368408203125" lon="18.9200366847217082977294921875">
        <ele>231.399993896484375</ele>
        <time>2023-10-08T12:10:49.000Z</time>
        <extensions>
          <ns3:TrackPointExtension>
            <ns3:hr>113</ns3:hr>
          </ns3:TrackPointExtension>
        </extensions>
      </trkpt>
      <trkpt lat="47.771007232367992401123046875" lon="18.92003291286528110504150390625">
        <ele>230.600006103515625</ele>
        <time>2023-10-08T12:10:53.000Z</time>
        <extensions>
          <ns3:TrackPointExtension>
            <ns3:hr>110</ns3:hr>
          </ns3:TrackPointExtension>
        </extensions>
      </trkpt>
      <trkpt lat="47.77100714854896068572998046875" lon="18.92003358341753482818603515625">
        <ele>230.600006103515625</ele>
        <time>2023-10-08T12:10:54.000Z</time>
        <extensions>
          <ns3:TrackPointExtension>
            <ns3:hr>110</ns3:hr>
          </ns3:TrackPointExtension>
        </extensions>
      </trkpt>
      <trkpt lat="47.77098669670522212982177734375" lon="18.92001480795443058013916015625">
        <ele>228.8000030517578125</ele>
        <time>2023-10-08T12:11:01.000Z</time>
        <extensions>
          <ns3:TrackPointExtension>
            <ns3:hr>111</ns3:hr>
          </ns3:TrackPointExtension>
        </extensions>
      </trkpt>
      <trkpt lat="47.77097873389720916748046875" lon="18.919998295605182647705078125">
        <ele>228</ele>
        <time>2023-10-08T12:11:12.000Z</time>
        <extensions>
          <ns3:TrackPointExtension>
            <ns3:hr>112</ns3:hr>
          </ns3:TrackPointExtension>
        </extensions>
      </trkpt>
      <trkpt lat="47.77098904363811016082763671875" lon="18.91998949460685253143310546875">
        <ele>228.399993896484375</ele>
        <time>2023-10-08T12:11:18.000Z</time>
        <extensions>
          <ns3:TrackPointExtension>
            <ns3:hr>113</ns3:hr>
          </ns3:TrackPointExtension>
        </extensions>
      </trkpt>
      <trkpt lat="47.770978398621082305908203125" lon="18.91999821178615093231201171875">
        <ele>228</ele>
        <time>2023-10-08T12:11:25.000Z</time>
        <extensions>
          <ns3:TrackPointExtension>
            <ns3:hr>115</ns3:hr>
          </ns3:TrackPointExtension>
        </extensions>
      </trkpt>
      <trkpt lat="47.77097697369754314422607421875" lon="18.9199984632432460784912109375">
        <ele>227.8000030517578125</ele>
        <time>2023-10-08T12:11:32.000Z</time>
        <extensions>
          <ns3:TrackPointExtension>
            <ns3:hr>114</ns3:hr>
          </ns3:TrackPointExtension>
        </extensions>
      </trkpt>
      <trkpt lat="47.77096909470856189727783203125" lon="18.91996267251670360565185546875">
        <ele>226.600006103515625</ele>
        <time>2023-10-08T12:11:39.000Z</time>
        <extensions>
          <ns3:TrackPointExtension>
            <ns3:hr>113</ns3:hr>
          </ns3:TrackPointExtension>
        </extensions>
      </trkpt>
      <trkpt lat="47.77096641249954700469970703125" lon="18.9199361018836498260498046875">
        <ele>225.8000030517578125</ele>
        <time>2023-10-08T12:11:48.000Z</time>
        <extensions>
          <ns3:TrackPointExtension>
            <ns3:hr>113</ns3:hr>
          </ns3:TrackPointExtension>
        </extensions>
      </trkpt>
      <trkpt lat="47.7709700167179107666015625" lon="18.91993962228298187255859375">
        <ele>226.1999969482421875</ele>
        <time>2023-10-08T12:11:51.000Z</time>
        <extensions>
          <ns3:TrackPointExtension>
            <ns3:hr>116</ns3:hr>
          </ns3:TrackPointExtension>
        </extensions>
      </trkpt>
      <trkpt lat="47.7709701843559741973876953125" lon="18.91993987374007701873779296875">
        <ele>226.1999969482421875</ele>
        <time>2023-10-08T12:11:58.000Z</time>
        <extensions>
          <ns3:TrackPointExtension>
            <ns3:hr>119</ns3:hr>
          </ns3:TrackPointExtension>
        </extensions>
      </trkpt>
      <trkpt lat="47.7709700167179107666015625" lon="18.91993987374007701873779296875">
        <ele>226.1999969482421875</ele>
        <time>2023-10-08T12:12:02.000Z</time>
        <extensions>
          <ns3:TrackPointExtension>
            <ns3:hr>118</ns3:hr>
          </ns3:TrackPointExtension>
        </extensions>
      </trkpt>
      <trkpt lat="47.77097496204078197479248046875" lon="18.91996384598314762115478515625">
        <ele>227</ele>
        <time>2023-10-08T12:12:17.000Z</time>
        <extensions>
          <ns3:TrackPointExtension>
            <ns3:hr>115</ns3:hr>
          </ns3:TrackPointExtension>
        </extensions>
      </trkpt>
      <trkpt lat="47.770997844636440277099609375" lon="18.919983543455600738525390625">
        <ele>229</ele>
        <time>2023-10-08T12:12:44.000Z</time>
        <extensions>
          <ns3:TrackPointExtension>
            <ns3:hr>118</ns3:hr>
          </ns3:TrackPointExtension>
        </extensions>
      </trkpt>
      <trkpt lat="47.77102022431790828704833984375" lon="18.9200081862509250640869140625">
        <ele>230.8000030517578125</ele>
        <time>2023-10-08T12:13:14.000Z</time>
        <extensions>
          <ns3:TrackPointExtension>
            <ns3:hr>121</ns3:hr>
          </ns3:TrackPointExtension>
        </extensions>
      </trkpt>
      <trkpt lat="47.77102374471724033355712890625" lon="18.9200236089527606964111328125">
        <ele>231.399993896484375</ele>
        <time>2023-10-08T12:13:30.000Z</time>
        <extensions>
          <ns3:TrackPointExtension>
            <ns3:hr>124</ns3:hr>
          </ns3:TrackPointExtension>
        </extensions>
      </trkpt>
      <trkpt lat="47.771024666726589202880859375" lon="18.9200313203036785125732421875">
        <ele>231.600006103515625</ele>
        <time>2023-10-08T12:14:03.000Z</time>
        <extensions>
          <ns3:TrackPointExtension>
            <ns3:hr>127</ns3:hr>
          </ns3:TrackPointExtension>
        </extensions>
      </trkpt>
      <trkpt lat="47.771011926233768463134765625" lon="18.9200269617140293121337890625">
        <ele>230.8000030517578125</ele>
        <time>2023-10-08T12:14:17.000Z</time>
        <extensions>
          <ns3:TrackPointExtension>
            <ns3:hr>130</ns3:hr>
          </ns3:TrackPointExtension>
        </extensions>
      </trkpt>
      <trkpt lat="47.7710102498531341552734375" lon="18.92002654261887073516845703125">
        <ele>230.600006103515625</ele>
        <time>2023-10-08T12:14:18.000Z</time>
        <extensions>
          <ns3:TrackPointExtension>
            <ns3:hr>127</ns3:hr>
          </ns3:TrackPointExtension>
        </extensions>
      </trkpt>
      <trkpt lat="47.7710027061402797698974609375" lon="18.92002520151436328887939453125">
        <ele>230.1999969482421875</ele>
        <time>2023-10-08T12:14:23.000Z</time>
        <extensions>
          <ns3:TrackPointExtension>
            <ns3:hr>124</ns3:hr>
          </ns3:TrackPointExtension>
        </extensions>
      </trkpt>
      <trkpt lat="47.77099625207483768463134765625" lon="18.92002285458147525787353515625">
        <ele>229.600006103515625</ele>
        <time>2023-10-08T12:14:36.000Z</time>
        <extensions>
          <ns3:TrackPointExtension>
            <ns3:hr>120</ns3:hr>
          </ns3:TrackPointExtension>
        </extensions>
      </trkpt>
      <trkpt lat="47.77099491097033023834228515625" lon="18.92002218402922153472900390625">
        <ele>229.600006103515625</ele>
        <time>2023-10-08T12:14:42.000Z</time>
        <extensions>
          <ns3:TrackPointExtension>
            <ns3:hr>117</ns3:hr>
          </ns3:TrackPointExtension>
        </extensions>
      </trkpt>
      <trkpt lat="47.77099424041807651519775390625" lon="18.92002184875309467315673828125">
        <ele>229.600006103515625</ele>
        <time>2023-10-08T12:14:45.000Z</time>
        <extensions>
          <ns3:TrackPointExtension>
            <ns3:hr>114</ns3:hr>
          </ns3:TrackPointExtension>
        </extensions>
      </trkpt>
      <trkpt lat="47.770991809666156768798828125" lon="18.920017071068286895751953125">
        <ele>229.1999969482421875</ele>
        <time>2023-10-08T12:14:53.000Z</time>
        <extensions>
          <ns3:TrackPointExtension>
            <ns3:hr>111</ns3:hr>
          </ns3:TrackPointExtension>
        </extensions>
      </trkpt>
      <trkpt lat="47.77098820544779300689697265625" lon="18.92001095227897167205810546875">
        <ele>228.8000030517578125</ele>
        <time>2023-10-08T12:15:08.000Z</time>
        <extensions>
          <ns3:TrackPointExtension>
            <ns3:hr>108</ns3:hr>
          </ns3:TrackPointExtension>
        </extensions>
      </trkpt>
      <trkpt lat="47.7710027061402797698974609375" lon="18.9200256206095218658447265625">
        <ele>230.1999969482421875</ele>
        <time>2023-10-08T12:15:33.000Z</time>
        <extensions>
          <ns3:TrackPointExtension>
            <ns3:hr>108</ns3:hr>
          </ns3:TrackPointExtension>
        </extensions>
      </trkpt>
      <trkpt lat="47.7710177935659885406494140625" lon="18.92004045657813549041748046875">
        <ele>231.399993896484375</ele>
        <time>2023-10-08T12:15:43.000Z</time>
        <extensions>
          <ns3:TrackPointExtension>
            <ns3:hr>110</ns3:hr>
          </ns3:TrackPointExtension>
        </extensions>
      </trkpt>
      <trkpt lat="47.7710141055285930633544921875" lon="18.92004481516778469085693359375">
        <ele>231.1999969482421875</ele>
        <time>2023-10-08T12:15:54.000Z</time>
        <extensions>
          <ns3:TrackPointExtension>
            <ns3:hr>109</ns3:hr>
          </ns3:TrackPointExtension>
        </extensions>
      </trkpt>
      <trkpt lat="47.77100027538836002349853515625" lon="18.9200500957667827606201171875">
        <ele>230.600006103515625</ele>
        <time>2023-10-08T12:16:51.000Z</time>
        <extensions>
          <ns3:TrackPointExtension>
            <ns3:hr>112</ns3:hr>
          </ns3:TrackPointExtension>
        </extensions>
      </trkpt>
      <trkpt lat="47.7710017003118991851806640625" lon="18.92005152069032192230224609375">
        <ele>230.600006103515625</ele>
        <time>2023-10-08T12:17:00.000Z</time>
        <extensions>
          <ns3:TrackPointExtension>
            <ns3:hr>109</ns3:hr>
          </ns3:TrackPointExtension>
        </extensions>
      </trkpt>
      <trkpt lat="47.77099323458969593048095703125" lon="18.92004280351102352142333984375">
        <ele>229.8000030517578125</ele>
        <time>2023-10-08T12:17:40.000Z</time>
        <extensions>
          <ns3:TrackPointExtension>
            <ns3:hr>106</ns3:hr>
          </ns3:TrackPointExtension>
        </extensions>
      </trkpt>
      <trkpt lat="47.7709869481623172760009765625" lon="18.92004163004457950592041015625">
        <ele>229.399993896484375</ele>
        <time>2023-10-08T12:18:01.000Z</time>
        <extensions>
          <ns3:TrackPointExtension>
            <ns3:hr>109</ns3:hr>
          </ns3:TrackPointExtension>
        </extensions>
      </trkpt>
      <trkpt lat="47.77099926955997943878173828125" lon="18.92005135305225849151611328125">
        <ele>230.399993896484375</ele>
        <time>2023-10-08T12:18:18.000Z</time>
        <extensions>
          <ns3:TrackPointExtension>
            <ns3:hr>112</ns3:hr>
          </ns3:TrackPointExtension>
        </extensions>
      </trkpt>
      <trkpt lat="47.77100111357867717742919921875" lon="18.920052945613861083984375">
        <ele>230.600006103515625</ele>
        <time>2023-10-08T12:18:23.000Z</time>
        <extensions>
          <ns3:TrackPointExtension>
            <ns3:hr>115</ns3:hr>
          </ns3:TrackPointExtension>
        </extensions>
      </trkpt>
      <trkpt lat="47.77100111357867717742919921875" lon="18.920052945613861083984375">
        <ele>230.600006103515625</ele>
        <time>2023-10-08T12:18:32.000Z</time>
        <extensions>
          <ns3:TrackPointExtension>
            <ns3:hr>112</ns3:hr>
          </ns3:TrackPointExtension>
        </extensions>
      </trkpt>
      <trkpt lat="47.77099558152258396148681640625" lon="18.92005085013806819915771484375">
        <ele>230.1999969482421875</ele>
        <time>2023-10-08T12:18:53.000Z</time>
        <extensions>
          <ns3:TrackPointExtension>
            <ns3:hr>109</ns3:hr>
          </ns3:TrackPointExtension>
        </extensions>
      </trkpt>
      <trkpt lat="47.7709728665649890899658203125" lon="18.92002201639115810394287109375">
        <ele>228.1999969482421875</ele>
        <time>2023-10-08T12:19:18.000Z</time>
        <extensions>
          <ns3:TrackPointExtension>
            <ns3:hr>103</ns3:hr>
          </ns3:TrackPointExtension>
        </extensions>
      </trkpt>
      <trkpt lat="47.770969010889530181884765625" lon="18.920017071068286895751953125">
        <ele>227.8000030517578125</ele>
        <time>2023-10-08T12:19:19.000Z</time>
        <extensions>
          <ns3:TrackPointExtension>
            <ns3:hr>106</ns3:hr>
          </ns3:TrackPointExtension>
        </extensions>
      </trkpt>
      <trkpt lat="47.77095652185380458831787109375" lon="18.92000759951770305633544921875">
        <ele>226.8000030517578125</ele>
        <time>2023-10-08T12:19:38.000Z</time>
        <extensions>
          <ns3:TrackPointExtension>
            <ns3:hr>104</ns3:hr>
          </ns3:TrackPointExtension>
        </extensions>
      </trkpt>
      <trkpt lat="47.77093422599136829376220703125" lon="18.92000340856611728668212890625">
        <ele>225.1999969482421875</ele>
        <time>2023-10-08T12:20:09.000Z</time>
        <extensions>
          <ns3:TrackPointExtension>
            <ns3:hr>107</ns3:hr>
          </ns3:TrackPointExtension>
        </extensions>
      </trkpt>
      <trkpt lat="47.77093338780105113983154296875" lon="18.9200060069561004638671875">
        <ele>225.1999969482421875</ele>
        <time>2023-10-08T12:20:19.000Z</time>
        <extensions>
          <ns3:TrackPointExtension>
            <ns3:hr>104</ns3:hr>
          </ns3:TrackPointExtension>
        </extensions>
      </trkpt>
      <trkpt lat="47.77095995843410491943359375" lon="18.92002520151436328887939453125">
        <ele>227.399993896484375</ele>
        <time>2023-10-08T12:20:49.000Z</time>
        <extensions>
          <ns3:TrackPointExtension>
            <ns3:hr>107</ns3:hr>
          </ns3:TrackPointExtension>
        </extensions>
      </trkpt>
      <trkpt lat="47.77098988182842731475830078125" lon="18.92006576992571353912353515625">
        <ele>230.1999969482421875</ele>
        <time>2023-10-08T12:21:56.000Z</time>
        <extensions>
          <ns3:TrackPointExtension>
            <ns3:hr>110</ns3:hr>
          </ns3:TrackPointExtension>
        </extensions>
      </trkpt>
      <trkpt lat="47.77098937891423702239990234375" lon="18.92006560228765010833740234375">
        <ele>230.1999969482421875</ele>
        <time>2023-10-08T12:21:57.000Z</time>
        <extensions>
          <ns3:TrackPointExtension>
            <ns3:hr>113</ns3:hr>
          </ns3:TrackPointExtension>
        </extensions>
      </trkpt>
      <trkpt lat="47.770988456904888153076171875" lon="18.920065350830554962158203125">
        <ele>230</ele>
        <time>2023-10-08T12:21:58.000Z</time>
        <extensions>
          <ns3:TrackPointExtension>
            <ns3:hr>116</ns3:hr>
          </ns3:TrackPointExtension>
        </extensions>
      </trkpt>
      <trkpt lat="47.7709624730050563812255859375" lon="18.92005805857479572296142578125">
        <ele>228.1999969482421875</ele>
        <time>2023-10-08T12:22:21.000Z</time>
        <extensions>
          <ns3:TrackPointExtension>
            <ns3:hr>113</ns3:hr>
          </ns3:TrackPointExtension>
        </extensions>
      </trkpt>
      <trkpt lat="47.77096071280539035797119140625" lon="18.92005789093673229217529296875">
        <ele>228.1999969482421875</ele>
        <time>2023-10-08T12:22:29.000Z</time>
        <extensions>
          <ns3:TrackPointExtension>
            <ns3:hr>110</ns3:hr>
          </ns3:TrackPointExtension>
        </extensions>
      </trkpt>
      <trkpt lat="47.77096272446215152740478515625" lon="18.920057974755764007568359375">
        <ele>228.1999969482421875</ele>
        <time>2023-10-08T12:23:17.000Z</time>
        <extensions>
          <ns3:TrackPointExtension>
            <ns3:hr>107</ns3:hr>
          </ns3:TrackPointExtension>
        </extensions>
      </trkpt>
      <trkpt lat="47.770963646471500396728515625" lon="18.92005856148898601531982421875">
        <ele>228.399993896484375</ele>
        <time>2023-10-08T12:23:23.000Z</time>
        <extensions>
          <ns3:TrackPointExtension>
            <ns3:hr>111</ns3:hr>
          </ns3:TrackPointExtension>
        </extensions>
      </trkpt>
      <trkpt lat="47.7709638141095638275146484375" lon="18.92005856148898601531982421875">
        <ele>228.399993896484375</ele>
        <time>2023-10-08T12:23:24.000Z</time>
        <extensions>
          <ns3:TrackPointExtension>
            <ns3:hr>108</ns3:hr>
          </ns3:TrackPointExtension>
        </extensions>
      </trkpt>
      <trkpt lat="47.77096473611891269683837890625" lon="18.920058310031890869140625">
        <ele>228.399993896484375</ele>
        <time>2023-10-08T12:23:41.000Z</time>
        <extensions>
          <ns3:TrackPointExtension>
            <ns3:hr>111</ns3:hr>
          </ns3:TrackPointExtension>
        </extensions>
      </trkpt>
      <trkpt lat="47.77096540667116641998291015625" lon="18.9200584776699542999267578125">
        <ele>228.399993896484375</ele>
        <time>2023-10-08T12:23:45.000Z</time>
        <extensions>
          <ns3:TrackPointExtension>
            <ns3:hr>108</ns3:hr>
          </ns3:TrackPointExtension>
        </extensions>
      </trkpt>
      <trkpt lat="47.7709654904901981353759765625" lon="18.92005839385092258453369140625">
        <ele>228.399993896484375</ele>
        <time>2023-10-08T12:23:47.000Z</time>
        <extensions>
          <ns3:TrackPointExtension>
            <ns3:hr>111</ns3:hr>
          </ns3:TrackPointExtension>
        </extensions>
      </trkpt>
      <trkpt lat="47.77096666395664215087890625" lon="18.92005772329866886138916015625">
        <ele>228.399993896484375</ele>
        <time>2023-10-08T12:24:05.000Z</time>
        <extensions>
          <ns3:TrackPointExtension>
            <ns3:hr>108</ns3:hr>
          </ns3:TrackPointExtension>
        </extensions>
      </trkpt>
      <trkpt lat="47.770966999232769012451171875" lon="18.92005772329866886138916015625">
        <ele>228.600006103515625</ele>
        <time>2023-10-08T12:24:27.000Z</time>
        <extensions>
          <ns3:TrackPointExtension>
            <ns3:hr>105</ns3:hr>
          </ns3:TrackPointExtension>
        </extensions>
      </trkpt>
      <trkpt lat="47.77096758596599102020263671875" lon="18.9200574718415737152099609375">
        <ele>228.600006103515625</ele>
        <time>2023-10-08T12:24:42.000Z</time>
        <extensions>
          <ns3:TrackPointExtension>
            <ns3:hr>108</ns3:hr>
          </ns3:TrackPointExtension>
        </extensions>
      </trkpt>
      <trkpt lat="47.77096942998468875885009765625" lon="18.920055963099002838134765625">
        <ele>228.600006103515625</ele>
        <time>2023-10-08T12:25:28.000Z</time>
        <extensions>
          <ns3:TrackPointExtension>
            <ns3:hr>105</ns3:hr>
          </ns3:TrackPointExtension>
        </extensions>
      </trkpt>
      <trkpt lat="47.77097043581306934356689453125" lon="18.92005654983222484588623046875">
        <ele>228.8000030517578125</ele>
        <time>2023-10-08T12:25:53.000Z</time>
        <extensions>
          <ns3:TrackPointExtension>
            <ns3:hr>108</ns3:hr>
          </ns3:TrackPointExtension>
        </extensions>
      </trkpt>
      <trkpt lat="47.7709708549082279205322265625" lon="18.920056633651256561279296875">
        <ele>228.8000030517578125</ele>
        <time>2023-10-08T12:25:57.000Z</time>
        <extensions>
          <ns3:TrackPointExtension>
            <ns3:hr>111</ns3:hr>
          </ns3:TrackPointExtension>
        </extensions>
      </trkpt>
      <trkpt lat="47.770971693098545074462890625" lon="18.92005537636578083038330078125">
        <ele>228.8000030517578125</ele>
        <time>2023-10-08T12:26:43.000Z</time>
        <extensions>
          <ns3:TrackPointExtension>
            <ns3:hr>108</ns3:hr>
          </ns3:TrackPointExtension>
        </extensions>
      </trkpt>
      <trkpt lat="47.7709732018411159515380859375" lon="18.9200557954609394073486328125">
        <ele>228.8000030517578125</ele>
        <time>2023-10-08T12:26:58.000Z</time>
        <extensions>
          <ns3:TrackPointExtension>
            <ns3:hr>105</ns3:hr>
          </ns3:TrackPointExtension>
        </extensions>
      </trkpt>
      <trkpt lat="47.770973704755306243896484375" lon="18.920055292546749114990234375">
        <ele>228.8000030517578125</ele>
        <time>2023-10-08T12:27:10.000Z</time>
        <extensions>
          <ns3:TrackPointExtension>
            <ns3:hr>101</ns3:hr>
          </ns3:TrackPointExtension>
        </extensions>
      </trkpt>
      <trkpt lat="47.7709755487740039825439453125" lon="18.92005537636578083038330078125">
        <ele>229</ele>
        <time>2023-10-08T12:27:33.000Z</time>
        <extensions>
          <ns3:TrackPointExtension>
            <ns3:hr>104</ns3:hr>
          </ns3:TrackPointExtension>
        </extensions>
      </trkpt>
      <trkpt lat="47.77093573473393917083740234375" lon="18.92002536915242671966552734375">
        <ele>225.8000030517578125</ele>
        <time>2023-10-08T12:27:50.000Z</time>
        <extensions>
          <ns3:TrackPointExtension>
            <ns3:hr>105</ns3:hr>
          </ns3:TrackPointExtension>
        </extensions>
      </trkpt>
      <trkpt lat="47.77091394178569316864013671875" lon="18.92001413740217685699462890625">
        <ele>224.1999969482421875</ele>
        <time>2023-10-08T12:27:57.000Z</time>
        <extensions>
          <ns3:TrackPointExtension>
            <ns3:hr>108</ns3:hr>
          </ns3:TrackPointExtension>
        </extensions>
      </trkpt>
      <trkpt lat="47.7709158696234226226806640625" lon="18.9200158976018428802490234375">
        <ele>224.1999969482421875</ele>
        <time>2023-10-08T12:27:59.000Z</time>
        <extensions>
          <ns3:TrackPointExtension>
            <ns3:hr>108</ns3:hr>
          </ns3:TrackPointExtension>
        </extensions>
      </trkpt>
      <trkpt lat="47.7709155343472957611083984375" lon="18.92001472413539886474609375">
        <ele>224.1999969482421875</ele>
        <time>2023-10-08T12:28:04.000Z</time>
        <extensions>
          <ns3:TrackPointExtension>
            <ns3:hr>111</ns3:hr>
          </ns3:TrackPointExtension>
        </extensions>
      </trkpt>
      <trkpt lat="47.77091176249086856842041015625" lon="18.9200113713741302490234375">
        <ele>224</ele>
        <time>2023-10-08T12:28:11.000Z</time>
        <extensions>
          <ns3:TrackPointExtension>
            <ns3:hr>109</ns3:hr>
          </ns3:TrackPointExtension>
        </extensions>
      </trkpt>
      <trkpt lat="47.7709118463099002838134765625" lon="18.9200086891651153564453125">
        <ele>223.8000030517578125</ele>
        <time>2023-10-08T12:28:33.000Z</time>
        <extensions>
          <ns3:TrackPointExtension>
            <ns3:hr>106</ns3:hr>
          </ns3:TrackPointExtension>
        </extensions>
      </trkpt>
      <trkpt lat="47.77091276831924915313720703125" lon="18.92000977881252765655517578125">
        <ele>224</ele>
        <time>2023-10-08T12:28:39.000Z</time>
        <extensions>
          <ns3:TrackPointExtension>
            <ns3:hr>103</ns3:hr>
          </ns3:TrackPointExtension>
        </extensions>
      </trkpt>
      <trkpt lat="47.77093690820038318634033203125" lon="18.9200199209153652191162109375">
        <ele>225.8000030517578125</ele>
        <time>2023-10-08T12:28:51.000Z</time>
        <extensions>
          <ns3:TrackPointExtension>
            <ns3:hr>102</ns3:hr>
          </ns3:TrackPointExtension>
        </extensions>
      </trkpt>
      <trkpt lat="47.77094386518001556396484375" lon="18.920031152665615081787109375">
        <ele>226.399993896484375</ele>
        <time>2023-10-08T12:29:01.000Z</time>
        <extensions>
          <ns3:TrackPointExtension>
            <ns3:hr>100</ns3:hr>
          </ns3:TrackPointExtension>
        </extensions>
      </trkpt>
      <trkpt lat="47.77094386518001556396484375" lon="18.9200329966843128204345703125">
        <ele>226.399993896484375</ele>
        <time>2023-10-08T12:29:03.000Z</time>
        <extensions>
          <ns3:TrackPointExtension>
            <ns3:hr>103</ns3:hr>
          </ns3:TrackPointExtension>
        </extensions>
      </trkpt>
      <trkpt lat="47.77094386518001556396484375" lon="18.9200340025126934051513671875">
        <ele>226.600006103515625</ele>
        <time>2023-10-08T12:29:04.000Z</time>
        <extensions>
          <ns3:TrackPointExtension>
            <ns3:hr>106</ns3:hr>
          </ns3:TrackPointExtension>
        </extensions>
      </trkpt>
      <trkpt lat="47.77094411663711071014404296875" lon="18.92003408633172512054443359375">
        <ele>226.600006103515625</ele>
        <time>2023-10-08T12:29:05.000Z</time>
        <extensions>
          <ns3:TrackPointExtension>
            <ns3:hr>106</ns3:hr>
          </ns3:TrackPointExtension>
        </extensions>
      </trkpt>
      <trkpt lat="47.7709457091987133026123046875" lon="18.92003827728331089019775390625">
        <ele>226.8000030517578125</ele>
        <time>2023-10-08T12:29:16.000Z</time>
        <extensions>
          <ns3:TrackPointExtension>
            <ns3:hr>109</ns3:hr>
          </ns3:TrackPointExtension>
        </extensions>
      </trkpt>
      <trkpt lat="47.770944871008396148681640625" lon="18.9200383611023426055908203125">
        <ele>226.600006103515625</ele>
        <time>2023-10-08T12:29:18.000Z</time>
        <extensions>
          <ns3:TrackPointExtension>
            <ns3:hr>112</ns3:hr>
          </ns3:TrackPointExtension>
        </extensions>
      </trkpt>
      <trkpt lat="47.7709430269896984100341796875" lon="18.92003886401653289794921875">
        <ele>226.600006103515625</ele>
        <time>2023-10-08T12:29:22.000Z</time>
        <extensions>
          <ns3:TrackPointExtension>
            <ns3:hr>109</ns3:hr>
          </ns3:TrackPointExtension>
        </extensions>
      </trkpt>
      <trkpt lat="47.77095266617834568023681640625" lon="18.9200376905500888824462890625">
        <ele>227.1999969482421875</ele>
        <time>2023-10-08T12:29:37.000Z</time>
        <extensions>
          <ns3:TrackPointExtension>
            <ns3:hr>109</ns3:hr>
          </ns3:TrackPointExtension>
        </extensions>
      </trkpt>
      <trkpt lat="47.77095417492091655731201171875" lon="18.9200162328779697418212890625">
        <ele>226.8000030517578125</ele>
        <time>2023-10-08T12:29:43.000Z</time>
        <extensions>
          <ns3:TrackPointExtension>
            <ns3:hr>109</ns3:hr>
          </ns3:TrackPointExtension>
        </extensions>
      </trkpt>
      <trkpt lat="47.7709571085870265960693359375" lon="18.92001413740217685699462890625">
        <ele>227</ele>
        <time>2023-10-08T12:29:48.000Z</time>
        <extensions>
          <ns3:TrackPointExtension>
            <ns3:hr>112</ns3:hr>
          </ns3:TrackPointExtension>
        </extensions>
      </trkpt>
      <trkpt lat="47.7709619700908660888671875" lon="18.920009694993495941162109375">
        <ele>227.1999969482421875</ele>
        <time>2023-10-08T12:29:51.000Z</time>
        <extensions>
          <ns3:TrackPointExtension>
            <ns3:hr>113</ns3:hr>
          </ns3:TrackPointExtension>
        </extensions>
      </trkpt>
      <trkpt lat="47.7709936536848545074462890625" lon="18.9199890755116939544677734375">
        <ele>228.8000030517578125</ele>
        <time>2023-10-08T12:29:58.000Z</time>
        <extensions>
          <ns3:TrackPointExtension>
            <ns3:hr>114</ns3:hr>
          </ns3:TrackPointExtension>
        </extensions>
      </trkpt>
      <trkpt lat="47.7710392512381076812744140625" lon="18.91996468417346477508544921875">
        <ele>231.1999969482421875</ele>
        <time>2023-10-08T12:30:03.000Z</time>
        <extensions>
          <ns3:TrackPointExtension>
            <ns3:hr>113</ns3:hr>
          </ns3:TrackPointExtension>
        </extensions>
      </trkpt>
      <trkpt lat="47.77104176580905914306640625" lon="18.91998345963656902313232421875">
        <ele>231.8000030517578125</ele>
        <time>2023-10-08T12:30:09.000Z</time>
        <extensions>
          <ns3:TrackPointExtension>
            <ns3:hr>115</ns3:hr>
          </ns3:TrackPointExtension>
        </extensions>
      </trkpt>
      <trkpt lat="47.77102642692625522613525390625" lon="18.919999301433563232421875">
        <ele>231.1999969482421875</ele>
        <time>2023-10-08T12:30:14.000Z</time>
        <extensions>
          <ns3:TrackPointExtension>
            <ns3:hr>117</ns3:hr>
          </ns3:TrackPointExtension>
        </extensions>
      </trkpt>
      <trkpt lat="47.7710107527673244476318359375" lon="18.91998463310301303863525390625">
        <ele>229.8000030517578125</ele>
        <time>2023-10-08T12:30:21.000Z</time>
        <extensions>
          <ns3:TrackPointExtension>
            <ns3:hr>117</ns3:hr>
          </ns3:TrackPointExtension>
        </extensions>
      </trkpt>
      <trkpt lat="47.7710110880434513092041015625" lon="18.92000055871903896331787109375">
        <ele>230.1999969482421875</ele>
        <time>2023-10-08T12:30:29.000Z</time>
        <extensions>
          <ns3:TrackPointExtension>
            <ns3:hr>114</ns3:hr>
          </ns3:TrackPointExtension>
        </extensions>
      </trkpt>
      <trkpt lat="47.7710110880434513092041015625" lon="18.92000055871903896331787109375">
        <ele>230.1999969482421875</ele>
        <time>2023-10-08T12:30:30.000Z</time>
        <extensions>
          <ns3:TrackPointExtension>
            <ns3:hr>114</ns3:hr>
          </ns3:TrackPointExtension>
        </extensions>
      </trkpt>
      <trkpt lat="47.77101402170956134796142578125" lon="18.92000055871903896331787109375">
        <ele>230.399993896484375</ele>
        <time>2023-10-08T12:30:45.000Z</time>
        <extensions>
          <ns3:TrackPointExtension>
            <ns3:hr>111</ns3:hr>
          </ns3:TrackPointExtension>
        </extensions>
      </trkpt>
      <trkpt lat="47.7710238285362720489501953125" lon="18.920004330575466156005859375">
        <ele>231</ele>
        <time>2023-10-08T12:30:54.000Z</time>
        <extensions>
          <ns3:TrackPointExtension>
            <ns3:hr>113</ns3:hr>
          </ns3:TrackPointExtension>
        </extensions>
      </trkpt>
      <trkpt lat="47.77103246189653873443603515625" lon="18.9200142212212085723876953125">
        <ele>231.8000030517578125</ele>
        <time>2023-10-08T12:31:00.000Z</time>
        <extensions>
          <ns3:TrackPointExtension>
            <ns3:hr>113</ns3:hr>
          </ns3:TrackPointExtension>
        </extensions>
      </trkpt>
      <trkpt lat="47.77100781910121440887451171875" lon="18.920010365545749664306640625">
        <ele>230.1999969482421875</ele>
        <time>2023-10-08T12:31:05.000Z</time>
        <extensions>
          <ns3:TrackPointExtension>
            <ns3:hr>113</ns3:hr>
          </ns3:TrackPointExtension>
        </extensions>
      </trkpt>
      <trkpt lat="47.77101184241473674774169921875" lon="18.92001866362988948822021484375">
        <ele>230.600006103515625</ele>
        <time>2023-10-08T12:31:10.000Z</time>
        <extensions>
          <ns3:TrackPointExtension>
            <ns3:hr>113</ns3:hr>
          </ns3:TrackPointExtension>
        </extensions>
      </trkpt>
      <trkpt lat="47.7710104174911975860595703125" lon="18.92001514323055744171142578125">
        <ele>230.399993896484375</ele>
        <time>2023-10-08T12:31:15.000Z</time>
        <extensions>
          <ns3:TrackPointExtension>
            <ns3:hr>113</ns3:hr>
          </ns3:TrackPointExtension>
        </extensions>
      </trkpt>
      <trkpt lat="47.77101335115730762481689453125" lon="18.919997625052928924560546875">
        <ele>230.1999969482421875</ele>
        <time>2023-10-08T12:31:22.000Z</time>
        <extensions>
          <ns3:TrackPointExtension>
            <ns3:hr>115</ns3:hr>
          </ns3:TrackPointExtension>
        </extensions>
      </trkpt>
      <trkpt lat="47.771026007831096649169921875" lon="18.9199964515864849090576171875">
        <ele>231</ele>
        <time>2023-10-08T12:31:27.000Z</time>
        <extensions>
          <ns3:TrackPointExtension>
            <ns3:hr>118</ns3:hr>
          </ns3:TrackPointExtension>
        </extensions>
      </trkpt>
      <trkpt lat="47.7710114233195781707763671875" lon="18.9199706353247165679931640625">
        <ele>229.600006103515625</ele>
        <time>2023-10-08T12:31:33.000Z</time>
        <extensions>
          <ns3:TrackPointExtension>
            <ns3:hr>118</ns3:hr>
          </ns3:TrackPointExtension>
        </extensions>
      </trkpt>
      <trkpt lat="47.771013267338275909423828125" lon="18.91997977159917354583740234375">
        <ele>229.8000030517578125</ele>
        <time>2023-10-08T12:31:38.000Z</time>
        <extensions>
          <ns3:TrackPointExtension>
            <ns3:hr>119</ns3:hr>
          </ns3:TrackPointExtension>
        </extensions>
      </trkpt>
      <trkpt lat="47.7710201404988765716552734375" lon="18.9200034923851490020751953125">
        <ele>230.8000030517578125</ele>
        <time>2023-10-08T12:31:41.000Z</time>
        <extensions>
          <ns3:TrackPointExtension>
            <ns3:hr>118</ns3:hr>
          </ns3:TrackPointExtension>
        </extensions>
      </trkpt>
      <trkpt lat="47.771067582070827484130859375" lon="18.9200269617140293121337890625">
        <ele>234.399993896484375</ele>
        <time>2023-10-08T12:38:32.000Z</time>
        <extensions>
          <ns3:TrackPointExtension>
            <ns3:hr>114</ns3:hr>
          </ns3:TrackPointExtension>
        </extensions>
      </trkpt>
      <trkpt lat="47.77106733061373233795166015625" lon="18.920027129352092742919921875">
        <ele>234.399993896484375</ele>
        <time>2023-10-08T12:38:33.000Z</time>
        <extensions>
          <ns3:TrackPointExtension>
            <ns3:hr>114</ns3:hr>
          </ns3:TrackPointExtension>
        </extensions>
      </trkpt>
      <trkpt lat="47.77106649242341518402099609375" lon="18.9200279675424098968505859375">
        <ele>234.399993896484375</ele>
        <time>2023-10-08T12:38:42.000Z</time>
        <extensions>
          <ns3:TrackPointExtension>
            <ns3:hr>111</ns3:hr>
          </ns3:TrackPointExtension>
        </extensions>
      </trkpt>
      <trkpt lat="47.77106313966214656829833984375" lon="18.9200319908559322357177734375">
        <ele>234.1999969482421875</ele>
        <time>2023-10-08T12:39:27.000Z</time>
        <extensions>
          <ns3:TrackPointExtension>
            <ns3:hr>108</ns3:hr>
          </ns3:TrackPointExtension>
        </extensions>
      </trkpt>
      <trkpt lat="47.77106213383376598358154296875" lon="18.92003308050334453582763671875">
        <ele>234.1999969482421875</ele>
        <time>2023-10-08T12:39:40.000Z</time>
        <extensions>
          <ns3:TrackPointExtension>
            <ns3:hr>111</ns3:hr>
          </ns3:TrackPointExtension>
        </extensions>
      </trkpt>
      <trkpt lat="47.7710620500147342681884765625" lon="18.92003324814140796661376953125">
        <ele>234.1999969482421875</ele>
        <time>2023-10-08T12:39:41.000Z</time>
        <extensions>
          <ns3:TrackPointExtension>
            <ns3:hr>108</ns3:hr>
          </ns3:TrackPointExtension>
        </extensions>
      </trkpt>
      <trkpt lat="47.77106213383376598358154296875" lon="18.9200333319604396820068359375">
        <ele>234.1999969482421875</ele>
        <time>2023-10-08T12:39:43.000Z</time>
        <extensions>
          <ns3:TrackPointExtension>
            <ns3:hr>111</ns3:hr>
          </ns3:TrackPointExtension>
        </extensions>
      </trkpt>
      <trkpt lat="47.7710613794624805450439453125" lon="18.9200343377888202667236328125">
        <ele>234.1999969482421875</ele>
        <time>2023-10-08T12:39:54.000Z</time>
        <extensions>
          <ns3:TrackPointExtension>
            <ns3:hr>114</ns3:hr>
          </ns3:TrackPointExtension>
        </extensions>
      </trkpt>
      <trkpt lat="47.77106062509119510650634765625" lon="18.9200350083410739898681640625">
        <ele>234</ele>
        <time>2023-10-08T12:40:02.000Z</time>
        <extensions>
          <ns3:TrackPointExtension>
            <ns3:hr>111</ns3:hr>
          </ns3:TrackPointExtension>
        </extensions>
      </trkpt>
      <trkpt lat="47.77105920016765594482421875" lon="18.92003727145493030548095703125">
        <ele>234</ele>
        <time>2023-10-08T12:40:26.000Z</time>
        <extensions>
          <ns3:TrackPointExtension>
            <ns3:hr>114</ns3:hr>
          </ns3:TrackPointExtension>
        </extensions>
      </trkpt>
      <trkpt lat="47.77105811052024364471435546875" lon="18.92003861255943775177001953125">
        <ele>234</ele>
        <time>2023-10-08T12:40:41.000Z</time>
        <extensions>
          <ns3:TrackPointExtension>
            <ns3:hr>111</ns3:hr>
          </ns3:TrackPointExtension>
        </extensions>
      </trkpt>
      <trkpt lat="47.771057188510894775390625" lon="18.92003928311169147491455078125">
        <ele>234</ele>
        <time>2023-10-08T12:40:55.000Z</time>
        <extensions>
          <ns3:TrackPointExtension>
            <ns3:hr>114</ns3:hr>
          </ns3:TrackPointExtension>
        </extensions>
      </trkpt>
      <trkpt lat="47.7710556797683238983154296875" lon="18.92004179768264293670654296875">
        <ele>234</ele>
        <time>2023-10-08T12:41:29.000Z</time>
        <extensions>
          <ns3:TrackPointExtension>
            <ns3:hr>117</ns3:hr>
          </ns3:TrackPointExtension>
        </extensions>
      </trkpt>
      <trkpt lat="47.77105542831122875213623046875" lon="18.92004213295876979827880859375">
        <ele>234</ele>
        <time>2023-10-08T12:41:34.000Z</time>
        <extensions>
          <ns3:TrackPointExtension>
            <ns3:hr>117</ns3:hr>
          </ns3:TrackPointExtension>
        </extensions>
      </trkpt>
      <trkpt lat="47.77105509303510189056396484375" lon="18.92004246823489665985107421875">
        <ele>233.8000030517578125</ele>
        <time>2023-10-08T12:41:37.000Z</time>
        <extensions>
          <ns3:TrackPointExtension>
            <ns3:hr>117</ns3:hr>
          </ns3:TrackPointExtension>
        </extensions>
      </trkpt>
      <trkpt lat="47.7710161171853542327880859375" lon="18.9200521074235439300537109375">
        <ele>231.600006103515625</ele>
        <time>2023-10-08T12:42:13.000Z</time>
        <extensions>
          <ns3:TrackPointExtension>
            <ns3:hr>116</ns3:hr>
          </ns3:TrackPointExtension>
        </extensions>
      </trkpt>
      <trkpt lat="47.77098284102976322174072265625" lon="18.920061327517032623291015625">
        <ele>229.600006103515625</ele>
        <time>2023-10-08T12:42:20.000Z</time>
        <extensions>
          <ns3:TrackPointExtension>
            <ns3:hr>116</ns3:hr>
          </ns3:TrackPointExtension>
        </extensions>
      </trkpt>
      <trkpt lat="47.77097948826849460601806640625" lon="18.9200665242969989776611328125">
        <ele>229.600006103515625</ele>
        <time>2023-10-08T12:42:26.000Z</time>
        <extensions>
          <ns3:TrackPointExtension>
            <ns3:hr>113</ns3:hr>
          </ns3:TrackPointExtension>
        </extensions>
      </trkpt>
      <trkpt lat="47.77096758596599102020263671875" lon="18.92007012851536273956298828125">
        <ele>228.8000030517578125</ele>
        <time>2023-10-08T12:42:39.000Z</time>
        <extensions>
          <ns3:TrackPointExtension>
            <ns3:hr>116</ns3:hr>
          </ns3:TrackPointExtension>
        </extensions>
      </trkpt>
      <trkpt lat="47.77096758596599102020263671875" lon="18.92007012851536273956298828125">
        <ele>228.8000030517578125</ele>
        <time>2023-10-08T12:42:42.000Z</time>
        <extensions>
          <ns3:TrackPointExtension>
            <ns3:hr>119</ns3:hr>
          </ns3:TrackPointExtension>
        </extensions>
      </trkpt>
      <trkpt lat="47.7709906361997127532958984375" lon="18.92010315321385860443115234375">
        <ele>231</ele>
        <time>2023-10-08T12:43:25.000Z</time>
        <extensions>
          <ns3:TrackPointExtension>
            <ns3:hr>116</ns3:hr>
          </ns3:TrackPointExtension>
        </extensions>
      </trkpt>
      <trkpt lat="47.77099491097033023834228515625" lon="18.9201178215444087982177734375">
        <ele>231.600006103515625</ele>
        <time>2023-10-08T12:43:42.000Z</time>
        <extensions>
          <ns3:TrackPointExtension>
            <ns3:hr>113</ns3:hr>
          </ns3:TrackPointExtension>
        </extensions>
      </trkpt>
      <trkpt lat="47.77100631035864353179931640625" lon="18.92012477852404117584228515625">
        <ele>232.399993896484375</ele>
        <time>2023-10-08T12:44:00.000Z</time>
        <extensions>
          <ns3:TrackPointExtension>
            <ns3:hr>109</ns3:hr>
          </ns3:TrackPointExtension>
        </extensions>
      </trkpt>
      <trkpt lat="47.77100689709186553955078125" lon="18.9201262034475803375244140625">
        <ele>232.600006103515625</ele>
        <time>2023-10-08T12:44:03.000Z</time>
        <extensions>
          <ns3:TrackPointExtension>
            <ns3:hr>112</ns3:hr>
          </ns3:TrackPointExtension>
        </extensions>
      </trkpt>
      <trkpt lat="47.7710027061402797698974609375" lon="18.92013282515108585357666015625">
        <ele>232.399993896484375</ele>
        <time>2023-10-08T12:44:40.000Z</time>
        <extensions>
          <ns3:TrackPointExtension>
            <ns3:hr>109</ns3:hr>
          </ns3:TrackPointExtension>
        </extensions>
      </trkpt>
      <trkpt lat="47.770982086658477783203125" lon="18.9201590605080127716064453125">
        <ele>231.399993896484375</ele>
        <time>2023-10-08T12:45:27.000Z</time>
        <extensions>
          <ns3:TrackPointExtension>
            <ns3:hr>109</ns3:hr>
          </ns3:TrackPointExtension>
        </extensions>
      </trkpt>
      <trkpt lat="47.77090488933026790618896484375" lon="18.9202455617487430572509765625">
        <ele>228</ele>
        <time>2023-10-08T12:45:36.000Z</time>
        <extensions>
          <ns3:TrackPointExtension>
            <ns3:hr>108</ns3:hr>
          </ns3:TrackPointExtension>
        </extensions>
      </trkpt>
      <trkpt lat="47.77089835144579410552978515625" lon="18.92026710323989391326904296875">
        <ele>228</ele>
        <time>2023-10-08T12:45:44.000Z</time>
        <extensions>
          <ns3:TrackPointExtension>
            <ns3:hr>108</ns3:hr>
          </ns3:TrackPointExtension>
        </extensions>
      </trkpt>
      <trkpt lat="47.770883180201053619384765625" lon="18.92033801414072513580322265625">
        <ele>228.1999969482421875</ele>
        <time>2023-10-08T12:45:52.000Z</time>
        <extensions>
          <ns3:TrackPointExtension>
            <ns3:hr>106</ns3:hr>
          </ns3:TrackPointExtension>
        </extensions>
      </trkpt>
      <trkpt lat="47.77089533396065235137939453125" lon="18.920437507331371307373046875">
        <ele>230.1999969482421875</ele>
        <time>2023-10-08T12:46:02.000Z</time>
        <extensions>
          <ns3:TrackPointExtension>
            <ns3:hr>107</ns3:hr>
          </ns3:TrackPointExtension>
        </extensions>
      </trkpt>
      <trkpt lat="47.77089424431324005126953125" lon="18.92045854590833187103271484375">
        <ele>230.1999969482421875</ele>
        <time>2023-10-08T12:46:03.000Z</time>
        <extensions>
          <ns3:TrackPointExtension>
            <ns3:hr>107</ns3:hr>
          </ns3:TrackPointExtension>
        </extensions>
      </trkpt>
      <trkpt lat="47.77089281938970088958740234375" lon="18.9204735495150089263916015625">
        <ele>230</ele>
        <time>2023-10-08T12:46:08.000Z</time>
        <extensions>
          <ns3:TrackPointExtension>
            <ns3:hr>107</ns3:hr>
          </ns3:TrackPointExtension>
        </extensions>
      </trkpt>
      <trkpt lat="47.77090363204479217529296875" lon="18.920531384646892547607421875">
        <ele>231.1999969482421875</ele>
        <time>2023-10-08T12:46:19.000Z</time>
        <extensions>
          <ns3:TrackPointExtension>
            <ns3:hr>107</ns3:hr>
          </ns3:TrackPointExtension>
        </extensions>
      </trkpt>
      <trkpt lat="47.7709329687058925628662109375" lon="18.920581005513668060302734375">
        <ele>232.8000030517578125</ele>
        <time>2023-10-08T12:46:25.000Z</time>
        <extensions>
          <ns3:TrackPointExtension>
            <ns3:hr>107</ns3:hr>
          </ns3:TrackPointExtension>
        </extensions>
      </trkpt>
      <trkpt lat="47.7709785662591457366943359375" lon="18.92062936909496784210205078125">
        <ele>235.1999969482421875</ele>
        <time>2023-10-08T12:46:32.000Z</time>
        <extensions>
          <ns3:TrackPointExtension>
            <ns3:hr>109</ns3:hr>
          </ns3:TrackPointExtension>
        </extensions>
      </trkpt>
      <trkpt lat="47.77101117186248302459716796875" lon="18.92067949287593364715576171875">
        <ele>236.600006103515625</ele>
        <time>2023-10-08T12:46:39.000Z</time>
        <extensions>
          <ns3:TrackPointExtension>
            <ns3:hr>111</ns3:hr>
          </ns3:TrackPointExtension>
        </extensions>
      </trkpt>
      <trkpt lat="47.771026007831096649169921875" lon="18.92068821005523204803466796875">
        <ele>237.1999969482421875</ele>
        <time>2023-10-08T12:46:45.000Z</time>
        <extensions>
          <ns3:TrackPointExtension>
            <ns3:hr>111</ns3:hr>
          </ns3:TrackPointExtension>
        </extensions>
      </trkpt>
      <trkpt lat="47.77104872278869152069091796875" lon="18.9207105897367000579833984375">
        <ele>238</ele>
        <time>2023-10-08T12:46:51.000Z</time>
        <extensions>
          <ns3:TrackPointExtension>
            <ns3:hr>112</ns3:hr>
          </ns3:TrackPointExtension>
        </extensions>
      </trkpt>
      <trkpt lat="47.77106867171823978424072265625" lon="18.92074487172067165374755859375">
        <ele>238.399993896484375</ele>
        <time>2023-10-08T12:46:58.000Z</time>
        <extensions>
          <ns3:TrackPointExtension>
            <ns3:hr>111</ns3:hr>
          </ns3:TrackPointExtension>
        </extensions>
      </trkpt>
      <trkpt lat="47.771066911518573760986328125" lon="18.92079801298677921295166015625">
        <ele>237.600006103515625</ele>
        <time>2023-10-08T12:47:03.000Z</time>
        <extensions>
          <ns3:TrackPointExtension>
            <ns3:hr>109</ns3:hr>
          </ns3:TrackPointExtension>
        </extensions>
      </trkpt>
      <trkpt lat="47.77106967754662036895751953125" lon="18.92080857418477535247802734375">
        <ele>237.600006103515625</ele>
        <time>2023-10-08T12:47:08.000Z</time>
        <extensions>
          <ns3:TrackPointExtension>
            <ns3:hr>108</ns3:hr>
          </ns3:TrackPointExtension>
        </extensions>
      </trkpt>
      <trkpt lat="47.77107621543109416961669921875" lon="18.92081796191632747650146484375">
        <ele>237.8000030517578125</ele>
        <time>2023-10-08T12:47:14.000Z</time>
        <extensions>
          <ns3:TrackPointExtension>
            <ns3:hr>108</ns3:hr>
          </ns3:TrackPointExtension>
        </extensions>
      </trkpt>
      <trkpt lat="47.77107839472591876983642578125" lon="18.9208215661346912384033203125">
        <ele>237.8000030517578125</ele>
        <time>2023-10-08T12:47:25.000Z</time>
        <extensions>
          <ns3:TrackPointExtension>
            <ns3:hr>111</ns3:hr>
          </ns3:TrackPointExtension>
        </extensions>
      </trkpt>
      <trkpt lat="47.7710788138210773468017578125" lon="18.92083120532333850860595703125">
        <ele>237.600006103515625</ele>
        <time>2023-10-08T12:47:35.000Z</time>
        <extensions>
          <ns3:TrackPointExtension>
            <ns3:hr>112</ns3:hr>
          </ns3:TrackPointExtension>
        </extensions>
      </trkpt>
      <trkpt lat="47.7710799872875213623046875" lon="18.92083413898944854736328125">
        <ele>237.600006103515625</ele>
        <time>2023-10-08T12:47:39.000Z</time>
        <extensions>
          <ns3:TrackPointExtension>
            <ns3:hr>109</ns3:hr>
          </ns3:TrackPointExtension>
        </extensions>
      </trkpt>
      <trkpt lat="47.77108442969620227813720703125" lon="18.9208710193634033203125">
        <ele>237.1999969482421875</ele>
        <time>2023-10-08T12:47:48.000Z</time>
        <extensions>
          <ns3:TrackPointExtension>
            <ns3:hr>106</ns3:hr>
          </ns3:TrackPointExtension>
        </extensions>
      </trkpt>
      <trkpt lat="47.77113170363008975982666015625" lon="18.9209452830255031585693359375">
        <ele>238.1999969482421875</ele>
        <time>2023-10-08T12:48:16.000Z</time>
        <extensions>
          <ns3:TrackPointExtension>
            <ns3:hr>106</ns3:hr>
          </ns3:TrackPointExtension>
        </extensions>
      </trkpt>
      <trkpt lat="47.7711656503379344940185546875" lon="18.921000771224498748779296875">
        <ele>237.8000030517578125</ele>
        <time>2023-10-08T12:48:23.000Z</time>
        <extensions>
          <ns3:TrackPointExtension>
            <ns3:hr>108</ns3:hr>
          </ns3:TrackPointExtension>
        </extensions>
      </trkpt>
      <trkpt lat="47.771194316446781158447265625" lon="18.9210280962288379669189453125">
        <ele>238.399993896484375</ele>
        <time>2023-10-08T12:48:28.000Z</time>
        <extensions>
          <ns3:TrackPointExtension>
            <ns3:hr>113</ns3:hr>
          </ns3:TrackPointExtension>
        </extensions>
      </trkpt>
      <trkpt lat="47.77120714075863361358642578125" lon="18.92102885060012340545654296875">
        <ele>239</ele>
        <time>2023-10-08T12:48:30.000Z</time>
        <extensions>
          <ns3:TrackPointExtension>
            <ns3:hr>118</ns3:hr>
          </ns3:TrackPointExtension>
        </extensions>
      </trkpt>
      <trkpt lat="47.77121418155729770660400390625" lon="18.92103002406656742095947265625">
        <ele>239.1999969482421875</ele>
        <time>2023-10-08T12:48:32.000Z</time>
        <extensions>
          <ns3:TrackPointExtension>
            <ns3:hr>123</ns3:hr>
          </ns3:TrackPointExtension>
        </extensions>
      </trkpt>
      <trkpt lat="47.7712407521903514862060546875" lon="18.9210555888712406158447265625">
        <ele>239.600006103515625</ele>
        <time>2023-10-08T12:48:35.000Z</time>
        <extensions>
          <ns3:TrackPointExtension>
            <ns3:hr>120</ns3:hr>
          </ns3:TrackPointExtension>
        </extensions>
      </trkpt>
      <trkpt lat="47.77124385349452495574951171875" lon="18.9210576005280017852783203125">
        <ele>239.600006103515625</ele>
        <time>2023-10-08T12:48:36.000Z</time>
        <extensions>
          <ns3:TrackPointExtension>
            <ns3:hr>120</ns3:hr>
          </ns3:TrackPointExtension>
        </extensions>
      </trkpt>
      <trkpt lat="47.7712816558778285980224609375" lon="18.92106480896472930908203125">
        <ele>241.1999969482421875</ele>
        <time>2023-10-08T12:48:43.000Z</time>
        <extensions>
          <ns3:TrackPointExtension>
            <ns3:hr>117</ns3:hr>
          </ns3:TrackPointExtension>
        </extensions>
      </trkpt>
      <trkpt lat="47.7712803147733211517333984375" lon="18.921083249151706695556640625">
        <ele>240.399993896484375</ele>
        <time>2023-10-08T12:48:50.000Z</time>
        <extensions>
          <ns3:TrackPointExtension>
            <ns3:hr>115</ns3:hr>
          </ns3:TrackPointExtension>
        </extensions>
      </trkpt>
      <trkpt lat="47.771284170448780059814453125" lon="18.92109573818743228912353515625">
        <ele>240.1999969482421875</ele>
        <time>2023-10-08T12:49:01.000Z</time>
        <extensions>
          <ns3:TrackPointExtension>
            <ns3:hr>113</ns3:hr>
          </ns3:TrackPointExtension>
        </extensions>
      </trkpt>
      <trkpt lat="47.77130889706313610076904296875" lon="18.92118190415203571319580078125">
        <ele>238</ele>
        <time>2023-10-08T12:49:10.000Z</time>
        <extensions>
          <ns3:TrackPointExtension>
            <ns3:hr>111</ns3:hr>
          </ns3:TrackPointExtension>
        </extensions>
      </trkpt>
      <trkpt lat="47.7713051252067089080810546875" lon="18.92120361328125">
        <ele>237</ele>
        <time>2023-10-08T12:49:15.000Z</time>
        <extensions>
          <ns3:TrackPointExtension>
            <ns3:hr>113</ns3:hr>
          </ns3:TrackPointExtension>
        </extensions>
      </trkpt>
      <trkpt lat="47.77130571193993091583251953125" lon="18.92121098935604095458984375">
        <ele>236.600006103515625</ele>
        <time>2023-10-08T12:49:21.000Z</time>
        <extensions>
          <ns3:TrackPointExtension>
            <ns3:hr>113</ns3:hr>
          </ns3:TrackPointExtension>
        </extensions>
      </trkpt>
      <trkpt lat="47.77131878770887851715087890625" lon="18.92123043537139892578125">
        <ele>236.600006103515625</ele>
        <time>2023-10-08T12:49:27.000Z</time>
        <extensions>
          <ns3:TrackPointExtension>
            <ns3:hr>113</ns3:hr>
          </ns3:TrackPointExtension>
        </extensions>
      </trkpt>
      <trkpt lat="47.7713503874838352203369140625" lon="18.92126471735537052154541015625">
        <ele>237.1999969482421875</ele>
        <time>2023-10-08T12:49:33.000Z</time>
        <extensions>
          <ns3:TrackPointExtension>
            <ns3:hr>113</ns3:hr>
          </ns3:TrackPointExtension>
        </extensions>
      </trkpt>
      <trkpt lat="47.7714010141789913177490234375" lon="18.9212825708091259002685546875">
        <ele>239.1999969482421875</ele>
        <time>2023-10-08T12:49:42.000Z</time>
        <extensions>
          <ns3:TrackPointExtension>
            <ns3:hr>112</ns3:hr>
          </ns3:TrackPointExtension>
        </extensions>
      </trkpt>
      <trkpt lat="47.77141434140503406524658203125" lon="18.9212932996451854705810546875">
        <ele>239.600006103515625</ele>
        <time>2023-10-08T12:49:50.000Z</time>
        <extensions>
          <ns3:TrackPointExtension>
            <ns3:hr>114</ns3:hr>
          </ns3:TrackPointExtension>
        </extensions>
      </trkpt>
      <trkpt lat="47.771412916481494903564453125" lon="18.92128516919910907745361328125">
        <ele>239.8000030517578125</ele>
        <time>2023-10-08T12:49:58.000Z</time>
        <extensions>
          <ns3:TrackPointExtension>
            <ns3:hr>115</ns3:hr>
          </ns3:TrackPointExtension>
        </extensions>
      </trkpt>
      <trkpt lat="47.77142129838466644287109375" lon="18.92133277840912342071533203125">
        <ele>238.8000030517578125</ele>
        <time>2023-10-08T12:50:08.000Z</time>
        <extensions>
          <ns3:TrackPointExtension>
            <ns3:hr>113</ns3:hr>
          </ns3:TrackPointExtension>
        </extensions>
      </trkpt>
      <trkpt lat="47.77140897698700428009033203125" lon="18.9213444292545318603515625">
        <ele>237.8000030517578125</ele>
        <time>2023-10-08T12:50:15.000Z</time>
        <extensions>
          <ns3:TrackPointExtension>
            <ns3:hr>114</ns3:hr>
          </ns3:TrackPointExtension>
        </extensions>
      </trkpt>
      <trkpt lat="47.771433703601360321044921875" lon="18.921348787844181060791015625">
        <ele>239</ele>
        <time>2023-10-08T12:50:21.000Z</time>
        <extensions>
          <ns3:TrackPointExtension>
            <ns3:hr>117</ns3:hr>
          </ns3:TrackPointExtension>
        </extensions>
      </trkpt>
      <trkpt lat="47.77141517959535121917724609375" lon="18.92138156108558177947998046875">
        <ele>237.1999969482421875</ele>
        <time>2023-10-08T12:50:25.000Z</time>
        <extensions>
          <ns3:TrackPointExtension>
            <ns3:hr>118</ns3:hr>
          </ns3:TrackPointExtension>
        </extensions>
      </trkpt>
      <trkpt lat="47.77142465114593505859375" lon="18.9213734306395053863525390625">
        <ele>237.8000030517578125</ele>
        <time>2023-10-08T12:50:31.000Z</time>
        <extensions>
          <ns3:TrackPointExtension>
            <ns3:hr>119</ns3:hr>
          </ns3:TrackPointExtension>
        </extensions>
      </trkpt>
      <trkpt lat="47.77142792008817195892333984375" lon="18.92137183807790279388427734375">
        <ele>238</ele>
        <time>2023-10-08T12:50:37.000Z</time>
        <extensions>
          <ns3:TrackPointExtension>
            <ns3:hr>118</ns3:hr>
          </ns3:TrackPointExtension>
        </extensions>
      </trkpt>
      <trkpt lat="47.771424986422061920166015625" lon="18.92143495380878448486328125">
        <ele>236</ele>
        <time>2023-10-08T12:50:43.000Z</time>
        <extensions>
          <ns3:TrackPointExtension>
            <ns3:hr>116</ns3:hr>
          </ns3:TrackPointExtension>
        </extensions>
      </trkpt>
      <trkpt lat="47.7714325301349163055419921875" lon="18.9214324392378330230712890625">
        <ele>236.600006103515625</ele>
        <time>2023-10-08T12:50:49.000Z</time>
        <extensions>
          <ns3:TrackPointExtension>
            <ns3:hr>116</ns3:hr>
          </ns3:TrackPointExtension>
        </extensions>
      </trkpt>
      <trkpt lat="47.7714365534484386444091796875" lon="18.92148382030427455902099609375">
        <ele>235.1999969482421875</ele>
        <time>2023-10-08T12:50:56.000Z</time>
        <extensions>
          <ns3:TrackPointExtension>
            <ns3:hr>113</ns3:hr>
          </ns3:TrackPointExtension>
        </extensions>
      </trkpt>
      <trkpt lat="47.7714365534484386444091796875" lon="18.92148382030427455902099609375">
        <ele>235.1999969482421875</ele>
        <time>2023-10-08T12:50:57.000Z</time>
        <extensions>
          <ns3:TrackPointExtension>
            <ns3:hr>113</ns3:hr>
          </ns3:TrackPointExtension>
        </extensions>
      </trkpt>
      <trkpt lat="47.7714394032955169677734375" lon="18.92148683778941631317138671875">
        <ele>235.1999969482421875</ele>
        <time>2023-10-08T12:51:12.000Z</time>
        <extensions>
          <ns3:TrackPointExtension>
            <ns3:hr>116</ns3:hr>
          </ns3:TrackPointExtension>
        </extensions>
      </trkpt>
      <trkpt lat="47.7715324424207210540771484375" lon="18.9216543920338153839111328125">
        <ele>233.8000030517578125</ele>
        <time>2023-10-08T12:51:49.000Z</time>
        <extensions>
          <ns3:TrackPointExtension>
            <ns3:hr>114</ns3:hr>
          </ns3:TrackPointExtension>
        </extensions>
      </trkpt>
      <trkpt lat="47.77151693589985370635986328125" lon="18.9216721616685390472412109375">
        <ele>232.1999969482421875</ele>
        <time>2023-10-08T12:51:56.000Z</time>
        <extensions>
          <ns3:TrackPointExtension>
            <ns3:hr>114</ns3:hr>
          </ns3:TrackPointExtension>
        </extensions>
      </trkpt>
      <trkpt lat="47.77152917347848415374755859375" lon="18.92173846252262592315673828125">
        <ele>230.1999969482421875</ele>
        <time>2023-10-08T12:52:01.000Z</time>
        <extensions>
          <ns3:TrackPointExtension>
            <ns3:hr>114</ns3:hr>
          </ns3:TrackPointExtension>
        </extensions>
      </trkpt>
      <trkpt lat="47.771563120186328887939453125" lon="18.9218089543282985687255859375">
        <ele>229.600006103515625</ele>
        <time>2023-10-08T12:52:09.000Z</time>
        <extensions>
          <ns3:TrackPointExtension>
            <ns3:hr>115</ns3:hr>
          </ns3:TrackPointExtension>
        </extensions>
      </trkpt>
      <trkpt lat="47.77162204496562480926513671875" lon="18.92192034982144832611083984375">
        <ele>229.600006103515625</ele>
        <time>2023-10-08T12:52:16.000Z</time>
        <extensions>
          <ns3:TrackPointExtension>
            <ns3:hr>117</ns3:hr>
          </ns3:TrackPointExtension>
        </extensions>
      </trkpt>
      <trkpt lat="47.77160611934959888458251953125" lon="18.92200651578605175018310546875">
        <ele>226.1999969482421875</ele>
        <time>2023-10-08T12:52:24.000Z</time>
        <extensions>
          <ns3:TrackPointExtension>
            <ns3:hr>115</ns3:hr>
          </ns3:TrackPointExtension>
        </extensions>
      </trkpt>
      <trkpt lat="47.77161316014826297760009765625" lon="18.9220288954675197601318359375">
        <ele>226</ele>
        <time>2023-10-08T12:52:30.000Z</time>
        <extensions>
          <ns3:TrackPointExtension>
            <ns3:hr>115</ns3:hr>
          </ns3:TrackPointExtension>
        </extensions>
      </trkpt>
      <trkpt lat="47.77160896919667720794677734375" lon="18.9220312424004077911376953125">
        <ele>225.600006103515625</ele>
        <time>2023-10-08T12:52:38.000Z</time>
        <extensions>
          <ns3:TrackPointExtension>
            <ns3:hr>116</ns3:hr>
          </ns3:TrackPointExtension>
        </extensions>
      </trkpt>
      <trkpt lat="47.77160980738699436187744140625" lon="18.922032080590724945068359375">
        <ele>225.8000030517578125</ele>
        <time>2023-10-08T12:52:54.000Z</time>
        <extensions>
          <ns3:TrackPointExtension>
            <ns3:hr>117</ns3:hr>
          </ns3:TrackPointExtension>
        </extensions>
      </trkpt>
      <trkpt lat="47.771610729396343231201171875" lon="18.9220319129526615142822265625">
        <ele>225.8000030517578125</ele>
        <time>2023-10-08T12:53:07.000Z</time>
        <extensions>
          <ns3:TrackPointExtension>
            <ns3:hr>114</ns3:hr>
          </ns3:TrackPointExtension>
        </extensions>
      </trkpt>
      <trkpt lat="47.77160829864442348480224609375" lon="18.92202864401042461395263671875">
        <ele>225.8000030517578125</ele>
        <time>2023-10-08T12:53:27.000Z</time>
        <extensions>
          <ns3:TrackPointExtension>
            <ns3:hr>111</ns3:hr>
          </ns3:TrackPointExtension>
        </extensions>
      </trkpt>
      <trkpt lat="47.771618105471134185791015625" lon="18.92214833758771419525146484375">
        <ele>223.8000030517578125</ele>
        <time>2023-10-08T12:54:17.000Z</time>
        <extensions>
          <ns3:TrackPointExtension>
            <ns3:hr>110</ns3:hr>
          </ns3:TrackPointExtension>
        </extensions>
      </trkpt>
      <trkpt lat="47.7716672234237194061279296875" lon="18.92224229872226715087890625">
        <ele>224.8000030517578125</ele>
        <time>2023-10-08T12:54:23.000Z</time>
        <extensions>
          <ns3:TrackPointExtension>
            <ns3:hr>109</ns3:hr>
          </ns3:TrackPointExtension>
        </extensions>
      </trkpt>
      <trkpt lat="47.77172078378498554229736328125" lon="18.92227574251592159271240234375">
        <ele>227</ele>
        <time>2023-10-08T12:54:29.000Z</time>
        <extensions>
          <ns3:TrackPointExtension>
            <ns3:hr>109</ns3:hr>
          </ns3:TrackPointExtension>
        </extensions>
      </trkpt>
      <trkpt lat="47.7717612683773040771484375" lon="18.922334499657154083251953125">
        <ele>227.8000030517578125</ele>
        <time>2023-10-08T12:54:36.000Z</time>
        <extensions>
          <ns3:TrackPointExtension>
            <ns3:hr>109</ns3:hr>
          </ns3:TrackPointExtension>
        </extensions>
      </trkpt>
      <trkpt lat="47.7717792056500911712646484375" lon="18.9223976992070674896240234375">
        <ele>227.600006103515625</ele>
        <time>2023-10-08T12:54:42.000Z</time>
        <extensions>
          <ns3:TrackPointExtension>
            <ns3:hr>109</ns3:hr>
          </ns3:TrackPointExtension>
        </extensions>
      </trkpt>
      <trkpt lat="47.77177442796528339385986328125" lon="18.92250037752091884613037109375">
        <ele>226.399993896484375</ele>
        <time>2023-10-08T12:54:49.000Z</time>
        <extensions>
          <ns3:TrackPointExtension>
            <ns3:hr>108</ns3:hr>
          </ns3:TrackPointExtension>
        </extensions>
      </trkpt>
      <trkpt lat="47.77180376462638378143310546875" lon="18.9225586317479610443115234375">
        <ele>226.600006103515625</ele>
        <time>2023-10-08T12:54:56.000Z</time>
        <extensions>
          <ns3:TrackPointExtension>
            <ns3:hr>106</ns3:hr>
          </ns3:TrackPointExtension>
        </extensions>
      </trkpt>
      <trkpt lat="47.771820612251758575439453125" lon="18.92267639748752117156982421875">
        <ele>226.1999969482421875</ele>
        <time>2023-10-08T12:55:04.000Z</time>
        <extensions>
          <ns3:TrackPointExtension>
            <ns3:hr>106</ns3:hr>
          </ns3:TrackPointExtension>
        </extensions>
      </trkpt>
      <trkpt lat="47.77181826531887054443359375" lon="18.92276340164244174957275390625">
        <ele>225.600006103515625</ele>
        <time>2023-10-08T12:55:11.000Z</time>
        <extensions>
          <ns3:TrackPointExtension>
            <ns3:hr>106</ns3:hr>
          </ns3:TrackPointExtension>
        </extensions>
      </trkpt>
      <trkpt lat="47.77187920175492763519287109375" lon="18.92283464781939983367919921875">
        <ele>227.1999969482421875</ele>
        <time>2023-10-08T12:55:18.000Z</time>
        <extensions>
          <ns3:TrackPointExtension>
            <ns3:hr>107</ns3:hr>
          </ns3:TrackPointExtension>
        </extensions>
      </trkpt>
      <trkpt lat="47.7719401381909847259521484375" lon="18.92289809882640838623046875">
        <ele>228.8000030517578125</ele>
        <time>2023-10-08T12:55:24.000Z</time>
        <extensions>
          <ns3:TrackPointExtension>
            <ns3:hr>109</ns3:hr>
          </ns3:TrackPointExtension>
        </extensions>
      </trkpt>
      <trkpt lat="47.77193938381969928741455078125" lon="18.9229354821145534515380859375">
        <ele>228.600006103515625</ele>
        <time>2023-10-08T12:55:30.000Z</time>
        <extensions>
          <ns3:TrackPointExtension>
            <ns3:hr>109</ns3:hr>
          </ns3:TrackPointExtension>
        </extensions>
      </trkpt>
      <trkpt lat="47.7719342708587646484375" lon="18.92297429032623767852783203125">
        <ele>228.600006103515625</ele>
        <time>2023-10-08T12:55:35.000Z</time>
        <extensions>
          <ns3:TrackPointExtension>
            <ns3:hr>110</ns3:hr>
          </ns3:TrackPointExtension>
        </extensions>
      </trkpt>
      <trkpt lat="47.77190417982637882232666015625" lon="18.92296381294727325439453125">
        <ele>227.600006103515625</ele>
        <time>2023-10-08T12:55:40.000Z</time>
        <extensions>
          <ns3:TrackPointExtension>
            <ns3:hr>109</ns3:hr>
          </ns3:TrackPointExtension>
        </extensions>
      </trkpt>
      <trkpt lat="47.77188892476260662078857421875" lon="18.92297294922173023223876953125">
        <ele>227.1999969482421875</ele>
        <time>2023-10-08T12:55:48.000Z</time>
        <extensions>
          <ns3:TrackPointExtension>
            <ns3:hr>108</ns3:hr>
          </ns3:TrackPointExtension>
        </extensions>
      </trkpt>
      <trkpt lat="47.77189864777028560638427734375" lon="18.92295082099735736846923828125">
        <ele>227.600006103515625</ele>
        <time>2023-10-08T12:55:58.000Z</time>
        <extensions>
          <ns3:TrackPointExtension>
            <ns3:hr>109</ns3:hr>
          </ns3:TrackPointExtension>
        </extensions>
      </trkpt>
      <trkpt lat="47.77190837077796459197998046875" lon="18.9229545928537845611572265625">
        <ele>227.8000030517578125</ele>
        <time>2023-10-08T12:56:06.000Z</time>
        <extensions>
          <ns3:TrackPointExtension>
            <ns3:hr>111</ns3:hr>
          </ns3:TrackPointExtension>
        </extensions>
      </trkpt>
      <trkpt lat="47.77190786786377429962158203125" lon="18.92295484431087970733642578125">
        <ele>227.8000030517578125</ele>
        <time>2023-10-08T12:56:13.000Z</time>
        <extensions>
          <ns3:TrackPointExtension>
            <ns3:hr>115</ns3:hr>
          </ns3:TrackPointExtension>
        </extensions>
      </trkpt>
      <trkpt lat="47.77190786786377429962158203125" lon="18.92295484431087970733642578125">
        <ele>227.8000030517578125</ele>
        <time>2023-10-08T12:56:14.000Z</time>
        <extensions>
          <ns3:TrackPointExtension>
            <ns3:hr>112</ns3:hr>
          </ns3:TrackPointExtension>
        </extensions>
      </trkpt>
      <trkpt lat="47.7719250507652759552001953125" lon="18.9229591190814971923828125">
        <ele>228.1999969482421875</ele>
        <time>2023-10-08T12:56:40.000Z</time>
        <extensions>
          <ns3:TrackPointExtension>
            <ns3:hr>108</ns3:hr>
          </ns3:TrackPointExtension>
        </extensions>
      </trkpt>
      <trkpt lat="47.77192379347980022430419921875" lon="18.9229591190814971923828125">
        <ele>228.1999969482421875</ele>
        <time>2023-10-08T12:56:49.000Z</time>
        <extensions>
          <ns3:TrackPointExtension>
            <ns3:hr>111</ns3:hr>
          </ns3:TrackPointExtension>
        </extensions>
      </trkpt>
      <trkpt lat="47.77192412875592708587646484375" lon="18.9229586161673069000244140625">
        <ele>228.1999969482421875</ele>
        <time>2023-10-08T12:56:54.000Z</time>
        <extensions>
          <ns3:TrackPointExtension>
            <ns3:hr>108</ns3:hr>
          </ns3:TrackPointExtension>
        </extensions>
      </trkpt>
      <trkpt lat="47.77195313014090061187744140625" lon="18.92293891869485378265380859375">
        <ele>229</ele>
        <time>2023-10-08T12:57:16.000Z</time>
        <extensions>
          <ns3:TrackPointExtension>
            <ns3:hr>111</ns3:hr>
          </ns3:TrackPointExtension>
        </extensions>
      </trkpt>
      <trkpt lat="47.771971486508846282958984375" lon="18.922942690551280975341796875">
        <ele>229.600006103515625</ele>
        <time>2023-10-08T12:57:44.000Z</time>
        <extensions>
          <ns3:TrackPointExtension>
            <ns3:hr>114</ns3:hr>
          </ns3:TrackPointExtension>
        </extensions>
      </trkpt>
      <trkpt lat="47.77197123505175113677978515625" lon="18.92294126562774181365966796875">
        <ele>229.600006103515625</ele>
        <time>2023-10-08T12:58:04.000Z</time>
        <extensions>
          <ns3:TrackPointExtension>
            <ns3:hr>111</ns3:hr>
          </ns3:TrackPointExtension>
        </extensions>
      </trkpt>
      <trkpt lat="47.77197324670851230621337890625" lon="18.922925256192684173583984375">
        <ele>229.600006103515625</ele>
        <time>2023-10-08T12:58:41.000Z</time>
        <extensions>
          <ns3:TrackPointExtension>
            <ns3:hr>111</ns3:hr>
          </ns3:TrackPointExtension>
        </extensions>
      </trkpt>
      <trkpt lat="47.771963775157928466796875" lon="18.922935985028743743896484375">
        <ele>229.399993896484375</ele>
        <time>2023-10-08T12:58:47.000Z</time>
        <extensions>
          <ns3:TrackPointExtension>
            <ns3:hr>112</ns3:hr>
          </ns3:TrackPointExtension>
        </extensions>
      </trkpt>
      <trkpt lat="47.771992944180965423583984375" lon="18.922917209565639495849609375">
        <ele>230.1999969482421875</ele>
        <time>2023-10-08T12:58:57.000Z</time>
        <extensions>
          <ns3:TrackPointExtension>
            <ns3:hr>112</ns3:hr>
          </ns3:TrackPointExtension>
        </extensions>
      </trkpt>
      <trkpt lat="47.77201599441468715667724609375" lon="18.92291913740336894989013671875">
        <ele>230.8000030517578125</ele>
        <time>2023-10-08T12:59:03.000Z</time>
        <extensions>
          <ns3:TrackPointExtension>
            <ns3:hr>113</ns3:hr>
          </ns3:TrackPointExtension>
        </extensions>
      </trkpt>
      <trkpt lat="47.77202756144106388092041015625" lon="18.9229307882487773895263671875">
        <ele>231.1999969482421875</ele>
        <time>2023-10-08T12:59:15.000Z</time>
        <extensions>
          <ns3:TrackPointExtension>
            <ns3:hr>114</ns3:hr>
          </ns3:TrackPointExtension>
        </extensions>
      </trkpt>
      <trkpt lat="47.7720252983272075653076171875" lon="18.9229307882487773895263671875">
        <ele>231</ele>
        <time>2023-10-08T12:59:19.000Z</time>
        <extensions>
          <ns3:TrackPointExtension>
            <ns3:hr>111</ns3:hr>
          </ns3:TrackPointExtension>
        </extensions>
      </trkpt>
      <trkpt lat="47.77203057892620563507080078125" lon="18.92294713295996189117431640625">
        <ele>231.1999969482421875</ele>
        <time>2023-10-08T12:59:58.000Z</time>
        <extensions>
          <ns3:TrackPointExtension>
            <ns3:hr>108</ns3:hr>
          </ns3:TrackPointExtension>
        </extensions>
      </trkpt>
      <trkpt lat="47.7720537967979907989501953125" lon="18.92297227866947650909423828125">
        <ele>231.600006103515625</ele>
        <time>2023-10-08T13:00:11.000Z</time>
        <extensions>
          <ns3:TrackPointExtension>
            <ns3:hr>107</ns3:hr>
          </ns3:TrackPointExtension>
        </extensions>
      </trkpt>
      <trkpt lat="47.77209746651351451873779296875" lon="18.92303715460002422332763671875">
        <ele>232.399993896484375</ele>
        <time>2023-10-08T13:00:17.000Z</time>
        <extensions>
          <ns3:TrackPointExtension>
            <ns3:hr>107</ns3:hr>
          </ns3:TrackPointExtension>
        </extensions>
      </trkpt>
      <trkpt lat="47.7721124701201915740966796875" lon="18.923058696091175079345703125">
        <ele>232.600006103515625</ele>
        <time>2023-10-08T13:00:19.000Z</time>
        <extensions>
          <ns3:TrackPointExtension>
            <ns3:hr>107</ns3:hr>
          </ns3:TrackPointExtension>
        </extensions>
      </trkpt>
      <trkpt lat="47.7720933593809604644775390625" lon="18.92309700138866901397705078125">
        <ele>232.399993896484375</ele>
        <time>2023-10-08T13:00:22.000Z</time>
        <extensions>
          <ns3:TrackPointExtension>
            <ns3:hr>109</ns3:hr>
          </ns3:TrackPointExtension>
        </extensions>
      </trkpt>
      <trkpt lat="47.77209226973354816436767578125" lon="18.92312617041170597076416015625">
        <ele>232.399993896484375</ele>
        <time>2023-10-08T13:00:26.000Z</time>
        <extensions>
          <ns3:TrackPointExtension>
            <ns3:hr>111</ns3:hr>
          </ns3:TrackPointExtension>
        </extensions>
      </trkpt>
      <trkpt lat="47.7720615081489086151123046875" lon="18.92315332777798175811767578125">
        <ele>231.8000030517578125</ele>
        <time>2023-10-08T13:00:33.000Z</time>
        <extensions>
          <ns3:TrackPointExtension>
            <ns3:hr>113</ns3:hr>
          </ns3:TrackPointExtension>
        </extensions>
      </trkpt>
      <trkpt lat="47.77204952202737331390380859375" lon="18.9231497235596179962158203125">
        <ele>231.600006103515625</ele>
        <time>2023-10-08T13:00:38.000Z</time>
        <extensions>
          <ns3:TrackPointExtension>
            <ns3:hr>113</ns3:hr>
          </ns3:TrackPointExtension>
        </extensions>
      </trkpt>
      <trkpt lat="47.77203686535358428955078125" lon="18.92314486205577850341796875">
        <ele>231.399993896484375</ele>
        <time>2023-10-08T13:00:43.000Z</time>
        <extensions>
          <ns3:TrackPointExtension>
            <ns3:hr>114</ns3:hr>
          </ns3:TrackPointExtension>
        </extensions>
      </trkpt>
      <trkpt lat="47.77203124947845935821533203125" lon="18.92318786121904850006103515625">
        <ele>231.399993896484375</ele>
        <time>2023-10-08T13:00:52.000Z</time>
        <extensions>
          <ns3:TrackPointExtension>
            <ns3:hr>114</ns3:hr>
          </ns3:TrackPointExtension>
        </extensions>
      </trkpt>
      <trkpt lat="47.77202823199331760406494140625" lon="18.92321300692856311798095703125">
        <ele>231.399993896484375</ele>
        <time>2023-10-08T13:00:57.000Z</time>
        <extensions>
          <ns3:TrackPointExtension>
            <ns3:hr>117</ns3:hr>
          </ns3:TrackPointExtension>
        </extensions>
      </trkpt>
      <trkpt lat="47.772019766271114349365234375" lon="18.92322960309684276580810546875">
        <ele>231.399993896484375</ele>
        <time>2023-10-08T13:01:03.000Z</time>
        <extensions>
          <ns3:TrackPointExtension>
            <ns3:hr>116</ns3:hr>
          </ns3:TrackPointExtension>
        </extensions>
      </trkpt>
      <trkpt lat="47.772010378539562225341796875" lon="18.923216275870800018310546875">
        <ele>231</ele>
        <time>2023-10-08T13:01:11.000Z</time>
        <extensions>
          <ns3:TrackPointExtension>
            <ns3:hr>116</ns3:hr>
          </ns3:TrackPointExtension>
        </extensions>
      </trkpt>
      <trkpt lat="47.77200962416827678680419921875" lon="18.92319138161838054656982421875">
        <ele>230.8000030517578125</ele>
        <time>2023-10-08T13:01:18.000Z</time>
        <extensions>
          <ns3:TrackPointExtension>
            <ns3:hr>113</ns3:hr>
          </ns3:TrackPointExtension>
        </extensions>
      </trkpt>
      <trkpt lat="47.77200962416827678680419921875" lon="18.92319138161838054656982421875">
        <ele>230.8000030517578125</ele>
        <time>2023-10-08T13:01:21.000Z</time>
        <extensions>
          <ns3:TrackPointExtension>
            <ns3:hr>115</ns3:hr>
          </ns3:TrackPointExtension>
        </extensions>
      </trkpt>
      <trkpt lat="47.77201004326343536376953125" lon="18.92319138161838054656982421875">
        <ele>230.8000030517578125</ele>
        <time>2023-10-08T13:01:32.000Z</time>
        <extensions>
          <ns3:TrackPointExtension>
            <ns3:hr>118</ns3:hr>
          </ns3:TrackPointExtension>
        </extensions>
      </trkpt>
      <trkpt lat="47.77201004326343536376953125" lon="18.92319138161838054656982421875">
        <ele>230.8000030517578125</ele>
        <time>2023-10-08T13:01:34.000Z</time>
        <extensions>
          <ns3:TrackPointExtension>
            <ns3:hr>121</ns3:hr>
          </ns3:TrackPointExtension>
        </extensions>
      </trkpt>
      <trkpt lat="47.772010378539562225341796875" lon="18.92319138161838054656982421875">
        <ele>230.8000030517578125</ele>
        <time>2023-10-08T13:01:37.000Z</time>
        <extensions>
          <ns3:TrackPointExtension>
            <ns3:hr>124</ns3:hr>
          </ns3:TrackPointExtension>
        </extensions>
      </trkpt>
      <trkpt lat="47.77201146818697452545166015625" lon="18.92319138161838054656982421875">
        <ele>231</ele>
        <time>2023-10-08T13:01:45.000Z</time>
        <extensions>
          <ns3:TrackPointExtension>
            <ns3:hr>127</ns3:hr>
          </ns3:TrackPointExtension>
        </extensions>
      </trkpt>
      <trkpt lat="47.77201951481401920318603515625" lon="18.92320328392088413238525390625">
        <ele>231.1999969482421875</ele>
        <time>2023-10-08T13:02:07.000Z</time>
        <extensions>
          <ns3:TrackPointExtension>
            <ns3:hr>130</ns3:hr>
          </ns3:TrackPointExtension>
        </extensions>
      </trkpt>
      <trkpt lat="47.772017754614353179931640625" lon="18.92320797778666019439697265625">
        <ele>231.1999969482421875</ele>
        <time>2023-10-08T13:02:15.000Z</time>
        <extensions>
          <ns3:TrackPointExtension>
            <ns3:hr>127</ns3:hr>
          </ns3:TrackPointExtension>
        </extensions>
      </trkpt>
      <trkpt lat="47.7720375359058380126953125" lon="18.92332850955426692962646484375">
        <ele>232.399993896484375</ele>
        <time>2023-10-08T13:02:22.000Z</time>
        <extensions>
          <ns3:TrackPointExtension>
            <ns3:hr>124</ns3:hr>
          </ns3:TrackPointExtension>
        </extensions>
      </trkpt>
      <trkpt lat="47.7720444090664386749267578125" lon="18.92344987951219081878662109375">
        <ele>233.600006103515625</ele>
        <time>2023-10-08T13:02:30.000Z</time>
        <extensions>
          <ns3:TrackPointExtension>
            <ns3:hr>121</ns3:hr>
          </ns3:TrackPointExtension>
        </extensions>
      </trkpt>
      <trkpt lat="47.77205538935959339141845703125" lon="18.92346865497529506683349609375">
        <ele>234</ele>
        <time>2023-10-08T13:02:38.000Z</time>
        <extensions>
          <ns3:TrackPointExtension>
            <ns3:hr>121</ns3:hr>
          </ns3:TrackPointExtension>
        </extensions>
      </trkpt>
      <trkpt lat="47.77206159196794033050537109375" lon="18.92350352369248867034912109375">
        <ele>234.600006103515625</ele>
        <time>2023-10-08T13:02:47.000Z</time>
        <extensions>
          <ns3:TrackPointExtension>
            <ns3:hr>121</ns3:hr>
          </ns3:TrackPointExtension>
        </extensions>
      </trkpt>
      <trkpt lat="47.77206159196794033050537109375" lon="18.92350352369248867034912109375">
        <ele>234.600006103515625</ele>
        <time>2023-10-08T13:02:55.000Z</time>
        <extensions>
          <ns3:TrackPointExtension>
            <ns3:hr>118</ns3:hr>
          </ns3:TrackPointExtension>
        </extensions>
      </trkpt>
      <trkpt lat="47.7720890007913112640380859375" lon="18.92353520728647708892822265625">
        <ele>235.600006103515625</ele>
        <time>2023-10-08T13:03:10.000Z</time>
        <extensions>
          <ns3:TrackPointExtension>
            <ns3:hr>121</ns3:hr>
          </ns3:TrackPointExtension>
        </extensions>
      </trkpt>
      <trkpt lat="47.77212529443204402923583984375" lon="18.9236217923462390899658203125">
        <ele>237.600006103515625</ele>
        <time>2023-10-08T13:03:23.000Z</time>
        <extensions>
          <ns3:TrackPointExtension>
            <ns3:hr>124</ns3:hr>
          </ns3:TrackPointExtension>
        </extensions>
      </trkpt>
      <trkpt lat="47.772138118743896484375" lon="18.9236331917345523834228515625">
        <ele>238</ele>
        <time>2023-10-08T13:03:29.000Z</time>
        <extensions>
          <ns3:TrackPointExtension>
            <ns3:hr>121</ns3:hr>
          </ns3:TrackPointExtension>
        </extensions>
      </trkpt>
      <trkpt lat="47.77215815149247646331787109375" lon="18.92363679595291614532470703125">
        <ele>238.399993896484375</ele>
        <time>2023-10-08T13:03:35.000Z</time>
        <extensions>
          <ns3:TrackPointExtension>
            <ns3:hr>124</ns3:hr>
          </ns3:TrackPointExtension>
        </extensions>
      </trkpt>
      <trkpt lat="47.7721788547933101654052734375" lon="18.92365037463605403900146484375">
        <ele>238.8000030517578125</ele>
        <time>2023-10-08T13:03:43.000Z</time>
        <extensions>
          <ns3:TrackPointExtension>
            <ns3:hr>121</ns3:hr>
          </ns3:TrackPointExtension>
        </extensions>
      </trkpt>
      <trkpt lat="47.77222503907978534698486328125" lon="18.92367786727845668792724609375">
        <ele>240</ele>
        <time>2023-10-08T13:03:46.000Z</time>
        <extensions>
          <ns3:TrackPointExtension>
            <ns3:hr>125</ns3:hr>
          </ns3:TrackPointExtension>
        </extensions>
      </trkpt>
      <trkpt lat="47.77223761193454265594482421875" lon="18.9236834831535816192626953125">
        <ele>240.399993896484375</ele>
        <time>2023-10-08T13:03:47.000Z</time>
        <extensions>
          <ns3:TrackPointExtension>
            <ns3:hr>122</ns3:hr>
          </ns3:TrackPointExtension>
        </extensions>
      </trkpt>
      <trkpt lat="47.77225169353187084197998046875" lon="18.923687674105167388916015625">
        <ele>240.600006103515625</ele>
        <time>2023-10-08T13:03:48.000Z</time>
        <extensions>
          <ns3:TrackPointExtension>
            <ns3:hr>123</ns3:hr>
          </ns3:TrackPointExtension>
        </extensions>
      </trkpt>
      <trkpt lat="47.77231556363403797149658203125" lon="18.92373788170516490936279296875">
        <ele>242.600006103515625</ele>
        <time>2023-10-08T13:03:53.000Z</time>
        <extensions>
          <ns3:TrackPointExtension>
            <ns3:hr>128</ns3:hr>
          </ns3:TrackPointExtension>
        </extensions>
      </trkpt>
      <trkpt lat="47.77235110290348529815673828125" lon="18.92375104129314422607421875">
        <ele>244</ele>
        <time>2023-10-08T13:03:56.000Z</time>
        <extensions>
          <ns3:TrackPointExtension>
            <ns3:hr>122</ns3:hr>
          </ns3:TrackPointExtension>
        </extensions>
      </trkpt>
      <trkpt lat="47.7723572216928005218505859375" lon="18.9237599261105060577392578125">
        <ele>244.1999969482421875</ele>
        <time>2023-10-08T13:03:58.000Z</time>
        <extensions>
          <ns3:TrackPointExtension>
            <ns3:hr>119</ns3:hr>
          </ns3:TrackPointExtension>
        </extensions>
      </trkpt>
      <trkpt lat="47.77236736379563808441162109375" lon="18.92376084811985492706298828125">
        <ele>244.600006103515625</ele>
        <time>2023-10-08T13:03:59.000Z</time>
        <extensions>
          <ns3:TrackPointExtension>
            <ns3:hr>122</ns3:hr>
          </ns3:TrackPointExtension>
        </extensions>
      </trkpt>
      <trkpt lat="47.77237541042268276214599609375" lon="18.92375196330249309539794921875">
        <ele>244.8000030517578125</ele>
        <time>2023-10-08T13:04:00.000Z</time>
        <extensions>
          <ns3:TrackPointExtension>
            <ns3:hr>119</ns3:hr>
          </ns3:TrackPointExtension>
        </extensions>
      </trkpt>
      <trkpt lat="47.77237960137426853179931640625" lon="18.923747353255748748779296875">
        <ele>244.8000030517578125</ele>
        <time>2023-10-08T13:04:01.000Z</time>
        <extensions>
          <ns3:TrackPointExtension>
            <ns3:hr>116</ns3:hr>
          </ns3:TrackPointExtension>
        </extensions>
      </trkpt>
      <trkpt lat="47.772380523383617401123046875" lon="18.92373838461935520172119140625">
        <ele>244.8000030517578125</ele>
        <time>2023-10-08T13:04:03.000Z</time>
        <extensions>
          <ns3:TrackPointExtension>
            <ns3:hr>121</ns3:hr>
          </ns3:TrackPointExtension>
        </extensions>
      </trkpt>
      <trkpt lat="47.77238689363002777099609375" lon="18.92374542541801929473876953125">
        <ele>245</ele>
        <time>2023-10-08T13:04:05.000Z</time>
        <extensions>
          <ns3:TrackPointExtension>
            <ns3:hr>124</ns3:hr>
          </ns3:TrackPointExtension>
        </extensions>
      </trkpt>
      <trkpt lat="47.77240893803536891937255859375" lon="18.923748694360256195068359375">
        <ele>245.8000030517578125</ele>
        <time>2023-10-08T13:04:08.000Z</time>
        <extensions>
          <ns3:TrackPointExtension>
            <ns3:hr>120</ns3:hr>
          </ns3:TrackPointExtension>
        </extensions>
      </trkpt>
      <trkpt lat="47.77242310345172882080078125" lon="18.92376235686242580413818359375">
        <ele>246.399993896484375</ele>
        <time>2023-10-08T13:04:11.000Z</time>
        <extensions>
          <ns3:TrackPointExtension>
            <ns3:hr>120</ns3:hr>
          </ns3:TrackPointExtension>
        </extensions>
      </trkpt>
      <trkpt lat="47.77247984893620014190673828125" lon="18.9237760193645954132080078125">
        <ele>248.399993896484375</ele>
        <time>2023-10-08T13:04:22.000Z</time>
        <extensions>
          <ns3:TrackPointExtension>
            <ns3:hr>119</ns3:hr>
          </ns3:TrackPointExtension>
        </extensions>
      </trkpt>
      <trkpt lat="47.772510945796966552734375" lon="18.9237867482006549835205078125">
        <ele>249.600006103515625</ele>
        <time>2023-10-08T13:04:28.000Z</time>
        <extensions>
          <ns3:TrackPointExtension>
            <ns3:hr>123</ns3:hr>
          </ns3:TrackPointExtension>
        </extensions>
      </trkpt>
      <trkpt lat="47.77251639403402805328369140625" lon="18.9237787015736103057861328125">
        <ele>249.600006103515625</ele>
        <time>2023-10-08T13:04:30.000Z</time>
        <extensions>
          <ns3:TrackPointExtension>
            <ns3:hr>119</ns3:hr>
          </ns3:TrackPointExtension>
        </extensions>
      </trkpt>
      <trkpt lat="47.77252502739429473876953125" lon="18.92377249896526336669921875">
        <ele>249.8000030517578125</ele>
        <time>2023-10-08T13:04:32.000Z</time>
        <extensions>
          <ns3:TrackPointExtension>
            <ns3:hr>116</ns3:hr>
          </ns3:TrackPointExtension>
        </extensions>
      </trkpt>
      <trkpt lat="47.77253181673586368560791015625" lon="18.92376805655658245086669921875">
        <ele>250</ele>
        <time>2023-10-08T13:04:33.000Z</time>
        <extensions>
          <ns3:TrackPointExtension>
            <ns3:hr>119</ns3:hr>
          </ns3:TrackPointExtension>
        </extensions>
      </trkpt>
      <trkpt lat="47.77254120446741580963134765625" lon="18.9237646199762821197509765625">
        <ele>250.1999969482421875</ele>
        <time>2023-10-08T13:04:35.000Z</time>
        <extensions>
          <ns3:TrackPointExtension>
            <ns3:hr>116</ns3:hr>
          </ns3:TrackPointExtension>
        </extensions>
      </trkpt>
      <trkpt lat="47.77254690416157245635986328125" lon="18.92376185394823551177978515625">
        <ele>250.399993896484375</ele>
        <time>2023-10-08T13:04:36.000Z</time>
        <extensions>
          <ns3:TrackPointExtension>
            <ns3:hr>113</ns3:hr>
          </ns3:TrackPointExtension>
        </extensions>
      </trkpt>
      <trkpt lat="47.77255930937826633453369140625" lon="18.923768140375614166259765625">
        <ele>250.8000030517578125</ele>
        <time>2023-10-08T13:04:39.000Z</time>
        <extensions>
          <ns3:TrackPointExtension>
            <ns3:hr>119</ns3:hr>
          </ns3:TrackPointExtension>
        </extensions>
      </trkpt>
      <trkpt lat="47.7725614048540592193603515625" lon="18.9237676374614238739013671875">
        <ele>251</ele>
        <time>2023-10-08T13:04:40.000Z</time>
        <extensions>
          <ns3:TrackPointExtension>
            <ns3:hr>118</ns3:hr>
          </ns3:TrackPointExtension>
        </extensions>
      </trkpt>
      <trkpt lat="47.77257758192718029022216796875" lon="18.9237656258046627044677734375">
        <ele>251.399993896484375</ele>
        <time>2023-10-08T13:04:45.000Z</time>
        <extensions>
          <ns3:TrackPointExtension>
            <ns3:hr>115</ns3:hr>
          </ns3:TrackPointExtension>
        </extensions>
      </trkpt>
      <trkpt lat="47.7725847065448760986328125" lon="18.92378079704940319061279296875">
        <ele>251.8000030517578125</ele>
        <time>2023-10-08T13:04:48.000Z</time>
        <extensions>
          <ns3:TrackPointExtension>
            <ns3:hr>118</ns3:hr>
          </ns3:TrackPointExtension>
        </extensions>
      </trkpt>
      <trkpt lat="47.77260373346507549285888671875" lon="18.92380728386342525482177734375">
        <ele>252.600006103515625</ele>
        <time>2023-10-08T13:04:57.000Z</time>
        <extensions>
          <ns3:TrackPointExtension>
            <ns3:hr>118</ns3:hr>
          </ns3:TrackPointExtension>
        </extensions>
      </trkpt>
      <trkpt lat="47.77263038791716098785400390625" lon="18.92380761913955211639404296875">
        <ele>253.399993896484375</ele>
        <time>2023-10-08T13:05:05.000Z</time>
        <extensions>
          <ns3:TrackPointExtension>
            <ns3:hr>118</ns3:hr>
          </ns3:TrackPointExtension>
        </extensions>
      </trkpt>
      <trkpt lat="47.77263441123068332672119140625" lon="18.92381616868078708648681640625">
        <ele>253.600006103515625</ele>
        <time>2023-10-08T13:05:13.000Z</time>
        <extensions>
          <ns3:TrackPointExtension>
            <ns3:hr>117</ns3:hr>
          </ns3:TrackPointExtension>
        </extensions>
      </trkpt>
      <trkpt lat="47.7726517617702484130859375" lon="18.92382589168846607208251953125">
        <ele>254.1999969482421875</ele>
        <time>2023-10-08T13:05:17.000Z</time>
        <extensions>
          <ns3:TrackPointExtension>
            <ns3:hr>120</ns3:hr>
          </ns3:TrackPointExtension>
        </extensions>
      </trkpt>
      <trkpt lat="47.77266047894954681396484375" lon="18.923822455108165740966796875">
        <ele>254.399993896484375</ele>
        <time>2023-10-08T13:05:19.000Z</time>
        <extensions>
          <ns3:TrackPointExtension>
            <ns3:hr>120</ns3:hr>
          </ns3:TrackPointExtension>
        </extensions>
      </trkpt>
      <trkpt lat="47.772683613002300262451171875" lon="18.92380057834088802337646484375">
        <ele>255.1999969482421875</ele>
        <time>2023-10-08T13:05:27.000Z</time>
        <extensions>
          <ns3:TrackPointExtension>
            <ns3:hr>121</ns3:hr>
          </ns3:TrackPointExtension>
        </extensions>
      </trkpt>
      <trkpt lat="47.77270498685538768768310546875" lon="18.923775851726531982421875">
        <ele>256.20001220703125</ele>
        <time>2023-10-08T13:05:36.000Z</time>
        <extensions>
          <ns3:TrackPointExtension>
            <ns3:hr>123</ns3:hr>
          </ns3:TrackPointExtension>
        </extensions>
      </trkpt>
      <trkpt lat="47.7727059088647365570068359375" lon="18.92378012649714946746826171875">
        <ele>256.20001220703125</ele>
        <time>2023-10-08T13:05:38.000Z</time>
        <extensions>
          <ns3:TrackPointExtension>
            <ns3:hr>120</ns3:hr>
          </ns3:TrackPointExtension>
        </extensions>
      </trkpt>
      <trkpt lat="47.77271336875855922698974609375" lon="18.92378716729581356048583984375">
        <ele>256.399993896484375</ele>
        <time>2023-10-08T13:05:41.000Z</time>
        <extensions>
          <ns3:TrackPointExtension>
            <ns3:hr>122</ns3:hr>
          </ns3:TrackPointExtension>
        </extensions>
      </trkpt>
      <trkpt lat="47.77276533655822277069091796875" lon="18.92381700687110424041748046875">
        <ele>258.600006103515625</ele>
        <time>2023-10-08T13:05:47.000Z</time>
        <extensions>
          <ns3:TrackPointExtension>
            <ns3:hr>120</ns3:hr>
          </ns3:TrackPointExtension>
        </extensions>
      </trkpt>
      <trkpt lat="47.77278159745037555694580078125" lon="18.92383544705808162689208984375">
        <ele>259.20001220703125</ele>
        <time>2023-10-08T13:05:52.000Z</time>
        <extensions>
          <ns3:TrackPointExtension>
            <ns3:hr>119</ns3:hr>
          </ns3:TrackPointExtension>
        </extensions>
      </trkpt>
      <trkpt lat="47.77278109453618526458740234375" lon="18.9238430745899677276611328125">
        <ele>259.20001220703125</ele>
        <time>2023-10-08T13:05:58.000Z</time>
        <extensions>
          <ns3:TrackPointExtension>
            <ns3:hr>118</ns3:hr>
          </ns3:TrackPointExtension>
        </extensions>
      </trkpt>
      <trkpt lat="47.77279467321932315826416015625" lon="18.923865370452404022216796875">
        <ele>259.600006103515625</ele>
        <time>2023-10-08T13:06:05.000Z</time>
        <extensions>
          <ns3:TrackPointExtension>
            <ns3:hr>119</ns3:hr>
          </ns3:TrackPointExtension>
        </extensions>
      </trkpt>
      <trkpt lat="47.77279249392449855804443359375" lon="18.9239037595689296722412109375">
        <ele>259.600006103515625</ele>
        <time>2023-10-08T13:06:10.000Z</time>
        <extensions>
          <ns3:TrackPointExtension>
            <ns3:hr>122</ns3:hr>
          </ns3:TrackPointExtension>
        </extensions>
      </trkpt>
      <trkpt lat="47.7727954275906085968017578125" lon="18.923915326595306396484375">
        <ele>259.600006103515625</ele>
        <time>2023-10-08T13:06:11.000Z</time>
        <extensions>
          <ns3:TrackPointExtension>
            <ns3:hr>119</ns3:hr>
          </ns3:TrackPointExtension>
        </extensions>
      </trkpt>
      <trkpt lat="47.7727934159338474273681640625" lon="18.92392798326909542083740234375">
        <ele>259.600006103515625</ele>
        <time>2023-10-08T13:06:14.000Z</time>
        <extensions>
          <ns3:TrackPointExtension>
            <ns3:hr>119</ns3:hr>
          </ns3:TrackPointExtension>
        </extensions>
      </trkpt>
      <trkpt lat="47.77279232628643512725830078125" lon="18.923975341022014617919921875">
        <ele>259.79998779296875</ele>
        <time>2023-10-08T13:06:21.000Z</time>
        <extensions>
          <ns3:TrackPointExtension>
            <ns3:hr>116</ns3:hr>
          </ns3:TrackPointExtension>
        </extensions>
      </trkpt>
      <trkpt lat="47.77276852168142795562744140625" lon="18.923997469246387481689453125">
        <ele>259.399993896484375</ele>
        <time>2023-10-08T13:06:27.000Z</time>
        <extensions>
          <ns3:TrackPointExtension>
            <ns3:hr>117</ns3:hr>
          </ns3:TrackPointExtension>
        </extensions>
      </trkpt>
      <trkpt lat="47.7727483212947845458984375" lon="18.924037702381610870361328125">
        <ele>259.600006103515625</ele>
        <time>2023-10-08T13:06:33.000Z</time>
        <extensions>
          <ns3:TrackPointExtension>
            <ns3:hr>120</ns3:hr>
          </ns3:TrackPointExtension>
        </extensions>
      </trkpt>
      <trkpt lat="47.77274337597191333770751953125" lon="18.92405170015990734100341796875">
        <ele>259.79998779296875</ele>
        <time>2023-10-08T13:06:34.000Z</time>
        <extensions>
          <ns3:TrackPointExtension>
            <ns3:hr>120</ns3:hr>
          </ns3:TrackPointExtension>
        </extensions>
      </trkpt>
      <trkpt lat="47.77268998324871063232421875" lon="18.9241374470293521881103515625">
        <ele>260.20001220703125</ele>
        <time>2023-10-08T13:06:45.000Z</time>
        <extensions>
          <ns3:TrackPointExtension>
            <ns3:hr>121</ns3:hr>
          </ns3:TrackPointExtension>
        </extensions>
      </trkpt>
      <trkpt lat="47.77267766185104846954345703125" lon="18.9242008142173290252685546875">
        <ele>261.399993896484375</ele>
        <time>2023-10-08T13:06:53.000Z</time>
        <extensions>
          <ns3:TrackPointExtension>
            <ns3:hr>118</ns3:hr>
          </ns3:TrackPointExtension>
        </extensions>
      </trkpt>
      <trkpt lat="47.7726606465876102447509765625" lon="18.9241927675902843475341796875">
        <ele>260.79998779296875</ele>
        <time>2023-10-08T13:06:58.000Z</time>
        <extensions>
          <ns3:TrackPointExtension>
            <ns3:hr>117</ns3:hr>
          </ns3:TrackPointExtension>
        </extensions>
      </trkpt>
      <trkpt lat="47.7726463973522186279296875" lon="18.92422034405171871185302734375">
        <ele>261.20001220703125</ele>
        <time>2023-10-08T13:07:05.000Z</time>
        <extensions>
          <ns3:TrackPointExtension>
            <ns3:hr>117</ns3:hr>
          </ns3:TrackPointExtension>
        </extensions>
      </trkpt>
      <trkpt lat="47.7726546116173267364501953125" lon="18.92423576675355434417724609375">
        <ele>261.79998779296875</ele>
        <time>2023-10-08T13:07:09.000Z</time>
        <extensions>
          <ns3:TrackPointExtension>
            <ns3:hr>118</ns3:hr>
          </ns3:TrackPointExtension>
        </extensions>
      </trkpt>
      <trkpt lat="47.772646062076091766357421875" lon="18.9242665283381938934326171875">
        <ele>262.399993896484375</ele>
        <time>2023-10-08T13:07:15.000Z</time>
        <extensions>
          <ns3:TrackPointExtension>
            <ns3:hr>117</ns3:hr>
          </ns3:TrackPointExtension>
        </extensions>
      </trkpt>
      <trkpt lat="47.7726056613028049468994140625" lon="18.92429058440029621124267578125">
        <ele>262</ele>
        <time>2023-10-08T13:07:21.000Z</time>
        <extensions>
          <ns3:TrackPointExtension>
            <ns3:hr>118</ns3:hr>
          </ns3:TrackPointExtension>
        </extensions>
      </trkpt>
      <trkpt lat="47.77259082533419132232666015625" lon="18.924301899969577789306640625">
        <ele>261.79998779296875</ele>
        <time>2023-10-08T13:07:27.000Z</time>
        <extensions>
          <ns3:TrackPointExtension>
            <ns3:hr>116</ns3:hr>
          </ns3:TrackPointExtension>
        </extensions>
      </trkpt>
      <trkpt lat="47.77256869710981845855712890625" lon="18.92430852167308330535888671875">
        <ele>261.600006103515625</ele>
        <time>2023-10-08T13:07:33.000Z</time>
        <extensions>
          <ns3:TrackPointExtension>
            <ns3:hr>116</ns3:hr>
          </ns3:TrackPointExtension>
        </extensions>
      </trkpt>
      <trkpt lat="47.772528715431690216064453125" lon="18.924361579120159149169921875">
        <ele>262</ele>
        <time>2023-10-08T13:07:39.000Z</time>
        <extensions>
          <ns3:TrackPointExtension>
            <ns3:hr>116</ns3:hr>
          </ns3:TrackPointExtension>
        </extensions>
      </trkpt>
      <trkpt lat="47.77252477593719959259033203125" lon="18.92440147697925567626953125">
        <ele>263</ele>
        <time>2023-10-08T13:07:46.000Z</time>
        <extensions>
          <ns3:TrackPointExtension>
            <ns3:hr>117</ns3:hr>
          </ns3:TrackPointExtension>
        </extensions>
      </trkpt>
      <trkpt lat="47.77252008207142353057861328125" lon="18.92442754469811916351318359375">
        <ele>263.79998779296875</ele>
        <time>2023-10-08T13:07:56.000Z</time>
        <extensions>
          <ns3:TrackPointExtension>
            <ns3:hr>116</ns3:hr>
          </ns3:TrackPointExtension>
        </extensions>
      </trkpt>
      <trkpt lat="47.772507928311824798583984375" lon="18.9244455657899379730224609375">
        <ele>264</ele>
        <time>2023-10-08T13:07:59.000Z</time>
        <extensions>
          <ns3:TrackPointExtension>
            <ns3:hr>113</ns3:hr>
          </ns3:TrackPointExtension>
        </extensions>
      </trkpt>
      <trkpt lat="47.7724866382777690887451171875" lon="18.92445403151214122772216796875">
        <ele>263.600006103515625</ele>
        <time>2023-10-08T13:08:05.000Z</time>
        <extensions>
          <ns3:TrackPointExtension>
            <ns3:hr>115</ns3:hr>
          </ns3:TrackPointExtension>
        </extensions>
      </trkpt>
      <trkpt lat="47.7724765799939632415771484375" lon="18.92448839731514453887939453125">
        <ele>264.600006103515625</ele>
        <time>2023-10-08T13:08:12.000Z</time>
        <extensions>
          <ns3:TrackPointExtension>
            <ns3:hr>116</ns3:hr>
          </ns3:TrackPointExtension>
        </extensions>
      </trkpt>
      <trkpt lat="47.77247364632785320281982421875" lon="18.9245267026126384735107421875">
        <ele>265.79998779296875</ele>
        <time>2023-10-08T13:08:19.000Z</time>
        <extensions>
          <ns3:TrackPointExtension>
            <ns3:hr>114</ns3:hr>
          </ns3:TrackPointExtension>
        </extensions>
      </trkpt>
      <trkpt lat="47.77247850783169269561767578125" lon="18.9245320670306682586669921875">
        <ele>266.20001220703125</ele>
        <time>2023-10-08T13:08:26.000Z</time>
        <extensions>
          <ns3:TrackPointExtension>
            <ns3:hr>117</ns3:hr>
          </ns3:TrackPointExtension>
        </extensions>
      </trkpt>
      <trkpt lat="47.77247850783169269561767578125" lon="18.9245320670306682586669921875">
        <ele>266.20001220703125</ele>
        <time>2023-10-08T13:08:28.000Z</time>
        <extensions>
          <ns3:TrackPointExtension>
            <ns3:hr>115</ns3:hr>
          </ns3:TrackPointExtension>
        </extensions>
      </trkpt>
      <trkpt lat="47.77247850783169269561767578125" lon="18.92453156411647796630859375">
        <ele>266.20001220703125</ele>
        <time>2023-10-08T13:08:34.000Z</time>
        <extensions>
          <ns3:TrackPointExtension>
            <ns3:hr>112</ns3:hr>
          </ns3:TrackPointExtension>
        </extensions>
      </trkpt>
      <trkpt lat="47.77247850783169269561767578125" lon="18.92453114502131938934326171875">
        <ele>266.20001220703125</ele>
        <time>2023-10-08T13:08:35.000Z</time>
        <extensions>
          <ns3:TrackPointExtension>
            <ns3:hr>115</ns3:hr>
          </ns3:TrackPointExtension>
        </extensions>
      </trkpt>
      <trkpt lat="47.77247230522334575653076171875" lon="18.92453114502131938934326171875">
        <ele>266</ele>
        <time>2023-10-08T13:08:42.000Z</time>
        <extensions>
          <ns3:TrackPointExtension>
            <ns3:hr>118</ns3:hr>
          </ns3:TrackPointExtension>
        </extensions>
      </trkpt>
      <trkpt lat="47.77247196994721889495849609375" lon="18.92453114502131938934326171875">
        <ele>266</ele>
        <time>2023-10-08T13:08:44.000Z</time>
        <extensions>
          <ns3:TrackPointExtension>
            <ns3:hr>115</ns3:hr>
          </ns3:TrackPointExtension>
        </extensions>
      </trkpt>
      <trkpt lat="47.7724628336727619171142578125" lon="18.9245174825191497802734375">
        <ele>265.399993896484375</ele>
        <time>2023-10-08T13:09:18.000Z</time>
        <extensions>
          <ns3:TrackPointExtension>
            <ns3:hr>118</ns3:hr>
          </ns3:TrackPointExtension>
        </extensions>
      </trkpt>
      <trkpt lat="47.77245202101767063140869140625" lon="18.92451588995754718780517578125">
        <ele>265.20001220703125</ele>
        <time>2023-10-08T13:09:22.000Z</time>
        <extensions>
          <ns3:TrackPointExtension>
            <ns3:hr>121</ns3:hr>
          </ns3:TrackPointExtension>
        </extensions>
      </trkpt>
      <trkpt lat="47.7724497579038143157958984375" lon="18.92449962906539440155029296875">
        <ele>264.399993896484375</ele>
        <time>2023-10-08T13:10:55.000Z</time>
        <extensions>
          <ns3:TrackPointExtension>
            <ns3:hr>125</ns3:hr>
          </ns3:TrackPointExtension>
        </extensions>
      </trkpt>
      <trkpt lat="47.77244917117059230804443359375" lon="18.92449744977056980133056640625">
        <ele>264.399993896484375</ele>
        <time>2023-10-08T13:10:59.000Z</time>
        <extensions>
          <ns3:TrackPointExtension>
            <ns3:hr>122</ns3:hr>
          </ns3:TrackPointExtension>
        </extensions>
      </trkpt>
      <trkpt lat="47.7724407054483890533447265625" lon="18.924450762569904327392578125">
        <ele>262.600006103515625</ele>
        <time>2023-10-08T13:11:55.000Z</time>
        <extensions>
          <ns3:TrackPointExtension>
            <ns3:hr>119</ns3:hr>
          </ns3:TrackPointExtension>
        </extensions>
      </trkpt>
      <trkpt lat="47.7724403701722621917724609375" lon="18.92445101402699947357177734375">
        <ele>262.600006103515625</ele>
        <time>2023-10-08T13:12:04.000Z</time>
        <extensions>
          <ns3:TrackPointExtension>
            <ns3:hr>116</ns3:hr>
          </ns3:TrackPointExtension>
        </extensions>
      </trkpt>
      <trkpt lat="47.772440202534198760986328125" lon="18.92445168457925319671630859375">
        <ele>262.600006103515625</ele>
        <time>2023-10-08T13:12:15.000Z</time>
        <extensions>
          <ns3:TrackPointExtension>
            <ns3:hr>119</ns3:hr>
          </ns3:TrackPointExtension>
        </extensions>
      </trkpt>
      <trkpt lat="47.7724505960941314697265625" lon="18.924433998763561248779296875">
        <ele>262.20001220703125</ele>
        <time>2023-10-08T13:12:40.000Z</time>
        <extensions>
          <ns3:TrackPointExtension>
            <ns3:hr>122</ns3:hr>
          </ns3:TrackPointExtension>
        </extensions>
      </trkpt>
      <trkpt lat="47.77250491082668304443359375" lon="18.9243657700717449188232421875">
        <ele>261.600006103515625</ele>
        <time>2023-10-08T13:12:44.000Z</time>
        <extensions>
          <ns3:TrackPointExtension>
            <ns3:hr>123</ns3:hr>
          </ns3:TrackPointExtension>
        </extensions>
      </trkpt>
      <trkpt lat="47.77255830354988574981689453125" lon="18.924252279102802276611328125">
        <ele>259.79998779296875</ele>
        <time>2023-10-08T13:12:50.000Z</time>
        <extensions>
          <ns3:TrackPointExtension>
            <ns3:hr>123</ns3:hr>
          </ns3:TrackPointExtension>
        </extensions>
      </trkpt>
      <trkpt lat="47.77257724665105342864990234375" lon="18.9242251217365264892578125">
        <ele>259.600006103515625</ele>
        <time>2023-10-08T13:12:57.000Z</time>
        <extensions>
          <ns3:TrackPointExtension>
            <ns3:hr>121</ns3:hr>
          </ns3:TrackPointExtension>
        </extensions>
      </trkpt>
      <trkpt lat="47.77260121889412403106689453125" lon="18.9241961203515529632568359375">
        <ele>259.399993896484375</ele>
        <time>2023-10-08T13:13:05.000Z</time>
        <extensions>
          <ns3:TrackPointExtension>
            <ns3:hr>122</ns3:hr>
          </ns3:TrackPointExtension>
        </extensions>
      </trkpt>
      <trkpt lat="47.77260675095021724700927734375" lon="18.92418128438293933868408203125">
        <ele>259.20001220703125</ele>
        <time>2023-10-08T13:13:10.000Z</time>
        <extensions>
          <ns3:TrackPointExtension>
            <ns3:hr>121</ns3:hr>
          </ns3:TrackPointExtension>
        </extensions>
      </trkpt>
      <trkpt lat="47.77260842733085155487060546875" lon="18.92418086528778076171875">
        <ele>259.20001220703125</ele>
        <time>2023-10-08T13:13:11.000Z</time>
        <extensions>
          <ns3:TrackPointExtension>
            <ns3:hr>124</ns3:hr>
          </ns3:TrackPointExtension>
        </extensions>
      </trkpt>
      <trkpt lat="47.77261161245405673980712890625" lon="18.92417793162167072296142578125">
        <ele>259.20001220703125</ele>
        <time>2023-10-08T13:13:12.000Z</time>
        <extensions>
          <ns3:TrackPointExtension>
            <ns3:hr>121</ns3:hr>
          </ns3:TrackPointExtension>
        </extensions>
      </trkpt>
      <trkpt lat="47.77261630631983280181884765625" lon="18.9241696335375308990478515625">
        <ele>259.20001220703125</ele>
        <time>2023-10-08T13:13:14.000Z</time>
        <extensions>
          <ns3:TrackPointExtension>
            <ns3:hr>124</ns3:hr>
          </ns3:TrackPointExtension>
        </extensions>
      </trkpt>
      <trkpt lat="47.77261965908110141754150390625" lon="18.924168460071086883544921875">
        <ele>259.20001220703125</ele>
        <time>2023-10-08T13:13:15.000Z</time>
        <extensions>
          <ns3:TrackPointExtension>
            <ns3:hr>121</ns3:hr>
          </ns3:TrackPointExtension>
        </extensions>
      </trkpt>
      <trkpt lat="47.77262150309979915618896484375" lon="18.92417038790881633758544921875">
        <ele>259.20001220703125</ele>
        <time>2023-10-08T13:13:22.000Z</time>
        <extensions>
          <ns3:TrackPointExtension>
            <ns3:hr>121</ns3:hr>
          </ns3:TrackPointExtension>
        </extensions>
      </trkpt>
      <trkpt lat="47.77262150309979915618896484375" lon="18.924177847802639007568359375">
        <ele>259.399993896484375</ele>
        <time>2023-10-08T13:13:34.000Z</time>
        <extensions>
          <ns3:TrackPointExtension>
            <ns3:hr>118</ns3:hr>
          </ns3:TrackPointExtension>
        </extensions>
      </trkpt>
      <trkpt lat="47.7726267836987972259521484375" lon="18.92417860217392444610595703125">
        <ele>259.600006103515625</ele>
        <time>2023-10-08T13:13:45.000Z</time>
        <extensions>
          <ns3:TrackPointExtension>
            <ns3:hr>121</ns3:hr>
          </ns3:TrackPointExtension>
        </extensions>
      </trkpt>
      <trkpt lat="47.77272795327007770538330078125" lon="18.9238816313445568084716796875">
        <ele>257</ele>
        <time>2023-10-08T13:14:52.000Z</time>
        <extensions>
          <ns3:TrackPointExtension>
            <ns3:hr>118</ns3:hr>
          </ns3:TrackPointExtension>
        </extensions>
      </trkpt>
      <trkpt lat="47.77264094911515712738037109375" lon="18.923839889466762542724609375">
        <ele>254</ele>
        <time>2023-10-08T13:15:11.000Z</time>
        <extensions>
          <ns3:TrackPointExtension>
            <ns3:hr>121</ns3:hr>
          </ns3:TrackPointExtension>
        </extensions>
      </trkpt>
      <trkpt lat="47.77262628078460693359375" lon="18.9238055236637592315673828125">
        <ele>253.1999969482421875</ele>
        <time>2023-10-08T13:15:18.000Z</time>
        <extensions>
          <ns3:TrackPointExtension>
            <ns3:hr>124</ns3:hr>
          </ns3:TrackPointExtension>
        </extensions>
      </trkpt>
      <trkpt lat="47.77262167073786258697509765625" lon="18.923799656331539154052734375">
        <ele>253</ele>
        <time>2023-10-08T13:15:20.000Z</time>
        <extensions>
          <ns3:TrackPointExtension>
            <ns3:hr>127</ns3:hr>
          </ns3:TrackPointExtension>
        </extensions>
      </trkpt>
      <trkpt lat="47.77256517671048641204833984375" lon="18.92383058555424213409423828125">
        <ele>251.8000030517578125</ele>
        <time>2023-10-08T13:15:34.000Z</time>
        <extensions>
          <ns3:TrackPointExtension>
            <ns3:hr>126</ns3:hr>
          </ns3:TrackPointExtension>
        </extensions>
      </trkpt>
      <trkpt lat="47.77252326719462871551513671875" lon="18.923866711556911468505859375">
        <ele>250.8000030517578125</ele>
        <time>2023-10-08T13:15:39.000Z</time>
        <extensions>
          <ns3:TrackPointExtension>
            <ns3:hr>126</ns3:hr>
          </ns3:TrackPointExtension>
        </extensions>
      </trkpt>
      <trkpt lat="47.77251354418694972991943359375" lon="18.92385724000632762908935546875">
        <ele>250.399993896484375</ele>
        <time>2023-10-08T13:15:46.000Z</time>
        <extensions>
          <ns3:TrackPointExtension>
            <ns3:hr>126</ns3:hr>
          </ns3:TrackPointExtension>
        </extensions>
      </trkpt>
      <trkpt lat="47.772498540580272674560546875" lon="18.92386905848979949951171875">
        <ele>250</ele>
        <time>2023-10-08T13:15:53.000Z</time>
        <extensions>
          <ns3:TrackPointExtension>
            <ns3:hr>126</ns3:hr>
          </ns3:TrackPointExtension>
        </extensions>
      </trkpt>
      <trkpt lat="47.7724437229335308074951171875" lon="18.9238496124744415283203125">
        <ele>248</ele>
        <time>2023-10-08T13:15:59.000Z</time>
        <extensions>
          <ns3:TrackPointExtension>
            <ns3:hr>123</ns3:hr>
          </ns3:TrackPointExtension>
        </extensions>
      </trkpt>
      <trkpt lat="47.7724363468587398529052734375" lon="18.9238440804183483123779296875">
        <ele>247.8000030517578125</ele>
        <time>2023-10-08T13:16:00.000Z</time>
        <extensions>
          <ns3:TrackPointExtension>
            <ns3:hr>123</ns3:hr>
          </ns3:TrackPointExtension>
        </extensions>
      </trkpt>
      <trkpt lat="47.77242871932685375213623046875" lon="18.9238417334854602813720703125">
        <ele>247.399993896484375</ele>
        <time>2023-10-08T13:16:01.000Z</time>
        <extensions>
          <ns3:TrackPointExtension>
            <ns3:hr>122</ns3:hr>
          </ns3:TrackPointExtension>
        </extensions>
      </trkpt>
      <trkpt lat="47.7723835408687591552734375" lon="18.92381030134856700897216796875">
        <ele>245.600006103515625</ele>
        <time>2023-10-08T13:16:06.000Z</time>
        <extensions>
          <ns3:TrackPointExtension>
            <ns3:hr>119</ns3:hr>
          </ns3:TrackPointExtension>
        </extensions>
      </trkpt>
      <trkpt lat="47.7723659388720989227294921875" lon="18.92380870878696441650390625">
        <ele>245.1999969482421875</ele>
        <time>2023-10-08T13:16:09.000Z</time>
        <extensions>
          <ns3:TrackPointExtension>
            <ns3:hr>119</ns3:hr>
          </ns3:TrackPointExtension>
        </extensions>
      </trkpt>
      <trkpt lat="47.7723431400954723358154296875" lon="18.9238072000443935394287109375">
        <ele>244.600006103515625</ele>
        <time>2023-10-08T13:16:16.000Z</time>
        <extensions>
          <ns3:TrackPointExtension>
            <ns3:hr>122</ns3:hr>
          </ns3:TrackPointExtension>
        </extensions>
      </trkpt>
      <trkpt lat="47.77234087698161602020263671875" lon="18.92381415702402591705322265625">
        <ele>244.8000030517578125</ele>
        <time>2023-10-08T13:16:22.000Z</time>
        <extensions>
          <ns3:TrackPointExtension>
            <ns3:hr>122</ns3:hr>
          </ns3:TrackPointExtension>
        </extensions>
      </trkpt>
      <trkpt lat="47.77229192666709423065185546875" lon="18.92381465993821620941162109375">
        <ele>243.8000030517578125</ele>
        <time>2023-10-08T13:16:28.000Z</time>
        <extensions>
          <ns3:TrackPointExtension>
            <ns3:hr>122</ns3:hr>
          </ns3:TrackPointExtension>
        </extensions>
      </trkpt>
      <trkpt lat="47.77225202880799770355224609375" lon="18.9238242991268634796142578125">
        <ele>243.399993896484375</ele>
        <time>2023-10-08T13:16:34.000Z</time>
        <extensions>
          <ns3:TrackPointExtension>
            <ns3:hr>122</ns3:hr>
          </ns3:TrackPointExtension>
        </extensions>
      </trkpt>
      <trkpt lat="47.77221648953855037689208984375" lon="18.92384667880833148956298828125">
        <ele>243.399993896484375</ele>
        <time>2023-10-08T13:16:41.000Z</time>
        <extensions>
          <ns3:TrackPointExtension>
            <ns3:hr>119</ns3:hr>
          </ns3:TrackPointExtension>
        </extensions>
      </trkpt>
      <trkpt lat="47.7721855603158473968505859375" lon="18.92383863218128681182861328125">
        <ele>242.8000030517578125</ele>
        <time>2023-10-08T13:16:47.000Z</time>
        <extensions>
          <ns3:TrackPointExtension>
            <ns3:hr>118</ns3:hr>
          </ns3:TrackPointExtension>
        </extensions>
      </trkpt>
      <trkpt lat="47.77217541821300983428955078125" lon="18.92383092083036899566650390625">
        <ele>242.399993896484375</ele>
        <time>2023-10-08T13:16:54.000Z</time>
        <extensions>
          <ns3:TrackPointExtension>
            <ns3:hr>117</ns3:hr>
          </ns3:TrackPointExtension>
        </extensions>
      </trkpt>
      <trkpt lat="47.77215815149247646331787109375" lon="18.9238165877759456634521484375">
        <ele>241.8000030517578125</ele>
        <time>2023-10-08T13:17:01.000Z</time>
        <extensions>
          <ns3:TrackPointExtension>
            <ns3:hr>118</ns3:hr>
          </ns3:TrackPointExtension>
        </extensions>
      </trkpt>
      <trkpt lat="47.77212269604206085205078125" lon="18.9237820543348789215087890625">
        <ele>240.600006103515625</ele>
        <time>2023-10-08T13:17:10.000Z</time>
        <extensions>
          <ns3:TrackPointExtension>
            <ns3:hr>117</ns3:hr>
          </ns3:TrackPointExtension>
        </extensions>
      </trkpt>
      <trkpt lat="47.7720812894403934478759765625" lon="18.9237602613866329193115234375">
        <ele>239.600006103515625</ele>
        <time>2023-10-08T13:17:18.000Z</time>
        <extensions>
          <ns3:TrackPointExtension>
            <ns3:hr>117</ns3:hr>
          </ns3:TrackPointExtension>
        </extensions>
      </trkpt>
      <trkpt lat="47.7720594964921474456787109375" lon="18.9237310923635959625244140625">
        <ele>238.600006103515625</ele>
        <time>2023-10-08T13:17:23.000Z</time>
        <extensions>
          <ns3:TrackPointExtension>
            <ns3:hr>118</ns3:hr>
          </ns3:TrackPointExtension>
        </extensions>
      </trkpt>
      <trkpt lat="47.77203829027712345123291015625" lon="18.9236928708851337432861328125">
        <ele>237.600006103515625</ele>
        <time>2023-10-08T13:17:30.000Z</time>
        <extensions>
          <ns3:TrackPointExtension>
            <ns3:hr>119</ns3:hr>
          </ns3:TrackPointExtension>
        </extensions>
      </trkpt>
      <trkpt lat="47.77201331220567226409912109375" lon="18.92366931773722171783447265625">
        <ele>236.8000030517578125</ele>
        <time>2023-10-08T13:17:37.000Z</time>
        <extensions>
          <ns3:TrackPointExtension>
            <ns3:hr>118</ns3:hr>
          </ns3:TrackPointExtension>
        </extensions>
      </trkpt>
      <trkpt lat="47.7719887532293796539306640625" lon="18.92364048399031162261962890625">
        <ele>236</ele>
        <time>2023-10-08T13:17:47.000Z</time>
        <extensions>
          <ns3:TrackPointExtension>
            <ns3:hr>119</ns3:hr>
          </ns3:TrackPointExtension>
        </extensions>
      </trkpt>
      <trkpt lat="47.77196771465241909027099609375" lon="18.9236135780811309814453125">
        <ele>235.1999969482421875</ele>
        <time>2023-10-08T13:17:55.000Z</time>
        <extensions>
          <ns3:TrackPointExtension>
            <ns3:hr>119</ns3:hr>
          </ns3:TrackPointExtension>
        </extensions>
      </trkpt>
      <trkpt lat="47.77195698581635951995849609375" lon="18.92360075376927852630615234375">
        <ele>234.8000030517578125</ele>
        <time>2023-10-08T13:17:59.000Z</time>
        <extensions>
          <ns3:TrackPointExtension>
            <ns3:hr>122</ns3:hr>
          </ns3:TrackPointExtension>
        </extensions>
      </trkpt>
      <trkpt lat="47.77193385176360607147216796875" lon="18.92356999218463897705078125">
        <ele>234</ele>
        <time>2023-10-08T13:18:04.000Z</time>
        <extensions>
          <ns3:TrackPointExtension>
            <ns3:hr>122</ns3:hr>
          </ns3:TrackPointExtension>
        </extensions>
      </trkpt>
      <trkpt lat="47.77192831970751285552978515625" lon="18.9235520549118518829345703125">
        <ele>233.600006103515625</ele>
        <time>2023-10-08T13:18:11.000Z</time>
        <extensions>
          <ns3:TrackPointExtension>
            <ns3:hr>122</ns3:hr>
          </ns3:TrackPointExtension>
        </extensions>
      </trkpt>
      <trkpt lat="47.77192764915525913238525390625" lon="18.92349279485642910003662109375">
        <ele>232.399993896484375</ele>
        <time>2023-10-08T13:18:20.000Z</time>
        <extensions>
          <ns3:TrackPointExtension>
            <ns3:hr>123</ns3:hr>
          </ns3:TrackPointExtension>
        </extensions>
      </trkpt>
      <trkpt lat="47.7719273976981639862060546875" lon="18.92347049899399280548095703125">
        <ele>232</ele>
        <time>2023-10-08T13:18:27.000Z</time>
        <extensions>
          <ns3:TrackPointExtension>
            <ns3:hr>121</ns3:hr>
          </ns3:TrackPointExtension>
        </extensions>
      </trkpt>
      <trkpt lat="47.7719351090490818023681640625" lon="18.9234357140958309173583984375">
        <ele>231.600006103515625</ele>
        <time>2023-10-08T13:18:34.000Z</time>
        <extensions>
          <ns3:TrackPointExtension>
            <ns3:hr>118</ns3:hr>
          </ns3:TrackPointExtension>
        </extensions>
      </trkpt>
      <trkpt lat="47.7719342708587646484375" lon="18.92343462444841861724853515625">
        <ele>231.399993896484375</ele>
        <time>2023-10-08T13:18:36.000Z</time>
        <extensions>
          <ns3:TrackPointExtension>
            <ns3:hr>117</ns3:hr>
          </ns3:TrackPointExtension>
        </extensions>
      </trkpt>
      <trkpt lat="47.77195631526410579681396484375" lon="18.92336974851787090301513671875">
        <ele>230.8000030517578125</ele>
        <time>2023-10-08T13:19:17.000Z</time>
        <extensions>
          <ns3:TrackPointExtension>
            <ns3:hr>114</ns3:hr>
          </ns3:TrackPointExtension>
        </extensions>
      </trkpt>
      <trkpt lat="47.77196184732019901275634765625" lon="18.92332934774458408355712890625">
        <ele>230.600006103515625</ele>
        <time>2023-10-08T13:19:22.000Z</time>
        <extensions>
          <ns3:TrackPointExtension>
            <ns3:hr>111</ns3:hr>
          </ns3:TrackPointExtension>
        </extensions>
      </trkpt>
      <trkpt lat="47.7719659544527530670166015625" lon="18.923317529261112213134765625">
        <ele>230.600006103515625</ele>
        <time>2023-10-08T13:19:24.000Z</time>
        <extensions>
          <ns3:TrackPointExtension>
            <ns3:hr>110</ns3:hr>
          </ns3:TrackPointExtension>
        </extensions>
      </trkpt>
      <trkpt lat="47.77197542600333690643310546875" lon="18.92330286093056201934814453125">
        <ele>230.8000030517578125</ele>
        <time>2023-10-08T13:19:31.000Z</time>
        <extensions>
          <ns3:TrackPointExtension>
            <ns3:hr>109</ns3:hr>
          </ns3:TrackPointExtension>
        </extensions>
      </trkpt>
      <trkpt lat="47.7719780243933200836181640625" lon="18.923318870365619659423828125">
        <ele>231</ele>
        <time>2023-10-08T13:19:42.000Z</time>
        <extensions>
          <ns3:TrackPointExtension>
            <ns3:hr>112</ns3:hr>
          </ns3:TrackPointExtension>
        </extensions>
      </trkpt>
      <trkpt lat="47.7719773538410663604736328125" lon="18.92331652343273162841796875">
        <ele>231</ele>
        <time>2023-10-08T13:19:52.000Z</time>
        <extensions>
          <ns3:TrackPointExtension>
            <ns3:hr>109</ns3:hr>
          </ns3:TrackPointExtension>
        </extensions>
      </trkpt>
      <trkpt lat="47.7719773538410663604736328125" lon="18.92331174574792385101318359375">
        <ele>231</ele>
        <time>2023-10-08T13:19:58.000Z</time>
        <extensions>
          <ns3:TrackPointExtension>
            <ns3:hr>106</ns3:hr>
          </ns3:TrackPointExtension>
        </extensions>
      </trkpt>
      <trkpt lat="47.77198146097362041473388671875" lon="18.9232836663722991943359375">
        <ele>230.8000030517578125</ele>
        <time>2023-10-08T13:20:28.000Z</time>
        <extensions>
          <ns3:TrackPointExtension>
            <ns3:hr>109</ns3:hr>
          </ns3:TrackPointExtension>
        </extensions>
      </trkpt>
      <trkpt lat="47.771981544792652130126953125" lon="18.92328173853456974029541015625">
        <ele>230.8000030517578125</ele>
        <time>2023-10-08T13:20:32.000Z</time>
        <extensions>
          <ns3:TrackPointExtension>
            <ns3:hr>112</ns3:hr>
          </ns3:TrackPointExtension>
        </extensions>
      </trkpt>
      <trkpt lat="47.7719817124307155609130859375" lon="18.9232784695923328399658203125">
        <ele>230.8000030517578125</ele>
        <time>2023-10-08T13:20:47.000Z</time>
        <extensions>
          <ns3:TrackPointExtension>
            <ns3:hr>115</ns3:hr>
          </ns3:TrackPointExtension>
        </extensions>
      </trkpt>
      <trkpt lat="47.7719813771545886993408203125" lon="18.92325961031019687652587890625">
        <ele>230.600006103515625</ele>
        <time>2023-10-08T13:21:03.000Z</time>
        <extensions>
          <ns3:TrackPointExtension>
            <ns3:hr>112</ns3:hr>
          </ns3:TrackPointExtension>
        </extensions>
      </trkpt>
      <trkpt lat="47.7719813771545886993408203125" lon="18.9232593588531017303466796875">
        <ele>230.600006103515625</ele>
        <time>2023-10-08T13:21:06.000Z</time>
        <extensions>
          <ns3:TrackPointExtension>
            <ns3:hr>109</ns3:hr>
          </ns3:TrackPointExtension>
        </extensions>
      </trkpt>
      <trkpt lat="47.772039882838726043701171875" lon="18.9231949858367443084716796875">
        <ele>231.600006103515625</ele>
        <time>2023-10-08T13:21:19.000Z</time>
        <extensions>
          <ns3:TrackPointExtension>
            <ns3:hr>109</ns3:hr>
          </ns3:TrackPointExtension>
        </extensions>
      </trkpt>
      <trkpt lat="47.77208154089748859405517578125" lon="18.92313287593424320220947265625">
        <ele>232.1999969482421875</ele>
        <time>2023-10-08T13:21:24.000Z</time>
        <extensions>
          <ns3:TrackPointExtension>
            <ns3:hr>112</ns3:hr>
          </ns3:TrackPointExtension>
        </extensions>
      </trkpt>
      <trkpt lat="47.7720697224140167236328125" lon="18.92309968359768390655517578125">
        <ele>231.8000030517578125</ele>
        <time>2023-10-08T13:21:30.000Z</time>
        <extensions>
          <ns3:TrackPointExtension>
            <ns3:hr>111</ns3:hr>
          </ns3:TrackPointExtension>
        </extensions>
      </trkpt>
      <trkpt lat="47.7720697224140167236328125" lon="18.923096247017383575439453125">
        <ele>231.8000030517578125</ele>
        <time>2023-10-08T13:21:34.000Z</time>
        <extensions>
          <ns3:TrackPointExtension>
            <ns3:hr>110</ns3:hr>
          </ns3:TrackPointExtension>
        </extensions>
      </trkpt>
      <trkpt lat="47.772055976092815399169921875" lon="18.9230705983936786651611328125">
        <ele>231.600006103515625</ele>
        <time>2023-10-08T13:21:39.000Z</time>
        <extensions>
          <ns3:TrackPointExtension>
            <ns3:hr>113</ns3:hr>
          </ns3:TrackPointExtension>
        </extensions>
      </trkpt>
      <trkpt lat="47.7720594964921474456787109375" lon="18.92306045629084110260009765625">
        <ele>231.8000030517578125</ele>
        <time>2023-10-08T13:21:41.000Z</time>
        <extensions>
          <ns3:TrackPointExtension>
            <ns3:hr>113</ns3:hr>
          </ns3:TrackPointExtension>
        </extensions>
      </trkpt>
      <trkpt lat="47.772052288055419921875" lon="18.9230270124971866607666015625">
        <ele>231.600006103515625</ele>
        <time>2023-10-08T13:21:49.000Z</time>
        <extensions>
          <ns3:TrackPointExtension>
            <ns3:hr>115</ns3:hr>
          </ns3:TrackPointExtension>
        </extensions>
      </trkpt>
      <trkpt lat="47.77199671603739261627197265625" lon="18.923001699149608612060546875">
        <ele>230.399993896484375</ele>
        <time>2023-10-08T13:21:55.000Z</time>
        <extensions>
          <ns3:TrackPointExtension>
            <ns3:hr>116</ns3:hr>
          </ns3:TrackPointExtension>
        </extensions>
      </trkpt>
      <trkpt lat="47.77191943489015102386474609375" lon="18.9229840971529483795166015625">
        <ele>228.1999969482421875</ele>
        <time>2023-10-08T13:22:02.000Z</time>
        <extensions>
          <ns3:TrackPointExtension>
            <ns3:hr>116</ns3:hr>
          </ns3:TrackPointExtension>
        </extensions>
      </trkpt>
      <trkpt lat="47.77188104577362537384033203125" lon="18.92300195060670375823974609375">
        <ele>227</ele>
        <time>2023-10-08T13:22:08.000Z</time>
        <extensions>
          <ns3:TrackPointExtension>
            <ns3:hr>118</ns3:hr>
          </ns3:TrackPointExtension>
        </extensions>
      </trkpt>
      <trkpt lat="47.7718556486070156097412109375" lon="18.92302860505878925323486328125">
        <ele>226.399993896484375</ele>
        <time>2023-10-08T13:22:14.000Z</time>
        <extensions>
          <ns3:TrackPointExtension>
            <ns3:hr>117</ns3:hr>
          </ns3:TrackPointExtension>
        </extensions>
      </trkpt>
      <trkpt lat="47.77184349484741687774658203125" lon="18.9230374060571193695068359375">
        <ele>226</ele>
        <time>2023-10-08T13:22:22.000Z</time>
        <extensions>
          <ns3:TrackPointExtension>
            <ns3:hr>117</ns3:hr>
          </ns3:TrackPointExtension>
        </extensions>
      </trkpt>
      <trkpt lat="47.77183276601135730743408203125" lon="18.92306037247180938720703125">
        <ele>225.8000030517578125</ele>
        <time>2023-10-08T13:22:29.000Z</time>
        <extensions>
          <ns3:TrackPointExtension>
            <ns3:hr>116</ns3:hr>
          </ns3:TrackPointExtension>
        </extensions>
      </trkpt>
      <trkpt lat="47.77180644683539867401123046875" lon="18.9230089075863361358642578125">
        <ele>225</ele>
        <time>2023-10-08T13:22:35.000Z</time>
        <extensions>
          <ns3:TrackPointExtension>
            <ns3:hr>117</ns3:hr>
          </ns3:TrackPointExtension>
        </extensions>
      </trkpt>
      <trkpt lat="47.77179001830518245697021484375" lon="18.9230058901011943817138671875">
        <ele>224.600006103515625</ele>
        <time>2023-10-08T13:22:41.000Z</time>
        <extensions>
          <ns3:TrackPointExtension>
            <ns3:hr>117</ns3:hr>
          </ns3:TrackPointExtension>
        </extensions>
      </trkpt>
      <trkpt lat="47.77177493087947368621826171875" lon="18.92300195060670375823974609375">
        <ele>224.1999969482421875</ele>
        <time>2023-10-08T13:22:47.000Z</time>
        <extensions>
          <ns3:TrackPointExtension>
            <ns3:hr>118</ns3:hr>
          </ns3:TrackPointExtension>
        </extensions>
      </trkpt>
      <trkpt lat="47.77176219038665294647216796875" lon="18.9230156131088733673095703125">
        <ele>224</ele>
        <time>2023-10-08T13:22:52.000Z</time>
        <extensions>
          <ns3:TrackPointExtension>
            <ns3:hr>118</ns3:hr>
          </ns3:TrackPointExtension>
        </extensions>
      </trkpt>
      <trkpt lat="47.771755568683147430419921875" lon="18.92302818596363067626953125">
        <ele>223.8000030517578125</ele>
        <time>2023-10-08T13:22:59.000Z</time>
        <extensions>
          <ns3:TrackPointExtension>
            <ns3:hr>118</ns3:hr>
          </ns3:TrackPointExtension>
        </extensions>
      </trkpt>
      <trkpt lat="47.77176487259566783905029296875" lon="18.92305391840636730194091796875">
        <ele>224.1999969482421875</ele>
        <time>2023-10-08T13:23:09.000Z</time>
        <extensions>
          <ns3:TrackPointExtension>
            <ns3:hr>117</ns3:hr>
          </ns3:TrackPointExtension>
        </extensions>
      </trkpt>
      <trkpt lat="47.77177073992788791656494140625" lon="18.92302759923040866851806640625">
        <ele>224.1999969482421875</ele>
        <time>2023-10-08T13:23:18.000Z</time>
        <extensions>
          <ns3:TrackPointExtension>
            <ns3:hr>115</ns3:hr>
          </ns3:TrackPointExtension>
        </extensions>
      </trkpt>
      <trkpt lat="47.77174576185643672943115234375" lon="18.92301167361438274383544921875">
        <ele>223.600006103515625</ele>
        <time>2023-10-08T13:23:23.000Z</time>
        <extensions>
          <ns3:TrackPointExtension>
            <ns3:hr>112</ns3:hr>
          </ns3:TrackPointExtension>
        </extensions>
      </trkpt>
      <trkpt lat="47.7717396430671215057373046875" lon="18.92300865612924098968505859375">
        <ele>223.399993896484375</ele>
        <time>2023-10-08T13:23:24.000Z</time>
        <extensions>
          <ns3:TrackPointExtension>
            <ns3:hr>111</ns3:hr>
          </ns3:TrackPointExtension>
        </extensions>
      </trkpt>
      <trkpt lat="47.7717168442904949188232421875" lon="18.922997675836086273193359375">
        <ele>222.8000030517578125</ele>
        <time>2023-10-08T13:23:30.000Z</time>
        <extensions>
          <ns3:TrackPointExtension>
            <ns3:hr>110</ns3:hr>
          </ns3:TrackPointExtension>
        </extensions>
      </trkpt>
      <trkpt lat="47.77170804329216480255126953125" lon="18.9229954965412616729736328125">
        <ele>222.600006103515625</ele>
        <time>2023-10-08T13:23:36.000Z</time>
        <extensions>
          <ns3:TrackPointExtension>
            <ns3:hr>109</ns3:hr>
          </ns3:TrackPointExtension>
        </extensions>
      </trkpt>
      <trkpt lat="47.77163227088749408721923828125" lon="18.92296926118433475494384765625">
        <ele>220.8000030517578125</ele>
        <time>2023-10-08T13:23:44.000Z</time>
        <extensions>
          <ns3:TrackPointExtension>
            <ns3:hr>108</ns3:hr>
          </ns3:TrackPointExtension>
        </extensions>
      </trkpt>
      <trkpt lat="47.77161248959600925445556640625" lon="18.92296104691922664642333984375">
        <ele>220.399993896484375</ele>
        <time>2023-10-08T13:23:51.000Z</time>
        <extensions>
          <ns3:TrackPointExtension>
            <ns3:hr>110</ns3:hr>
          </ns3:TrackPointExtension>
        </extensions>
      </trkpt>
      <trkpt lat="47.7716045267879962921142578125" lon="18.92294369637966156005859375">
        <ele>220.1999969482421875</ele>
        <time>2023-10-08T13:23:58.000Z</time>
        <extensions>
          <ns3:TrackPointExtension>
            <ns3:hr>112</ns3:hr>
          </ns3:TrackPointExtension>
        </extensions>
      </trkpt>
      <trkpt lat="47.7716045267879962921142578125" lon="18.92294369637966156005859375">
        <ele>220.1999969482421875</ele>
        <time>2023-10-08T13:24:05.000Z</time>
        <extensions>
          <ns3:TrackPointExtension>
            <ns3:hr>115</ns3:hr>
          </ns3:TrackPointExtension>
        </extensions>
      </trkpt>
      <trkpt lat="47.77159354649484157562255859375" lon="18.92294528894126415252685546875">
        <ele>220</ele>
        <time>2023-10-08T13:24:29.000Z</time>
        <extensions>
          <ns3:TrackPointExtension>
            <ns3:hr>118</ns3:hr>
          </ns3:TrackPointExtension>
        </extensions>
      </trkpt>
      <trkpt lat="47.77157627977430820465087890625" lon="18.9229301176965236663818359375">
        <ele>219.600006103515625</ele>
        <time>2023-10-08T13:25:08.000Z</time>
        <extensions>
          <ns3:TrackPointExtension>
            <ns3:hr>115</ns3:hr>
          </ns3:TrackPointExtension>
        </extensions>
      </trkpt>
      <trkpt lat="47.771573849022388458251953125" lon="18.9229244180023670196533203125">
        <ele>219.399993896484375</ele>
        <time>2023-10-08T13:25:09.000Z</time>
        <extensions>
          <ns3:TrackPointExtension>
            <ns3:hr>115</ns3:hr>
          </ns3:TrackPointExtension>
        </extensions>
      </trkpt>
      <trkpt lat="47.77156211435794830322265625" lon="18.92290857620537281036376953125">
        <ele>219.1999969482421875</ele>
        <time>2023-10-08T13:25:16.000Z</time>
        <extensions>
          <ns3:TrackPointExtension>
            <ns3:hr>113</ns3:hr>
          </ns3:TrackPointExtension>
        </extensions>
      </trkpt>
      <trkpt lat="47.77156504802405834197998046875" lon="18.9229089953005313873291015625">
        <ele>219.1999969482421875</ele>
        <time>2023-10-08T13:25:32.000Z</time>
        <extensions>
          <ns3:TrackPointExtension>
            <ns3:hr>116</ns3:hr>
          </ns3:TrackPointExtension>
        </extensions>
      </trkpt>
      <trkpt lat="47.771553732454776763916015625" lon="18.9228945784270763397216796875">
        <ele>219</ele>
        <time>2023-10-08T13:25:35.000Z</time>
        <extensions>
          <ns3:TrackPointExtension>
            <ns3:hr>115</ns3:hr>
          </ns3:TrackPointExtension>
        </extensions>
      </trkpt>
      <trkpt lat="47.771553732454776763916015625" lon="18.9228945784270763397216796875">
        <ele>219</ele>
        <time>2023-10-08T13:25:40.000Z</time>
        <extensions>
          <ns3:TrackPointExtension>
            <ns3:hr>118</ns3:hr>
          </ns3:TrackPointExtension>
        </extensions>
      </trkpt>
      <trkpt lat="47.771555744111537933349609375" lon="18.92288862727582454681396484375">
        <ele>218.8000030517578125</ele>
        <time>2023-10-08T13:25:46.000Z</time>
        <extensions>
          <ns3:TrackPointExtension>
            <ns3:hr>121</ns3:hr>
          </ns3:TrackPointExtension>
        </extensions>
      </trkpt>
      <trkpt lat="47.77156135998666286468505859375" lon="18.92288309521973133087158203125">
        <ele>219</ele>
        <time>2023-10-08T13:25:49.000Z</time>
        <extensions>
          <ns3:TrackPointExtension>
            <ns3:hr>124</ns3:hr>
          </ns3:TrackPointExtension>
        </extensions>
      </trkpt>
      <trkpt lat="47.771562449634075164794921875" lon="18.92288242466747760772705078125">
        <ele>219</ele>
        <time>2023-10-08T13:25:50.000Z</time>
        <extensions>
          <ns3:TrackPointExtension>
            <ns3:hr>128</ns3:hr>
          </ns3:TrackPointExtension>
        </extensions>
      </trkpt>
      <trkpt lat="47.7715666405856609344482421875" lon="18.92288091592490673065185546875">
        <ele>219</ele>
        <time>2023-10-08T13:25:52.000Z</time>
        <extensions>
          <ns3:TrackPointExtension>
            <ns3:hr>133</ns3:hr>
          </ns3:TrackPointExtension>
        </extensions>
      </trkpt>
      <trkpt lat="47.77157225646078586578369140625" lon="18.92287756316363811492919921875">
        <ele>219</ele>
        <time>2023-10-08T13:25:53.000Z</time>
        <extensions>
          <ns3:TrackPointExtension>
            <ns3:hr>133</ns3:hr>
          </ns3:TrackPointExtension>
        </extensions>
      </trkpt>
      <trkpt lat="47.771577872335910797119140625" lon="18.922869265079498291015625">
        <ele>219</ele>
        <time>2023-10-08T13:25:57.000Z</time>
        <extensions>
          <ns3:TrackPointExtension>
            <ns3:hr>130</ns3:hr>
          </ns3:TrackPointExtension>
        </extensions>
      </trkpt>
      <trkpt lat="47.77164434082806110382080078125" lon="18.92285442911088466644287109375">
        <ele>220.399993896484375</ele>
        <time>2023-10-08T13:26:12.000Z</time>
        <extensions>
          <ns3:TrackPointExtension>
            <ns3:hr>134</ns3:hr>
          </ns3:TrackPointExtension>
        </extensions>
      </trkpt>
      <trkpt lat="47.77164501138031482696533203125" lon="18.9228526689112186431884765625">
        <ele>220.1999969482421875</ele>
        <time>2023-10-08T13:26:14.000Z</time>
        <extensions>
          <ns3:TrackPointExtension>
            <ns3:hr>137</ns3:hr>
          </ns3:TrackPointExtension>
        </extensions>
      </trkpt>
      <trkpt lat="47.771652974188327789306640625" lon="18.922851495444774627685546875">
        <ele>220.399993896484375</ele>
        <time>2023-10-08T13:26:19.000Z</time>
        <extensions>
          <ns3:TrackPointExtension>
            <ns3:hr>140</ns3:hr>
          </ns3:TrackPointExtension>
        </extensions>
      </trkpt>
      <trkpt lat="47.7716608531773090362548828125" lon="18.922850154340267181396484375">
        <ele>220.600006103515625</ele>
        <time>2023-10-08T13:26:44.000Z</time>
        <extensions>
          <ns3:TrackPointExtension>
            <ns3:hr>137</ns3:hr>
          </ns3:TrackPointExtension>
        </extensions>
      </trkpt>
      <trkpt lat="47.77165959589183330535888671875" lon="18.92284579575061798095703125">
        <ele>220.600006103515625</ele>
        <time>2023-10-08T13:26:50.000Z</time>
        <extensions>
          <ns3:TrackPointExtension>
            <ns3:hr>134</ns3:hr>
          </ns3:TrackPointExtension>
        </extensions>
      </trkpt>
      <trkpt lat="47.7716343663632869720458984375" lon="18.9228411018848419189453125">
        <ele>219.8000030517578125</ele>
        <time>2023-10-08T13:26:57.000Z</time>
        <extensions>
          <ns3:TrackPointExtension>
            <ns3:hr>131</ns3:hr>
          </ns3:TrackPointExtension>
        </extensions>
      </trkpt>
      <trkpt lat="47.7716075442731380462646484375" lon="18.9228234998881816864013671875">
        <ele>219</ele>
        <time>2023-10-08T13:27:04.000Z</time>
        <extensions>
          <ns3:TrackPointExtension>
            <ns3:hr>128</ns3:hr>
          </ns3:TrackPointExtension>
        </extensions>
      </trkpt>
      <trkpt lat="47.7715884335339069366455078125" lon="18.9228204824030399322509765625">
        <ele>218.600006103515625</ele>
        <time>2023-10-08T13:27:14.000Z</time>
        <extensions>
          <ns3:TrackPointExtension>
            <ns3:hr>125</ns3:hr>
          </ns3:TrackPointExtension>
        </extensions>
      </trkpt>
      <trkpt lat="47.7715730108320713043212890625" lon="18.9228164590895175933837890625">
        <ele>218.1999969482421875</ele>
        <time>2023-10-08T13:27:25.000Z</time>
        <extensions>
          <ns3:TrackPointExtension>
            <ns3:hr>122</ns3:hr>
          </ns3:TrackPointExtension>
        </extensions>
      </trkpt>
      <trkpt lat="47.77150939218699932098388671875" lon="18.92277848906815052032470703125">
        <ele>216.1999969482421875</ele>
        <time>2023-10-08T13:27:46.000Z</time>
        <extensions>
          <ns3:TrackPointExtension>
            <ns3:hr>125</ns3:hr>
          </ns3:TrackPointExtension>
        </extensions>
      </trkpt>
      <trkpt lat="47.7714955620467662811279296875" lon="18.92277111299335956573486328125">
        <ele>215.8000030517578125</ele>
        <time>2023-10-08T13:27:51.000Z</time>
        <extensions>
          <ns3:TrackPointExtension>
            <ns3:hr>122</ns3:hr>
          </ns3:TrackPointExtension>
        </extensions>
      </trkpt>
      <trkpt lat="47.77149363420903682708740234375" lon="18.922769017517566680908203125">
        <ele>215.8000030517578125</ele>
        <time>2023-10-08T13:27:55.000Z</time>
        <extensions>
          <ns3:TrackPointExtension>
            <ns3:hr>125</ns3:hr>
          </ns3:TrackPointExtension>
        </extensions>
      </trkpt>
      <trkpt lat="47.77147485874593257904052734375" lon="18.922767341136932373046875">
        <ele>215.399993896484375</ele>
        <time>2023-10-08T13:28:08.000Z</time>
        <extensions>
          <ns3:TrackPointExtension>
            <ns3:hr>122</ns3:hr>
          </ns3:TrackPointExtension>
        </extensions>
      </trkpt>
      <trkpt lat="47.771423645317554473876953125" lon="18.9227658323943614959716796875">
        <ele>214.1999969482421875</ele>
        <time>2023-10-08T13:28:26.000Z</time>
        <extensions>
          <ns3:TrackPointExtension>
            <ns3:hr>119</ns3:hr>
          </ns3:TrackPointExtension>
        </extensions>
      </trkpt>
      <trkpt lat="47.77138550765812397003173828125" lon="18.92274077050387859344482421875">
        <ele>213</ele>
        <time>2023-10-08T13:28:39.000Z</time>
        <extensions>
          <ns3:TrackPointExtension>
            <ns3:hr>122</ns3:hr>
          </ns3:TrackPointExtension>
        </extensions>
      </trkpt>
      <trkpt lat="47.771365307271480560302734375" lon="18.92271981574594974517822265625">
        <ele>212.399993896484375</ele>
        <time>2023-10-08T13:28:49.000Z</time>
        <extensions>
          <ns3:TrackPointExtension>
            <ns3:hr>125</ns3:hr>
          </ns3:TrackPointExtension>
        </extensions>
      </trkpt>
      <trkpt lat="47.7713601104915142059326171875" lon="18.92271528951823711395263671875">
        <ele>212.1999969482421875</ele>
        <time>2023-10-08T13:28:54.000Z</time>
        <extensions>
          <ns3:TrackPointExtension>
            <ns3:hr>128</ns3:hr>
          </ns3:TrackPointExtension>
        </extensions>
      </trkpt>
      <trkpt lat="47.77135700918734073638916015625" lon="18.92271026037633419036865234375">
        <ele>212</ele>
        <time>2023-10-08T13:29:13.000Z</time>
        <extensions>
          <ns3:TrackPointExtension>
            <ns3:hr>131</ns3:hr>
          </ns3:TrackPointExtension>
        </extensions>
      </trkpt>
      <trkpt lat="47.77135047130286693572998046875" lon="18.9227048121392726898193359375">
        <ele>211.8000030517578125</ele>
        <time>2023-10-08T13:29:36.000Z</time>
        <extensions>
          <ns3:TrackPointExtension>
            <ns3:hr>134</ns3:hr>
          </ns3:TrackPointExtension>
        </extensions>
      </trkpt>
      <trkpt lat="47.77134753763675689697265625" lon="18.9227024652063846588134765625">
        <ele>211.8000030517578125</ele>
        <time>2023-10-08T13:29:44.000Z</time>
        <extensions>
          <ns3:TrackPointExtension>
            <ns3:hr>137</ns3:hr>
          </ns3:TrackPointExtension>
        </extensions>
      </trkpt>
      <trkpt lat="47.7713463641703128814697265625" lon="18.92270104028284549713134765625">
        <ele>211.600006103515625</ele>
        <time>2023-10-08T13:29:48.000Z</time>
        <extensions>
          <ns3:TrackPointExtension>
            <ns3:hr>134</ns3:hr>
          </ns3:TrackPointExtension>
        </extensions>
      </trkpt>
      <trkpt lat="47.77134560979902744293212890625" lon="18.9227004535496234893798828125">
        <ele>211.600006103515625</ele>
        <time>2023-10-08T13:29:50.000Z</time>
        <extensions>
          <ns3:TrackPointExtension>
            <ns3:hr>131</ns3:hr>
          </ns3:TrackPointExtension>
        </extensions>
      </trkpt>
      <trkpt lat="47.77134393341839313507080078125" lon="18.92269919626414775848388671875">
        <ele>211.600006103515625</ele>
        <time>2023-10-08T13:29:54.000Z</time>
        <extensions>
          <ns3:TrackPointExtension>
            <ns3:hr>134</ns3:hr>
          </ns3:TrackPointExtension>
        </extensions>
      </trkpt>
      <trkpt lat="47.77131577022373676300048828125" lon="18.92267455346882343292236328125">
        <ele>210.600006103515625</ele>
        <time>2023-10-08T13:30:55.000Z</time>
        <extensions>
          <ns3:TrackPointExtension>
            <ns3:hr>137</ns3:hr>
          </ns3:TrackPointExtension>
        </extensions>
      </trkpt>
      <trkpt lat="47.77131141163408756256103515625" lon="18.92267103306949138641357421875">
        <ele>210.399993896484375</ele>
        <time>2023-10-08T13:31:03.000Z</time>
        <extensions>
          <ns3:TrackPointExtension>
            <ns3:hr>140</ns3:hr>
          </ns3:TrackPointExtension>
        </extensions>
      </trkpt>
      <trkpt lat="47.771303951740264892578125" lon="18.92266499809920787811279296875">
        <ele>210.1999969482421875</ele>
        <time>2023-10-08T13:31:16.000Z</time>
        <extensions>
          <ns3:TrackPointExtension>
            <ns3:hr>136</ns3:hr>
          </ns3:TrackPointExtension>
        </extensions>
      </trkpt>
      <trkpt lat="47.77129766531288623809814453125" lon="18.922661058604717254638671875">
        <ele>210</ele>
        <time>2023-10-08T13:31:26.000Z</time>
        <extensions>
          <ns3:TrackPointExtension>
            <ns3:hr>133</ns3:hr>
          </ns3:TrackPointExtension>
        </extensions>
      </trkpt>
      <trkpt lat="47.7712353877723217010498046875" lon="18.92261973582208156585693359375">
        <ele>208</ele>
        <time>2023-10-08T13:32:55.000Z</time>
        <extensions>
          <ns3:TrackPointExtension>
            <ns3:hr>136</ns3:hr>
          </ns3:TrackPointExtension>
        </extensions>
      </trkpt>
      <trkpt lat="47.77122993953526020050048828125" lon="18.92261604778468608856201171875">
        <ele>208</ele>
        <time>2023-10-08T13:33:02.000Z</time>
        <extensions>
          <ns3:TrackPointExtension>
            <ns3:hr>133</ns3:hr>
          </ns3:TrackPointExtension>
        </extensions>
      </trkpt>
      <trkpt lat="47.7712246589362621307373046875" lon="18.92261219210922718048095703125">
        <ele>207.8000030517578125</ele>
        <time>2023-10-08T13:33:09.000Z</time>
        <extensions>
          <ns3:TrackPointExtension>
            <ns3:hr>136</ns3:hr>
          </ns3:TrackPointExtension>
        </extensions>
      </trkpt>
      <trkpt lat="47.77121216990053653717041015625" lon="18.92260414548218250274658203125">
        <ele>207.399993896484375</ele>
        <time>2023-10-08T13:33:25.000Z</time>
        <extensions>
          <ns3:TrackPointExtension>
            <ns3:hr>133</ns3:hr>
          </ns3:TrackPointExtension>
        </extensions>
      </trkpt>
      <trkpt lat="47.77119574137032032012939453125" lon="18.9225911535322666168212890625">
        <ele>206.8000030517578125</ele>
        <time>2023-10-08T13:33:48.000Z</time>
        <extensions>
          <ns3:TrackPointExtension>
            <ns3:hr>130</ns3:hr>
          </ns3:TrackPointExtension>
        </extensions>
      </trkpt>
      <trkpt lat="47.7711938135325908660888671875" lon="18.9225889742374420166015625">
        <ele>206.8000030517578125</ele>
        <time>2023-10-08T13:33:51.000Z</time>
        <extensions>
          <ns3:TrackPointExtension>
            <ns3:hr>127</ns3:hr>
          </ns3:TrackPointExtension>
        </extensions>
      </trkpt>
      <trkpt lat="47.77119087986648082733154296875" lon="18.92258570529520511627197265625">
        <ele>206.600006103515625</ele>
        <time>2023-10-08T13:33:56.000Z</time>
        <extensions>
          <ns3:TrackPointExtension>
            <ns3:hr>124</ns3:hr>
          </ns3:TrackPointExtension>
        </extensions>
      </trkpt>
      <trkpt lat="47.7711780555546283721923828125" lon="18.92257564701139926910400390625">
        <ele>206</ele>
        <time>2023-10-08T13:34:11.000Z</time>
        <extensions>
          <ns3:TrackPointExtension>
            <ns3:hr>127</ns3:hr>
          </ns3:TrackPointExtension>
        </extensions>
      </trkpt>
      <trkpt lat="47.7711740322411060333251953125" lon="18.92257162369787693023681640625">
        <ele>205.8000030517578125</ele>
        <time>2023-10-08T13:34:17.000Z</time>
        <extensions>
          <ns3:TrackPointExtension>
            <ns3:hr>130</ns3:hr>
          </ns3:TrackPointExtension>
        </extensions>
      </trkpt>
      <trkpt lat="47.77117059566080570220947265625" lon="18.92256810329854488372802734375">
        <ele>205.8000030517578125</ele>
        <time>2023-10-08T13:34:22.000Z</time>
        <extensions>
          <ns3:TrackPointExtension>
            <ns3:hr>133</ns3:hr>
          </ns3:TrackPointExtension>
        </extensions>
      </trkpt>
      <trkpt lat="47.7711604535579681396484375" lon="18.9225606434047222137451171875">
        <ele>205.1999969482421875</ele>
        <time>2023-10-08T13:34:36.000Z</time>
        <extensions>
          <ns3:TrackPointExtension>
            <ns3:hr>130</ns3:hr>
          </ns3:TrackPointExtension>
        </extensions>
      </trkpt>
      <trkpt lat="47.77115014381706714630126953125" lon="18.92255435697734355926513671875">
        <ele>204.8000030517578125</ele>
        <time>2023-10-08T13:34:50.000Z</time>
        <extensions>
          <ns3:TrackPointExtension>
            <ns3:hr>127</ns3:hr>
          </ns3:TrackPointExtension>
        </extensions>
      </trkpt>
      <trkpt lat="47.77096356265246868133544921875" lon="18.922415636479854583740234375">
        <ele>196.1999969482421875</ele>
        <time>2023-10-08T13:35:23.000Z</time>
        <extensions>
          <ns3:TrackPointExtension>
            <ns3:hr>124</ns3:hr>
          </ns3:TrackPointExtension>
        </extensions>
      </trkpt>
      <trkpt lat="47.77063029818236827850341796875" lon="18.92216376028954982757568359375">
        <ele>184.8000030517578125</ele>
        <time>2023-10-08T13:35:27.000Z</time>
        <extensions>
          <ns3:TrackPointExtension>
            <ns3:hr>125</ns3:hr>
          </ns3:TrackPointExtension>
        </extensions>
      </trkpt>
      <trkpt lat="47.77054547332227230072021484375" lon="18.92210550606250762939453125">
        <ele>181</ele>
        <time>2023-10-08T13:35:28.000Z</time>
        <extensions>
          <ns3:TrackPointExtension>
            <ns3:hr>126</ns3:hr>
          </ns3:TrackPointExtension>
        </extensions>
      </trkpt>
      <trkpt lat="47.77037465013563632965087890625" lon="18.92199059017002582550048828125">
        <ele>174.1999969482421875</ele>
        <time>2023-10-08T13:35:30.000Z</time>
        <extensions>
          <ns3:TrackPointExtension>
            <ns3:hr>126</ns3:hr>
          </ns3:TrackPointExtension>
        </extensions>
      </trkpt>
      <trkpt lat="47.77027306146919727325439453125" lon="18.92190844751894474029541015625">
        <ele>171</ele>
        <time>2023-10-08T13:35:36.000Z</time>
        <extensions>
          <ns3:TrackPointExtension>
            <ns3:hr>128</ns3:hr>
          </ns3:TrackPointExtension>
        </extensions>
      </trkpt>
      <trkpt lat="47.77024506591260433197021484375" lon="18.92192604951560497283935546875">
        <ele>170</ele>
        <time>2023-10-08T13:35:42.000Z</time>
        <extensions>
          <ns3:TrackPointExtension>
            <ns3:hr>133</ns3:hr>
          </ns3:TrackPointExtension>
        </extensions>
      </trkpt>
      <trkpt lat="47.77024288661777973175048828125" lon="18.92192982137203216552734375">
        <ele>170</ele>
        <time>2023-10-08T13:35:43.000Z</time>
        <extensions>
          <ns3:TrackPointExtension>
            <ns3:hr>131</ns3:hr>
          </ns3:TrackPointExtension>
        </extensions>
      </trkpt>
      <trkpt lat="47.77023534290492534637451171875" lon="18.92189118079841136932373046875">
        <ele>169.8000030517578125</ele>
        <time>2023-10-08T13:35:49.000Z</time>
        <extensions>
          <ns3:TrackPointExtension>
            <ns3:hr>130</ns3:hr>
          </ns3:TrackPointExtension>
        </extensions>
      </trkpt>
      <trkpt lat="47.77020114473998546600341796875" lon="18.92188766039907932281494140625">
        <ele>168.8000030517578125</ele>
        <time>2023-10-08T13:35:56.000Z</time>
        <extensions>
          <ns3:TrackPointExtension>
            <ns3:hr>130</ns3:hr>
          </ns3:TrackPointExtension>
        </extensions>
      </trkpt>
      <trkpt lat="47.77016895823180675506591796875" lon="18.92187341116368770599365234375">
        <ele>167.8000030517578125</ele>
        <time>2023-10-08T13:36:03.000Z</time>
        <extensions>
          <ns3:TrackPointExtension>
            <ns3:hr>130</ns3:hr>
          </ns3:TrackPointExtension>
        </extensions>
      </trkpt>
      <trkpt lat="47.77016443200409412384033203125" lon="18.9218508638441562652587890625">
        <ele>167.600006103515625</ele>
        <time>2023-10-08T13:36:09.000Z</time>
        <extensions>
          <ns3:TrackPointExtension>
            <ns3:hr>130</ns3:hr>
          </ns3:TrackPointExtension>
        </extensions>
      </trkpt>
      <trkpt lat="47.770145572721958160400390625" lon="18.92187005840241909027099609375">
        <ele>167.1999969482421875</ele>
        <time>2023-10-08T13:36:19.000Z</time>
        <extensions>
          <ns3:TrackPointExtension>
            <ns3:hr>131</ns3:hr>
          </ns3:TrackPointExtension>
        </extensions>
      </trkpt>
      <trkpt lat="47.77013325132429599761962890625" lon="18.92186352051794528961181640625">
        <ele>167</ele>
        <time>2023-10-08T13:36:25.000Z</time>
        <extensions>
          <ns3:TrackPointExtension>
            <ns3:hr>132</ns3:hr>
          </ns3:TrackPointExtension>
        </extensions>
      </trkpt>
      <trkpt lat="47.77011908590793609619140625" lon="18.92185430042445659637451171875">
        <ele>166.600006103515625</ele>
        <time>2023-10-08T13:36:32.000Z</time>
        <extensions>
          <ns3:TrackPointExtension>
            <ns3:hr>131</ns3:hr>
          </ns3:TrackPointExtension>
        </extensions>
      </trkpt>
      <trkpt lat="47.7700889110565185546875" lon="18.92183016054332256317138671875">
        <ele>165.8000030517578125</ele>
        <time>2023-10-08T13:36:39.000Z</time>
        <extensions>
          <ns3:TrackPointExtension>
            <ns3:hr>128</ns3:hr>
          </ns3:TrackPointExtension>
        </extensions>
      </trkpt>
      <trkpt lat="47.770086564123630523681640625" lon="18.9218260534107685089111328125">
        <ele>165.8000030517578125</ele>
        <time>2023-10-08T13:36:40.000Z</time>
        <extensions>
          <ns3:TrackPointExtension>
            <ns3:hr>128</ns3:hr>
          </ns3:TrackPointExtension>
        </extensions>
      </trkpt>
      <trkpt lat="47.77005597017705440521240234375" lon="18.92181976698338985443115234375">
        <ele>165.1999969482421875</ele>
        <time>2023-10-08T13:36:47.000Z</time>
        <extensions>
          <ns3:TrackPointExtension>
            <ns3:hr>126</ns3:hr>
          </ns3:TrackPointExtension>
        </extensions>
      </trkpt>
      <trkpt lat="47.77001976035535335540771484375" lon="18.92178975977003574371337890625">
        <ele>163.8000030517578125</ele>
        <time>2023-10-08T13:36:54.000Z</time>
        <extensions>
          <ns3:TrackPointExtension>
            <ns3:hr>127</ns3:hr>
          </ns3:TrackPointExtension>
        </extensions>
      </trkpt>
      <trkpt lat="47.7699703909456729888916015625" lon="18.92174567095935344696044921875">
        <ele>162.399993896484375</ele>
        <time>2023-10-08T13:37:04.000Z</time>
        <extensions>
          <ns3:TrackPointExtension>
            <ns3:hr>126</ns3:hr>
          </ns3:TrackPointExtension>
        </extensions>
      </trkpt>
      <trkpt lat="47.7699398808181285858154296875" lon="18.92172706313431262969970703125">
        <ele>161.600006103515625</ele>
        <time>2023-10-08T13:37:09.000Z</time>
        <extensions>
          <ns3:TrackPointExtension>
            <ns3:hr>123</ns3:hr>
          </ns3:TrackPointExtension>
        </extensions>
      </trkpt>
      <trkpt lat="47.7699154056608676910400390625" lon="18.9217261411249637603759765625">
        <ele>161.1999969482421875</ele>
        <time>2023-10-08T13:37:11.000Z</time>
        <extensions>
          <ns3:TrackPointExtension>
            <ns3:hr>124</ns3:hr>
          </ns3:TrackPointExtension>
        </extensions>
      </trkpt>
      <trkpt lat="47.76991699822247028350830078125" lon="18.9216885901987552642822265625">
        <ele>161</ele>
        <time>2023-10-08T13:37:16.000Z</time>
        <extensions>
          <ns3:TrackPointExtension>
            <ns3:hr>124</ns3:hr>
          </ns3:TrackPointExtension>
        </extensions>
      </trkpt>
      <trkpt lat="47.76986536569893360137939453125" lon="18.92165682278573513031005859375">
        <ele>159.600006103515625</ele>
        <time>2023-10-08T13:37:24.000Z</time>
        <extensions>
          <ns3:TrackPointExtension>
            <ns3:hr>124</ns3:hr>
          </ns3:TrackPointExtension>
        </extensions>
      </trkpt>
      <trkpt lat="47.76979462243616580963134765625" lon="18.921592533588409423828125">
        <ele>157.600006103515625</ele>
        <time>2023-10-08T13:37:32.000Z</time>
        <extensions>
          <ns3:TrackPointExtension>
            <ns3:hr>124</ns3:hr>
          </ns3:TrackPointExtension>
        </extensions>
      </trkpt>
      <trkpt lat="47.76973578147590160369873046875" lon="18.9215896837413311004638671875">
        <ele>155.600006103515625</ele>
        <time>2023-10-08T13:37:41.000Z</time>
        <extensions>
          <ns3:TrackPointExtension>
            <ns3:hr>122</ns3:hr>
          </ns3:TrackPointExtension>
        </extensions>
      </trkpt>
      <trkpt lat="47.769710384309291839599609375" lon="18.92156445421278476715087890625">
        <ele>154.600006103515625</ele>
        <time>2023-10-08T13:37:48.000Z</time>
        <extensions>
          <ns3:TrackPointExtension>
            <ns3:hr>123</ns3:hr>
          </ns3:TrackPointExtension>
        </extensions>
      </trkpt>
      <trkpt lat="47.7697051875293254852294921875" lon="18.92154836095869541168212890625">
        <ele>154.399993896484375</ele>
        <time>2023-10-08T13:37:56.000Z</time>
        <extensions>
          <ns3:TrackPointExtension>
            <ns3:hr>122</ns3:hr>
          </ns3:TrackPointExtension>
        </extensions>
      </trkpt>
      <trkpt lat="47.76967744342982769012451171875" lon="18.9215229637920856475830078125">
        <ele>153.1999969482421875</ele>
        <time>2023-10-08T13:38:07.000Z</time>
        <extensions>
          <ns3:TrackPointExtension>
            <ns3:hr>120</ns3:hr>
          </ns3:TrackPointExtension>
        </extensions>
      </trkpt>
      <trkpt lat="47.76962514035403728485107421875" lon="18.92146504484117031097412109375">
        <ele>151.1999969482421875</ele>
        <time>2023-10-08T13:38:15.000Z</time>
        <extensions>
          <ns3:TrackPointExtension>
            <ns3:hr>119</ns3:hr>
          </ns3:TrackPointExtension>
        </extensions>
      </trkpt>
      <trkpt lat="47.76963419280946254730224609375" lon="18.9214716665446758270263671875">
        <ele>151.399993896484375</ele>
        <time>2023-10-08T13:38:21.000Z</time>
        <extensions>
          <ns3:TrackPointExtension>
            <ns3:hr>120</ns3:hr>
          </ns3:TrackPointExtension>
        </extensions>
      </trkpt>
      <trkpt lat="47.7696106396615505218505859375" lon="18.92143486998975276947021484375">
        <ele>150.399993896484375</ele>
        <time>2023-10-08T13:38:29.000Z</time>
        <extensions>
          <ns3:TrackPointExtension>
            <ns3:hr>120</ns3:hr>
          </ns3:TrackPointExtension>
        </extensions>
      </trkpt>
      <trkpt lat="47.76960946619510650634765625" lon="18.9214193634688854217529296875">
        <ele>150.1999969482421875</ele>
        <time>2023-10-08T13:38:31.000Z</time>
        <extensions>
          <ns3:TrackPointExtension>
            <ns3:hr>123</ns3:hr>
          </ns3:TrackPointExtension>
        </extensions>
      </trkpt>
      <trkpt lat="47.769591026008129119873046875" lon="18.9213982410728931427001953125">
        <ele>149.600006103515625</ele>
        <time>2023-10-08T13:38:36.000Z</time>
        <extensions>
          <ns3:TrackPointExtension>
            <ns3:hr>120</ns3:hr>
          </ns3:TrackPointExtension>
        </extensions>
      </trkpt>
      <trkpt lat="47.76958934962749481201171875" lon="18.9213975705206394195556640625">
        <ele>149.399993896484375</ele>
        <time>2023-10-08T13:38:37.000Z</time>
        <extensions>
          <ns3:TrackPointExtension>
            <ns3:hr>118</ns3:hr>
          </ns3:TrackPointExtension>
        </extensions>
      </trkpt>
      <trkpt lat="47.76958859525620937347412109375" lon="18.92140234820544719696044921875">
        <ele>149.399993896484375</ele>
        <time>2023-10-08T13:38:38.000Z</time>
        <extensions>
          <ns3:TrackPointExtension>
            <ns3:hr>122</ns3:hr>
          </ns3:TrackPointExtension>
        </extensions>
      </trkpt>
      <trkpt lat="47.76956655085086822509765625" lon="18.9214114844799041748046875">
        <ele>148.8000030517578125</ele>
        <time>2023-10-08T13:38:42.000Z</time>
        <extensions>
          <ns3:TrackPointExtension>
            <ns3:hr>125</ns3:hr>
          </ns3:TrackPointExtension>
        </extensions>
      </trkpt>
      <trkpt lat="47.76955406181514263153076171875" lon="18.92140704207122325897216796875">
        <ele>148.399993896484375</ele>
        <time>2023-10-08T13:38:44.000Z</time>
        <extensions>
          <ns3:TrackPointExtension>
            <ns3:hr>128</ns3:hr>
          </ns3:TrackPointExtension>
        </extensions>
      </trkpt>
      <trkpt lat="47.7695036865770816802978515625" lon="18.9213787950575351715087890625">
        <ele>146.600006103515625</ele>
        <time>2023-10-08T13:38:49.000Z</time>
        <extensions>
          <ns3:TrackPointExtension>
            <ns3:hr>130</ns3:hr>
          </ns3:TrackPointExtension>
        </extensions>
      </trkpt>
      <trkpt lat="47.76945523917675018310546875" lon="18.9213633723556995391845703125">
        <ele>144.8000030517578125</ele>
        <time>2023-10-08T13:38:56.000Z</time>
        <extensions>
          <ns3:TrackPointExtension>
            <ns3:hr>133</ns3:hr>
          </ns3:TrackPointExtension>
        </extensions>
      </trkpt>
      <trkpt lat="47.7694245614111423492431640625" lon="18.92133009620010852813720703125">
        <ele>143.600006103515625</ele>
        <time>2023-10-08T13:39:03.000Z</time>
        <extensions>
          <ns3:TrackPointExtension>
            <ns3:hr>134</ns3:hr>
          </ns3:TrackPointExtension>
        </extensions>
      </trkpt>
      <trkpt lat="47.76937938295304775238037109375" lon="18.9213137514889240264892578125">
        <ele>142</ele>
        <time>2023-10-08T13:39:11.000Z</time>
        <extensions>
          <ns3:TrackPointExtension>
            <ns3:hr>135</ns3:hr>
          </ns3:TrackPointExtension>
        </extensions>
      </trkpt>
      <trkpt lat="47.76935641653835773468017578125" lon="18.92130226828157901763916015625">
        <ele>141.1999969482421875</ele>
        <time>2023-10-08T13:39:19.000Z</time>
        <extensions>
          <ns3:TrackPointExtension>
            <ns3:hr>134</ns3:hr>
          </ns3:TrackPointExtension>
        </extensions>
      </trkpt>
      <trkpt lat="47.769315429031848907470703125" lon="18.92127611674368381500244140625">
        <ele>139.8000030517578125</ele>
        <time>2023-10-08T13:39:26.000Z</time>
        <extensions>
          <ns3:TrackPointExtension>
            <ns3:hr>135</ns3:hr>
          </ns3:TrackPointExtension>
        </extensions>
      </trkpt>
      <trkpt lat="47.76931283064186573028564453125" lon="18.9212550781667232513427734375">
        <ele>139.600006103515625</ele>
        <time>2023-10-08T13:39:35.000Z</time>
        <extensions>
          <ns3:TrackPointExtension>
            <ns3:hr>135</ns3:hr>
          </ns3:TrackPointExtension>
        </extensions>
      </trkpt>
      <trkpt lat="47.76930377818644046783447265625" lon="18.9212648011744022369384765625">
        <ele>139.1999969482421875</ele>
        <time>2023-10-08T13:39:40.000Z</time>
        <extensions>
          <ns3:TrackPointExtension>
            <ns3:hr>134</ns3:hr>
          </ns3:TrackPointExtension>
        </extensions>
      </trkpt>
      <trkpt lat="47.7692820690572261810302734375" lon="18.9212477020919322967529296875">
        <ele>138.399993896484375</ele>
        <time>2023-10-08T13:39:46.000Z</time>
        <extensions>
          <ns3:TrackPointExtension>
            <ns3:hr>132</ns3:hr>
          </ns3:TrackPointExtension>
        </extensions>
      </trkpt>
      <trkpt lat="47.769262790679931640625" lon="18.92123957164585590362548828125">
        <ele>137.8000030517578125</ele>
        <time>2023-10-08T13:39:49.000Z</time>
        <extensions>
          <ns3:TrackPointExtension>
            <ns3:hr>128</ns3:hr>
          </ns3:TrackPointExtension>
        </extensions>
      </trkpt>
      <trkpt lat="47.76924678124487400054931640625" lon="18.921216689050197601318359375">
        <ele>137</ele>
        <time>2023-10-08T13:39:53.000Z</time>
        <extensions>
          <ns3:TrackPointExtension>
            <ns3:hr>128</ns3:hr>
          </ns3:TrackPointExtension>
        </extensions>
      </trkpt>
      <trkpt lat="47.76920570991933345794677734375" lon="18.92119162715971469879150390625">
        <ele>135.1999969482421875</ele>
        <time>2023-10-08T13:39:59.000Z</time>
        <extensions>
          <ns3:TrackPointExtension>
            <ns3:hr>126</ns3:hr>
          </ns3:TrackPointExtension>
        </extensions>
      </trkpt>
      <trkpt lat="47.7691962383687496185302734375" lon="18.92116296105086803436279296875">
        <ele>134.399993896484375</ele>
        <time>2023-10-08T13:40:06.000Z</time>
        <extensions>
          <ns3:TrackPointExtension>
            <ns3:hr>124</ns3:hr>
          </ns3:TrackPointExtension>
        </extensions>
      </trkpt>
      <trkpt lat="47.76919531635940074920654296875" lon="18.92114586196839809417724609375">
        <ele>134.1999969482421875</ele>
        <time>2023-10-08T13:40:09.000Z</time>
        <extensions>
          <ns3:TrackPointExtension>
            <ns3:hr>127</ns3:hr>
          </ns3:TrackPointExtension>
        </extensions>
      </trkpt>
      <trkpt lat="47.76918525807559490203857421875" lon="18.92114301212131977081298828125">
        <ele>133.8000030517578125</ele>
        <time>2023-10-08T13:40:11.000Z</time>
        <extensions>
          <ns3:TrackPointExtension>
            <ns3:hr>125</ns3:hr>
          </ns3:TrackPointExtension>
        </extensions>
      </trkpt>
      <trkpt lat="47.76915189810097217559814453125" lon="18.921131528913974761962890625">
        <ele>132.399993896484375</ele>
        <time>2023-10-08T13:40:19.000Z</time>
        <extensions>
          <ns3:TrackPointExtension>
            <ns3:hr>127</ns3:hr>
          </ns3:TrackPointExtension>
        </extensions>
      </trkpt>
      <trkpt lat="47.76914804242551326751708984375" lon="18.92109188251197338104248046875">
        <ele>131.600006103515625</ele>
        <time>2023-10-08T13:40:26.000Z</time>
        <extensions>
          <ns3:TrackPointExtension>
            <ns3:hr>127</ns3:hr>
          </ns3:TrackPointExtension>
        </extensions>
      </trkpt>
      <trkpt lat="47.7690763771533966064453125" lon="18.92105835489928722381591796875">
        <ele>128.600006103515625</ele>
        <time>2023-10-08T13:40:35.000Z</time>
        <extensions>
          <ns3:TrackPointExtension>
            <ns3:hr>129</ns3:hr>
          </ns3:TrackPointExtension>
        </extensions>
      </trkpt>
      <trkpt lat="47.769039161503314971923828125" lon="18.921066485345363616943359375">
        <ele>127.40000152587890625</ele>
        <time>2023-10-08T13:40:39.000Z</time>
        <extensions>
          <ns3:TrackPointExtension>
            <ns3:hr>132</ns3:hr>
          </ns3:TrackPointExtension>
        </extensions>
      </trkpt>
      <trkpt lat="47.7690017782151699066162109375" lon="18.9210659824311733245849609375">
        <ele>126</ele>
        <time>2023-10-08T13:40:42.000Z</time>
        <extensions>
          <ns3:TrackPointExtension>
            <ns3:hr>131</ns3:hr>
          </ns3:TrackPointExtension>
        </extensions>
      </trkpt>
      <trkpt lat="47.76892323978245258331298828125" lon="18.92110110260546207427978515625">
        <ele>124.1999969482421875</ele>
        <time>2023-10-08T13:40:50.000Z</time>
        <extensions>
          <ns3:TrackPointExtension>
            <ns3:hr>133</ns3:hr>
          </ns3:TrackPointExtension>
        </extensions>
      </trkpt>
      <trkpt lat="47.7688790671527385711669921875" lon="18.9210780523717403411865234375">
        <ele>122.8000030517578125</ele>
        <time>2023-10-08T13:40:54.000Z</time>
        <extensions>
          <ns3:TrackPointExtension>
            <ns3:hr>133</ns3:hr>
          </ns3:TrackPointExtension>
        </extensions>
      </trkpt>
      <trkpt lat="47.76885333471000194549560546875" lon="18.9210626296699047088623046875">
        <ele>121.8000030517578125</ele>
        <time>2023-10-08T13:40:58.000Z</time>
        <extensions>
          <ns3:TrackPointExtension>
            <ns3:hr>134</ns3:hr>
          </ns3:TrackPointExtension>
        </extensions>
      </trkpt>
      <trkpt lat="47.7688160352408885955810546875" lon="18.921020217239856719970703125">
        <ele>120.1999969482421875</ele>
        <time>2023-10-08T13:41:09.000Z</time>
        <extensions>
          <ns3:TrackPointExtension>
            <ns3:hr>132</ns3:hr>
          </ns3:TrackPointExtension>
        </extensions>
      </trkpt>
      <trkpt lat="47.76880404911935329437255859375" lon="18.9210106618702411651611328125">
        <ele>119.8000030517578125</ele>
        <time>2023-10-08T13:41:12.000Z</time>
        <extensions>
          <ns3:TrackPointExtension>
            <ns3:hr>137</ns3:hr>
          </ns3:TrackPointExtension>
        </extensions>
      </trkpt>
      <trkpt lat="47.76878066360950469970703125" lon="18.9209841750562191009521484375">
        <ele>118.8000030517578125</ele>
        <time>2023-10-08T13:41:16.000Z</time>
        <extensions>
          <ns3:TrackPointExtension>
            <ns3:hr>133</ns3:hr>
          </ns3:TrackPointExtension>
        </extensions>
      </trkpt>
      <trkpt lat="47.76873615570366382598876953125" lon="18.92096229828894138336181640625">
        <ele>117.40000152587890625</ele>
        <time>2023-10-08T13:41:23.000Z</time>
        <extensions>
          <ns3:TrackPointExtension>
            <ns3:hr>133</ns3:hr>
          </ns3:TrackPointExtension>
        </extensions>
      </trkpt>
      <trkpt lat="47.76872660033404827117919921875" lon="18.9209409244358539581298828125">
        <ele>117</ele>
        <time>2023-10-08T13:41:31.000Z</time>
        <extensions>
          <ns3:TrackPointExtension>
            <ns3:hr>133</ns3:hr>
          </ns3:TrackPointExtension>
        </extensions>
      </trkpt>
      <trkpt lat="47.76872592978179454803466796875" lon="18.9209104143083095550537109375">
        <ele>116.59999847412109375</ele>
        <time>2023-10-08T13:41:41.000Z</time>
        <extensions>
          <ns3:TrackPointExtension>
            <ns3:hr>135</ns3:hr>
          </ns3:TrackPointExtension>
        </extensions>
      </trkpt>
      <trkpt lat="47.7687268517911434173583984375" lon="18.92090781591832637786865234375">
        <ele>116.59999847412109375</ele>
        <time>2023-10-08T13:41:42.000Z</time>
        <extensions>
          <ns3:TrackPointExtension>
            <ns3:hr>132</ns3:hr>
          </ns3:TrackPointExtension>
        </extensions>
      </trkpt>
      <trkpt lat="47.768726348876953125" lon="18.92090328969061374664306640625">
        <ele>116.59999847412109375</ele>
        <time>2023-10-08T13:41:53.000Z</time>
        <extensions>
          <ns3:TrackPointExtension>
            <ns3:hr>129</ns3:hr>
          </ns3:TrackPointExtension>
        </extensions>
      </trkpt>
      <trkpt lat="47.768726348876953125" lon="18.92090328969061374664306640625">
        <ele>116.59999847412109375</ele>
        <time>2023-10-08T13:41:54.000Z</time>
        <extensions>
          <ns3:TrackPointExtension>
            <ns3:hr>129</ns3:hr>
          </ns3:TrackPointExtension>
        </extensions>
      </trkpt>
      <trkpt lat="47.768726348876953125" lon="18.92090328969061374664306640625">
        <ele>116.59999847412109375</ele>
        <time>2023-10-08T13:41:58.000Z</time>
        <extensions>
          <ns3:TrackPointExtension>
            <ns3:hr>126</ns3:hr>
          </ns3:TrackPointExtension>
        </extensions>
      </trkpt>
      <trkpt lat="47.7687268517911434173583984375" lon="18.9208993501961231231689453125">
        <ele>116.40000152587890625</ele>
        <time>2023-10-08T13:42:06.000Z</time>
        <extensions>
          <ns3:TrackPointExtension>
            <ns3:hr>129</ns3:hr>
          </ns3:TrackPointExtension>
        </extensions>
      </trkpt>
      <trkpt lat="47.76872760616242885589599609375" lon="18.92089826054871082305908203125">
        <ele>116.40000152587890625</ele>
        <time>2023-10-08T13:42:08.000Z</time>
        <extensions>
          <ns3:TrackPointExtension>
            <ns3:hr>126</ns3:hr>
          </ns3:TrackPointExtension>
        </extensions>
      </trkpt>
      <trkpt lat="47.76867060922086238861083984375" lon="18.92079700715839862823486328125">
        <ele>114</ele>
        <time>2023-10-08T13:42:31.000Z</time>
        <extensions>
          <ns3:TrackPointExtension>
            <ns3:hr>123</ns3:hr>
          </ns3:TrackPointExtension>
        </extensions>
      </trkpt>
      <trkpt lat="47.76864160783588886260986328125" lon="18.92076867632567882537841796875">
        <ele>113.1999969482421875</ele>
        <time>2023-10-08T13:42:34.000Z</time>
        <extensions>
          <ns3:TrackPointExtension>
            <ns3:hr>126</ns3:hr>
          </ns3:TrackPointExtension>
        </extensions>
      </trkpt>
      <trkpt lat="47.76862584985792636871337890625" lon="18.92075325362384319305419921875">
        <ele>112.8000030517578125</ele>
        <time>2023-10-08T13:42:37.000Z</time>
        <extensions>
          <ns3:TrackPointExtension>
            <ns3:hr>125</ns3:hr>
          </ns3:TrackPointExtension>
        </extensions>
      </trkpt>
      <trkpt lat="47.76862551458179950714111328125" lon="18.9207570254802703857421875">
        <ele>112.8000030517578125</ele>
        <time>2023-10-08T13:42:43.000Z</time>
        <extensions>
          <ns3:TrackPointExtension>
            <ns3:hr>122</ns3:hr>
          </ns3:TrackPointExtension>
        </extensions>
      </trkpt>
      <trkpt lat="47.7686252631247043609619140625" lon="18.92075777985155582427978515625">
        <ele>112.8000030517578125</ele>
        <time>2023-10-08T13:42:45.000Z</time>
        <extensions>
          <ns3:TrackPointExtension>
            <ns3:hr>123</ns3:hr>
          </ns3:TrackPointExtension>
        </extensions>
      </trkpt>
      <trkpt lat="47.7686252631247043609619140625" lon="18.92075777985155582427978515625">
        <ele>112.8000030517578125</ele>
        <time>2023-10-08T13:42:48.000Z</time>
        <extensions>
          <ns3:TrackPointExtension>
            <ns3:hr>126</ns3:hr>
          </ns3:TrackPointExtension>
        </extensions>
      </trkpt>
      <trkpt lat="47.7686252631247043609619140625" lon="18.92075777985155582427978515625">
        <ele>112.8000030517578125</ele>
        <time>2023-10-08T13:42:58.000Z</time>
        <extensions>
          <ns3:TrackPointExtension>
            <ns3:hr>123</ns3:hr>
          </ns3:TrackPointExtension>
        </extensions>
      </trkpt>
      <trkpt lat="47.7685887180268764495849609375" lon="18.92086355946958065032958984375">
        <ele>113.40000152587890625</ele>
        <time>2023-10-08T13:43:09.000Z</time>
        <extensions>
          <ns3:TrackPointExtension>
            <ns3:hr>123</ns3:hr>
          </ns3:TrackPointExtension>
        </extensions>
      </trkpt>
      <trkpt lat="47.76857119984924793243408203125" lon="18.9209063909947872161865234375">
        <ele>113.40000152587890625</ele>
        <time>2023-10-08T13:43:11.000Z</time>
        <extensions>
          <ns3:TrackPointExtension>
            <ns3:hr>124</ns3:hr>
          </ns3:TrackPointExtension>
        </extensions>
      </trkpt>
      <trkpt lat="47.7685401029884815216064453125" lon="18.920991383492946624755859375">
        <ele>113.59999847412109375</ele>
        <time>2023-10-08T13:43:16.000Z</time>
        <extensions>
          <ns3:TrackPointExtension>
            <ns3:hr>122</ns3:hr>
          </ns3:TrackPointExtension>
        </extensions>
      </trkpt>
      <trkpt lat="47.76853096671402454376220703125" lon="18.92102616839110851287841796875">
        <ele>113.8000030517578125</ele>
        <time>2023-10-08T13:43:19.000Z</time>
        <extensions>
          <ns3:TrackPointExtension>
            <ns3:hr>119</ns3:hr>
          </ns3:TrackPointExtension>
        </extensions>
      </trkpt>
      <trkpt lat="47.768514789640903472900390625" lon="18.92112138681113719940185546875">
        <ele>113.59999847412109375</ele>
        <time>2023-10-08T13:43:25.000Z</time>
        <extensions>
          <ns3:TrackPointExtension>
            <ns3:hr>117</ns3:hr>
          </ns3:TrackPointExtension>
        </extensions>
      </trkpt>
      <trkpt lat="47.7685085870325565338134765625" lon="18.92115206457674503326416015625">
        <ele>113.59999847412109375</ele>
        <time>2023-10-08T13:43:28.000Z</time>
        <extensions>
          <ns3:TrackPointExtension>
            <ns3:hr>114</ns3:hr>
          </ns3:TrackPointExtension>
        </extensions>
      </trkpt>
      <trkpt lat="47.76848318986594676971435546875" lon="18.92119883559644222259521484375">
        <ele>112.8000030517578125</ele>
        <time>2023-10-08T13:43:32.000Z</time>
        <extensions>
          <ns3:TrackPointExtension>
            <ns3:hr>110</ns3:hr>
          </ns3:TrackPointExtension>
        </extensions>
      </trkpt>
      <trkpt lat="47.76847489178180694580078125" lon="18.9212130010128021240234375">
        <ele>112.59999847412109375</ele>
        <time>2023-10-08T13:43:33.000Z</time>
        <extensions>
          <ns3:TrackPointExtension>
            <ns3:hr>108</ns3:hr>
          </ns3:TrackPointExtension>
        </extensions>
      </trkpt>
      <trkpt lat="47.7684428729116916656494140625" lon="18.921340405941009521484375">
        <ele>112.40000152587890625</ele>
        <time>2023-10-08T13:43:40.000Z</time>
        <extensions>
          <ns3:TrackPointExtension>
            <ns3:hr>107</ns3:hr>
          </ns3:TrackPointExtension>
        </extensions>
      </trkpt>
      <trkpt lat="47.76840590871870517730712890625" lon="18.92141257412731647491455078125">
        <ele>111.59999847412109375</ele>
        <time>2023-10-08T13:43:45.000Z</time>
        <extensions>
          <ns3:TrackPointExtension>
            <ns3:hr>110</ns3:hr>
          </ns3:TrackPointExtension>
        </extensions>
      </trkpt>
      <trkpt lat="47.76837338693439960479736328125" lon="18.92147895880043506622314453125">
        <ele>111</ele>
        <time>2023-10-08T13:43:51.000Z</time>
        <extensions>
          <ns3:TrackPointExtension>
            <ns3:hr>111</ns3:hr>
          </ns3:TrackPointExtension>
        </extensions>
      </trkpt>
      <trkpt lat="47.76833885349333286285400390625" lon="18.92161256633698940277099609375">
        <ele>111.40000152587890625</ele>
        <time>2023-10-08T13:44:00.000Z</time>
        <extensions>
          <ns3:TrackPointExtension>
            <ns3:hr>114</ns3:hr>
          </ns3:TrackPointExtension>
        </extensions>
      </trkpt>
      <trkpt lat="47.7683064155280590057373046875" lon="18.9217170886695384979248046875">
        <ele>111.8000030517578125</ele>
        <time>2023-10-08T13:44:09.000Z</time>
        <extensions>
          <ns3:TrackPointExtension>
            <ns3:hr>115</ns3:hr>
          </ns3:TrackPointExtension>
        </extensions>
      </trkpt>
      <trkpt lat="47.7682671882212162017822265625" lon="18.92182328738272190093994140625">
        <ele>112</ele>
        <time>2023-10-08T13:44:17.000Z</time>
        <extensions>
          <ns3:TrackPointExtension>
            <ns3:hr>118</ns3:hr>
          </ns3:TrackPointExtension>
        </extensions>
      </trkpt>
      <trkpt lat="47.7682584710419178009033203125" lon="18.92184725962579250335693359375">
        <ele>112.1999969482421875</ele>
        <time>2023-10-08T13:44:19.000Z</time>
        <extensions>
          <ns3:TrackPointExtension>
            <ns3:hr>115</ns3:hr>
          </ns3:TrackPointExtension>
        </extensions>
      </trkpt>
      <trkpt lat="47.76825319044291973114013671875" lon="18.9218602515757083892822265625">
        <ele>112.1999969482421875</ele>
        <time>2023-10-08T13:44:20.000Z</time>
        <extensions>
          <ns3:TrackPointExtension>
            <ns3:hr>117</ns3:hr>
          </ns3:TrackPointExtension>
        </extensions>
      </trkpt>
      <trkpt lat="47.768233157694339752197265625" lon="18.92190358601510524749755859375">
        <ele>112.1999969482421875</ele>
        <time>2023-10-08T13:44:23.000Z</time>
        <extensions>
          <ns3:TrackPointExtension>
            <ns3:hr>114</ns3:hr>
          </ns3:TrackPointExtension>
        </extensions>
      </trkpt>
      <trkpt lat="47.76821530424058437347412109375" lon="18.9219434000551700592041015625">
        <ele>112.1999969482421875</ele>
        <time>2023-10-08T13:44:26.000Z</time>
        <extensions>
          <ns3:TrackPointExtension>
            <ns3:hr>110</ns3:hr>
          </ns3:TrackPointExtension>
        </extensions>
      </trkpt>
      <trkpt lat="47.76820340193808078765869140625" lon="18.92198271118104457855224609375">
        <ele>112.1999969482421875</ele>
        <time>2023-10-08T13:44:29.000Z</time>
        <extensions>
          <ns3:TrackPointExtension>
            <ns3:hr>113</ns3:hr>
          </ns3:TrackPointExtension>
        </extensions>
      </trkpt>
      <trkpt lat="47.76817624457180500030517578125" lon="18.92211095429956912994384765625">
        <ele>113.40000152587890625</ele>
        <time>2023-10-08T13:44:38.000Z</time>
        <extensions>
          <ns3:TrackPointExtension>
            <ns3:hr>117</ns3:hr>
          </ns3:TrackPointExtension>
        </extensions>
      </trkpt>
      <trkpt lat="47.76817180216312408447265625" lon="18.92212235368788242340087890625">
        <ele>113.40000152587890625</ele>
        <time>2023-10-08T13:44:39.000Z</time>
        <extensions>
          <ns3:TrackPointExtension>
            <ns3:hr>116</ns3:hr>
          </ns3:TrackPointExtension>
        </extensions>
      </trkpt>
      <trkpt lat="47.76816819794476032257080078125" lon="18.922137357294559478759765625">
        <ele>113.40000152587890625</ele>
        <time>2023-10-08T13:44:40.000Z</time>
        <extensions>
          <ns3:TrackPointExtension>
            <ns3:hr>119</ns3:hr>
          </ns3:TrackPointExtension>
        </extensions>
      </trkpt>
      <trkpt lat="47.76815277524292469024658203125" lon="18.922178931534290313720703125">
        <ele>113.59999847412109375</ele>
        <time>2023-10-08T13:44:43.000Z</time>
        <extensions>
          <ns3:TrackPointExtension>
            <ns3:hr>122</ns3:hr>
          </ns3:TrackPointExtension>
        </extensions>
      </trkpt>
      <trkpt lat="47.76814632117748260498046875" lon="18.92231530509889125823974609375">
        <ele>115.1999969482421875</ele>
        <time>2023-10-08T13:44:51.000Z</time>
        <extensions>
          <ns3:TrackPointExtension>
            <ns3:hr>123</ns3:hr>
          </ns3:TrackPointExtension>
        </extensions>
      </trkpt>
      <trkpt lat="47.7681176550686359405517578125" lon="18.92239040695130825042724609375">
        <ele>115</ele>
        <time>2023-10-08T13:44:59.000Z</time>
        <extensions>
          <ns3:TrackPointExtension>
            <ns3:hr>123</ns3:hr>
          </ns3:TrackPointExtension>
        </extensions>
      </trkpt>
      <trkpt lat="47.76810248382389545440673828125" lon="18.92244136892259120941162109375">
        <ele>114.8000030517578125</ele>
        <time>2023-10-08T13:45:05.000Z</time>
        <extensions>
          <ns3:TrackPointExtension>
            <ns3:hr>122</ns3:hr>
          </ns3:TrackPointExtension>
        </extensions>
      </trkpt>
      <trkpt lat="47.76809611357748508453369140625" lon="18.9224697835743427276611328125">
        <ele>114.8000030517578125</ele>
        <time>2023-10-08T13:45:07.000Z</time>
        <extensions>
          <ns3:TrackPointExtension>
            <ns3:hr>119</ns3:hr>
          </ns3:TrackPointExtension>
        </extensions>
      </trkpt>
      <trkpt lat="47.7680920064449310302734375" lon="18.92248562537133693695068359375">
        <ele>114.8000030517578125</ele>
        <time>2023-10-08T13:45:08.000Z</time>
        <extensions>
          <ns3:TrackPointExtension>
            <ns3:hr>122</ns3:hr>
          </ns3:TrackPointExtension>
        </extensions>
      </trkpt>
      <trkpt lat="47.7680764161050319671630859375" lon="18.92256307415664196014404296875">
        <ele>114.59999847412109375</ele>
        <time>2023-10-08T13:45:13.000Z</time>
        <extensions>
          <ns3:TrackPointExtension>
            <ns3:hr>122</ns3:hr>
          </ns3:TrackPointExtension>
        </extensions>
      </trkpt>
      <trkpt lat="47.768075577914714813232421875" lon="18.92264571972191333770751953125">
        <ele>114.59999847412109375</ele>
        <time>2023-10-08T13:45:19.000Z</time>
        <extensions>
          <ns3:TrackPointExtension>
            <ns3:hr>119</ns3:hr>
          </ns3:TrackPointExtension>
        </extensions>
      </trkpt>
      <trkpt lat="47.76807046495378017425537109375" lon="18.9227016270160675048828125">
        <ele>114.40000152587890625</ele>
        <time>2023-10-08T13:45:23.000Z</time>
        <extensions>
          <ns3:TrackPointExtension>
            <ns3:hr>118</ns3:hr>
          </ns3:TrackPointExtension>
        </extensions>
      </trkpt>
      <trkpt lat="47.76802168227732181549072265625" lon="18.9229001104831695556640625">
        <ele>113.1999969482421875</ele>
        <time>2023-10-08T13:45:36.000Z</time>
        <extensions>
          <ns3:TrackPointExtension>
            <ns3:hr>119</ns3:hr>
          </ns3:TrackPointExtension>
        </extensions>
      </trkpt>
      <trkpt lat="47.76799804531037807464599609375" lon="18.92300647683441638946533203125">
        <ele>113</ele>
        <time>2023-10-08T13:45:43.000Z</time>
        <extensions>
          <ns3:TrackPointExtension>
            <ns3:hr>122</ns3:hr>
          </ns3:TrackPointExtension>
        </extensions>
      </trkpt>
      <trkpt lat="47.76798941195011138916015625" lon="18.923052661120891571044921875">
        <ele>113</ele>
        <time>2023-10-08T13:45:46.000Z</time>
        <extensions>
          <ns3:TrackPointExtension>
            <ns3:hr>122</ns3:hr>
          </ns3:TrackPointExtension>
        </extensions>
      </trkpt>
      <trkpt lat="47.767958231270313262939453125" lon="18.92321937717497348785400390625">
        <ele>113.59999847412109375</ele>
        <time>2023-10-08T13:45:57.000Z</time>
        <extensions>
          <ns3:TrackPointExtension>
            <ns3:hr>122</ns3:hr>
          </ns3:TrackPointExtension>
        </extensions>
      </trkpt>
      <trkpt lat="47.767930738627910614013671875" lon="18.92335407435894012451171875">
        <ele>114.8000030517578125</ele>
        <time>2023-10-08T13:46:06.000Z</time>
        <extensions>
          <ns3:TrackPointExtension>
            <ns3:hr>122</ns3:hr>
          </ns3:TrackPointExtension>
        </extensions>
      </trkpt>
      <trkpt lat="47.767927385866641998291015625" lon="18.92336589284241199493408203125">
        <ele>114.8000030517578125</ele>
        <time>2023-10-08T13:46:07.000Z</time>
        <extensions>
          <ns3:TrackPointExtension>
            <ns3:hr>123</ns3:hr>
          </ns3:TrackPointExtension>
        </extensions>
      </trkpt>
      <trkpt lat="47.76792126707732677459716796875" lon="18.92350084148347377777099609375">
        <ele>116.59999847412109375</ele>
        <time>2023-10-08T13:46:16.000Z</time>
        <extensions>
          <ns3:TrackPointExtension>
            <ns3:hr>123</ns3:hr>
          </ns3:TrackPointExtension>
        </extensions>
      </trkpt>
      <trkpt lat="47.76789528317749500274658203125" lon="18.92363662831485271453857421875">
        <ele>115.59999847412109375</ele>
        <time>2023-10-08T13:46:25.000Z</time>
        <extensions>
          <ns3:TrackPointExtension>
            <ns3:hr>123</ns3:hr>
          </ns3:TrackPointExtension>
        </extensions>
      </trkpt>
      <trkpt lat="47.76788991875946521759033203125" lon="18.92367987893521785736083984375">
        <ele>115.1999969482421875</ele>
        <time>2023-10-08T13:46:28.000Z</time>
        <extensions>
          <ns3:TrackPointExtension>
            <ns3:hr>120</ns3:hr>
          </ns3:TrackPointExtension>
        </extensions>
      </trkpt>
      <trkpt lat="47.76787818409502506256103515625" lon="18.92374877817928791046142578125">
        <ele>115</ele>
        <time>2023-10-08T13:46:33.000Z</time>
        <extensions>
          <ns3:TrackPointExtension>
            <ns3:hr>118</ns3:hr>
          </ns3:TrackPointExtension>
        </extensions>
      </trkpt>
      <trkpt lat="47.76786427013576030731201171875" lon="18.92377275042235851287841796875">
        <ele>114.59999847412109375</ele>
        <time>2023-10-08T13:46:35.000Z</time>
        <extensions>
          <ns3:TrackPointExtension>
            <ns3:hr>117</ns3:hr>
          </ns3:TrackPointExtension>
        </extensions>
      </trkpt>
      <trkpt lat="47.7678333409130573272705078125" lon="18.92392337322235107421875">
        <ele>114.59999847412109375</ele>
        <time>2023-10-08T13:46:45.000Z</time>
        <extensions>
          <ns3:TrackPointExtension>
            <ns3:hr>117</ns3:hr>
          </ns3:TrackPointExtension>
        </extensions>
      </trkpt>
      <trkpt lat="47.7678108774125576019287109375" lon="18.9241015724837779998779296875">
        <ele>116</ele>
        <time>2023-10-08T13:46:57.000Z</time>
        <extensions>
          <ns3:TrackPointExtension>
            <ns3:hr>117</ns3:hr>
          </ns3:TrackPointExtension>
        </extensions>
      </trkpt>
      <trkpt lat="47.76780727319419384002685546875" lon="18.9242353476583957672119140625">
        <ele>117.40000152587890625</ele>
        <time>2023-10-08T13:47:07.000Z</time>
        <extensions>
          <ns3:TrackPointExtension>
            <ns3:hr>117</ns3:hr>
          </ns3:TrackPointExtension>
        </extensions>
      </trkpt>
      <trkpt lat="47.767791934311389923095703125" lon="18.92435646615922451019287109375">
        <ele>119.1999969482421875</ele>
        <time>2023-10-08T13:47:16.000Z</time>
        <extensions>
          <ns3:TrackPointExtension>
            <ns3:hr>117</ns3:hr>
          </ns3:TrackPointExtension>
        </extensions>
      </trkpt>
      <trkpt lat="47.76778698898851871490478515625" lon="18.92440893687307834625244140625">
        <ele>120.1999969482421875</ele>
        <time>2023-10-08T13:47:20.000Z</time>
        <extensions>
          <ns3:TrackPointExtension>
            <ns3:hr>120</ns3:hr>
          </ns3:TrackPointExtension>
        </extensions>
      </trkpt>
      <trkpt lat="47.76778548024594783782958984375" lon="18.9244442246854305267333984375">
        <ele>120.8000030517578125</ele>
        <time>2023-10-08T13:47:23.000Z</time>
        <extensions>
          <ns3:TrackPointExtension>
            <ns3:hr>123</ns3:hr>
          </ns3:TrackPointExtension>
        </extensions>
      </trkpt>
      <trkpt lat="47.76778011582791805267333984375" lon="18.92447448335587978363037109375">
        <ele>121.40000152587890625</ele>
        <time>2023-10-08T13:47:25.000Z</time>
        <extensions>
          <ns3:TrackPointExtension>
            <ns3:hr>124</ns3:hr>
          </ns3:TrackPointExtension>
        </extensions>
      </trkpt>
      <trkpt lat="47.76776553131639957427978515625" lon="18.92460540868341922760009765625">
        <ele>123.40000152587890625</ele>
        <time>2023-10-08T13:47:34.000Z</time>
        <extensions>
          <ns3:TrackPointExtension>
            <ns3:hr>126</ns3:hr>
          </ns3:TrackPointExtension>
        </extensions>
      </trkpt>
      <trkpt lat="47.767743654549121856689453125" lon="18.92475418746471405029296875">
        <ele>121.8000030517578125</ele>
        <time>2023-10-08T13:47:45.000Z</time>
        <extensions>
          <ns3:TrackPointExtension>
            <ns3:hr>125</ns3:hr>
          </ns3:TrackPointExtension>
        </extensions>
      </trkpt>
      <trkpt lat="47.7677394635975360870361328125" lon="18.924769945442676544189453125">
        <ele>121.1999969482421875</ele>
        <time>2023-10-08T13:47:46.000Z</time>
        <extensions>
          <ns3:TrackPointExtension>
            <ns3:hr>125</ns3:hr>
          </ns3:TrackPointExtension>
        </extensions>
      </trkpt>
      <trkpt lat="47.7677039243280887603759765625" lon="18.9249156229197978973388671875">
        <ele>119.1999969482421875</ele>
        <time>2023-10-08T13:47:56.000Z</time>
        <extensions>
          <ns3:TrackPointExtension>
            <ns3:hr>125</ns3:hr>
          </ns3:TrackPointExtension>
        </extensions>
      </trkpt>
      <trkpt lat="47.7676864899694919586181640625" lon="18.925101198256015777587890625">
        <ele>119.1999969482421875</ele>
        <time>2023-10-08T13:48:09.000Z</time>
        <extensions>
          <ns3:TrackPointExtension>
            <ns3:hr>124</ns3:hr>
          </ns3:TrackPointExtension>
        </extensions>
      </trkpt>
      <trkpt lat="47.767685316503047943115234375" lon="18.9251151122152805328369140625">
        <ele>119.1999969482421875</ele>
        <time>2023-10-08T13:48:10.000Z</time>
        <extensions>
          <ns3:TrackPointExtension>
            <ns3:hr>127</ns3:hr>
          </ns3:TrackPointExtension>
        </extensions>
      </trkpt>
      <trkpt lat="47.76768456213176250457763671875" lon="18.925182335078716278076171875">
        <ele>118.8000030517578125</ele>
        <time>2023-10-08T13:48:14.000Z</time>
        <extensions>
          <ns3:TrackPointExtension>
            <ns3:hr>124</ns3:hr>
          </ns3:TrackPointExtension>
        </extensions>
      </trkpt>
      <trkpt lat="47.76767165400087833404541015625" lon="18.92527998425066471099853515625">
        <ele>117.40000152587890625</ele>
        <time>2023-10-08T13:48:20.000Z</time>
        <extensions>
          <ns3:TrackPointExtension>
            <ns3:hr>124</ns3:hr>
          </ns3:TrackPointExtension>
        </extensions>
      </trkpt>
      <trkpt lat="47.76766595430672168731689453125" lon="18.92531904391944408416748046875">
        <ele>116.8000030517578125</ele>
        <time>2023-10-08T13:48:23.000Z</time>
        <extensions>
          <ns3:TrackPointExtension>
            <ns3:hr>123</ns3:hr>
          </ns3:TrackPointExtension>
        </extensions>
      </trkpt>
      <trkpt lat="47.76765287853777408599853515625" lon="18.92539012245833873748779296875">
        <ele>115.59999847412109375</ele>
        <time>2023-10-08T13:48:28.000Z</time>
        <extensions>
          <ns3:TrackPointExtension>
            <ns3:hr>124</ns3:hr>
          </ns3:TrackPointExtension>
        </extensions>
      </trkpt>
      <trkpt lat="47.76762957684695720672607421875" lon="18.92557402141392230987548828125">
        <ele>115.8000030517578125</ele>
        <time>2023-10-08T13:48:40.000Z</time>
        <extensions>
          <ns3:TrackPointExtension>
            <ns3:hr>122</ns3:hr>
          </ns3:TrackPointExtension>
        </extensions>
      </trkpt>
      <trkpt lat="47.767608202993869781494140625" lon="18.92573243938386440277099609375">
        <ele>116.40000152587890625</ele>
        <time>2023-10-08T13:48:50.000Z</time>
        <extensions>
          <ns3:TrackPointExtension>
            <ns3:hr>123</ns3:hr>
          </ns3:TrackPointExtension>
        </extensions>
      </trkpt>
      <trkpt lat="47.7675865776836872100830078125" lon="18.92590762116014957427978515625">
        <ele>115.40000152587890625</ele>
        <time>2023-10-08T13:49:03.000Z</time>
        <extensions>
          <ns3:TrackPointExtension>
            <ns3:hr>122</ns3:hr>
          </ns3:TrackPointExtension>
        </extensions>
      </trkpt>
      <trkpt lat="47.7675798721611499786376953125" lon="18.92607475630939006805419921875">
        <ele>114.1999969482421875</ele>
        <time>2023-10-08T13:49:15.000Z</time>
        <extensions>
          <ns3:TrackPointExtension>
            <ns3:hr>121</ns3:hr>
          </ns3:TrackPointExtension>
        </extensions>
      </trkpt>
      <trkpt lat="47.767559923231601715087890625" lon="18.92626167275011539459228515625">
        <ele>113.1999969482421875</ele>
        <time>2023-10-08T13:49:28.000Z</time>
        <extensions>
          <ns3:TrackPointExtension>
            <ns3:hr>119</ns3:hr>
          </ns3:TrackPointExtension>
        </extensions>
      </trkpt>
      <trkpt lat="47.7675421535968780517578125" lon="18.92638631165027618408203125">
        <ele>113.59999847412109375</ele>
        <time>2023-10-08T13:49:37.000Z</time>
        <extensions>
          <ns3:TrackPointExtension>
            <ns3:hr>120</ns3:hr>
          </ns3:TrackPointExtension>
        </extensions>
      </trkpt>
      <trkpt lat="47.76753318496048450469970703125" lon="18.9264337532222270965576171875">
        <ele>113.8000030517578125</ele>
        <time>2023-10-08T13:49:41.000Z</time>
        <extensions>
          <ns3:TrackPointExtension>
            <ns3:hr>120</ns3:hr>
          </ns3:TrackPointExtension>
        </extensions>
      </trkpt>
      <trkpt lat="47.76753972284495830535888671875" lon="18.92654028721153736114501953125">
        <ele>112.8000030517578125</ele>
        <time>2023-10-08T13:49:48.000Z</time>
        <extensions>
          <ns3:TrackPointExtension>
            <ns3:hr>121</ns3:hr>
          </ns3:TrackPointExtension>
        </extensions>
      </trkpt>
      <trkpt lat="47.7675242163240909576416015625" lon="18.9266054145991802215576171875">
        <ele>112.59999847412109375</ele>
        <time>2023-10-08T13:49:57.000Z</time>
        <extensions>
          <ns3:TrackPointExtension>
            <ns3:hr>120</ns3:hr>
          </ns3:TrackPointExtension>
        </extensions>
      </trkpt>
      <trkpt lat="47.7675181813538074493408203125" lon="18.92659577541053295135498046875">
        <ele>112.59999847412109375</ele>
        <time>2023-10-08T13:50:04.000Z</time>
        <extensions>
          <ns3:TrackPointExtension>
            <ns3:hr>118</ns3:hr>
          </ns3:TrackPointExtension>
        </extensions>
      </trkpt>
      <trkpt lat="47.7675188519060611724853515625" lon="18.92659728415310382843017578125">
        <ele>112.59999847412109375</ele>
        <time>2023-10-08T13:50:21.000Z</time>
        <extensions>
          <ns3:TrackPointExtension>
            <ns3:hr>119</ns3:hr>
          </ns3:TrackPointExtension>
        </extensions>
      </trkpt>
      <trkpt lat="47.767522037029266357421875" lon="18.92659954726696014404296875">
        <ele>112.59999847412109375</ele>
        <time>2023-10-08T13:51:02.000Z</time>
        <extensions>
          <ns3:TrackPointExtension>
            <ns3:hr>122</ns3:hr>
          </ns3:TrackPointExtension>
        </extensions>
      </trkpt>
      <trkpt lat="47.767522037029266357421875" lon="18.92661052756011486053466796875">
        <ele>112.59999847412109375</ele>
        <time>2023-10-08T13:51:11.000Z</time>
        <extensions>
          <ns3:TrackPointExtension>
            <ns3:hr>119</ns3:hr>
          </ns3:TrackPointExtension>
        </extensions>
      </trkpt>
      <trkpt lat="47.76751658879220485687255859375" lon="18.926611952483654022216796875">
        <ele>112.59999847412109375</ele>
        <time>2023-10-08T13:51:23.000Z</time>
        <extensions>
          <ns3:TrackPointExtension>
            <ns3:hr>116</ns3:hr>
          </ns3:TrackPointExtension>
        </extensions>
      </trkpt>
      <trkpt lat="47.76751466095447540283203125" lon="18.92661639489233493804931640625">
        <ele>112.59999847412109375</ele>
        <time>2023-10-08T13:51:34.000Z</time>
        <extensions>
          <ns3:TrackPointExtension>
            <ns3:hr>119</ns3:hr>
          </ns3:TrackPointExtension>
        </extensions>
      </trkpt>
      <trkpt lat="47.7675108052790164947509765625" lon="18.9267130382359027862548828125">
        <ele>112.59999847412109375</ele>
        <time>2023-10-08T13:51:39.000Z</time>
        <extensions>
          <ns3:TrackPointExtension>
            <ns3:hr>120</ns3:hr>
          </ns3:TrackPointExtension>
        </extensions>
      </trkpt>
      <trkpt lat="47.76750803925096988677978515625" lon="18.92686986364424228668212890625">
        <ele>112.59999847412109375</ele>
        <time>2023-10-08T13:51:47.000Z</time>
        <extensions>
          <ns3:TrackPointExtension>
            <ns3:hr>119</ns3:hr>
          </ns3:TrackPointExtension>
        </extensions>
      </trkpt>
      <trkpt lat="47.76750703342258930206298828125" lon="18.92706801183521747589111328125">
        <ele>112.8000030517578125</ele>
        <time>2023-10-08T13:52:01.000Z</time>
        <extensions>
          <ns3:TrackPointExtension>
            <ns3:hr>119</ns3:hr>
          </ns3:TrackPointExtension>
        </extensions>
      </trkpt>
      <trkpt lat="47.7675074525177478790283203125" lon="18.92720706760883331298828125">
        <ele>113.1999969482421875</ele>
        <time>2023-10-08T13:52:10.000Z</time>
        <extensions>
          <ns3:TrackPointExtension>
            <ns3:hr>120</ns3:hr>
          </ns3:TrackPointExtension>
        </extensions>
      </trkpt>
      <trkpt lat="47.76750636287033557891845703125" lon="18.92734545283019542694091796875">
        <ele>113.1999969482421875</ele>
        <time>2023-10-08T13:52:19.000Z</time>
        <extensions>
          <ns3:TrackPointExtension>
            <ns3:hr>121</ns3:hr>
          </ns3:TrackPointExtension>
        </extensions>
      </trkpt>
      <trkpt lat="47.76752228848636150360107421875" lon="18.9275679923593997955322265625">
        <ele>113.40000152587890625</ele>
        <time>2023-10-08T13:52:32.000Z</time>
        <extensions>
          <ns3:TrackPointExtension>
            <ns3:hr>119</ns3:hr>
          </ns3:TrackPointExtension>
        </extensions>
      </trkpt>
      <trkpt lat="47.76753251440823078155517578125" lon="18.9277041144669055938720703125">
        <ele>113.59999847412109375</ele>
        <time>2023-10-08T13:52:40.000Z</time>
        <extensions>
          <ns3:TrackPointExtension>
            <ns3:hr>118</ns3:hr>
          </ns3:TrackPointExtension>
        </extensions>
      </trkpt>
      <trkpt lat="47.76753075420856475830078125" lon="18.92781517468392848968505859375">
        <ele>113.1999969482421875</ele>
        <time>2023-10-08T13:52:47.000Z</time>
        <extensions>
          <ns3:TrackPointExtension>
            <ns3:hr>120</ns3:hr>
          </ns3:TrackPointExtension>
        </extensions>
      </trkpt>
      <trkpt lat="47.76753536425530910491943359375" lon="18.9278502948582172393798828125">
        <ele>113</ele>
        <time>2023-10-08T13:52:49.000Z</time>
        <extensions>
          <ns3:TrackPointExtension>
            <ns3:hr>120</ns3:hr>
          </ns3:TrackPointExtension>
        </extensions>
      </trkpt>
      <trkpt lat="47.76754416525363922119140625" lon="18.92795364372432231903076171875">
        <ele>112.1999969482421875</ele>
        <time>2023-10-08T13:52:55.000Z</time>
        <extensions>
          <ns3:TrackPointExtension>
            <ns3:hr>120</ns3:hr>
          </ns3:TrackPointExtension>
        </extensions>
      </trkpt>
      <trkpt lat="47.767547182738780975341796875" lon="18.92796806059777736663818359375">
        <ele>112.1999969482421875</ele>
        <time>2023-10-08T13:52:56.000Z</time>
        <extensions>
          <ns3:TrackPointExtension>
            <ns3:hr>120</ns3:hr>
          </ns3:TrackPointExtension>
        </extensions>
      </trkpt>
      <trkpt lat="47.7675502002239227294921875" lon="18.9281009137630462646484375">
        <ele>111.8000030517578125</ele>
        <time>2023-10-08T13:53:04.000Z</time>
        <extensions>
          <ns3:TrackPointExtension>
            <ns3:hr>118</ns3:hr>
          </ns3:TrackPointExtension>
        </extensions>
      </trkpt>
      <trkpt lat="47.76755397208034992218017578125" lon="18.92827953211963176727294921875">
        <ele>112</ele>
        <time>2023-10-08T13:53:15.000Z</time>
        <extensions>
          <ns3:TrackPointExtension>
            <ns3:hr>117</ns3:hr>
          </ns3:TrackPointExtension>
        </extensions>
      </trkpt>
      <trkpt lat="47.76756453327834606170654296875" lon="18.92843727953732013702392578125">
        <ele>112.8000030517578125</ele>
        <time>2023-10-08T13:53:25.000Z</time>
        <extensions>
          <ns3:TrackPointExtension>
            <ns3:hr>118</ns3:hr>
          </ns3:TrackPointExtension>
        </extensions>
      </trkpt>
      <trkpt lat="47.767567969858646392822265625" lon="18.9285622537136077880859375">
        <ele>112.59999847412109375</ele>
        <time>2023-10-08T13:53:34.000Z</time>
        <extensions>
          <ns3:TrackPointExtension>
            <ns3:hr>118</ns3:hr>
          </ns3:TrackPointExtension>
        </extensions>
      </trkpt>
      <trkpt lat="47.7675748430192470550537109375" lon="18.9286958612501621246337890625">
        <ele>112.1999969482421875</ele>
        <time>2023-10-08T13:53:43.000Z</time>
        <extensions>
          <ns3:TrackPointExtension>
            <ns3:hr>116</ns3:hr>
          </ns3:TrackPointExtension>
        </extensions>
      </trkpt>
      <trkpt lat="47.7675942890346050262451171875" lon="18.92882670275866985321044921875">
        <ele>113</ele>
        <time>2023-10-08T13:53:51.000Z</time>
        <extensions>
          <ns3:TrackPointExtension>
            <ns3:hr>111</ns3:hr>
          </ns3:TrackPointExtension>
        </extensions>
      </trkpt>
      <trkpt lat="47.76759554632008075714111328125" lon="18.92884145490825176239013671875">
        <ele>113</ele>
        <time>2023-10-08T13:53:52.000Z</time>
        <extensions>
          <ns3:TrackPointExtension>
            <ns3:hr>114</ns3:hr>
          </ns3:TrackPointExtension>
        </extensions>
      </trkpt>
      <trkpt lat="47.7675952948629856109619140625" lon="18.92885662615299224853515625">
        <ele>113</ele>
        <time>2023-10-08T13:53:53.000Z</time>
        <extensions>
          <ns3:TrackPointExtension>
            <ns3:hr>114</ns3:hr>
          </ns3:TrackPointExtension>
        </extensions>
      </trkpt>
      <trkpt lat="47.76760451495647430419921875" lon="18.9289292134344577789306640625">
        <ele>113.40000152587890625</ele>
        <time>2023-10-08T13:53:58.000Z</time>
        <extensions>
          <ns3:TrackPointExtension>
            <ns3:hr>111</ns3:hr>
          </ns3:TrackPointExtension>
        </extensions>
      </trkpt>
      <trkpt lat="47.76761566288769245147705078125" lon="18.92900607548654079437255859375">
        <ele>114</ele>
        <time>2023-10-08T13:54:03.000Z</time>
        <extensions>
          <ns3:TrackPointExtension>
            <ns3:hr>112</ns3:hr>
          </ns3:TrackPointExtension>
        </extensions>
      </trkpt>
      <trkpt lat="47.7676224522292613983154296875" lon="18.9290455542504787445068359375">
        <ele>114.1999969482421875</ele>
        <time>2023-10-08T13:54:06.000Z</time>
        <extensions>
          <ns3:TrackPointExtension>
            <ns3:hr>115</ns3:hr>
          </ns3:TrackPointExtension>
        </extensions>
      </trkpt>
      <trkpt lat="47.7676291577517986297607421875" lon="18.92909291200339794158935546875">
        <ele>114.1999969482421875</ele>
        <time>2023-10-08T13:54:09.000Z</time>
        <extensions>
          <ns3:TrackPointExtension>
            <ns3:hr>118</ns3:hr>
          </ns3:TrackPointExtension>
        </extensions>
      </trkpt>
      <trkpt lat="47.76763929985463619232177734375" lon="18.9291830174624919891357421875">
        <ele>114.40000152587890625</ele>
        <time>2023-10-08T13:54:15.000Z</time>
        <extensions>
          <ns3:TrackPointExtension>
            <ns3:hr>119</ns3:hr>
          </ns3:TrackPointExtension>
        </extensions>
      </trkpt>
      <trkpt lat="47.76765204034745693206787109375" lon="18.9293395914137363433837890625">
        <ele>114</ele>
        <time>2023-10-08T13:54:26.000Z</time>
        <extensions>
          <ns3:TrackPointExtension>
            <ns3:hr>118</ns3:hr>
          </ns3:TrackPointExtension>
        </extensions>
      </trkpt>
      <trkpt lat="47.7676653675734996795654296875" lon="18.929426930844783782958984375">
        <ele>114.1999969482421875</ele>
        <time>2023-10-08T13:54:32.000Z</time>
        <extensions>
          <ns3:TrackPointExtension>
            <ns3:hr>115</ns3:hr>
          </ns3:TrackPointExtension>
        </extensions>
      </trkpt>
      <trkpt lat="47.7676657028496265411376953125" lon="18.92944268882274627685546875">
        <ele>114.1999969482421875</ele>
        <time>2023-10-08T13:54:33.000Z</time>
        <extensions>
          <ns3:TrackPointExtension>
            <ns3:hr>119</ns3:hr>
          </ns3:TrackPointExtension>
        </extensions>
      </trkpt>
      <trkpt lat="47.7676677145063877105712890625" lon="18.9295001886785030364990234375">
        <ele>114.40000152587890625</ele>
        <time>2023-10-08T13:54:37.000Z</time>
        <extensions>
          <ns3:TrackPointExtension>
            <ns3:hr>118</ns3:hr>
          </ns3:TrackPointExtension>
        </extensions>
      </trkpt>
      <trkpt lat="47.7676804549992084503173828125" lon="18.92962248064577579498291015625">
        <ele>114.1999969482421875</ele>
        <time>2023-10-08T13:54:46.000Z</time>
        <extensions>
          <ns3:TrackPointExtension>
            <ns3:hr>119</ns3:hr>
          </ns3:TrackPointExtension>
        </extensions>
      </trkpt>
      <trkpt lat="47.7676918543875217437744140625" lon="18.9297566749155521392822265625">
        <ele>113.59999847412109375</ele>
        <time>2023-10-08T13:54:55.000Z</time>
        <extensions>
          <ns3:TrackPointExtension>
            <ns3:hr>120</ns3:hr>
          </ns3:TrackPointExtension>
        </extensions>
      </trkpt>
      <trkpt lat="47.76770082302391529083251953125" lon="18.92982917837798595428466796875">
        <ele>113.59999847412109375</ele>
        <time>2023-10-08T13:55:00.000Z</time>
        <extensions>
          <ns3:TrackPointExtension>
            <ns3:hr>117</ns3:hr>
          </ns3:TrackPointExtension>
        </extensions>
      </trkpt>
      <trkpt lat="47.76771339587867259979248046875" lon="18.9299119077622890472412109375">
        <ele>113.1999969482421875</ele>
        <time>2023-10-08T13:55:06.000Z</time>
        <extensions>
          <ns3:TrackPointExtension>
            <ns3:hr>116</ns3:hr>
          </ns3:TrackPointExtension>
        </extensions>
      </trkpt>
      <trkpt lat="47.76772630400955677032470703125" lon="18.9300570823252201080322265625">
        <ele>112.59999847412109375</ele>
        <time>2023-10-08T13:55:16.000Z</time>
        <extensions>
          <ns3:TrackPointExtension>
            <ns3:hr>116</ns3:hr>
          </ns3:TrackPointExtension>
        </extensions>
      </trkpt>
      <trkpt lat="47.7677454985678195953369140625" lon="18.9301942102611064910888671875">
        <ele>112.1999969482421875</ele>
        <time>2023-10-08T13:55:26.000Z</time>
        <extensions>
          <ns3:TrackPointExtension>
            <ns3:hr>114</ns3:hr>
          </ns3:TrackPointExtension>
        </extensions>
      </trkpt>
      <trkpt lat="47.7677488513290882110595703125" lon="18.930341564118862152099609375">
        <ele>111.59999847412109375</ele>
        <time>2023-10-08T13:55:36.000Z</time>
        <extensions>
          <ns3:TrackPointExtension>
            <ns3:hr>116</ns3:hr>
          </ns3:TrackPointExtension>
        </extensions>
      </trkpt>
      <trkpt lat="47.76776335202157497406005859375" lon="18.930470645427703857421875">
        <ele>111.40000152587890625</ele>
        <time>2023-10-08T13:55:46.000Z</time>
        <extensions>
          <ns3:TrackPointExtension>
            <ns3:hr>118</ns3:hr>
          </ns3:TrackPointExtension>
        </extensions>
      </trkpt>
      <trkpt lat="47.76775480248034000396728515625" lon="18.9305593259632587432861328125">
        <ele>111</ele>
        <time>2023-10-08T13:55:55.000Z</time>
        <extensions>
          <ns3:TrackPointExtension>
            <ns3:hr>119</ns3:hr>
          </ns3:TrackPointExtension>
        </extensions>
      </trkpt>
      <trkpt lat="47.76776854880154132843017578125" lon="18.930644653737545013427734375">
        <ele>111</ele>
        <time>2023-10-08T13:56:02.000Z</time>
        <extensions>
          <ns3:TrackPointExtension>
            <ns3:hr>119</ns3:hr>
          </ns3:TrackPointExtension>
        </extensions>
      </trkpt>
      <trkpt lat="47.76777793653309345245361328125" lon="18.9306974597275257110595703125">
        <ele>111.1999969482421875</ele>
        <time>2023-10-08T13:56:09.000Z</time>
        <extensions>
          <ns3:TrackPointExtension>
            <ns3:hr>119</ns3:hr>
          </ns3:TrackPointExtension>
        </extensions>
      </trkpt>
      <trkpt lat="47.76778011582791805267333984375" lon="18.93075973726809024810791015625">
        <ele>111.1999969482421875</ele>
        <time>2023-10-08T13:56:15.000Z</time>
        <extensions>
          <ns3:TrackPointExtension>
            <ns3:hr>118</ns3:hr>
          </ns3:TrackPointExtension>
        </extensions>
      </trkpt>
      <trkpt lat="47.76778447441756725311279296875" lon="18.93078857101500034332275390625">
        <ele>111.1999969482421875</ele>
        <time>2023-10-08T13:56:22.000Z</time>
        <extensions>
          <ns3:TrackPointExtension>
            <ns3:hr>117</ns3:hr>
          </ns3:TrackPointExtension>
        </extensions>
      </trkpt>
      <trkpt lat="47.76779252104461193084716796875" lon="18.93084389157593250274658203125">
        <ele>111.40000152587890625</ele>
        <time>2023-10-08T13:56:28.000Z</time>
        <extensions>
          <ns3:TrackPointExtension>
            <ns3:hr>118</ns3:hr>
          </ns3:TrackPointExtension>
        </extensions>
      </trkpt>
      <trkpt lat="47.7678088657557964324951171875" lon="18.930931650102138519287109375">
        <ele>111.40000152587890625</ele>
        <time>2023-10-08T13:56:34.000Z</time>
        <extensions>
          <ns3:TrackPointExtension>
            <ns3:hr>119</ns3:hr>
          </ns3:TrackPointExtension>
        </extensions>
      </trkpt>
      <trkpt lat="47.7678306587040424346923828125" lon="18.93103550188243389129638671875">
        <ele>111.59999847412109375</ele>
        <time>2023-10-08T13:56:42.000Z</time>
        <extensions>
          <ns3:TrackPointExtension>
            <ns3:hr>118</ns3:hr>
          </ns3:TrackPointExtension>
        </extensions>
      </trkpt>
      <trkpt lat="47.76785924099385738372802734375" lon="18.93120297230780124664306640625">
        <ele>112.1999969482421875</ele>
        <time>2023-10-08T13:56:54.000Z</time>
        <extensions>
          <ns3:TrackPointExtension>
            <ns3:hr>117</ns3:hr>
          </ns3:TrackPointExtension>
        </extensions>
      </trkpt>
      <trkpt lat="47.76788187213242053985595703125" lon="18.931361474096775054931640625">
        <ele>113</ele>
        <time>2023-10-08T13:57:05.000Z</time>
        <extensions>
          <ns3:TrackPointExtension>
            <ns3:hr>117</ns3:hr>
          </ns3:TrackPointExtension>
        </extensions>
      </trkpt>
      <trkpt lat="47.76788472197949886322021484375" lon="18.931374885141849517822265625">
        <ele>113</ele>
        <time>2023-10-08T13:57:06.000Z</time>
        <extensions>
          <ns3:TrackPointExtension>
            <ns3:hr>117</ns3:hr>
          </ns3:TrackPointExtension>
        </extensions>
      </trkpt>
      <trkpt lat="47.7678970433771610260009765625" lon="18.931462056934833526611328125">
        <ele>113.40000152587890625</ele>
        <time>2023-10-08T13:57:12.000Z</time>
        <extensions>
          <ns3:TrackPointExtension>
            <ns3:hr>117</ns3:hr>
          </ns3:TrackPointExtension>
        </extensions>
      </trkpt>
      <trkpt lat="47.76790416799485683441162109375" lon="18.9315886236727237701416015625">
        <ele>113.40000152587890625</ele>
        <time>2023-10-08T13:57:21.000Z</time>
        <extensions>
          <ns3:TrackPointExtension>
            <ns3:hr>117</ns3:hr>
          </ns3:TrackPointExtension>
        </extensions>
      </trkpt>
      <trkpt lat="47.7679185010492801666259765625" lon="18.93175475299358367919921875">
        <ele>114</ele>
        <time>2023-10-08T13:57:32.000Z</time>
        <extensions>
          <ns3:TrackPointExtension>
            <ns3:hr>115</ns3:hr>
          </ns3:TrackPointExtension>
        </extensions>
      </trkpt>
      <trkpt lat="47.76792797259986400604248046875" lon="18.93181736581027507781982421875">
        <ele>114</ele>
        <time>2023-10-08T13:57:36.000Z</time>
        <extensions>
          <ns3:TrackPointExtension>
            <ns3:hr>115</ns3:hr>
          </ns3:TrackPointExtension>
        </extensions>
      </trkpt>
      <trkpt lat="47.76792428456246852874755859375" lon="18.93189380876719951629638671875">
        <ele>113.59999847412109375</ele>
        <time>2023-10-08T13:57:41.000Z</time>
        <extensions>
          <ns3:TrackPointExtension>
            <ns3:hr>114</ns3:hr>
          </ns3:TrackPointExtension>
        </extensions>
      </trkpt>
      <trkpt lat="47.76794113218784332275390625" lon="18.9320657216012477874755859375">
        <ele>114</ele>
        <time>2023-10-08T13:57:53.000Z</time>
        <extensions>
          <ns3:TrackPointExtension>
            <ns3:hr>115</ns3:hr>
          </ns3:TrackPointExtension>
        </extensions>
      </trkpt>
      <trkpt lat="47.76795362122356891632080078125" lon="18.93221148289740085601806640625">
        <ele>113.40000152587890625</ele>
        <time>2023-10-08T13:58:03.000Z</time>
        <extensions>
          <ns3:TrackPointExtension>
            <ns3:hr>116</ns3:hr>
          </ns3:TrackPointExtension>
        </extensions>
      </trkpt>
      <trkpt lat="47.76796267367899417877197265625" lon="18.9323771931231021881103515625">
        <ele>112.59999847412109375</ele>
        <time>2023-10-08T13:58:14.000Z</time>
        <extensions>
          <ns3:TrackPointExtension>
            <ns3:hr>119</ns3:hr>
          </ns3:TrackPointExtension>
        </extensions>
      </trkpt>
      <trkpt lat="47.76796258985996246337890625" lon="18.93240426667034626007080078125">
        <ele>112.59999847412109375</ele>
        <time>2023-10-08T13:58:16.000Z</time>
        <extensions>
          <ns3:TrackPointExtension>
            <ns3:hr>117</ns3:hr>
          </ns3:TrackPointExtension>
        </extensions>
      </trkpt>
      <trkpt lat="47.7679570578038692474365234375" lon="18.93241365440189838409423828125">
        <ele>112.40000152587890625</ele>
        <time>2023-10-08T13:58:17.000Z</time>
        <extensions>
          <ns3:TrackPointExtension>
            <ns3:hr>117</ns3:hr>
          </ns3:TrackPointExtension>
        </extensions>
      </trkpt>
      <trkpt lat="47.76795462705194950103759765625" lon="18.93242287449538707733154296875">
        <ele>112.1999969482421875</ele>
        <time>2023-10-08T13:58:18.000Z</time>
        <extensions>
          <ns3:TrackPointExtension>
            <ns3:hr>117</ns3:hr>
          </ns3:TrackPointExtension>
        </extensions>
      </trkpt>
      <trkpt lat="47.7679620869457721710205078125" lon="18.93247903324663639068603515625">
        <ele>112.1999969482421875</ele>
        <time>2023-10-08T13:58:23.000Z</time>
        <extensions>
          <ns3:TrackPointExtension>
            <ns3:hr>118</ns3:hr>
          </ns3:TrackPointExtension>
        </extensions>
      </trkpt>
      <trkpt lat="47.7679644338786602020263671875" lon="18.93267902545630931854248046875">
        <ele>111.40000152587890625</ele>
        <time>2023-10-08T13:58:36.000Z</time>
        <extensions>
          <ns3:TrackPointExtension>
            <ns3:hr>117</ns3:hr>
          </ns3:TrackPointExtension>
        </extensions>
      </trkpt>
      <trkpt lat="47.7679711394011974334716796875" lon="18.932843394577503204345703125">
        <ele>111.59999847412109375</ele>
        <time>2023-10-08T13:58:47.000Z</time>
        <extensions>
          <ns3:TrackPointExtension>
            <ns3:hr>115</ns3:hr>
          </ns3:TrackPointExtension>
        </extensions>
      </trkpt>
      <trkpt lat="47.7679748274385929107666015625" lon="18.9328945241868495941162109375">
        <ele>111.8000030517578125</ele>
        <time>2023-10-08T13:58:50.000Z</time>
        <extensions>
          <ns3:TrackPointExtension>
            <ns3:hr>118</ns3:hr>
          </ns3:TrackPointExtension>
        </extensions>
      </trkpt>
      <trkpt lat="47.76798865757882595062255859375" lon="18.9330574683845043182373046875">
        <ele>111.8000030517578125</ele>
        <time>2023-10-08T13:59:01.000Z</time>
        <extensions>
          <ns3:TrackPointExtension>
            <ns3:hr>118</ns3:hr>
          </ns3:TrackPointExtension>
        </extensions>
      </trkpt>
      <trkpt lat="47.76799620129168033599853515625" lon="18.93318596296012401580810546875">
        <ele>111</ele>
        <time>2023-10-08T13:59:10.000Z</time>
        <extensions>
          <ns3:TrackPointExtension>
            <ns3:hr>121</ns3:hr>
          </ns3:TrackPointExtension>
        </extensions>
      </trkpt>
      <trkpt lat="47.7680006437003612518310546875" lon="18.93322770483791828155517578125">
        <ele>111</ele>
        <time>2023-10-08T13:59:13.000Z</time>
        <extensions>
          <ns3:TrackPointExtension>
            <ns3:hr>118</ns3:hr>
          </ns3:TrackPointExtension>
        </extensions>
      </trkpt>
      <trkpt lat="47.7680036611855030059814453125" lon="18.9333035610616207122802734375">
        <ele>110.8000030517578125</ele>
        <time>2023-10-08T13:59:18.000Z</time>
        <extensions>
          <ns3:TrackPointExtension>
            <ns3:hr>121</ns3:hr>
          </ns3:TrackPointExtension>
        </extensions>
      </trkpt>
      <trkpt lat="47.76800810359418392181396484375" lon="18.93336181528866291046142578125">
        <ele>111</ele>
        <time>2023-10-08T13:59:22.000Z</time>
        <extensions>
          <ns3:TrackPointExtension>
            <ns3:hr>121</ns3:hr>
          </ns3:TrackPointExtension>
        </extensions>
      </trkpt>
      <trkpt lat="47.7680073492228984832763671875" lon="18.9334929920732975006103515625">
        <ele>111.40000152587890625</ele>
        <time>2023-10-08T13:59:32.000Z</time>
        <extensions>
          <ns3:TrackPointExtension>
            <ns3:hr>124</ns3:hr>
          </ns3:TrackPointExtension>
        </extensions>
      </trkpt>
      <trkpt lat="47.768005840480327606201171875" lon="18.93349123187363147735595703125">
        <ele>111.40000152587890625</ele>
        <time>2023-10-08T13:59:33.000Z</time>
        <extensions>
          <ns3:TrackPointExtension>
            <ns3:hr>122</ns3:hr>
          </ns3:TrackPointExtension>
        </extensions>
      </trkpt>
      <trkpt lat="47.768003158271312713623046875" lon="18.93351771868765354156494140625">
        <ele>111.40000152587890625</ele>
        <time>2023-10-08T13:59:37.000Z</time>
        <extensions>
          <ns3:TrackPointExtension>
            <ns3:hr>125</ns3:hr>
          </ns3:TrackPointExtension>
        </extensions>
      </trkpt>
      <trkpt lat="47.7680061757564544677734375" lon="18.93352241255342960357666015625">
        <ele>111.40000152587890625</ele>
        <time>2023-10-08T13:59:39.000Z</time>
        <extensions>
          <ns3:TrackPointExtension>
            <ns3:hr>124</ns3:hr>
          </ns3:TrackPointExtension>
        </extensions>
      </trkpt>
      <trkpt lat="47.76800977997481822967529296875" lon="18.933526016771793365478515625">
        <ele>111.59999847412109375</ele>
        <time>2023-10-08T13:59:50.000Z</time>
        <extensions>
          <ns3:TrackPointExtension>
            <ns3:hr>125</ns3:hr>
          </ns3:TrackPointExtension>
        </extensions>
      </trkpt>
      <trkpt lat="47.7680237777531147003173828125" lon="18.93360757268965244293212890625">
        <ele>112</ele>
        <time>2023-10-08T13:59:55.000Z</time>
        <extensions>
          <ns3:TrackPointExtension>
            <ns3:hr>126</ns3:hr>
          </ns3:TrackPointExtension>
        </extensions>
      </trkpt>
      <trkpt lat="47.7680341713130474090576171875" lon="18.9336639828979969024658203125">
        <ele>112.1999969482421875</ele>
        <time>2023-10-08T13:59:58.000Z</time>
        <extensions>
          <ns3:TrackPointExtension>
            <ns3:hr>123</ns3:hr>
          </ns3:TrackPointExtension>
        </extensions>
      </trkpt>
      <trkpt lat="47.768054120242595672607421875" lon="18.93380186520516872406005859375">
        <ele>112.40000152587890625</ele>
        <time>2023-10-08T14:00:07.000Z</time>
        <extensions>
          <ns3:TrackPointExtension>
            <ns3:hr>127</ns3:hr>
          </ns3:TrackPointExtension>
        </extensions>
      </trkpt>
      <trkpt lat="47.76805554516613483428955078125" lon="18.93381678499281406402587890625">
        <ele>112.40000152587890625</ele>
        <time>2023-10-08T14:00:08.000Z</time>
        <extensions>
          <ns3:TrackPointExtension>
            <ns3:hr>127</ns3:hr>
          </ns3:TrackPointExtension>
        </extensions>
      </trkpt>
      <trkpt lat="47.76806342415511608123779296875" lon="18.9338933117687702178955078125">
        <ele>112.59999847412109375</ele>
        <time>2023-10-08T14:00:13.000Z</time>
        <extensions>
          <ns3:TrackPointExtension>
            <ns3:hr>130</ns3:hr>
          </ns3:TrackPointExtension>
        </extensions>
      </trkpt>
      <trkpt lat="47.76808270253241062164306640625" lon="18.9340096525847911834716796875">
        <ele>113.1999969482421875</ele>
        <time>2023-10-08T14:00:21.000Z</time>
        <extensions>
          <ns3:TrackPointExtension>
            <ns3:hr>132</ns3:hr>
          </ns3:TrackPointExtension>
        </extensions>
      </trkpt>
      <trkpt lat="47.76810667477548122406005859375" lon="18.93424208275973796844482421875">
        <ele>112.8000030517578125</ele>
        <time>2023-10-08T14:00:36.000Z</time>
        <extensions>
          <ns3:TrackPointExtension>
            <ns3:hr>133</ns3:hr>
          </ns3:TrackPointExtension>
        </extensions>
      </trkpt>
      <trkpt lat="47.7681253664195537567138671875" lon="18.9343751035630702972412109375">
        <ele>112.40000152587890625</ele>
        <time>2023-10-08T14:00:45.000Z</time>
        <extensions>
          <ns3:TrackPointExtension>
            <ns3:hr>130</ns3:hr>
          </ns3:TrackPointExtension>
        </extensions>
      </trkpt>
      <trkpt lat="47.76812377385795116424560546875" lon="18.9344066195189952850341796875">
        <ele>112</ele>
        <time>2023-10-08T14:00:47.000Z</time>
        <extensions>
          <ns3:TrackPointExtension>
            <ns3:hr>129</ns3:hr>
          </ns3:TrackPointExtension>
        </extensions>
      </trkpt>
      <trkpt lat="47.768128551542758941650390625" lon="18.9344961382448673248291015625">
        <ele>111.40000152587890625</ele>
        <time>2023-10-08T14:00:53.000Z</time>
        <extensions>
          <ns3:TrackPointExtension>
            <ns3:hr>131</ns3:hr>
          </ns3:TrackPointExtension>
        </extensions>
      </trkpt>
      <trkpt lat="47.76813156902790069580078125" lon="18.93453343771398067474365234375">
        <ele>111.1999969482421875</ele>
        <time>2023-10-08T14:00:56.000Z</time>
        <extensions>
          <ns3:TrackPointExtension>
            <ns3:hr>133</ns3:hr>
          </ns3:TrackPointExtension>
        </extensions>
      </trkpt>
      <trkpt lat="47.768158726394176483154296875" lon="18.934662602841854095458984375">
        <ele>112</ele>
        <time>2023-10-08T14:01:05.000Z</time>
        <extensions>
          <ns3:TrackPointExtension>
            <ns3:hr>134</ns3:hr>
          </ns3:TrackPointExtension>
        </extensions>
      </trkpt>
      <trkpt lat="47.7681796811521053314208984375" lon="18.934842310845851898193359375">
        <ele>113.1999969482421875</ele>
        <time>2023-10-08T14:01:18.000Z</time>
        <extensions>
          <ns3:TrackPointExtension>
            <ns3:hr>134</ns3:hr>
          </ns3:TrackPointExtension>
        </extensions>
      </trkpt>
      <trkpt lat="47.76819527149200439453125" lon="18.9350612461566925048828125">
        <ele>112</ele>
        <time>2023-10-08T14:01:32.000Z</time>
        <extensions>
          <ns3:TrackPointExtension>
            <ns3:hr>136</ns3:hr>
          </ns3:TrackPointExtension>
        </extensions>
      </trkpt>
      <trkpt lat="47.76820071972906589508056640625" lon="18.93510575406253337860107421875">
        <ele>111.8000030517578125</ele>
        <time>2023-10-08T14:01:35.000Z</time>
        <extensions>
          <ns3:TrackPointExtension>
            <ns3:hr>133</ns3:hr>
          </ns3:TrackPointExtension>
        </extensions>
      </trkpt>
      <trkpt lat="47.76821312494575977325439453125" lon="18.93526534549891948699951171875">
        <ele>111.1999969482421875</ele>
        <time>2023-10-08T14:01:46.000Z</time>
        <extensions>
          <ns3:TrackPointExtension>
            <ns3:hr>131</ns3:hr>
          </ns3:TrackPointExtension>
        </extensions>
      </trkpt>
      <trkpt lat="47.76821496896445751190185546875" lon="18.93535721115767955780029296875">
        <ele>111.1999969482421875</ele>
        <time>2023-10-08T14:01:54.000Z</time>
        <extensions>
          <ns3:TrackPointExtension>
            <ns3:hr>133</ns3:hr>
          </ns3:TrackPointExtension>
        </extensions>
      </trkpt>
      <trkpt lat="47.7682303078472614288330078125" lon="18.935573212802410125732421875">
        <ele>110.1999969482421875</ele>
        <time>2023-10-08T14:02:09.000Z</time>
        <extensions>
          <ns3:TrackPointExtension>
            <ns3:hr>133</ns3:hr>
          </ns3:TrackPointExtension>
        </extensions>
      </trkpt>
      <trkpt lat="47.7682410366833209991455078125" lon="18.93567371182143688201904296875">
        <ele>109.59999847412109375</ele>
        <time>2023-10-08T14:02:16.000Z</time>
        <extensions>
          <ns3:TrackPointExtension>
            <ns3:hr>130</ns3:hr>
          </ns3:TrackPointExtension>
        </extensions>
      </trkpt>
      <trkpt lat="47.768253274261951446533203125" lon="18.93576121889054775238037109375">
        <ele>109.8000030517578125</ele>
        <time>2023-10-08T14:02:22.000Z</time>
        <extensions>
          <ns3:TrackPointExtension>
            <ns3:hr>128</ns3:hr>
          </ns3:TrackPointExtension>
        </extensions>
      </trkpt>
      <trkpt lat="47.7682477422058582305908203125" lon="18.9357996918261051177978515625">
        <ele>109.59999847412109375</ele>
        <time>2023-10-08T14:02:30.000Z</time>
        <extensions>
          <ns3:TrackPointExtension>
            <ns3:hr>127</ns3:hr>
          </ns3:TrackPointExtension>
        </extensions>
      </trkpt>
      <trkpt lat="47.76824883185327053070068359375" lon="18.9358015358448028564453125">
        <ele>109.59999847412109375</ele>
        <time>2023-10-08T14:02:38.000Z</time>
        <extensions>
          <ns3:TrackPointExtension>
            <ns3:hr>127</ns3:hr>
          </ns3:TrackPointExtension>
        </extensions>
      </trkpt>
      <trkpt lat="47.76826358400285243988037109375" lon="18.93592156469821929931640625">
        <ele>109.59999847412109375</ele>
        <time>2023-10-08T14:02:56.000Z</time>
        <extensions>
          <ns3:TrackPointExtension>
            <ns3:hr>130</ns3:hr>
          </ns3:TrackPointExtension>
        </extensions>
      </trkpt>
      <trkpt lat="47.76826743967831134796142578125" lon="18.93595132045447826385498046875">
        <ele>109.40000152587890625</ele>
        <time>2023-10-08T14:02:57.000Z</time>
        <extensions>
          <ns3:TrackPointExtension>
            <ns3:hr>130</ns3:hr>
          </ns3:TrackPointExtension>
        </extensions>
      </trkpt>
      <trkpt lat="47.76830054819583892822265625" lon="18.93616757355630397796630859375">
        <ele>109.40000152587890625</ele>
        <time>2023-10-08T14:03:08.000Z</time>
        <extensions>
          <ns3:TrackPointExtension>
            <ns3:hr>129</ns3:hr>
          </ns3:TrackPointExtension>
        </extensions>
      </trkpt>
      <trkpt lat="47.768332399427890777587890625" lon="18.93639908172190189361572265625">
        <ele>109</ele>
        <time>2023-10-08T14:03:23.000Z</time>
        <extensions>
          <ns3:TrackPointExtension>
            <ns3:hr>129</ns3:hr>
          </ns3:TrackPointExtension>
        </extensions>
      </trkpt>
      <trkpt lat="47.76837137527763843536376953125" lon="18.93666093237698078155517578125">
        <ele>109.40000152587890625</ele>
        <time>2023-10-08T14:03:39.000Z</time>
        <extensions>
          <ns3:TrackPointExtension>
            <ns3:hr>130</ns3:hr>
          </ns3:TrackPointExtension>
        </extensions>
      </trkpt>
      <trkpt lat="47.76842057704925537109375" lon="18.936902247369289398193359375">
        <ele>109.40000152587890625</ele>
        <time>2023-10-08T14:03:54.000Z</time>
        <extensions>
          <ns3:TrackPointExtension>
            <ns3:hr>131</ns3:hr>
          </ns3:TrackPointExtension>
        </extensions>
      </trkpt>
      <trkpt lat="47.7684794180095195770263671875" lon="18.937115482985973358154296875">
        <ele>109.40000152587890625</ele>
        <time>2023-10-08T14:04:08.000Z</time>
        <extensions>
          <ns3:TrackPointExtension>
            <ns3:hr>132</ns3:hr>
          </ns3:TrackPointExtension>
        </extensions>
      </trkpt>
      <trkpt lat="47.76851286180317401885986328125" lon="18.9372490905225276947021484375">
        <ele>109.8000030517578125</ele>
        <time>2023-10-08T14:04:17.000Z</time>
        <extensions>
          <ns3:TrackPointExtension>
            <ns3:hr>129</ns3:hr>
          </ns3:TrackPointExtension>
        </extensions>
      </trkpt>
      <trkpt lat="47.76852292008697986602783203125" lon="18.93727649934589862823486328125">
        <ele>110</ele>
        <time>2023-10-08T14:04:19.000Z</time>
        <extensions>
          <ns3:TrackPointExtension>
            <ns3:hr>129</ns3:hr>
          </ns3:TrackPointExtension>
        </extensions>
      </trkpt>
      <trkpt lat="47.7685726247727870941162109375" lon="18.937501721084117889404296875">
        <ele>110.40000152587890625</ele>
        <time>2023-10-08T14:04:33.000Z</time>
        <extensions>
          <ns3:TrackPointExtension>
            <ns3:hr>129</ns3:hr>
          </ns3:TrackPointExtension>
        </extensions>
      </trkpt>
      <trkpt lat="47.7686262689530849456787109375" lon="18.93770380876958370208740234375">
        <ele>110.59999847412109375</ele>
        <time>2023-10-08T14:04:46.000Z</time>
        <extensions>
          <ns3:TrackPointExtension>
            <ns3:hr>130</ns3:hr>
          </ns3:TrackPointExtension>
        </extensions>
      </trkpt>
      <trkpt lat="47.7686767280101776123046875" lon="18.93791905604302883148193359375">
        <ele>110.8000030517578125</ele>
        <time>2023-10-08T14:05:00.000Z</time>
        <extensions>
          <ns3:TrackPointExtension>
            <ns3:hr>129</ns3:hr>
          </ns3:TrackPointExtension>
        </extensions>
      </trkpt>
      <trkpt lat="47.7687429450452327728271484375" lon="18.938147127628326416015625">
        <ele>110.1999969482421875</ele>
        <time>2023-10-08T14:05:15.000Z</time>
        <extensions>
          <ns3:TrackPointExtension>
            <ns3:hr>128</ns3:hr>
          </ns3:TrackPointExtension>
        </extensions>
      </trkpt>
      <trkpt lat="47.76877923868596553802490234375" lon="18.9382995106279850006103515625">
        <ele>110.1999969482421875</ele>
        <time>2023-10-08T14:05:25.000Z</time>
        <extensions>
          <ns3:TrackPointExtension>
            <ns3:hr>128</ns3:hr>
          </ns3:TrackPointExtension>
        </extensions>
      </trkpt>
      <trkpt lat="47.76881997473537921905517578125" lon="18.9384409971535205841064453125">
        <ele>110.40000152587890625</ele>
        <time>2023-10-08T14:05:34.000Z</time>
        <extensions>
          <ns3:TrackPointExtension>
            <ns3:hr>131</ns3:hr>
          </ns3:TrackPointExtension>
        </extensions>
      </trkpt>
      <trkpt lat="47.7688408456742763519287109375" lon="18.93851794302463531494140625">
        <ele>110.59999847412109375</ele>
        <time>2023-10-08T14:05:39.000Z</time>
        <extensions>
          <ns3:TrackPointExtension>
            <ns3:hr>132</ns3:hr>
          </ns3:TrackPointExtension>
        </extensions>
      </trkpt>
      <trkpt lat="47.7688941545784473419189453125" lon="18.93869220279157161712646484375">
        <ele>111.1999969482421875</ele>
        <time>2023-10-08T14:05:52.000Z</time>
        <extensions>
          <ns3:TrackPointExtension>
            <ns3:hr>134</ns3:hr>
          </ns3:TrackPointExtension>
        </extensions>
      </trkpt>
      <trkpt lat="47.76892491616308689117431640625" lon="18.93883469514548778533935546875">
        <ele>111.1999969482421875</ele>
        <time>2023-10-08T14:06:03.000Z</time>
        <extensions>
          <ns3:TrackPointExtension>
            <ns3:hr>134</ns3:hr>
          </ns3:TrackPointExtension>
        </extensions>
      </trkpt>
      <trkpt lat="47.7689286880195140838623046875" lon="18.93884123302996158599853515625">
        <ele>111.1999969482421875</ele>
        <time>2023-10-08T14:06:09.000Z</time>
        <extensions>
          <ns3:TrackPointExtension>
            <ns3:hr>133</ns3:hr>
          </ns3:TrackPointExtension>
        </extensions>
      </trkpt>
      <trkpt lat="47.7689276821911334991455078125" lon="18.93884207122027873992919921875">
        <ele>111.1999969482421875</ele>
        <time>2023-10-08T14:06:27.000Z</time>
        <extensions>
          <ns3:TrackPointExtension>
            <ns3:hr>134</ns3:hr>
          </ns3:TrackPointExtension>
        </extensions>
      </trkpt>
      <trkpt lat="47.768921814858913421630859375" lon="18.938841484487056732177734375">
        <ele>111.1999969482421875</ele>
        <time>2023-10-08T14:06:45.000Z</time>
        <extensions>
          <ns3:TrackPointExtension>
            <ns3:hr>137</ns3:hr>
          </ns3:TrackPointExtension>
        </extensions>
      </trkpt>
      <trkpt lat="47.7689216472208499908447265625" lon="18.9388416521251201629638671875">
        <ele>111.1999969482421875</ele>
        <time>2023-10-08T14:06:56.000Z</time>
        <extensions>
          <ns3:TrackPointExtension>
            <ns3:hr>134</ns3:hr>
          </ns3:TrackPointExtension>
        </extensions>
      </trkpt>
      <trkpt lat="47.76893715374171733856201171875" lon="18.93896562047302722930908203125">
        <ele>110.8000030517578125</ele>
        <time>2023-10-08T14:07:06.000Z</time>
        <extensions>
          <ns3:TrackPointExtension>
            <ns3:hr>131</ns3:hr>
          </ns3:TrackPointExtension>
        </extensions>
      </trkpt>
      <trkpt lat="47.76893195696175098419189453125" lon="18.9390391297638416290283203125">
        <ele>110.59999847412109375</ele>
        <time>2023-10-08T14:07:09.000Z</time>
        <extensions>
          <ns3:TrackPointExtension>
            <ns3:hr>127</ns3:hr>
          </ns3:TrackPointExtension>
        </extensions>
      </trkpt>
      <trkpt lat="47.76892994530498981475830078125" lon="18.9390696398913860321044921875">
        <ele>110.40000152587890625</ele>
        <time>2023-10-08T14:07:10.000Z</time>
        <extensions>
          <ns3:TrackPointExtension>
            <ns3:hr>127</ns3:hr>
          </ns3:TrackPointExtension>
        </extensions>
      </trkpt>
      <trkpt lat="47.768920473754405975341796875" lon="18.939159996807575225830078125">
        <ele>110</ele>
        <time>2023-10-08T14:07:16.000Z</time>
        <extensions>
          <ns3:TrackPointExtension>
            <ns3:hr>128</ns3:hr>
          </ns3:TrackPointExtension>
        </extensions>
      </trkpt>
      <trkpt lat="47.76890002191066741943359375" lon="18.939364850521087646484375">
        <ele>109.59999847412109375</ele>
        <time>2023-10-08T14:07:28.000Z</time>
        <extensions>
          <ns3:TrackPointExtension>
            <ns3:hr>128</ns3:hr>
          </ns3:TrackPointExtension>
        </extensions>
      </trkpt>
      <trkpt lat="47.76889331638813018798828125" lon="18.939379937946796417236328125">
        <ele>109.40000152587890625</ele>
        <time>2023-10-08T14:07:29.000Z</time>
        <extensions>
          <ns3:TrackPointExtension>
            <ns3:hr>127</ns3:hr>
          </ns3:TrackPointExtension>
        </extensions>
      </trkpt>
      <trkpt lat="47.76880388148128986358642578125" lon="18.93959912471473217010498046875">
        <ele>109.40000152587890625</ele>
        <time>2023-10-08T14:07:43.000Z</time>
        <extensions>
          <ns3:TrackPointExtension>
            <ns3:hr>127</ns3:hr>
          </ns3:TrackPointExtension>
        </extensions>
      </trkpt>
      <trkpt lat="47.76879943907260894775390625" lon="18.93962779082357883453369140625">
        <ele>109.40000152587890625</ele>
        <time>2023-10-08T14:07:45.000Z</time>
        <extensions>
          <ns3:TrackPointExtension>
            <ns3:hr>130</ns3:hr>
          </ns3:TrackPointExtension>
        </extensions>
      </trkpt>
      <trkpt lat="47.768796421587467193603515625" lon="18.93964136950671672821044921875">
        <ele>109.40000152587890625</ele>
        <time>2023-10-08T14:07:46.000Z</time>
        <extensions>
          <ns3:TrackPointExtension>
            <ns3:hr>127</ns3:hr>
          </ns3:TrackPointExtension>
        </extensions>
      </trkpt>
      <trkpt lat="47.76878728531301021575927734375" lon="18.93973826430737972259521484375">
        <ele>109.59999847412109375</ele>
        <time>2023-10-08T14:07:52.000Z</time>
        <extensions>
          <ns3:TrackPointExtension>
            <ns3:hr>128</ns3:hr>
          </ns3:TrackPointExtension>
        </extensions>
      </trkpt>
      <trkpt lat="47.7688297815620899200439453125" lon="18.93988159485161304473876953125">
        <ele>110</ele>
        <time>2023-10-08T14:08:02.000Z</time>
        <extensions>
          <ns3:TrackPointExtension>
            <ns3:hr>127</ns3:hr>
          </ns3:TrackPointExtension>
        </extensions>
      </trkpt>
      <trkpt lat="47.7688710205256938934326171875" lon="18.93998821265995502471923828125">
        <ele>110</ele>
        <time>2023-10-08T14:08:10.000Z</time>
        <extensions>
          <ns3:TrackPointExtension>
            <ns3:hr>130</ns3:hr>
          </ns3:TrackPointExtension>
        </extensions>
      </trkpt>
      <trkpt lat="47.76887445710599422454833984375" lon="18.94000246189534664154052734375">
        <ele>110</ele>
        <time>2023-10-08T14:08:11.000Z</time>
        <extensions>
          <ns3:TrackPointExtension>
            <ns3:hr>130</ns3:hr>
          </ns3:TrackPointExtension>
        </extensions>
      </trkpt>
      <trkpt lat="47.768927179276943206787109375" lon="18.940159119665622711181640625">
        <ele>109.8000030517578125</ele>
        <time>2023-10-08T14:08:22.000Z</time>
        <extensions>
          <ns3:TrackPointExtension>
            <ns3:hr>131</ns3:hr>
          </ns3:TrackPointExtension>
        </extensions>
      </trkpt>
      <trkpt lat="47.7689583599567413330078125" lon="18.9402531646192073822021484375">
        <ele>109.59999847412109375</ele>
        <time>2023-10-08T14:08:30.000Z</time>
        <extensions>
          <ns3:TrackPointExtension>
            <ns3:hr>131</ns3:hr>
          </ns3:TrackPointExtension>
        </extensions>
      </trkpt>
      <trkpt lat="47.76895827613770961761474609375" lon="18.940255008637905120849609375">
        <ele>109.59999847412109375</ele>
        <time>2023-10-08T14:08:31.000Z</time>
        <extensions>
          <ns3:TrackPointExtension>
            <ns3:hr>128</ns3:hr>
          </ns3:TrackPointExtension>
        </extensions>
      </trkpt>
      <trkpt lat="47.76895995251834392547607421875" lon="18.94025861285626888275146484375">
        <ele>109.59999847412109375</ele>
        <time>2023-10-08T14:08:33.000Z</time>
        <extensions>
          <ns3:TrackPointExtension>
            <ns3:hr>131</ns3:hr>
          </ns3:TrackPointExtension>
        </extensions>
      </trkpt>
      <trkpt lat="47.76895861141383647918701171875" lon="18.940258026123046875">
        <ele>109.59999847412109375</ele>
        <time>2023-10-08T14:08:37.000Z</time>
        <extensions>
          <ns3:TrackPointExtension>
            <ns3:hr>131</ns3:hr>
          </ns3:TrackPointExtension>
        </extensions>
      </trkpt>
      <trkpt lat="47.7689583599567413330078125" lon="18.94025844521820545196533203125">
        <ele>109.59999847412109375</ele>
        <time>2023-10-08T14:08:49.000Z</time>
        <extensions>
          <ns3:TrackPointExtension>
            <ns3:hr>134</ns3:hr>
          </ns3:TrackPointExtension>
        </extensions>
      </trkpt>
      <trkpt lat="47.7689583599567413330078125" lon="18.94025844521820545196533203125">
        <ele>109.59999847412109375</ele>
        <time>2023-10-08T14:08:51.000Z</time>
        <extensions>
          <ns3:TrackPointExtension>
            <ns3:hr>135</ns3:hr>
          </ns3:TrackPointExtension>
        </extensions>
      </trkpt>
      <trkpt lat="47.76895777322351932525634765625" lon="18.94025844521820545196533203125">
        <ele>109.59999847412109375</ele>
        <time>2023-10-08T14:08:56.000Z</time>
        <extensions>
          <ns3:TrackPointExtension>
            <ns3:hr>138</ns3:hr>
          </ns3:TrackPointExtension>
        </extensions>
      </trkpt>
      <trkpt lat="47.76895710267126560211181640625" lon="18.94026179797947406768798828125">
        <ele>109.40000152587890625</ele>
        <time>2023-10-08T14:09:25.000Z</time>
        <extensions>
          <ns3:TrackPointExtension>
            <ns3:hr>135</ns3:hr>
          </ns3:TrackPointExtension>
        </extensions>
      </trkpt>
      <trkpt lat="47.76895710267126560211181640625" lon="18.94028040580451488494873046875">
        <ele>109.40000152587890625</ele>
        <time>2023-10-08T14:09:29.000Z</time>
        <extensions>
          <ns3:TrackPointExtension>
            <ns3:hr>132</ns3:hr>
          </ns3:TrackPointExtension>
        </extensions>
      </trkpt>
      <trkpt lat="47.76895710267126560211181640625" lon="18.94028258509933948516845703125">
        <ele>109.40000152587890625</ele>
        <time>2023-10-08T14:09:34.000Z</time>
        <extensions>
          <ns3:TrackPointExtension>
            <ns3:hr>129</ns3:hr>
          </ns3:TrackPointExtension>
        </extensions>
      </trkpt>
      <trkpt lat="47.76895366609096527099609375" lon="18.94028342328965663909912109375">
        <ele>109.40000152587890625</ele>
        <time>2023-10-08T14:09:59.000Z</time>
        <extensions>
          <ns3:TrackPointExtension>
            <ns3:hr>126</ns3:hr>
          </ns3:TrackPointExtension>
        </extensions>
      </trkpt>
      <trkpt lat="47.76895307935774326324462890625" lon="18.9402836747467517852783203125">
        <ele>109.40000152587890625</ele>
        <time>2023-10-08T14:10:01.000Z</time>
        <extensions>
          <ns3:TrackPointExtension>
            <ns3:hr>122</ns3:hr>
          </ns3:TrackPointExtension>
        </extensions>
      </trkpt>
      <trkpt lat="47.76894905604422092437744140625" lon="18.94028409384191036224365234375">
        <ele>109.40000152587890625</ele>
        <time>2023-10-08T14:10:20.000Z</time>
        <extensions>
          <ns3:TrackPointExtension>
            <ns3:hr>125</ns3:hr>
          </ns3:TrackPointExtension>
        </extensions>
      </trkpt>
      <trkpt lat="47.7689417637884616851806640625" lon="18.94028878770768642425537109375">
        <ele>109.40000152587890625</ele>
        <time>2023-10-08T14:10:42.000Z</time>
        <extensions>
          <ns3:TrackPointExtension>
            <ns3:hr>122</ns3:hr>
          </ns3:TrackPointExtension>
        </extensions>
      </trkpt>
      <trkpt lat="47.76894092559814453125" lon="18.94028895534574985504150390625">
        <ele>109.40000152587890625</ele>
        <time>2023-10-08T14:10:43.000Z</time>
        <extensions>
          <ns3:TrackPointExtension>
            <ns3:hr>125</ns3:hr>
          </ns3:TrackPointExtension>
        </extensions>
      </trkpt>
      <trkpt lat="47.7689387463033199310302734375" lon="18.940289206802845001220703125">
        <ele>109.40000152587890625</ele>
        <time>2023-10-08T14:10:45.000Z</time>
        <extensions>
          <ns3:TrackPointExtension>
            <ns3:hr>122</ns3:hr>
          </ns3:TrackPointExtension>
        </extensions>
      </trkpt>
      <trkpt lat="47.7689374051988124847412109375" lon="18.940289877355098724365234375">
        <ele>109.40000152587890625</ele>
        <time>2023-10-08T14:10:47.000Z</time>
        <extensions>
          <ns3:TrackPointExtension>
            <ns3:hr>125</ns3:hr>
          </ns3:TrackPointExtension>
        </extensions>
      </trkpt>
      <trkpt lat="47.7689771354198455810546875" lon="18.940386436879634857177734375">
        <ele>109</ele>
        <time>2023-10-08T14:11:04.000Z</time>
        <extensions>
          <ns3:TrackPointExtension>
            <ns3:hr>124</ns3:hr>
          </ns3:TrackPointExtension>
        </extensions>
      </trkpt>
      <trkpt lat="47.769037149846553802490234375" lon="18.9404982514679431915283203125">
        <ele>108.8000030517578125</ele>
        <time>2023-10-08T14:11:12.000Z</time>
        <extensions>
          <ns3:TrackPointExtension>
            <ns3:hr>124</ns3:hr>
          </ns3:TrackPointExtension>
        </extensions>
      </trkpt>
      <trkpt lat="47.769056595861911773681640625" lon="18.94052247516810894012451171875">
        <ele>108.59999847412109375</ele>
        <time>2023-10-08T14:11:14.000Z</time>
        <extensions>
          <ns3:TrackPointExtension>
            <ns3:hr>123</ns3:hr>
          </ns3:TrackPointExtension>
        </extensions>
      </trkpt>
      <trkpt lat="47.76906506158411502838134765625" lon="18.940531276166439056396484375">
        <ele>108.59999847412109375</ele>
        <time>2023-10-08T14:11:15.000Z</time>
        <extensions>
          <ns3:TrackPointExtension>
            <ns3:hr>124</ns3:hr>
          </ns3:TrackPointExtension>
        </extensions>
      </trkpt>
      <trkpt lat="47.7690973319113254547119140625" lon="18.94061048515141010284423828125">
        <ele>108.59999847412109375</ele>
        <time>2023-10-08T14:11:21.000Z</time>
        <extensions>
          <ns3:TrackPointExtension>
            <ns3:hr>124</ns3:hr>
          </ns3:TrackPointExtension>
        </extensions>
      </trkpt>
      <trkpt lat="47.76917117647826671600341796875" lon="18.940739817917346954345703125">
        <ele>108.1999969482421875</ele>
        <time>2023-10-08T14:11:31.000Z</time>
        <extensions>
          <ns3:TrackPointExtension>
            <ns3:hr>121</ns3:hr>
          </ns3:TrackPointExtension>
        </extensions>
      </trkpt>
      <trkpt lat="47.7691764570772647857666015625" lon="18.94075029529631137847900390625">
        <ele>108.1999969482421875</ele>
        <time>2023-10-08T14:11:32.000Z</time>
        <extensions>
          <ns3:TrackPointExtension>
            <ns3:hr>121</ns3:hr>
          </ns3:TrackPointExtension>
        </extensions>
      </trkpt>
      <trkpt lat="47.769184671342372894287109375" lon="18.940776698291301727294921875">
        <ele>108.1999969482421875</ele>
        <time>2023-10-08T14:11:34.000Z</time>
        <extensions>
          <ns3:TrackPointExtension>
            <ns3:hr>125</ns3:hr>
          </ns3:TrackPointExtension>
        </extensions>
      </trkpt>
      <trkpt lat="47.7692056261003017425537109375" lon="18.940815590322017669677734375">
        <ele>108.1999969482421875</ele>
        <time>2023-10-08T14:11:37.000Z</time>
        <extensions>
          <ns3:TrackPointExtension>
            <ns3:hr>125</ns3:hr>
          </ns3:TrackPointExtension>
        </extensions>
      </trkpt>
      <trkpt lat="47.7692413330078125" lon="18.94088541157543659210205078125">
        <ele>108</ele>
        <time>2023-10-08T14:11:42.000Z</time>
        <extensions>
          <ns3:TrackPointExtension>
            <ns3:hr>128</ns3:hr>
          </ns3:TrackPointExtension>
        </extensions>
      </trkpt>
      <trkpt lat="47.76926605962216854095458984375" lon="18.94093335606157779693603515625">
        <ele>108.1999969482421875</ele>
        <time>2023-10-08T14:11:46.000Z</time>
        <extensions>
          <ns3:TrackPointExtension>
            <ns3:hr>125</ns3:hr>
          </ns3:TrackPointExtension>
        </extensions>
      </trkpt>
      <trkpt lat="47.7692721784114837646484375" lon="18.9409438334405422210693359375">
        <ele>108.1999969482421875</ele>
        <time>2023-10-08T14:11:47.000Z</time>
        <extensions>
          <ns3:TrackPointExtension>
            <ns3:hr>126</ns3:hr>
          </ns3:TrackPointExtension>
        </extensions>
      </trkpt>
      <trkpt lat="47.76934417895972728729248046875" lon="18.94109730608761310577392578125">
        <ele>108</ele>
        <time>2023-10-08T14:11:58.000Z</time>
        <extensions>
          <ns3:TrackPointExtension>
            <ns3:hr>124</ns3:hr>
          </ns3:TrackPointExtension>
        </extensions>
      </trkpt>
      <trkpt lat="47.769394218921661376953125" lon="18.941236026585102081298828125">
        <ele>107.59999847412109375</ele>
        <time>2023-10-08T14:12:10.000Z</time>
        <extensions>
          <ns3:TrackPointExtension>
            <ns3:hr>124</ns3:hr>
          </ns3:TrackPointExtension>
        </extensions>
      </trkpt>
      <trkpt lat="47.76941173709928989410400390625" lon="18.9413290657103061676025390625">
        <ele>107.1999969482421875</ele>
        <time>2023-10-08T14:12:19.000Z</time>
        <extensions>
          <ns3:TrackPointExtension>
            <ns3:hr>126</ns3:hr>
          </ns3:TrackPointExtension>
        </extensions>
      </trkpt>
      <trkpt lat="47.7694664709270000457763671875" lon="18.9414303191006183624267578125">
        <ele>107</ele>
        <time>2023-10-08T14:12:28.000Z</time>
        <extensions>
          <ns3:TrackPointExtension>
            <ns3:hr>128</ns3:hr>
          </ns3:TrackPointExtension>
        </extensions>
      </trkpt>
      <trkpt lat="47.76949874125421047210693359375" lon="18.9414839632809162139892578125">
        <ele>107</ele>
        <time>2023-10-08T14:12:33.000Z</time>
        <extensions>
          <ns3:TrackPointExtension>
            <ns3:hr>125</ns3:hr>
          </ns3:TrackPointExtension>
        </extensions>
      </trkpt>
      <trkpt lat="47.7695484459400177001953125" lon="18.941569626331329345703125">
        <ele>107.40000152587890625</ele>
        <time>2023-10-08T14:12:41.000Z</time>
        <extensions>
          <ns3:TrackPointExtension>
            <ns3:hr>126</ns3:hr>
          </ns3:TrackPointExtension>
        </extensions>
      </trkpt>
      <trkpt lat="47.769581973552703857421875" lon="18.9416539482772350311279296875">
        <ele>107.59999847412109375</ele>
        <time>2023-10-08T14:12:49.000Z</time>
        <extensions>
          <ns3:TrackPointExtension>
            <ns3:hr>123</ns3:hr>
          </ns3:TrackPointExtension>
        </extensions>
      </trkpt>
      <trkpt lat="47.7696109749376773834228515625" lon="18.94171111285686492919921875">
        <ele>108</ele>
        <time>2023-10-08T14:12:54.000Z</time>
        <extensions>
          <ns3:TrackPointExtension>
            <ns3:hr>122</ns3:hr>
          </ns3:TrackPointExtension>
        </extensions>
      </trkpt>
      <trkpt lat="47.7696126513183116912841796875" lon="18.941719830036163330078125">
        <ele>108</ele>
        <time>2023-10-08T14:12:55.000Z</time>
        <extensions>
          <ns3:TrackPointExtension>
            <ns3:hr>122</ns3:hr>
          </ns3:TrackPointExtension>
        </extensions>
      </trkpt>
      <trkpt lat="47.76964031159877777099609375" lon="18.9417726360261440277099609375">
        <ele>108.40000152587890625</ele>
        <time>2023-10-08T14:13:00.000Z</time>
        <extensions>
          <ns3:TrackPointExtension>
            <ns3:hr>121</ns3:hr>
          </ns3:TrackPointExtension>
        </extensions>
      </trkpt>
      <trkpt lat="47.7696559019386768341064453125" lon="18.941793926060199737548828125">
        <ele>108.40000152587890625</ele>
        <time>2023-10-08T14:13:02.000Z</time>
        <extensions>
          <ns3:TrackPointExtension>
            <ns3:hr>121</ns3:hr>
          </ns3:TrackPointExtension>
        </extensions>
      </trkpt>
      <trkpt lat="47.7697249688208103179931640625" lon="18.94192577339708805084228515625">
        <ele>109.8000030517578125</ele>
        <time>2023-10-08T14:13:13.000Z</time>
        <extensions>
          <ns3:TrackPointExtension>
            <ns3:hr>120</ns3:hr>
          </ns3:TrackPointExtension>
        </extensions>
      </trkpt>
      <trkpt lat="47.7697812952101230621337890625" lon="18.94202484749257564544677734375">
        <ele>110.59999847412109375</ele>
        <time>2023-10-08T14:13:21.000Z</time>
        <extensions>
          <ns3:TrackPointExtension>
            <ns3:hr>120</ns3:hr>
          </ns3:TrackPointExtension>
        </extensions>
      </trkpt>
      <trkpt lat="47.76980836875736713409423828125" lon="18.94210430793464183807373046875">
        <ele>111</ele>
        <time>2023-10-08T14:13:28.000Z</time>
        <extensions>
          <ns3:TrackPointExtension>
            <ns3:hr>119</ns3:hr>
          </ns3:TrackPointExtension>
        </extensions>
      </trkpt>
      <trkpt lat="47.76984323747456073760986328125" lon="18.94218477420508861541748046875">
        <ele>111</ele>
        <time>2023-10-08T14:13:35.000Z</time>
        <extensions>
          <ns3:TrackPointExtension>
            <ns3:hr>121</ns3:hr>
          </ns3:TrackPointExtension>
        </extensions>
      </trkpt>
      <trkpt lat="47.7698835544288158416748046875" lon="18.94228468649089336395263671875">
        <ele>111.1999969482421875</ele>
        <time>2023-10-08T14:13:44.000Z</time>
        <extensions>
          <ns3:TrackPointExtension>
            <ns3:hr>121</ns3:hr>
          </ns3:TrackPointExtension>
        </extensions>
      </trkpt>
      <trkpt lat="47.76991599239408969879150390625" lon="18.94233732484281063079833984375">
        <ele>111.40000152587890625</ele>
        <time>2023-10-08T14:13:49.000Z</time>
        <extensions>
          <ns3:TrackPointExtension>
            <ns3:hr>120</ns3:hr>
          </ns3:TrackPointExtension>
        </extensions>
      </trkpt>
      <trkpt lat="47.7699475921690464019775390625" lon="18.94238124601542949676513671875">
        <ele>111.40000152587890625</ele>
        <time>2023-10-08T14:13:54.000Z</time>
        <extensions>
          <ns3:TrackPointExtension>
            <ns3:hr>119</ns3:hr>
          </ns3:TrackPointExtension>
        </extensions>
      </trkpt>
      <trkpt lat="47.76998153887689113616943359375" lon="18.94243824295699596405029296875">
        <ele>111.59999847412109375</ele>
        <time>2023-10-08T14:14:01.000Z</time>
        <extensions>
          <ns3:TrackPointExtension>
            <ns3:hr>116</ns3:hr>
          </ns3:TrackPointExtension>
        </extensions>
      </trkpt>
      <trkpt lat="47.769990004599094390869140625" lon="18.942446373403072357177734375">
        <ele>111.8000030517578125</ele>
        <time>2023-10-08T14:14:02.000Z</time>
        <extensions>
          <ns3:TrackPointExtension>
            <ns3:hr>115</ns3:hr>
          </ns3:TrackPointExtension>
        </extensions>
      </trkpt>
      <trkpt lat="47.76999511756002902984619140625" lon="18.942459113895893096923828125">
        <ele>111.8000030517578125</ele>
        <time>2023-10-08T14:14:03.000Z</time>
        <extensions>
          <ns3:TrackPointExtension>
            <ns3:hr>116</ns3:hr>
          </ns3:TrackPointExtension>
        </extensions>
      </trkpt>
      <trkpt lat="47.7700173296034336090087890625" lon="18.94251602701842784881591796875">
        <ele>111.8000030517578125</ele>
        <time>2023-10-08T14:14:08.000Z</time>
        <extensions>
          <ns3:TrackPointExtension>
            <ns3:hr>116</ns3:hr>
          </ns3:TrackPointExtension>
        </extensions>
      </trkpt>
      <trkpt lat="47.770024873316287994384765625" lon="18.94252474419772624969482421875">
        <ele>111.8000030517578125</ele>
        <time>2023-10-08T14:14:09.000Z</time>
        <extensions>
          <ns3:TrackPointExtension>
            <ns3:hr>115</ns3:hr>
          </ns3:TrackPointExtension>
        </extensions>
      </trkpt>
      <trkpt lat="47.77008597739040851593017578125" lon="18.94261945970356464385986328125">
        <ele>112</ele>
        <time>2023-10-08T14:14:18.000Z</time>
        <extensions>
          <ns3:TrackPointExtension>
            <ns3:hr>115</ns3:hr>
          </ns3:TrackPointExtension>
        </extensions>
      </trkpt>
      <trkpt lat="47.77012973092496395111083984375" lon="18.94270621240139007568359375">
        <ele>112</ele>
        <time>2023-10-08T14:14:26.000Z</time>
        <extensions>
          <ns3:TrackPointExtension>
            <ns3:hr>118</ns3:hr>
          </ns3:TrackPointExtension>
        </extensions>
      </trkpt>
      <trkpt lat="47.77013576589524745941162109375" lon="18.94271819852292537689208984375">
        <ele>112</ele>
        <time>2023-10-08T14:14:27.000Z</time>
        <extensions>
          <ns3:TrackPointExtension>
            <ns3:hr>118</ns3:hr>
          </ns3:TrackPointExtension>
        </extensions>
      </trkpt>
      <trkpt lat="47.77019293047487735748291015625" lon="18.94280143082141876220703125">
        <ele>112.1999969482421875</ele>
        <time>2023-10-08T14:14:37.000Z</time>
        <extensions>
          <ns3:TrackPointExtension>
            <ns3:hr>119</ns3:hr>
          </ns3:TrackPointExtension>
        </extensions>
      </trkpt>
      <trkpt lat="47.77023869566619396209716796875" lon="18.94289505667984485626220703125">
        <ele>112.1999969482421875</ele>
        <time>2023-10-08T14:14:46.000Z</time>
        <extensions>
          <ns3:TrackPointExtension>
            <ns3:hr>116</ns3:hr>
          </ns3:TrackPointExtension>
        </extensions>
      </trkpt>
      <trkpt lat="47.77027406729757785797119140625" lon="18.94295909442007541656494140625">
        <ele>112.40000152587890625</ele>
        <time>2023-10-08T14:14:52.000Z</time>
        <extensions>
          <ns3:TrackPointExtension>
            <ns3:hr>115</ns3:hr>
          </ns3:TrackPointExtension>
        </extensions>
      </trkpt>
      <trkpt lat="47.77031631208956241607666015625" lon="18.9430409856140613555908203125">
        <ele>112.8000030517578125</ele>
        <time>2023-10-08T14:14:59.000Z</time>
        <extensions>
          <ns3:TrackPointExtension>
            <ns3:hr>118</ns3:hr>
          </ns3:TrackPointExtension>
        </extensions>
      </trkpt>
      <trkpt lat="47.77032838203012943267822265625" lon="18.9430649578571319580078125">
        <ele>112.8000030517578125</ele>
        <time>2023-10-08T14:15:01.000Z</time>
        <extensions>
          <ns3:TrackPointExtension>
            <ns3:hr>118</ns3:hr>
          </ns3:TrackPointExtension>
        </extensions>
      </trkpt>
      <trkpt lat="47.77033726684749126434326171875" lon="18.9430869184434413909912109375">
        <ele>112.8000030517578125</ele>
        <time>2023-10-08T14:15:03.000Z</time>
        <extensions>
          <ns3:TrackPointExtension>
            <ns3:hr>119</ns3:hr>
          </ns3:TrackPointExtension>
        </extensions>
      </trkpt>
      <trkpt lat="47.77037900872528553009033203125" lon="18.94315958954393863677978515625">
        <ele>113</ele>
        <time>2023-10-08T14:15:09.000Z</time>
        <extensions>
          <ns3:TrackPointExtension>
            <ns3:hr>118</ns3:hr>
          </ns3:TrackPointExtension>
        </extensions>
      </trkpt>
      <trkpt lat="47.77041421271860599517822265625" lon="18.94323385320603847503662109375">
        <ele>112.8000030517578125</ele>
        <time>2023-10-08T14:15:16.000Z</time>
        <extensions>
          <ns3:TrackPointExtension>
            <ns3:hr>119</ns3:hr>
          </ns3:TrackPointExtension>
        </extensions>
      </trkpt>
      <trkpt lat="47.77046433649957180023193359375" lon="18.94333963282406330108642578125">
        <ele>112.1999969482421875</ele>
        <time>2023-10-08T14:15:27.000Z</time>
        <extensions>
          <ns3:TrackPointExtension>
            <ns3:hr>119</ns3:hr>
          </ns3:TrackPointExtension>
        </extensions>
      </trkpt>
      <trkpt lat="47.77047070674598217010498046875" lon="18.94334449432790279388427734375">
        <ele>112.1999969482421875</ele>
        <time>2023-10-08T14:15:33.000Z</time>
        <extensions>
          <ns3:TrackPointExtension>
            <ns3:hr>117</ns3:hr>
          </ns3:TrackPointExtension>
        </extensions>
      </trkpt>
      <trkpt lat="47.77047690935432910919189453125" lon="18.94333879463374614715576171875">
        <ele>112.1999969482421875</ele>
        <time>2023-10-08T14:15:39.000Z</time>
        <extensions>
          <ns3:TrackPointExtension>
            <ns3:hr>114</ns3:hr>
          </ns3:TrackPointExtension>
        </extensions>
      </trkpt>
      <trkpt lat="47.770476154983043670654296875" lon="18.943340219557285308837890625">
        <ele>112.1999969482421875</ele>
        <time>2023-10-08T14:15:44.000Z</time>
        <extensions>
          <ns3:TrackPointExtension>
            <ns3:hr>115</ns3:hr>
          </ns3:TrackPointExtension>
        </extensions>
      </trkpt>
      <trkpt lat="47.77049903757870197296142578125" lon="18.94340937025845050811767578125">
        <ele>111.8000030517578125</ele>
        <time>2023-10-08T14:15:58.000Z</time>
        <extensions>
          <ns3:TrackPointExtension>
            <ns3:hr>114</ns3:hr>
          </ns3:TrackPointExtension>
        </extensions>
      </trkpt>
      <trkpt lat="47.77053105644881725311279296875" lon="18.94346469081938266754150390625">
        <ele>111.59999847412109375</ele>
        <time>2023-10-08T14:16:02.000Z</time>
        <extensions>
          <ns3:TrackPointExtension>
            <ns3:hr>111</ns3:hr>
          </ns3:TrackPointExtension>
        </extensions>
      </trkpt>
      <trkpt lat="47.7705648355185985565185546875" lon="18.943521939218044281005859375">
        <ele>111</ele>
        <time>2023-10-08T14:16:07.000Z</time>
        <extensions>
          <ns3:TrackPointExtension>
            <ns3:hr>110</ns3:hr>
          </ns3:TrackPointExtension>
        </extensions>
      </trkpt>
      <trkpt lat="47.7706097625195980072021484375" lon="18.9435777626931667327880859375">
        <ele>110.59999847412109375</ele>
        <time>2023-10-08T14:16:13.000Z</time>
        <extensions>
          <ns3:TrackPointExtension>
            <ns3:hr>110</ns3:hr>
          </ns3:TrackPointExtension>
        </extensions>
      </trkpt>
      <trkpt lat="47.770646475255489349365234375" lon="18.94362411461770534515380859375">
        <ele>110.40000152587890625</ele>
        <time>2023-10-08T14:16:18.000Z</time>
        <extensions>
          <ns3:TrackPointExtension>
            <ns3:hr>111</ns3:hr>
          </ns3:TrackPointExtension>
        </extensions>
      </trkpt>
      <trkpt lat="47.77069752104580402374267578125" lon="18.94368463195860385894775390625">
        <ele>110</ele>
        <time>2023-10-08T14:16:24.000Z</time>
        <extensions>
          <ns3:TrackPointExtension>
            <ns3:hr>112</ns3:hr>
          </ns3:TrackPointExtension>
        </extensions>
      </trkpt>
      <trkpt lat="47.77071445249021053314208984375" lon="18.9437024854123592376708984375">
        <ele>110</ele>
        <time>2023-10-08T14:16:26.000Z</time>
        <extensions>
          <ns3:TrackPointExtension>
            <ns3:hr>112</ns3:hr>
          </ns3:TrackPointExtension>
        </extensions>
      </trkpt>
      <trkpt lat="47.77080648578703403472900390625" lon="18.943814300000667572021484375">
        <ele>109.40000152587890625</ele>
        <time>2023-10-08T14:16:36.000Z</time>
        <extensions>
          <ns3:TrackPointExtension>
            <ns3:hr>112</ns3:hr>
          </ns3:TrackPointExtension>
        </extensions>
      </trkpt>
      <trkpt lat="47.770906649529933929443359375" lon="18.9439254440367221832275390625">
        <ele>109</ele>
        <time>2023-10-08T14:16:47.000Z</time>
        <extensions>
          <ns3:TrackPointExtension>
            <ns3:hr>112</ns3:hr>
          </ns3:TrackPointExtension>
        </extensions>
      </trkpt>
      <trkpt lat="47.77098183520138263702392578125" lon="18.94402124918997287750244140625">
        <ele>108.8000030517578125</ele>
        <time>2023-10-08T14:16:57.000Z</time>
        <extensions>
          <ns3:TrackPointExtension>
            <ns3:hr>111</ns3:hr>
          </ns3:TrackPointExtension>
        </extensions>
      </trkpt>
      <trkpt lat="47.77104486711323261260986328125" lon="18.94408847205340862274169921875">
        <ele>109</ele>
        <time>2023-10-08T14:17:05.000Z</time>
        <extensions>
          <ns3:TrackPointExtension>
            <ns3:hr>113</ns3:hr>
          </ns3:TrackPointExtension>
        </extensions>
      </trkpt>
      <trkpt lat="47.77111141942441463470458984375" lon="18.94416122697293758392333984375">
        <ele>109.1999969482421875</ele>
        <time>2023-10-08T14:17:13.000Z</time>
        <extensions>
          <ns3:TrackPointExtension>
            <ns3:hr>116</ns3:hr>
          </ns3:TrackPointExtension>
        </extensions>
      </trkpt>
      <trkpt lat="47.77113136835396289825439453125" lon="18.94419291056692600250244140625">
        <ele>109.1999969482421875</ele>
        <time>2023-10-08T14:17:16.000Z</time>
        <extensions>
          <ns3:TrackPointExtension>
            <ns3:hr>116</ns3:hr>
          </ns3:TrackPointExtension>
        </extensions>
      </trkpt>
      <trkpt lat="47.77120579965412616729736328125" lon="18.94428913481533527374267578125">
        <ele>109.1999969482421875</ele>
        <time>2023-10-08T14:17:25.000Z</time>
        <extensions>
          <ns3:TrackPointExtension>
            <ns3:hr>115</ns3:hr>
          </ns3:TrackPointExtension>
        </extensions>
      </trkpt>
      <trkpt lat="47.7712514810264110565185546875" lon="18.944336660206317901611328125">
        <ele>109.40000152587890625</ele>
        <time>2023-10-08T14:17:30.000Z</time>
        <extensions>
          <ns3:TrackPointExtension>
            <ns3:hr>118</ns3:hr>
          </ns3:TrackPointExtension>
        </extensions>
      </trkpt>
      <trkpt lat="47.77128140442073345184326171875" lon="18.9443819224834442138671875">
        <ele>109.40000152587890625</ele>
        <time>2023-10-08T14:17:34.000Z</time>
        <extensions>
          <ns3:TrackPointExtension>
            <ns3:hr>119</ns3:hr>
          </ns3:TrackPointExtension>
        </extensions>
      </trkpt>
      <trkpt lat="47.77135332114994525909423828125" lon="18.94446867518126964569091796875">
        <ele>109.59999847412109375</ele>
        <time>2023-10-08T14:17:44.000Z</time>
        <extensions>
          <ns3:TrackPointExtension>
            <ns3:hr>118</ns3:hr>
          </ns3:TrackPointExtension>
        </extensions>
      </trkpt>
      <trkpt lat="47.77145775966346263885498046875" lon="18.94460580311715602874755859375">
        <ele>109.8000030517578125</ele>
        <time>2023-10-08T14:17:59.000Z</time>
        <extensions>
          <ns3:TrackPointExtension>
            <ns3:hr>120</ns3:hr>
          </ns3:TrackPointExtension>
        </extensions>
      </trkpt>
      <trkpt lat="47.77158197946846485137939453125" lon="18.94474980421364307403564453125">
        <ele>110.59999847412109375</ele>
        <time>2023-10-08T14:18:16.000Z</time>
        <extensions>
          <ns3:TrackPointExtension>
            <ns3:hr>120</ns3:hr>
          </ns3:TrackPointExtension>
        </extensions>
      </trkpt>
      <trkpt lat="47.77165330946445465087890625" lon="18.94482909701764583587646484375">
        <ele>111.1999969482421875</ele>
        <time>2023-10-08T14:18:25.000Z</time>
        <extensions>
          <ns3:TrackPointExtension>
            <ns3:hr>117</ns3:hr>
          </ns3:TrackPointExtension>
        </extensions>
      </trkpt>
      <trkpt lat="47.771668396890163421630859375" lon="18.94484804011881351470947265625">
        <ele>111.1999969482421875</ele>
        <time>2023-10-08T14:18:27.000Z</time>
        <extensions>
          <ns3:TrackPointExtension>
            <ns3:hr>115</ns3:hr>
          </ns3:TrackPointExtension>
        </extensions>
      </trkpt>
      <trkpt lat="47.77172564528882503509521484375" lon="18.94490503706037998199462890625">
        <ele>111.59999847412109375</ele>
        <time>2023-10-08T14:18:35.000Z</time>
        <extensions>
          <ns3:TrackPointExtension>
            <ns3:hr>112</ns3:hr>
          </ns3:TrackPointExtension>
        </extensions>
      </trkpt>
      <trkpt lat="47.7717617712914943695068359375" lon="18.9449554122984409332275390625">
        <ele>111.59999847412109375</ele>
        <time>2023-10-08T14:18:40.000Z</time>
        <extensions>
          <ns3:TrackPointExtension>
            <ns3:hr>115</ns3:hr>
          </ns3:TrackPointExtension>
        </extensions>
      </trkpt>
      <trkpt lat="47.77177258394658565521240234375" lon="18.944977708160877227783203125">
        <ele>111.59999847412109375</ele>
        <time>2023-10-08T14:18:42.000Z</time>
        <extensions>
          <ns3:TrackPointExtension>
            <ns3:hr>118</ns3:hr>
          </ns3:TrackPointExtension>
        </extensions>
      </trkpt>
      <trkpt lat="47.771802842617034912109375" lon="18.94502003677189350128173828125">
        <ele>111.59999847412109375</ele>
        <time>2023-10-08T14:18:47.000Z</time>
        <extensions>
          <ns3:TrackPointExtension>
            <ns3:hr>118</ns3:hr>
          </ns3:TrackPointExtension>
        </extensions>
      </trkpt>
      <trkpt lat="47.77186595834791660308837890625" lon="18.9450811408460140228271484375">
        <ele>111.59999847412109375</ele>
        <time>2023-10-08T14:18:56.000Z</time>
        <extensions>
          <ns3:TrackPointExtension>
            <ns3:hr>118</ns3:hr>
          </ns3:TrackPointExtension>
        </extensions>
      </trkpt>
      <trkpt lat="47.7718838118016719818115234375" lon="18.94510737620294094085693359375">
        <ele>111.59999847412109375</ele>
        <time>2023-10-08T14:18:59.000Z</time>
        <extensions>
          <ns3:TrackPointExtension>
            <ns3:hr>121</ns3:hr>
          </ns3:TrackPointExtension>
        </extensions>
      </trkpt>
      <trkpt lat="47.77191842906177043914794921875" lon="18.94516982138156890869140625">
        <ele>111.40000152587890625</ele>
        <time>2023-10-08T14:19:05.000Z</time>
        <extensions>
          <ns3:TrackPointExtension>
            <ns3:hr>119</ns3:hr>
          </ns3:TrackPointExtension>
        </extensions>
      </trkpt>
      <trkpt lat="47.771968804299831390380859375" lon="18.9452160894870758056640625">
        <ele>111.1999969482421875</ele>
        <time>2023-10-08T14:19:12.000Z</time>
        <extensions>
          <ns3:TrackPointExtension>
            <ns3:hr>119</ns3:hr>
          </ns3:TrackPointExtension>
        </extensions>
      </trkpt>
      <trkpt lat="47.77198950760066509246826171875" lon="18.94527954049408435821533203125">
        <ele>110.8000030517578125</ele>
        <time>2023-10-08T14:19:18.000Z</time>
        <extensions>
          <ns3:TrackPointExtension>
            <ns3:hr>122</ns3:hr>
          </ns3:TrackPointExtension>
        </extensions>
      </trkpt>
      <trkpt lat="47.77199621312320232391357421875" lon="18.94528809003531932830810546875">
        <ele>110.8000030517578125</ele>
        <time>2023-10-08T14:19:19.000Z</time>
        <extensions>
          <ns3:TrackPointExtension>
            <ns3:hr>122</ns3:hr>
          </ns3:TrackPointExtension>
        </extensions>
      </trkpt>
      <trkpt lat="47.77203761972486972808837890625" lon="18.94535782746970653533935546875">
        <ele>110.40000152587890625</ele>
        <time>2023-10-08T14:19:26.000Z</time>
        <extensions>
          <ns3:TrackPointExtension>
            <ns3:hr>123</ns3:hr>
          </ns3:TrackPointExtension>
        </extensions>
      </trkpt>
      <trkpt lat="47.77208757586777210235595703125" lon="18.945424295961856842041015625">
        <ele>110.40000152587890625</ele>
        <time>2023-10-08T14:19:34.000Z</time>
        <extensions>
          <ns3:TrackPointExtension>
            <ns3:hr>123</ns3:hr>
          </ns3:TrackPointExtension>
        </extensions>
      </trkpt>
      <trkpt lat="47.772110961377620697021484375" lon="18.94544265232980251312255859375">
        <ele>110.59999847412109375</ele>
        <time>2023-10-08T14:19:37.000Z</time>
        <extensions>
          <ns3:TrackPointExtension>
            <ns3:hr>120</ns3:hr>
          </ns3:TrackPointExtension>
        </extensions>
      </trkpt>
      <trkpt lat="47.7721448242664337158203125" lon="18.94547031261026859283447265625">
        <ele>110.59999847412109375</ele>
        <time>2023-10-08T14:19:41.000Z</time>
        <extensions>
          <ns3:TrackPointExtension>
            <ns3:hr>120</ns3:hr>
          </ns3:TrackPointExtension>
        </extensions>
      </trkpt>
      <trkpt lat="47.7722110413014888763427734375" lon="18.94550367258489131927490234375">
        <ele>111</ele>
        <time>2023-10-08T14:19:49.000Z</time>
        <extensions>
          <ns3:TrackPointExtension>
            <ns3:hr>120</ns3:hr>
          </ns3:TrackPointExtension>
        </extensions>
      </trkpt>
      <trkpt lat="47.772275917232036590576171875" lon="18.945558071136474609375">
        <ele>111.1999969482421875</ele>
        <time>2023-10-08T14:19:58.000Z</time>
        <extensions>
          <ns3:TrackPointExtension>
            <ns3:hr>120</ns3:hr>
          </ns3:TrackPointExtension>
        </extensions>
      </trkpt>
      <trkpt lat="47.77237574569880962371826171875" lon="18.94561397843062877655029296875">
        <ele>111.59999847412109375</ele>
        <time>2023-10-08T14:20:08.000Z</time>
        <extensions>
          <ns3:TrackPointExtension>
            <ns3:hr>121</ns3:hr>
          </ns3:TrackPointExtension>
        </extensions>
      </trkpt>
      <trkpt lat="47.772414721548557281494140625" lon="18.94567097537219524383544921875">
        <ele>111.40000152587890625</ele>
        <time>2023-10-08T14:20:15.000Z</time>
        <extensions>
          <ns3:TrackPointExtension>
            <ns3:hr>120</ns3:hr>
          </ns3:TrackPointExtension>
        </extensions>
      </trkpt>
      <trkpt lat="47.7724373526871204376220703125" lon="18.9457221888005733489990234375">
        <ele>111.40000152587890625</ele>
        <time>2023-10-08T14:20:20.000Z</time>
        <extensions>
          <ns3:TrackPointExtension>
            <ns3:hr>117</ns3:hr>
          </ns3:TrackPointExtension>
        </extensions>
      </trkpt>
      <trkpt lat="47.77246090583503246307373046875" lon="18.94574138335883617401123046875">
        <ele>111.40000152587890625</ele>
        <time>2023-10-08T14:20:23.000Z</time>
        <extensions>
          <ns3:TrackPointExtension>
            <ns3:hr>118</ns3:hr>
          </ns3:TrackPointExtension>
        </extensions>
      </trkpt>
      <trkpt lat="47.77252578176558017730712890625" lon="18.94580206833779811859130859375">
        <ele>111.40000152587890625</ele>
        <time>2023-10-08T14:20:32.000Z</time>
        <extensions>
          <ns3:TrackPointExtension>
            <ns3:hr>116</ns3:hr>
          </ns3:TrackPointExtension>
        </extensions>
      </trkpt>
      <trkpt lat="47.77255679480731487274169921875" lon="18.94583375193178653717041015625">
        <ele>111.40000152587890625</ele>
        <time>2023-10-08T14:20:36.000Z</time>
        <extensions>
          <ns3:TrackPointExtension>
            <ns3:hr>120</ns3:hr>
          </ns3:TrackPointExtension>
        </extensions>
      </trkpt>
      <trkpt lat="47.77256702072918415069580078125" lon="18.9458415471017360687255859375">
        <ele>111.40000152587890625</ele>
        <time>2023-10-08T14:20:37.000Z</time>
        <extensions>
          <ns3:TrackPointExtension>
            <ns3:hr>116</ns3:hr>
          </ns3:TrackPointExtension>
        </extensions>
      </trkpt>
      <trkpt lat="47.7725949324667453765869140625" lon="18.9458759129047393798828125">
        <ele>111.40000152587890625</ele>
        <time>2023-10-08T14:20:41.000Z</time>
        <extensions>
          <ns3:TrackPointExtension>
            <ns3:hr>116</ns3:hr>
          </ns3:TrackPointExtension>
        </extensions>
      </trkpt>
      <trkpt lat="47.77267632074654102325439453125" lon="18.945950008928775787353515625">
        <ele>111.40000152587890625</ele>
        <time>2023-10-08T14:20:51.000Z</time>
        <extensions>
          <ns3:TrackPointExtension>
            <ns3:hr>113</ns3:hr>
          </ns3:TrackPointExtension>
        </extensions>
      </trkpt>
      <trkpt lat="47.77269224636256694793701171875" lon="18.94598714075982570648193359375">
        <ele>111.1999969482421875</ele>
        <time>2023-10-08T14:20:53.000Z</time>
        <extensions>
          <ns3:TrackPointExtension>
            <ns3:hr>116</ns3:hr>
          </ns3:TrackPointExtension>
        </extensions>
      </trkpt>
      <trkpt lat="47.77273935265839099884033203125" lon="18.94610767252743244171142578125">
        <ele>110.59999847412109375</ele>
        <time>2023-10-08T14:21:04.000Z</time>
        <extensions>
          <ns3:TrackPointExtension>
            <ns3:hr>118</ns3:hr>
          </ns3:TrackPointExtension>
        </extensions>
      </trkpt>
      <trkpt lat="47.772763408720493316650390625" lon="18.9461325667798519134521484375">
        <ele>110.40000152587890625</ele>
        <time>2023-10-08T14:21:10.000Z</time>
        <extensions>
          <ns3:TrackPointExtension>
            <ns3:hr>117</ns3:hr>
          </ns3:TrackPointExtension>
        </extensions>
      </trkpt>
      <trkpt lat="47.77282568626105785369873046875" lon="18.94619501195847988128662109375">
        <ele>110.1999969482421875</ele>
        <time>2023-10-08T14:21:20.000Z</time>
        <extensions>
          <ns3:TrackPointExtension>
            <ns3:hr>115</ns3:hr>
          </ns3:TrackPointExtension>
        </extensions>
      </trkpt>
      <trkpt lat="47.77290933765470981597900390625" lon="18.946283943951129913330078125">
        <ele>109.59999847412109375</ele>
        <time>2023-10-08T14:21:31.000Z</time>
        <extensions>
          <ns3:TrackPointExtension>
            <ns3:hr>114</ns3:hr>
          </ns3:TrackPointExtension>
        </extensions>
      </trkpt>
      <trkpt lat="47.772996425628662109375" lon="18.94638008438050746917724609375">
        <ele>109</ele>
        <time>2023-10-08T14:21:41.000Z</time>
        <extensions>
          <ns3:TrackPointExtension>
            <ns3:hr>111</ns3:hr>
          </ns3:TrackPointExtension>
        </extensions>
      </trkpt>
      <trkpt lat="47.77302802540361881256103515625" lon="18.94641361199319362640380859375">
        <ele>108.8000030517578125</ele>
        <time>2023-10-08T14:21:45.000Z</time>
        <extensions>
          <ns3:TrackPointExtension>
            <ns3:hr>108</ns3:hr>
          </ns3:TrackPointExtension>
        </extensions>
      </trkpt>
      <trkpt lat="47.77306373231112957000732421875" lon="18.94647245295345783233642578125">
        <ele>108.1999969482421875</ele>
        <time>2023-10-08T14:21:51.000Z</time>
        <extensions>
          <ns3:TrackPointExtension>
            <ns3:hr>105</ns3:hr>
          </ns3:TrackPointExtension>
        </extensions>
      </trkpt>
      <trkpt lat="47.77310815639793872833251953125" lon="18.946572281420230865478515625">
        <ele>107.8000030517578125</ele>
        <time>2023-10-08T14:21:58.000Z</time>
        <extensions>
          <ns3:TrackPointExtension>
            <ns3:hr>102</ns3:hr>
          </ns3:TrackPointExtension>
        </extensions>
      </trkpt>
      <trkpt lat="47.77312005870044231414794921875" lon="18.94659482873976230621337890625">
        <ele>107.8000030517578125</ele>
        <time>2023-10-08T14:22:00.000Z</time>
        <extensions>
          <ns3:TrackPointExtension>
            <ns3:hr>102</ns3:hr>
          </ns3:TrackPointExtension>
        </extensions>
      </trkpt>
      <trkpt lat="47.773203290998935699462890625" lon="18.94675659947097301483154296875">
        <ele>107.59999847412109375</ele>
        <time>2023-10-08T14:22:15.000Z</time>
        <extensions>
          <ns3:TrackPointExtension>
            <ns3:hr>103</ns3:hr>
          </ns3:TrackPointExtension>
        </extensions>
      </trkpt>
      <trkpt lat="47.77324897237122058868408203125" lon="18.94680730998516082763671875">
        <ele>107.8000030517578125</ele>
        <time>2023-10-08T14:22:22.000Z</time>
        <extensions>
          <ns3:TrackPointExtension>
            <ns3:hr>108</ns3:hr>
          </ns3:TrackPointExtension>
        </extensions>
      </trkpt>
      <trkpt lat="47.773258946835994720458984375" lon="18.9468145184218883514404296875">
        <ele>107.8000030517578125</ele>
        <time>2023-10-08T14:22:23.000Z</time>
        <extensions>
          <ns3:TrackPointExtension>
            <ns3:hr>106</ns3:hr>
          </ns3:TrackPointExtension>
        </extensions>
      </trkpt>
      <trkpt lat="47.77329155243933200836181640625" lon="18.94683673046529293060302734375">
        <ele>108</ele>
        <time>2023-10-08T14:22:27.000Z</time>
        <extensions>
          <ns3:TrackPointExtension>
            <ns3:hr>105</ns3:hr>
          </ns3:TrackPointExtension>
        </extensions>
      </trkpt>
      <trkpt lat="47.7733342163264751434326171875" lon="18.946857266128063201904296875">
        <ele>108.1999969482421875</ele>
        <time>2023-10-08T14:22:32.000Z</time>
        <extensions>
          <ns3:TrackPointExtension>
            <ns3:hr>103</ns3:hr>
          </ns3:TrackPointExtension>
        </extensions>
      </trkpt>
      <trkpt lat="47.7733600325882434844970703125" lon="18.94685265608131885528564453125">
        <ele>108.40000152587890625</ele>
        <time>2023-10-08T14:22:35.000Z</time>
        <extensions>
          <ns3:TrackPointExtension>
            <ns3:hr>103</ns3:hr>
          </ns3:TrackPointExtension>
        </extensions>
      </trkpt>
      <trkpt lat="47.77337671257555484771728515625" lon="18.94685022532939910888671875">
        <ele>108.59999847412109375</ele>
        <time>2023-10-08T14:22:42.000Z</time>
        <extensions>
          <ns3:TrackPointExtension>
            <ns3:hr>103</ns3:hr>
          </ns3:TrackPointExtension>
        </extensions>
      </trkpt>
      <trkpt lat="47.77337688021361827850341796875" lon="18.9468507282435894012451171875">
        <ele>108.59999847412109375</ele>
        <time>2023-10-08T14:22:49.000Z</time>
        <extensions>
          <ns3:TrackPointExtension>
            <ns3:hr>106</ns3:hr>
          </ns3:TrackPointExtension>
        </extensions>
      </trkpt>
      <trkpt lat="47.773376964032649993896484375" lon="18.94684947095811367034912109375">
        <ele>108.59999847412109375</ele>
        <time>2023-10-08T14:22:59.000Z</time>
        <extensions>
          <ns3:TrackPointExtension>
            <ns3:hr>109</ns3:hr>
          </ns3:TrackPointExtension>
        </extensions>
      </trkpt>
      <trkpt lat="47.773376964032649993896484375" lon="18.9468493871390819549560546875">
        <ele>108.59999847412109375</ele>
        <time>2023-10-08T14:23:00.000Z</time>
        <extensions>
          <ns3:TrackPointExtension>
            <ns3:hr>110</ns3:hr>
          </ns3:TrackPointExtension>
        </extensions>
      </trkpt>
      <trkpt lat="47.77338660322129726409912109375" lon="18.9467498101294040679931640625">
        <ele>109</ele>
        <time>2023-10-08T14:23:18.000Z</time>
        <extensions>
          <ns3:TrackPointExtension>
            <ns3:hr>113</ns3:hr>
          </ns3:TrackPointExtension>
        </extensions>
      </trkpt>
      <trkpt lat="47.7733868546783924102783203125" lon="18.94669465720653533935546875">
        <ele>109.1999969482421875</ele>
        <time>2023-10-08T14:23:20.000Z</time>
        <extensions>
          <ns3:TrackPointExtension>
            <ns3:hr>112</ns3:hr>
          </ns3:TrackPointExtension>
        </extensions>
      </trkpt>
      <trkpt lat="47.77340906672179698944091796875" lon="18.9465550146996974945068359375">
        <ele>109.8000030517578125</ele>
        <time>2023-10-08T14:23:26.000Z</time>
        <extensions>
          <ns3:TrackPointExtension>
            <ns3:hr>111</ns3:hr>
          </ns3:TrackPointExtension>
        </extensions>
      </trkpt>
      <trkpt lat="47.77341795153915882110595703125" lon="18.9465402625501155853271484375">
        <ele>110</ele>
        <time>2023-10-08T14:23:27.000Z</time>
        <extensions>
          <ns3:TrackPointExtension>
            <ns3:hr>111</ns3:hr>
          </ns3:TrackPointExtension>
        </extensions>
      </trkpt>
      <trkpt lat="47.77345114387571811676025390625" lon="18.94649256952106952667236328125">
        <ele>110.59999847412109375</ele>
        <time>2023-10-08T14:23:31.000Z</time>
        <extensions>
          <ns3:TrackPointExtension>
            <ns3:hr>110</ns3:hr>
          </ns3:TrackPointExtension>
        </extensions>
      </trkpt>
      <trkpt lat="47.7734716795384883880615234375" lon="18.94646122120320796966552734375">
        <ele>111.1999969482421875</ele>
        <time>2023-10-08T14:23:34.000Z</time>
        <extensions>
          <ns3:TrackPointExtension>
            <ns3:hr>111</ns3:hr>
          </ns3:TrackPointExtension>
        </extensions>
      </trkpt>
      <trkpt lat="47.77351283468306064605712890625" lon="18.94640875048935413360595703125">
        <ele>112.1999969482421875</ele>
        <time>2023-10-08T14:23:39.000Z</time>
        <extensions>
          <ns3:TrackPointExtension>
            <ns3:hr>112</ns3:hr>
          </ns3:TrackPointExtension>
        </extensions>
      </trkpt>
      <trkpt lat="47.77353395707905292510986328125" lon="18.94637815654277801513671875">
        <ele>112.8000030517578125</ele>
        <time>2023-10-08T14:23:42.000Z</time>
        <extensions>
          <ns3:TrackPointExtension>
            <ns3:hr>110</ns3:hr>
          </ns3:TrackPointExtension>
        </extensions>
      </trkpt>
      <trkpt lat="47.77356564067304134368896484375" lon="18.9463397674262523651123046875">
        <ele>113.1999969482421875</ele>
        <time>2023-10-08T14:23:47.000Z</time>
        <extensions>
          <ns3:TrackPointExtension>
            <ns3:hr>113</ns3:hr>
          </ns3:TrackPointExtension>
        </extensions>
      </trkpt>
      <trkpt lat="47.77358223684132099151611328125" lon="18.94629224203526973724365234375">
        <ele>113.40000152587890625</ele>
        <time>2023-10-08T14:23:51.000Z</time>
        <extensions>
          <ns3:TrackPointExtension>
            <ns3:hr>115</ns3:hr>
          </ns3:TrackPointExtension>
        </extensions>
      </trkpt>
      <trkpt lat="47.77361190877854824066162109375" lon="18.94623574800789356231689453125">
        <ele>113.8000030517578125</ele>
        <time>2023-10-08T14:23:58.000Z</time>
        <extensions>
          <ns3:TrackPointExtension>
            <ns3:hr>115</ns3:hr>
          </ns3:TrackPointExtension>
        </extensions>
      </trkpt>
      <trkpt lat="47.77362406253814697265625" lon="18.94621496088802814483642578125">
        <ele>114</ele>
        <time>2023-10-08T14:24:03.000Z</time>
        <extensions>
          <ns3:TrackPointExtension>
            <ns3:hr>114</ns3:hr>
          </ns3:TrackPointExtension>
        </extensions>
      </trkpt>
      <trkpt lat="47.7736943028867244720458984375" lon="18.9461463131010532379150390625">
        <ele>115.40000152587890625</ele>
        <time>2023-10-08T14:24:11.000Z</time>
        <extensions>
          <ns3:TrackPointExtension>
            <ns3:hr>114</ns3:hr>
          </ns3:TrackPointExtension>
        </extensions>
      </trkpt>
      <trkpt lat="47.7737965621054172515869140625" lon="18.9461211673915386199951171875">
        <ele>117.1999969482421875</ele>
        <time>2023-10-08T14:24:22.000Z</time>
        <extensions>
          <ns3:TrackPointExtension>
            <ns3:hr>112</ns3:hr>
          </ns3:TrackPointExtension>
        </extensions>
      </trkpt>
      <trkpt lat="47.773825563490390777587890625" lon="18.9460997097194194793701171875">
        <ele>118</ele>
        <time>2023-10-08T14:24:28.000Z</time>
        <extensions>
          <ns3:TrackPointExtension>
            <ns3:hr>112</ns3:hr>
          </ns3:TrackPointExtension>
        </extensions>
      </trkpt>
      <trkpt lat="47.77385347522795200347900390625" lon="18.9460878074169158935546875">
        <ele>118.59999847412109375</ele>
        <time>2023-10-08T14:24:35.000Z</time>
        <extensions>
          <ns3:TrackPointExtension>
            <ns3:hr>109</ns3:hr>
          </ns3:TrackPointExtension>
        </extensions>
      </trkpt>
      <trkpt lat="47.77386504225432872772216796875" lon="18.94609627313911914825439453125">
        <ele>118.59999847412109375</ele>
        <time>2023-10-08T14:24:36.000Z</time>
        <extensions>
          <ns3:TrackPointExtension>
            <ns3:hr>108</ns3:hr>
          </ns3:TrackPointExtension>
        </extensions>
      </trkpt>
      <trkpt lat="47.7739611826837062835693359375" lon="18.94620859064161777496337890625">
        <ele>118.40000152587890625</ele>
        <time>2023-10-08T14:24:43.000Z</time>
        <extensions>
          <ns3:TrackPointExtension>
            <ns3:hr>109</ns3:hr>
          </ns3:TrackPointExtension>
        </extensions>
      </trkpt>
      <trkpt lat="47.77397618629038333892822265625" lon="18.94624597392976284027099609375">
        <ele>118</ele>
        <time>2023-10-08T14:24:46.000Z</time>
        <extensions>
          <ns3:TrackPointExtension>
            <ns3:hr>111</ns3:hr>
          </ns3:TrackPointExtension>
        </extensions>
      </trkpt>
      <trkpt lat="47.773996889591217041015625" lon="18.946322500705718994140625">
        <ele>117.8000030517578125</ele>
        <time>2023-10-08T14:24:52.000Z</time>
        <extensions>
          <ns3:TrackPointExtension>
            <ns3:hr>111</ns3:hr>
          </ns3:TrackPointExtension>
        </extensions>
      </trkpt>
      <trkpt lat="47.7740108035504817962646484375" lon="18.94634923897683620452880859375">
        <ele>117.8000030517578125</ele>
        <time>2023-10-08T14:24:54.000Z</time>
        <extensions>
          <ns3:TrackPointExtension>
            <ns3:hr>114</ns3:hr>
          </ns3:TrackPointExtension>
        </extensions>
      </trkpt>
      <trkpt lat="47.77402865700423717498779296875" lon="18.94638259895145893096923828125">
        <ele>117.8000030517578125</ele>
        <time>2023-10-08T14:24:57.000Z</time>
        <extensions>
          <ns3:TrackPointExtension>
            <ns3:hr>117</ns3:hr>
          </ns3:TrackPointExtension>
        </extensions>
      </trkpt>
      <trkpt lat="47.77405061759054660797119140625" lon="18.946432135999202728271484375">
        <ele>117.8000030517578125</ele>
        <time>2023-10-08T14:25:02.000Z</time>
        <extensions>
          <ns3:TrackPointExtension>
            <ns3:hr>121</ns3:hr>
          </ns3:TrackPointExtension>
        </extensions>
      </trkpt>
      <trkpt lat="47.77405514381825923919677734375" lon="18.9464420266449451446533203125">
        <ele>117.8000030517578125</ele>
        <time>2023-10-08T14:25:03.000Z</time>
        <extensions>
          <ns3:TrackPointExtension>
            <ns3:hr>121</ns3:hr>
          </ns3:TrackPointExtension>
        </extensions>
      </trkpt>
      <trkpt lat="47.7740647830069065093994140625" lon="18.946452923119068145751953125">
        <ele>117.8000030517578125</ele>
        <time>2023-10-08T14:25:04.000Z</time>
        <extensions>
          <ns3:TrackPointExtension>
            <ns3:hr>123</ns3:hr>
          </ns3:TrackPointExtension>
        </extensions>
      </trkpt>
      <trkpt lat="47.77410409413278102874755859375" lon="18.946503214538097381591796875">
        <ele>118</ele>
        <time>2023-10-08T14:25:11.000Z</time>
        <extensions>
          <ns3:TrackPointExtension>
            <ns3:hr>126</ns3:hr>
          </ns3:TrackPointExtension>
        </extensions>
      </trkpt>
      <trkpt lat="47.7741083689033985137939453125" lon="18.94651251845061779022216796875">
        <ele>118</ele>
        <time>2023-10-08T14:25:12.000Z</time>
        <extensions>
          <ns3:TrackPointExtension>
            <ns3:hr>127</ns3:hr>
          </ns3:TrackPointExtension>
        </extensions>
      </trkpt>
      <trkpt lat="47.774163186550140380859375" lon="18.94658829085528850555419921875">
        <ele>118</ele>
        <time>2023-10-08T14:25:23.000Z</time>
        <extensions>
          <ns3:TrackPointExtension>
            <ns3:hr>126</ns3:hr>
          </ns3:TrackPointExtension>
        </extensions>
      </trkpt>
      <trkpt lat="47.77418154291808605194091796875" lon="18.94661729224026203155517578125">
        <ele>118</ele>
        <time>2023-10-08T14:25:31.000Z</time>
        <extensions>
          <ns3:TrackPointExtension>
            <ns3:hr>126</ns3:hr>
          </ns3:TrackPointExtension>
        </extensions>
      </trkpt>
      <trkpt lat="47.77418087236583232879638671875" lon="18.94661561585962772369384765625">
        <ele>118</ele>
        <time>2023-10-08T14:25:37.000Z</time>
        <extensions>
          <ns3:TrackPointExtension>
            <ns3:hr>129</ns3:hr>
          </ns3:TrackPointExtension>
        </extensions>
      </trkpt>
      <trkpt lat="47.77418087236583232879638671875" lon="18.94661561585962772369384765625">
        <ele>118</ele>
        <time>2023-10-08T14:25:39.000Z</time>
        <extensions>
          <ns3:TrackPointExtension>
            <ns3:hr>132</ns3:hr>
          </ns3:TrackPointExtension>
        </extensions>
      </trkpt>
      <trkpt lat="47.77418087236583232879638671875" lon="18.94661561585962772369384765625">
        <ele>118</ele>
        <time>2023-10-08T14:25:43.000Z</time>
        <extensions>
          <ns3:TrackPointExtension>
            <ns3:hr>135</ns3:hr>
          </ns3:TrackPointExtension>
        </extensions>
      </trkpt>
      <trkpt lat="47.77417534030973911285400390625" lon="18.9466193877160549163818359375">
        <ele>117.8000030517578125</ele>
        <time>2023-10-08T14:26:20.000Z</time>
        <extensions>
          <ns3:TrackPointExtension>
            <ns3:hr>132</ns3:hr>
          </ns3:TrackPointExtension>
        </extensions>
      </trkpt>
      <trkpt lat="47.77417265810072422027587890625" lon="18.9466187171638011932373046875">
        <ele>117.8000030517578125</ele>
        <time>2023-10-08T14:26:24.000Z</time>
        <extensions>
          <ns3:TrackPointExtension>
            <ns3:hr>129</ns3:hr>
          </ns3:TrackPointExtension>
        </extensions>
      </trkpt>
      <trkpt lat="47.7741725742816925048828125" lon="18.946618549525737762451171875">
        <ele>117.8000030517578125</ele>
        <time>2023-10-08T14:26:27.000Z</time>
        <extensions>
          <ns3:TrackPointExtension>
            <ns3:hr>126</ns3:hr>
          </ns3:TrackPointExtension>
        </extensions>
      </trkpt>
      <trkpt lat="47.7741725742816925048828125" lon="18.946618549525737762451171875">
        <ele>117.8000030517578125</ele>
        <time>2023-10-08T14:26:30.000Z</time>
        <extensions>
          <ns3:TrackPointExtension>
            <ns3:hr>123</ns3:hr>
          </ns3:TrackPointExtension>
        </extensions>
      </trkpt>
      <trkpt lat="47.7741725742816925048828125" lon="18.946618549525737762451171875">
        <ele>117.8000030517578125</ele>
        <time>2023-10-08T14:26:33.000Z</time>
        <extensions>
          <ns3:TrackPointExtension>
            <ns3:hr>120</ns3:hr>
          </ns3:TrackPointExtension>
        </extensions>
      </trkpt>
      <trkpt lat="47.7741725742816925048828125" lon="18.946618549525737762451171875">
        <ele>117.8000030517578125</ele>
        <time>2023-10-08T14:26:35.000Z</time>
        <extensions>
          <ns3:TrackPointExtension>
            <ns3:hr>117</ns3:hr>
          </ns3:TrackPointExtension>
        </extensions>
      </trkpt>
      <trkpt lat="47.77421624399721622467041015625" lon="18.9466669969260692596435546875">
        <ele>118</ele>
        <time>2023-10-08T14:26:40.000Z</time>
        <extensions>
          <ns3:TrackPointExtension>
            <ns3:hr>116</ns3:hr>
          </ns3:TrackPointExtension>
        </extensions>
      </trkpt>
      <trkpt lat="47.77430173940956592559814453125" lon="18.9467632211744785308837890625">
        <ele>118.1999969482421875</ele>
        <time>2023-10-08T14:26:46.000Z</time>
        <extensions>
          <ns3:TrackPointExtension>
            <ns3:hr>119</ns3:hr>
          </ns3:TrackPointExtension>
        </extensions>
      </trkpt>
      <trkpt lat="47.77432747185230255126953125" lon="18.9467903785407543182373046875">
        <ele>118.1999969482421875</ele>
        <time>2023-10-08T14:26:49.000Z</time>
        <extensions>
          <ns3:TrackPointExtension>
            <ns3:hr>120</ns3:hr>
          </ns3:TrackPointExtension>
        </extensions>
      </trkpt>
      <trkpt lat="47.77437399141490459442138671875" lon="18.9468386583030223846435546875">
        <ele>118.59999847412109375</ele>
        <time>2023-10-08T14:26:56.000Z</time>
        <extensions>
          <ns3:TrackPointExtension>
            <ns3:hr>123</ns3:hr>
          </ns3:TrackPointExtension>
        </extensions>
      </trkpt>
      <trkpt lat="47.77439461089670658111572265625" lon="18.9468654803931713104248046875">
        <ele>118.59999847412109375</ele>
        <time>2023-10-08T14:26:59.000Z</time>
        <extensions>
          <ns3:TrackPointExtension>
            <ns3:hr>124</ns3:hr>
          </ns3:TrackPointExtension>
        </extensions>
      </trkpt>
      <trkpt lat="47.77446535415947437286376953125" lon="18.94694703631103038787841796875">
        <ele>119</ele>
        <time>2023-10-08T14:27:09.000Z</time>
        <extensions>
          <ns3:TrackPointExtension>
            <ns3:hr>127</ns3:hr>
          </ns3:TrackPointExtension>
        </extensions>
      </trkpt>
      <trkpt lat="47.77452100999653339385986328125" lon="18.9470113255083560943603515625">
        <ele>119.40000152587890625</ele>
        <time>2023-10-08T14:27:16.000Z</time>
        <extensions>
          <ns3:TrackPointExtension>
            <ns3:hr>130</ns3:hr>
          </ns3:TrackPointExtension>
        </extensions>
      </trkpt>
      <trkpt lat="47.7745378576219081878662109375" lon="18.9470294304192066192626953125">
        <ele>119.40000152587890625</ele>
        <time>2023-10-08T14:27:18.000Z</time>
        <extensions>
          <ns3:TrackPointExtension>
            <ns3:hr>130</ns3:hr>
          </ns3:TrackPointExtension>
        </extensions>
      </trkpt>
      <trkpt lat="47.7745861373841762542724609375" lon="18.94710092805325984954833984375">
        <ele>119.40000152587890625</ele>
        <time>2023-10-08T14:27:26.000Z</time>
        <extensions>
          <ns3:TrackPointExtension>
            <ns3:hr>133</ns3:hr>
          </ns3:TrackPointExtension>
        </extensions>
      </trkpt>
      <trkpt lat="47.77460717596113681793212890625" lon="18.9471290074288845062255859375">
        <ele>119.40000152587890625</ele>
        <time>2023-10-08T14:27:29.000Z</time>
        <extensions>
          <ns3:TrackPointExtension>
            <ns3:hr>134</ns3:hr>
          </ns3:TrackPointExtension>
        </extensions>
      </trkpt>
      <trkpt lat="47.77467071078717708587646484375" lon="18.947217352688312530517578125">
        <ele>119.59999847412109375</ele>
        <time>2023-10-08T14:27:40.000Z</time>
        <extensions>
          <ns3:TrackPointExtension>
            <ns3:hr>135</ns3:hr>
          </ns3:TrackPointExtension>
        </extensions>
      </trkpt>
      <trkpt lat="47.77469183318316936492919921875" lon="18.94724425859749317169189453125">
        <ele>119.59999847412109375</ele>
        <time>2023-10-08T14:27:43.000Z</time>
        <extensions>
          <ns3:TrackPointExtension>
            <ns3:hr>137</ns3:hr>
          </ns3:TrackPointExtension>
        </extensions>
      </trkpt>
      <trkpt lat="47.7747480757534503936767578125" lon="18.94729907624423503875732421875">
        <ele>119.8000030517578125</ele>
        <time>2023-10-08T14:27:50.000Z</time>
        <extensions>
          <ns3:TrackPointExtension>
            <ns3:hr>140</ns3:hr>
          </ns3:TrackPointExtension>
        </extensions>
      </trkpt>
      <trkpt lat="47.774798870086669921875" lon="18.94735624082386493682861328125">
        <ele>119.8000030517578125</ele>
        <time>2023-10-08T14:27:56.000Z</time>
        <extensions>
          <ns3:TrackPointExtension>
            <ns3:hr>139</ns3:hr>
          </ns3:TrackPointExtension>
        </extensions>
      </trkpt>
      <trkpt lat="47.7748855389654636383056640625" lon="18.94745514728128910064697265625">
        <ele>119.8000030517578125</ele>
        <time>2023-10-08T14:28:07.000Z</time>
        <extensions>
          <ns3:TrackPointExtension>
            <ns3:hr>142</ns3:hr>
          </ns3:TrackPointExtension>
        </extensions>
      </trkpt>
      <trkpt lat="47.77489216066896915435791015625" lon="18.9474659599363803863525390625">
        <ele>119.8000030517578125</ele>
        <time>2023-10-08T14:28:08.000Z</time>
        <extensions>
          <ns3:TrackPointExtension>
            <ns3:hr>142</ns3:hr>
          </ns3:TrackPointExtension>
        </extensions>
      </trkpt>
      <trkpt lat="47.774971537292003631591796875" lon="18.947557993233203887939453125">
        <ele>119.59999847412109375</ele>
        <time>2023-10-08T14:28:18.000Z</time>
        <extensions>
          <ns3:TrackPointExtension>
            <ns3:hr>146</ns3:hr>
          </ns3:TrackPointExtension>
        </extensions>
      </trkpt>
      <trkpt lat="47.7750147879123687744140625" lon="18.94760526716709136962890625">
        <ele>119.59999847412109375</ele>
        <time>2023-10-08T14:28:23.000Z</time>
        <extensions>
          <ns3:TrackPointExtension>
            <ns3:hr>148</ns3:hr>
          </ns3:TrackPointExtension>
        </extensions>
      </trkpt>
      <trkpt lat="47.77507337741553783416748046875" lon="18.947691433131694793701171875">
        <ele>119.1999969482421875</ele>
        <time>2023-10-08T14:28:32.000Z</time>
        <extensions>
          <ns3:TrackPointExtension>
            <ns3:hr>146</ns3:hr>
          </ns3:TrackPointExtension>
        </extensions>
      </trkpt>
      <trkpt lat="47.775112353265285491943359375" lon="18.94774071872234344482421875">
        <ele>119.1999969482421875</ele>
        <time>2023-10-08T14:28:37.000Z</time>
        <extensions>
          <ns3:TrackPointExtension>
            <ns3:hr>143</ns3:hr>
          </ns3:TrackPointExtension>
        </extensions>
      </trkpt>
      <trkpt lat="47.7751381695270538330078125" lon="18.9477683790028095245361328125">
        <ele>119.40000152587890625</ele>
        <time>2023-10-08T14:28:40.000Z</time>
        <extensions>
          <ns3:TrackPointExtension>
            <ns3:hr>140</ns3:hr>
          </ns3:TrackPointExtension>
        </extensions>
      </trkpt>
      <trkpt lat="47.77515082620084285736083984375" lon="18.94778589718043804168701171875">
        <ele>119.40000152587890625</ele>
        <time>2023-10-08T14:28:42.000Z</time>
        <extensions>
          <ns3:TrackPointExtension>
            <ns3:hr>136</ns3:hr>
          </ns3:TrackPointExtension>
        </extensions>
      </trkpt>
      <trkpt lat="47.77515820227563381195068359375" lon="18.9477921836078166961669921875">
        <ele>119.40000152587890625</ele>
        <time>2023-10-08T14:28:43.000Z</time>
        <extensions>
          <ns3:TrackPointExtension>
            <ns3:hr>137</ns3:hr>
          </ns3:TrackPointExtension>
        </extensions>
      </trkpt>
      <trkpt lat="47.77517345733940601348876953125" lon="18.9478079415857791900634765625">
        <ele>119.40000152587890625</ele>
        <time>2023-10-08T14:28:45.000Z</time>
        <extensions>
          <ns3:TrackPointExtension>
            <ns3:hr>133</ns3:hr>
          </ns3:TrackPointExtension>
        </extensions>
      </trkpt>
      <trkpt lat="47.7751802466809749603271484375" lon="18.94781623966991901397705078125">
        <ele>119.40000152587890625</ele>
        <time>2023-10-08T14:28:46.000Z</time>
        <extensions>
          <ns3:TrackPointExtension>
            <ns3:hr>129</ns3:hr>
          </ns3:TrackPointExtension>
        </extensions>
      </trkpt>
      <trkpt lat="47.77519793249666690826416015625" lon="18.9478304050862789154052734375">
        <ele>119.59999847412109375</ele>
        <time>2023-10-08T14:28:48.000Z</time>
        <extensions>
          <ns3:TrackPointExtension>
            <ns3:hr>124</ns3:hr>
          </ns3:TrackPointExtension>
        </extensions>
      </trkpt>
      <trkpt lat="47.77521201409399509429931640625" lon="18.94785161130130290985107421875">
        <ele>119.40000152587890625</ele>
        <time>2023-10-08T14:28:50.000Z</time>
        <extensions>
          <ns3:TrackPointExtension>
            <ns3:hr>127</ns3:hr>
          </ns3:TrackPointExtension>
        </extensions>
      </trkpt>
      <trkpt lat="47.775231711566448211669921875" lon="18.9478770084679126739501953125">
        <ele>119.59999847412109375</ele>
        <time>2023-10-08T14:28:53.000Z</time>
        <extensions>
          <ns3:TrackPointExtension>
            <ns3:hr>126</ns3:hr>
          </ns3:TrackPointExtension>
        </extensions>
      </trkpt>
      <trkpt lat="47.7753522433340549468994140625" lon="18.94802561961114406585693359375">
        <ele>119.59999847412109375</ele>
        <time>2023-10-08T14:29:09.000Z</time>
        <extensions>
          <ns3:TrackPointExtension>
            <ns3:hr>127</ns3:hr>
          </ns3:TrackPointExtension>
        </extensions>
      </trkpt>
      <trkpt lat="47.7753911353647708892822265625" lon="18.948075659573078155517578125">
        <ele>119.40000152587890625</ele>
        <time>2023-10-08T14:29:14.000Z</time>
        <extensions>
          <ns3:TrackPointExtension>
            <ns3:hr>124</ns3:hr>
          </ns3:TrackPointExtension>
        </extensions>
      </trkpt>
      <trkpt lat="47.77543899603188037872314453125" lon="18.94813106395304203033447265625">
        <ele>119.1999969482421875</ele>
        <time>2023-10-08T14:29:20.000Z</time>
        <extensions>
          <ns3:TrackPointExtension>
            <ns3:hr>127</ns3:hr>
          </ns3:TrackPointExtension>
        </extensions>
      </trkpt>
      <trkpt lat="47.77547269128262996673583984375" lon="18.9481697045266628265380859375">
        <ele>119</ele>
        <time>2023-10-08T14:29:24.000Z</time>
        <extensions>
          <ns3:TrackPointExtension>
            <ns3:hr>130</ns3:hr>
          </ns3:TrackPointExtension>
        </extensions>
      </trkpt>
      <trkpt lat="47.77559372596442699432373046875" lon="18.94827942363917827606201171875">
        <ele>119</ele>
        <time>2023-10-08T14:29:39.000Z</time>
        <extensions>
          <ns3:TrackPointExtension>
            <ns3:hr>131</ns3:hr>
          </ns3:TrackPointExtension>
        </extensions>
      </trkpt>
      <trkpt lat="47.77564535848796367645263671875" lon="18.948314376175403594970703125">
        <ele>119.1999969482421875</ele>
        <time>2023-10-08T14:29:45.000Z</time>
        <extensions>
          <ns3:TrackPointExtension>
            <ns3:hr>128</ns3:hr>
          </ns3:TrackPointExtension>
        </extensions>
      </trkpt>
      <trkpt lat="47.7756928838789463043212890625" lon="18.94834362901747226715087890625">
        <ele>119.1999969482421875</ele>
        <time>2023-10-08T14:29:50.000Z</time>
        <extensions>
          <ns3:TrackPointExtension>
            <ns3:hr>125</ns3:hr>
          </ns3:TrackPointExtension>
        </extensions>
      </trkpt>
      <trkpt lat="47.77570218779146671295166015625" lon="18.94835226237773895263671875">
        <ele>119.1999969482421875</ele>
        <time>2023-10-08T14:29:51.000Z</time>
        <extensions>
          <ns3:TrackPointExtension>
            <ns3:hr>125</ns3:hr>
          </ns3:TrackPointExtension>
        </extensions>
      </trkpt>
      <trkpt lat="47.7757710032165050506591796875" lon="18.94840230233967304229736328125">
        <ele>119.40000152587890625</ele>
        <time>2023-10-08T14:29:59.000Z</time>
        <extensions>
          <ns3:TrackPointExtension>
            <ns3:hr>122</ns3:hr>
          </ns3:TrackPointExtension>
        </extensions>
      </trkpt>
      <trkpt lat="47.7757877670228481292724609375" lon="18.94841688685119152069091796875">
        <ele>119.40000152587890625</ele>
        <time>2023-10-08T14:30:01.000Z</time>
        <extensions>
          <ns3:TrackPointExtension>
            <ns3:hr>123</ns3:hr>
          </ns3:TrackPointExtension>
        </extensions>
      </trkpt>
      <trkpt lat="47.77584769763052463531494140625" lon="18.94846357405185699462890625">
        <ele>119.59999847412109375</ele>
        <time>2023-10-08T14:30:10.000Z</time>
        <extensions>
          <ns3:TrackPointExtension>
            <ns3:hr>124</ns3:hr>
          </ns3:TrackPointExtension>
        </extensions>
      </trkpt>
      <trkpt lat="47.77589312754571437835693359375" lon="18.948490731418132781982421875">
        <ele>119.8000030517578125</ele>
        <time>2023-10-08T14:30:17.000Z</time>
        <extensions>
          <ns3:TrackPointExtension>
            <ns3:hr>125</ns3:hr>
          </ns3:TrackPointExtension>
        </extensions>
      </trkpt>
      <trkpt lat="47.77597225271165370941162109375" lon="18.9485452137887477874755859375">
        <ele>119.59999847412109375</ele>
        <time>2023-10-08T14:30:25.000Z</time>
        <extensions>
          <ns3:TrackPointExtension>
            <ns3:hr>128</ns3:hr>
          </ns3:TrackPointExtension>
        </extensions>
      </trkpt>
      <trkpt lat="47.77600829489529132843017578125" lon="18.94856994040310382843017578125">
        <ele>119.59999847412109375</ele>
        <time>2023-10-08T14:30:29.000Z</time>
        <extensions>
          <ns3:TrackPointExtension>
            <ns3:hr>130</ns3:hr>
          </ns3:TrackPointExtension>
        </extensions>
      </trkpt>
      <trkpt lat="47.776102088391780853271484375" lon="18.94864085130393505096435546875">
        <ele>119.40000152587890625</ele>
        <time>2023-10-08T14:30:40.000Z</time>
        <extensions>
          <ns3:TrackPointExtension>
            <ns3:hr>125</ns3:hr>
          </ns3:TrackPointExtension>
        </extensions>
      </trkpt>
      <trkpt lat="47.7761059440672397613525390625" lon="18.94864386878907680511474609375">
        <ele>119.40000152587890625</ele>
        <time>2023-10-08T14:30:41.000Z</time>
        <extensions>
          <ns3:TrackPointExtension>
            <ns3:hr>130</ns3:hr>
          </ns3:TrackPointExtension>
        </extensions>
      </trkpt>
      <trkpt lat="47.77610720135271549224853515625" lon="18.94864596426486968994140625">
        <ele>119.40000152587890625</ele>
        <time>2023-10-08T14:30:43.000Z</time>
        <extensions>
          <ns3:TrackPointExtension>
            <ns3:hr>130</ns3:hr>
          </ns3:TrackPointExtension>
        </extensions>
      </trkpt>
      <trkpt lat="47.7761042676866054534912109375" lon="18.94864655099809169769287109375">
        <ele>119.40000152587890625</ele>
        <time>2023-10-08T14:30:49.000Z</time>
        <extensions>
          <ns3:TrackPointExtension>
            <ns3:hr>127</ns3:hr>
          </ns3:TrackPointExtension>
        </extensions>
      </trkpt>
      <trkpt lat="47.77610619552433490753173828125" lon="18.94864990375936031341552734375">
        <ele>119.40000152587890625</ele>
        <time>2023-10-08T14:31:09.000Z</time>
        <extensions>
          <ns3:TrackPointExtension>
            <ns3:hr>130</ns3:hr>
          </ns3:TrackPointExtension>
        </extensions>
      </trkpt>
      <trkpt lat="47.77610921300947666168212890625" lon="18.9486535079777240753173828125">
        <ele>119.40000152587890625</ele>
        <time>2023-10-08T14:31:13.000Z</time>
        <extensions>
          <ns3:TrackPointExtension>
            <ns3:hr>133</ns3:hr>
          </ns3:TrackPointExtension>
        </extensions>
      </trkpt>
      <trkpt lat="47.77613402344286441802978515625" lon="18.9486672542989253997802734375">
        <ele>119.1999969482421875</ele>
        <time>2023-10-08T14:31:20.000Z</time>
        <extensions>
          <ns3:TrackPointExtension>
            <ns3:hr>133</ns3:hr>
          </ns3:TrackPointExtension>
        </extensions>
      </trkpt>
      <trkpt lat="47.77615129016339778900146484375" lon="18.9486801624298095703125">
        <ele>119.1999969482421875</ele>
        <time>2023-10-08T14:31:54.000Z</time>
        <extensions>
          <ns3:TrackPointExtension>
            <ns3:hr>130</ns3:hr>
          </ns3:TrackPointExtension>
        </extensions>
      </trkpt>
      <trkpt lat="47.77615129016339778900146484375" lon="18.9486801624298095703125">
        <ele>119.1999969482421875</ele>
        <time>2023-10-08T14:31:57.000Z</time>
        <extensions>
          <ns3:TrackPointExtension>
            <ns3:hr>127</ns3:hr>
          </ns3:TrackPointExtension>
        </extensions>
      </trkpt>
      <trkpt lat="47.77615129016339778900146484375" lon="18.948679827153682708740234375">
        <ele>119.1999969482421875</ele>
        <time>2023-10-08T14:32:02.000Z</time>
        <extensions>
          <ns3:TrackPointExtension>
            <ns3:hr>123</ns3:hr>
          </ns3:TrackPointExtension>
        </extensions>
      </trkpt>
      <trkpt lat="47.77615129016339778900146484375" lon="18.948679827153682708740234375">
        <ele>119.1999969482421875</ele>
        <time>2023-10-08T14:32:05.000Z</time>
        <extensions>
          <ns3:TrackPointExtension>
            <ns3:hr>120</ns3:hr>
          </ns3:TrackPointExtension>
        </extensions>
      </trkpt>
      <trkpt lat="47.77612279169261455535888671875" lon="18.94866482354700565338134765625">
        <ele>119.1999969482421875</ele>
        <time>2023-10-08T14:32:24.000Z</time>
        <extensions>
          <ns3:TrackPointExtension>
            <ns3:hr>117</ns3:hr>
          </ns3:TrackPointExtension>
        </extensions>
      </trkpt>
      <trkpt lat="47.77614911086857318878173828125" lon="18.9486582018435001373291015625">
        <ele>119.40000152587890625</ele>
        <time>2023-10-08T14:33:16.000Z</time>
        <extensions>
          <ns3:TrackPointExtension>
            <ns3:hr>120</ns3:hr>
          </ns3:TrackPointExtension>
        </extensions>
      </trkpt>
      <trkpt lat="47.7761493623256683349609375" lon="18.9486568607389926910400390625">
        <ele>119.40000152587890625</ele>
        <time>2023-10-08T14:33:24.000Z</time>
        <extensions>
          <ns3:TrackPointExtension>
            <ns3:hr>117</ns3:hr>
          </ns3:TrackPointExtension>
        </extensions>
      </trkpt>
      <trkpt lat="47.7761495299637317657470703125" lon="18.94865677691996097564697265625">
        <ele>119.40000152587890625</ele>
        <time>2023-10-08T14:33:29.000Z</time>
        <extensions>
          <ns3:TrackPointExtension>
            <ns3:hr>120</ns3:hr>
          </ns3:TrackPointExtension>
        </extensions>
      </trkpt>
      <trkpt lat="47.7762283198535442352294921875" lon="18.9487084932625293731689453125">
        <ele>119.40000152587890625</ele>
        <time>2023-10-08T14:33:38.000Z</time>
        <extensions>
          <ns3:TrackPointExtension>
            <ns3:hr>119</ns3:hr>
          </ns3:TrackPointExtension>
        </extensions>
      </trkpt>
      <trkpt lat="47.776336781680583953857421875" lon="18.948797844350337982177734375">
        <ele>119.40000152587890625</ele>
        <time>2023-10-08T14:33:47.000Z</time>
        <extensions>
          <ns3:TrackPointExtension>
            <ns3:hr>119</ns3:hr>
          </ns3:TrackPointExtension>
        </extensions>
      </trkpt>
      <trkpt lat="47.77640576474368572235107421875" lon="18.9488362334668636322021484375">
        <ele>119.40000152587890625</ele>
        <time>2023-10-08T14:33:55.000Z</time>
        <extensions>
          <ns3:TrackPointExtension>
            <ns3:hr>118</ns3:hr>
          </ns3:TrackPointExtension>
        </extensions>
      </trkpt>
      <trkpt lat="47.77646644972264766693115234375" lon="18.9488684199750423431396484375">
        <ele>119.59999847412109375</ele>
        <time>2023-10-08T14:34:03.000Z</time>
        <extensions>
          <ns3:TrackPointExtension>
            <ns3:hr>116</ns3:hr>
          </ns3:TrackPointExtension>
        </extensions>
      </trkpt>
      <trkpt lat="47.7765141427516937255859375" lon="18.94889834336936473846435546875">
        <ele>120</ele>
        <time>2023-10-08T14:34:10.000Z</time>
        <extensions>
          <ns3:TrackPointExtension>
            <ns3:hr>118</ns3:hr>
          </ns3:TrackPointExtension>
        </extensions>
      </trkpt>
      <trkpt lat="47.7766249515116214752197265625" lon="18.94896724261343479156494140625">
        <ele>120.8000030517578125</ele>
        <time>2023-10-08T14:34:23.000Z</time>
        <extensions>
          <ns3:TrackPointExtension>
            <ns3:hr>119</ns3:hr>
          </ns3:TrackPointExtension>
        </extensions>
      </trkpt>
      <trkpt lat="47.776635177433490753173828125" lon="18.9489733614027500152587890625">
        <ele>120.8000030517578125</ele>
        <time>2023-10-08T14:34:24.000Z</time>
        <extensions>
          <ns3:TrackPointExtension>
            <ns3:hr>123</ns3:hr>
          </ns3:TrackPointExtension>
        </extensions>
      </trkpt>
      <trkpt lat="47.77664297260344028472900390625" lon="18.9489797316491603851318359375">
        <ele>121</ele>
        <time>2023-10-08T14:34:25.000Z</time>
        <extensions>
          <ns3:TrackPointExtension>
            <ns3:hr>126</ns3:hr>
          </ns3:TrackPointExtension>
        </extensions>
      </trkpt>
      <trkpt lat="47.7767265401780605316162109375" lon="18.949030525982379913330078125">
        <ele>121.59999847412109375</ele>
        <time>2023-10-08T14:34:35.000Z</time>
        <extensions>
          <ns3:TrackPointExtension>
            <ns3:hr>129</ns3:hr>
          </ns3:TrackPointExtension>
        </extensions>
      </trkpt>
      <trkpt lat="47.776729054749011993408203125" lon="18.94903027452528476715087890625">
        <ele>121.59999847412109375</ele>
        <time>2023-10-08T14:34:36.000Z</time>
        <extensions>
          <ns3:TrackPointExtension>
            <ns3:hr>129</ns3:hr>
          </ns3:TrackPointExtension>
        </extensions>
      </trkpt>
      <trkpt lat="47.77673684991896152496337890625" lon="18.9490192942321300506591796875">
        <ele>121.8000030517578125</ele>
        <time>2023-10-08T14:34:43.000Z</time>
        <extensions>
          <ns3:TrackPointExtension>
            <ns3:hr>129</ns3:hr>
          </ns3:TrackPointExtension>
        </extensions>
      </trkpt>
      <trkpt lat="47.77673349715769290924072265625" lon="18.9490253292024135589599609375">
        <ele>121.8000030517578125</ele>
        <time>2023-10-08T14:34:51.000Z</time>
        <extensions>
          <ns3:TrackPointExtension>
            <ns3:hr>128</ns3:hr>
          </ns3:TrackPointExtension>
        </extensions>
      </trkpt>
      <trkpt lat="47.7767966128885746002197265625" lon="18.94904988817870616912841796875">
        <ele>122.1999969482421875</ele>
        <time>2023-10-08T14:35:02.000Z</time>
        <extensions>
          <ns3:TrackPointExtension>
            <ns3:hr>130</ns3:hr>
          </ns3:TrackPointExtension>
        </extensions>
      </trkpt>
      <trkpt lat="47.77692745439708232879638671875" lon="18.9491131715476512908935546875">
        <ele>123</ele>
        <time>2023-10-08T14:35:12.000Z</time>
        <extensions>
          <ns3:TrackPointExtension>
            <ns3:hr>129</ns3:hr>
          </ns3:TrackPointExtension>
        </extensions>
      </trkpt>
      <trkpt lat="47.7770101837813854217529296875" lon="18.9491736888885498046875">
        <ele>123.1999969482421875</ele>
        <time>2023-10-08T14:35:21.000Z</time>
        <extensions>
          <ns3:TrackPointExtension>
            <ns3:hr>129</ns3:hr>
          </ns3:TrackPointExtension>
        </extensions>
      </trkpt>
      <trkpt lat="47.7770893089473247528076171875" lon="18.9492197893559932708740234375">
        <ele>123.1999969482421875</ele>
        <time>2023-10-08T14:35:29.000Z</time>
        <extensions>
          <ns3:TrackPointExtension>
            <ns3:hr>129</ns3:hr>
          </ns3:TrackPointExtension>
        </extensions>
      </trkpt>
      <trkpt lat="47.7771922387182712554931640625" lon="18.94931316375732421875">
        <ele>123</ele>
        <time>2023-10-08T14:35:39.000Z</time>
        <extensions>
          <ns3:TrackPointExtension>
            <ns3:hr>129</ns3:hr>
          </ns3:TrackPointExtension>
        </extensions>
      </trkpt>
      <trkpt lat="47.77722031809389591217041015625" lon="18.94934057258069515228271484375">
        <ele>122.8000030517578125</ele>
        <time>2023-10-08T14:35:42.000Z</time>
        <extensions>
          <ns3:TrackPointExtension>
            <ns3:hr>126</ns3:hr>
          </ns3:TrackPointExtension>
        </extensions>
      </trkpt>
      <trkpt lat="47.7772904746234416961669921875" lon="18.94939069636166095733642578125">
        <ele>122.59999847412109375</ele>
        <time>2023-10-08T14:35:49.000Z</time>
        <extensions>
          <ns3:TrackPointExtension>
            <ns3:hr>123</ns3:hr>
          </ns3:TrackPointExtension>
        </extensions>
      </trkpt>
      <trkpt lat="47.77738058008253574371337890625" lon="18.9494638703763484954833984375">
        <ele>122.1999969482421875</ele>
        <time>2023-10-08T14:35:58.000Z</time>
        <extensions>
          <ns3:TrackPointExtension>
            <ns3:hr>122</ns3:hr>
          </ns3:TrackPointExtension>
        </extensions>
      </trkpt>
      <trkpt lat="47.77745769359171390533447265625" lon="18.949522711336612701416015625">
        <ele>121.8000030517578125</ele>
        <time>2023-10-08T14:36:06.000Z</time>
        <extensions>
          <ns3:TrackPointExtension>
            <ns3:hr>122</ns3:hr>
          </ns3:TrackPointExtension>
        </extensions>
      </trkpt>
      <trkpt lat="47.7775700949132442474365234375" lon="18.94960141740739345550537109375">
        <ele>121.59999847412109375</ele>
        <time>2023-10-08T14:36:18.000Z</time>
        <extensions>
          <ns3:TrackPointExtension>
            <ns3:hr>120</ns3:hr>
          </ns3:TrackPointExtension>
        </extensions>
      </trkpt>
      <trkpt lat="47.77760320343077182769775390625" lon="18.94961692392826080322265625">
        <ele>121.59999847412109375</ele>
        <time>2023-10-08T14:36:22.000Z</time>
        <extensions>
          <ns3:TrackPointExtension>
            <ns3:hr>121</ns3:hr>
          </ns3:TrackPointExtension>
        </extensions>
      </trkpt>
      <trkpt lat="47.77763019315898418426513671875" lon="18.94964952953159809112548828125">
        <ele>121.59999847412109375</ele>
        <time>2023-10-08T14:36:26.000Z</time>
        <extensions>
          <ns3:TrackPointExtension>
            <ns3:hr>124</ns3:hr>
          </ns3:TrackPointExtension>
        </extensions>
      </trkpt>
      <trkpt lat="47.777660451829433441162109375" lon="18.949666880071163177490234375">
        <ele>121.59999847412109375</ele>
        <time>2023-10-08T14:36:29.000Z</time>
        <extensions>
          <ns3:TrackPointExtension>
            <ns3:hr>121</ns3:hr>
          </ns3:TrackPointExtension>
        </extensions>
      </trkpt>
      <trkpt lat="47.77769758366048336029052734375" lon="18.949701748788356781005859375">
        <ele>121.40000152587890625</ele>
        <time>2023-10-08T14:36:34.000Z</time>
        <extensions>
          <ns3:TrackPointExtension>
            <ns3:hr>124</ns3:hr>
          </ns3:TrackPointExtension>
        </extensions>
      </trkpt>
      <trkpt lat="47.7777078934013843536376953125" lon="18.94971306435763835906982421875">
        <ele>121.40000152587890625</ele>
        <time>2023-10-08T14:36:35.000Z</time>
        <extensions>
          <ns3:TrackPointExtension>
            <ns3:hr>123</ns3:hr>
          </ns3:TrackPointExtension>
        </extensions>
      </trkpt>
      <trkpt lat="47.77780235745012760162353515625" lon="18.9497931115329265594482421875">
        <ele>121.1999969482421875</ele>
        <time>2023-10-08T14:36:45.000Z</time>
        <extensions>
          <ns3:TrackPointExtension>
            <ns3:hr>124</ns3:hr>
          </ns3:TrackPointExtension>
        </extensions>
      </trkpt>
      <trkpt lat="47.777821719646453857421875" lon="18.94980744458734989166259765625">
        <ele>121.1999969482421875</ele>
        <time>2023-10-08T14:36:47.000Z</time>
        <extensions>
          <ns3:TrackPointExtension>
            <ns3:hr>121</ns3:hr>
          </ns3:TrackPointExtension>
        </extensions>
      </trkpt>
      <trkpt lat="47.77785734273493289947509765625" lon="18.94983393140137195587158203125">
        <ele>121.1999969482421875</ele>
        <time>2023-10-08T14:36:51.000Z</time>
        <extensions>
          <ns3:TrackPointExtension>
            <ns3:hr>122</ns3:hr>
          </ns3:TrackPointExtension>
        </extensions>
      </trkpt>
      <trkpt lat="47.77793328277766704559326171875" lon="18.94989964552223682403564453125">
        <ele>121</ele>
        <time>2023-10-08T14:36:59.000Z</time>
        <extensions>
          <ns3:TrackPointExtension>
            <ns3:hr>122</ns3:hr>
          </ns3:TrackPointExtension>
        </extensions>
      </trkpt>
      <trkpt lat="47.7780269086360931396484375" lon="18.9499743282794952392578125">
        <ele>120.59999847412109375</ele>
        <time>2023-10-08T14:37:10.000Z</time>
        <extensions>
          <ns3:TrackPointExtension>
            <ns3:hr>120</ns3:hr>
          </ns3:TrackPointExtension>
        </extensions>
      </trkpt>
      <trkpt lat="47.778143920004367828369140625" lon="18.9500502683222293853759765625">
        <ele>120.40000152587890625</ele>
        <time>2023-10-08T14:37:21.000Z</time>
        <extensions>
          <ns3:TrackPointExtension>
            <ns3:hr>120</ns3:hr>
          </ns3:TrackPointExtension>
        </extensions>
      </trkpt>
      <trkpt lat="47.77820250950753688812255859375" lon="18.9501111209392547607421875">
        <ele>119.59999847412109375</ele>
        <time>2023-10-08T14:37:28.000Z</time>
        <extensions>
          <ns3:TrackPointExtension>
            <ns3:hr>117</ns3:hr>
          </ns3:TrackPointExtension>
        </extensions>
      </trkpt>
      <trkpt lat="47.77821307070553302764892578125" lon="18.95011673681437969207763671875">
        <ele>119.40000152587890625</ele>
        <time>2023-10-08T14:37:29.000Z</time>
        <extensions>
          <ns3:TrackPointExtension>
            <ns3:hr>117</ns3:hr>
          </ns3:TrackPointExtension>
        </extensions>
      </trkpt>
      <trkpt lat="47.77829286642372608184814453125" lon="18.950175829231739044189453125">
        <ele>119.1999969482421875</ele>
        <time>2023-10-08T14:37:38.000Z</time>
        <extensions>
          <ns3:TrackPointExtension>
            <ns3:hr>118</ns3:hr>
          </ns3:TrackPointExtension>
        </extensions>
      </trkpt>
      <trkpt lat="47.778364531695842742919921875" lon="18.95022704266011714935302734375">
        <ele>119</ele>
        <time>2023-10-08T14:37:46.000Z</time>
        <extensions>
          <ns3:TrackPointExtension>
            <ns3:hr>120</ns3:hr>
          </ns3:TrackPointExtension>
        </extensions>
      </trkpt>
      <trkpt lat="47.77844357304275035858154296875" lon="18.9502908289432525634765625">
        <ele>118.8000030517578125</ele>
        <time>2023-10-08T14:37:55.000Z</time>
        <extensions>
          <ns3:TrackPointExtension>
            <ns3:hr>120</ns3:hr>
          </ns3:TrackPointExtension>
        </extensions>
      </trkpt>
      <trkpt lat="47.7784491889178752899169921875" lon="18.950294516980648040771484375">
        <ele>118.8000030517578125</ele>
        <time>2023-10-08T14:37:56.000Z</time>
        <extensions>
          <ns3:TrackPointExtension>
            <ns3:hr>120</ns3:hr>
          </ns3:TrackPointExtension>
        </extensions>
      </trkpt>
      <trkpt lat="47.77848648838698863983154296875" lon="18.95030549727380275726318359375">
        <ele>118.8000030517578125</ele>
        <time>2023-10-08T14:38:00.000Z</time>
        <extensions>
          <ns3:TrackPointExtension>
            <ns3:hr>120</ns3:hr>
          </ns3:TrackPointExtension>
        </extensions>
      </trkpt>
      <trkpt lat="47.778538875281810760498046875" lon="18.95031320862472057342529296875">
        <ele>118.59999847412109375</ele>
        <time>2023-10-08T14:38:04.000Z</time>
        <extensions>
          <ns3:TrackPointExtension>
            <ns3:hr>120</ns3:hr>
          </ns3:TrackPointExtension>
        </extensions>
      </trkpt>
      <trkpt lat="47.7786064334213733673095703125" lon="18.95037590526044368743896484375">
        <ele>118.1999969482421875</ele>
        <time>2023-10-08T14:38:13.000Z</time>
        <extensions>
          <ns3:TrackPointExtension>
            <ns3:hr>120</ns3:hr>
          </ns3:TrackPointExtension>
        </extensions>
      </trkpt>
      <trkpt lat="47.778617329895496368408203125" lon="18.95038126967847347259521484375">
        <ele>118.1999969482421875</ele>
        <time>2023-10-08T14:38:20.000Z</time>
        <extensions>
          <ns3:TrackPointExtension>
            <ns3:hr>120</ns3:hr>
          </ns3:TrackPointExtension>
        </extensions>
      </trkpt>
      <trkpt lat="47.77867265045642852783203125" lon="18.950413204729557037353515625">
        <ele>117.8000030517578125</ele>
        <time>2023-10-08T14:38:29.000Z</time>
        <extensions>
          <ns3:TrackPointExtension>
            <ns3:hr>120</ns3:hr>
          </ns3:TrackPointExtension>
        </extensions>
      </trkpt>
      <trkpt lat="47.7787341736257076263427734375" lon="18.950479589402675628662109375">
        <ele>117.40000152587890625</ele>
        <time>2023-10-08T14:38:36.000Z</time>
        <extensions>
          <ns3:TrackPointExtension>
            <ns3:hr>121</ns3:hr>
          </ns3:TrackPointExtension>
        </extensions>
      </trkpt>
      <trkpt lat="47.7787931822240352630615234375" lon="18.95054454915225505828857421875">
        <ele>116.8000030517578125</ele>
        <time>2023-10-08T14:38:42.000Z</time>
        <extensions>
          <ns3:TrackPointExtension>
            <ns3:hr>125</ns3:hr>
          </ns3:TrackPointExtension>
        </extensions>
      </trkpt>
      <trkpt lat="47.7788206748664379119873046875" lon="18.95056910812854766845703125">
        <ele>116.59999847412109375</ele>
        <time>2023-10-08T14:38:45.000Z</time>
        <extensions>
          <ns3:TrackPointExtension>
            <ns3:hr>122</ns3:hr>
          </ns3:TrackPointExtension>
        </extensions>
      </trkpt>
      <trkpt lat="47.77886132709681987762451171875" lon="18.9505890570580959320068359375">
        <ele>116.59999847412109375</ele>
        <time>2023-10-08T14:38:49.000Z</time>
        <extensions>
          <ns3:TrackPointExtension>
            <ns3:hr>122</ns3:hr>
          </ns3:TrackPointExtension>
        </extensions>
      </trkpt>
      <trkpt lat="47.77888596989214420318603515625" lon="18.9506088383495807647705078125">
        <ele>116.40000152587890625</ele>
        <time>2023-10-08T14:38:51.000Z</time>
        <extensions>
          <ns3:TrackPointExtension>
            <ns3:hr>123</ns3:hr>
          </ns3:TrackPointExtension>
        </extensions>
      </trkpt>
      <trkpt lat="47.77892301790416240692138671875" lon="18.950649239122867584228515625">
        <ele>116.1999969482421875</ele>
        <time>2023-10-08T14:38:55.000Z</time>
        <extensions>
          <ns3:TrackPointExtension>
            <ns3:hr>123</ns3:hr>
          </ns3:TrackPointExtension>
        </extensions>
      </trkpt>
      <trkpt lat="47.778996862471103668212890625" lon="18.9507218264043331146240234375">
        <ele>116.1999969482421875</ele>
        <time>2023-10-08T14:39:04.000Z</time>
        <extensions>
          <ns3:TrackPointExtension>
            <ns3:hr>121</ns3:hr>
          </ns3:TrackPointExtension>
        </extensions>
      </trkpt>
      <trkpt lat="47.779091410338878631591796875" lon="18.9508116804063320159912109375">
        <ele>116.8000030517578125</ele>
        <time>2023-10-08T14:39:14.000Z</time>
        <extensions>
          <ns3:TrackPointExtension>
            <ns3:hr>119</ns3:hr>
          </ns3:TrackPointExtension>
        </extensions>
      </trkpt>
      <trkpt lat="47.7791388519108295440673828125" lon="18.9508452080190181732177734375">
        <ele>117.1999969482421875</ele>
        <time>2023-10-08T14:39:19.000Z</time>
        <extensions>
          <ns3:TrackPointExtension>
            <ns3:hr>123</ns3:hr>
          </ns3:TrackPointExtension>
        </extensions>
      </trkpt>
      <trkpt lat="47.77918637730181217193603515625" lon="18.95087865181267261505126953125">
        <ele>117.8000030517578125</ele>
        <time>2023-10-08T14:39:23.000Z</time>
        <extensions>
          <ns3:TrackPointExtension>
            <ns3:hr>122</ns3:hr>
          </ns3:TrackPointExtension>
        </extensions>
      </trkpt>
      <trkpt lat="47.77926868759095668792724609375" lon="18.95091352052986621856689453125">
        <ele>118.59999847412109375</ele>
        <time>2023-10-08T14:39:32.000Z</time>
        <extensions>
          <ns3:TrackPointExtension>
            <ns3:hr>121</ns3:hr>
          </ns3:TrackPointExtension>
        </extensions>
      </trkpt>
      <trkpt lat="47.7793614752590656280517578125" lon="18.9509846828877925872802734375">
        <ele>119.40000152587890625</ele>
        <time>2023-10-08T14:39:42.000Z</time>
        <extensions>
          <ns3:TrackPointExtension>
            <ns3:hr>120</ns3:hr>
          </ns3:TrackPointExtension>
        </extensions>
      </trkpt>
      <trkpt lat="47.7794362418353557586669921875" lon="18.95104360766708850860595703125">
        <ele>119.8000030517578125</ele>
        <time>2023-10-08T14:39:49.000Z</time>
        <extensions>
          <ns3:TrackPointExtension>
            <ns3:hr>122</ns3:hr>
          </ns3:TrackPointExtension>
        </extensions>
      </trkpt>
      <trkpt lat="47.77950153686106204986572265625" lon="18.95109926350414752960205078125">
        <ele>120.1999969482421875</ele>
        <time>2023-10-08T14:39:57.000Z</time>
        <extensions>
          <ns3:TrackPointExtension>
            <ns3:hr>123</ns3:hr>
          </ns3:TrackPointExtension>
        </extensions>
      </trkpt>
      <trkpt lat="47.7795584499835968017578125" lon="18.95113639533519744873046875">
        <ele>120</ele>
        <time>2023-10-08T14:40:06.000Z</time>
        <extensions>
          <ns3:TrackPointExtension>
            <ns3:hr>124</ns3:hr>
          </ns3:TrackPointExtension>
        </extensions>
      </trkpt>
      <trkpt lat="47.7796337194740772247314453125" lon="18.9511974155902862548828125">
        <ele>119</ele>
        <time>2023-10-08T14:40:14.000Z</time>
        <extensions>
          <ns3:TrackPointExtension>
            <ns3:hr>123</ns3:hr>
          </ns3:TrackPointExtension>
        </extensions>
      </trkpt>
      <trkpt lat="47.77970261871814727783203125" lon="18.95124192349612712860107421875">
        <ele>118.40000152587890625</ele>
        <time>2023-10-08T14:40:23.000Z</time>
        <extensions>
          <ns3:TrackPointExtension>
            <ns3:hr>122</ns3:hr>
          </ns3:TrackPointExtension>
        </extensions>
      </trkpt>
      <trkpt lat="47.77978383935987949371337890625" lon="18.95126924850046634674072265625">
        <ele>118</ele>
        <time>2023-10-08T14:40:33.000Z</time>
        <extensions>
          <ns3:TrackPointExtension>
            <ns3:hr>120</ns3:hr>
          </ns3:TrackPointExtension>
        </extensions>
      </trkpt>
      <trkpt lat="47.77983446605503559112548828125" lon="18.9513115771114826202392578125">
        <ele>117.8000030517578125</ele>
        <time>2023-10-08T14:40:40.000Z</time>
        <extensions>
          <ns3:TrackPointExtension>
            <ns3:hr>120</ns3:hr>
          </ns3:TrackPointExtension>
        </extensions>
      </trkpt>
      <trkpt lat="47.779898084700107574462890625" lon="18.9513712562620639801025390625">
        <ele>117.8000030517578125</ele>
        <time>2023-10-08T14:40:47.000Z</time>
        <extensions>
          <ns3:TrackPointExtension>
            <ns3:hr>120</ns3:hr>
          </ns3:TrackPointExtension>
        </extensions>
      </trkpt>
      <trkpt lat="47.77997159399092197418212890625" lon="18.95142448134720325469970703125">
        <ele>118</ele>
        <time>2023-10-08T14:40:56.000Z</time>
        <extensions>
          <ns3:TrackPointExtension>
            <ns3:hr>119</ns3:hr>
          </ns3:TrackPointExtension>
        </extensions>
      </trkpt>
      <trkpt lat="47.7800155989825725555419921875" lon="18.9515050314366817474365234375">
        <ele>117.8000030517578125</ele>
        <time>2023-10-08T14:41:04.000Z</time>
        <extensions>
          <ns3:TrackPointExtension>
            <ns3:hr>118</ns3:hr>
          </ns3:TrackPointExtension>
        </extensions>
      </trkpt>
      <trkpt lat="47.7800326980650424957275390625" lon="18.95151416771113872528076171875">
        <ele>117.8000030517578125</ele>
        <time>2023-10-08T14:41:12.000Z</time>
        <extensions>
          <ns3:TrackPointExtension>
            <ns3:hr>117</ns3:hr>
          </ns3:TrackPointExtension>
        </extensions>
      </trkpt>
      <trkpt lat="47.78001911938190460205078125" lon="18.95153604447841644287109375">
        <ele>117.8000030517578125</ele>
        <time>2023-10-08T14:41:19.000Z</time>
        <extensions>
          <ns3:TrackPointExtension>
            <ns3:hr>119</ns3:hr>
          </ns3:TrackPointExtension>
        </extensions>
      </trkpt>
      <trkpt lat="47.78001769445836544036865234375" lon="18.9515335299074649810791015625">
        <ele>117.8000030517578125</ele>
        <time>2023-10-08T14:41:31.000Z</time>
        <extensions>
          <ns3:TrackPointExtension>
            <ns3:hr>116</ns3:hr>
          </ns3:TrackPointExtension>
        </extensions>
      </trkpt>
      <trkpt lat="47.780018784105777740478515625" lon="18.9515331946313381195068359375">
        <ele>117.8000030517578125</ele>
        <time>2023-10-08T14:41:39.000Z</time>
        <extensions>
          <ns3:TrackPointExtension>
            <ns3:hr>116</ns3:hr>
          </ns3:TrackPointExtension>
        </extensions>
      </trkpt>
      <trkpt lat="47.78002046048641204833984375" lon="18.951533026993274688720703125">
        <ele>117.8000030517578125</ele>
        <time>2023-10-08T14:41:48.000Z</time>
        <extensions>
          <ns3:TrackPointExtension>
            <ns3:hr>119</ns3:hr>
          </ns3:TrackPointExtension>
        </extensions>
      </trkpt>
      <trkpt lat="47.78002238832414150238037109375" lon="18.95153545774519443511962890625">
        <ele>117.8000030517578125</ele>
        <time>2023-10-08T14:41:57.000Z</time>
        <extensions>
          <ns3:TrackPointExtension>
            <ns3:hr>122</ns3:hr>
          </ns3:TrackPointExtension>
        </extensions>
      </trkpt>
      <trkpt lat="47.78006094507873058319091796875" lon="18.9515791274607181549072265625">
        <ele>117.8000030517578125</ele>
        <time>2023-10-08T14:42:25.000Z</time>
        <extensions>
          <ns3:TrackPointExtension>
            <ns3:hr>120</ns3:hr>
          </ns3:TrackPointExtension>
        </extensions>
      </trkpt>
      <trkpt lat="47.78008525259792804718017578125" lon="18.9516062848269939422607421875">
        <ele>117.59999847412109375</ele>
        <time>2023-10-08T14:42:34.000Z</time>
        <extensions>
          <ns3:TrackPointExtension>
            <ns3:hr>117</ns3:hr>
          </ns3:TrackPointExtension>
        </extensions>
      </trkpt>
      <trkpt lat="47.7800839953124523162841796875" lon="18.95160754211246967315673828125">
        <ele>117.59999847412109375</ele>
        <time>2023-10-08T14:42:43.000Z</time>
        <extensions>
          <ns3:TrackPointExtension>
            <ns3:hr>114</ns3:hr>
          </ns3:TrackPointExtension>
        </extensions>
      </trkpt>
      <trkpt lat="47.7800839953124523162841796875" lon="18.95160754211246967315673828125">
        <ele>117.59999847412109375</ele>
        <time>2023-10-08T14:42:44.000Z</time>
        <extensions>
          <ns3:TrackPointExtension>
            <ns3:hr>117</ns3:hr>
          </ns3:TrackPointExtension>
        </extensions>
      </trkpt>
      <trkpt lat="47.78002775274217128753662109375" lon="18.9516265690326690673828125">
        <ele>117.40000152587890625</ele>
        <time>2023-10-08T14:43:34.000Z</time>
        <extensions>
          <ns3:TrackPointExtension>
            <ns3:hr>118</ns3:hr>
          </ns3:TrackPointExtension>
        </extensions>
      </trkpt>
      <trkpt lat="47.7799797244369983673095703125" lon="18.95168901421129703521728515625">
        <ele>117</ele>
        <time>2023-10-08T14:43:41.000Z</time>
        <extensions>
          <ns3:TrackPointExtension>
            <ns3:hr>118</ns3:hr>
          </ns3:TrackPointExtension>
        </extensions>
      </trkpt>
      <trkpt lat="47.77998450212180614471435546875" lon="18.9517204463481903076171875">
        <ele>117</ele>
        <time>2023-10-08T14:43:52.000Z</time>
        <extensions>
          <ns3:TrackPointExtension>
            <ns3:hr>119</ns3:hr>
          </ns3:TrackPointExtension>
        </extensions>
      </trkpt>
      <trkpt lat="47.7799998410046100616455078125" lon="18.951708041131496429443359375">
        <ele>117</ele>
        <time>2023-10-08T14:43:58.000Z</time>
        <extensions>
          <ns3:TrackPointExtension>
            <ns3:hr>119</ns3:hr>
          </ns3:TrackPointExtension>
        </extensions>
      </trkpt>
      <trkpt lat="47.7800068818032741546630859375" lon="18.95171575248241424560546875">
        <ele>117</ele>
        <time>2023-10-08T14:44:08.000Z</time>
        <extensions>
          <ns3:TrackPointExtension>
            <ns3:hr>120</ns3:hr>
          </ns3:TrackPointExtension>
        </extensions>
      </trkpt>
      <trkpt lat="47.7800159342586994171142578125" lon="18.9517165906727313995361328125">
        <ele>117</ele>
        <time>2023-10-08T14:44:16.000Z</time>
        <extensions>
          <ns3:TrackPointExtension>
            <ns3:hr>121</ns3:hr>
          </ns3:TrackPointExtension>
        </extensions>
      </trkpt>
      <trkpt lat="47.7800162695348262786865234375" lon="18.9517189376056194305419921875">
        <ele>117</ele>
        <time>2023-10-08T14:44:17.000Z</time>
        <extensions>
          <ns3:TrackPointExtension>
            <ns3:hr>118</ns3:hr>
          </ns3:TrackPointExtension>
        </extensions>
      </trkpt>
      <trkpt lat="47.78001635335385799407958984375" lon="18.951719440519809722900390625">
        <ele>117</ele>
        <time>2023-10-08T14:44:18.000Z</time>
        <extensions>
          <ns3:TrackPointExtension>
            <ns3:hr>121</ns3:hr>
          </ns3:TrackPointExtension>
        </extensions>
      </trkpt>
      <trkpt lat="47.78001467697322368621826171875" lon="18.95172120071947574615478515625">
        <ele>117</ele>
        <time>2023-10-08T14:44:27.000Z</time>
        <extensions>
          <ns3:TrackPointExtension>
            <ns3:hr>118</ns3:hr>
          </ns3:TrackPointExtension>
        </extensions>
      </trkpt>
      <trkpt lat="47.78001467697322368621826171875" lon="18.95172120071947574615478515625">
        <ele>117</ele>
        <time>2023-10-08T14:44:29.000Z</time>
        <extensions>
          <ns3:TrackPointExtension>
            <ns3:hr>119</ns3:hr>
          </ns3:TrackPointExtension>
        </extensions>
      </trkpt>
      <trkpt lat="47.78001618571579456329345703125" lon="18.9517159201204776763916015625">
        <ele>117</ele>
        <time>2023-10-08T14:44:43.000Z</time>
        <extensions>
          <ns3:TrackPointExtension>
            <ns3:hr>122</ns3:hr>
          </ns3:TrackPointExtension>
        </extensions>
      </trkpt>
      <trkpt lat="47.78001886792480945587158203125" lon="18.9516963064670562744140625">
        <ele>117.1999969482421875</ele>
        <time>2023-10-08T14:44:58.000Z</time>
        <extensions>
          <ns3:TrackPointExtension>
            <ns3:hr>119</ns3:hr>
          </ns3:TrackPointExtension>
        </extensions>
      </trkpt>
      <trkpt lat="47.7800182811915874481201171875" lon="18.9516882598400115966796875">
        <ele>117.1999969482421875</ele>
        <time>2023-10-08T14:45:11.000Z</time>
        <extensions>
          <ns3:TrackPointExtension>
            <ns3:hr>116</ns3:hr>
          </ns3:TrackPointExtension>
        </extensions>
      </trkpt>
      <trkpt lat="47.78001534752547740936279296875" lon="18.95168566145002841949462890625">
        <ele>117.1999969482421875</ele>
        <time>2023-10-08T14:45:21.000Z</time>
        <extensions>
          <ns3:TrackPointExtension>
            <ns3:hr>119</ns3:hr>
          </ns3:TrackPointExtension>
        </extensions>
      </trkpt>
      <trkpt lat="47.7800144255161285400390625" lon="18.9516693167388439178466796875">
        <ele>117.1999969482421875</ele>
        <time>2023-10-08T14:45:45.000Z</time>
        <extensions>
          <ns3:TrackPointExtension>
            <ns3:hr>122</ns3:hr>
          </ns3:TrackPointExtension>
        </extensions>
      </trkpt>
      <trkpt lat="47.78002993203699588775634765625" lon="18.95168356597423553466796875">
        <ele>117.1999969482421875</ele>
        <time>2023-10-08T14:46:47.000Z</time>
        <extensions>
          <ns3:TrackPointExtension>
            <ns3:hr>119</ns3:hr>
          </ns3:TrackPointExtension>
        </extensions>
      </trkpt>
      <trkpt lat="47.7800256572663784027099609375" lon="18.95168113522231578826904296875">
        <ele>117.1999969482421875</ele>
        <time>2023-10-08T14:46:53.000Z</time>
        <extensions>
          <ns3:TrackPointExtension>
            <ns3:hr>116</ns3:hr>
          </ns3:TrackPointExtension>
        </extensions>
      </trkpt>
      <trkpt lat="47.78002289123833179473876953125" lon="18.95167459733784198760986328125">
        <ele>117.1999969482421875</ele>
        <time>2023-10-08T14:47:06.000Z</time>
        <extensions>
          <ns3:TrackPointExtension>
            <ns3:hr>113</ns3:hr>
          </ns3:TrackPointExtension>
        </extensions>
      </trkpt>
      <trkpt lat="47.78001987375319004058837890625" lon="18.951675854623317718505859375">
        <ele>117.1999969482421875</ele>
        <time>2023-10-08T14:47:44.000Z</time>
        <extensions>
          <ns3:TrackPointExtension>
            <ns3:hr>110</ns3:hr>
          </ns3:TrackPointExtension>
        </extensions>
      </trkpt>
      <trkpt lat="47.78001987375319004058837890625" lon="18.9516763575375080108642578125">
        <ele>117.1999969482421875</ele>
        <time>2023-10-08T14:47:53.000Z</time>
        <extensions>
          <ns3:TrackPointExtension>
            <ns3:hr>107</ns3:hr>
          </ns3:TrackPointExtension>
        </extensions>
      </trkpt>
      <trkpt lat="47.78002037666738033294677734375" lon="18.95167795009911060333251953125">
        <ele>117.1999969482421875</ele>
        <time>2023-10-08T14:48:22.000Z</time>
        <extensions>
          <ns3:TrackPointExtension>
            <ns3:hr>109</ns3:hr>
          </ns3:TrackPointExtension>
        </extensions>
      </trkpt>
    </trkseg>
  </trk>
</gpx>
