<?xml version="1.0" encoding="UTF-8"?>
<gpx creator="Garmin Connect" version="1.1"
  xsi:schemaLocation="http://www.topografix.com/GPX/1/1 http://www.topografix.com/GPX/11.xsd"
  xmlns:ns3="http://www.garmin.com/xmlschemas/TrackPointExtension/v1"
  xmlns="http://www.topografix.com/GPX/1/1"
  xmlns:xsi="http://www.w3.org/2001/XMLSchema-instance" xmlns:ns2="http://www.garmin.com/xmlschemas/GpxExtensions/v3">
  <metadata>
    <link href="connect.garmin.com">
      <text>Garmin Connect</text>
    </link>
    <time>2024-09-07T09:09:23.000Z</time>
  </metadata>
  <trk>
    <name>Pest Megyei Piros: Kosd - Rád</name>
    <type>hiking</type>
    <trkseg>
      <trkpt lat="47.81119133345782756805419921875" lon="19.18104571290314197540283203125">
        <ele>162</ele>
        <time>2024-09-07T09:09:23.000Z</time>
        <extensions>
          <ns3:TrackPointExtension>
            <ns3:hr>81</ns3:hr>
          </ns3:TrackPointExtension>
        </extensions>
      </trkpt>
      <trkpt lat="47.81119803898036479949951171875" lon="19.1810347326099872589111328125">
        <ele>162</ele>
        <time>2024-09-07T09:09:24.000Z</time>
        <extensions>
          <ns3:TrackPointExtension>
            <ns3:hr>81</ns3:hr>
          </ns3:TrackPointExtension>
        </extensions>
      </trkpt>
      <trkpt lat="47.81120340339839458465576171875" lon="19.18098486028611660003662109375">
        <ele>162</ele>
        <time>2024-09-07T09:09:31.000Z</time>
        <extensions>
          <ns3:TrackPointExtension>
            <ns3:hr>82</ns3:hr>
          </ns3:TrackPointExtension>
        </extensions>
      </trkpt>
      <trkpt lat="47.81119066290557384490966796875" lon="19.18097966350615024566650390625">
        <ele>162</ele>
        <time>2024-09-07T09:09:38.000Z</time>
        <extensions>
          <ns3:TrackPointExtension>
            <ns3:hr>84</ns3:hr>
          </ns3:TrackPointExtension>
        </extensions>
      </trkpt>
      <trkpt lat="47.811172306537628173828125" lon="19.18098821304738521575927734375">
        <ele>162</ele>
        <time>2024-09-07T09:09:42.000Z</time>
        <extensions>
          <ns3:TrackPointExtension>
            <ns3:hr>85</ns3:hr>
          </ns3:TrackPointExtension>
        </extensions>
      </trkpt>
      <trkpt lat="47.81117700040340423583984375" lon="19.18094932101666927337646484375">
        <ele>162</ele>
        <time>2024-09-07T09:09:48.000Z</time>
        <extensions>
          <ns3:TrackPointExtension>
            <ns3:hr>85</ns3:hr>
          </ns3:TrackPointExtension>
        </extensions>
      </trkpt>
      <trkpt lat="47.81118077225983142852783203125" lon="19.180934317409992218017578125">
        <ele>162</ele>
        <time>2024-09-07T09:09:58.000Z</time>
        <extensions>
          <ns3:TrackPointExtension>
            <ns3:hr>84</ns3:hr>
          </ns3:TrackPointExtension>
        </extensions>
      </trkpt>
      <trkpt lat="47.8111842088401317596435546875" lon="19.18092551641166210174560546875">
        <ele>162</ele>
        <time>2024-09-07T09:10:11.000Z</time>
        <extensions>
          <ns3:TrackPointExtension>
            <ns3:hr>87</ns3:hr>
          </ns3:TrackPointExtension>
        </extensions>
      </trkpt>
      <trkpt lat="47.81120524741709232330322265625" lon="19.18089584447443485260009765625">
        <ele>162</ele>
        <time>2024-09-07T09:10:51.000Z</time>
        <extensions>
          <ns3:TrackPointExtension>
            <ns3:hr>84</ns3:hr>
          </ns3:TrackPointExtension>
        </extensions>
      </trkpt>
      <trkpt lat="47.81121161766350269317626953125" lon="19.180862903594970703125">
        <ele>162</ele>
        <time>2024-09-07T09:11:32.000Z</time>
        <extensions>
          <ns3:TrackPointExtension>
            <ns3:hr>87</ns3:hr>
          </ns3:TrackPointExtension>
        </extensions>
      </trkpt>
      <trkpt lat="47.8112127073109149932861328125" lon="19.18085862882435321807861328125">
        <ele>162</ele>
        <time>2024-09-07T09:11:45.000Z</time>
        <extensions>
          <ns3:TrackPointExtension>
            <ns3:hr>90</ns3:hr>
          </ns3:TrackPointExtension>
        </extensions>
      </trkpt>
      <trkpt lat="47.81121262349188327789306640625" lon="19.1808463074266910552978515625">
        <ele>162</ele>
        <time>2024-09-07T09:11:53.000Z</time>
        <extensions>
          <ns3:TrackPointExtension>
            <ns3:hr>87</ns3:hr>
          </ns3:TrackPointExtension>
        </extensions>
      </trkpt>
      <trkpt lat="47.81121379695832729339599609375" lon="19.18084873817861080169677734375">
        <ele>162</ele>
        <time>2024-09-07T09:12:21.000Z</time>
        <extensions>
          <ns3:TrackPointExtension>
            <ns3:hr>84</ns3:hr>
          </ns3:TrackPointExtension>
        </extensions>
      </trkpt>
      <trkpt lat="47.8112133778631687164306640625" lon="19.18085125274956226348876953125">
        <ele>162</ele>
        <time>2024-09-07T09:12:24.000Z</time>
        <extensions>
          <ns3:TrackPointExtension>
            <ns3:hr>87</ns3:hr>
          </ns3:TrackPointExtension>
        </extensions>
      </trkpt>
      <trkpt lat="47.8112120367586612701416015625" lon="19.1808567009866237640380859375">
        <ele>162</ele>
        <time>2024-09-07T09:12:30.000Z</time>
        <extensions>
          <ns3:TrackPointExtension>
            <ns3:hr>84</ns3:hr>
          </ns3:TrackPointExtension>
        </extensions>
      </trkpt>
      <trkpt lat="47.81120591796934604644775390625" lon="19.1808556951582431793212890625">
        <ele>162</ele>
        <time>2024-09-07T09:12:38.000Z</time>
        <extensions>
          <ns3:TrackPointExtension>
            <ns3:hr>81</ns3:hr>
          </ns3:TrackPointExtension>
        </extensions>
      </trkpt>
      <trkpt lat="47.81119535677134990692138671875" lon="19.1808429546654224395751953125">
        <ele>162</ele>
        <time>2024-09-07T09:12:48.000Z</time>
        <extensions>
          <ns3:TrackPointExtension>
            <ns3:hr>80</ns3:hr>
          </ns3:TrackPointExtension>
        </extensions>
      </trkpt>
      <trkpt lat="47.81123424880206584930419921875" lon="19.18088427744805812835693359375">
        <ele>162.1999969482421875</ele>
        <time>2024-09-07T09:12:59.000Z</time>
        <extensions>
          <ns3:TrackPointExtension>
            <ns3:hr>81</ns3:hr>
          </ns3:TrackPointExtension>
        </extensions>
      </trkpt>
      <trkpt lat="47.8113179840147495269775390625" lon="19.1809720359742641448974609375">
        <ele>162.399993896484375</ele>
        <time>2024-09-07T09:13:07.000Z</time>
        <extensions>
          <ns3:TrackPointExtension>
            <ns3:hr>83</ns3:hr>
          </ns3:TrackPointExtension>
        </extensions>
      </trkpt>
      <trkpt lat="47.811338603496551513671875" lon="19.180992655456066131591796875">
        <ele>162.600006103515625</ele>
        <time>2024-09-07T09:13:11.000Z</time>
        <extensions>
          <ns3:TrackPointExtension>
            <ns3:hr>86</ns3:hr>
          </ns3:TrackPointExtension>
        </extensions>
      </trkpt>
      <trkpt lat="47.8113521821796894073486328125" lon="19.181007407605648040771484375">
        <ele>162.600006103515625</ele>
        <time>2024-09-07T09:13:13.000Z</time>
        <extensions>
          <ns3:TrackPointExtension>
            <ns3:hr>87</ns3:hr>
          </ns3:TrackPointExtension>
        </extensions>
      </trkpt>
      <trkpt lat="47.81140574254095554351806640625" lon="19.18105074204504489898681640625">
        <ele>162.8000030517578125</ele>
        <time>2024-09-07T09:13:19.000Z</time>
        <extensions>
          <ns3:TrackPointExtension>
            <ns3:hr>88</ns3:hr>
          </ns3:TrackPointExtension>
        </extensions>
      </trkpt>
      <trkpt lat="47.8115369193255901336669921875" lon="19.1811701841652393341064453125">
        <ele>163.399993896484375</ele>
        <time>2024-09-07T09:13:31.000Z</time>
        <extensions>
          <ns3:TrackPointExtension>
            <ns3:hr>87</ns3:hr>
          </ns3:TrackPointExtension>
        </extensions>
      </trkpt>
      <trkpt lat="47.81156918965280055999755859375" lon="19.1812102496623992919921875">
        <ele>163.600006103515625</ele>
        <time>2024-09-07T09:13:35.000Z</time>
        <extensions>
          <ns3:TrackPointExtension>
            <ns3:hr>84</ns3:hr>
          </ns3:TrackPointExtension>
        </extensions>
      </trkpt>
      <trkpt lat="47.811596430838108062744140625" lon="19.1812442801892757415771484375">
        <ele>163.8000030517578125</ele>
        <time>2024-09-07T09:13:38.000Z</time>
        <extensions>
          <ns3:TrackPointExtension>
            <ns3:hr>85</ns3:hr>
          </ns3:TrackPointExtension>
        </extensions>
      </trkpt>
      <trkpt lat="47.8116502426564693450927734375" lon="19.18141116388142108917236328125">
        <ele>164.1999969482421875</ele>
        <time>2024-09-07T09:13:49.000Z</time>
        <extensions>
          <ns3:TrackPointExtension>
            <ns3:hr>85</ns3:hr>
          </ns3:TrackPointExtension>
        </extensions>
      </trkpt>
      <trkpt lat="47.81167999841272830963134765625" lon="19.1814749501645565032958984375">
        <ele>164.399993896484375</ele>
        <time>2024-09-07T09:13:54.000Z</time>
        <extensions>
          <ns3:TrackPointExtension>
            <ns3:hr>88</ns3:hr>
          </ns3:TrackPointExtension>
        </extensions>
      </trkpt>
      <trkpt lat="47.81172928400337696075439453125" lon="19.1815616190433502197265625">
        <ele>164.8000030517578125</ele>
        <time>2024-09-07T09:14:00.000Z</time>
        <extensions>
          <ns3:TrackPointExtension>
            <ns3:hr>90</ns3:hr>
          </ns3:TrackPointExtension>
        </extensions>
      </trkpt>
      <trkpt lat="47.8117531724274158477783203125" lon="19.18161484412848949432373046875">
        <ele>165</ele>
        <time>2024-09-07T09:14:04.000Z</time>
        <extensions>
          <ns3:TrackPointExtension>
            <ns3:hr>87</ns3:hr>
          </ns3:TrackPointExtension>
        </extensions>
      </trkpt>
      <trkpt lat="47.81175895594060420989990234375" lon="19.18162356130778789520263671875">
        <ele>165</ele>
        <time>2024-09-07T09:14:05.000Z</time>
        <extensions>
          <ns3:TrackPointExtension>
            <ns3:hr>90</ns3:hr>
          </ns3:TrackPointExtension>
        </extensions>
      </trkpt>
      <trkpt lat="47.8117739595472812652587890625" lon="19.181669242680072784423828125">
        <ele>165</ele>
        <time>2024-09-07T09:14:08.000Z</time>
        <extensions>
          <ns3:TrackPointExtension>
            <ns3:hr>90</ns3:hr>
          </ns3:TrackPointExtension>
        </extensions>
      </trkpt>
      <trkpt lat="47.811800278723239898681640625" lon="19.18173084966838359832763671875">
        <ele>165.1999969482421875</ele>
        <time>2024-09-07T09:14:13.000Z</time>
        <extensions>
          <ns3:TrackPointExtension>
            <ns3:hr>93</ns3:hr>
          </ns3:TrackPointExtension>
        </extensions>
      </trkpt>
      <trkpt lat="47.81180706806480884552001953125" lon="19.1818105615675449371337890625">
        <ele>165.1999969482421875</ele>
        <time>2024-09-07T09:14:18.000Z</time>
        <extensions>
          <ns3:TrackPointExtension>
            <ns3:hr>93</ns3:hr>
          </ns3:TrackPointExtension>
        </extensions>
      </trkpt>
      <trkpt lat="47.81179256737232208251953125" lon="19.18195598758757114410400390625">
        <ele>165.399993896484375</ele>
        <time>2024-09-07T09:14:26.000Z</time>
        <extensions>
          <ns3:TrackPointExtension>
            <ns3:hr>91</ns3:hr>
          </ns3:TrackPointExtension>
        </extensions>
      </trkpt>
      <trkpt lat="47.81175996176898479461669921875" lon="19.18208590708673000335693359375">
        <ele>165.8000030517578125</ele>
        <time>2024-09-07T09:14:35.000Z</time>
        <extensions>
          <ns3:TrackPointExtension>
            <ns3:hr>93</ns3:hr>
          </ns3:TrackPointExtension>
        </extensions>
      </trkpt>
      <trkpt lat="47.81174386851489543914794921875" lon="19.18215237557888031005859375">
        <ele>166</ele>
        <time>2024-09-07T09:14:39.000Z</time>
        <extensions>
          <ns3:TrackPointExtension>
            <ns3:hr>96</ns3:hr>
          </ns3:TrackPointExtension>
        </extensions>
      </trkpt>
      <trkpt lat="47.811726517975330352783203125" lon="19.18222052045166492462158203125">
        <ele>165.8000030517578125</ele>
        <time>2024-09-07T09:14:44.000Z</time>
        <extensions>
          <ns3:TrackPointExtension>
            <ns3:hr>95</ns3:hr>
          </ns3:TrackPointExtension>
        </extensions>
      </trkpt>
      <trkpt lat="47.8117323853075504302978515625" lon="19.18239486403763294219970703125">
        <ele>165.8000030517578125</ele>
        <time>2024-09-07T09:14:55.000Z</time>
        <extensions>
          <ns3:TrackPointExtension>
            <ns3:hr>95</ns3:hr>
          </ns3:TrackPointExtension>
        </extensions>
      </trkpt>
      <trkpt lat="47.81177907250821590423583984375" lon="19.18254707939922809600830078125">
        <ele>166</ele>
        <time>2024-09-07T09:15:07.000Z</time>
        <extensions>
          <ns3:TrackPointExtension>
            <ns3:hr>96</ns3:hr>
          </ns3:TrackPointExtension>
        </extensions>
      </trkpt>
      <trkpt lat="47.811799943447113037109375" lon="19.1826266236603260040283203125">
        <ele>166</ele>
        <time>2024-09-07T09:15:14.000Z</time>
        <extensions>
          <ns3:TrackPointExtension>
            <ns3:hr>99</ns3:hr>
          </ns3:TrackPointExtension>
        </extensions>
      </trkpt>
      <trkpt lat="47.811829112470149993896484375" lon="19.18271220289170742034912109375">
        <ele>166</ele>
        <time>2024-09-07T09:15:22.000Z</time>
        <extensions>
          <ns3:TrackPointExtension>
            <ns3:hr>101</ns3:hr>
          </ns3:TrackPointExtension>
        </extensions>
      </trkpt>
      <trkpt lat="47.8118765540421009063720703125" lon="19.1828143782913684844970703125">
        <ele>166</ele>
        <time>2024-09-07T09:15:29.000Z</time>
        <extensions>
          <ns3:TrackPointExtension>
            <ns3:hr>101</ns3:hr>
          </ns3:TrackPointExtension>
        </extensions>
      </trkpt>
      <trkpt lat="47.81190999783575534820556640625" lon="19.182897694408893585205078125">
        <ele>166.1999969482421875</ele>
        <time>2024-09-07T09:15:36.000Z</time>
        <extensions>
          <ns3:TrackPointExtension>
            <ns3:hr>98</ns3:hr>
          </ns3:TrackPointExtension>
        </extensions>
      </trkpt>
      <trkpt lat="47.81192357651889324188232421875" lon="19.18292359448969364166259765625">
        <ele>166.1999969482421875</ele>
        <time>2024-09-07T09:15:38.000Z</time>
        <extensions>
          <ns3:TrackPointExtension>
            <ns3:hr>97</ns3:hr>
          </ns3:TrackPointExtension>
        </extensions>
      </trkpt>
      <trkpt lat="47.8119768016040325164794921875" lon="19.18302275240421295166015625">
        <ele>166.399993896484375</ele>
        <time>2024-09-07T09:15:46.000Z</time>
        <extensions>
          <ns3:TrackPointExtension>
            <ns3:hr>97</ns3:hr>
          </ns3:TrackPointExtension>
        </extensions>
      </trkpt>
      <trkpt lat="47.8120006062090396881103515625" lon="19.18306122533977031707763671875">
        <ele>166.399993896484375</ele>
        <time>2024-09-07T09:15:49.000Z</time>
        <extensions>
          <ns3:TrackPointExtension>
            <ns3:hr>94</ns3:hr>
          </ns3:TrackPointExtension>
        </extensions>
      </trkpt>
      <trkpt lat="47.81202902086079120635986328125" lon="19.1831097565591335296630859375">
        <ele>166.600006103515625</ele>
        <time>2024-09-07T09:15:53.000Z</time>
        <extensions>
          <ns3:TrackPointExtension>
            <ns3:hr>93</ns3:hr>
          </ns3:TrackPointExtension>
        </extensions>
      </trkpt>
      <trkpt lat="47.812078893184661865234375" lon="19.18320472352206707000732421875">
        <ele>166.8000030517578125</ele>
        <time>2024-09-07T09:16:00.000Z</time>
        <extensions>
          <ns3:TrackPointExtension>
            <ns3:hr>95</ns3:hr>
          </ns3:TrackPointExtension>
        </extensions>
      </trkpt>
      <trkpt lat="47.81213731504976749420166015625" lon="19.18334000743925571441650390625">
        <ele>167.399993896484375</ele>
        <time>2024-09-07T09:16:10.000Z</time>
        <extensions>
          <ns3:TrackPointExtension>
            <ns3:hr>96</ns3:hr>
          </ns3:TrackPointExtension>
        </extensions>
      </trkpt>
      <trkpt lat="47.812181152403354644775390625" lon="19.18350697495043277740478515625">
        <ele>168.399993896484375</ele>
        <time>2024-09-07T09:16:22.000Z</time>
        <extensions>
          <ns3:TrackPointExtension>
            <ns3:hr>96</ns3:hr>
          </ns3:TrackPointExtension>
        </extensions>
      </trkpt>
      <trkpt lat="47.81220101751387119293212890625" lon="19.18362222611904144287109375">
        <ele>168.8000030517578125</ele>
        <time>2024-09-07T09:16:30.000Z</time>
        <extensions>
          <ns3:TrackPointExtension>
            <ns3:hr>99</ns3:hr>
          </ns3:TrackPointExtension>
        </extensions>
      </trkpt>
      <trkpt lat="47.812218032777309417724609375" lon="19.18376077897846698760986328125">
        <ele>169.600006103515625</ele>
        <time>2024-09-07T09:16:40.000Z</time>
        <extensions>
          <ns3:TrackPointExtension>
            <ns3:hr>101</ns3:hr>
          </ns3:TrackPointExtension>
        </extensions>
      </trkpt>
      <trkpt lat="47.8122245706617832183837890625" lon="19.18380050919950008392333984375">
        <ele>170</ele>
        <time>2024-09-07T09:16:43.000Z</time>
        <extensions>
          <ns3:TrackPointExtension>
            <ns3:hr>100</ns3:hr>
          </ns3:TrackPointExtension>
        </extensions>
      </trkpt>
      <trkpt lat="47.81223152764141559600830078125" lon="19.18384711258113384246826171875">
        <ele>170</ele>
        <time>2024-09-07T09:16:47.000Z</time>
        <extensions>
          <ns3:TrackPointExtension>
            <ns3:hr>100</ns3:hr>
          </ns3:TrackPointExtension>
        </extensions>
      </trkpt>
      <trkpt lat="47.81225080601871013641357421875" lon="19.18392456136643886566162109375">
        <ele>170</ele>
        <time>2024-09-07T09:16:54.000Z</time>
        <extensions>
          <ns3:TrackPointExtension>
            <ns3:hr>97</ns3:hr>
          </ns3:TrackPointExtension>
        </extensions>
      </trkpt>
      <trkpt lat="47.8122523985803127288818359375" lon="19.18393562547862529754638671875">
        <ele>170</ele>
        <time>2024-09-07T09:16:55.000Z</time>
        <extensions>
          <ns3:TrackPointExtension>
            <ns3:hr>97</ns3:hr>
          </ns3:TrackPointExtension>
        </extensions>
      </trkpt>
      <trkpt lat="47.81227494589984416961669921875" lon="19.1839952208101749420166015625">
        <ele>170</ele>
        <time>2024-09-07T09:16:59.000Z</time>
        <extensions>
          <ns3:TrackPointExtension>
            <ns3:hr>101</ns3:hr>
          </ns3:TrackPointExtension>
        </extensions>
      </trkpt>
      <trkpt lat="47.81228081323206424713134765625" lon="19.1840133257210254669189453125">
        <ele>170</ele>
        <time>2024-09-07T09:17:00.000Z</time>
        <extensions>
          <ns3:TrackPointExtension>
            <ns3:hr>100</ns3:hr>
          </ns3:TrackPointExtension>
        </extensions>
      </trkpt>
      <trkpt lat="47.812282405793666839599609375" lon="19.1840391419827938079833984375">
        <ele>170.1999969482421875</ele>
        <time>2024-09-07T09:17:02.000Z</time>
        <extensions>
          <ns3:TrackPointExtension>
            <ns3:hr>100</ns3:hr>
          </ns3:TrackPointExtension>
        </extensions>
      </trkpt>
      <trkpt lat="47.81229405663907527923583984375" lon="19.18410929851233959197998046875">
        <ele>170.600006103515625</ele>
        <time>2024-09-07T09:17:08.000Z</time>
        <extensions>
          <ns3:TrackPointExtension>
            <ns3:hr>101</ns3:hr>
          </ns3:TrackPointExtension>
        </extensions>
      </trkpt>
      <trkpt lat="47.8123023547232151031494140625" lon="19.18420300818979740142822265625">
        <ele>171</ele>
        <time>2024-09-07T09:17:15.000Z</time>
        <extensions>
          <ns3:TrackPointExtension>
            <ns3:hr>102</ns3:hr>
          </ns3:TrackPointExtension>
        </extensions>
      </trkpt>
      <trkpt lat="47.81231232918798923492431640625" lon="19.18423921801149845123291015625">
        <ele>171.1999969482421875</ele>
        <time>2024-09-07T09:17:17.000Z</time>
        <extensions>
          <ns3:TrackPointExtension>
            <ns3:hr>102</ns3:hr>
          </ns3:TrackPointExtension>
        </extensions>
      </trkpt>
      <trkpt lat="47.81231886707246303558349609375" lon="19.18433963321149349212646484375">
        <ele>171.8000030517578125</ele>
        <time>2024-09-07T09:17:24.000Z</time>
        <extensions>
          <ns3:TrackPointExtension>
            <ns3:hr>103</ns3:hr>
          </ns3:TrackPointExtension>
        </extensions>
      </trkpt>
      <trkpt lat="47.81236396171152591705322265625" lon="19.18447650969028472900390625">
        <ele>172.1999969482421875</ele>
        <time>2024-09-07T09:17:33.000Z</time>
        <extensions>
          <ns3:TrackPointExtension>
            <ns3:hr>103</ns3:hr>
          </ns3:TrackPointExtension>
        </extensions>
      </trkpt>
      <trkpt lat="47.81237661838531494140625" lon="19.184521101415157318115234375">
        <ele>172.399993896484375</ele>
        <time>2024-09-07T09:17:36.000Z</time>
        <extensions>
          <ns3:TrackPointExtension>
            <ns3:hr>104</ns3:hr>
          </ns3:TrackPointExtension>
        </extensions>
      </trkpt>
      <trkpt lat="47.81239069998264312744140625" lon="19.184560663998126983642578125">
        <ele>172.600006103515625</ele>
        <time>2024-09-07T09:17:39.000Z</time>
        <extensions>
          <ns3:TrackPointExtension>
            <ns3:hr>103</ns3:hr>
          </ns3:TrackPointExtension>
        </extensions>
      </trkpt>
      <trkpt lat="47.81241576187312602996826171875" lon="19.1846863925457000732421875">
        <ele>173.399993896484375</ele>
        <time>2024-09-07T09:17:48.000Z</time>
        <extensions>
          <ns3:TrackPointExtension>
            <ns3:hr>104</ns3:hr>
          </ns3:TrackPointExtension>
        </extensions>
      </trkpt>
      <trkpt lat="47.81243554316461086273193359375" lon="19.1847764141857624053955078125">
        <ele>174.1999969482421875</ele>
        <time>2024-09-07T09:17:54.000Z</time>
        <extensions>
          <ns3:TrackPointExtension>
            <ns3:hr>107</ns3:hr>
          </ns3:TrackPointExtension>
        </extensions>
      </trkpt>
      <trkpt lat="47.8124465234577655792236328125" lon="19.184829890727996826171875">
        <ele>174.399993896484375</ele>
        <time>2024-09-07T09:17:58.000Z</time>
        <extensions>
          <ns3:TrackPointExtension>
            <ns3:hr>107</ns3:hr>
          </ns3:TrackPointExtension>
        </extensions>
      </trkpt>
      <trkpt lat="47.81247250735759735107421875" lon="19.184954278171062469482421875">
        <ele>175</ele>
        <time>2024-09-07T09:18:06.000Z</time>
        <extensions>
          <ns3:TrackPointExtension>
            <ns3:hr>108</ns3:hr>
          </ns3:TrackPointExtension>
        </extensions>
      </trkpt>
      <trkpt lat="47.812489606440067291259765625" lon="19.18509601615369319915771484375">
        <ele>175.399993896484375</ele>
        <time>2024-09-07T09:18:15.000Z</time>
        <extensions>
          <ns3:TrackPointExtension>
            <ns3:hr>109</ns3:hr>
          </ns3:TrackPointExtension>
        </extensions>
      </trkpt>
      <trkpt lat="47.812508381903171539306640625" lon="19.18521277606487274169921875">
        <ele>176</ele>
        <time>2024-09-07T09:18:23.000Z</time>
        <extensions>
          <ns3:TrackPointExtension>
            <ns3:hr>109</ns3:hr>
          </ns3:TrackPointExtension>
        </extensions>
      </trkpt>
      <trkpt lat="47.8125174343585968017578125" lon="19.18531796894967555999755859375">
        <ele>176.600006103515625</ele>
        <time>2024-09-07T09:18:31.000Z</time>
        <extensions>
          <ns3:TrackPointExtension>
            <ns3:hr>109</ns3:hr>
          </ns3:TrackPointExtension>
        </extensions>
      </trkpt>
      <trkpt lat="47.812524475157260894775390625" lon="19.1854025423526763916015625">
        <ele>177.1999969482421875</ele>
        <time>2024-09-07T09:18:37.000Z</time>
        <extensions>
          <ns3:TrackPointExtension>
            <ns3:hr>108</ns3:hr>
          </ns3:TrackPointExtension>
        </extensions>
      </trkpt>
      <trkpt lat="47.8125350363552570343017578125" lon="19.18548895977437496185302734375">
        <ele>177.399993896484375</ele>
        <time>2024-09-07T09:18:44.000Z</time>
        <extensions>
          <ns3:TrackPointExtension>
            <ns3:hr>107</ns3:hr>
          </ns3:TrackPointExtension>
        </extensions>
      </trkpt>
      <trkpt lat="47.8125494532287120819091796875" lon="19.18558367528021335601806640625">
        <ele>177.600006103515625</ele>
        <time>2024-09-07T09:18:50.000Z</time>
        <extensions>
          <ns3:TrackPointExtension>
            <ns3:hr>106</ns3:hr>
          </ns3:TrackPointExtension>
        </extensions>
      </trkpt>
      <trkpt lat="47.81256563030183315277099609375" lon="19.185689203441143035888671875">
        <ele>178</ele>
        <time>2024-09-07T09:18:57.000Z</time>
        <extensions>
          <ns3:TrackPointExtension>
            <ns3:hr>103</ns3:hr>
          </ns3:TrackPointExtension>
        </extensions>
      </trkpt>
      <trkpt lat="47.8125652112066745758056640625" lon="19.18569917790591716766357421875">
        <ele>178</ele>
        <time>2024-09-07T09:18:58.000Z</time>
        <extensions>
          <ns3:TrackPointExtension>
            <ns3:hr>102</ns3:hr>
          </ns3:TrackPointExtension>
        </extensions>
      </trkpt>
      <trkpt lat="47.8125772811472415924072265625" lon="19.18582163751125335693359375">
        <ele>178.399993896484375</ele>
        <time>2024-09-07T09:19:07.000Z</time>
        <extensions>
          <ns3:TrackPointExtension>
            <ns3:hr>102</ns3:hr>
          </ns3:TrackPointExtension>
        </extensions>
      </trkpt>
      <trkpt lat="47.8125927038490772247314453125" lon="19.18599271215498447418212890625">
        <ele>179</ele>
        <time>2024-09-07T09:19:18.000Z</time>
        <extensions>
          <ns3:TrackPointExtension>
            <ns3:hr>104</ns3:hr>
          </ns3:TrackPointExtension>
        </extensions>
      </trkpt>
      <trkpt lat="47.81257200054824352264404296875" lon="19.1860816441476345062255859375">
        <ele>179.399993896484375</ele>
        <time>2024-09-07T09:19:25.000Z</time>
        <extensions>
          <ns3:TrackPointExtension>
            <ns3:hr>107</ns3:hr>
          </ns3:TrackPointExtension>
        </extensions>
      </trkpt>
      <trkpt lat="47.812573425471782684326171875" lon="19.1860960610210895538330078125">
        <ele>179.600006103515625</ele>
        <time>2024-09-07T09:19:26.000Z</time>
        <extensions>
          <ns3:TrackPointExtension>
            <ns3:hr>107</ns3:hr>
          </ns3:TrackPointExtension>
        </extensions>
      </trkpt>
      <trkpt lat="47.81257501803338527679443359375" lon="19.186111986637115478515625">
        <ele>179.600006103515625</ele>
        <time>2024-09-07T09:19:27.000Z</time>
        <extensions>
          <ns3:TrackPointExtension>
            <ns3:hr>108</ns3:hr>
          </ns3:TrackPointExtension>
        </extensions>
      </trkpt>
      <trkpt lat="47.81257149763405323028564453125" lon="19.18622639961540699005126953125">
        <ele>180.399993896484375</ele>
        <time>2024-09-07T09:19:35.000Z</time>
        <extensions>
          <ns3:TrackPointExtension>
            <ns3:hr>110</ns3:hr>
          </ns3:TrackPointExtension>
        </extensions>
      </trkpt>
      <trkpt lat="47.8125430829823017120361328125" lon="19.18634424917399883270263671875">
        <ele>181.1999969482421875</ele>
        <time>2024-09-07T09:19:44.000Z</time>
        <extensions>
          <ns3:TrackPointExtension>
            <ns3:hr>110</ns3:hr>
          </ns3:TrackPointExtension>
        </extensions>
      </trkpt>
      <trkpt lat="47.81253193505108356475830078125" lon="19.18646981008350849151611328125">
        <ele>182.399993896484375</ele>
        <time>2024-09-07T09:19:55.000Z</time>
        <extensions>
          <ns3:TrackPointExtension>
            <ns3:hr>110</ns3:hr>
          </ns3:TrackPointExtension>
        </extensions>
      </trkpt>
      <trkpt lat="47.8125182725489139556884765625" lon="19.1865476779639720916748046875">
        <ele>183</ele>
        <time>2024-09-07T09:20:03.000Z</time>
        <extensions>
          <ns3:TrackPointExtension>
            <ns3:hr>111</ns3:hr>
          </ns3:TrackPointExtension>
        </extensions>
      </trkpt>
      <trkpt lat="47.81250796280801296234130859375" lon="19.1866170801222324371337890625">
        <ele>183.600006103515625</ele>
        <time>2024-09-07T09:20:10.000Z</time>
        <extensions>
          <ns3:TrackPointExtension>
            <ns3:hr>111</ns3:hr>
          </ns3:TrackPointExtension>
        </extensions>
      </trkpt>
      <trkpt lat="47.81247250735759735107421875" lon="19.18669679202139377593994140625">
        <ele>184.399993896484375</ele>
        <time>2024-09-07T09:20:17.000Z</time>
        <extensions>
          <ns3:TrackPointExtension>
            <ns3:hr>114</ns3:hr>
          </ns3:TrackPointExtension>
        </extensions>
      </trkpt>
      <trkpt lat="47.81244543381035327911376953125" lon="19.18675160966813564300537109375">
        <ele>184.600006103515625</ele>
        <time>2024-09-07T09:20:22.000Z</time>
        <extensions>
          <ns3:TrackPointExtension>
            <ns3:hr>116</ns3:hr>
          </ns3:TrackPointExtension>
        </extensions>
      </trkpt>
      <trkpt lat="47.81242431141436100006103515625" lon="19.18679527938365936279296875">
        <ele>184.1999969482421875</ele>
        <time>2024-09-07T09:20:26.000Z</time>
        <extensions>
          <ns3:TrackPointExtension>
            <ns3:hr>117</ns3:hr>
          </ns3:TrackPointExtension>
        </extensions>
      </trkpt>
      <trkpt lat="47.81238508410751819610595703125" lon="19.186908937990665435791015625">
        <ele>184.399993896484375</ele>
        <time>2024-09-07T09:20:37.000Z</time>
        <extensions>
          <ns3:TrackPointExtension>
            <ns3:hr>116</ns3:hr>
          </ns3:TrackPointExtension>
        </extensions>
      </trkpt>
      <trkpt lat="47.812355495989322662353515625" lon="19.1869778372347354888916015625">
        <ele>184.8000030517578125</ele>
        <time>2024-09-07T09:20:44.000Z</time>
        <extensions>
          <ns3:TrackPointExtension>
            <ns3:hr>114</ns3:hr>
          </ns3:TrackPointExtension>
        </extensions>
      </trkpt>
      <trkpt lat="47.8123130835592746734619140625" lon="19.18705419637262821197509765625">
        <ele>185</ele>
        <time>2024-09-07T09:20:53.000Z</time>
        <extensions>
          <ns3:TrackPointExtension>
            <ns3:hr>114</ns3:hr>
          </ns3:TrackPointExtension>
        </extensions>
      </trkpt>
      <trkpt lat="47.8122829087078571319580078125" lon="19.187148325145244598388671875">
        <ele>186</ele>
        <time>2024-09-07T09:21:01.000Z</time>
        <extensions>
          <ns3:TrackPointExtension>
            <ns3:hr>114</ns3:hr>
          </ns3:TrackPointExtension>
        </extensions>
      </trkpt>
      <trkpt lat="47.81224946491420269012451171875" lon="19.1872095130383968353271484375">
        <ele>186.399993896484375</ele>
        <time>2024-09-07T09:21:09.000Z</time>
        <extensions>
          <ns3:TrackPointExtension>
            <ns3:hr>115</ns3:hr>
          </ns3:TrackPointExtension>
        </extensions>
      </trkpt>
      <trkpt lat="47.81219397671520709991455078125" lon="19.18730012141168117523193359375">
        <ele>187</ele>
        <time>2024-09-07T09:21:20.000Z</time>
        <extensions>
          <ns3:TrackPointExtension>
            <ns3:hr>115</ns3:hr>
          </ns3:TrackPointExtension>
        </extensions>
      </trkpt>
      <trkpt lat="47.81216313131153583526611328125" lon="19.1873543523252010345458984375">
        <ele>187.399993896484375</ele>
        <time>2024-09-07T09:21:27.000Z</time>
        <extensions>
          <ns3:TrackPointExtension>
            <ns3:hr>114</ns3:hr>
          </ns3:TrackPointExtension>
        </extensions>
      </trkpt>
      <trkpt lat="47.81210646964609622955322265625" lon="19.18746449053287506103515625">
        <ele>188.600006103515625</ele>
        <time>2024-09-07T09:21:38.000Z</time>
        <extensions>
          <ns3:TrackPointExtension>
            <ns3:hr>112</ns3:hr>
          </ns3:TrackPointExtension>
        </extensions>
      </trkpt>
      <trkpt lat="47.81206288374960422515869140625" lon="19.187528192996978759765625">
        <ele>189.1999969482421875</ele>
        <time>2024-09-07T09:21:46.000Z</time>
        <extensions>
          <ns3:TrackPointExtension>
            <ns3:hr>113</ns3:hr>
          </ns3:TrackPointExtension>
        </extensions>
      </trkpt>
      <trkpt lat="47.81201192177832126617431640625" lon="19.18757152743637561798095703125">
        <ele>189.1999969482421875</ele>
        <time>2024-09-07T09:21:54.000Z</time>
        <extensions>
          <ns3:TrackPointExtension>
            <ns3:hr>113</ns3:hr>
          </ns3:TrackPointExtension>
        </extensions>
      </trkpt>
      <trkpt lat="47.81198141165077686309814453125" lon="19.187619052827358245849609375">
        <ele>190</ele>
        <time>2024-09-07T09:22:01.000Z</time>
        <extensions>
          <ns3:TrackPointExtension>
            <ns3:hr>113</ns3:hr>
          </ns3:TrackPointExtension>
        </extensions>
      </trkpt>
      <trkpt lat="47.8119573555886745452880859375" lon="19.18767948634922504425048828125">
        <ele>190.600006103515625</ele>
        <time>2024-09-07T09:22:08.000Z</time>
        <extensions>
          <ns3:TrackPointExtension>
            <ns3:hr>112</ns3:hr>
          </ns3:TrackPointExtension>
        </extensions>
      </trkpt>
      <trkpt lat="47.81191385351121425628662109375" lon="19.18770580552518367767333984375">
        <ele>190.8000030517578125</ele>
        <time>2024-09-07T09:22:14.000Z</time>
        <extensions>
          <ns3:TrackPointExtension>
            <ns3:hr>115</ns3:hr>
          </ns3:TrackPointExtension>
        </extensions>
      </trkpt>
      <trkpt lat="47.8119097463786602020263671875" lon="19.18770479969680309295654296875">
        <ele>190.8000030517578125</ele>
        <time>2024-09-07T09:22:16.000Z</time>
        <extensions>
          <ns3:TrackPointExtension>
            <ns3:hr>115</ns3:hr>
          </ns3:TrackPointExtension>
        </extensions>
      </trkpt>
      <trkpt lat="47.81189180910587310791015625" lon="19.1877352260053157806396484375">
        <ele>191.1999969482421875</ele>
        <time>2024-09-07T09:22:23.000Z</time>
        <extensions>
          <ns3:TrackPointExtension>
            <ns3:hr>115</ns3:hr>
          </ns3:TrackPointExtension>
        </extensions>
      </trkpt>
      <trkpt lat="47.8118866123259067535400390625" lon="19.187745787203311920166015625">
        <ele>191.399993896484375</ele>
        <time>2024-09-07T09:22:29.000Z</time>
        <extensions>
          <ns3:TrackPointExtension>
            <ns3:hr>115</ns3:hr>
          </ns3:TrackPointExtension>
        </extensions>
      </trkpt>
      <trkpt lat="47.81188049353659152984619140625" lon="19.1877333819866180419921875">
        <ele>191.1999969482421875</ele>
        <time>2024-09-07T09:22:56.000Z</time>
        <extensions>
          <ns3:TrackPointExtension>
            <ns3:hr>118</ns3:hr>
          </ns3:TrackPointExtension>
        </extensions>
      </trkpt>
      <trkpt lat="47.811878062784671783447265625" lon="19.1877333819866180419921875">
        <ele>191.1999969482421875</ele>
        <time>2024-09-07T09:23:06.000Z</time>
        <extensions>
          <ns3:TrackPointExtension>
            <ns3:hr>115</ns3:hr>
          </ns3:TrackPointExtension>
        </extensions>
      </trkpt>
      <trkpt lat="47.8118768893182277679443359375" lon="19.1877333819866180419921875">
        <ele>191.1999969482421875</ele>
        <time>2024-09-07T09:23:08.000Z</time>
        <extensions>
          <ns3:TrackPointExtension>
            <ns3:hr>112</ns3:hr>
          </ns3:TrackPointExtension>
        </extensions>
      </trkpt>
      <trkpt lat="47.8118651546537876129150390625" lon="19.18774805031716823577880859375">
        <ele>191.399993896484375</ele>
        <time>2024-09-07T09:23:14.000Z</time>
        <extensions>
          <ns3:TrackPointExtension>
            <ns3:hr>109</ns3:hr>
          </ns3:TrackPointExtension>
        </extensions>
      </trkpt>
      <trkpt lat="47.81182064674794673919677734375" lon="19.18780588544905185699462890625">
        <ele>192</ele>
        <time>2024-09-07T09:23:20.000Z</time>
        <extensions>
          <ns3:TrackPointExtension>
            <ns3:hr>109</ns3:hr>
          </ns3:TrackPointExtension>
        </extensions>
      </trkpt>
      <trkpt lat="47.81177253462374210357666015625" lon="19.18782751075923442840576171875">
        <ele>191.600006103515625</ele>
        <time>2024-09-07T09:23:27.000Z</time>
        <extensions>
          <ns3:TrackPointExtension>
            <ns3:hr>110</ns3:hr>
          </ns3:TrackPointExtension>
        </extensions>
      </trkpt>
      <trkpt lat="47.81176784075796604156494140625" lon="19.18782315216958522796630859375">
        <ele>191.600006103515625</ele>
        <time>2024-09-07T09:23:35.000Z</time>
        <extensions>
          <ns3:TrackPointExtension>
            <ns3:hr>111</ns3:hr>
          </ns3:TrackPointExtension>
        </extensions>
      </trkpt>
      <trkpt lat="47.81176415272057056427001953125" lon="19.187818877398967742919921875">
        <ele>191.399993896484375</ele>
        <time>2024-09-07T09:23:43.000Z</time>
        <extensions>
          <ns3:TrackPointExtension>
            <ns3:hr>107</ns3:hr>
          </ns3:TrackPointExtension>
        </extensions>
      </trkpt>
      <trkpt lat="47.81176415272057056427001953125" lon="19.187818877398967742919921875">
        <ele>191.399993896484375</ele>
        <time>2024-09-07T09:23:47.000Z</time>
        <extensions>
          <ns3:TrackPointExtension>
            <ns3:hr>106</ns3:hr>
          </ns3:TrackPointExtension>
        </extensions>
      </trkpt>
      <trkpt lat="47.81176415272057056427001953125" lon="19.187818877398967742919921875">
        <ele>191.399993896484375</ele>
        <time>2024-09-07T09:23:51.000Z</time>
        <extensions>
          <ns3:TrackPointExtension>
            <ns3:hr>109</ns3:hr>
          </ns3:TrackPointExtension>
        </extensions>
      </trkpt>
      <trkpt lat="47.81176415272057056427001953125" lon="19.187818877398967742919921875">
        <ele>191.399993896484375</ele>
        <time>2024-09-07T09:23:53.000Z</time>
        <extensions>
          <ns3:TrackPointExtension>
            <ns3:hr>112</ns3:hr>
          </ns3:TrackPointExtension>
        </extensions>
      </trkpt>
      <trkpt lat="47.81176415272057056427001953125" lon="19.1878197155892848968505859375">
        <ele>191.600006103515625</ele>
        <time>2024-09-07T09:23:55.000Z</time>
        <extensions>
          <ns3:TrackPointExtension>
            <ns3:hr>115</ns3:hr>
          </ns3:TrackPointExtension>
        </extensions>
      </trkpt>
      <trkpt lat="47.8117655776441097259521484375" lon="19.1878217272460460662841796875">
        <ele>191.600006103515625</ele>
        <time>2024-09-07T09:24:01.000Z</time>
        <extensions>
          <ns3:TrackPointExtension>
            <ns3:hr>118</ns3:hr>
          </ns3:TrackPointExtension>
        </extensions>
      </trkpt>
      <trkpt lat="47.8117387555539608001708984375" lon="19.18790328316390514373779296875">
        <ele>192.1999969482421875</ele>
        <time>2024-09-07T09:24:20.000Z</time>
        <extensions>
          <ns3:TrackPointExtension>
            <ns3:hr>116</ns3:hr>
          </ns3:TrackPointExtension>
        </extensions>
      </trkpt>
      <trkpt lat="47.81166675500571727752685546875" lon="19.1880242340266704559326171875">
        <ele>192.8000030517578125</ele>
        <time>2024-09-07T09:24:29.000Z</time>
        <extensions>
          <ns3:TrackPointExtension>
            <ns3:hr>115</ns3:hr>
          </ns3:TrackPointExtension>
        </extensions>
      </trkpt>
      <trkpt lat="47.81158528290688991546630859375" lon="19.18813965283334255218505859375">
        <ele>193.399993896484375</ele>
        <time>2024-09-07T09:24:39.000Z</time>
        <extensions>
          <ns3:TrackPointExtension>
            <ns3:hr>115</ns3:hr>
          </ns3:TrackPointExtension>
        </extensions>
      </trkpt>
      <trkpt lat="47.81152627430856227874755859375" lon="19.18824342079460620880126953125">
        <ele>193.600006103515625</ele>
        <time>2024-09-07T09:24:47.000Z</time>
        <extensions>
          <ns3:TrackPointExtension>
            <ns3:hr>114</ns3:hr>
          </ns3:TrackPointExtension>
        </extensions>
      </trkpt>
      <trkpt lat="47.8114410303533077239990234375" lon="19.18832958675920963287353515625">
        <ele>193.600006103515625</ele>
        <time>2024-09-07T09:24:56.000Z</time>
        <extensions>
          <ns3:TrackPointExtension>
            <ns3:hr>113</ns3:hr>
          </ns3:TrackPointExtension>
        </extensions>
      </trkpt>
      <trkpt lat="47.811424434185028076171875" lon="19.18834785930812358856201171875">
        <ele>193.8000030517578125</ele>
        <time>2024-09-07T09:24:58.000Z</time>
        <extensions>
          <ns3:TrackPointExtension>
            <ns3:hr>112</ns3:hr>
          </ns3:TrackPointExtension>
        </extensions>
      </trkpt>
      <trkpt lat="47.8113962709903717041015625" lon="19.188385494053363800048828125">
        <ele>194</ele>
        <time>2024-09-07T09:25:03.000Z</time>
        <extensions>
          <ns3:TrackPointExtension>
            <ns3:hr>110</ns3:hr>
          </ns3:TrackPointExtension>
        </extensions>
      </trkpt>
      <trkpt lat="47.8113726340234279632568359375" lon="19.1884376294910907745361328125">
        <ele>194.1999969482421875</ele>
        <time>2024-09-07T09:25:11.000Z</time>
        <extensions>
          <ns3:TrackPointExtension>
            <ns3:hr>112</ns3:hr>
          </ns3:TrackPointExtension>
        </extensions>
      </trkpt>
      <trkpt lat="47.8112968616187572479248046875" lon="19.1885372065007686614990234375">
        <ele>194.1999969482421875</ele>
        <time>2024-09-07T09:25:18.000Z</time>
        <extensions>
          <ns3:TrackPointExtension>
            <ns3:hr>112</ns3:hr>
          </ns3:TrackPointExtension>
        </extensions>
      </trkpt>
      <trkpt lat="47.811212874948978424072265625" lon="19.188669808208942413330078125">
        <ele>194.8000030517578125</ele>
        <time>2024-09-07T09:25:27.000Z</time>
        <extensions>
          <ns3:TrackPointExtension>
            <ns3:hr>113</ns3:hr>
          </ns3:TrackPointExtension>
        </extensions>
      </trkpt>
      <trkpt lat="47.8111285530030727386474609375" lon="19.18876267969608306884765625">
        <ele>195.399993896484375</ele>
        <time>2024-09-07T09:25:35.000Z</time>
        <extensions>
          <ns3:TrackPointExtension>
            <ns3:hr>113</ns3:hr>
          </ns3:TrackPointExtension>
        </extensions>
      </trkpt>
      <trkpt lat="47.811106927692890167236328125" lon="19.188783802092075347900390625">
        <ele>195.1999969482421875</ele>
        <time>2024-09-07T09:25:37.000Z</time>
        <extensions>
          <ns3:TrackPointExtension>
            <ns3:hr>113</ns3:hr>
          </ns3:TrackPointExtension>
        </extensions>
      </trkpt>
      <trkpt lat="47.81106728129088878631591796875" lon="19.1888429783284664154052734375">
        <ele>195.399993896484375</ele>
        <time>2024-09-07T09:25:41.000Z</time>
        <extensions>
          <ns3:TrackPointExtension>
            <ns3:hr>113</ns3:hr>
          </ns3:TrackPointExtension>
        </extensions>
      </trkpt>
      <trkpt lat="47.8110004775226116180419921875" lon="19.1889455728232860565185546875">
        <ele>196</ele>
        <time>2024-09-07T09:25:49.000Z</time>
        <extensions>
          <ns3:TrackPointExtension>
            <ns3:hr>113</ns3:hr>
          </ns3:TrackPointExtension>
        </extensions>
      </trkpt>
      <trkpt lat="47.81096778810024261474609375" lon="19.18899393640458583831787109375">
        <ele>195.8000030517578125</ele>
        <time>2024-09-07T09:25:53.000Z</time>
        <extensions>
          <ns3:TrackPointExtension>
            <ns3:hr>116</ns3:hr>
          </ns3:TrackPointExtension>
        </extensions>
      </trkpt>
      <trkpt lat="47.81093870289623737335205078125" lon="19.18902821838855743408203125">
        <ele>195.8000030517578125</ele>
        <time>2024-09-07T09:25:55.000Z</time>
        <extensions>
          <ns3:TrackPointExtension>
            <ns3:hr>120</ns3:hr>
          </ns3:TrackPointExtension>
        </extensions>
      </trkpt>
      <trkpt lat="47.8109019063413143157958984375" lon="19.189076162874698638916015625">
        <ele>195.8000030517578125</ele>
        <time>2024-09-07T09:25:58.000Z</time>
        <extensions>
          <ns3:TrackPointExtension>
            <ns3:hr>123</ns3:hr>
          </ns3:TrackPointExtension>
        </extensions>
      </trkpt>
      <trkpt lat="47.8108861483633518218994140625" lon="19.1891085170209407806396484375">
        <ele>196</ele>
        <time>2024-09-07T09:26:00.000Z</time>
        <extensions>
          <ns3:TrackPointExtension>
            <ns3:hr>123</ns3:hr>
          </ns3:TrackPointExtension>
        </extensions>
      </trkpt>
      <trkpt lat="47.81079302541911602020263671875" lon="19.1892516799271106719970703125">
        <ele>196.8000030517578125</ele>
        <time>2024-09-07T09:26:11.000Z</time>
        <extensions>
          <ns3:TrackPointExtension>
            <ns3:hr>123</ns3:hr>
          </ns3:TrackPointExtension>
        </extensions>
      </trkpt>
      <trkpt lat="47.810768298804759979248046875" lon="19.189311526715755462646484375">
        <ele>196.600006103515625</ele>
        <time>2024-09-07T09:26:16.000Z</time>
        <extensions>
          <ns3:TrackPointExtension>
            <ns3:hr>125</ns3:hr>
          </ns3:TrackPointExtension>
        </extensions>
      </trkpt>
      <trkpt lat="47.810745500028133392333984375" lon="19.18933642096817493438720703125">
        <ele>196.399993896484375</ele>
        <time>2024-09-07T09:26:18.000Z</time>
        <extensions>
          <ns3:TrackPointExtension>
            <ns3:hr>125</ns3:hr>
          </ns3:TrackPointExtension>
        </extensions>
      </trkpt>
      <trkpt lat="47.81068758107721805572509765625" lon="19.1894297115504741668701171875">
        <ele>196.1999969482421875</ele>
        <time>2024-09-07T09:26:26.000Z</time>
        <extensions>
          <ns3:TrackPointExtension>
            <ns3:hr>125</ns3:hr>
          </ns3:TrackPointExtension>
        </extensions>
      </trkpt>
      <trkpt lat="47.81063913367688655853271484375" lon="19.18948411010205745697021484375">
        <ele>196.399993896484375</ele>
        <time>2024-09-07T09:26:32.000Z</time>
        <extensions>
          <ns3:TrackPointExtension>
            <ns3:hr>124</ns3:hr>
          </ns3:TrackPointExtension>
        </extensions>
      </trkpt>
      <trkpt lat="47.810557745397090911865234375" lon="19.1895966790616512298583984375">
        <ele>197.600006103515625</ele>
        <time>2024-09-07T09:26:42.000Z</time>
        <extensions>
          <ns3:TrackPointExtension>
            <ns3:hr>123</ns3:hr>
          </ns3:TrackPointExtension>
        </extensions>
      </trkpt>
      <trkpt lat="47.8104999102652072906494140625" lon="19.18970790691673755645751953125">
        <ele>198.600006103515625</ele>
        <time>2024-09-07T09:26:52.000Z</time>
        <extensions>
          <ns3:TrackPointExtension>
            <ns3:hr>123</ns3:hr>
          </ns3:TrackPointExtension>
        </extensions>
      </trkpt>
      <trkpt lat="47.8104623593389987945556640625" lon="19.18978401459753513336181640625">
        <ele>199</ele>
        <time>2024-09-07T09:27:00.000Z</time>
        <extensions>
          <ns3:TrackPointExtension>
            <ns3:hr>122</ns3:hr>
          </ns3:TrackPointExtension>
        </extensions>
      </trkpt>
      <trkpt lat="47.8104281611740589141845703125" lon="19.189878813922405242919921875">
        <ele>199.8000030517578125</ele>
        <time>2024-09-07T09:27:08.000Z</time>
        <extensions>
          <ns3:TrackPointExtension>
            <ns3:hr>121</ns3:hr>
          </ns3:TrackPointExtension>
        </extensions>
      </trkpt>
      <trkpt lat="47.81040318310260772705078125" lon="19.1899453662335872650146484375">
        <ele>200.1999969482421875</ele>
        <time>2024-09-07T09:27:15.000Z</time>
        <extensions>
          <ns3:TrackPointExtension>
            <ns3:hr>119</ns3:hr>
          </ns3:TrackPointExtension>
        </extensions>
      </trkpt>
      <trkpt lat="47.8103684820234775543212890625" lon="19.1900213062763214111328125">
        <ele>200.399993896484375</ele>
        <time>2024-09-07T09:27:22.000Z</time>
        <extensions>
          <ns3:TrackPointExtension>
            <ns3:hr>119</ns3:hr>
          </ns3:TrackPointExtension>
        </extensions>
      </trkpt>
      <trkpt lat="47.81033269129693508148193359375" lon="19.19009598903357982635498046875">
        <ele>200.600006103515625</ele>
        <time>2024-09-07T09:27:30.000Z</time>
        <extensions>
          <ns3:TrackPointExtension>
            <ns3:hr>120</ns3:hr>
          </ns3:TrackPointExtension>
        </extensions>
      </trkpt>
      <trkpt lat="47.8103077970445156097412109375" lon="19.19017360545694828033447265625">
        <ele>201</ele>
        <time>2024-09-07T09:27:39.000Z</time>
        <extensions>
          <ns3:TrackPointExtension>
            <ns3:hr>119</ns3:hr>
          </ns3:TrackPointExtension>
        </extensions>
      </trkpt>
      <trkpt lat="47.81027309596538543701171875" lon="19.19025038368999958038330078125">
        <ele>201</ele>
        <time>2024-09-07T09:27:47.000Z</time>
        <extensions>
          <ns3:TrackPointExtension>
            <ns3:hr>119</ns3:hr>
          </ns3:TrackPointExtension>
        </extensions>
      </trkpt>
      <trkpt lat="47.8102638758718967437744140625" lon="19.19030771590769290924072265625">
        <ele>201</ele>
        <time>2024-09-07T09:27:54.000Z</time>
        <extensions>
          <ns3:TrackPointExtension>
            <ns3:hr>116</ns3:hr>
          </ns3:TrackPointExtension>
        </extensions>
      </trkpt>
      <trkpt lat="47.8102454356849193572998046875" lon="19.1903825663030147552490234375">
        <ele>201.1999969482421875</ele>
        <time>2024-09-07T09:28:00.000Z</time>
        <extensions>
          <ns3:TrackPointExtension>
            <ns3:hr>116</ns3:hr>
          </ns3:TrackPointExtension>
        </extensions>
      </trkpt>
      <trkpt lat="47.8102048672735691070556640625" lon="19.19048155657947063446044921875">
        <ele>201.600006103515625</ele>
        <time>2024-09-07T09:28:07.000Z</time>
        <extensions>
          <ns3:TrackPointExtension>
            <ns3:hr>119</ns3:hr>
          </ns3:TrackPointExtension>
        </extensions>
      </trkpt>
      <trkpt lat="47.81018785201013088226318359375" lon="19.1905324347317218780517578125">
        <ele>201.8000030517578125</ele>
        <time>2024-09-07T09:28:10.000Z</time>
        <extensions>
          <ns3:TrackPointExtension>
            <ns3:hr>120</ns3:hr>
          </ns3:TrackPointExtension>
        </extensions>
      </trkpt>
      <trkpt lat="47.81017326749861240386962890625" lon="19.19056839309632778167724609375">
        <ele>202</ele>
        <time>2024-09-07T09:28:13.000Z</time>
        <extensions>
          <ns3:TrackPointExtension>
            <ns3:hr>120</ns3:hr>
          </ns3:TrackPointExtension>
        </extensions>
      </trkpt>
      <trkpt lat="47.81014862470328807830810546875" lon="19.190604351460933685302734375">
        <ele>202.1999969482421875</ele>
        <time>2024-09-07T09:28:17.000Z</time>
        <extensions>
          <ns3:TrackPointExtension>
            <ns3:hr>120</ns3:hr>
          </ns3:TrackPointExtension>
        </extensions>
      </trkpt>
      <trkpt lat="47.81009607017040252685546875" lon="19.19076637364923954010009765625">
        <ele>203</ele>
        <time>2024-09-07T09:28:29.000Z</time>
        <extensions>
          <ns3:TrackPointExtension>
            <ns3:hr>119</ns3:hr>
          </ns3:TrackPointExtension>
        </extensions>
      </trkpt>
      <trkpt lat="47.8100818209350109100341796875" lon="19.19084633700549602508544921875">
        <ele>203.399993896484375</ele>
        <time>2024-09-07T09:28:36.000Z</time>
        <extensions>
          <ns3:TrackPointExtension>
            <ns3:hr>121</ns3:hr>
          </ns3:TrackPointExtension>
        </extensions>
      </trkpt>
      <trkpt lat="47.8100560046732425689697265625" lon="19.19093853794038295745849609375">
        <ele>203.8000030517578125</ele>
        <time>2024-09-07T09:28:43.000Z</time>
        <extensions>
          <ns3:TrackPointExtension>
            <ns3:hr>118</ns3:hr>
          </ns3:TrackPointExtension>
        </extensions>
      </trkpt>
      <trkpt lat="47.81005424447357654571533203125" lon="19.1909505240619182586669921875">
        <ele>203.8000030517578125</ele>
        <time>2024-09-07T09:28:44.000Z</time>
        <extensions>
          <ns3:TrackPointExtension>
            <ns3:hr>117</ns3:hr>
          </ns3:TrackPointExtension>
        </extensions>
      </trkpt>
      <trkpt lat="47.81004242599010467529296875" lon="19.19100374914705753326416015625">
        <ele>204</ele>
        <time>2024-09-07T09:28:48.000Z</time>
        <extensions>
          <ns3:TrackPointExtension>
            <ns3:hr>115</ns3:hr>
          </ns3:TrackPointExtension>
        </extensions>
      </trkpt>
      <trkpt lat="47.810030691325664520263671875" lon="19.19105504639446735382080078125">
        <ele>204.399993896484375</ele>
        <time>2024-09-07T09:28:52.000Z</time>
        <extensions>
          <ns3:TrackPointExtension>
            <ns3:hr>113</ns3:hr>
          </ns3:TrackPointExtension>
        </extensions>
      </trkpt>
      <trkpt lat="47.80999992974102497100830078125" lon="19.19114272110164165496826171875">
        <ele>204.8000030517578125</ele>
        <time>2024-09-07T09:28:59.000Z</time>
        <extensions>
          <ns3:TrackPointExtension>
            <ns3:hr>110</ns3:hr>
          </ns3:TrackPointExtension>
        </extensions>
      </trkpt>
      <trkpt lat="47.80998517759144306182861328125" lon="19.19117172248661518096923828125">
        <ele>204.8000030517578125</ele>
        <time>2024-09-07T09:29:01.000Z</time>
        <extensions>
          <ns3:TrackPointExtension>
            <ns3:hr>110</ns3:hr>
          </ns3:TrackPointExtension>
        </extensions>
      </trkpt>
      <trkpt lat="47.8099775500595569610595703125" lon="19.19120944105088710784912109375">
        <ele>205</ele>
        <time>2024-09-07T09:29:04.000Z</time>
        <extensions>
          <ns3:TrackPointExtension>
            <ns3:hr>109</ns3:hr>
          </ns3:TrackPointExtension>
        </extensions>
      </trkpt>
      <trkpt lat="47.80996355228126049041748046875" lon="19.19124313630163669586181640625">
        <ele>205</ele>
        <time>2024-09-07T09:29:07.000Z</time>
        <extensions>
          <ns3:TrackPointExtension>
            <ns3:hr>108</ns3:hr>
          </ns3:TrackPointExtension>
        </extensions>
      </trkpt>
      <trkpt lat="47.8099275939166545867919921875" lon="19.19136065058410167694091796875">
        <ele>205</ele>
        <time>2024-09-07T09:29:15.000Z</time>
        <extensions>
          <ns3:TrackPointExtension>
            <ns3:hr>106</ns3:hr>
          </ns3:TrackPointExtension>
        </extensions>
      </trkpt>
      <trkpt lat="47.80989247374236583709716796875" lon="19.19143038801848888397216796875">
        <ele>205</ele>
        <time>2024-09-07T09:29:21.000Z</time>
        <extensions>
          <ns3:TrackPointExtension>
            <ns3:hr>109</ns3:hr>
          </ns3:TrackPointExtension>
        </extensions>
      </trkpt>
      <trkpt lat="47.809872440993785858154296875" lon="19.19144782237708568572998046875">
        <ele>205</ele>
        <time>2024-09-07T09:29:24.000Z</time>
        <extensions>
          <ns3:TrackPointExtension>
            <ns3:hr>110</ns3:hr>
          </ns3:TrackPointExtension>
        </extensions>
      </trkpt>
      <trkpt lat="47.80982893891632556915283203125" lon="19.1915369220077991485595703125">
        <ele>205</ele>
        <time>2024-09-07T09:29:34.000Z</time>
        <extensions>
          <ns3:TrackPointExtension>
            <ns3:hr>108</ns3:hr>
          </ns3:TrackPointExtension>
        </extensions>
      </trkpt>
      <trkpt lat="47.8098260052502155303955078125" lon="19.1915513388812541961669921875">
        <ele>205</ele>
        <time>2024-09-07T09:29:35.000Z</time>
        <extensions>
          <ns3:TrackPointExtension>
            <ns3:hr>108</ns3:hr>
          </ns3:TrackPointExtension>
        </extensions>
      </trkpt>
      <trkpt lat="47.80979692004621028900146484375" lon="19.19162082485854625701904296875">
        <ele>205</ele>
        <time>2024-09-07T09:29:41.000Z</time>
        <extensions>
          <ns3:TrackPointExtension>
            <ns3:hr>109</ns3:hr>
          </ns3:TrackPointExtension>
        </extensions>
      </trkpt>
      <trkpt lat="47.8097780607640743255615234375" lon="19.191644378006458282470703125">
        <ele>205.1999969482421875</ele>
        <time>2024-09-07T09:29:44.000Z</time>
        <extensions>
          <ns3:TrackPointExtension>
            <ns3:hr>108</ns3:hr>
          </ns3:TrackPointExtension>
        </extensions>
      </trkpt>
      <trkpt lat="47.80974805355072021484375" lon="19.19168821536004543304443359375">
        <ele>205.1999969482421875</ele>
        <time>2024-09-07T09:29:49.000Z</time>
        <extensions>
          <ns3:TrackPointExtension>
            <ns3:hr>107</ns3:hr>
          </ns3:TrackPointExtension>
        </extensions>
      </trkpt>
      <trkpt lat="47.8096875362098217010498046875" lon="19.19181511737406253814697265625">
        <ele>205.399993896484375</ele>
        <time>2024-09-07T09:30:01.000Z</time>
        <extensions>
          <ns3:TrackPointExtension>
            <ns3:hr>107</ns3:hr>
          </ns3:TrackPointExtension>
        </extensions>
      </trkpt>
      <trkpt lat="47.809663899242877960205078125" lon="19.19187077321112155914306640625">
        <ele>205.600006103515625</ele>
        <time>2024-09-07T09:30:07.000Z</time>
        <extensions>
          <ns3:TrackPointExtension>
            <ns3:hr>105</ns3:hr>
          </ns3:TrackPointExtension>
        </extensions>
      </trkpt>
      <trkpt lat="47.80962274409830570220947265625" lon="19.19188301078975200653076171875">
        <ele>205.600006103515625</ele>
        <time>2024-09-07T09:30:13.000Z</time>
        <extensions>
          <ns3:TrackPointExtension>
            <ns3:hr>106</ns3:hr>
          </ns3:TrackPointExtension>
        </extensions>
      </trkpt>
      <trkpt lat="47.80954848043620586395263671875" lon="19.19182769022881984710693359375">
        <ele>206</ele>
        <time>2024-09-07T09:30:23.000Z</time>
        <extensions>
          <ns3:TrackPointExtension>
            <ns3:hr>106</ns3:hr>
          </ns3:TrackPointExtension>
        </extensions>
      </trkpt>
      <trkpt lat="47.80951528809964656829833984375" lon="19.1918001137673854827880859375">
        <ele>206.1999969482421875</ele>
        <time>2024-09-07T09:30:30.000Z</time>
        <extensions>
          <ns3:TrackPointExtension>
            <ns3:hr>107</ns3:hr>
          </ns3:TrackPointExtension>
        </extensions>
      </trkpt>
      <trkpt lat="47.809481509029865264892578125" lon="19.19175510294735431671142578125">
        <ele>206.8000030517578125</ele>
        <time>2024-09-07T09:30:37.000Z</time>
        <extensions>
          <ns3:TrackPointExtension>
            <ns3:hr>108</ns3:hr>
          </ns3:TrackPointExtension>
        </extensions>
      </trkpt>
      <trkpt lat="47.80943029560148715972900390625" lon="19.19170950539410114288330078125">
        <ele>207.399993896484375</ele>
        <time>2024-09-07T09:30:45.000Z</time>
        <extensions>
          <ns3:TrackPointExtension>
            <ns3:hr>107</ns3:hr>
          </ns3:TrackPointExtension>
        </extensions>
      </trkpt>
      <trkpt lat="47.80937732197344303131103515625" lon="19.19163423590362071990966796875">
        <ele>208.1999969482421875</ele>
        <time>2024-09-07T09:30:53.000Z</time>
        <extensions>
          <ns3:TrackPointExtension>
            <ns3:hr>104</ns3:hr>
          </ns3:TrackPointExtension>
        </extensions>
      </trkpt>
      <trkpt lat="47.809369526803493499755859375" lon="19.19162191450595855712890625">
        <ele>208.399993896484375</ele>
        <time>2024-09-07T09:30:54.000Z</time>
        <extensions>
          <ns3:TrackPointExtension>
            <ns3:hr>104</ns3:hr>
          </ns3:TrackPointExtension>
        </extensions>
      </trkpt>
      <trkpt lat="47.80932937748730182647705078125" lon="19.19158746488392353057861328125">
        <ele>208.8000030517578125</ele>
        <time>2024-09-07T09:31:01.000Z</time>
        <extensions>
          <ns3:TrackPointExtension>
            <ns3:hr>103</ns3:hr>
          </ns3:TrackPointExtension>
        </extensions>
      </trkpt>
      <trkpt lat="47.80932300724089145660400390625" lon="19.1915784962475299835205078125">
        <ele>209</ele>
        <time>2024-09-07T09:31:07.000Z</time>
        <extensions>
          <ns3:TrackPointExtension>
            <ns3:hr>103</ns3:hr>
          </ns3:TrackPointExtension>
        </extensions>
      </trkpt>
      <trkpt lat="47.809284366667270660400390625" lon="19.191555194556713104248046875">
        <ele>209.8000030517578125</ele>
        <time>2024-09-07T09:31:17.000Z</time>
        <extensions>
          <ns3:TrackPointExtension>
            <ns3:hr>104</ns3:hr>
          </ns3:TrackPointExtension>
        </extensions>
      </trkpt>
      <trkpt lat="47.8092446364462375640869140625" lon="19.1915161348879337310791015625">
        <ele>210.600006103515625</ele>
        <time>2024-09-07T09:31:26.000Z</time>
        <extensions>
          <ns3:TrackPointExtension>
            <ns3:hr>107</ns3:hr>
          </ns3:TrackPointExtension>
        </extensions>
      </trkpt>
      <trkpt lat="47.80922862701117992401123046875" lon="19.1914993710815906524658203125">
        <ele>211</ele>
        <time>2024-09-07T09:31:29.000Z</time>
        <extensions>
          <ns3:TrackPointExtension>
            <ns3:hr>111</ns3:hr>
          </ns3:TrackPointExtension>
        </extensions>
      </trkpt>
      <trkpt lat="47.80921588651835918426513671875" lon="19.191487468779087066650390625">
        <ele>211.1999969482421875</ele>
        <time>2024-09-07T09:31:32.000Z</time>
        <extensions>
          <ns3:TrackPointExtension>
            <ns3:hr>114</ns3:hr>
          </ns3:TrackPointExtension>
        </extensions>
      </trkpt>
      <trkpt lat="47.8092017211019992828369140625" lon="19.19146123342216014862060546875">
        <ele>211.600006103515625</ele>
        <time>2024-09-07T09:31:35.000Z</time>
        <extensions>
          <ns3:TrackPointExtension>
            <ns3:hr>111</ns3:hr>
          </ns3:TrackPointExtension>
        </extensions>
      </trkpt>
      <trkpt lat="47.80919627286493778228759765625" lon="19.1914517618715763092041015625">
        <ele>211.8000030517578125</ele>
        <time>2024-09-07T09:31:36.000Z</time>
        <extensions>
          <ns3:TrackPointExtension>
            <ns3:hr>111</ns3:hr>
          </ns3:TrackPointExtension>
        </extensions>
      </trkpt>
      <trkpt lat="47.809144891798496246337890625" lon="19.19141245074570178985595703125">
        <ele>212.8000030517578125</ele>
        <time>2024-09-07T09:31:44.000Z</time>
        <extensions>
          <ns3:TrackPointExtension>
            <ns3:hr>111</ns3:hr>
          </ns3:TrackPointExtension>
        </extensions>
      </trkpt>
      <trkpt lat="47.8091175667941570281982421875" lon="19.19138588011264801025390625">
        <ele>213.399993896484375</ele>
        <time>2024-09-07T09:31:48.000Z</time>
        <extensions>
          <ns3:TrackPointExtension>
            <ns3:hr>114</ns3:hr>
          </ns3:TrackPointExtension>
        </extensions>
      </trkpt>
      <trkpt lat="47.809090577065944671630859375" lon="19.1913914121687412261962890625">
        <ele>213.600006103515625</ele>
        <time>2024-09-07T09:31:51.000Z</time>
        <extensions>
          <ns3:TrackPointExtension>
            <ns3:hr>117</ns3:hr>
          </ns3:TrackPointExtension>
        </extensions>
      </trkpt>
      <trkpt lat="47.80906283296644687652587890625" lon="19.19139526784420013427734375">
        <ele>214</ele>
        <time>2024-09-07T09:31:54.000Z</time>
        <extensions>
          <ns3:TrackPointExtension>
            <ns3:hr>115</ns3:hr>
          </ns3:TrackPointExtension>
        </extensions>
      </trkpt>
      <trkpt lat="47.8090541996061801910400390625" lon="19.19139736331999301910400390625">
        <ele>214.1999969482421875</ele>
        <time>2024-09-07T09:31:58.000Z</time>
        <extensions>
          <ns3:TrackPointExtension>
            <ns3:hr>112</ns3:hr>
          </ns3:TrackPointExtension>
        </extensions>
      </trkpt>
      <trkpt lat="47.80902779661118984222412109375" lon="19.1914199106395244598388671875">
        <ele>214.600006103515625</ele>
        <time>2024-09-07T09:32:02.000Z</time>
        <extensions>
          <ns3:TrackPointExtension>
            <ns3:hr>112</ns3:hr>
          </ns3:TrackPointExtension>
        </extensions>
      </trkpt>
      <trkpt lat="47.80896325595676898956298828125" lon="19.1915010474622249603271484375">
        <ele>215.399993896484375</ele>
        <time>2024-09-07T09:32:11.000Z</time>
        <extensions>
          <ns3:TrackPointExtension>
            <ns3:hr>114</ns3:hr>
          </ns3:TrackPointExtension>
        </extensions>
      </trkpt>
      <trkpt lat="47.8089435584843158721923828125" lon="19.191543795168399810791015625">
        <ele>215.600006103515625</ele>
        <time>2024-09-07T09:32:17.000Z</time>
        <extensions>
          <ns3:TrackPointExtension>
            <ns3:hr>117</ns3:hr>
          </ns3:TrackPointExtension>
        </extensions>
      </trkpt>
      <trkpt lat="47.80892017297446727752685546875" lon="19.19157631695270538330078125">
        <ele>216</ele>
        <time>2024-09-07T09:32:22.000Z</time>
        <extensions>
          <ns3:TrackPointExtension>
            <ns3:hr>117</ns3:hr>
          </ns3:TrackPointExtension>
        </extensions>
      </trkpt>
      <trkpt lat="47.8088785149157047271728515625" lon="19.1916519217193126678466796875">
        <ele>216</ele>
        <time>2024-09-07T09:32:30.000Z</time>
        <extensions>
          <ns3:TrackPointExtension>
            <ns3:hr>116</ns3:hr>
          </ns3:TrackPointExtension>
        </extensions>
      </trkpt>
      <trkpt lat="47.80884758569300174713134765625" lon="19.191687293350696563720703125">
        <ele>216.1999969482421875</ele>
        <time>2024-09-07T09:32:36.000Z</time>
        <extensions>
          <ns3:TrackPointExtension>
            <ns3:hr>115</ns3:hr>
          </ns3:TrackPointExtension>
        </extensions>
      </trkpt>
      <trkpt lat="47.8087769262492656707763671875" lon="19.19178226031363010406494140625">
        <ele>216.399993896484375</ele>
        <time>2024-09-07T09:32:45.000Z</time>
        <extensions>
          <ns3:TrackPointExtension>
            <ns3:hr>116</ns3:hr>
          </ns3:TrackPointExtension>
        </extensions>
      </trkpt>
      <trkpt lat="47.80873954296112060546875" lon="19.19185937382280826568603515625">
        <ele>216.1999969482421875</ele>
        <time>2024-09-07T09:32:52.000Z</time>
        <extensions>
          <ns3:TrackPointExtension>
            <ns3:hr>117</ns3:hr>
          </ns3:TrackPointExtension>
        </extensions>
      </trkpt>
      <trkpt lat="47.8086897544562816619873046875" lon="19.19198258779942989349365234375">
        <ele>216.1999969482421875</ele>
        <time>2024-09-07T09:33:02.000Z</time>
        <extensions>
          <ns3:TrackPointExtension>
            <ns3:hr>115</ns3:hr>
          </ns3:TrackPointExtension>
        </extensions>
      </trkpt>
      <trkpt lat="47.80863619409501552581787109375" lon="19.1920783929526805877685546875">
        <ele>217</ele>
        <time>2024-09-07T09:33:10.000Z</time>
        <extensions>
          <ns3:TrackPointExtension>
            <ns3:hr>117</ns3:hr>
          </ns3:TrackPointExtension>
        </extensions>
      </trkpt>
      <trkpt lat="47.808635272085666656494140625" lon="19.19208853505551815032958984375">
        <ele>216.8000030517578125</ele>
        <time>2024-09-07T09:33:11.000Z</time>
        <extensions>
          <ns3:TrackPointExtension>
            <ns3:hr>116</ns3:hr>
          </ns3:TrackPointExtension>
        </extensions>
      </trkpt>
      <trkpt lat="47.8086123056709766387939453125" lon="19.19211870990693569183349609375">
        <ele>217</ele>
        <time>2024-09-07T09:33:15.000Z</time>
        <extensions>
          <ns3:TrackPointExtension>
            <ns3:hr>113</ns3:hr>
          </ns3:TrackPointExtension>
        </extensions>
      </trkpt>
      <trkpt lat="47.8085791133344173431396484375" lon="19.19216430746018886566162109375">
        <ele>217.399993896484375</ele>
        <time>2024-09-07T09:33:19.000Z</time>
        <extensions>
          <ns3:TrackPointExtension>
            <ns3:hr>113</ns3:hr>
          </ns3:TrackPointExtension>
        </extensions>
      </trkpt>
      <trkpt lat="47.808575592935085296630859375" lon="19.19217168353497982025146484375">
        <ele>217.399993896484375</ele>
        <time>2024-09-07T09:33:20.000Z</time>
        <extensions>
          <ns3:TrackPointExtension>
            <ns3:hr>110</ns3:hr>
          </ns3:TrackPointExtension>
        </extensions>
      </trkpt>
      <trkpt lat="47.8085586614906787872314453125" lon="19.19218325056135654449462890625">
        <ele>217.600006103515625</ele>
        <time>2024-09-07T09:33:22.000Z</time>
        <extensions>
          <ns3:TrackPointExtension>
            <ns3:hr>107</ns3:hr>
          </ns3:TrackPointExtension>
        </extensions>
      </trkpt>
      <trkpt lat="47.808536700904369354248046875" lon="19.19220797717571258544921875">
        <ele>218</ele>
        <time>2024-09-07T09:33:26.000Z</time>
        <extensions>
          <ns3:TrackPointExtension>
            <ns3:hr>104</ns3:hr>
          </ns3:TrackPointExtension>
        </extensions>
      </trkpt>
      <trkpt lat="47.80851415358483791351318359375" lon="19.19226589612662792205810546875">
        <ele>217.8000030517578125</ele>
        <time>2024-09-07T09:33:31.000Z</time>
        <extensions>
          <ns3:TrackPointExtension>
            <ns3:hr>104</ns3:hr>
          </ns3:TrackPointExtension>
        </extensions>
      </trkpt>
      <trkpt lat="47.80850593931972980499267578125" lon="19.1922788880765438079833984375">
        <ele>218</ele>
        <time>2024-09-07T09:33:32.000Z</time>
        <extensions>
          <ns3:TrackPointExtension>
            <ns3:hr>104</ns3:hr>
          </ns3:TrackPointExtension>
        </extensions>
      </trkpt>
      <trkpt lat="47.80849269591271877288818359375" lon="19.19228710234165191650390625">
        <ele>218</ele>
        <time>2024-09-07T09:33:37.000Z</time>
        <extensions>
          <ns3:TrackPointExtension>
            <ns3:hr>104</ns3:hr>
          </ns3:TrackPointExtension>
        </extensions>
      </trkpt>
      <trkpt lat="47.8084503673017024993896484375" lon="19.19236077927052974700927734375">
        <ele>218</ele>
        <time>2024-09-07T09:33:45.000Z</time>
        <extensions>
          <ns3:TrackPointExtension>
            <ns3:hr>106</ns3:hr>
          </ns3:TrackPointExtension>
        </extensions>
      </trkpt>
      <trkpt lat="47.8084289096295833587646484375" lon="19.192410148680210113525390625">
        <ele>217.8000030517578125</ele>
        <time>2024-09-07T09:33:48.000Z</time>
        <extensions>
          <ns3:TrackPointExtension>
            <ns3:hr>105</ns3:hr>
          </ns3:TrackPointExtension>
        </extensions>
      </trkpt>
      <trkpt lat="47.8083859942853450775146484375" lon="19.1924626193940639495849609375">
        <ele>218.8000030517578125</ele>
        <time>2024-09-07T09:33:53.000Z</time>
        <extensions>
          <ns3:TrackPointExtension>
            <ns3:hr>104</ns3:hr>
          </ns3:TrackPointExtension>
        </extensions>
      </trkpt>
      <trkpt lat="47.808321453630924224853515625" lon="19.1925935447216033935546875">
        <ele>220.1999969482421875</ele>
        <time>2024-09-07T09:34:03.000Z</time>
        <extensions>
          <ns3:TrackPointExtension>
            <ns3:hr>104</ns3:hr>
          </ns3:TrackPointExtension>
        </extensions>
      </trkpt>
      <trkpt lat="47.8082835674285888671875" lon="19.19267342425882816314697265625">
        <ele>220.1999969482421875</ele>
        <time>2024-09-07T09:34:10.000Z</time>
        <extensions>
          <ns3:TrackPointExtension>
            <ns3:hr>103</ns3:hr>
          </ns3:TrackPointExtension>
        </extensions>
      </trkpt>
      <trkpt lat="47.80823453329503536224365234375" lon="19.1927705705165863037109375">
        <ele>220.1999969482421875</ele>
        <time>2024-09-07T09:34:18.000Z</time>
        <extensions>
          <ns3:TrackPointExtension>
            <ns3:hr>103</ns3:hr>
          </ns3:TrackPointExtension>
        </extensions>
      </trkpt>
      <trkpt lat="47.80819396488368511199951171875" lon="19.1928475163877010345458984375">
        <ele>221</ele>
        <time>2024-09-07T09:34:26.000Z</time>
        <extensions>
          <ns3:TrackPointExtension>
            <ns3:hr>102</ns3:hr>
          </ns3:TrackPointExtension>
        </extensions>
      </trkpt>
      <trkpt lat="47.80818373896181583404541015625" lon="19.1928564012050628662109375">
        <ele>221.1999969482421875</ele>
        <time>2024-09-07T09:34:27.000Z</time>
        <extensions>
          <ns3:TrackPointExtension>
            <ns3:hr>102</ns3:hr>
          </ns3:TrackPointExtension>
        </extensions>
      </trkpt>
      <trkpt lat="47.80813780613243579864501953125" lon="19.1929242946207523345947265625">
        <ele>222.1999969482421875</ele>
        <time>2024-09-07T09:34:33.000Z</time>
        <extensions>
          <ns3:TrackPointExtension>
            <ns3:hr>102</ns3:hr>
          </ns3:TrackPointExtension>
        </extensions>
      </trkpt>
      <trkpt lat="47.8081090562045574188232421875" lon="19.1929920203983783721923828125">
        <ele>222.1999969482421875</ele>
        <time>2024-09-07T09:34:40.000Z</time>
        <extensions>
          <ns3:TrackPointExtension>
            <ns3:hr>101</ns3:hr>
          </ns3:TrackPointExtension>
        </extensions>
      </trkpt>
      <trkpt lat="47.808060944080352783203125" lon="19.19305664487183094024658203125">
        <ele>222</ele>
        <time>2024-09-07T09:34:46.000Z</time>
        <extensions>
          <ns3:TrackPointExtension>
            <ns3:hr>104</ns3:hr>
          </ns3:TrackPointExtension>
        </extensions>
      </trkpt>
      <trkpt lat="47.80799916945397853851318359375" lon="19.1931599937379360198974609375">
        <ele>221.600006103515625</ele>
        <time>2024-09-07T09:34:55.000Z</time>
        <extensions>
          <ns3:TrackPointExtension>
            <ns3:hr>103</ns3:hr>
          </ns3:TrackPointExtension>
        </extensions>
      </trkpt>
      <trkpt lat="47.80799346975982189178466796875" lon="19.19317985884845256805419921875">
        <ele>221.399993896484375</ele>
        <time>2024-09-07T09:34:57.000Z</time>
        <extensions>
          <ns3:TrackPointExtension>
            <ns3:hr>102</ns3:hr>
          </ns3:TrackPointExtension>
        </extensions>
      </trkpt>
      <trkpt lat="47.8079571761190891265869140625" lon="19.19322931207716464996337890625">
        <ele>221.600006103515625</ele>
        <time>2024-09-07T09:35:02.000Z</time>
        <extensions>
          <ns3:TrackPointExtension>
            <ns3:hr>101</ns3:hr>
          </ns3:TrackPointExtension>
        </extensions>
      </trkpt>
      <trkpt lat="47.80794225633144378662109375" lon="19.19325982220470905303955078125">
        <ele>221.399993896484375</ele>
        <time>2024-09-07T09:35:05.000Z</time>
        <extensions>
          <ns3:TrackPointExtension>
            <ns3:hr>104</ns3:hr>
          </ns3:TrackPointExtension>
        </extensions>
      </trkpt>
      <trkpt lat="47.80793764628469944000244140625" lon="19.1932694613933563232421875">
        <ele>221.399993896484375</ele>
        <time>2024-09-07T09:35:06.000Z</time>
        <extensions>
          <ns3:TrackPointExtension>
            <ns3:hr>101</ns3:hr>
          </ns3:TrackPointExtension>
        </extensions>
      </trkpt>
      <trkpt lat="47.80790948309004306793212890625" lon="19.1933024860918521881103515625">
        <ele>221.600006103515625</ele>
        <time>2024-09-07T09:35:10.000Z</time>
        <extensions>
          <ns3:TrackPointExtension>
            <ns3:hr>99</ns3:hr>
          </ns3:TrackPointExtension>
        </extensions>
      </trkpt>
      <trkpt lat="47.8078931383788585662841796875" lon="19.1933212615549564361572265625">
        <ele>221.600006103515625</ele>
        <time>2024-09-07T09:35:13.000Z</time>
        <extensions>
          <ns3:TrackPointExtension>
            <ns3:hr>102</ns3:hr>
          </ns3:TrackPointExtension>
        </extensions>
      </trkpt>
      <trkpt lat="47.80786673538386821746826171875" lon="19.1933504305779933929443359375">
        <ele>221.8000030517578125</ele>
        <time>2024-09-07T09:35:16.000Z</time>
        <extensions>
          <ns3:TrackPointExtension>
            <ns3:hr>102</ns3:hr>
          </ns3:TrackPointExtension>
        </extensions>
      </trkpt>
      <trkpt lat="47.80781275592744350433349609375" lon="19.19342779554426670074462890625">
        <ele>221.8000030517578125</ele>
        <time>2024-09-07T09:35:24.000Z</time>
        <extensions>
          <ns3:TrackPointExtension>
            <ns3:hr>101</ns3:hr>
          </ns3:TrackPointExtension>
        </extensions>
      </trkpt>
      <trkpt lat="47.80775642953813076019287109375" lon="19.1934919171035289764404296875">
        <ele>222.1999969482421875</ele>
        <time>2024-09-07T09:35:31.000Z</time>
        <extensions>
          <ns3:TrackPointExtension>
            <ns3:hr>101</ns3:hr>
          </ns3:TrackPointExtension>
        </extensions>
      </trkpt>
      <trkpt lat="47.8077124245464801788330078125" lon="19.1935214214026927947998046875">
        <ele>222.8000030517578125</ele>
        <time>2024-09-07T09:35:35.000Z</time>
        <extensions>
          <ns3:TrackPointExtension>
            <ns3:hr>102</ns3:hr>
          </ns3:TrackPointExtension>
        </extensions>
      </trkpt>
      <trkpt lat="47.80768744647502899169921875" lon="19.19353969395160675048828125">
        <ele>223</ele>
        <time>2024-09-07T09:35:39.000Z</time>
        <extensions>
          <ns3:TrackPointExtension>
            <ns3:hr>103</ns3:hr>
          </ns3:TrackPointExtension>
        </extensions>
      </trkpt>
      <trkpt lat="47.80764444731175899505615234375" lon="19.1935784183442592620849609375">
        <ele>223.399993896484375</ele>
        <time>2024-09-07T09:35:46.000Z</time>
        <extensions>
          <ns3:TrackPointExtension>
            <ns3:hr>104</ns3:hr>
          </ns3:TrackPointExtension>
        </extensions>
      </trkpt>
      <trkpt lat="47.80762667767703533172607421875" lon="19.19358260929584503173828125">
        <ele>223.600006103515625</ele>
        <time>2024-09-07T09:35:54.000Z</time>
        <extensions>
          <ns3:TrackPointExtension>
            <ns3:hr>105</ns3:hr>
          </ns3:TrackPointExtension>
        </extensions>
      </trkpt>
      <trkpt lat="47.80762550421059131622314453125" lon="19.1935918293893337249755859375">
        <ele>223.600006103515625</ele>
        <time>2024-09-07T09:36:03.000Z</time>
        <extensions>
          <ns3:TrackPointExtension>
            <ns3:hr>107</ns3:hr>
          </ns3:TrackPointExtension>
        </extensions>
      </trkpt>
      <trkpt lat="47.80761997215449810028076171875" lon="19.19359308667480945587158203125">
        <ele>223.600006103515625</ele>
        <time>2024-09-07T09:36:15.000Z</time>
        <extensions>
          <ns3:TrackPointExtension>
            <ns3:hr>108</ns3:hr>
          </ns3:TrackPointExtension>
        </extensions>
      </trkpt>
      <trkpt lat="47.80761779285967350006103515625" lon="19.1935935057699680328369140625">
        <ele>223.600006103515625</ele>
        <time>2024-09-07T09:36:28.000Z</time>
        <extensions>
          <ns3:TrackPointExtension>
            <ns3:hr>105</ns3:hr>
          </ns3:TrackPointExtension>
        </extensions>
      </trkpt>
      <trkpt lat="47.80760337598621845245361328125" lon="19.1935945115983486175537109375">
        <ele>224</ele>
        <time>2024-09-07T09:36:39.000Z</time>
        <extensions>
          <ns3:TrackPointExtension>
            <ns3:hr>102</ns3:hr>
          </ns3:TrackPointExtension>
        </extensions>
      </trkpt>
      <trkpt lat="47.8075736202299594879150390625" lon="19.19355302117764949798583984375">
        <ele>225</ele>
        <time>2024-09-07T09:36:53.000Z</time>
        <extensions>
          <ns3:TrackPointExtension>
            <ns3:hr>104</ns3:hr>
          </ns3:TrackPointExtension>
        </extensions>
      </trkpt>
      <trkpt lat="47.80755601823329925537109375" lon="19.193512536585330963134765625">
        <ele>225.8000030517578125</ele>
        <time>2024-09-07T09:36:59.000Z</time>
        <extensions>
          <ns3:TrackPointExtension>
            <ns3:hr>103</ns3:hr>
          </ns3:TrackPointExtension>
        </extensions>
      </trkpt>
      <trkpt lat="47.80758778564631938934326171875" lon="19.19352301396429538726806640625">
        <ele>225</ele>
        <time>2024-09-07T09:37:07.000Z</time>
        <extensions>
          <ns3:TrackPointExtension>
            <ns3:hr>106</ns3:hr>
          </ns3:TrackPointExtension>
        </extensions>
      </trkpt>
      <trkpt lat="47.8075982630252838134765625" lon="19.1935274563729763031005859375">
        <ele>224.8000030517578125</ele>
        <time>2024-09-07T09:37:09.000Z</time>
        <extensions>
          <ns3:TrackPointExtension>
            <ns3:hr>106</ns3:hr>
          </ns3:TrackPointExtension>
        </extensions>
      </trkpt>
      <trkpt lat="47.8075994364917278289794921875" lon="19.19354748912155628204345703125">
        <ele>224.600006103515625</ele>
        <time>2024-09-07T09:37:17.000Z</time>
        <extensions>
          <ns3:TrackPointExtension>
            <ns3:hr>106</ns3:hr>
          </ns3:TrackPointExtension>
        </extensions>
      </trkpt>
      <trkpt lat="47.80759315006434917449951171875" lon="19.19354975223541259765625">
        <ele>224.600006103515625</ele>
        <time>2024-09-07T09:38:01.000Z</time>
        <extensions>
          <ns3:TrackPointExtension>
            <ns3:hr>103</ns3:hr>
          </ns3:TrackPointExtension>
        </extensions>
      </trkpt>
      <trkpt lat="47.80759298242628574371337890625" lon="19.19355033896863460540771484375">
        <ele>224.600006103515625</ele>
        <time>2024-09-07T09:38:05.000Z</time>
        <extensions>
          <ns3:TrackPointExtension>
            <ns3:hr>100</ns3:hr>
          </ns3:TrackPointExtension>
        </extensions>
      </trkpt>
      <trkpt lat="47.80759281478822231292724609375" lon="19.19355067424476146697998046875">
        <ele>224.600006103515625</ele>
        <time>2024-09-07T09:38:07.000Z</time>
        <extensions>
          <ns3:TrackPointExtension>
            <ns3:hr>97</ns3:hr>
          </ns3:TrackPointExtension>
        </extensions>
      </trkpt>
      <trkpt lat="47.807586528360843658447265625" lon="19.193555451929569244384765625">
        <ele>224.600006103515625</ele>
        <time>2024-09-07T09:38:23.000Z</time>
        <extensions>
          <ns3:TrackPointExtension>
            <ns3:hr>93</ns3:hr>
          </ns3:TrackPointExtension>
        </extensions>
      </trkpt>
      <trkpt lat="47.8075649030506610870361328125" lon="19.193585626780986785888671875">
        <ele>224.8000030517578125</ele>
        <time>2024-09-07T09:39:13.000Z</time>
        <extensions>
          <ns3:TrackPointExtension>
            <ns3:hr>90</ns3:hr>
          </ns3:TrackPointExtension>
        </extensions>
      </trkpt>
      <trkpt lat="47.807565070688724517822265625" lon="19.193588979542255401611328125">
        <ele>224.8000030517578125</ele>
        <time>2024-09-07T09:39:17.000Z</time>
        <extensions>
          <ns3:TrackPointExtension>
            <ns3:hr>87</ns3:hr>
          </ns3:TrackPointExtension>
        </extensions>
      </trkpt>
      <trkpt lat="47.80756532214581966400146484375" lon="19.19359006918966770172119140625">
        <ele>224.8000030517578125</ele>
        <time>2024-09-07T09:39:22.000Z</time>
        <extensions>
          <ns3:TrackPointExtension>
            <ns3:hr>84</ns3:hr>
          </ns3:TrackPointExtension>
        </extensions>
      </trkpt>
      <trkpt lat="47.80756532214581966400146484375" lon="19.19359023682773113250732421875">
        <ele>224.8000030517578125</ele>
        <time>2024-09-07T09:39:24.000Z</time>
        <extensions>
          <ns3:TrackPointExtension>
            <ns3:hr>88</ns3:hr>
          </ns3:TrackPointExtension>
        </extensions>
      </trkpt>
      <trkpt lat="47.8075632266700267791748046875" lon="19.19359602034091949462890625">
        <ele>224.8000030517578125</ele>
        <time>2024-09-07T09:39:25.000Z</time>
        <extensions>
          <ns3:TrackPointExtension>
            <ns3:hr>91</ns3:hr>
          </ns3:TrackPointExtension>
        </extensions>
      </trkpt>
      <trkpt lat="47.8075280226767063140869140625" lon="19.193662069737911224365234375">
        <ele>224.8000030517578125</ele>
        <time>2024-09-07T09:39:30.000Z</time>
        <extensions>
          <ns3:TrackPointExtension>
            <ns3:hr>93</ns3:hr>
          </ns3:TrackPointExtension>
        </extensions>
      </trkpt>
      <trkpt lat="47.80747354030609130859375" lon="19.1937416978180408477783203125">
        <ele>225</ele>
        <time>2024-09-07T09:39:37.000Z</time>
        <extensions>
          <ns3:TrackPointExtension>
            <ns3:hr>94</ns3:hr>
          </ns3:TrackPointExtension>
        </extensions>
      </trkpt>
      <trkpt lat="47.807439677417278289794921875" lon="19.1938157938420772552490234375">
        <ele>224.399993896484375</ele>
        <time>2024-09-07T09:39:45.000Z</time>
        <extensions>
          <ns3:TrackPointExtension>
            <ns3:hr>93</ns3:hr>
          </ns3:TrackPointExtension>
        </extensions>
      </trkpt>
      <trkpt lat="47.80742584727704524993896484375" lon="19.1938416101038455963134765625">
        <ele>224.399993896484375</ele>
        <time>2024-09-07T09:39:48.000Z</time>
        <extensions>
          <ns3:TrackPointExtension>
            <ns3:hr>90</ns3:hr>
          </ns3:TrackPointExtension>
        </extensions>
      </trkpt>
      <trkpt lat="47.807400114834308624267578125" lon="19.19389265589416027069091796875">
        <ele>224.399993896484375</ele>
        <time>2024-09-07T09:39:53.000Z</time>
        <extensions>
          <ns3:TrackPointExtension>
            <ns3:hr>92</ns3:hr>
          </ns3:TrackPointExtension>
        </extensions>
      </trkpt>
      <trkpt lat="47.8073890507221221923828125" lon="19.19393624179065227508544921875">
        <ele>224.1999969482421875</ele>
        <time>2024-09-07T09:39:56.000Z</time>
        <extensions>
          <ns3:TrackPointExtension>
            <ns3:hr>95</ns3:hr>
          </ns3:TrackPointExtension>
        </extensions>
      </trkpt>
      <trkpt lat="47.8074133582413196563720703125" lon="19.19398670084774494171142578125">
        <ele>223.399993896484375</ele>
        <time>2024-09-07T09:40:01.000Z</time>
        <extensions>
          <ns3:TrackPointExtension>
            <ns3:hr>94</ns3:hr>
          </ns3:TrackPointExtension>
        </extensions>
      </trkpt>
      <trkpt lat="47.80743221752345561981201171875" lon="19.19404202140867710113525390625">
        <ele>222.600006103515625</ele>
        <time>2024-09-07T09:40:07.000Z</time>
        <extensions>
          <ns3:TrackPointExtension>
            <ns3:hr>97</ns3:hr>
          </ns3:TrackPointExtension>
        </extensions>
      </trkpt>
      <trkpt lat="47.80744244344532489776611328125" lon="19.194062054157257080078125">
        <ele>222.1999969482421875</ele>
        <time>2024-09-07T09:40:09.000Z</time>
        <extensions>
          <ns3:TrackPointExtension>
            <ns3:hr>98</ns3:hr>
          </ns3:TrackPointExtension>
        </extensions>
      </trkpt>
      <trkpt lat="47.807456441223621368408203125" lon="19.1940776444971561431884765625">
        <ele>221.8000030517578125</ele>
        <time>2024-09-07T09:40:15.000Z</time>
        <extensions>
          <ns3:TrackPointExtension>
            <ns3:hr>99</ns3:hr>
          </ns3:TrackPointExtension>
        </extensions>
      </trkpt>
      <trkpt lat="47.80745618976652622222900390625" lon="19.19407789595425128936767578125">
        <ele>221.8000030517578125</ele>
        <time>2024-09-07T09:40:22.000Z</time>
        <extensions>
          <ns3:TrackPointExtension>
            <ns3:hr>96</ns3:hr>
          </ns3:TrackPointExtension>
        </extensions>
      </trkpt>
      <trkpt lat="47.80745618976652622222900390625" lon="19.19407789595425128936767578125">
        <ele>221.8000030517578125</ele>
        <time>2024-09-07T09:40:25.000Z</time>
        <extensions>
          <ns3:TrackPointExtension>
            <ns3:hr>93</ns3:hr>
          </ns3:TrackPointExtension>
        </extensions>
      </trkpt>
      <trkpt lat="47.80745618976652622222900390625" lon="19.19407789595425128936767578125">
        <ele>221.8000030517578125</ele>
        <time>2024-09-07T09:40:27.000Z</time>
        <extensions>
          <ns3:TrackPointExtension>
            <ns3:hr>90</ns3:hr>
          </ns3:TrackPointExtension>
        </extensions>
      </trkpt>
      <trkpt lat="47.80739969573915004730224609375" lon="19.19407923705875873565673828125">
        <ele>223</ele>
        <time>2024-09-07T09:40:43.000Z</time>
        <extensions>
          <ns3:TrackPointExtension>
            <ns3:hr>92</ns3:hr>
          </ns3:TrackPointExtension>
        </extensions>
      </trkpt>
      <trkpt lat="47.80738611705601215362548828125" lon="19.19408376328647136688232421875">
        <ele>223.1999969482421875</ele>
        <time>2024-09-07T09:40:44.000Z</time>
        <extensions>
          <ns3:TrackPointExtension>
            <ns3:hr>91</ns3:hr>
          </ns3:TrackPointExtension>
        </extensions>
      </trkpt>
      <trkpt lat="47.8073181398212909698486328125" lon="19.19410656206309795379638671875">
        <ele>224.600006103515625</ele>
        <time>2024-09-07T09:40:48.000Z</time>
        <extensions>
          <ns3:TrackPointExtension>
            <ns3:hr>94</ns3:hr>
          </ns3:TrackPointExtension>
        </extensions>
      </trkpt>
      <trkpt lat="47.8072906471788883209228515625" lon="19.194121398031711578369140625">
        <ele>224.8000030517578125</ele>
        <time>2024-09-07T09:40:52.000Z</time>
        <extensions>
          <ns3:TrackPointExtension>
            <ns3:hr>96</ns3:hr>
          </ns3:TrackPointExtension>
        </extensions>
      </trkpt>
      <trkpt lat="47.80729156918823719024658203125" lon="19.19412282295525074005126953125">
        <ele>224.8000030517578125</ele>
        <time>2024-09-07T09:40:55.000Z</time>
        <extensions>
          <ns3:TrackPointExtension>
            <ns3:hr>99</ns3:hr>
          </ns3:TrackPointExtension>
        </extensions>
      </trkpt>
      <trkpt lat="47.807270027697086334228515625" lon="19.19416137970983982086181640625">
        <ele>224.8000030517578125</ele>
        <time>2024-09-07T09:41:00.000Z</time>
        <extensions>
          <ns3:TrackPointExtension>
            <ns3:hr>100</ns3:hr>
          </ns3:TrackPointExtension>
        </extensions>
      </trkpt>
      <trkpt lat="47.807252593338489532470703125" lon="19.19419926591217517852783203125">
        <ele>224.8000030517578125</ele>
        <time>2024-09-07T09:41:11.000Z</time>
        <extensions>
          <ns3:TrackPointExtension>
            <ns3:hr>99</ns3:hr>
          </ns3:TrackPointExtension>
        </extensions>
      </trkpt>
      <trkpt lat="47.80719660222530364990234375" lon="19.194280989468097686767578125">
        <ele>225</ele>
        <time>2024-09-07T09:41:16.000Z</time>
        <extensions>
          <ns3:TrackPointExtension>
            <ns3:hr>100</ns3:hr>
          </ns3:TrackPointExtension>
        </extensions>
      </trkpt>
      <trkpt lat="47.807095013558864593505859375" lon="19.194451980292797088623046875">
        <ele>225.399993896484375</ele>
        <time>2024-09-07T09:41:24.000Z</time>
        <extensions>
          <ns3:TrackPointExtension>
            <ns3:hr>101</ns3:hr>
          </ns3:TrackPointExtension>
        </extensions>
      </trkpt>
      <trkpt lat="47.8070717118680477142333984375" lon="19.1945155151188373565673828125">
        <ele>225</ele>
        <time>2024-09-07T09:41:29.000Z</time>
        <extensions>
          <ns3:TrackPointExtension>
            <ns3:hr>102</ns3:hr>
          </ns3:TrackPointExtension>
        </extensions>
      </trkpt>
      <trkpt lat="47.8070274554193019866943359375" lon="19.194606207311153411865234375">
        <ele>224.600006103515625</ele>
        <time>2024-09-07T09:41:35.000Z</time>
        <extensions>
          <ns3:TrackPointExtension>
            <ns3:hr>106</ns3:hr>
          </ns3:TrackPointExtension>
        </extensions>
      </trkpt>
      <trkpt lat="47.8070227615535259246826171875" lon="19.19461701996624469757080078125">
        <ele>224.399993896484375</ele>
        <time>2024-09-07T09:41:36.000Z</time>
        <extensions>
          <ns3:TrackPointExtension>
            <ns3:hr>109</ns3:hr>
          </ns3:TrackPointExtension>
        </extensions>
      </trkpt>
      <trkpt lat="47.80701245181262493133544921875" lon="19.1946342028677463531494140625">
        <ele>224.600006103515625</ele>
        <time>2024-09-07T09:41:37.000Z</time>
        <extensions>
          <ns3:TrackPointExtension>
            <ns3:hr>106</ns3:hr>
          </ns3:TrackPointExtension>
        </extensions>
      </trkpt>
      <trkpt lat="47.8069902397692203521728515625" lon="19.19475129805505275726318359375">
        <ele>224.399993896484375</ele>
        <time>2024-09-07T09:41:44.000Z</time>
        <extensions>
          <ns3:TrackPointExtension>
            <ns3:hr>107</ns3:hr>
          </ns3:TrackPointExtension>
        </extensions>
      </trkpt>
      <trkpt lat="47.807043381035327911376953125" lon="19.1948021762073040008544921875">
        <ele>222.600006103515625</ele>
        <time>2024-09-07T09:41:53.000Z</time>
        <extensions>
          <ns3:TrackPointExtension>
            <ns3:hr>108</ns3:hr>
          </ns3:TrackPointExtension>
        </extensions>
      </trkpt>
      <trkpt lat="47.807042710483074188232421875" lon="19.194802679121494293212890625">
        <ele>222.600006103515625</ele>
        <time>2024-09-07T09:41:57.000Z</time>
        <extensions>
          <ns3:TrackPointExtension>
            <ns3:hr>111</ns3:hr>
          </ns3:TrackPointExtension>
        </extensions>
      </trkpt>
      <trkpt lat="47.807004153728485107421875" lon="19.19478734023869037628173828125">
        <ele>223.8000030517578125</ele>
        <time>2024-09-07T09:42:07.000Z</time>
        <extensions>
          <ns3:TrackPointExtension>
            <ns3:hr>109</ns3:hr>
          </ns3:TrackPointExtension>
        </extensions>
      </trkpt>
      <trkpt lat="47.8069357573986053466796875" lon="19.19481550343334674835205078125">
        <ele>225.8000030517578125</ele>
        <time>2024-09-07T09:42:12.000Z</time>
        <extensions>
          <ns3:TrackPointExtension>
            <ns3:hr>111</ns3:hr>
          </ns3:TrackPointExtension>
        </extensions>
      </trkpt>
      <trkpt lat="47.80691228806972503662109375" lon="19.19484215788543224334716796875">
        <ele>226.399993896484375</ele>
        <time>2024-09-07T09:42:14.000Z</time>
        <extensions>
          <ns3:TrackPointExtension>
            <ns3:hr>113</ns3:hr>
          </ns3:TrackPointExtension>
        </extensions>
      </trkpt>
      <trkpt lat="47.8068792633712291717529296875" lon="19.1949151642620563507080078125">
        <ele>226.8000030517578125</ele>
        <time>2024-09-07T09:42:19.000Z</time>
        <extensions>
          <ns3:TrackPointExtension>
            <ns3:hr>116</ns3:hr>
          </ns3:TrackPointExtension>
        </extensions>
      </trkpt>
      <trkpt lat="47.80687063001096248626708984375" lon="19.19493041932582855224609375">
        <ele>227</ele>
        <time>2024-09-07T09:42:21.000Z</time>
        <extensions>
          <ns3:TrackPointExtension>
            <ns3:hr>117</ns3:hr>
          </ns3:TrackPointExtension>
        </extensions>
      </trkpt>
      <trkpt lat="47.8068459033966064453125" lon="19.19497777707874774932861328125">
        <ele>227.8000030517578125</ele>
        <time>2024-09-07T09:42:28.000Z</time>
        <extensions>
          <ns3:TrackPointExtension>
            <ns3:hr>116</ns3:hr>
          </ns3:TrackPointExtension>
        </extensions>
      </trkpt>
      <trkpt lat="47.8068177402019500732421875" lon="19.1950395517051219940185546875">
        <ele>228.1999969482421875</ele>
        <time>2024-09-07T09:42:32.000Z</time>
        <extensions>
          <ns3:TrackPointExtension>
            <ns3:hr>113</ns3:hr>
          </ns3:TrackPointExtension>
        </extensions>
      </trkpt>
      <trkpt lat="47.8067736513912677764892578125" lon="19.19511322863399982452392578125">
        <ele>229</ele>
        <time>2024-09-07T09:42:37.000Z</time>
        <extensions>
          <ns3:TrackPointExtension>
            <ns3:hr>110</ns3:hr>
          </ns3:TrackPointExtension>
        </extensions>
      </trkpt>
      <trkpt lat="47.80673115514218807220458984375" lon="19.195227809250354766845703125">
        <ele>229.399993896484375</ele>
        <time>2024-09-07T09:42:45.000Z</time>
        <extensions>
          <ns3:TrackPointExtension>
            <ns3:hr>110</ns3:hr>
          </ns3:TrackPointExtension>
        </extensions>
      </trkpt>
      <trkpt lat="47.806709446012973785400390625" lon="19.19531020335853099822998046875">
        <ele>229.399993896484375</ele>
        <time>2024-09-07T09:42:52.000Z</time>
        <extensions>
          <ns3:TrackPointExtension>
            <ns3:hr>111</ns3:hr>
          </ns3:TrackPointExtension>
        </extensions>
      </trkpt>
      <trkpt lat="47.8067184984683990478515625" lon="19.1953154839575290679931640625">
        <ele>229</ele>
        <time>2024-09-07T09:42:57.000Z</time>
        <extensions>
          <ns3:TrackPointExtension>
            <ns3:hr>111</ns3:hr>
          </ns3:TrackPointExtension>
        </extensions>
      </trkpt>
      <trkpt lat="47.80671782791614532470703125" lon="19.19531372375786304473876953125">
        <ele>229.1999969482421875</ele>
        <time>2024-09-07T09:43:03.000Z</time>
        <extensions>
          <ns3:TrackPointExtension>
            <ns3:hr>109</ns3:hr>
          </ns3:TrackPointExtension>
        </extensions>
      </trkpt>
      <trkpt lat="47.80671070329844951629638671875" lon="19.19536686502397060394287109375">
        <ele>229</ele>
        <time>2024-09-07T09:43:26.000Z</time>
        <extensions>
          <ns3:TrackPointExtension>
            <ns3:hr>111</ns3:hr>
          </ns3:TrackPointExtension>
        </extensions>
      </trkpt>
      <trkpt lat="47.80666979961097240447998046875" lon="19.19551891274750232696533203125">
        <ele>228</ele>
        <time>2024-09-07T09:43:33.000Z</time>
        <extensions>
          <ns3:TrackPointExtension>
            <ns3:hr>111</ns3:hr>
          </ns3:TrackPointExtension>
        </extensions>
      </trkpt>
      <trkpt lat="47.80665303580462932586669921875" lon="19.1956031508743762969970703125">
        <ele>227.1999969482421875</ele>
        <time>2024-09-07T09:43:39.000Z</time>
        <extensions>
          <ns3:TrackPointExtension>
            <ns3:hr>110</ns3:hr>
          </ns3:TrackPointExtension>
        </extensions>
      </trkpt>
      <trkpt lat="47.806651107966899871826171875" lon="19.195612035691738128662109375">
        <ele>227.1999969482421875</ele>
        <time>2024-09-07T09:43:40.000Z</time>
        <extensions>
          <ns3:TrackPointExtension>
            <ns3:hr>110</ns3:hr>
          </ns3:TrackPointExtension>
        </extensions>
      </trkpt>
      <trkpt lat="47.80663090758025646209716796875" lon="19.1957275383174419403076171875">
        <ele>226</ele>
        <time>2024-09-07T09:43:48.000Z</time>
        <extensions>
          <ns3:TrackPointExtension>
            <ns3:hr>108</ns3:hr>
          </ns3:TrackPointExtension>
        </extensions>
      </trkpt>
      <trkpt lat="47.806612886488437652587890625" lon="19.19578311033546924591064453125">
        <ele>225.8000030517578125</ele>
        <time>2024-09-07T09:43:52.000Z</time>
        <extensions>
          <ns3:TrackPointExtension>
            <ns3:hr>104</ns3:hr>
          </ns3:TrackPointExtension>
        </extensions>
      </trkpt>
      <trkpt lat="47.8066013194620609283447265625" lon="19.1958106867969036102294921875">
        <ele>225.8000030517578125</ele>
        <time>2024-09-07T09:43:54.000Z</time>
        <extensions>
          <ns3:TrackPointExtension>
            <ns3:hr>107</ns3:hr>
          </ns3:TrackPointExtension>
        </extensions>
      </trkpt>
      <trkpt lat="47.8065902553498744964599609375" lon="19.19584781862795352935791015625">
        <ele>225.8000030517578125</ele>
        <time>2024-09-07T09:43:57.000Z</time>
        <extensions>
          <ns3:TrackPointExtension>
            <ns3:hr>102</ns3:hr>
          </ns3:TrackPointExtension>
        </extensions>
      </trkpt>
      <trkpt lat="47.80657298862934112548828125" lon="19.19587916694581508636474609375">
        <ele>225.600006103515625</ele>
        <time>2024-09-07T09:43:59.000Z</time>
        <extensions>
          <ns3:TrackPointExtension>
            <ns3:hr>99</ns3:hr>
          </ns3:TrackPointExtension>
        </extensions>
      </trkpt>
      <trkpt lat="47.80655345879495143890380859375" lon="19.19590984471142292022705078125">
        <ele>225.600006103515625</ele>
        <time>2024-09-07T09:44:02.000Z</time>
        <extensions>
          <ns3:TrackPointExtension>
            <ns3:hr>98</ns3:hr>
          </ns3:TrackPointExtension>
        </extensions>
      </trkpt>
      <trkpt lat="47.80654080212116241455078125" lon="19.19591185636818408966064453125">
        <ele>225.600006103515625</ele>
        <time>2024-09-07T09:44:07.000Z</time>
        <extensions>
          <ns3:TrackPointExtension>
            <ns3:hr>99</ns3:hr>
          </ns3:TrackPointExtension>
        </extensions>
      </trkpt>
      <trkpt lat="47.80651892535388469696044921875" lon="19.1959629021584987640380859375">
        <ele>225.1999969482421875</ele>
        <time>2024-09-07T09:44:13.000Z</time>
        <extensions>
          <ns3:TrackPointExtension>
            <ns3:hr>97</ns3:hr>
          </ns3:TrackPointExtension>
        </extensions>
      </trkpt>
      <trkpt lat="47.80648590065538883209228515625" lon="19.1960225813090801239013671875">
        <ele>224.8000030517578125</ele>
        <time>2024-09-07T09:44:19.000Z</time>
        <extensions>
          <ns3:TrackPointExtension>
            <ns3:hr>98</ns3:hr>
          </ns3:TrackPointExtension>
        </extensions>
      </trkpt>
      <trkpt lat="47.8064422309398651123046875" lon="19.19613213278353214263916015625">
        <ele>224.600006103515625</ele>
        <time>2024-09-07T09:44:27.000Z</time>
        <extensions>
          <ns3:TrackPointExtension>
            <ns3:hr>99</ns3:hr>
          </ns3:TrackPointExtension>
        </extensions>
      </trkpt>
      <trkpt lat="47.80642437748610973358154296875" lon="19.1961489804089069366455078125">
        <ele>224.8000030517578125</ele>
        <time>2024-09-07T09:44:29.000Z</time>
        <extensions>
          <ns3:TrackPointExtension>
            <ns3:hr>95</ns3:hr>
          </ns3:TrackPointExtension>
        </extensions>
      </trkpt>
      <trkpt lat="47.80638045631349086761474609375" lon="19.19621695764362812042236328125">
        <ele>225</ele>
        <time>2024-09-07T09:44:34.000Z</time>
        <extensions>
          <ns3:TrackPointExtension>
            <ns3:hr>98</ns3:hr>
          </ns3:TrackPointExtension>
        </extensions>
      </trkpt>
      <trkpt lat="47.8063686378300189971923828125" lon="19.19623305089771747589111328125">
        <ele>225</ele>
        <time>2024-09-07T09:44:36.000Z</time>
        <extensions>
          <ns3:TrackPointExtension>
            <ns3:hr>98</ns3:hr>
          </ns3:TrackPointExtension>
        </extensions>
      </trkpt>
      <trkpt lat="47.8063424862921237945556640625" lon="19.196276552975177764892578125">
        <ele>224.8000030517578125</ele>
        <time>2024-09-07T09:44:42.000Z</time>
        <extensions>
          <ns3:TrackPointExtension>
            <ns3:hr>99</ns3:hr>
          </ns3:TrackPointExtension>
        </extensions>
      </trkpt>
      <trkpt lat="47.8063019178807735443115234375" lon="19.1963414289057254791259765625">
        <ele>225</ele>
        <time>2024-09-07T09:44:50.000Z</time>
        <extensions>
          <ns3:TrackPointExtension>
            <ns3:hr>99</ns3:hr>
          </ns3:TrackPointExtension>
        </extensions>
      </trkpt>
      <trkpt lat="47.80624534003436565399169921875" lon="19.19638954102993011474609375">
        <ele>225.600006103515625</ele>
        <time>2024-09-07T09:44:58.000Z</time>
        <extensions>
          <ns3:TrackPointExtension>
            <ns3:hr>101</ns3:hr>
          </ns3:TrackPointExtension>
        </extensions>
      </trkpt>
      <trkpt lat="47.80621114186942577362060546875" lon="19.19641829095780849456787109375">
        <ele>226</ele>
        <time>2024-09-07T09:45:04.000Z</time>
        <extensions>
          <ns3:TrackPointExtension>
            <ns3:hr>102</ns3:hr>
          </ns3:TrackPointExtension>
        </extensions>
      </trkpt>
      <trkpt lat="47.8061661310493946075439453125" lon="19.196447543799877166748046875">
        <ele>226.8000030517578125</ele>
        <time>2024-09-07T09:45:10.000Z</time>
        <extensions>
          <ns3:TrackPointExtension>
            <ns3:hr>103</ns3:hr>
          </ns3:TrackPointExtension>
        </extensions>
      </trkpt>
      <trkpt lat="47.80611759983003139495849609375" lon="19.1964802332222461700439453125">
        <ele>227.8000030517578125</ele>
        <time>2024-09-07T09:45:17.000Z</time>
        <extensions>
          <ns3:TrackPointExtension>
            <ns3:hr>102</ns3:hr>
          </ns3:TrackPointExtension>
        </extensions>
      </trkpt>
      <trkpt lat="47.80607284046709537506103515625" lon="19.19651870615780353546142578125">
        <ele>228.600006103515625</ele>
        <time>2024-09-07T09:45:24.000Z</time>
        <extensions>
          <ns3:TrackPointExtension>
            <ns3:hr>105</ns3:hr>
          </ns3:TrackPointExtension>
        </extensions>
      </trkpt>
      <trkpt lat="47.806047610938549041748046875" lon="19.196540750563144683837890625">
        <ele>229</ele>
        <time>2024-09-07T09:45:27.000Z</time>
        <extensions>
          <ns3:TrackPointExtension>
            <ns3:hr>105</ns3:hr>
          </ns3:TrackPointExtension>
        </extensions>
      </trkpt>
      <trkpt lat="47.80600947327911853790283203125" lon="19.196605794131755828857421875">
        <ele>229.600006103515625</ele>
        <time>2024-09-07T09:45:36.000Z</time>
        <extensions>
          <ns3:TrackPointExtension>
            <ns3:hr>103</ns3:hr>
          </ns3:TrackPointExtension>
        </extensions>
      </trkpt>
      <trkpt lat="47.8059626184403896331787109375" lon="19.19668718241155147552490234375">
        <ele>230.1999969482421875</ele>
        <time>2024-09-07T09:45:43.000Z</time>
        <extensions>
          <ns3:TrackPointExtension>
            <ns3:hr>103</ns3:hr>
          </ns3:TrackPointExtension>
        </extensions>
      </trkpt>
      <trkpt lat="47.8059565834701061248779296875" lon="19.19669355265796184539794921875">
        <ele>230.1999969482421875</ele>
        <time>2024-09-07T09:45:44.000Z</time>
        <extensions>
          <ns3:TrackPointExtension>
            <ns3:hr>104</ns3:hr>
          </ns3:TrackPointExtension>
        </extensions>
      </trkpt>
      <trkpt lat="47.8059505484998226165771484375" lon="19.19670201838016510009765625">
        <ele>230.399993896484375</ele>
        <time>2024-09-07T09:45:45.000Z</time>
        <extensions>
          <ns3:TrackPointExtension>
            <ns3:hr>104</ns3:hr>
          </ns3:TrackPointExtension>
        </extensions>
      </trkpt>
      <trkpt lat="47.805936634540557861328125" lon="19.19672573916614055633544921875">
        <ele>230.600006103515625</ele>
        <time>2024-09-07T09:45:49.000Z</time>
        <extensions>
          <ns3:TrackPointExtension>
            <ns3:hr>104</ns3:hr>
          </ns3:TrackPointExtension>
        </extensions>
      </trkpt>
      <trkpt lat="47.8059337846934795379638671875" lon="19.1967306844890117645263671875">
        <ele>230.600006103515625</ele>
        <time>2024-09-07T09:45:50.000Z</time>
        <extensions>
          <ns3:TrackPointExtension>
            <ns3:hr>101</ns3:hr>
          </ns3:TrackPointExtension>
        </extensions>
      </trkpt>
      <trkpt lat="47.8059290908277034759521484375" lon="19.19673529453575611114501953125">
        <ele>230.600006103515625</ele>
        <time>2024-09-07T09:45:51.000Z</time>
        <extensions>
          <ns3:TrackPointExtension>
            <ns3:hr>104</ns3:hr>
          </ns3:TrackPointExtension>
        </extensions>
      </trkpt>
      <trkpt lat="47.8058935515582561492919921875" lon="19.19678206555545330047607421875">
        <ele>231</ele>
        <time>2024-09-07T09:45:57.000Z</time>
        <extensions>
          <ns3:TrackPointExtension>
            <ns3:hr>103</ns3:hr>
          </ns3:TrackPointExtension>
        </extensions>
      </trkpt>
      <trkpt lat="47.80587955377995967864990234375" lon="19.19682095758616924285888671875">
        <ele>231</ele>
        <time>2024-09-07T09:46:02.000Z</time>
        <extensions>
          <ns3:TrackPointExtension>
            <ns3:hr>106</ns3:hr>
          </ns3:TrackPointExtension>
        </extensions>
      </trkpt>
      <trkpt lat="47.80586446635425090789794921875" lon="19.19686068780720233917236328125">
        <ele>231.1999969482421875</ele>
        <time>2024-09-07T09:46:06.000Z</time>
        <extensions>
          <ns3:TrackPointExtension>
            <ns3:hr>106</ns3:hr>
          </ns3:TrackPointExtension>
        </extensions>
      </trkpt>
      <trkpt lat="47.8058378957211971282958984375" lon="19.1969278268516063690185546875">
        <ele>231</ele>
        <time>2024-09-07T09:46:12.000Z</time>
        <extensions>
          <ns3:TrackPointExtension>
            <ns3:hr>108</ns3:hr>
          </ns3:TrackPointExtension>
        </extensions>
      </trkpt>
      <trkpt lat="47.80578768812119960784912109375" lon="19.1970612667500972747802734375">
        <ele>230.8000030517578125</ele>
        <time>2024-09-07T09:46:24.000Z</time>
        <extensions>
          <ns3:TrackPointExtension>
            <ns3:hr>105</ns3:hr>
          </ns3:TrackPointExtension>
        </extensions>
      </trkpt>
      <trkpt lat="47.805734463036060333251953125" lon="19.1971387155354022979736328125">
        <ele>231.600006103515625</ele>
        <time>2024-09-07T09:46:32.000Z</time>
        <extensions>
          <ns3:TrackPointExtension>
            <ns3:hr>101</ns3:hr>
          </ns3:TrackPointExtension>
        </extensions>
      </trkpt>
      <trkpt lat="47.805731110274791717529296875" lon="19.1971467621624469757080078125">
        <ele>231.600006103515625</ele>
        <time>2024-09-07T09:46:33.000Z</time>
        <extensions>
          <ns3:TrackPointExtension>
            <ns3:hr>101</ns3:hr>
          </ns3:TrackPointExtension>
        </extensions>
      </trkpt>
      <trkpt lat="47.8056746162474155426025390625" lon="19.1972429864108562469482421875">
        <ele>231.399993896484375</ele>
        <time>2024-09-07T09:46:43.000Z</time>
        <extensions>
          <ns3:TrackPointExtension>
            <ns3:hr>102</ns3:hr>
          </ns3:TrackPointExtension>
        </extensions>
      </trkpt>
      <trkpt lat="47.8056434355676174163818359375" lon="19.19733795337378978729248046875">
        <ele>230.399993896484375</ele>
        <time>2024-09-07T09:46:53.000Z</time>
        <extensions>
          <ns3:TrackPointExtension>
            <ns3:hr>102</ns3:hr>
          </ns3:TrackPointExtension>
        </extensions>
      </trkpt>
      <trkpt lat="47.80563932843506336212158203125" lon="19.1973405517637729644775390625">
        <ele>230.399993896484375</ele>
        <time>2024-09-07T09:46:58.000Z</time>
        <extensions>
          <ns3:TrackPointExtension>
            <ns3:hr>99</ns3:hr>
          </ns3:TrackPointExtension>
        </extensions>
      </trkpt>
      <trkpt lat="47.80563396401703357696533203125" lon="19.19734801165759563446044921875">
        <ele>230.399993896484375</ele>
        <time>2024-09-07T09:46:59.000Z</time>
        <extensions>
          <ns3:TrackPointExtension>
            <ns3:hr>99</ns3:hr>
          </ns3:TrackPointExtension>
        </extensions>
      </trkpt>
      <trkpt lat="47.80560781247913837432861328125" lon="19.19740341603755950927734375">
        <ele>230</ele>
        <time>2024-09-07T09:47:08.000Z</time>
        <extensions>
          <ns3:TrackPointExtension>
            <ns3:hr>100</ns3:hr>
          </ns3:TrackPointExtension>
        </extensions>
      </trkpt>
      <trkpt lat="47.805568836629390716552734375" lon="19.197466783225536346435546875">
        <ele>229.8000030517578125</ele>
        <time>2024-09-07T09:47:15.000Z</time>
        <extensions>
          <ns3:TrackPointExtension>
            <ns3:hr>103</ns3:hr>
          </ns3:TrackPointExtension>
        </extensions>
      </trkpt>
      <trkpt lat="47.8055663220584392547607421875" lon="19.19749184511601924896240234375">
        <ele>229.600006103515625</ele>
        <time>2024-09-07T09:47:17.000Z</time>
        <extensions>
          <ns3:TrackPointExtension>
            <ns3:hr>103</ns3:hr>
          </ns3:TrackPointExtension>
        </extensions>
      </trkpt>
      <trkpt lat="47.8055351413786411285400390625" lon="19.1975564695894718170166015625">
        <ele>229.1999969482421875</ele>
        <time>2024-09-07T09:47:23.000Z</time>
        <extensions>
          <ns3:TrackPointExtension>
            <ns3:hr>102</ns3:hr>
          </ns3:TrackPointExtension>
        </extensions>
      </trkpt>
      <trkpt lat="47.8054918907582759857177734375" lon="19.1976255364716053009033203125">
        <ele>229</ele>
        <time>2024-09-07T09:47:29.000Z</time>
        <extensions>
          <ns3:TrackPointExtension>
            <ns3:hr>99</ns3:hr>
          </ns3:TrackPointExtension>
        </extensions>
      </trkpt>
      <trkpt lat="47.8054861910641193389892578125" lon="19.19763215817511081695556640625">
        <ele>228.8000030517578125</ele>
        <time>2024-09-07T09:47:30.000Z</time>
        <extensions>
          <ns3:TrackPointExtension>
            <ns3:hr>99</ns3:hr>
          </ns3:TrackPointExtension>
        </extensions>
      </trkpt>
      <trkpt lat="47.80544553883373737335205078125" lon="19.19769753701984882354736328125">
        <ele>228.399993896484375</ele>
        <time>2024-09-07T09:47:37.000Z</time>
        <extensions>
          <ns3:TrackPointExtension>
            <ns3:hr>98</ns3:hr>
          </ns3:TrackPointExtension>
        </extensions>
      </trkpt>
      <trkpt lat="47.80536239035427570343017578125" lon="19.19782108627259731292724609375">
        <ele>228.600006103515625</ele>
        <time>2024-09-07T09:47:48.000Z</time>
        <extensions>
          <ns3:TrackPointExtension>
            <ns3:hr>98</ns3:hr>
          </ns3:TrackPointExtension>
        </extensions>
      </trkpt>
      <trkpt lat="47.80530639924108982086181640625" lon="19.19790901243686676025390625">
        <ele>229</ele>
        <time>2024-09-07T09:47:57.000Z</time>
        <extensions>
          <ns3:TrackPointExtension>
            <ns3:hr>96</ns3:hr>
          </ns3:TrackPointExtension>
        </extensions>
      </trkpt>
      <trkpt lat="47.80528552830219268798828125" lon="19.19794010929763317108154296875">
        <ele>229.1999969482421875</ele>
        <time>2024-09-07T09:48:00.000Z</time>
        <extensions>
          <ns3:TrackPointExtension>
            <ns3:hr>96</ns3:hr>
          </ns3:TrackPointExtension>
        </extensions>
      </trkpt>
      <trkpt lat="47.80526599846780300140380859375" lon="19.1979849524796009063720703125">
        <ele>228.8000030517578125</ele>
        <time>2024-09-07T09:48:04.000Z</time>
        <extensions>
          <ns3:TrackPointExtension>
            <ns3:hr>96</ns3:hr>
          </ns3:TrackPointExtension>
        </extensions>
      </trkpt>
      <trkpt lat="47.8052164614200592041015625" lon="19.19804354198276996612548828125">
        <ele>229.1999969482421875</ele>
        <time>2024-09-07T09:48:11.000Z</time>
        <extensions>
          <ns3:TrackPointExtension>
            <ns3:hr>96</ns3:hr>
          </ns3:TrackPointExtension>
        </extensions>
      </trkpt>
      <trkpt lat="47.80520061962306499481201171875" lon="19.19806189835071563720703125">
        <ele>229.1999969482421875</ele>
        <time>2024-09-07T09:48:19.000Z</time>
        <extensions>
          <ns3:TrackPointExtension>
            <ns3:hr>98</ns3:hr>
          </ns3:TrackPointExtension>
        </extensions>
      </trkpt>
      <trkpt lat="47.80517195351421833038330078125" lon="19.19810305349528789520263671875">
        <ele>229.1999969482421875</ele>
        <time>2024-09-07T09:48:29.000Z</time>
        <extensions>
          <ns3:TrackPointExtension>
            <ns3:hr>99</ns3:hr>
          </ns3:TrackPointExtension>
        </extensions>
      </trkpt>
      <trkpt lat="47.8050996176898479461669921875" lon="19.1981562785804271697998046875">
        <ele>230</ele>
        <time>2024-09-07T09:48:36.000Z</time>
        <extensions>
          <ns3:TrackPointExtension>
            <ns3:hr>100</ns3:hr>
          </ns3:TrackPointExtension>
        </extensions>
      </trkpt>
      <trkpt lat="47.8050567023456096649169921875" lon="19.19817949645221233367919921875">
        <ele>230.600006103515625</ele>
        <time>2024-09-07T09:48:43.000Z</time>
        <extensions>
          <ns3:TrackPointExtension>
            <ns3:hr>100</ns3:hr>
          </ns3:TrackPointExtension>
        </extensions>
      </trkpt>
      <trkpt lat="47.80500096268951892852783203125" lon="19.198190309107303619384765625">
        <ele>231.600006103515625</ele>
        <time>2024-09-07T09:48:51.000Z</time>
        <extensions>
          <ns3:TrackPointExtension>
            <ns3:hr>103</ns3:hr>
          </ns3:TrackPointExtension>
        </extensions>
      </trkpt>
      <trkpt lat="47.80497095547616481781005859375" lon="19.19820648618042469024658203125">
        <ele>232</ele>
        <time>2024-09-07T09:48:55.000Z</time>
        <extensions>
          <ns3:TrackPointExtension>
            <ns3:hr>106</ns3:hr>
          </ns3:TrackPointExtension>
        </extensions>
      </trkpt>
      <trkpt lat="47.80493357218801975250244140625" lon="19.1982297040522098541259765625">
        <ele>232.600006103515625</ele>
        <time>2024-09-07T09:48:59.000Z</time>
        <extensions>
          <ns3:TrackPointExtension>
            <ns3:hr>108</ns3:hr>
          </ns3:TrackPointExtension>
        </extensions>
      </trkpt>
      <trkpt lat="47.804856039583683013916015625" lon="19.1982719488441944122314453125">
        <ele>233.600006103515625</ele>
        <time>2024-09-07T09:49:08.000Z</time>
        <extensions>
          <ns3:TrackPointExtension>
            <ns3:hr>107</ns3:hr>
          </ns3:TrackPointExtension>
        </extensions>
      </trkpt>
      <trkpt lat="47.80481102876365184783935546875" lon="19.19829382561147212982177734375">
        <ele>234.1999969482421875</ele>
        <time>2024-09-07T09:49:16.000Z</time>
        <extensions>
          <ns3:TrackPointExtension>
            <ns3:hr>109</ns3:hr>
          </ns3:TrackPointExtension>
        </extensions>
      </trkpt>
      <trkpt lat="47.80476056970655918121337890625" lon="19.1983227431774139404296875">
        <ele>234.8000030517578125</ele>
        <time>2024-09-07T09:49:27.000Z</time>
        <extensions>
          <ns3:TrackPointExtension>
            <ns3:hr>112</ns3:hr>
          </ns3:TrackPointExtension>
        </extensions>
      </trkpt>
      <trkpt lat="47.80466803349554538726806640625" lon="19.198349229991436004638671875">
        <ele>236</ele>
        <time>2024-09-07T09:49:38.000Z</time>
        <extensions>
          <ns3:TrackPointExtension>
            <ns3:hr>113</ns3:hr>
          </ns3:TrackPointExtension>
        </extensions>
      </trkpt>
      <trkpt lat="47.8046101145446300506591796875" lon="19.19837378896772861480712890625">
        <ele>236.8000030517578125</ele>
        <time>2024-09-07T09:49:47.000Z</time>
        <extensions>
          <ns3:TrackPointExtension>
            <ns3:hr>111</ns3:hr>
          </ns3:TrackPointExtension>
        </extensions>
      </trkpt>
      <trkpt lat="47.80452604405581951141357421875" lon="19.19839373789727687835693359375">
        <ele>238</ele>
        <time>2024-09-07T09:49:57.000Z</time>
        <extensions>
          <ns3:TrackPointExtension>
            <ns3:hr>109</ns3:hr>
          </ns3:TrackPointExtension>
        </extensions>
      </trkpt>
      <trkpt lat="47.80446418561041355133056640625" lon="19.19841301627457141876220703125">
        <ele>238.8000030517578125</ele>
        <time>2024-09-07T09:50:04.000Z</time>
        <extensions>
          <ns3:TrackPointExtension>
            <ns3:hr>110</ns3:hr>
          </ns3:TrackPointExtension>
        </extensions>
      </trkpt>
      <trkpt lat="47.80439076013863086700439453125" lon="19.1984181292355060577392578125">
        <ele>240</ele>
        <time>2024-09-07T09:50:12.000Z</time>
        <extensions>
          <ns3:TrackPointExtension>
            <ns3:hr>110</ns3:hr>
          </ns3:TrackPointExtension>
        </extensions>
      </trkpt>
      <trkpt lat="47.80434449203312397003173828125" lon="19.198436401784420013427734375">
        <ele>240.600006103515625</ele>
        <time>2024-09-07T09:50:20.000Z</time>
        <extensions>
          <ns3:TrackPointExtension>
            <ns3:hr>110</ns3:hr>
          </ns3:TrackPointExtension>
        </extensions>
      </trkpt>
      <trkpt lat="47.80427676625549793243408203125" lon="19.1984503157436847686767578125">
        <ele>241.600006103515625</ele>
        <time>2024-09-07T09:50:28.000Z</time>
        <extensions>
          <ns3:TrackPointExtension>
            <ns3:hr>114</ns3:hr>
          </ns3:TrackPointExtension>
        </extensions>
      </trkpt>
      <trkpt lat="47.804262936115264892578125" lon="19.1984590329229831695556640625">
        <ele>241.8000030517578125</ele>
        <time>2024-09-07T09:50:30.000Z</time>
        <extensions>
          <ns3:TrackPointExtension>
            <ns3:hr>115</ns3:hr>
          </ns3:TrackPointExtension>
        </extensions>
      </trkpt>
      <trkpt lat="47.80418406240642070770263671875" lon="19.19850219972431659698486328125">
        <ele>242.600006103515625</ele>
        <time>2024-09-07T09:50:40.000Z</time>
        <extensions>
          <ns3:TrackPointExtension>
            <ns3:hr>116</ns3:hr>
          </ns3:TrackPointExtension>
        </extensions>
      </trkpt>
      <trkpt lat="47.80413678847253322601318359375" lon="19.19852483086287975311279296875">
        <ele>243.1999969482421875</ele>
        <time>2024-09-07T09:50:47.000Z</time>
        <extensions>
          <ns3:TrackPointExtension>
            <ns3:hr>116</ns3:hr>
          </ns3:TrackPointExtension>
        </extensions>
      </trkpt>
      <trkpt lat="47.80406855978071689605712890625" lon="19.19855182059109210968017578125">
        <ele>244</ele>
        <time>2024-09-07T09:50:55.000Z</time>
        <extensions>
          <ns3:TrackPointExtension>
            <ns3:hr>116</ns3:hr>
          </ns3:TrackPointExtension>
        </extensions>
      </trkpt>
      <trkpt lat="47.80399312265217304229736328125" lon="19.1985850967466831207275390625">
        <ele>244.8000030517578125</ele>
        <time>2024-09-07T09:51:05.000Z</time>
        <extensions>
          <ns3:TrackPointExtension>
            <ns3:hr>116</ns3:hr>
          </ns3:TrackPointExtension>
        </extensions>
      </trkpt>
      <trkpt lat="47.80393964610993862152099609375" lon="19.1986152715981006622314453125">
        <ele>245.399993896484375</ele>
        <time>2024-09-07T09:51:10.000Z</time>
        <extensions>
          <ns3:TrackPointExtension>
            <ns3:hr>113</ns3:hr>
          </ns3:TrackPointExtension>
        </extensions>
      </trkpt>
      <trkpt lat="47.80391433276236057281494140625" lon="19.1986283473670482635498046875">
        <ele>245.600006103515625</ele>
        <time>2024-09-07T09:51:13.000Z</time>
        <extensions>
          <ns3:TrackPointExtension>
            <ns3:hr>115</ns3:hr>
          </ns3:TrackPointExtension>
        </extensions>
      </trkpt>
      <trkpt lat="47.803849540650844573974609375" lon="19.19865776784718036651611328125">
        <ele>246.399993896484375</ele>
        <time>2024-09-07T09:51:21.000Z</time>
        <extensions>
          <ns3:TrackPointExtension>
            <ns3:hr>113</ns3:hr>
          </ns3:TrackPointExtension>
        </extensions>
      </trkpt>
      <trkpt lat="47.8037719242274761199951171875" lon="19.19870001263916492462158203125">
        <ele>247.1999969482421875</ele>
        <time>2024-09-07T09:51:32.000Z</time>
        <extensions>
          <ns3:TrackPointExtension>
            <ns3:hr>115</ns3:hr>
          </ns3:TrackPointExtension>
        </extensions>
      </trkpt>
      <trkpt lat="47.8036777116358280181884765625" lon="19.1987691633403301239013671875">
        <ele>247.8000030517578125</ele>
        <time>2024-09-07T09:51:43.000Z</time>
        <extensions>
          <ns3:TrackPointExtension>
            <ns3:hr>114</ns3:hr>
          </ns3:TrackPointExtension>
        </extensions>
      </trkpt>
      <trkpt lat="47.8036446869373321533203125" lon="19.19880461879074573516845703125">
        <ele>247.8000030517578125</ele>
        <time>2024-09-07T09:51:47.000Z</time>
        <extensions>
          <ns3:TrackPointExtension>
            <ns3:hr>114</ns3:hr>
          </ns3:TrackPointExtension>
        </extensions>
      </trkpt>
      <trkpt lat="47.803618870675563812255859375" lon="19.1988216340541839599609375">
        <ele>247.8000030517578125</ele>
        <time>2024-09-07T09:51:51.000Z</time>
        <extensions>
          <ns3:TrackPointExtension>
            <ns3:hr>113</ns3:hr>
          </ns3:TrackPointExtension>
        </extensions>
      </trkpt>
      <trkpt lat="47.80356966890394687652587890625" lon="19.19883982278406620025634765625">
        <ele>248.1999969482421875</ele>
        <time>2024-09-07T09:51:59.000Z</time>
        <extensions>
          <ns3:TrackPointExtension>
            <ns3:hr>114</ns3:hr>
          </ns3:TrackPointExtension>
        </extensions>
      </trkpt>
      <trkpt lat="47.8035358898341655731201171875" lon="19.19884015806019306182861328125">
        <ele>248.600006103515625</ele>
        <time>2024-09-07T09:52:06.000Z</time>
        <extensions>
          <ns3:TrackPointExtension>
            <ns3:hr>113</ns3:hr>
          </ns3:TrackPointExtension>
        </extensions>
      </trkpt>
      <trkpt lat="47.803482748568058013916015625" lon="19.1988650523126125335693359375">
        <ele>249</ele>
        <time>2024-09-07T09:52:14.000Z</time>
        <extensions>
          <ns3:TrackPointExtension>
            <ns3:hr>111</ns3:hr>
          </ns3:TrackPointExtension>
        </extensions>
      </trkpt>
      <trkpt lat="47.80342482961714267730712890625" lon="19.1989180259406566619873046875">
        <ele>249.1999969482421875</ele>
        <time>2024-09-07T09:52:21.000Z</time>
        <extensions>
          <ns3:TrackPointExtension>
            <ns3:hr>108</ns3:hr>
          </ns3:TrackPointExtension>
        </extensions>
      </trkpt>
      <trkpt lat="47.80340555123984813690185546875" lon="19.19892045669257640838623046875">
        <ele>249.399993896484375</ele>
        <time>2024-09-07T09:52:24.000Z</time>
        <extensions>
          <ns3:TrackPointExtension>
            <ns3:hr>108</ns3:hr>
          </ns3:TrackPointExtension>
        </extensions>
      </trkpt>
      <trkpt lat="47.803349308669567108154296875" lon="19.19897393323481082916259765625">
        <ele>249.399993896484375</ele>
        <time>2024-09-07T09:52:31.000Z</time>
        <extensions>
          <ns3:TrackPointExtension>
            <ns3:hr>107</ns3:hr>
          </ns3:TrackPointExtension>
        </extensions>
      </trkpt>
      <trkpt lat="47.803265154361724853515625" lon="19.198993630707263946533203125">
        <ele>250.1999969482421875</ele>
        <time>2024-09-07T09:52:40.000Z</time>
        <extensions>
          <ns3:TrackPointExtension>
            <ns3:hr>108</ns3:hr>
          </ns3:TrackPointExtension>
        </extensions>
      </trkpt>
      <trkpt lat="47.803185693919658660888671875" lon="19.19903294183313846588134765625">
        <ele>250.8000030517578125</ele>
        <time>2024-09-07T09:52:51.000Z</time>
        <extensions>
          <ns3:TrackPointExtension>
            <ns3:hr>107</ns3:hr>
          </ns3:TrackPointExtension>
        </extensions>
      </trkpt>
      <trkpt lat="47.803108580410480499267578125" lon="19.19903554022312164306640625">
        <ele>251.8000030517578125</ele>
        <time>2024-09-07T09:53:00.000Z</time>
        <extensions>
          <ns3:TrackPointExtension>
            <ns3:hr>109</ns3:hr>
          </ns3:TrackPointExtension>
        </extensions>
      </trkpt>
      <trkpt lat="47.803078405559062957763671875" lon="19.19902891851961612701416015625">
        <ele>252</ele>
        <time>2024-09-07T09:53:04.000Z</time>
        <extensions>
          <ns3:TrackPointExtension>
            <ns3:hr>112</ns3:hr>
          </ns3:TrackPointExtension>
        </extensions>
      </trkpt>
      <trkpt lat="47.80304546467959880828857421875" lon="19.19899790547788143157958984375">
        <ele>252.600006103515625</ele>
        <time>2024-09-07T09:53:08.000Z</time>
        <extensions>
          <ns3:TrackPointExtension>
            <ns3:hr>113</ns3:hr>
          </ns3:TrackPointExtension>
        </extensions>
      </trkpt>
      <trkpt lat="47.80300271697342395782470703125" lon="19.19895767234265804290771484375">
        <ele>253.399993896484375</ele>
        <time>2024-09-07T09:53:13.000Z</time>
        <extensions>
          <ns3:TrackPointExtension>
            <ns3:hr>113</ns3:hr>
          </ns3:TrackPointExtension>
        </extensions>
      </trkpt>
      <trkpt lat="47.802984528243541717529296875" lon="19.19894141145050525665283203125">
        <ele>253.600006103515625</ele>
        <time>2024-09-07T09:53:16.000Z</time>
        <extensions>
          <ns3:TrackPointExtension>
            <ns3:hr>113</ns3:hr>
          </ns3:TrackPointExtension>
        </extensions>
      </trkpt>
      <trkpt lat="47.8029515035450458526611328125" lon="19.1988806426525115966796875">
        <ele>254.600006103515625</ele>
        <time>2024-09-07T09:53:24.000Z</time>
        <extensions>
          <ns3:TrackPointExtension>
            <ns3:hr>112</ns3:hr>
          </ns3:TrackPointExtension>
        </extensions>
      </trkpt>
      <trkpt lat="47.8029162995517253875732421875" lon="19.19876405037939548492431640625">
        <ele>256</ele>
        <time>2024-09-07T09:53:34.000Z</time>
        <extensions>
          <ns3:TrackPointExtension>
            <ns3:hr>113</ns3:hr>
          </ns3:TrackPointExtension>
        </extensions>
      </trkpt>
      <trkpt lat="47.802885957062244415283203125" lon="19.19865491800010204315185546875">
        <ele>257</ele>
        <time>2024-09-07T09:53:44.000Z</time>
        <extensions>
          <ns3:TrackPointExtension>
            <ns3:hr>112</ns3:hr>
          </ns3:TrackPointExtension>
        </extensions>
      </trkpt>
      <trkpt lat="47.802886962890625" lon="19.198643267154693603515625">
        <ele>257</ele>
        <time>2024-09-07T09:53:53.000Z</time>
        <extensions>
          <ns3:TrackPointExtension>
            <ns3:hr>114</ns3:hr>
          </ns3:TrackPointExtension>
        </extensions>
      </trkpt>
      <trkpt lat="47.80286173336207866668701171875" lon="19.19865290634334087371826171875">
        <ele>257</ele>
        <time>2024-09-07T09:54:02.000Z</time>
        <extensions>
          <ns3:TrackPointExtension>
            <ns3:hr>116</ns3:hr>
          </ns3:TrackPointExtension>
        </extensions>
      </trkpt>
      <trkpt lat="47.8028479032218456268310546875" lon="19.1986622102558612823486328125">
        <ele>257</ele>
        <time>2024-09-07T09:54:08.000Z</time>
        <extensions>
          <ns3:TrackPointExtension>
            <ns3:hr>118</ns3:hr>
          </ns3:TrackPointExtension>
        </extensions>
      </trkpt>
      <trkpt lat="47.802841700613498687744140625" lon="19.19866112060844898223876953125">
        <ele>257.20001220703125</ele>
        <time>2024-09-07T09:54:15.000Z</time>
        <extensions>
          <ns3:TrackPointExtension>
            <ns3:hr>121</ns3:hr>
          </ns3:TrackPointExtension>
        </extensions>
      </trkpt>
      <trkpt lat="47.802841700613498687744140625" lon="19.19866112060844898223876953125">
        <ele>257.20001220703125</ele>
        <time>2024-09-07T09:54:16.000Z</time>
        <extensions>
          <ns3:TrackPointExtension>
            <ns3:hr>121</ns3:hr>
          </ns3:TrackPointExtension>
        </extensions>
      </trkpt>
      <trkpt lat="47.802841700613498687744140625" lon="19.19866112060844898223876953125">
        <ele>257.20001220703125</ele>
        <time>2024-09-07T09:54:29.000Z</time>
        <extensions>
          <ns3:TrackPointExtension>
            <ns3:hr>118</ns3:hr>
          </ns3:TrackPointExtension>
        </extensions>
      </trkpt>
      <trkpt lat="47.80284547246992588043212890625" lon="19.1986394114792346954345703125">
        <ele>257.20001220703125</ele>
        <time>2024-09-07T09:54:53.000Z</time>
        <extensions>
          <ns3:TrackPointExtension>
            <ns3:hr>122</ns3:hr>
          </ns3:TrackPointExtension>
        </extensions>
      </trkpt>
      <trkpt lat="47.8028422035276889801025390625" lon="19.19863932766020298004150390625">
        <ele>257.20001220703125</ele>
        <time>2024-09-07T09:54:55.000Z</time>
        <extensions>
          <ns3:TrackPointExtension>
            <ns3:hr>126</ns3:hr>
          </ns3:TrackPointExtension>
        </extensions>
      </trkpt>
      <trkpt lat="47.80283055268228054046630859375" lon="19.19861284084618091583251953125">
        <ele>257.399993896484375</ele>
        <time>2024-09-07T09:54:57.000Z</time>
        <extensions>
          <ns3:TrackPointExtension>
            <ns3:hr>130</ns3:hr>
          </ns3:TrackPointExtension>
        </extensions>
      </trkpt>
      <trkpt lat="47.80282451771199703216552734375" lon="19.19859431684017181396484375">
        <ele>257.600006103515625</ele>
        <time>2024-09-07T09:54:58.000Z</time>
        <extensions>
          <ns3:TrackPointExtension>
            <ns3:hr>133</ns3:hr>
          </ns3:TrackPointExtension>
        </extensions>
      </trkpt>
      <trkpt lat="47.80280943028628826141357421875" lon="19.19855651445686817169189453125">
        <ele>258</ele>
        <time>2024-09-07T09:55:00.000Z</time>
        <extensions>
          <ns3:TrackPointExtension>
            <ns3:hr>138</ns3:hr>
          </ns3:TrackPointExtension>
        </extensions>
      </trkpt>
      <trkpt lat="47.80279953964054584503173828125" lon="19.1985311172902584075927734375">
        <ele>258.20001220703125</ele>
        <time>2024-09-07T09:55:02.000Z</time>
        <extensions>
          <ns3:TrackPointExtension>
            <ns3:hr>139</ns3:hr>
          </ns3:TrackPointExtension>
        </extensions>
      </trkpt>
      <trkpt lat="47.80277355574071407318115234375" lon="19.1984657384455204010009765625">
        <ele>258.79998779296875</ele>
        <time>2024-09-07T09:55:07.000Z</time>
        <extensions>
          <ns3:TrackPointExtension>
            <ns3:hr>136</ns3:hr>
          </ns3:TrackPointExtension>
        </extensions>
      </trkpt>
      <trkpt lat="47.8027702867984771728515625" lon="19.19845660217106342315673828125">
        <ele>258.79998779296875</ele>
        <time>2024-09-07T09:55:08.000Z</time>
        <extensions>
          <ns3:TrackPointExtension>
            <ns3:hr>135</ns3:hr>
          </ns3:TrackPointExtension>
        </extensions>
      </trkpt>
      <trkpt lat="47.8027389384806156158447265625" lon="19.1983691789209842681884765625">
        <ele>259.79998779296875</ele>
        <time>2024-09-07T09:55:16.000Z</time>
        <extensions>
          <ns3:TrackPointExtension>
            <ns3:hr>132</ns3:hr>
          </ns3:TrackPointExtension>
        </extensions>
      </trkpt>
      <trkpt lat="47.80273701064288616180419921875" lon="19.1983574442565441131591796875">
        <ele>259.79998779296875</ele>
        <time>2024-09-07T09:55:18.000Z</time>
        <extensions>
          <ns3:TrackPointExtension>
            <ns3:hr>132</ns3:hr>
          </ns3:TrackPointExtension>
        </extensions>
      </trkpt>
      <trkpt lat="47.80272644944489002227783203125" lon="19.19829986058175563812255859375">
        <ele>260.399993896484375</ele>
        <time>2024-09-07T09:55:25.000Z</time>
        <extensions>
          <ns3:TrackPointExtension>
            <ns3:hr>130</ns3:hr>
          </ns3:TrackPointExtension>
        </extensions>
      </trkpt>
      <trkpt lat="47.80272175557911396026611328125" lon="19.198215119540691375732421875">
        <ele>261.20001220703125</ele>
        <time>2024-09-07T09:55:33.000Z</time>
        <extensions>
          <ns3:TrackPointExtension>
            <ns3:hr>127</ns3:hr>
          </ns3:TrackPointExtension>
        </extensions>
      </trkpt>
      <trkpt lat="47.8027211688458919525146484375" lon="19.1982012055814266204833984375">
        <ele>261.20001220703125</ele>
        <time>2024-09-07T09:55:34.000Z</time>
        <extensions>
          <ns3:TrackPointExtension>
            <ns3:hr>126</ns3:hr>
          </ns3:TrackPointExtension>
        </extensions>
      </trkpt>
      <trkpt lat="47.802735082805156707763671875" lon="19.19809986837208271026611328125">
        <ele>261.600006103515625</ele>
        <time>2024-09-07T09:55:43.000Z</time>
        <extensions>
          <ns3:TrackPointExtension>
            <ns3:hr>123</ns3:hr>
          </ns3:TrackPointExtension>
        </extensions>
      </trkpt>
      <trkpt lat="47.80273986048996448516845703125" lon="19.19806466437876224517822265625">
        <ele>261.600006103515625</ele>
        <time>2024-09-07T09:55:46.000Z</time>
        <extensions>
          <ns3:TrackPointExtension>
            <ns3:hr>123</ns3:hr>
          </ns3:TrackPointExtension>
        </extensions>
      </trkpt>
      <trkpt lat="47.80275930650532245635986328125" lon="19.19791228137910366058349609375">
        <ele>262</ele>
        <time>2024-09-07T09:55:58.000Z</time>
        <extensions>
          <ns3:TrackPointExtension>
            <ns3:hr>122</ns3:hr>
          </ns3:TrackPointExtension>
        </extensions>
      </trkpt>
      <trkpt lat="47.802749164402484893798828125" lon="19.1978196613490581512451171875">
        <ele>262</ele>
        <time>2024-09-07T09:56:07.000Z</time>
        <extensions>
          <ns3:TrackPointExtension>
            <ns3:hr>121</ns3:hr>
          </ns3:TrackPointExtension>
        </extensions>
      </trkpt>
      <trkpt lat="47.80273131094872951507568359375" lon="19.19779694639146327972412109375">
        <ele>262</ele>
        <time>2024-09-07T09:56:10.000Z</time>
        <extensions>
          <ns3:TrackPointExtension>
            <ns3:hr>118</ns3:hr>
          </ns3:TrackPointExtension>
        </extensions>
      </trkpt>
      <trkpt lat="47.8027198277413845062255859375" lon="19.1977666877210140228271484375">
        <ele>262</ele>
        <time>2024-09-07T09:56:13.000Z</time>
        <extensions>
          <ns3:TrackPointExtension>
            <ns3:hr>115</ns3:hr>
          </ns3:TrackPointExtension>
        </extensions>
      </trkpt>
      <trkpt lat="47.8027037344872951507568359375" lon="19.1977432183921337127685546875">
        <ele>262</ele>
        <time>2024-09-07T09:56:16.000Z</time>
        <extensions>
          <ns3:TrackPointExtension>
            <ns3:hr>113</ns3:hr>
          </ns3:TrackPointExtension>
        </extensions>
      </trkpt>
      <trkpt lat="47.80266232788562774658203125" lon="19.19764892198145389556884765625">
        <ele>262</ele>
        <time>2024-09-07T09:56:25.000Z</time>
        <extensions>
          <ns3:TrackPointExtension>
            <ns3:hr>111</ns3:hr>
          </ns3:TrackPointExtension>
        </extensions>
      </trkpt>
      <trkpt lat="47.80262821353971958160400390625" lon="19.1975708864629268646240234375">
        <ele>262</ele>
        <time>2024-09-07T09:56:33.000Z</time>
        <extensions>
          <ns3:TrackPointExtension>
            <ns3:hr>114</ns3:hr>
          </ns3:TrackPointExtension>
        </extensions>
      </trkpt>
      <trkpt lat="47.8026085160672664642333984375" lon="19.19752369634807109832763671875">
        <ele>262</ele>
        <time>2024-09-07T09:56:38.000Z</time>
        <extensions>
          <ns3:TrackPointExtension>
            <ns3:hr>115</ns3:hr>
          </ns3:TrackPointExtension>
        </extensions>
      </trkpt>
      <trkpt lat="47.80257792212069034576416015625" lon="19.19741925783455371856689453125">
        <ele>262</ele>
        <time>2024-09-07T09:56:48.000Z</time>
        <extensions>
          <ns3:TrackPointExtension>
            <ns3:hr>119</ns3:hr>
          </ns3:TrackPointExtension>
        </extensions>
      </trkpt>
      <trkpt lat="47.80257322825491428375244140625" lon="19.197408445179462432861328125">
        <ele>262</ele>
        <time>2024-09-07T09:56:49.000Z</time>
        <extensions>
          <ns3:TrackPointExtension>
            <ns3:hr>118</ns3:hr>
          </ns3:TrackPointExtension>
        </extensions>
      </trkpt>
      <trkpt lat="47.80253098346292972564697265625" lon="19.1973485983908176422119140625">
        <ele>262</ele>
        <time>2024-09-07T09:56:56.000Z</time>
        <extensions>
          <ns3:TrackPointExtension>
            <ns3:hr>116</ns3:hr>
          </ns3:TrackPointExtension>
        </extensions>
      </trkpt>
      <trkpt lat="47.802508771419525146484375" lon="19.197305180132389068603515625">
        <ele>262</ele>
        <time>2024-09-07T09:57:02.000Z</time>
        <extensions>
          <ns3:TrackPointExtension>
            <ns3:hr>112</ns3:hr>
          </ns3:TrackPointExtension>
        </extensions>
      </trkpt>
      <trkpt lat="47.8025065921247005462646484375" lon="19.197295121848583221435546875">
        <ele>262</ele>
        <time>2024-09-07T09:57:03.000Z</time>
        <extensions>
          <ns3:TrackPointExtension>
            <ns3:hr>115</ns3:hr>
          </ns3:TrackPointExtension>
        </extensions>
      </trkpt>
      <trkpt lat="47.8025045804679393768310546875" lon="19.19728539884090423583984375">
        <ele>262</ele>
        <time>2024-09-07T09:57:04.000Z</time>
        <extensions>
          <ns3:TrackPointExtension>
            <ns3:hr>112</ns3:hr>
          </ns3:TrackPointExtension>
        </extensions>
      </trkpt>
      <trkpt lat="47.80249779112637042999267578125" lon="19.19726570136845111846923828125">
        <ele>262</ele>
        <time>2024-09-07T09:57:06.000Z</time>
        <extensions>
          <ns3:TrackPointExtension>
            <ns3:hr>115</ns3:hr>
          </ns3:TrackPointExtension>
        </extensions>
      </trkpt>
      <trkpt lat="47.80244129709899425506591796875" lon="19.197119772434234619140625">
        <ele>262</ele>
        <time>2024-09-07T09:57:20.000Z</time>
        <extensions>
          <ns3:TrackPointExtension>
            <ns3:hr>116</ns3:hr>
          </ns3:TrackPointExtension>
        </extensions>
      </trkpt>
      <trkpt lat="47.8024489246308803558349609375" lon="19.197037629783153533935546875">
        <ele>262.399993896484375</ele>
        <time>2024-09-07T09:57:27.000Z</time>
        <extensions>
          <ns3:TrackPointExtension>
            <ns3:hr>114</ns3:hr>
          </ns3:TrackPointExtension>
        </extensions>
      </trkpt>
      <trkpt lat="47.80245177447795867919921875" lon="19.19703486375510692596435546875">
        <ele>262.399993896484375</ele>
        <time>2024-09-07T09:57:34.000Z</time>
        <extensions>
          <ns3:TrackPointExtension>
            <ns3:hr>113</ns3:hr>
          </ns3:TrackPointExtension>
        </extensions>
      </trkpt>
      <trkpt lat="47.8024402074515819549560546875" lon="19.197018183767795562744140625">
        <ele>262.399993896484375</ele>
        <time>2024-09-07T09:57:48.000Z</time>
        <extensions>
          <ns3:TrackPointExtension>
            <ns3:hr>111</ns3:hr>
          </ns3:TrackPointExtension>
        </extensions>
      </trkpt>
      <trkpt lat="47.80236854217946529388427734375" lon="19.19691584073007106781005859375">
        <ele>262.79998779296875</ele>
        <time>2024-09-07T09:57:54.000Z</time>
        <extensions>
          <ns3:TrackPointExtension>
            <ns3:hr>112</ns3:hr>
          </ns3:TrackPointExtension>
        </extensions>
      </trkpt>
      <trkpt lat="47.80228489078581333160400390625" lon="19.19687963090837001800537109375">
        <ele>262.79998779296875</ele>
        <time>2024-09-07T09:58:02.000Z</time>
        <extensions>
          <ns3:TrackPointExtension>
            <ns3:hr>114</ns3:hr>
          </ns3:TrackPointExtension>
        </extensions>
      </trkpt>
      <trkpt lat="47.80224197544157505035400390625" lon="19.196875356137752532958984375">
        <ele>262.20001220703125</ele>
        <time>2024-09-07T09:58:09.000Z</time>
        <extensions>
          <ns3:TrackPointExtension>
            <ns3:hr>115</ns3:hr>
          </ns3:TrackPointExtension>
        </extensions>
      </trkpt>
      <trkpt lat="47.802231498062610626220703125" lon="19.19687946327030658721923828125">
        <ele>262.20001220703125</ele>
        <time>2024-09-07T09:58:14.000Z</time>
        <extensions>
          <ns3:TrackPointExtension>
            <ns3:hr>112</ns3:hr>
          </ns3:TrackPointExtension>
        </extensions>
      </trkpt>
      <trkpt lat="47.80221532098948955535888671875" lon="19.19688231311738491058349609375">
        <ele>262</ele>
        <time>2024-09-07T09:58:16.000Z</time>
        <extensions>
          <ns3:TrackPointExtension>
            <ns3:hr>109</ns3:hr>
          </ns3:TrackPointExtension>
        </extensions>
      </trkpt>
      <trkpt lat="47.8021998144686222076416015625" lon="19.196882061660289764404296875">
        <ele>261.79998779296875</ele>
        <time>2024-09-07T09:58:18.000Z</time>
        <extensions>
          <ns3:TrackPointExtension>
            <ns3:hr>106</ns3:hr>
          </ns3:TrackPointExtension>
        </extensions>
      </trkpt>
      <trkpt lat="47.80219294130802154541015625" lon="19.19688616879284381866455078125">
        <ele>261.600006103515625</ele>
        <time>2024-09-07T09:58:19.000Z</time>
        <extensions>
          <ns3:TrackPointExtension>
            <ns3:hr>104</ns3:hr>
          </ns3:TrackPointExtension>
        </extensions>
      </trkpt>
      <trkpt lat="47.80217978172004222869873046875" lon="19.19689119793474674224853515625">
        <ele>261.600006103515625</ele>
        <time>2024-09-07T09:58:25.000Z</time>
        <extensions>
          <ns3:TrackPointExtension>
            <ns3:hr>101</ns3:hr>
          </ns3:TrackPointExtension>
        </extensions>
      </trkpt>
      <trkpt lat="47.80217978172004222869873046875" lon="19.19689111411571502685546875">
        <ele>261.600006103515625</ele>
        <time>2024-09-07T09:58:26.000Z</time>
        <extensions>
          <ns3:TrackPointExtension>
            <ns3:hr>101</ns3:hr>
          </ns3:TrackPointExtension>
        </extensions>
      </trkpt>
      <trkpt lat="47.8021666221320629119873046875" lon="19.196894131600856781005859375">
        <ele>261.399993896484375</ele>
        <time>2024-09-07T09:58:43.000Z</time>
        <extensions>
          <ns3:TrackPointExtension>
            <ns3:hr>101</ns3:hr>
          </ns3:TrackPointExtension>
        </extensions>
      </trkpt>
      <trkpt lat="47.80210820026695728302001953125" lon="19.19690578244626522064208984375">
        <ele>260.600006103515625</ele>
        <time>2024-09-07T09:58:49.000Z</time>
        <extensions>
          <ns3:TrackPointExtension>
            <ns3:hr>98</ns3:hr>
          </ns3:TrackPointExtension>
        </extensions>
      </trkpt>
      <trkpt lat="47.8020858205854892730712890625" lon="19.19691433198750019073486328125">
        <ele>260.399993896484375</ele>
        <time>2024-09-07T09:58:52.000Z</time>
        <extensions>
          <ns3:TrackPointExtension>
            <ns3:hr>98</ns3:hr>
          </ns3:TrackPointExtension>
        </extensions>
      </trkpt>
      <trkpt lat="47.802060507237911224365234375" lon="19.196921288967132568359375">
        <ele>260.20001220703125</ele>
        <time>2024-09-07T09:58:59.000Z</time>
        <extensions>
          <ns3:TrackPointExtension>
            <ns3:hr>99</ns3:hr>
          </ns3:TrackPointExtension>
        </extensions>
      </trkpt>
      <trkpt lat="47.8019785322248935699462890625" lon="19.1969469375908374786376953125">
        <ele>259.399993896484375</ele>
        <time>2024-09-07T09:59:08.000Z</time>
        <extensions>
          <ns3:TrackPointExtension>
            <ns3:hr>97</ns3:hr>
          </ns3:TrackPointExtension>
        </extensions>
      </trkpt>
      <trkpt lat="47.80191491357982158660888671875" lon="19.19698189012706279754638671875">
        <ele>258.79998779296875</ele>
        <time>2024-09-07T09:59:16.000Z</time>
        <extensions>
          <ns3:TrackPointExtension>
            <ns3:hr>100</ns3:hr>
          </ns3:TrackPointExtension>
        </extensions>
      </trkpt>
      <trkpt lat="47.80190032906830310821533203125" lon="19.19698272831737995147705078125">
        <ele>258.600006103515625</ele>
        <time>2024-09-07T09:59:18.000Z</time>
        <extensions>
          <ns3:TrackPointExtension>
            <ns3:hr>98</ns3:hr>
          </ns3:TrackPointExtension>
        </extensions>
      </trkpt>
      <trkpt lat="47.80184014700353145599365234375" lon="19.1969640366733074188232421875">
        <ele>258</ele>
        <time>2024-09-07T09:59:28.000Z</time>
        <extensions>
          <ns3:TrackPointExtension>
            <ns3:hr>100</ns3:hr>
          </ns3:TrackPointExtension>
        </extensions>
      </trkpt>
      <trkpt lat="47.8018390573561191558837890625" lon="19.19696328230202198028564453125">
        <ele>258</ele>
        <time>2024-09-07T09:59:37.000Z</time>
        <extensions>
          <ns3:TrackPointExtension>
            <ns3:hr>97</ns3:hr>
          </ns3:TrackPointExtension>
        </extensions>
      </trkpt>
      <trkpt lat="47.8018390573561191558837890625" lon="19.19696328230202198028564453125">
        <ele>258</ele>
        <time>2024-09-07T09:59:42.000Z</time>
        <extensions>
          <ns3:TrackPointExtension>
            <ns3:hr>93</ns3:hr>
          </ns3:TrackPointExtension>
        </extensions>
      </trkpt>
      <trkpt lat="47.801775522530078887939453125" lon="19.197011478245258331298828125">
        <ele>257.79998779296875</ele>
        <time>2024-09-07T09:59:53.000Z</time>
        <extensions>
          <ns3:TrackPointExtension>
            <ns3:hr>94</ns3:hr>
          </ns3:TrackPointExtension>
        </extensions>
      </trkpt>
      <trkpt lat="47.80171575956046581268310546875" lon="19.19704508967697620391845703125">
        <ele>257.20001220703125</ele>
        <time>2024-09-07T09:59:58.000Z</time>
        <extensions>
          <ns3:TrackPointExtension>
            <ns3:hr>97</ns3:hr>
          </ns3:TrackPointExtension>
        </extensions>
      </trkpt>
      <trkpt lat="47.80168600380420684814453125" lon="19.19705380685627460479736328125">
        <ele>257</ele>
        <time>2024-09-07T10:00:02.000Z</time>
        <extensions>
          <ns3:TrackPointExtension>
            <ns3:hr>96</ns3:hr>
          </ns3:TrackPointExtension>
        </extensions>
      </trkpt>
      <trkpt lat="47.80163235962390899658203125" lon="19.197075851261615753173828125">
        <ele>256.600006103515625</ele>
        <time>2024-09-07T10:00:11.000Z</time>
        <extensions>
          <ns3:TrackPointExtension>
            <ns3:hr>96</ns3:hr>
          </ns3:TrackPointExtension>
        </extensions>
      </trkpt>
      <trkpt lat="47.80157762579619884490966796875" lon="19.1970901004970073699951171875">
        <ele>256</ele>
        <time>2024-09-07T10:00:20.000Z</time>
        <extensions>
          <ns3:TrackPointExtension>
            <ns3:hr>97</ns3:hr>
          </ns3:TrackPointExtension>
        </extensions>
      </trkpt>
      <trkpt lat="47.8015423379838466644287109375" lon="19.19710342772305011749267578125">
        <ele>255.600006103515625</ele>
        <time>2024-09-07T10:00:25.000Z</time>
        <extensions>
          <ns3:TrackPointExtension>
            <ns3:hr>93</ns3:hr>
          </ns3:TrackPointExtension>
        </extensions>
      </trkpt>
      <trkpt lat="47.80150805599987506866455078125" lon="19.1971145756542682647705078125">
        <ele>255.1999969482421875</ele>
        <time>2024-09-07T10:00:30.000Z</time>
        <extensions>
          <ns3:TrackPointExtension>
            <ns3:hr>97</ns3:hr>
          </ns3:TrackPointExtension>
        </extensions>
      </trkpt>
      <trkpt lat="47.801500596106052398681640625" lon="19.19711415655910968780517578125">
        <ele>255.1999969482421875</ele>
        <time>2024-09-07T10:00:31.000Z</time>
        <extensions>
          <ns3:TrackPointExtension>
            <ns3:hr>96</ns3:hr>
          </ns3:TrackPointExtension>
        </extensions>
      </trkpt>
      <trkpt lat="47.80142490752041339874267578125" lon="19.19713276438415050506591796875">
        <ele>254.399993896484375</ele>
        <time>2024-09-07T10:00:41.000Z</time>
        <extensions>
          <ns3:TrackPointExtension>
            <ns3:hr>96</ns3:hr>
          </ns3:TrackPointExtension>
        </extensions>
      </trkpt>
      <trkpt lat="47.80131225474178791046142578125" lon="19.1971554793417453765869140625">
        <ele>253.399993896484375</ele>
        <time>2024-09-07T10:00:55.000Z</time>
        <extensions>
          <ns3:TrackPointExtension>
            <ns3:hr>97</ns3:hr>
          </ns3:TrackPointExtension>
        </extensions>
      </trkpt>
      <trkpt lat="47.80127403326332569122314453125" lon="19.19715237803757190704345703125">
        <ele>253</ele>
        <time>2024-09-07T10:01:00.000Z</time>
        <extensions>
          <ns3:TrackPointExtension>
            <ns3:hr>94</ns3:hr>
          </ns3:TrackPointExtension>
        </extensions>
      </trkpt>
      <trkpt lat="47.801264561712741851806640625" lon="19.19715221039950847625732421875">
        <ele>252.8000030517578125</ele>
        <time>2024-09-07T10:01:01.000Z</time>
        <extensions>
          <ns3:TrackPointExtension>
            <ns3:hr>96</ns3:hr>
          </ns3:TrackPointExtension>
        </extensions>
      </trkpt>
      <trkpt lat="47.8012467920780181884765625" lon="19.1971561498939990997314453125">
        <ele>252.600006103515625</ele>
        <time>2024-09-07T10:01:07.000Z</time>
        <extensions>
          <ns3:TrackPointExtension>
            <ns3:hr>93</ns3:hr>
          </ns3:TrackPointExtension>
        </extensions>
      </trkpt>
      <trkpt lat="47.8012456186115741729736328125" lon="19.19715506024658679962158203125">
        <ele>252.600006103515625</ele>
        <time>2024-09-07T10:01:08.000Z</time>
        <extensions>
          <ns3:TrackPointExtension>
            <ns3:hr>95</ns3:hr>
          </ns3:TrackPointExtension>
        </extensions>
      </trkpt>
      <trkpt lat="47.80120496638119220733642578125" lon="19.1971698962152004241943359375">
        <ele>252.1999969482421875</ele>
        <time>2024-09-07T10:01:16.000Z</time>
        <extensions>
          <ns3:TrackPointExtension>
            <ns3:hr>95</ns3:hr>
          </ns3:TrackPointExtension>
        </extensions>
      </trkpt>
      <trkpt lat="47.80117479152977466583251953125" lon="19.1971883364021778106689453125">
        <ele>251.600006103515625</ele>
        <time>2024-09-07T10:01:23.000Z</time>
        <extensions>
          <ns3:TrackPointExtension>
            <ns3:hr>97</ns3:hr>
          </ns3:TrackPointExtension>
        </extensions>
      </trkpt>
      <trkpt lat="47.801138497889041900634765625" lon="19.19719847850501537322998046875">
        <ele>251</ele>
        <time>2024-09-07T10:01:29.000Z</time>
        <extensions>
          <ns3:TrackPointExtension>
            <ns3:hr>94</ns3:hr>
          </ns3:TrackPointExtension>
        </extensions>
      </trkpt>
      <trkpt lat="47.801108323037624359130859375" lon="19.197203926742076873779296875">
        <ele>250.399993896484375</ele>
        <time>2024-09-07T10:01:34.000Z</time>
        <extensions>
          <ns3:TrackPointExtension>
            <ns3:hr>96</ns3:hr>
          </ns3:TrackPointExtension>
        </extensions>
      </trkpt>
      <trkpt lat="47.80109248124063014984130859375" lon="19.19721566140651702880859375">
        <ele>250.1999969482421875</ele>
        <time>2024-09-07T10:01:41.000Z</time>
        <extensions>
          <ns3:TrackPointExtension>
            <ns3:hr>96</ns3:hr>
          </ns3:TrackPointExtension>
        </extensions>
      </trkpt>
      <trkpt lat="47.8010457940399646759033203125" lon="19.1972221992909908294677734375">
        <ele>249.399993896484375</ele>
        <time>2024-09-07T10:01:50.000Z</time>
        <extensions>
          <ns3:TrackPointExtension>
            <ns3:hr>95</ns3:hr>
          </ns3:TrackPointExtension>
        </extensions>
      </trkpt>
      <trkpt lat="47.800978235900402069091796875" lon="19.19724960811436176300048828125">
        <ele>248.1999969482421875</ele>
        <time>2024-09-07T10:01:59.000Z</time>
        <extensions>
          <ns3:TrackPointExtension>
            <ns3:hr>95</ns3:hr>
          </ns3:TrackPointExtension>
        </extensions>
      </trkpt>
      <trkpt lat="47.80088729225099086761474609375" lon="19.1972802020609378814697265625">
        <ele>247</ele>
        <time>2024-09-07T10:02:10.000Z</time>
        <extensions>
          <ns3:TrackPointExtension>
            <ns3:hr>94</ns3:hr>
          </ns3:TrackPointExtension>
        </extensions>
      </trkpt>
      <trkpt lat="47.80087865889072418212890625" lon="19.19728246517479419708251953125">
        <ele>247</ele>
        <time>2024-09-07T10:02:11.000Z</time>
        <extensions>
          <ns3:TrackPointExtension>
            <ns3:hr>97</ns3:hr>
          </ns3:TrackPointExtension>
        </extensions>
      </trkpt>
      <trkpt lat="47.80080984346568584442138671875" lon="19.19731314294040203094482421875">
        <ele>246</ele>
        <time>2024-09-07T10:02:19.000Z</time>
        <extensions>
          <ns3:TrackPointExtension>
            <ns3:hr>100</ns3:hr>
          </ns3:TrackPointExtension>
        </extensions>
      </trkpt>
      <trkpt lat="47.80078955926001071929931640625" lon="19.19731850735843181610107421875">
        <ele>245.8000030517578125</ele>
        <time>2024-09-07T10:02:21.000Z</time>
        <extensions>
          <ns3:TrackPointExtension>
            <ns3:hr>99</ns3:hr>
          </ns3:TrackPointExtension>
        </extensions>
      </trkpt>
      <trkpt lat="47.8007336519658565521240234375" lon="19.1973361931741237640380859375">
        <ele>244.8000030517578125</ele>
        <time>2024-09-07T10:02:28.000Z</time>
        <extensions>
          <ns3:TrackPointExtension>
            <ns3:hr>103</ns3:hr>
          </ns3:TrackPointExtension>
        </extensions>
      </trkpt>
      <trkpt lat="47.80072133056819438934326171875" lon="19.19733962975442409515380859375">
        <ele>244.399993896484375</ele>
        <time>2024-09-07T10:02:30.000Z</time>
        <extensions>
          <ns3:TrackPointExtension>
            <ns3:hr>100</ns3:hr>
          </ns3:TrackPointExtension>
        </extensions>
      </trkpt>
      <trkpt lat="47.80070163309574127197265625" lon="19.19734013266861438751220703125">
        <ele>244.1999969482421875</ele>
        <time>2024-09-07T10:02:32.000Z</time>
        <extensions>
          <ns3:TrackPointExtension>
            <ns3:hr>96</ns3:hr>
          </ns3:TrackPointExtension>
        </extensions>
      </trkpt>
      <trkpt lat="47.80067740939557552337646484375" lon="19.197346083819866180419921875">
        <ele>243.600006103515625</ele>
        <time>2024-09-07T10:02:35.000Z</time>
        <extensions>
          <ns3:TrackPointExtension>
            <ns3:hr>99</ns3:hr>
          </ns3:TrackPointExtension>
        </extensions>
      </trkpt>
      <trkpt lat="47.80063499696552753448486328125" lon="19.1973667033016681671142578125">
        <ele>243</ele>
        <time>2024-09-07T10:02:41.000Z</time>
        <extensions>
          <ns3:TrackPointExtension>
            <ns3:hr>95</ns3:hr>
          </ns3:TrackPointExtension>
        </extensions>
      </trkpt>
      <trkpt lat="47.8006189875304698944091796875" lon="19.19736561365425586700439453125">
        <ele>242.8000030517578125</ele>
        <time>2024-09-07T10:02:43.000Z</time>
        <extensions>
          <ns3:TrackPointExtension>
            <ns3:hr>99</ns3:hr>
          </ns3:TrackPointExtension>
        </extensions>
      </trkpt>
      <trkpt lat="47.800602726638317108154296875" lon="19.197366200387477874755859375">
        <ele>242.399993896484375</ele>
        <time>2024-09-07T10:02:45.000Z</time>
        <extensions>
          <ns3:TrackPointExtension>
            <ns3:hr>96</ns3:hr>
          </ns3:TrackPointExtension>
        </extensions>
      </trkpt>
      <trkpt lat="47.80056056566536426544189453125" lon="19.1973673738539218902587890625">
        <ele>242</ele>
        <time>2024-09-07T10:02:50.000Z</time>
        <extensions>
          <ns3:TrackPointExtension>
            <ns3:hr>97</ns3:hr>
          </ns3:TrackPointExtension>
        </extensions>
      </trkpt>
      <trkpt lat="47.80050172470510005950927734375" lon="19.19738774187862873077392578125">
        <ele>241.399993896484375</ele>
        <time>2024-09-07T10:02:57.000Z</time>
        <extensions>
          <ns3:TrackPointExtension>
            <ns3:hr>97</ns3:hr>
          </ns3:TrackPointExtension>
        </extensions>
      </trkpt>
      <trkpt lat="47.80045981518924236297607421875" lon="19.1974153183400630950927734375">
        <ele>241</ele>
        <time>2024-09-07T10:03:03.000Z</time>
        <extensions>
          <ns3:TrackPointExtension>
            <ns3:hr>96</ns3:hr>
          </ns3:TrackPointExtension>
        </extensions>
      </trkpt>
      <trkpt lat="47.800417654216289520263671875" lon="19.19745613820850849151611328125">
        <ele>240.600006103515625</ele>
        <time>2024-09-07T10:03:10.000Z</time>
        <extensions>
          <ns3:TrackPointExtension>
            <ns3:hr>93</ns3:hr>
          </ns3:TrackPointExtension>
        </extensions>
      </trkpt>
      <trkpt lat="47.80041170306503772735595703125" lon="19.1974698007106781005859375">
        <ele>240.600006103515625</ele>
        <time>2024-09-07T10:03:12.000Z</time>
        <extensions>
          <ns3:TrackPointExtension>
            <ns3:hr>95</ns3:hr>
          </ns3:TrackPointExtension>
        </extensions>
      </trkpt>
      <trkpt lat="47.80038286931812763214111328125" lon="19.19749050401151180267333984375">
        <ele>240</ele>
        <time>2024-09-07T10:03:19.000Z</time>
        <extensions>
          <ns3:TrackPointExtension>
            <ns3:hr>94</ns3:hr>
          </ns3:TrackPointExtension>
        </extensions>
      </trkpt>
      <trkpt lat="47.80033961869776248931884765625" lon="19.19752755202353000640869140625">
        <ele>239.399993896484375</ele>
        <time>2024-09-07T10:03:27.000Z</time>
        <extensions>
          <ns3:TrackPointExtension>
            <ns3:hr>92</ns3:hr>
          </ns3:TrackPointExtension>
        </extensions>
      </trkpt>
      <trkpt lat="47.80029418878257274627685546875" lon="19.19756040908396244049072265625">
        <ele>238.8000030517578125</ele>
        <time>2024-09-07T10:03:38.000Z</time>
        <extensions>
          <ns3:TrackPointExtension>
            <ns3:hr>95</ns3:hr>
          </ns3:TrackPointExtension>
        </extensions>
      </trkpt>
      <trkpt lat="47.80027206055819988250732421875" lon="19.1975853033363819122314453125">
        <ele>238.399993896484375</ele>
        <time>2024-09-07T10:03:43.000Z</time>
        <extensions>
          <ns3:TrackPointExtension>
            <ns3:hr>98</ns3:hr>
          </ns3:TrackPointExtension>
        </extensions>
      </trkpt>
      <trkpt lat="47.8002583980560302734375" lon="19.197629392147064208984375">
        <ele>238.1999969482421875</ele>
        <time>2024-09-07T10:03:48.000Z</time>
        <extensions>
          <ns3:TrackPointExtension>
            <ns3:hr>98</ns3:hr>
          </ns3:TrackPointExtension>
        </extensions>
      </trkpt>
      <trkpt lat="47.80026954598724842071533203125" lon="19.19769468717277050018310546875">
        <ele>238</ele>
        <time>2024-09-07T10:03:56.000Z</time>
        <extensions>
          <ns3:TrackPointExtension>
            <ns3:hr>99</ns3:hr>
          </ns3:TrackPointExtension>
        </extensions>
      </trkpt>
      <trkpt lat="47.80030994676053524017333984375" lon="19.19778638519346714019775390625">
        <ele>238.1999969482421875</ele>
        <time>2024-09-07T10:04:05.000Z</time>
        <extensions>
          <ns3:TrackPointExtension>
            <ns3:hr>99</ns3:hr>
          </ns3:TrackPointExtension>
        </extensions>
      </trkpt>
      <trkpt lat="47.80032520182430744171142578125" lon="19.19783793389797210693359375">
        <ele>238</ele>
        <time>2024-09-07T10:04:12.000Z</time>
        <extensions>
          <ns3:TrackPointExtension>
            <ns3:hr>99</ns3:hr>
          </ns3:TrackPointExtension>
        </extensions>
      </trkpt>
      <trkpt lat="47.80032771639525890350341796875" lon="19.19785209931433200836181640625">
        <ele>238</ele>
        <time>2024-09-07T10:04:16.000Z</time>
        <extensions>
          <ns3:TrackPointExtension>
            <ns3:hr>96</ns3:hr>
          </ns3:TrackPointExtension>
        </extensions>
      </trkpt>
      <trkpt lat="47.800325118005275726318359375" lon="19.19786416925489902496337890625">
        <ele>238</ele>
        <time>2024-09-07T10:04:18.000Z</time>
        <extensions>
          <ns3:TrackPointExtension>
            <ns3:hr>93</ns3:hr>
          </ns3:TrackPointExtension>
        </extensions>
      </trkpt>
      <trkpt lat="47.8003323264420032501220703125" lon="19.1978748142719268798828125">
        <ele>238</ele>
        <time>2024-09-07T10:04:20.000Z</time>
        <extensions>
          <ns3:TrackPointExtension>
            <ns3:hr>90</ns3:hr>
          </ns3:TrackPointExtension>
        </extensions>
      </trkpt>
      <trkpt lat="47.80033609829843044281005859375" lon="19.19789132662117481231689453125">
        <ele>238</ele>
        <time>2024-09-07T10:04:25.000Z</time>
        <extensions>
          <ns3:TrackPointExtension>
            <ns3:hr>90</ns3:hr>
          </ns3:TrackPointExtension>
        </extensions>
      </trkpt>
      <trkpt lat="47.80034313909709453582763671875" lon="19.1979266144335269927978515625">
        <ele>238</ele>
        <time>2024-09-07T10:04:31.000Z</time>
        <extensions>
          <ns3:TrackPointExtension>
            <ns3:hr>93</ns3:hr>
          </ns3:TrackPointExtension>
        </extensions>
      </trkpt>
      <trkpt lat="47.80034464783966541290283203125" lon="19.19792644679546356201171875">
        <ele>238</ele>
        <time>2024-09-07T10:04:32.000Z</time>
        <extensions>
          <ns3:TrackPointExtension>
            <ns3:hr>94</ns3:hr>
          </ns3:TrackPointExtension>
        </extensions>
      </trkpt>
      <trkpt lat="47.80035026371479034423828125" lon="19.19792451895773410797119140625">
        <ele>238</ele>
        <time>2024-09-07T10:04:40.000Z</time>
        <extensions>
          <ns3:TrackPointExtension>
            <ns3:hr>93</ns3:hr>
          </ns3:TrackPointExtension>
        </extensions>
      </trkpt>
      <trkpt lat="47.8003464080393314361572265625" lon="19.19792644679546356201171875">
        <ele>238</ele>
        <time>2024-09-07T10:04:49.000Z</time>
        <extensions>
          <ns3:TrackPointExtension>
            <ns3:hr>96</ns3:hr>
          </ns3:TrackPointExtension>
        </extensions>
      </trkpt>
      <trkpt lat="47.8003561310470104217529296875" lon="19.19810288585722446441650390625">
        <ele>238</ele>
        <time>2024-09-07T10:05:26.000Z</time>
        <extensions>
          <ns3:TrackPointExtension>
            <ns3:hr>99</ns3:hr>
          </ns3:TrackPointExtension>
        </extensions>
      </trkpt>
      <trkpt lat="47.80037708580493927001953125" lon="19.1982374154031276702880859375">
        <ele>238.1999969482421875</ele>
        <time>2024-09-07T10:05:40.000Z</time>
        <extensions>
          <ns3:TrackPointExtension>
            <ns3:hr>99</ns3:hr>
          </ns3:TrackPointExtension>
        </extensions>
      </trkpt>
      <trkpt lat="47.800390832126140594482421875" lon="19.19834679923951625823974609375">
        <ele>238.1999969482421875</ele>
        <time>2024-09-07T10:05:46.000Z</time>
        <extensions>
          <ns3:TrackPointExtension>
            <ns3:hr>102</ns3:hr>
          </ns3:TrackPointExtension>
        </extensions>
      </trkpt>
      <trkpt lat="47.800398208200931549072265625" lon="19.19839583337306976318359375">
        <ele>238.1999969482421875</ele>
        <time>2024-09-07T10:05:50.000Z</time>
        <extensions>
          <ns3:TrackPointExtension>
            <ns3:hr>103</ns3:hr>
          </ns3:TrackPointExtension>
        </extensions>
      </trkpt>
      <trkpt lat="47.80039661563932895660400390625" lon="19.1984952427446842193603515625">
        <ele>237.8000030517578125</ele>
        <time>2024-09-07T10:05:58.000Z</time>
        <extensions>
          <ns3:TrackPointExtension>
            <ns3:hr>100</ns3:hr>
          </ns3:TrackPointExtension>
        </extensions>
      </trkpt>
      <trkpt lat="47.80039175413548946380615234375" lon="19.19852164573967456817626953125">
        <ele>237.600006103515625</ele>
        <time>2024-09-07T10:06:00.000Z</time>
        <extensions>
          <ns3:TrackPointExtension>
            <ns3:hr>100</ns3:hr>
          </ns3:TrackPointExtension>
        </extensions>
      </trkpt>
      <trkpt lat="47.8004064224660396575927734375" lon="19.1985938139259815216064453125">
        <ele>238.1999969482421875</ele>
        <time>2024-09-07T10:06:07.000Z</time>
        <extensions>
          <ns3:TrackPointExtension>
            <ns3:hr>98</ns3:hr>
          </ns3:TrackPointExtension>
        </extensions>
      </trkpt>
      <trkpt lat="47.800418995320796966552734375" lon="19.19872985221445560455322265625">
        <ele>238.399993896484375</ele>
        <time>2024-09-07T10:06:19.000Z</time>
        <extensions>
          <ns3:TrackPointExtension>
            <ns3:hr>99</ns3:hr>
          </ns3:TrackPointExtension>
        </extensions>
      </trkpt>
      <trkpt lat="47.8004248626530170440673828125" lon="19.1987731866538524627685546875">
        <ele>238.600006103515625</ele>
        <time>2024-09-07T10:06:25.000Z</time>
        <extensions>
          <ns3:TrackPointExtension>
            <ns3:hr>102</ns3:hr>
          </ns3:TrackPointExtension>
        </extensions>
      </trkpt>
      <trkpt lat="47.80042259953916072845458984375" lon="19.1987835802137851715087890625">
        <ele>238.600006103515625</ele>
        <time>2024-09-07T10:06:26.000Z</time>
        <extensions>
          <ns3:TrackPointExtension>
            <ns3:hr>99</ns3:hr>
          </ns3:TrackPointExtension>
        </extensions>
      </trkpt>
      <trkpt lat="47.8004097752273082733154296875" lon="19.1988378949463367462158203125">
        <ele>238.399993896484375</ele>
        <time>2024-09-07T10:06:33.000Z</time>
        <extensions>
          <ns3:TrackPointExtension>
            <ns3:hr>99</ns3:hr>
          </ns3:TrackPointExtension>
        </extensions>
      </trkpt>
      <trkpt lat="47.80040751211345195770263671875" lon="19.19886329211294651031494140625">
        <ele>238.399993896484375</ele>
        <time>2024-09-07T10:06:39.000Z</time>
        <extensions>
          <ns3:TrackPointExtension>
            <ns3:hr>99</ns3:hr>
          </ns3:TrackPointExtension>
        </extensions>
      </trkpt>
      <trkpt lat="47.8004153072834014892578125" lon="19.19890344142913818359375">
        <ele>238.8000030517578125</ele>
        <time>2024-09-07T10:06:47.000Z</time>
        <extensions>
          <ns3:TrackPointExtension>
            <ns3:hr>101</ns3:hr>
          </ns3:TrackPointExtension>
        </extensions>
      </trkpt>
      <trkpt lat="47.80041463673114776611328125" lon="19.1989632882177829742431640625">
        <ele>239</ele>
        <time>2024-09-07T10:06:52.000Z</time>
        <extensions>
          <ns3:TrackPointExtension>
            <ns3:hr>105</ns3:hr>
          </ns3:TrackPointExtension>
        </extensions>
      </trkpt>
      <trkpt lat="47.8004161454737186431884765625" lon="19.19897560961544513702392578125">
        <ele>239</ele>
        <time>2024-09-07T10:06:53.000Z</time>
        <extensions>
          <ns3:TrackPointExtension>
            <ns3:hr>108</ns3:hr>
          </ns3:TrackPointExtension>
        </extensions>
      </trkpt>
      <trkpt lat="47.800415642559528350830078125" lon="19.19898801483213901519775390625">
        <ele>239</ele>
        <time>2024-09-07T10:06:54.000Z</time>
        <extensions>
          <ns3:TrackPointExtension>
            <ns3:hr>111</ns3:hr>
          </ns3:TrackPointExtension>
        </extensions>
      </trkpt>
      <trkpt lat="47.80041438527405261993408203125" lon="19.198994301259517669677734375">
        <ele>239</ele>
        <time>2024-09-07T10:06:55.000Z</time>
        <extensions>
          <ns3:TrackPointExtension>
            <ns3:hr>111</ns3:hr>
          </ns3:TrackPointExtension>
        </extensions>
      </trkpt>
      <trkpt lat="47.80041220597922801971435546875" lon="19.19902883470058441162109375">
        <ele>239</ele>
        <time>2024-09-07T10:06:58.000Z</time>
        <extensions>
          <ns3:TrackPointExtension>
            <ns3:hr>107</ns3:hr>
          </ns3:TrackPointExtension>
        </extensions>
      </trkpt>
      <trkpt lat="47.800411283969879150390625" lon="19.19907166622579097747802734375">
        <ele>239.1999969482421875</ele>
        <time>2024-09-07T10:07:02.000Z</time>
        <extensions>
          <ns3:TrackPointExtension>
            <ns3:hr>105</ns3:hr>
          </ns3:TrackPointExtension>
        </extensions>
      </trkpt>
      <trkpt lat="47.800410948693752288818359375" lon="19.19913939200341701507568359375">
        <ele>239.600006103515625</ele>
        <time>2024-09-07T10:07:08.000Z</time>
        <extensions>
          <ns3:TrackPointExtension>
            <ns3:hr>102</ns3:hr>
          </ns3:TrackPointExtension>
        </extensions>
      </trkpt>
      <trkpt lat="47.800411283969879150390625" lon="19.1991560719907283782958984375">
        <ele>239.8000030517578125</ele>
        <time>2024-09-07T10:07:10.000Z</time>
        <extensions>
          <ns3:TrackPointExtension>
            <ns3:hr>102</ns3:hr>
          </ns3:TrackPointExtension>
        </extensions>
      </trkpt>
      <trkpt lat="47.80038873665034770965576171875" lon="19.199258498847484588623046875">
        <ele>239.399993896484375</ele>
        <time>2024-09-07T10:07:20.000Z</time>
        <extensions>
          <ns3:TrackPointExtension>
            <ns3:hr>102</ns3:hr>
          </ns3:TrackPointExtension>
        </extensions>
      </trkpt>
      <trkpt lat="47.80039376579225063323974609375" lon="19.1993414796888828277587890625">
        <ele>239.8000030517578125</ele>
        <time>2024-09-07T10:07:31.000Z</time>
        <extensions>
          <ns3:TrackPointExtension>
            <ns3:hr>101</ns3:hr>
          </ns3:TrackPointExtension>
        </extensions>
      </trkpt>
      <trkpt lat="47.80039745382964611053466796875" lon="19.19941482134163379669189453125">
        <ele>240.399993896484375</ele>
        <time>2024-09-07T10:07:39.000Z</time>
        <extensions>
          <ns3:TrackPointExtension>
            <ns3:hr>103</ns3:hr>
          </ns3:TrackPointExtension>
        </extensions>
      </trkpt>
      <trkpt lat="47.80039275996387004852294921875" lon="19.1994430683553218841552734375">
        <ele>240.399993896484375</ele>
        <time>2024-09-07T10:07:42.000Z</time>
        <extensions>
          <ns3:TrackPointExtension>
            <ns3:hr>106</ns3:hr>
          </ns3:TrackPointExtension>
        </extensions>
      </trkpt>
      <trkpt lat="47.80038270168006420135498046875" lon="19.199503920972347259521484375">
        <ele>240.600006103515625</ele>
        <time>2024-09-07T10:07:47.000Z</time>
        <extensions>
          <ns3:TrackPointExtension>
            <ns3:hr>104</ns3:hr>
          </ns3:TrackPointExtension>
        </extensions>
      </trkpt>
      <trkpt lat="47.8003871440887451171875" lon="19.1996127180755138397216796875">
        <ele>241.399993896484375</ele>
        <time>2024-09-07T10:07:57.000Z</time>
        <extensions>
          <ns3:TrackPointExtension>
            <ns3:hr>104</ns3:hr>
          </ns3:TrackPointExtension>
        </extensions>
      </trkpt>
      <trkpt lat="47.800384797155857086181640625" lon="19.1996727325022220611572265625">
        <ele>241.600006103515625</ele>
        <time>2024-09-07T10:08:05.000Z</time>
        <extensions>
          <ns3:TrackPointExtension>
            <ns3:hr>105</ns3:hr>
          </ns3:TrackPointExtension>
        </extensions>
      </trkpt>
      <trkpt lat="47.800383456051349639892578125" lon="19.19967927038669586181640625">
        <ele>241.600006103515625</ele>
        <time>2024-09-07T10:08:07.000Z</time>
        <extensions>
          <ns3:TrackPointExtension>
            <ns3:hr>102</ns3:hr>
          </ns3:TrackPointExtension>
        </extensions>
      </trkpt>
      <trkpt lat="47.80038387514650821685791015625" lon="19.19968505389988422393798828125">
        <ele>241.8000030517578125</ele>
        <time>2024-09-07T10:08:10.000Z</time>
        <extensions>
          <ns3:TrackPointExtension>
            <ns3:hr>100</ns3:hr>
          </ns3:TrackPointExtension>
        </extensions>
      </trkpt>
      <trkpt lat="47.8003816120326519012451171875" lon="19.1997005604207515716552734375">
        <ele>241.8000030517578125</ele>
        <time>2024-09-07T10:08:20.000Z</time>
        <extensions>
          <ns3:TrackPointExtension>
            <ns3:hr>102</ns3:hr>
          </ns3:TrackPointExtension>
        </extensions>
      </trkpt>
      <trkpt lat="47.8003668598830699920654296875" lon="19.19974423013627529144287109375">
        <ele>241.8000030517578125</ele>
        <time>2024-09-07T10:08:26.000Z</time>
        <extensions>
          <ns3:TrackPointExtension>
            <ns3:hr>102</ns3:hr>
          </ns3:TrackPointExtension>
        </extensions>
      </trkpt>
      <trkpt lat="47.80036392621695995330810546875" lon="19.19980927370488643646240234375">
        <ele>242.1999969482421875</ele>
        <time>2024-09-07T10:08:34.000Z</time>
        <extensions>
          <ns3:TrackPointExtension>
            <ns3:hr>102</ns3:hr>
          </ns3:TrackPointExtension>
        </extensions>
      </trkpt>
      <trkpt lat="47.8003504313528537750244140625" lon="19.19987549073994159698486328125">
        <ele>242.399993896484375</ele>
        <time>2024-09-07T10:08:40.000Z</time>
        <extensions>
          <ns3:TrackPointExtension>
            <ns3:hr>103</ns3:hr>
          </ns3:TrackPointExtension>
        </extensions>
      </trkpt>
      <trkpt lat="47.8003423847258090972900390625" lon="19.1999352537095546722412109375">
        <ele>242.399993896484375</ele>
        <time>2024-09-07T10:08:46.000Z</time>
        <extensions>
          <ns3:TrackPointExtension>
            <ns3:hr>99</ns3:hr>
          </ns3:TrackPointExtension>
        </extensions>
      </trkpt>
      <trkpt lat="47.80034163035452365875244140625" lon="19.199946820735931396484375">
        <ele>242.399993896484375</ele>
        <time>2024-09-07T10:08:47.000Z</time>
        <extensions>
          <ns3:TrackPointExtension>
            <ns3:hr>102</ns3:hr>
          </ns3:TrackPointExtension>
        </extensions>
      </trkpt>
      <trkpt lat="47.8003383614122867584228515625" lon="19.1999600641429424285888671875">
        <ele>242.399993896484375</ele>
        <time>2024-09-07T10:08:48.000Z</time>
        <extensions>
          <ns3:TrackPointExtension>
            <ns3:hr>100</ns3:hr>
          </ns3:TrackPointExtension>
        </extensions>
      </trkpt>
      <trkpt lat="47.8003219328820705413818359375" lon="19.19999174773693084716796875">
        <ele>241.8000030517578125</ele>
        <time>2024-09-07T10:08:51.000Z</time>
        <extensions>
          <ns3:TrackPointExtension>
            <ns3:hr>100</ns3:hr>
          </ns3:TrackPointExtension>
        </extensions>
      </trkpt>
      <trkpt lat="47.80031397007405757904052734375" lon="19.20001932419836521148681640625">
        <ele>241.600006103515625</ele>
        <time>2024-09-07T10:08:54.000Z</time>
        <extensions>
          <ns3:TrackPointExtension>
            <ns3:hr>99</ns3:hr>
          </ns3:TrackPointExtension>
        </extensions>
      </trkpt>
      <trkpt lat="47.80030064284801483154296875" lon="19.20007565058767795562744140625">
        <ele>241.1999969482421875</ele>
        <time>2024-09-07T10:09:01.000Z</time>
        <extensions>
          <ns3:TrackPointExtension>
            <ns3:hr>100</ns3:hr>
          </ns3:TrackPointExtension>
        </extensions>
      </trkpt>
      <trkpt lat="47.8003034926950931549072265625" lon="19.20010498724877834320068359375">
        <ele>241.399993896484375</ele>
        <time>2024-09-07T10:09:04.000Z</time>
        <extensions>
          <ns3:TrackPointExtension>
            <ns3:hr>96</ns3:hr>
          </ns3:TrackPointExtension>
        </extensions>
      </trkpt>
      <trkpt lat="47.8003024868667125701904296875" lon="19.2001146264374256134033203125">
        <ele>241.399993896484375</ele>
        <time>2024-09-07T10:09:05.000Z</time>
        <extensions>
          <ns3:TrackPointExtension>
            <ns3:hr>99</ns3:hr>
          </ns3:TrackPointExtension>
        </extensions>
      </trkpt>
      <trkpt lat="47.80029804445803165435791015625" lon="19.200137592852115631103515625">
        <ele>241.1999969482421875</ele>
        <time>2024-09-07T10:09:08.000Z</time>
        <extensions>
          <ns3:TrackPointExtension>
            <ns3:hr>100</ns3:hr>
          </ns3:TrackPointExtension>
        </extensions>
      </trkpt>
      <trkpt lat="47.8002964518964290618896484375" lon="19.200153015553951263427734375">
        <ele>241.1999969482421875</ele>
        <time>2024-09-07T10:09:10.000Z</time>
        <extensions>
          <ns3:TrackPointExtension>
            <ns3:hr>103</ns3:hr>
          </ns3:TrackPointExtension>
        </extensions>
      </trkpt>
      <trkpt lat="47.80029636807739734649658203125" lon="19.200163073837757110595703125">
        <ele>241.1999969482421875</ele>
        <time>2024-09-07T10:09:11.000Z</time>
        <extensions>
          <ns3:TrackPointExtension>
            <ns3:hr>100</ns3:hr>
          </ns3:TrackPointExtension>
        </extensions>
      </trkpt>
      <trkpt lat="47.8002887405455112457275390625" lon="19.20022803358733654022216796875">
        <ele>241.1999969482421875</ele>
        <time>2024-09-07T10:09:19.000Z</time>
        <extensions>
          <ns3:TrackPointExtension>
            <ns3:hr>99</ns3:hr>
          </ns3:TrackPointExtension>
        </extensions>
      </trkpt>
      <trkpt lat="47.8002946078777313232421875" lon="19.20028486289083957672119140625">
        <ele>241.399993896484375</ele>
        <time>2024-09-07T10:09:26.000Z</time>
        <extensions>
          <ns3:TrackPointExtension>
            <ns3:hr>100</ns3:hr>
          </ns3:TrackPointExtension>
        </extensions>
      </trkpt>
      <trkpt lat="47.80026979744434356689453125" lon="19.20038745738565921783447265625">
        <ele>240.8000030517578125</ele>
        <time>2024-09-07T10:09:35.000Z</time>
        <extensions>
          <ns3:TrackPointExtension>
            <ns3:hr>102</ns3:hr>
          </ns3:TrackPointExtension>
        </extensions>
      </trkpt>
      <trkpt lat="47.8002583980560302734375" lon="19.20041017234325408935546875">
        <ele>240.600006103515625</ele>
        <time>2024-09-07T10:09:42.000Z</time>
        <extensions>
          <ns3:TrackPointExtension>
            <ns3:hr>103</ns3:hr>
          </ns3:TrackPointExtension>
        </extensions>
      </trkpt>
      <trkpt lat="47.80025848187506198883056640625" lon="19.20043523423373699188232421875">
        <ele>240.600006103515625</ele>
        <time>2024-09-07T10:09:48.000Z</time>
        <extensions>
          <ns3:TrackPointExtension>
            <ns3:hr>106</ns3:hr>
          </ns3:TrackPointExtension>
        </extensions>
      </trkpt>
      <trkpt lat="47.80025848187506198883056640625" lon="19.20043523423373699188232421875">
        <ele>240.600006103515625</ele>
        <time>2024-09-07T10:09:51.000Z</time>
        <extensions>
          <ns3:TrackPointExtension>
            <ns3:hr>106</ns3:hr>
          </ns3:TrackPointExtension>
        </extensions>
      </trkpt>
      <trkpt lat="47.8002409636974334716796875" lon="19.2005243338644504547119140625">
        <ele>240.399993896484375</ele>
        <time>2024-09-07T10:10:02.000Z</time>
        <extensions>
          <ns3:TrackPointExtension>
            <ns3:hr>105</ns3:hr>
          </ns3:TrackPointExtension>
        </extensions>
      </trkpt>
      <trkpt lat="47.80022327788174152374267578125" lon="19.20060924254357814788818359375">
        <ele>240</ele>
        <time>2024-09-07T10:10:07.000Z</time>
        <extensions>
          <ns3:TrackPointExtension>
            <ns3:hr>108</ns3:hr>
          </ns3:TrackPointExtension>
        </extensions>
      </trkpt>
      <trkpt lat="47.8002213500440120697021484375" lon="19.20061913318932056427001953125">
        <ele>240</ele>
        <time>2024-09-07T10:10:08.000Z</time>
        <extensions>
          <ns3:TrackPointExtension>
            <ns3:hr>108</ns3:hr>
          </ns3:TrackPointExtension>
        </extensions>
      </trkpt>
      <trkpt lat="47.8002059273421764373779296875" lon="19.200674034655094146728515625">
        <ele>240</ele>
        <time>2024-09-07T10:10:17.000Z</time>
        <extensions>
          <ns3:TrackPointExtension>
            <ns3:hr>109</ns3:hr>
          </ns3:TrackPointExtension>
        </extensions>
      </trkpt>
      <trkpt lat="47.80020282603800296783447265625" lon="19.20068250037729740142822265625">
        <ele>240</ele>
        <time>2024-09-07T10:10:44.000Z</time>
        <extensions>
          <ns3:TrackPointExtension>
            <ns3:hr>107</ns3:hr>
          </ns3:TrackPointExtension>
        </extensions>
      </trkpt>
      <trkpt lat="47.8001848049461841583251953125" lon="19.20079733245074748992919921875">
        <ele>240</ele>
        <time>2024-09-07T10:10:58.000Z</time>
        <extensions>
          <ns3:TrackPointExtension>
            <ns3:hr>106</ns3:hr>
          </ns3:TrackPointExtension>
        </extensions>
      </trkpt>
      <trkpt lat="47.80017684213817119598388671875" lon="19.20094669796526432037353515625">
        <ele>240.399993896484375</ele>
        <time>2024-09-07T10:11:06.000Z</time>
        <extensions>
          <ns3:TrackPointExtension>
            <ns3:hr>105</ns3:hr>
          </ns3:TrackPointExtension>
        </extensions>
      </trkpt>
      <trkpt lat="47.8001817874610424041748046875" lon="19.2010014317929744720458984375">
        <ele>240.600006103515625</ele>
        <time>2024-09-07T10:11:12.000Z</time>
        <extensions>
          <ns3:TrackPointExtension>
            <ns3:hr>107</ns3:hr>
          </ns3:TrackPointExtension>
        </extensions>
      </trkpt>
      <trkpt lat="47.80017332173883914947509765625" lon="19.20107309706509113311767578125">
        <ele>240.399993896484375</ele>
        <time>2024-09-07T10:11:19.000Z</time>
        <extensions>
          <ns3:TrackPointExtension>
            <ns3:hr>108</ns3:hr>
          </ns3:TrackPointExtension>
        </extensions>
      </trkpt>
      <trkpt lat="47.8001744113862514495849609375" lon="19.20110343955457210540771484375">
        <ele>240.399993896484375</ele>
        <time>2024-09-07T10:11:22.000Z</time>
        <extensions>
          <ns3:TrackPointExtension>
            <ns3:hr>114</ns3:hr>
          </ns3:TrackPointExtension>
        </extensions>
      </trkpt>
      <trkpt lat="47.80017684213817119598388671875" lon="19.2011122405529022216796875">
        <ele>240.399993896484375</ele>
        <time>2024-09-07T10:11:23.000Z</time>
        <extensions>
          <ns3:TrackPointExtension>
            <ns3:hr>118</ns3:hr>
          </ns3:TrackPointExtension>
        </extensions>
      </trkpt>
      <trkpt lat="47.8001765906810760498046875" lon="19.201121963560581207275390625">
        <ele>240.399993896484375</ele>
        <time>2024-09-07T10:11:24.000Z</time>
        <extensions>
          <ns3:TrackPointExtension>
            <ns3:hr>121</ns3:hr>
          </ns3:TrackPointExtension>
        </extensions>
      </trkpt>
      <trkpt lat="47.80017684213817119598388671875" lon="19.20113964937627315521240234375">
        <ele>240.399993896484375</ele>
        <time>2024-09-07T10:11:26.000Z</time>
        <extensions>
          <ns3:TrackPointExtension>
            <ns3:hr>125</ns3:hr>
          </ns3:TrackPointExtension>
        </extensions>
      </trkpt>
      <trkpt lat="47.80017868615686893463134765625" lon="19.201159514486789703369140625">
        <ele>240.600006103515625</ele>
        <time>2024-09-07T10:11:28.000Z</time>
        <extensions>
          <ns3:TrackPointExtension>
            <ns3:hr>128</ns3:hr>
          </ns3:TrackPointExtension>
        </extensions>
      </trkpt>
      <trkpt lat="47.80017533339560031890869140625" lon="19.2011632025241851806640625">
        <ele>240.600006103515625</ele>
        <time>2024-09-07T10:11:33.000Z</time>
        <extensions>
          <ns3:TrackPointExtension>
            <ns3:hr>125</ns3:hr>
          </ns3:TrackPointExtension>
        </extensions>
      </trkpt>
      <trkpt lat="47.80017768032848834991455078125" lon="19.20116160996258258819580078125">
        <ele>240.600006103515625</ele>
        <time>2024-09-07T10:11:35.000Z</time>
        <extensions>
          <ns3:TrackPointExtension>
            <ns3:hr>123</ns3:hr>
          </ns3:TrackPointExtension>
        </extensions>
      </trkpt>
      <trkpt lat="47.80017860233783721923828125" lon="19.2011766135692596435546875">
        <ele>240.8000030517578125</ele>
        <time>2024-09-07T10:11:45.000Z</time>
        <extensions>
          <ns3:TrackPointExtension>
            <ns3:hr>123</ns3:hr>
          </ns3:TrackPointExtension>
        </extensions>
      </trkpt>
      <trkpt lat="47.80017860233783721923828125" lon="19.20117619447410106658935546875">
        <ele>240.8000030517578125</ele>
        <time>2024-09-07T10:11:49.000Z</time>
        <extensions>
          <ns3:TrackPointExtension>
            <ns3:hr>120</ns3:hr>
          </ns3:TrackPointExtension>
        </extensions>
      </trkpt>
      <trkpt lat="47.80017851851880550384521484375" lon="19.2011761106550693511962890625">
        <ele>240.8000030517578125</ele>
        <time>2024-09-07T10:11:55.000Z</time>
        <extensions>
          <ns3:TrackPointExtension>
            <ns3:hr>117</ns3:hr>
          </ns3:TrackPointExtension>
        </extensions>
      </trkpt>
      <trkpt lat="47.80017851851880550384521484375" lon="19.2011761106550693511962890625">
        <ele>240.8000030517578125</ele>
        <time>2024-09-07T10:11:57.000Z</time>
        <extensions>
          <ns3:TrackPointExtension>
            <ns3:hr>114</ns3:hr>
          </ns3:TrackPointExtension>
        </extensions>
      </trkpt>
      <trkpt lat="47.80017851851880550384521484375" lon="19.20117703266441822052001953125">
        <ele>240.8000030517578125</ele>
        <time>2024-09-07T10:12:12.000Z</time>
        <extensions>
          <ns3:TrackPointExtension>
            <ns3:hr>117</ns3:hr>
          </ns3:TrackPointExtension>
        </extensions>
      </trkpt>
      <trkpt lat="47.8001814521849155426025390625" lon="19.2011764459311962127685546875">
        <ele>240.8000030517578125</ele>
        <time>2024-09-07T10:12:27.000Z</time>
        <extensions>
          <ns3:TrackPointExtension>
            <ns3:hr>114</ns3:hr>
          </ns3:TrackPointExtension>
        </extensions>
      </trkpt>
      <trkpt lat="47.8001821227371692657470703125" lon="19.2011771164834499359130859375">
        <ele>240.8000030517578125</ele>
        <time>2024-09-07T10:12:36.000Z</time>
        <extensions>
          <ns3:TrackPointExtension>
            <ns3:hr>111</ns3:hr>
          </ns3:TrackPointExtension>
        </extensions>
      </trkpt>
      <trkpt lat="47.8001821227371692657470703125" lon="19.20117837376892566680908203125">
        <ele>240.8000030517578125</ele>
        <time>2024-09-07T10:12:41.000Z</time>
        <extensions>
          <ns3:TrackPointExtension>
            <ns3:hr>106</ns3:hr>
          </ns3:TrackPointExtension>
        </extensions>
      </trkpt>
      <trkpt lat="47.80018287710845470428466796875" lon="19.20117870904505252838134765625">
        <ele>240.8000030517578125</ele>
        <time>2024-09-07T10:12:43.000Z</time>
        <extensions>
          <ns3:TrackPointExtension>
            <ns3:hr>103</ns3:hr>
          </ns3:TrackPointExtension>
        </extensions>
      </trkpt>
      <trkpt lat="47.80018354766070842742919921875" lon="19.2011792957782745361328125">
        <ele>240.8000030517578125</ele>
        <time>2024-09-07T10:12:49.000Z</time>
        <extensions>
          <ns3:TrackPointExtension>
            <ns3:hr>100</ns3:hr>
          </ns3:TrackPointExtension>
        </extensions>
      </trkpt>
      <trkpt lat="47.8002166561782360076904296875" lon="19.20130980201065540313720703125">
        <ele>242</ele>
        <time>2024-09-07T10:13:11.000Z</time>
        <extensions>
          <ns3:TrackPointExtension>
            <ns3:hr>102</ns3:hr>
          </ns3:TrackPointExtension>
        </extensions>
      </trkpt>
      <trkpt lat="47.8002317436039447784423828125" lon="19.20137652195990085601806640625">
        <ele>241.8000030517578125</ele>
        <time>2024-09-07T10:13:16.000Z</time>
        <extensions>
          <ns3:TrackPointExtension>
            <ns3:hr>101</ns3:hr>
          </ns3:TrackPointExtension>
        </extensions>
      </trkpt>
      <trkpt lat="47.80023987405002117156982421875" lon="19.20144550502300262451171875">
        <ele>241.600006103515625</ele>
        <time>2024-09-07T10:13:24.000Z</time>
        <extensions>
          <ns3:TrackPointExtension>
            <ns3:hr>104</ns3:hr>
          </ns3:TrackPointExtension>
        </extensions>
      </trkpt>
      <trkpt lat="47.80023534782230854034423828125" lon="19.201475344598293304443359375">
        <ele>241.399993896484375</ele>
        <time>2024-09-07T10:13:27.000Z</time>
        <extensions>
          <ns3:TrackPointExtension>
            <ns3:hr>101</ns3:hr>
          </ns3:TrackPointExtension>
        </extensions>
      </trkpt>
      <trkpt lat="47.80023434199392795562744140625" lon="19.20153477229177951812744140625">
        <ele>241.1999969482421875</ele>
        <time>2024-09-07T10:13:34.000Z</time>
        <extensions>
          <ns3:TrackPointExtension>
            <ns3:hr>101</ns3:hr>
          </ns3:TrackPointExtension>
        </extensions>
      </trkpt>
      <trkpt lat="47.80023870058357715606689453125" lon="19.2016138136386871337890625">
        <ele>241</ele>
        <time>2024-09-07T10:13:42.000Z</time>
        <extensions>
          <ns3:TrackPointExtension>
            <ns3:hr>103</ns3:hr>
          </ns3:TrackPointExtension>
        </extensions>
      </trkpt>
      <trkpt lat="47.80023065395653247833251953125" lon="19.2016330920159816741943359375">
        <ele>240.8000030517578125</ele>
        <time>2024-09-07T10:13:47.000Z</time>
        <extensions>
          <ns3:TrackPointExtension>
            <ns3:hr>108</ns3:hr>
          </ns3:TrackPointExtension>
        </extensions>
      </trkpt>
      <trkpt lat="47.80022956430912017822265625" lon="19.2016379535198211669921875">
        <ele>240.600006103515625</ele>
        <time>2024-09-07T10:13:49.000Z</time>
        <extensions>
          <ns3:TrackPointExtension>
            <ns3:hr>110</ns3:hr>
          </ns3:TrackPointExtension>
        </extensions>
      </trkpt>
      <trkpt lat="47.80021481215953826904296875" lon="19.2016931064426898956298828125">
        <ele>240.1999969482421875</ele>
        <time>2024-09-07T10:13:55.000Z</time>
        <extensions>
          <ns3:TrackPointExtension>
            <ns3:hr>107</ns3:hr>
          </ns3:TrackPointExtension>
        </extensions>
      </trkpt>
      <trkpt lat="47.80021104030311107635498046875" lon="19.2017172463238239288330078125">
        <ele>240</ele>
        <time>2024-09-07T10:13:57.000Z</time>
        <extensions>
          <ns3:TrackPointExtension>
            <ns3:hr>105</ns3:hr>
          </ns3:TrackPointExtension>
        </extensions>
      </trkpt>
      <trkpt lat="47.80021020211279392242431640625" lon="19.2017425596714019775390625">
        <ele>240</ele>
        <time>2024-09-07T10:13:59.000Z</time>
        <extensions>
          <ns3:TrackPointExtension>
            <ns3:hr>102</ns3:hr>
          </ns3:TrackPointExtension>
        </extensions>
      </trkpt>
      <trkpt lat="47.800191342830657958984375" lon="19.2017836309969425201416015625">
        <ele>240</ele>
        <time>2024-09-07T10:14:03.000Z</time>
        <extensions>
          <ns3:TrackPointExtension>
            <ns3:hr>99</ns3:hr>
          </ns3:TrackPointExtension>
        </extensions>
      </trkpt>
      <trkpt lat="47.80018036253750324249267578125" lon="19.201799221336841583251953125">
        <ele>240</ele>
        <time>2024-09-07T10:14:05.000Z</time>
        <extensions>
          <ns3:TrackPointExtension>
            <ns3:hr>99</ns3:hr>
          </ns3:TrackPointExtension>
        </extensions>
      </trkpt>
      <trkpt lat="47.80015672557055950164794921875" lon="19.20186392962932586669921875">
        <ele>240</ele>
        <time>2024-09-07T10:14:12.000Z</time>
        <extensions>
          <ns3:TrackPointExtension>
            <ns3:hr>98</ns3:hr>
          </ns3:TrackPointExtension>
        </extensions>
      </trkpt>
      <trkpt lat="47.800149433314800262451171875" lon="19.20188480056822299957275390625">
        <ele>240</ele>
        <time>2024-09-07T10:14:18.000Z</time>
        <extensions>
          <ns3:TrackPointExtension>
            <ns3:hr>97</ns3:hr>
          </ns3:TrackPointExtension>
        </extensions>
      </trkpt>
      <trkpt lat="47.8001325018703937530517578125" lon="19.20193626545369625091552734375">
        <ele>239.8000030517578125</ele>
        <time>2024-09-07T10:14:24.000Z</time>
        <extensions>
          <ns3:TrackPointExtension>
            <ns3:hr>99</ns3:hr>
          </ns3:TrackPointExtension>
        </extensions>
      </trkpt>
      <trkpt lat="47.80012370087206363677978515625" lon="19.202022515237331390380859375">
        <ele>239.399993896484375</ele>
        <time>2024-09-07T10:14:31.000Z</time>
        <extensions>
          <ns3:TrackPointExtension>
            <ns3:hr>100</ns3:hr>
          </ns3:TrackPointExtension>
        </extensions>
      </trkpt>
      <trkpt lat="47.800129316747188568115234375" lon="19.202071130275726318359375">
        <ele>239.1999969482421875</ele>
        <time>2024-09-07T10:14:35.000Z</time>
        <extensions>
          <ns3:TrackPointExtension>
            <ns3:hr>97</ns3:hr>
          </ns3:TrackPointExtension>
        </extensions>
      </trkpt>
      <trkpt lat="47.80011598952114582061767578125" lon="19.20210423879325389862060546875">
        <ele>239.1999969482421875</ele>
        <time>2024-09-07T10:14:38.000Z</time>
        <extensions>
          <ns3:TrackPointExtension>
            <ns3:hr>96</ns3:hr>
          </ns3:TrackPointExtension>
        </extensions>
      </trkpt>
      <trkpt lat="47.80009813606739044189453125" lon="19.2022060789167881011962890625">
        <ele>238.8000030517578125</ele>
        <time>2024-09-07T10:14:46.000Z</time>
        <extensions>
          <ns3:TrackPointExtension>
            <ns3:hr>94</ns3:hr>
          </ns3:TrackPointExtension>
        </extensions>
      </trkpt>
      <trkpt lat="47.80010157264769077301025390625" lon="19.2023100145161151885986328125">
        <ele>238.399993896484375</ele>
        <time>2024-09-07T10:14:54.000Z</time>
        <extensions>
          <ns3:TrackPointExtension>
            <ns3:hr>93</ns3:hr>
          </ns3:TrackPointExtension>
        </extensions>
      </trkpt>
      <trkpt lat="47.80009143054485321044921875" lon="19.20241780579090118408203125">
        <ele>238</ele>
        <time>2024-09-07T10:15:03.000Z</time>
        <extensions>
          <ns3:TrackPointExtension>
            <ns3:hr>91</ns3:hr>
          </ns3:TrackPointExtension>
        </extensions>
      </trkpt>
      <trkpt lat="47.8000852279365062713623046875" lon="19.2024870403110980987548828125">
        <ele>237.399993896484375</ele>
        <time>2024-09-07T10:15:10.000Z</time>
        <extensions>
          <ns3:TrackPointExtension>
            <ns3:hr>91</ns3:hr>
          </ns3:TrackPointExtension>
        </extensions>
      </trkpt>
      <trkpt lat="47.80009402893483638763427734375" lon="19.2025457136332988739013671875">
        <ele>237</ele>
        <time>2024-09-07T10:15:16.000Z</time>
        <extensions>
          <ns3:TrackPointExtension>
            <ns3:hr>91</ns3:hr>
          </ns3:TrackPointExtension>
        </extensions>
      </trkpt>
      <trkpt lat="47.800103835761547088623046875" lon="19.20258837752044200897216796875">
        <ele>236.600006103515625</ele>
        <time>2024-09-07T10:15:20.000Z</time>
        <extensions>
          <ns3:TrackPointExtension>
            <ns3:hr>95</ns3:hr>
          </ns3:TrackPointExtension>
        </extensions>
      </trkpt>
      <trkpt lat="47.800091095268726348876953125" lon="19.2026204802095890045166015625">
        <ele>236.399993896484375</ele>
        <time>2024-09-07T10:15:23.000Z</time>
        <extensions>
          <ns3:TrackPointExtension>
            <ns3:hr>93</ns3:hr>
          </ns3:TrackPointExtension>
        </extensions>
      </trkpt>
      <trkpt lat="47.800071649253368377685546875" lon="19.20273271389305591583251953125">
        <ele>235.8000030517578125</ele>
        <time>2024-09-07T10:15:31.000Z</time>
        <extensions>
          <ns3:TrackPointExtension>
            <ns3:hr>90</ns3:hr>
          </ns3:TrackPointExtension>
        </extensions>
      </trkpt>
      <trkpt lat="47.80005647800862789154052734375" lon="19.20280798338353633880615234375">
        <ele>235.399993896484375</ele>
        <time>2024-09-07T10:15:38.000Z</time>
        <extensions>
          <ns3:TrackPointExtension>
            <ns3:hr>91</ns3:hr>
          </ns3:TrackPointExtension>
        </extensions>
      </trkpt>
      <trkpt lat="47.80004340223968029022216796875" lon="19.20290051959455013275146484375">
        <ele>234.8000030517578125</ele>
        <time>2024-09-07T10:15:46.000Z</time>
        <extensions>
          <ns3:TrackPointExtension>
            <ns3:hr>91</ns3:hr>
          </ns3:TrackPointExtension>
        </extensions>
      </trkpt>
      <trkpt lat="47.800047509372234344482421875" lon="19.20297696255147457122802734375">
        <ele>234.399993896484375</ele>
        <time>2024-09-07T10:15:54.000Z</time>
        <extensions>
          <ns3:TrackPointExtension>
            <ns3:hr>93</ns3:hr>
          </ns3:TrackPointExtension>
        </extensions>
      </trkpt>
      <trkpt lat="47.8000258840620517730712890625" lon="19.2030667327344417572021484375">
        <ele>233.600006103515625</ele>
        <time>2024-09-07T10:16:01.000Z</time>
        <extensions>
          <ns3:TrackPointExtension>
            <ns3:hr>92</ns3:hr>
          </ns3:TrackPointExtension>
        </extensions>
      </trkpt>
      <trkpt lat="47.80002060346305370330810546875" lon="19.20309615321457386016845703125">
        <ele>233.399993896484375</ele>
        <time>2024-09-07T10:16:04.000Z</time>
        <extensions>
          <ns3:TrackPointExtension>
            <ns3:hr>95</ns3:hr>
          </ns3:TrackPointExtension>
        </extensions>
      </trkpt>
      <trkpt lat="47.800018005073070526123046875" lon="19.20315273106098175048828125">
        <ele>232.8000030517578125</ele>
        <time>2024-09-07T10:16:08.000Z</time>
        <extensions>
          <ns3:TrackPointExtension>
            <ns3:hr>94</ns3:hr>
          </ns3:TrackPointExtension>
        </extensions>
      </trkpt>
      <trkpt lat="47.800026722252368927001953125" lon="19.20320427976548671722412109375">
        <ele>232</ele>
        <time>2024-09-07T10:16:13.000Z</time>
        <extensions>
          <ns3:TrackPointExtension>
            <ns3:hr>97</ns3:hr>
          </ns3:TrackPointExtension>
        </extensions>
      </trkpt>
      <trkpt lat="47.8000332601368427276611328125" lon="19.20321852900087833404541015625">
        <ele>231.8000030517578125</ele>
        <time>2024-09-07T10:16:15.000Z</time>
        <extensions>
          <ns3:TrackPointExtension>
            <ns3:hr>96</ns3:hr>
          </ns3:TrackPointExtension>
        </extensions>
      </trkpt>
      <trkpt lat="47.8000376187264919281005859375" lon="19.20322439633309841156005859375">
        <ele>231.8000030517578125</ele>
        <time>2024-09-07T10:16:22.000Z</time>
        <extensions>
          <ns3:TrackPointExtension>
            <ns3:hr>96</ns3:hr>
          </ns3:TrackPointExtension>
        </extensions>
      </trkpt>
      <trkpt lat="47.8000346012413501739501953125" lon="19.20322959311306476593017578125">
        <ele>231.600006103515625</ele>
        <time>2024-09-07T10:16:28.000Z</time>
        <extensions>
          <ns3:TrackPointExtension>
            <ns3:hr>93</ns3:hr>
          </ns3:TrackPointExtension>
        </extensions>
      </trkpt>
      <trkpt lat="47.8000346012413501739501953125" lon="19.203224480152130126953125">
        <ele>231.8000030517578125</ele>
        <time>2024-09-07T10:16:35.000Z</time>
        <extensions>
          <ns3:TrackPointExtension>
            <ns3:hr>95</ns3:hr>
          </ns3:TrackPointExtension>
        </extensions>
      </trkpt>
      <trkpt lat="47.8000218607485294342041015625" lon="19.20323730446398258209228515625">
        <ele>231.600006103515625</ele>
        <time>2024-09-07T10:17:17.000Z</time>
        <extensions>
          <ns3:TrackPointExtension>
            <ns3:hr>98</ns3:hr>
          </ns3:TrackPointExtension>
        </extensions>
      </trkpt>
      <trkpt lat="47.80002093873918056488037109375" lon="19.2032370530068874359130859375">
        <ele>231.600006103515625</ele>
        <time>2024-09-07T10:17:25.000Z</time>
        <extensions>
          <ns3:TrackPointExtension>
            <ns3:hr>101</ns3:hr>
          </ns3:TrackPointExtension>
        </extensions>
      </trkpt>
      <trkpt lat="47.80002295039594173431396484375" lon="19.2032393999397754669189453125">
        <ele>231.600006103515625</ele>
        <time>2024-09-07T10:17:48.000Z</time>
        <extensions>
          <ns3:TrackPointExtension>
            <ns3:hr>98</ns3:hr>
          </ns3:TrackPointExtension>
        </extensions>
      </trkpt>
      <trkpt lat="47.80001230537891387939453125" lon="19.203231520950794219970703125">
        <ele>231.8000030517578125</ele>
        <time>2024-09-07T10:18:22.000Z</time>
        <extensions>
          <ns3:TrackPointExtension>
            <ns3:hr>95</ns3:hr>
          </ns3:TrackPointExtension>
        </extensions>
      </trkpt>
      <trkpt lat="47.800008952617645263671875" lon="19.20323294587433338165283203125">
        <ele>231.8000030517578125</ele>
        <time>2024-09-07T10:18:29.000Z</time>
        <extensions>
          <ns3:TrackPointExtension>
            <ns3:hr>92</ns3:hr>
          </ns3:TrackPointExtension>
        </extensions>
      </trkpt>
      <trkpt lat="47.7999973855912685394287109375" lon="19.2032662220299243927001953125">
        <ele>231.399993896484375</ele>
        <time>2024-09-07T10:18:36.000Z</time>
        <extensions>
          <ns3:TrackPointExtension>
            <ns3:hr>95</ns3:hr>
          </ns3:TrackPointExtension>
        </extensions>
      </trkpt>
      <trkpt lat="47.79999009333550930023193359375" lon="19.20330285094678401947021484375">
        <ele>230.8000030517578125</ele>
        <time>2024-09-07T10:18:41.000Z</time>
        <extensions>
          <ns3:TrackPointExtension>
            <ns3:hr>92</ns3:hr>
          </ns3:TrackPointExtension>
        </extensions>
      </trkpt>
      <trkpt lat="47.7999566495418548583984375" lon="19.2034055292606353759765625">
        <ele>229.1999969482421875</ele>
        <time>2024-09-07T10:18:46.000Z</time>
        <extensions>
          <ns3:TrackPointExtension>
            <ns3:hr>93</ns3:hr>
          </ns3:TrackPointExtension>
        </extensions>
      </trkpt>
      <trkpt lat="47.79991574585437774658203125" lon="19.2035149969160556793212890625">
        <ele>227.399993896484375</ele>
        <time>2024-09-07T10:18:54.000Z</time>
        <extensions>
          <ns3:TrackPointExtension>
            <ns3:hr>92</ns3:hr>
          </ns3:TrackPointExtension>
        </extensions>
      </trkpt>
      <trkpt lat="47.799895294010639190673828125" lon="19.203571490943431854248046875">
        <ele>226.8000030517578125</ele>
        <time>2024-09-07T10:19:02.000Z</time>
        <extensions>
          <ns3:TrackPointExtension>
            <ns3:hr>93</ns3:hr>
          </ns3:TrackPointExtension>
        </extensions>
      </trkpt>
      <trkpt lat="47.79989437200129032135009765625" lon="19.20357308350503444671630859375">
        <ele>226.8000030517578125</ele>
        <time>2024-09-07T10:19:03.000Z</time>
        <extensions>
          <ns3:TrackPointExtension>
            <ns3:hr>96</ns3:hr>
          </ns3:TrackPointExtension>
        </extensions>
      </trkpt>
      <trkpt lat="47.7998927794396877288818359375" lon="19.2035733349621295928955078125">
        <ele>226.8000030517578125</ele>
        <time>2024-09-07T10:19:04.000Z</time>
        <extensions>
          <ns3:TrackPointExtension>
            <ns3:hr>99</ns3:hr>
          </ns3:TrackPointExtension>
        </extensions>
      </trkpt>
      <trkpt lat="47.799891941249370574951171875" lon="19.20357249677181243896484375">
        <ele>226.8000030517578125</ele>
        <time>2024-09-07T10:19:06.000Z</time>
        <extensions>
          <ns3:TrackPointExtension>
            <ns3:hr>104</ns3:hr>
          </ns3:TrackPointExtension>
        </extensions>
      </trkpt>
      <trkpt lat="47.79989219270646572113037109375" lon="19.203572161495685577392578125">
        <ele>226.8000030517578125</ele>
        <time>2024-09-07T10:19:07.000Z</time>
        <extensions>
          <ns3:TrackPointExtension>
            <ns3:hr>108</ns3:hr>
          </ns3:TrackPointExtension>
        </extensions>
      </trkpt>
      <trkpt lat="47.799891941249370574951171875" lon="19.2035726644098758697509765625">
        <ele>226.8000030517578125</ele>
        <time>2024-09-07T10:19:09.000Z</time>
        <extensions>
          <ns3:TrackPointExtension>
            <ns3:hr>112</ns3:hr>
          </ns3:TrackPointExtension>
        </extensions>
      </trkpt>
      <trkpt lat="47.79989101924002170562744140625" lon="19.20357274822890758514404296875">
        <ele>226.8000030517578125</ele>
        <time>2024-09-07T10:19:16.000Z</time>
        <extensions>
          <ns3:TrackPointExtension>
            <ns3:hr>108</ns3:hr>
          </ns3:TrackPointExtension>
        </extensions>
      </trkpt>
      <trkpt lat="47.79989101924002170562744140625" lon="19.203572832047939300537109375">
        <ele>226.8000030517578125</ele>
        <time>2024-09-07T10:19:23.000Z</time>
        <extensions>
          <ns3:TrackPointExtension>
            <ns3:hr>111</ns3:hr>
          </ns3:TrackPointExtension>
        </extensions>
      </trkpt>
      <trkpt lat="47.79989101924002170562744140625" lon="19.20357325114309787750244140625">
        <ele>226.8000030517578125</ele>
        <time>2024-09-07T10:19:25.000Z</time>
        <extensions>
          <ns3:TrackPointExtension>
            <ns3:hr>115</ns3:hr>
          </ns3:TrackPointExtension>
        </extensions>
      </trkpt>
      <trkpt lat="47.7998750098049640655517578125" lon="19.2036092095077037811279296875">
        <ele>226.399993896484375</ele>
        <time>2024-09-07T10:19:27.000Z</time>
        <extensions>
          <ns3:TrackPointExtension>
            <ns3:hr>118</ns3:hr>
          </ns3:TrackPointExtension>
        </extensions>
      </trkpt>
      <trkpt lat="47.79985480941832065582275390625" lon="19.20364801771938800811767578125">
        <ele>226</ele>
        <time>2024-09-07T10:19:29.000Z</time>
        <extensions>
          <ns3:TrackPointExtension>
            <ns3:hr>123</ns3:hr>
          </ns3:TrackPointExtension>
        </extensions>
      </trkpt>
      <trkpt lat="47.79984760098159313201904296875" lon="19.20366746373474597930908203125">
        <ele>225.8000030517578125</ele>
        <time>2024-09-07T10:19:30.000Z</time>
        <extensions>
          <ns3:TrackPointExtension>
            <ns3:hr>124</ns3:hr>
          </ns3:TrackPointExtension>
        </extensions>
      </trkpt>
      <trkpt lat="47.79983125627040863037109375" lon="19.2037121392786502838134765625">
        <ele>225.1999969482421875</ele>
        <time>2024-09-07T10:19:32.000Z</time>
        <extensions>
          <ns3:TrackPointExtension>
            <ns3:hr>127</ns3:hr>
          </ns3:TrackPointExtension>
        </extensions>
      </trkpt>
      <trkpt lat="47.79979429207742214202880859375" lon="19.203798472881317138671875">
        <ele>224.1999969482421875</ele>
        <time>2024-09-07T10:19:38.000Z</time>
        <extensions>
          <ns3:TrackPointExtension>
            <ns3:hr>130</ns3:hr>
          </ns3:TrackPointExtension>
        </extensions>
      </trkpt>
      <trkpt lat="47.79979043640196323394775390625" lon="19.20380626805126667022705078125">
        <ele>224</ele>
        <time>2024-09-07T10:19:39.000Z</time>
        <extensions>
          <ns3:TrackPointExtension>
            <ns3:hr>125</ns3:hr>
          </ns3:TrackPointExtension>
        </extensions>
      </trkpt>
      <trkpt lat="47.799786664545536041259765625" lon="19.2038160748779773712158203125">
        <ele>224</ele>
        <time>2024-09-07T10:19:40.000Z</time>
        <extensions>
          <ns3:TrackPointExtension>
            <ns3:hr>124</ns3:hr>
          </ns3:TrackPointExtension>
        </extensions>
      </trkpt>
      <trkpt lat="47.799750454723834991455078125" lon="19.203868210315704345703125">
        <ele>223.600006103515625</ele>
        <time>2024-09-07T10:19:48.000Z</time>
        <extensions>
          <ns3:TrackPointExtension>
            <ns3:hr>121</ns3:hr>
          </ns3:TrackPointExtension>
        </extensions>
      </trkpt>
      <trkpt lat="47.7997492812573909759521484375" lon="19.20388841070234775543212890625">
        <ele>223.399993896484375</ele>
        <time>2024-09-07T10:19:51.000Z</time>
        <extensions>
          <ns3:TrackPointExtension>
            <ns3:hr>118</ns3:hr>
          </ns3:TrackPointExtension>
        </extensions>
      </trkpt>
      <trkpt lat="47.79974316246807575225830078125" lon="19.203922189772129058837890625">
        <ele>223</ele>
        <time>2024-09-07T10:19:55.000Z</time>
        <extensions>
          <ns3:TrackPointExtension>
            <ns3:hr>117</ns3:hr>
          </ns3:TrackPointExtension>
        </extensions>
      </trkpt>
      <trkpt lat="47.799713909626007080078125" lon="19.203986227512359619140625">
        <ele>222.399993896484375</ele>
        <time>2024-09-07T10:20:02.000Z</time>
        <extensions>
          <ns3:TrackPointExtension>
            <ns3:hr>115</ns3:hr>
          </ns3:TrackPointExtension>
        </extensions>
      </trkpt>
      <trkpt lat="47.7996845729649066925048828125" lon="19.2040490917861461639404296875">
        <ele>221.8000030517578125</ele>
        <time>2024-09-07T10:20:09.000Z</time>
        <extensions>
          <ns3:TrackPointExtension>
            <ns3:hr>115</ns3:hr>
          </ns3:TrackPointExtension>
        </extensions>
      </trkpt>
      <trkpt lat="47.79967837035655975341796875" lon="19.2040842957794666290283203125">
        <ele>221.399993896484375</ele>
        <time>2024-09-07T10:20:13.000Z</time>
        <extensions>
          <ns3:TrackPointExtension>
            <ns3:hr>111</ns3:hr>
          </ns3:TrackPointExtension>
        </extensions>
      </trkpt>
      <trkpt lat="47.7996535599231719970703125" lon="19.20412796549499034881591796875">
        <ele>221.1999969482421875</ele>
        <time>2024-09-07T10:20:18.000Z</time>
        <extensions>
          <ns3:TrackPointExtension>
            <ns3:hr>114</ns3:hr>
          </ns3:TrackPointExtension>
        </extensions>
      </trkpt>
      <trkpt lat="47.79961399734020233154296875" lon="19.20420960523188114166259765625">
        <ele>220.600006103515625</ele>
        <time>2024-09-07T10:20:27.000Z</time>
        <extensions>
          <ns3:TrackPointExtension>
            <ns3:hr>111</ns3:hr>
          </ns3:TrackPointExtension>
        </extensions>
      </trkpt>
      <trkpt lat="47.79960863292217254638671875" lon="19.204231314361095428466796875">
        <ele>220.399993896484375</ele>
        <time>2024-09-07T10:20:29.000Z</time>
        <extensions>
          <ns3:TrackPointExtension>
            <ns3:hr>108</ns3:hr>
          </ns3:TrackPointExtension>
        </extensions>
      </trkpt>
      <trkpt lat="47.79959865845739841461181640625" lon="19.2042576335370540618896484375">
        <ele>220.1999969482421875</ele>
        <time>2024-09-07T10:20:32.000Z</time>
        <extensions>
          <ns3:TrackPointExtension>
            <ns3:hr>112</ns3:hr>
          </ns3:TrackPointExtension>
        </extensions>
      </trkpt>
      <trkpt lat="47.79957183636724948883056640625" lon="19.204297028481960296630859375">
        <ele>219.8000030517578125</ele>
        <time>2024-09-07T10:20:36.000Z</time>
        <extensions>
          <ns3:TrackPointExtension>
            <ns3:hr>109</ns3:hr>
          </ns3:TrackPointExtension>
        </extensions>
      </trkpt>
      <trkpt lat="47.79955524019896984100341796875" lon="19.20432083308696746826171875">
        <ele>219.399993896484375</ele>
        <time>2024-09-07T10:20:39.000Z</time>
        <extensions>
          <ns3:TrackPointExtension>
            <ns3:hr>108</ns3:hr>
          </ns3:TrackPointExtension>
        </extensions>
      </trkpt>
      <trkpt lat="47.79951081611216068267822265625" lon="19.2043925821781158447265625">
        <ele>218.8000030517578125</ele>
        <time>2024-09-07T10:20:47.000Z</time>
        <extensions>
          <ns3:TrackPointExtension>
            <ns3:hr>105</ns3:hr>
          </ns3:TrackPointExtension>
        </extensions>
      </trkpt>
      <trkpt lat="47.799503691494464874267578125" lon="19.2044078372418880462646484375">
        <ele>218.600006103515625</ele>
        <time>2024-09-07T10:20:49.000Z</time>
        <extensions>
          <ns3:TrackPointExtension>
            <ns3:hr>103</ns3:hr>
          </ns3:TrackPointExtension>
        </extensions>
      </trkpt>
      <trkpt lat="47.79946438036859035491943359375" lon="19.20446106232702732086181640625">
        <ele>218.1999969482421875</ele>
        <time>2024-09-07T10:20:56.000Z</time>
        <extensions>
          <ns3:TrackPointExtension>
            <ns3:hr>103</ns3:hr>
          </ns3:TrackPointExtension>
        </extensions>
      </trkpt>
      <trkpt lat="47.79941157437860965728759765625" lon="19.204543791711330413818359375">
        <ele>217.600006103515625</ele>
        <time>2024-09-07T10:21:05.000Z</time>
        <extensions>
          <ns3:TrackPointExtension>
            <ns3:hr>105</ns3:hr>
          </ns3:TrackPointExtension>
        </extensions>
      </trkpt>
      <trkpt lat="47.79939665459096431732177734375" lon="19.20455879531800746917724609375">
        <ele>217.399993896484375</ele>
        <time>2024-09-07T10:21:07.000Z</time>
        <extensions>
          <ns3:TrackPointExtension>
            <ns3:hr>102</ns3:hr>
          </ns3:TrackPointExtension>
        </extensions>
      </trkpt>
      <trkpt lat="47.7993679046630859375" lon="19.20457438565790653228759765625">
        <ele>217.1999969482421875</ele>
        <time>2024-09-07T10:21:11.000Z</time>
        <extensions>
          <ns3:TrackPointExtension>
            <ns3:hr>101</ns3:hr>
          </ns3:TrackPointExtension>
        </extensions>
      </trkpt>
      <trkpt lat="47.79932306148111820220947265625" lon="19.2046542651951313018798828125">
        <ele>216.1999969482421875</ele>
        <time>2024-09-07T10:21:20.000Z</time>
        <extensions>
          <ns3:TrackPointExtension>
            <ns3:hr>102</ns3:hr>
          </ns3:TrackPointExtension>
        </extensions>
      </trkpt>
      <trkpt lat="47.79925785027444362640380859375" lon="19.20472090132534503936767578125">
        <ele>215.1999969482421875</ele>
        <time>2024-09-07T10:21:29.000Z</time>
        <extensions>
          <ns3:TrackPointExtension>
            <ns3:hr>99</ns3:hr>
          </ns3:TrackPointExtension>
        </extensions>
      </trkpt>
      <trkpt lat="47.7991903759539127349853515625" lon="19.20479851774871349334716796875">
        <ele>214</ele>
        <time>2024-09-07T10:21:38.000Z</time>
        <extensions>
          <ns3:TrackPointExtension>
            <ns3:hr>99</ns3:hr>
          </ns3:TrackPointExtension>
        </extensions>
      </trkpt>
      <trkpt lat="47.79912139289081096649169921875" lon="19.20485903508961200714111328125">
        <ele>213.1999969482421875</ele>
        <time>2024-09-07T10:21:44.000Z</time>
        <extensions>
          <ns3:TrackPointExtension>
            <ns3:hr>99</ns3:hr>
          </ns3:TrackPointExtension>
        </extensions>
      </trkpt>
      <trkpt lat="47.79910563491284847259521484375" lon="19.20488719828426837921142578125">
        <ele>212.8000030517578125</ele>
        <time>2024-09-07T10:21:51.000Z</time>
        <extensions>
          <ns3:TrackPointExtension>
            <ns3:hr>99</ns3:hr>
          </ns3:TrackPointExtension>
        </extensions>
      </trkpt>
      <trkpt lat="47.7991102449595928192138671875" lon="19.204921312630176544189453125">
        <ele>212.399993896484375</ele>
        <time>2024-09-07T10:21:56.000Z</time>
        <extensions>
          <ns3:TrackPointExtension>
            <ns3:hr>99</ns3:hr>
          </ns3:TrackPointExtension>
        </extensions>
      </trkpt>
      <trkpt lat="47.79911485500633716583251953125" lon="19.204911254346370697021484375">
        <ele>212.600006103515625</ele>
        <time>2024-09-07T10:22:09.000Z</time>
        <extensions>
          <ns3:TrackPointExtension>
            <ns3:hr>97</ns3:hr>
          </ns3:TrackPointExtension>
        </extensions>
      </trkpt>
      <trkpt lat="47.799112759530544281005859375" lon="19.204912595450878143310546875">
        <ele>212.600006103515625</ele>
        <time>2024-09-07T10:22:45.000Z</time>
        <extensions>
          <ns3:TrackPointExtension>
            <ns3:hr>94</ns3:hr>
          </ns3:TrackPointExtension>
        </extensions>
      </trkpt>
      <trkpt lat="47.79909767210483551025390625" lon="19.20488753356039524078369140625">
        <ele>212.8000030517578125</ele>
        <time>2024-09-07T10:23:07.000Z</time>
        <extensions>
          <ns3:TrackPointExtension>
            <ns3:hr>98</ns3:hr>
          </ns3:TrackPointExtension>
        </extensions>
      </trkpt>
      <trkpt lat="47.7990975044667720794677734375" lon="19.20488703064620494842529296875">
        <ele>212.8000030517578125</ele>
        <time>2024-09-07T10:23:09.000Z</time>
        <extensions>
          <ns3:TrackPointExtension>
            <ns3:hr>102</ns3:hr>
          </ns3:TrackPointExtension>
        </extensions>
      </trkpt>
      <trkpt lat="47.79909742064774036407470703125" lon="19.20488636009395122528076171875">
        <ele>212.8000030517578125</ele>
        <time>2024-09-07T10:23:11.000Z</time>
        <extensions>
          <ns3:TrackPointExtension>
            <ns3:hr>105</ns3:hr>
          </ns3:TrackPointExtension>
        </extensions>
      </trkpt>
      <trkpt lat="47.79909675009548664093017578125" lon="19.2048861086368560791015625">
        <ele>212.8000030517578125</ele>
        <time>2024-09-07T10:23:13.000Z</time>
        <extensions>
          <ns3:TrackPointExtension>
            <ns3:hr>108</ns3:hr>
          </ns3:TrackPointExtension>
        </extensions>
      </trkpt>
      <trkpt lat="47.79909138567745685577392578125" lon="19.20488418079912662506103515625">
        <ele>212.8000030517578125</ele>
        <time>2024-09-07T10:23:15.000Z</time>
        <extensions>
          <ns3:TrackPointExtension>
            <ns3:hr>111</ns3:hr>
          </ns3:TrackPointExtension>
        </extensions>
      </trkpt>
      <trkpt lat="47.79904000461101531982421875" lon="19.204898513853549957275390625">
        <ele>212.399993896484375</ele>
        <time>2024-09-07T10:23:19.000Z</time>
        <extensions>
          <ns3:TrackPointExtension>
            <ns3:hr>114</ns3:hr>
          </ns3:TrackPointExtension>
        </extensions>
      </trkpt>
      <trkpt lat="47.79898895882070064544677734375" lon="19.20492759905755519866943359375">
        <ele>212</ele>
        <time>2024-09-07T10:23:22.000Z</time>
        <extensions>
          <ns3:TrackPointExtension>
            <ns3:hr>113</ns3:hr>
          </ns3:TrackPointExtension>
        </extensions>
      </trkpt>
      <trkpt lat="47.7989452891051769256591796875" lon="19.20496162958443164825439453125">
        <ele>211.1999969482421875</ele>
        <time>2024-09-07T10:23:25.000Z</time>
        <extensions>
          <ns3:TrackPointExtension>
            <ns3:hr>110</ns3:hr>
          </ns3:TrackPointExtension>
        </extensions>
      </trkpt>
      <trkpt lat="47.7988891303539276123046875" lon="19.20507185161113739013671875">
        <ele>209.1999969482421875</ele>
        <time>2024-09-07T10:23:36.000Z</time>
        <extensions>
          <ns3:TrackPointExtension>
            <ns3:hr>107</ns3:hr>
          </ns3:TrackPointExtension>
        </extensions>
      </trkpt>
      <trkpt lat="47.798884771764278411865234375" lon="19.20507855713367462158203125">
        <ele>209</ele>
        <time>2024-09-07T10:23:37.000Z</time>
        <extensions>
          <ns3:TrackPointExtension>
            <ns3:hr>108</ns3:hr>
          </ns3:TrackPointExtension>
        </extensions>
      </trkpt>
      <trkpt lat="47.79886566102504730224609375" lon="19.205119796097278594970703125">
        <ele>208.399993896484375</ele>
        <time>2024-09-07T10:23:41.000Z</time>
        <extensions>
          <ns3:TrackPointExtension>
            <ns3:hr>103</ns3:hr>
          </ns3:TrackPointExtension>
        </extensions>
      </trkpt>
      <trkpt lat="47.7988607995212078094482421875" lon="19.205141253769397735595703125">
        <ele>208.1999969482421875</ele>
        <time>2024-09-07T10:23:43.000Z</time>
        <extensions>
          <ns3:TrackPointExtension>
            <ns3:hr>100</ns3:hr>
          </ns3:TrackPointExtension>
        </extensions>
      </trkpt>
      <trkpt lat="47.79885333962738513946533203125" lon="19.205162711441516876220703125">
        <ele>208</ele>
        <time>2024-09-07T10:23:45.000Z</time>
        <extensions>
          <ns3:TrackPointExtension>
            <ns3:hr>95</ns3:hr>
          </ns3:TrackPointExtension>
        </extensions>
      </trkpt>
      <trkpt lat="47.798844538629055023193359375" lon="19.20518911443650722503662109375">
        <ele>207.600006103515625</ele>
        <time>2024-09-07T10:23:47.000Z</time>
        <extensions>
          <ns3:TrackPointExtension>
            <ns3:hr>91</ns3:hr>
          </ns3:TrackPointExtension>
        </extensions>
      </trkpt>
      <trkpt lat="47.79883439652621746063232421875" lon="19.20521937310695648193359375">
        <ele>207.1999969482421875</ele>
        <time>2024-09-07T10:23:49.000Z</time>
        <extensions>
          <ns3:TrackPointExtension>
            <ns3:hr>90</ns3:hr>
          </ns3:TrackPointExtension>
        </extensions>
      </trkpt>
      <trkpt lat="47.79880137182772159576416015625" lon="19.2053003422915935516357421875">
        <ele>206.1999969482421875</ele>
        <time>2024-09-07T10:23:58.000Z</time>
        <extensions>
          <ns3:TrackPointExtension>
            <ns3:hr>89</ns3:hr>
          </ns3:TrackPointExtension>
        </extensions>
      </trkpt>
      <trkpt lat="47.79880455695092678070068359375" lon="19.20529891736805438995361328125">
        <ele>206.1999969482421875</ele>
        <time>2024-09-07T10:24:08.000Z</time>
        <extensions>
          <ns3:TrackPointExtension>
            <ns3:hr>86</ns3:hr>
          </ns3:TrackPointExtension>
        </extensions>
      </trkpt>
      <trkpt lat="47.79880455695092678070068359375" lon="19.20529891736805438995361328125">
        <ele>206.1999969482421875</ele>
        <time>2024-09-07T10:24:16.000Z</time>
        <extensions>
          <ns3:TrackPointExtension>
            <ns3:hr>89</ns3:hr>
          </ns3:TrackPointExtension>
        </extensions>
      </trkpt>
      <trkpt lat="47.79879366047680377960205078125" lon="19.20533579774200916290283203125">
        <ele>206</ele>
        <time>2024-09-07T10:24:19.000Z</time>
        <extensions>
          <ns3:TrackPointExtension>
            <ns3:hr>92</ns3:hr>
          </ns3:TrackPointExtension>
        </extensions>
      </trkpt>
      <trkpt lat="47.7987729571759700775146484375" lon="19.20539774000644683837890625">
        <ele>205.600006103515625</ele>
        <time>2024-09-07T10:24:21.000Z</time>
        <extensions>
          <ns3:TrackPointExtension>
            <ns3:hr>92</ns3:hr>
          </ns3:TrackPointExtension>
        </extensions>
      </trkpt>
      <trkpt lat="47.79873113147914409637451171875" lon="19.2055179364979267120361328125">
        <ele>204.600006103515625</ele>
        <time>2024-09-07T10:24:27.000Z</time>
        <extensions>
          <ns3:TrackPointExtension>
            <ns3:hr>93</ns3:hr>
          </ns3:TrackPointExtension>
        </extensions>
      </trkpt>
      <trkpt lat="47.79870565049350261688232421875" lon="19.20558792538940906524658203125">
        <ele>203.8000030517578125</ele>
        <time>2024-09-07T10:24:34.000Z</time>
        <extensions>
          <ns3:TrackPointExtension>
            <ns3:hr>90</ns3:hr>
          </ns3:TrackPointExtension>
        </extensions>
      </trkpt>
      <trkpt lat="47.7986727096140384674072265625" lon="19.205701835453510284423828125">
        <ele>202.399993896484375</ele>
        <time>2024-09-07T10:24:43.000Z</time>
        <extensions>
          <ns3:TrackPointExtension>
            <ns3:hr>92</ns3:hr>
          </ns3:TrackPointExtension>
        </extensions>
      </trkpt>
      <trkpt lat="47.7986133657395839691162109375" lon="19.20584457926452159881591796875">
        <ele>201</ele>
        <time>2024-09-07T10:24:56.000Z</time>
        <extensions>
          <ns3:TrackPointExtension>
            <ns3:hr>95</ns3:hr>
          </ns3:TrackPointExtension>
        </extensions>
      </trkpt>
      <trkpt lat="47.79859475791454315185546875" lon="19.20591272413730621337890625">
        <ele>200.1999969482421875</ele>
        <time>2024-09-07T10:25:05.000Z</time>
        <extensions>
          <ns3:TrackPointExtension>
            <ns3:hr>97</ns3:hr>
          </ns3:TrackPointExtension>
        </extensions>
      </trkpt>
      <trkpt lat="47.79856869019567966461181640625" lon="19.20596779324114322662353515625">
        <ele>199.8000030517578125</ele>
        <time>2024-09-07T10:25:12.000Z</time>
        <extensions>
          <ns3:TrackPointExtension>
            <ns3:hr>98</ns3:hr>
          </ns3:TrackPointExtension>
        </extensions>
      </trkpt>
      <trkpt lat="47.798569612205028533935546875" lon="19.20596745796501636505126953125">
        <ele>199.8000030517578125</ele>
        <time>2024-09-07T10:25:17.000Z</time>
        <extensions>
          <ns3:TrackPointExtension>
            <ns3:hr>95</ns3:hr>
          </ns3:TrackPointExtension>
        </extensions>
      </trkpt>
      <trkpt lat="47.798552848398685455322265625" lon="19.2059977166354656219482421875">
        <ele>199.8000030517578125</ele>
        <time>2024-09-07T10:25:21.000Z</time>
        <extensions>
          <ns3:TrackPointExtension>
            <ns3:hr>92</ns3:hr>
          </ns3:TrackPointExtension>
        </extensions>
      </trkpt>
      <trkpt lat="47.7985385991632938385009765625" lon="19.2060319148004055023193359375">
        <ele>199.600006103515625</ele>
        <time>2024-09-07T10:25:24.000Z</time>
        <extensions>
          <ns3:TrackPointExtension>
            <ns3:hr>92</ns3:hr>
          </ns3:TrackPointExtension>
        </extensions>
      </trkpt>
      <trkpt lat="47.79847280122339725494384765625" lon="19.206207096576690673828125">
        <ele>197.8000030517578125</ele>
        <time>2024-09-07T10:25:37.000Z</time>
        <extensions>
          <ns3:TrackPointExtension>
            <ns3:hr>92</ns3:hr>
          </ns3:TrackPointExtension>
        </extensions>
      </trkpt>
      <trkpt lat="47.79842133633792400360107421875" lon="19.20633525587618350982666015625">
        <ele>196.8000030517578125</ele>
        <time>2024-09-07T10:25:48.000Z</time>
        <extensions>
          <ns3:TrackPointExtension>
            <ns3:hr>91</ns3:hr>
          </ns3:TrackPointExtension>
        </extensions>
      </trkpt>
      <trkpt lat="47.79837506823241710662841796875" lon="19.20643801800906658172607421875">
        <ele>196</ele>
        <time>2024-09-07T10:25:57.000Z</time>
        <extensions>
          <ns3:TrackPointExtension>
            <ns3:hr>90</ns3:hr>
          </ns3:TrackPointExtension>
        </extensions>
      </trkpt>
      <trkpt lat="47.798335254192352294921875" lon="19.2065539397299289703369140625">
        <ele>195</ele>
        <time>2024-09-07T10:26:06.000Z</time>
        <extensions>
          <ns3:TrackPointExtension>
            <ns3:hr>91</ns3:hr>
          </ns3:TrackPointExtension>
        </extensions>
      </trkpt>
      <trkpt lat="47.7982894890010356903076171875" lon="19.2066930793225765228271484375">
        <ele>193.399993896484375</ele>
        <time>2024-09-07T10:26:16.000Z</time>
        <extensions>
          <ns3:TrackPointExtension>
            <ns3:hr>91</ns3:hr>
          </ns3:TrackPointExtension>
        </extensions>
      </trkpt>
      <trkpt lat="47.798267863690853118896484375" lon="19.20675921253859996795654296875">
        <ele>192.600006103515625</ele>
        <time>2024-09-07T10:26:23.000Z</time>
        <extensions>
          <ns3:TrackPointExtension>
            <ns3:hr>90</ns3:hr>
          </ns3:TrackPointExtension>
        </extensions>
      </trkpt>
      <trkpt lat="47.79827280901372432708740234375" lon="19.20675887726247310638427734375">
        <ele>192.600006103515625</ele>
        <time>2024-09-07T10:26:28.000Z</time>
        <extensions>
          <ns3:TrackPointExtension>
            <ns3:hr>91</ns3:hr>
          </ns3:TrackPointExtension>
        </extensions>
      </trkpt>
      <trkpt lat="47.79827180318534374237060546875" lon="19.20675803907215595245361328125">
        <ele>192.600006103515625</ele>
        <time>2024-09-07T10:26:37.000Z</time>
        <extensions>
          <ns3:TrackPointExtension>
            <ns3:hr>92</ns3:hr>
          </ns3:TrackPointExtension>
        </extensions>
      </trkpt>
      <trkpt lat="47.798247747123241424560546875" lon="19.2068436183035373687744140625">
        <ele>191.600006103515625</ele>
        <time>2024-09-07T10:26:48.000Z</time>
        <extensions>
          <ns3:TrackPointExtension>
            <ns3:hr>92</ns3:hr>
          </ns3:TrackPointExtension>
        </extensions>
      </trkpt>
      <trkpt lat="47.798215560615062713623046875" lon="19.20698585920035839080810546875">
        <ele>190.399993896484375</ele>
        <time>2024-09-07T10:26:57.000Z</time>
        <extensions>
          <ns3:TrackPointExtension>
            <ns3:hr>92</ns3:hr>
          </ns3:TrackPointExtension>
        </extensions>
      </trkpt>
      <trkpt lat="47.7981729805469512939453125" lon="19.20711301267147064208984375">
        <ele>189.399993896484375</ele>
        <time>2024-09-07T10:27:07.000Z</time>
        <extensions>
          <ns3:TrackPointExtension>
            <ns3:hr>94</ns3:hr>
          </ns3:TrackPointExtension>
        </extensions>
      </trkpt>
      <trkpt lat="47.79814406298100948333740234375" lon="19.20720311813056468963623046875">
        <ele>188.600006103515625</ele>
        <time>2024-09-07T10:27:14.000Z</time>
        <extensions>
          <ns3:TrackPointExtension>
            <ns3:hr>92</ns3:hr>
          </ns3:TrackPointExtension>
        </extensions>
      </trkpt>
      <trkpt lat="47.79813886620104312896728515625" lon="19.20722859911620616912841796875">
        <ele>188.399993896484375</ele>
        <time>2024-09-07T10:27:16.000Z</time>
        <extensions>
          <ns3:TrackPointExtension>
            <ns3:hr>92</ns3:hr>
          </ns3:TrackPointExtension>
        </extensions>
      </trkpt>
      <trkpt lat="47.7980980463325977325439453125" lon="19.20734577812254428863525390625">
        <ele>187.399993896484375</ele>
        <time>2024-09-07T10:27:26.000Z</time>
        <extensions>
          <ns3:TrackPointExtension>
            <ns3:hr>91</ns3:hr>
          </ns3:TrackPointExtension>
        </extensions>
      </trkpt>
      <trkpt lat="47.79808756895363330841064453125" lon="19.20738902874290943145751953125">
        <ele>187</ele>
        <time>2024-09-07T10:27:33.000Z</time>
        <extensions>
          <ns3:TrackPointExtension>
            <ns3:hr>89</ns3:hr>
          </ns3:TrackPointExtension>
        </extensions>
      </trkpt>
      <trkpt lat="47.79807843267917633056640625" lon="19.20743177644908428192138671875">
        <ele>186.8000030517578125</ele>
        <time>2024-09-07T10:27:45.000Z</time>
        <extensions>
          <ns3:TrackPointExtension>
            <ns3:hr>87</ns3:hr>
          </ns3:TrackPointExtension>
        </extensions>
      </trkpt>
      <trkpt lat="47.79807851649820804595947265625" lon="19.20743999071419239044189453125">
        <ele>186.8000030517578125</ele>
        <time>2024-09-07T10:27:50.000Z</time>
        <extensions>
          <ns3:TrackPointExtension>
            <ns3:hr>90</ns3:hr>
          </ns3:TrackPointExtension>
        </extensions>
      </trkpt>
      <trkpt lat="47.79807851649820804595947265625" lon="19.20743999071419239044189453125">
        <ele>186.8000030517578125</ele>
        <time>2024-09-07T10:27:54.000Z</time>
        <extensions>
          <ns3:TrackPointExtension>
            <ns3:hr>90</ns3:hr>
          </ns3:TrackPointExtension>
        </extensions>
      </trkpt>
      <trkpt lat="47.79807851649820804595947265625" lon="19.20743999071419239044189453125">
        <ele>186.8000030517578125</ele>
        <time>2024-09-07T10:27:58.000Z</time>
        <extensions>
          <ns3:TrackPointExtension>
            <ns3:hr>87</ns3:hr>
          </ns3:TrackPointExtension>
        </extensions>
      </trkpt>
      <trkpt lat="47.7980688773095607757568359375" lon="19.20744552277028560638427734375">
        <ele>186.600006103515625</ele>
        <time>2024-09-07T10:28:19.000Z</time>
        <extensions>
          <ns3:TrackPointExtension>
            <ns3:hr>90</ns3:hr>
          </ns3:TrackPointExtension>
        </extensions>
      </trkpt>
      <trkpt lat="47.7980688773095607757568359375" lon="19.2074461095035076141357421875">
        <ele>186.600006103515625</ele>
        <time>2024-09-07T10:28:21.000Z</time>
        <extensions>
          <ns3:TrackPointExtension>
            <ns3:hr>94</ns3:hr>
          </ns3:TrackPointExtension>
        </extensions>
      </trkpt>
      <trkpt lat="47.7980688773095607757568359375" lon="19.207446277141571044921875">
        <ele>186.600006103515625</ele>
        <time>2024-09-07T10:28:24.000Z</time>
        <extensions>
          <ns3:TrackPointExtension>
            <ns3:hr>97</ns3:hr>
          </ns3:TrackPointExtension>
        </extensions>
      </trkpt>
      <trkpt lat="47.7980688773095607757568359375" lon="19.20744652859866619110107421875">
        <ele>186.600006103515625</ele>
        <time>2024-09-07T10:28:27.000Z</time>
        <extensions>
          <ns3:TrackPointExtension>
            <ns3:hr>100</ns3:hr>
          </ns3:TrackPointExtension>
        </extensions>
      </trkpt>
      <trkpt lat="47.79807147569954395294189453125" lon="19.2074548266828060150146484375">
        <ele>186.600006103515625</ele>
        <time>2024-09-07T10:28:49.000Z</time>
        <extensions>
          <ns3:TrackPointExtension>
            <ns3:hr>103</ns3:hr>
          </ns3:TrackPointExtension>
        </extensions>
      </trkpt>
      <trkpt lat="47.7980661951005458831787109375" lon="19.20747569762170314788818359375">
        <ele>186.600006103515625</ele>
        <time>2024-09-07T10:29:12.000Z</time>
        <extensions>
          <ns3:TrackPointExtension>
            <ns3:hr>100</ns3:hr>
          </ns3:TrackPointExtension>
        </extensions>
      </trkpt>
      <trkpt lat="47.79806108213961124420166015625" lon="19.20748391188681125640869140625">
        <ele>186.399993896484375</ele>
        <time>2024-09-07T10:29:16.000Z</time>
        <extensions>
          <ns3:TrackPointExtension>
            <ns3:hr>97</ns3:hr>
          </ns3:TrackPointExtension>
        </extensions>
      </trkpt>
      <trkpt lat="47.79802034609019756317138671875" lon="19.207601845264434814453125">
        <ele>186</ele>
        <time>2024-09-07T10:29:22.000Z</time>
        <extensions>
          <ns3:TrackPointExtension>
            <ns3:hr>95</ns3:hr>
          </ns3:TrackPointExtension>
        </extensions>
      </trkpt>
      <trkpt lat="47.797982878983020782470703125" lon="19.2077150009572505950927734375">
        <ele>185.399993896484375</ele>
        <time>2024-09-07T10:29:30.000Z</time>
        <extensions>
          <ns3:TrackPointExtension>
            <ns3:hr>95</ns3:hr>
          </ns3:TrackPointExtension>
        </extensions>
      </trkpt>
      <trkpt lat="47.79794876463711261749267578125" lon="19.2078196071088314056396484375">
        <ele>184.8000030517578125</ele>
        <time>2024-09-07T10:29:38.000Z</time>
        <extensions>
          <ns3:TrackPointExtension>
            <ns3:hr>93</ns3:hr>
          </ns3:TrackPointExtension>
        </extensions>
      </trkpt>
      <trkpt lat="47.79792152345180511474609375" lon="19.2078983969986438751220703125">
        <ele>184.399993896484375</ele>
        <time>2024-09-07T10:29:45.000Z</time>
        <extensions>
          <ns3:TrackPointExtension>
            <ns3:hr>93</ns3:hr>
          </ns3:TrackPointExtension>
        </extensions>
      </trkpt>
      <trkpt lat="47.79789193533360958099365234375" lon="19.20801113359630107879638671875">
        <ele>183.8000030517578125</ele>
        <time>2024-09-07T10:29:54.000Z</time>
        <extensions>
          <ns3:TrackPointExtension>
            <ns3:hr>91</ns3:hr>
          </ns3:TrackPointExtension>
        </extensions>
      </trkpt>
      <trkpt lat="47.7978680469095706939697265625" lon="19.20807668007910251617431640625">
        <ele>183.1999969482421875</ele>
        <time>2024-09-07T10:29:59.000Z</time>
        <extensions>
          <ns3:TrackPointExtension>
            <ns3:hr>94</ns3:hr>
          </ns3:TrackPointExtension>
        </extensions>
      </trkpt>
      <trkpt lat="47.7978516183793544769287109375" lon="19.20812026597559452056884765625">
        <ele>182.8000030517578125</ele>
        <time>2024-09-07T10:30:03.000Z</time>
        <extensions>
          <ns3:TrackPointExtension>
            <ns3:hr>92</ns3:hr>
          </ns3:TrackPointExtension>
        </extensions>
      </trkpt>
      <trkpt lat="47.7978336811065673828125" lon="19.20816569589078426361083984375">
        <ele>182.399993896484375</ele>
        <time>2024-09-07T10:30:07.000Z</time>
        <extensions>
          <ns3:TrackPointExtension>
            <ns3:hr>88</ns3:hr>
          </ns3:TrackPointExtension>
        </extensions>
      </trkpt>
      <trkpt lat="47.79783074744045734405517578125" lon="19.2081753350794315338134765625">
        <ele>182.399993896484375</ele>
        <time>2024-09-07T10:30:08.000Z</time>
        <extensions>
          <ns3:TrackPointExtension>
            <ns3:hr>92</ns3:hr>
          </ns3:TrackPointExtension>
        </extensions>
      </trkpt>
      <trkpt lat="47.7978170849382877349853515625" lon="19.20822001062333583831787109375">
        <ele>182</ele>
        <time>2024-09-07T10:30:11.000Z</time>
        <extensions>
          <ns3:TrackPointExtension>
            <ns3:hr>92</ns3:hr>
          </ns3:TrackPointExtension>
        </extensions>
      </trkpt>
      <trkpt lat="47.79778615571558475494384765625" lon="19.2083131335675716400146484375">
        <ele>181.1999969482421875</ele>
        <time>2024-09-07T10:30:18.000Z</time>
        <extensions>
          <ns3:TrackPointExtension>
            <ns3:hr>90</ns3:hr>
          </ns3:TrackPointExtension>
        </extensions>
      </trkpt>
      <trkpt lat="47.79776788316667079925537109375" lon="19.2083500139415264129638671875">
        <ele>181</ele>
        <time>2024-09-07T10:30:22.000Z</time>
        <extensions>
          <ns3:TrackPointExtension>
            <ns3:hr>93</ns3:hr>
          </ns3:TrackPointExtension>
        </extensions>
      </trkpt>
      <trkpt lat="47.79774709604680538177490234375" lon="19.20840851962566375732421875">
        <ele>180.399993896484375</ele>
        <time>2024-09-07T10:30:26.000Z</time>
        <extensions>
          <ns3:TrackPointExtension>
            <ns3:hr>90</ns3:hr>
          </ns3:TrackPointExtension>
        </extensions>
      </trkpt>
      <trkpt lat="47.79772446490824222564697265625" lon="19.208488650619983673095703125">
        <ele>179.8000030517578125</ele>
        <time>2024-09-07T10:30:35.000Z</time>
        <extensions>
          <ns3:TrackPointExtension>
            <ns3:hr>93</ns3:hr>
          </ns3:TrackPointExtension>
        </extensions>
      </trkpt>
      <trkpt lat="47.79772262088954448699951171875" lon="19.20848035253584384918212890625">
        <ele>179.8000030517578125</ele>
        <time>2024-09-07T10:30:37.000Z</time>
        <extensions>
          <ns3:TrackPointExtension>
            <ns3:hr>90</ns3:hr>
          </ns3:TrackPointExtension>
        </extensions>
      </trkpt>
      <trkpt lat="47.79771423898637294769287109375" lon="19.20851522125303745269775390625">
        <ele>179.600006103515625</ele>
        <time>2024-09-07T10:30:42.000Z</time>
        <extensions>
          <ns3:TrackPointExtension>
            <ns3:hr>91</ns3:hr>
          </ns3:TrackPointExtension>
        </extensions>
      </trkpt>
      <trkpt lat="47.79769864864647388458251953125" lon="19.20855411328375339508056640625">
        <ele>179.399993896484375</ele>
        <time>2024-09-07T10:30:47.000Z</time>
        <extensions>
          <ns3:TrackPointExtension>
            <ns3:hr>94</ns3:hr>
          </ns3:TrackPointExtension>
        </extensions>
      </trkpt>
      <trkpt lat="47.79769328422844409942626953125" lon="19.20857674442231655120849609375">
        <ele>179.1999969482421875</ele>
        <time>2024-09-07T10:30:50.000Z</time>
        <extensions>
          <ns3:TrackPointExtension>
            <ns3:hr>95</ns3:hr>
          </ns3:TrackPointExtension>
        </extensions>
      </trkpt>
      <trkpt lat="47.79765606857836246490478515625" lon="19.20867363922297954559326171875">
        <ele>178.8000030517578125</ele>
        <time>2024-09-07T10:30:59.000Z</time>
        <extensions>
          <ns3:TrackPointExtension>
            <ns3:hr>92</ns3:hr>
          </ns3:TrackPointExtension>
        </extensions>
      </trkpt>
      <trkpt lat="47.79765598475933074951171875" lon="19.20868185348808765411376953125">
        <ele>178.8000030517578125</ele>
        <time>2024-09-07T10:31:04.000Z</time>
        <extensions>
          <ns3:TrackPointExtension>
            <ns3:hr>90</ns3:hr>
          </ns3:TrackPointExtension>
        </extensions>
      </trkpt>
      <trkpt lat="47.79763452708721160888671875" lon="19.20874371193349361419677734375">
        <ele>178.399993896484375</ele>
        <time>2024-09-07T10:31:10.000Z</time>
        <extensions>
          <ns3:TrackPointExtension>
            <ns3:hr>90</ns3:hr>
          </ns3:TrackPointExtension>
        </extensions>
      </trkpt>
      <trkpt lat="47.79759504832327365875244140625" lon="19.20885284431278705596923828125">
        <ele>177.8000030517578125</ele>
        <time>2024-09-07T10:31:19.000Z</time>
        <extensions>
          <ns3:TrackPointExtension>
            <ns3:hr>88</ns3:hr>
          </ns3:TrackPointExtension>
        </extensions>
      </trkpt>
      <trkpt lat="47.797560431063175201416015625" lon="19.20893917791545391082763671875">
        <ele>177.399993896484375</ele>
        <time>2024-09-07T10:31:27.000Z</time>
        <extensions>
          <ns3:TrackPointExtension>
            <ns3:hr>86</ns3:hr>
          </ns3:TrackPointExtension>
        </extensions>
      </trkpt>
      <trkpt lat="47.79752162285149097442626953125" lon="19.20905132777988910675048828125">
        <ele>176.600006103515625</ele>
        <time>2024-09-07T10:31:36.000Z</time>
        <extensions>
          <ns3:TrackPointExtension>
            <ns3:hr>84</ns3:hr>
          </ns3:TrackPointExtension>
        </extensions>
      </trkpt>
      <trkpt lat="47.79753738082945346832275390625" lon="19.20909759588539600372314453125">
        <ele>176.600006103515625</ele>
        <time>2024-09-07T10:31:43.000Z</time>
        <extensions>
          <ns3:TrackPointExtension>
            <ns3:hr>85</ns3:hr>
          </ns3:TrackPointExtension>
        </extensions>
      </trkpt>
      <trkpt lat="47.79753687791526317596435546875" lon="19.20909759588539600372314453125">
        <ele>176.600006103515625</ele>
        <time>2024-09-07T10:31:49.000Z</time>
        <extensions>
          <ns3:TrackPointExtension>
            <ns3:hr>88</ns3:hr>
          </ns3:TrackPointExtension>
        </extensions>
      </trkpt>
      <trkpt lat="47.79751474969089031219482421875" lon="19.2091234959661960601806640625">
        <ele>176.399993896484375</ele>
        <time>2024-09-07T10:31:53.000Z</time>
        <extensions>
          <ns3:TrackPointExtension>
            <ns3:hr>91</ns3:hr>
          </ns3:TrackPointExtension>
        </extensions>
      </trkpt>
      <trkpt lat="47.79750620014965534210205078125" lon="19.20914302580058574676513671875">
        <ele>176.1999969482421875</ele>
        <time>2024-09-07T10:31:55.000Z</time>
        <extensions>
          <ns3:TrackPointExtension>
            <ns3:hr>92</ns3:hr>
          </ns3:TrackPointExtension>
        </extensions>
      </trkpt>
      <trkpt lat="47.7974804677069187164306640625" lon="19.20921091921627521514892578125">
        <ele>175.8000030517578125</ele>
        <time>2024-09-07T10:32:01.000Z</time>
        <extensions>
          <ns3:TrackPointExtension>
            <ns3:hr>94</ns3:hr>
          </ns3:TrackPointExtension>
        </extensions>
      </trkpt>
      <trkpt lat="47.797455824911594390869140625" lon="19.2093296907842159271240234375">
        <ele>175.600006103515625</ele>
        <time>2024-09-07T10:32:11.000Z</time>
        <extensions>
          <ns3:TrackPointExtension>
            <ns3:hr>94</ns3:hr>
          </ns3:TrackPointExtension>
        </extensions>
      </trkpt>
      <trkpt lat="47.7974300086498260498046875" lon="19.209429435431957244873046875">
        <ele>175.399993896484375</ele>
        <time>2024-09-07T10:32:19.000Z</time>
        <extensions>
          <ns3:TrackPointExtension>
            <ns3:hr>94</ns3:hr>
          </ns3:TrackPointExtension>
        </extensions>
      </trkpt>
      <trkpt lat="47.797406204044818878173828125" lon="19.20952809043228626251220703125">
        <ele>175.1999969482421875</ele>
        <time>2024-09-07T10:32:27.000Z</time>
        <extensions>
          <ns3:TrackPointExtension>
            <ns3:hr>94</ns3:hr>
          </ns3:TrackPointExtension>
        </extensions>
      </trkpt>
      <trkpt lat="47.7973704971373081207275390625" lon="19.209642671048641204833984375">
        <ele>174.399993896484375</ele>
        <time>2024-09-07T10:32:36.000Z</time>
        <extensions>
          <ns3:TrackPointExtension>
            <ns3:hr>93</ns3:hr>
          </ns3:TrackPointExtension>
        </extensions>
      </trkpt>
      <trkpt lat="47.797347195446491241455078125" lon="19.2097248136997222900390625">
        <ele>174.399993896484375</ele>
        <time>2024-09-07T10:32:42.000Z</time>
        <extensions>
          <ns3:TrackPointExtension>
            <ns3:hr>90</ns3:hr>
          </ns3:TrackPointExtension>
        </extensions>
      </trkpt>
      <trkpt lat="47.79734191484749317169189453125" lon="19.209745936095714569091796875">
        <ele>174.1999969482421875</ele>
        <time>2024-09-07T10:32:44.000Z</time>
        <extensions>
          <ns3:TrackPointExtension>
            <ns3:hr>93</ns3:hr>
          </ns3:TrackPointExtension>
        </extensions>
      </trkpt>
      <trkpt lat="47.79731257818639278411865234375" lon="19.2098389752209186553955078125">
        <ele>174</ele>
        <time>2024-09-07T10:32:51.000Z</time>
        <extensions>
          <ns3:TrackPointExtension>
            <ns3:hr>92</ns3:hr>
          </ns3:TrackPointExtension>
        </extensions>
      </trkpt>
      <trkpt lat="47.7972803078591823577880859375" lon="19.20993109233677387237548828125">
        <ele>174</ele>
        <time>2024-09-07T10:32:58.000Z</time>
        <extensions>
          <ns3:TrackPointExtension>
            <ns3:hr>91</ns3:hr>
          </ns3:TrackPointExtension>
        </extensions>
      </trkpt>
      <trkpt lat="47.79725608415901660919189453125" lon="19.2100149951875209808349609375">
        <ele>174.1999969482421875</ele>
        <time>2024-09-07T10:33:05.000Z</time>
        <extensions>
          <ns3:TrackPointExtension>
            <ns3:hr>91</ns3:hr>
          </ns3:TrackPointExtension>
        </extensions>
      </trkpt>
      <trkpt lat="47.79724560678005218505859375" lon="19.21004206873476505279541015625">
        <ele>174.1999969482421875</ele>
        <time>2024-09-07T10:33:07.000Z</time>
        <extensions>
          <ns3:TrackPointExtension>
            <ns3:hr>96</ns3:hr>
          </ns3:TrackPointExtension>
        </extensions>
      </trkpt>
      <trkpt lat="47.7972417511045932769775390625" lon="19.210053719580173492431640625">
        <ele>174.1999969482421875</ele>
        <time>2024-09-07T10:33:08.000Z</time>
        <extensions>
          <ns3:TrackPointExtension>
            <ns3:hr>96</ns3:hr>
          </ns3:TrackPointExtension>
        </extensions>
      </trkpt>
      <trkpt lat="47.797238565981388092041015625" lon="19.21006654389202594757080078125">
        <ele>174.1999969482421875</ele>
        <time>2024-09-07T10:33:09.000Z</time>
        <extensions>
          <ns3:TrackPointExtension>
            <ns3:hr>92</ns3:hr>
          </ns3:TrackPointExtension>
        </extensions>
      </trkpt>
      <trkpt lat="47.797196991741657257080078125" lon="19.2101834714412689208984375">
        <ele>174.1999969482421875</ele>
        <time>2024-09-07T10:33:17.000Z</time>
        <extensions>
          <ns3:TrackPointExtension>
            <ns3:hr>90</ns3:hr>
          </ns3:TrackPointExtension>
        </extensions>
      </trkpt>
      <trkpt lat="47.7971510589122772216796875" lon="19.210323952138423919677734375">
        <ele>173.399993896484375</ele>
        <time>2024-09-07T10:33:28.000Z</time>
        <extensions>
          <ns3:TrackPointExtension>
            <ns3:hr>92</ns3:hr>
          </ns3:TrackPointExtension>
        </extensions>
      </trkpt>
      <trkpt lat="47.79711727984249591827392578125" lon="19.21043568290770053863525390625">
        <ele>172.8000030517578125</ele>
        <time>2024-09-07T10:33:36.000Z</time>
        <extensions>
          <ns3:TrackPointExtension>
            <ns3:hr>89</ns3:hr>
          </ns3:TrackPointExtension>
        </extensions>
      </trkpt>
      <trkpt lat="47.797111831605434417724609375" lon="19.21044808812439441680908203125">
        <ele>172.8000030517578125</ele>
        <time>2024-09-07T10:33:37.000Z</time>
        <extensions>
          <ns3:TrackPointExtension>
            <ns3:hr>92</ns3:hr>
          </ns3:TrackPointExtension>
        </extensions>
      </trkpt>
      <trkpt lat="47.797109149396419525146484375" lon="19.21045663766562938690185546875">
        <ele>172.600006103515625</ele>
        <time>2024-09-07T10:33:38.000Z</time>
        <extensions>
          <ns3:TrackPointExtension>
            <ns3:hr>90</ns3:hr>
          </ns3:TrackPointExtension>
        </extensions>
      </trkpt>
      <trkpt lat="47.79710722155869007110595703125" lon="19.210466444492340087890625">
        <ele>172.600006103515625</ele>
        <time>2024-09-07T10:33:39.000Z</time>
        <extensions>
          <ns3:TrackPointExtension>
            <ns3:hr>91</ns3:hr>
          </ns3:TrackPointExtension>
        </extensions>
      </trkpt>
      <trkpt lat="47.79708735644817352294921875" lon="19.21053643338382244110107421875">
        <ele>172.1999969482421875</ele>
        <time>2024-09-07T10:33:45.000Z</time>
        <extensions>
          <ns3:TrackPointExtension>
            <ns3:hr>91</ns3:hr>
          </ns3:TrackPointExtension>
        </extensions>
      </trkpt>
      <trkpt lat="47.79705139808356761932373046875" lon="19.2106268741190433502197265625">
        <ele>171.600006103515625</ele>
        <time>2024-09-07T10:33:53.000Z</time>
        <extensions>
          <ns3:TrackPointExtension>
            <ns3:hr>94</ns3:hr>
          </ns3:TrackPointExtension>
        </extensions>
      </trkpt>
      <trkpt lat="47.79703564010560512542724609375" lon="19.21067507006227970123291015625">
        <ele>171.399993896484375</ele>
        <time>2024-09-07T10:33:58.000Z</time>
        <extensions>
          <ns3:TrackPointExtension>
            <ns3:hr>95</ns3:hr>
          </ns3:TrackPointExtension>
        </extensions>
      </trkpt>
      <trkpt lat="47.79702910222113132476806640625" lon="19.21068370342254638671875">
        <ele>171.1999969482421875</ele>
        <time>2024-09-07T10:34:05.000Z</time>
        <extensions>
          <ns3:TrackPointExtension>
            <ns3:hr>94</ns3:hr>
          </ns3:TrackPointExtension>
        </extensions>
      </trkpt>
      <trkpt lat="47.79702859930694103240966796875" lon="19.2106832005083560943603515625">
        <ele>171.1999969482421875</ele>
        <time>2024-09-07T10:34:09.000Z</time>
        <extensions>
          <ns3:TrackPointExtension>
            <ns3:hr>91</ns3:hr>
          </ns3:TrackPointExtension>
        </extensions>
      </trkpt>
      <trkpt lat="47.79702859930694103240966796875" lon="19.2106832005083560943603515625">
        <ele>171.1999969482421875</ele>
        <time>2024-09-07T10:34:18.000Z</time>
        <extensions>
          <ns3:TrackPointExtension>
            <ns3:hr>94</ns3:hr>
          </ns3:TrackPointExtension>
        </extensions>
      </trkpt>
      <trkpt lat="47.79702859930694103240966796875" lon="19.2106832005083560943603515625">
        <ele>171.1999969482421875</ele>
        <time>2024-09-07T10:34:20.000Z</time>
        <extensions>
          <ns3:TrackPointExtension>
            <ns3:hr>97</ns3:hr>
          </ns3:TrackPointExtension>
        </extensions>
      </trkpt>
      <trkpt lat="47.79702843166887760162353515625" lon="19.21068303287029266357421875">
        <ele>171.1999969482421875</ele>
        <time>2024-09-07T10:34:24.000Z</time>
        <extensions>
          <ns3:TrackPointExtension>
            <ns3:hr>100</ns3:hr>
          </ns3:TrackPointExtension>
        </extensions>
      </trkpt>
      <trkpt lat="47.79701116494834423065185546875" lon="19.21066685579717159271240234375">
        <ele>171.1999969482421875</ele>
        <time>2024-09-07T10:35:29.000Z</time>
        <extensions>
          <ns3:TrackPointExtension>
            <ns3:hr>97</ns3:hr>
          </ns3:TrackPointExtension>
        </extensions>
      </trkpt>
      <trkpt lat="47.7970110811293125152587890625" lon="19.2106858827173709869384765625">
        <ele>171.1999969482421875</ele>
        <time>2024-09-07T10:36:26.000Z</time>
        <extensions>
          <ns3:TrackPointExtension>
            <ns3:hr>94</ns3:hr>
          </ns3:TrackPointExtension>
        </extensions>
      </trkpt>
      <trkpt lat="47.7970104105770587921142578125" lon="19.2106875590980052947998046875">
        <ele>171.1999969482421875</ele>
        <time>2024-09-07T10:36:32.000Z</time>
        <extensions>
          <ns3:TrackPointExtension>
            <ns3:hr>97</ns3:hr>
          </ns3:TrackPointExtension>
        </extensions>
      </trkpt>
      <trkpt lat="47.79700915329158306121826171875" lon="19.2106875590980052947998046875">
        <ele>171.1999969482421875</ele>
        <time>2024-09-07T10:36:41.000Z</time>
        <extensions>
          <ns3:TrackPointExtension>
            <ns3:hr>94</ns3:hr>
          </ns3:TrackPointExtension>
        </extensions>
      </trkpt>
      <trkpt lat="47.79700831510126590728759765625" lon="19.210686385631561279296875">
        <ele>171.1999969482421875</ele>
        <time>2024-09-07T10:36:57.000Z</time>
        <extensions>
          <ns3:TrackPointExtension>
            <ns3:hr>91</ns3:hr>
          </ns3:TrackPointExtension>
        </extensions>
      </trkpt>
      <trkpt lat="47.79700730927288532257080078125" lon="19.210686720907688140869140625">
        <ele>171</ele>
        <time>2024-09-07T10:37:05.000Z</time>
        <extensions>
          <ns3:TrackPointExtension>
            <ns3:hr>94</ns3:hr>
          </ns3:TrackPointExtension>
        </extensions>
      </trkpt>
      <trkpt lat="47.79700596816837787628173828125" lon="19.2106872238218784332275390625">
        <ele>171</ele>
        <time>2024-09-07T10:37:09.000Z</time>
        <extensions>
          <ns3:TrackPointExtension>
            <ns3:hr>97</ns3:hr>
          </ns3:TrackPointExtension>
        </extensions>
      </trkpt>
      <trkpt lat="47.79701183550059795379638671875" lon="19.21066467650234699249267578125">
        <ele>171.1999969482421875</ele>
        <time>2024-09-07T10:37:13.000Z</time>
        <extensions>
          <ns3:TrackPointExtension>
            <ns3:hr>100</ns3:hr>
          </ns3:TrackPointExtension>
        </extensions>
      </trkpt>
      <trkpt lat="47.79702524654567241668701171875" lon="19.21062444336712360382080078125">
        <ele>171.399993896484375</ele>
        <time>2024-09-07T10:37:15.000Z</time>
        <extensions>
          <ns3:TrackPointExtension>
            <ns3:hr>101</ns3:hr>
          </ns3:TrackPointExtension>
        </extensions>
      </trkpt>
      <trkpt lat="47.79707352630794048309326171875" lon="19.21051405370235443115234375">
        <ele>172.1999969482421875</ele>
        <time>2024-09-07T10:37:21.000Z</time>
        <extensions>
          <ns3:TrackPointExtension>
            <ns3:hr>102</ns3:hr>
          </ns3:TrackPointExtension>
        </extensions>
      </trkpt>
      <trkpt lat="47.79708693735301494598388671875" lon="19.21051950193941593170166015625">
        <ele>172.1999969482421875</ele>
        <time>2024-09-07T10:37:23.000Z</time>
        <extensions>
          <ns3:TrackPointExtension>
            <ns3:hr>103</ns3:hr>
          </ns3:TrackPointExtension>
        </extensions>
      </trkpt>
      <trkpt lat="47.7970959059894084930419921875" lon="19.21053106896579265594482421875">
        <ele>172.1999969482421875</ele>
        <time>2024-09-07T10:37:24.000Z</time>
        <extensions>
          <ns3:TrackPointExtension>
            <ns3:hr>103</ns3:hr>
          </ns3:TrackPointExtension>
        </extensions>
      </trkpt>
      <trkpt lat="47.79710236005485057830810546875" lon="19.21055034734308719635009765625">
        <ele>172.1999969482421875</ele>
        <time>2024-09-07T10:37:26.000Z</time>
        <extensions>
          <ns3:TrackPointExtension>
            <ns3:hr>103</ns3:hr>
          </ns3:TrackPointExtension>
        </extensions>
      </trkpt>
      <trkpt lat="47.79710286296904087066650390625" lon="19.21055562794208526611328125">
        <ele>172.1999969482421875</ele>
        <time>2024-09-07T10:37:28.000Z</time>
        <extensions>
          <ns3:TrackPointExtension>
            <ns3:hr>103</ns3:hr>
          </ns3:TrackPointExtension>
        </extensions>
      </trkpt>
      <trkpt lat="47.79709900729358196258544921875" lon="19.21056258492171764373779296875">
        <ele>172.1999969482421875</ele>
        <time>2024-09-07T10:37:40.000Z</time>
        <extensions>
          <ns3:TrackPointExtension>
            <ns3:hr>101</ns3:hr>
          </ns3:TrackPointExtension>
        </extensions>
      </trkpt>
      <trkpt lat="47.797063551843166351318359375" lon="19.21057029627263545989990234375">
        <ele>172</ele>
        <time>2024-09-07T10:38:03.000Z</time>
        <extensions>
          <ns3:TrackPointExtension>
            <ns3:hr>101</ns3:hr>
          </ns3:TrackPointExtension>
        </extensions>
      </trkpt>
      <trkpt lat="47.79701091349124908447265625" lon="19.21067364513874053955078125">
        <ele>171.1999969482421875</ele>
        <time>2024-09-07T10:38:12.000Z</time>
        <extensions>
          <ns3:TrackPointExtension>
            <ns3:hr>102</ns3:hr>
          </ns3:TrackPointExtension>
        </extensions>
      </trkpt>
      <trkpt lat="47.797003872692584991455078125" lon="19.210678674280643463134765625">
        <ele>171.1999969482421875</ele>
        <time>2024-09-07T10:38:17.000Z</time>
        <extensions>
          <ns3:TrackPointExtension>
            <ns3:hr>100</ns3:hr>
          </ns3:TrackPointExtension>
        </extensions>
      </trkpt>
      <trkpt lat="47.7970016933977603912353515625" lon="19.21068110503256320953369140625">
        <ele>171</ele>
        <time>2024-09-07T10:38:20.000Z</time>
        <extensions>
          <ns3:TrackPointExtension>
            <ns3:hr>97</ns3:hr>
          </ns3:TrackPointExtension>
        </extensions>
      </trkpt>
      <trkpt lat="47.79699205420911312103271484375" lon="19.21068848110735416412353515625">
        <ele>171</ele>
        <time>2024-09-07T10:38:26.000Z</time>
        <extensions>
          <ns3:TrackPointExtension>
            <ns3:hr>97</ns3:hr>
          </ns3:TrackPointExtension>
        </extensions>
      </trkpt>
      <trkpt lat="47.796960957348346710205078125" lon="19.21078219078481197357177734375">
        <ele>170.600006103515625</ele>
        <time>2024-09-07T10:38:52.000Z</time>
        <extensions>
          <ns3:TrackPointExtension>
            <ns3:hr>98</ns3:hr>
          </ns3:TrackPointExtension>
        </extensions>
      </trkpt>
      <trkpt lat="47.796944864094257354736328125" lon="19.21084287576377391815185546875">
        <ele>170.399993896484375</ele>
        <time>2024-09-07T10:38:55.000Z</time>
        <extensions>
          <ns3:TrackPointExtension>
            <ns3:hr>97</ns3:hr>
          </ns3:TrackPointExtension>
        </extensions>
      </trkpt>
      <trkpt lat="47.79693556018173694610595703125" lon="19.210909344255924224853515625">
        <ele>170.1999969482421875</ele>
        <time>2024-09-07T10:39:00.000Z</time>
        <extensions>
          <ns3:TrackPointExtension>
            <ns3:hr>99</ns3:hr>
          </ns3:TrackPointExtension>
        </extensions>
      </trkpt>
      <trkpt lat="47.79689582996070384979248046875" lon="19.21103775501251220703125">
        <ele>169</ele>
        <time>2024-09-07T10:39:11.000Z</time>
        <extensions>
          <ns3:TrackPointExtension>
            <ns3:hr>99</ns3:hr>
          </ns3:TrackPointExtension>
        </extensions>
      </trkpt>
      <trkpt lat="47.79688124544918537139892578125" lon="19.21109232120215892791748046875">
        <ele>168.600006103515625</ele>
        <time>2024-09-07T10:39:15.000Z</time>
        <extensions>
          <ns3:TrackPointExtension>
            <ns3:hr>96</ns3:hr>
          </ns3:TrackPointExtension>
        </extensions>
      </trkpt>
      <trkpt lat="47.79686498455703258514404296875" lon="19.21113925985991954803466796875">
        <ele>168</ele>
        <time>2024-09-07T10:39:20.000Z</time>
        <extensions>
          <ns3:TrackPointExtension>
            <ns3:hr>99</ns3:hr>
          </ns3:TrackPointExtension>
        </extensions>
      </trkpt>
      <trkpt lat="47.7968612127006053924560546875" lon="19.21114965341985225677490234375">
        <ele>168</ele>
        <time>2024-09-07T10:39:21.000Z</time>
        <extensions>
          <ns3:TrackPointExtension>
            <ns3:hr>96</ns3:hr>
          </ns3:TrackPointExtension>
        </extensions>
      </trkpt>
      <trkpt lat="47.7968454547226428985595703125" lon="19.2112162895500659942626953125">
        <ele>168</ele>
        <time>2024-09-07T10:39:27.000Z</time>
        <extensions>
          <ns3:TrackPointExtension>
            <ns3:hr>96</ns3:hr>
          </ns3:TrackPointExtension>
        </extensions>
      </trkpt>
      <trkpt lat="47.7968152798712253570556640625" lon="19.2112940736114978790283203125">
        <ele>168</ele>
        <time>2024-09-07T10:39:35.000Z</time>
        <extensions>
          <ns3:TrackPointExtension>
            <ns3:hr>93</ns3:hr>
          </ns3:TrackPointExtension>
        </extensions>
      </trkpt>
      <trkpt lat="47.7968065626919269561767578125" lon="19.211321733891963958740234375">
        <ele>168</ele>
        <time>2024-09-07T10:39:37.000Z</time>
        <extensions>
          <ns3:TrackPointExtension>
            <ns3:hr>94</ns3:hr>
          </ns3:TrackPointExtension>
        </extensions>
      </trkpt>
      <trkpt lat="47.79679021798074245452880859375" lon="19.21137101948261260986328125">
        <ele>167.600006103515625</ele>
        <time>2024-09-07T10:39:44.000Z</time>
        <extensions>
          <ns3:TrackPointExtension>
            <ns3:hr>95</ns3:hr>
          </ns3:TrackPointExtension>
        </extensions>
      </trkpt>
      <trkpt lat="47.79676808975636959075927734375" lon="19.211448132991790771484375">
        <ele>167</ele>
        <time>2024-09-07T10:39:52.000Z</time>
        <extensions>
          <ns3:TrackPointExtension>
            <ns3:hr>95</ns3:hr>
          </ns3:TrackPointExtension>
        </extensions>
      </trkpt>
      <trkpt lat="47.79672785662114620208740234375" lon="19.211575873196125030517578125">
        <ele>166</ele>
        <time>2024-09-07T10:40:00.000Z</time>
        <extensions>
          <ns3:TrackPointExtension>
            <ns3:hr>96</ns3:hr>
          </ns3:TrackPointExtension>
        </extensions>
      </trkpt>
      <trkpt lat="47.79668343253433704376220703125" lon="19.211720712482929229736328125">
        <ele>165</ele>
        <time>2024-09-07T10:40:09.000Z</time>
        <extensions>
          <ns3:TrackPointExtension>
            <ns3:hr>95</ns3:hr>
          </ns3:TrackPointExtension>
        </extensions>
      </trkpt>
      <trkpt lat="47.7966580353677272796630859375" lon="19.21182163059711456298828125">
        <ele>164.600006103515625</ele>
        <time>2024-09-07T10:40:17.000Z</time>
        <extensions>
          <ns3:TrackPointExtension>
            <ns3:hr>94</ns3:hr>
          </ns3:TrackPointExtension>
        </extensions>
      </trkpt>
      <trkpt lat="47.79661654494702816009521484375" lon="19.2119430005550384521484375">
        <ele>164.8000030517578125</ele>
        <time>2024-09-07T10:40:27.000Z</time>
        <extensions>
          <ns3:TrackPointExtension>
            <ns3:hr>94</ns3:hr>
          </ns3:TrackPointExtension>
        </extensions>
      </trkpt>
      <trkpt lat="47.79657329432666301727294921875" lon="19.21204450540244579315185546875">
        <ele>165</ele>
        <time>2024-09-07T10:40:35.000Z</time>
        <extensions>
          <ns3:TrackPointExtension>
            <ns3:hr>95</ns3:hr>
          </ns3:TrackPointExtension>
        </extensions>
      </trkpt>
      <trkpt lat="47.7965212427079677581787109375" lon="19.212195463478565216064453125">
        <ele>165.1999969482421875</ele>
        <time>2024-09-07T10:40:47.000Z</time>
        <extensions>
          <ns3:TrackPointExtension>
            <ns3:hr>94</ns3:hr>
          </ns3:TrackPointExtension>
        </extensions>
      </trkpt>
      <trkpt lat="47.79648561961948871612548828125" lon="19.2122911848127841949462890625">
        <ele>165.600006103515625</ele>
        <time>2024-09-07T10:40:54.000Z</time>
        <extensions>
          <ns3:TrackPointExtension>
            <ns3:hr>95</ns3:hr>
          </ns3:TrackPointExtension>
        </extensions>
      </trkpt>
      <trkpt lat="47.79641236178576946258544921875" lon="19.21248891390860080718994140625">
        <ele>165</ele>
        <time>2024-09-07T10:41:09.000Z</time>
        <extensions>
          <ns3:TrackPointExtension>
            <ns3:hr>95</ns3:hr>
          </ns3:TrackPointExtension>
        </extensions>
      </trkpt>
      <trkpt lat="47.79636911116540431976318359375" lon="19.21261481009423732757568359375">
        <ele>164</ele>
        <time>2024-09-07T10:41:18.000Z</time>
        <extensions>
          <ns3:TrackPointExtension>
            <ns3:hr>95</ns3:hr>
          </ns3:TrackPointExtension>
        </extensions>
      </trkpt>
      <trkpt lat="47.796313874423503875732421875" lon="19.21275059692561626434326171875">
        <ele>163.600006103515625</ele>
        <time>2024-09-07T10:41:29.000Z</time>
        <extensions>
          <ns3:TrackPointExtension>
            <ns3:hr>94</ns3:hr>
          </ns3:TrackPointExtension>
        </extensions>
      </trkpt>
      <trkpt lat="47.796293087303638458251953125" lon="19.21279971487820148468017578125">
        <ele>163.1999969482421875</ele>
        <time>2024-09-07T10:41:33.000Z</time>
        <extensions>
          <ns3:TrackPointExtension>
            <ns3:hr>98</ns3:hr>
          </ns3:TrackPointExtension>
        </extensions>
      </trkpt>
      <trkpt lat="47.79629074037075042724609375" lon="19.21280675567686557769775390625">
        <ele>163.1999969482421875</ele>
        <time>2024-09-07T10:41:34.000Z</time>
        <extensions>
          <ns3:TrackPointExtension>
            <ns3:hr>95</ns3:hr>
          </ns3:TrackPointExtension>
        </extensions>
      </trkpt>
      <trkpt lat="47.79627741314470767974853515625" lon="19.21286023221909999847412109375">
        <ele>162.8000030517578125</ele>
        <time>2024-09-07T10:41:38.000Z</time>
        <extensions>
          <ns3:TrackPointExtension>
            <ns3:hr>94</ns3:hr>
          </ns3:TrackPointExtension>
        </extensions>
      </trkpt>
      <trkpt lat="47.79623919166624546051025390625" lon="19.21296467073261737823486328125">
        <ele>162</ele>
        <time>2024-09-07T10:41:46.000Z</time>
        <extensions>
          <ns3:TrackPointExtension>
            <ns3:hr>92</ns3:hr>
          </ns3:TrackPointExtension>
        </extensions>
      </trkpt>
      <trkpt lat="47.79623575508594512939453125" lon="19.2129761539399623870849609375">
        <ele>162</ele>
        <time>2024-09-07T10:41:47.000Z</time>
        <extensions>
          <ns3:TrackPointExtension>
            <ns3:hr>96</ns3:hr>
          </ns3:TrackPointExtension>
        </extensions>
      </trkpt>
      <trkpt lat="47.796205580234527587890625" lon="19.21305804513394832611083984375">
        <ele>161.399993896484375</ele>
        <time>2024-09-07T10:41:53.000Z</time>
        <extensions>
          <ns3:TrackPointExtension>
            <ns3:hr>93</ns3:hr>
          </ns3:TrackPointExtension>
        </extensions>
      </trkpt>
      <trkpt lat="47.796189486980438232421875" lon="19.213100038468837738037109375">
        <ele>161.1999969482421875</ele>
        <time>2024-09-07T10:41:57.000Z</time>
        <extensions>
          <ns3:TrackPointExtension>
            <ns3:hr>93</ns3:hr>
          </ns3:TrackPointExtension>
        </extensions>
      </trkpt>
      <trkpt lat="47.79614917002618312835693359375" lon="19.21323339454829692840576171875">
        <ele>160.1999969482421875</ele>
        <time>2024-09-07T10:42:07.000Z</time>
        <extensions>
          <ns3:TrackPointExtension>
            <ns3:hr>95</ns3:hr>
          </ns3:TrackPointExtension>
        </extensions>
      </trkpt>
      <trkpt lat="47.79610642232000827789306640625" lon="19.2133654095232486724853515625">
        <ele>159.600006103515625</ele>
        <time>2024-09-07T10:42:17.000Z</time>
        <extensions>
          <ns3:TrackPointExtension>
            <ns3:hr>97</ns3:hr>
          </ns3:TrackPointExtension>
        </extensions>
      </trkpt>
      <trkpt lat="47.79607742093503475189208984375" lon="19.213459454476833343505859375">
        <ele>159.399993896484375</ele>
        <time>2024-09-07T10:42:24.000Z</time>
        <extensions>
          <ns3:TrackPointExtension>
            <ns3:hr>98</ns3:hr>
          </ns3:TrackPointExtension>
        </extensions>
      </trkpt>
      <trkpt lat="47.7960471622645854949951171875" lon="19.21356565319001674652099609375">
        <ele>159.600006103515625</ele>
        <time>2024-09-07T10:42:32.000Z</time>
        <extensions>
          <ns3:TrackPointExtension>
            <ns3:hr>103</ns3:hr>
          </ns3:TrackPointExtension>
        </extensions>
      </trkpt>
      <trkpt lat="47.79604238457977771759033203125" lon="19.213580153882503509521484375">
        <ele>159.600006103515625</ele>
        <time>2024-09-07T10:42:33.000Z</time>
        <extensions>
          <ns3:TrackPointExtension>
            <ns3:hr>101</ns3:hr>
          </ns3:TrackPointExtension>
        </extensions>
      </trkpt>
      <trkpt lat="47.79603517614305019378662109375" lon="19.21360261738300323486328125">
        <ele>159.600006103515625</ele>
        <time>2024-09-07T10:42:34.000Z</time>
        <extensions>
          <ns3:TrackPointExtension>
            <ns3:hr>97</ns3:hr>
          </ns3:TrackPointExtension>
        </extensions>
      </trkpt>
      <trkpt lat="47.79602880589663982391357421875" lon="19.2136218957602977752685546875">
        <ele>159.600006103515625</ele>
        <time>2024-09-07T10:42:35.000Z</time>
        <extensions>
          <ns3:TrackPointExtension>
            <ns3:hr>97</ns3:hr>
          </ns3:TrackPointExtension>
        </extensions>
      </trkpt>
      <trkpt lat="47.79598295688629150390625" lon="19.21374083496630191802978515625">
        <ele>159.8000030517578125</ele>
        <time>2024-09-07T10:42:44.000Z</time>
        <extensions>
          <ns3:TrackPointExtension>
            <ns3:hr>97</ns3:hr>
          </ns3:TrackPointExtension>
        </extensions>
      </trkpt>
      <trkpt lat="47.79593073762953281402587890625" lon="19.213883914053440093994140625">
        <ele>159.600006103515625</ele>
        <time>2024-09-07T10:42:55.000Z</time>
        <extensions>
          <ns3:TrackPointExtension>
            <ns3:hr>98</ns3:hr>
          </ns3:TrackPointExtension>
        </extensions>
      </trkpt>
      <trkpt lat="47.795900814235210418701171875" lon="19.21395993791520595550537109375">
        <ele>159.399993896484375</ele>
        <time>2024-09-07T10:43:01.000Z</time>
        <extensions>
          <ns3:TrackPointExtension>
            <ns3:hr>97</ns3:hr>
          </ns3:TrackPointExtension>
        </extensions>
      </trkpt>
      <trkpt lat="47.79588363133370876312255859375" lon="19.21398038975894451141357421875">
        <ele>159.399993896484375</ele>
        <time>2024-09-07T10:43:03.000Z</time>
        <extensions>
          <ns3:TrackPointExtension>
            <ns3:hr>97</ns3:hr>
          </ns3:TrackPointExtension>
        </extensions>
      </trkpt>
      <trkpt lat="47.7958218567073345184326171875" lon="19.21405666507780551910400390625">
        <ele>159.399993896484375</ele>
        <time>2024-09-07T10:43:10.000Z</time>
        <extensions>
          <ns3:TrackPointExtension>
            <ns3:hr>96</ns3:hr>
          </ns3:TrackPointExtension>
        </extensions>
      </trkpt>
      <trkpt lat="47.7957940287888050079345703125" lon="19.21408918686211109161376953125">
        <ele>159.399993896484375</ele>
        <time>2024-09-07T10:43:14.000Z</time>
        <extensions>
          <ns3:TrackPointExtension>
            <ns3:hr>92</ns3:hr>
          </ns3:TrackPointExtension>
        </extensions>
      </trkpt>
      <trkpt lat="47.79578891582787036895751953125" lon="19.21409673057496547698974609375">
        <ele>159.399993896484375</ele>
        <time>2024-09-07T10:43:15.000Z</time>
        <extensions>
          <ns3:TrackPointExtension>
            <ns3:hr>95</ns3:hr>
          </ns3:TrackPointExtension>
        </extensions>
      </trkpt>
      <trkpt lat="47.795776762068271636962890625" lon="19.21412698924541473388671875">
        <ele>159.1999969482421875</ele>
        <time>2024-09-07T10:43:18.000Z</time>
        <extensions>
          <ns3:TrackPointExtension>
            <ns3:hr>94</ns3:hr>
          </ns3:TrackPointExtension>
        </extensions>
      </trkpt>
      <trkpt lat="47.79573007486760616302490234375" lon="19.21419278718531131744384765625">
        <ele>159</ele>
        <time>2024-09-07T10:43:25.000Z</time>
        <extensions>
          <ns3:TrackPointExtension>
            <ns3:hr>95</ns3:hr>
          </ns3:TrackPointExtension>
        </extensions>
      </trkpt>
      <trkpt lat="47.7956973016262054443359375" lon="19.21422799117863178253173828125">
        <ele>159</ele>
        <time>2024-09-07T10:43:29.000Z</time>
        <extensions>
          <ns3:TrackPointExtension>
            <ns3:hr>90</ns3:hr>
          </ns3:TrackPointExtension>
        </extensions>
      </trkpt>
      <trkpt lat="47.7956783585250377655029296875" lon="19.21424475498497486114501953125">
        <ele>159.1999969482421875</ele>
        <time>2024-09-07T10:43:31.000Z</time>
        <extensions>
          <ns3:TrackPointExtension>
            <ns3:hr>96</ns3:hr>
          </ns3:TrackPointExtension>
        </extensions>
      </trkpt>
      <trkpt lat="47.7956679649651050567626953125" lon="19.214253723621368408203125">
        <ele>159.1999969482421875</ele>
        <time>2024-09-07T10:43:32.000Z</time>
        <extensions>
          <ns3:TrackPointExtension>
            <ns3:hr>96</ns3:hr>
          </ns3:TrackPointExtension>
        </extensions>
      </trkpt>
      <trkpt lat="47.795651368796825408935546875" lon="19.21426990069448947906494140625">
        <ele>159.1999969482421875</ele>
        <time>2024-09-07T10:43:34.000Z</time>
        <extensions>
          <ns3:TrackPointExtension>
            <ns3:hr>97</ns3:hr>
          </ns3:TrackPointExtension>
        </extensions>
      </trkpt>
      <trkpt lat="47.79556863941252231597900390625" lon="19.21435724012553691864013671875">
        <ele>159</ele>
        <time>2024-09-07T10:43:43.000Z</time>
        <extensions>
          <ns3:TrackPointExtension>
            <ns3:hr>95</ns3:hr>
          </ns3:TrackPointExtension>
        </extensions>
      </trkpt>
      <trkpt lat="47.79548230580985546112060546875" lon="19.21442178077995777130126953125">
        <ele>158.600006103515625</ele>
        <time>2024-09-07T10:43:52.000Z</time>
        <extensions>
          <ns3:TrackPointExtension>
            <ns3:hr>96</ns3:hr>
          </ns3:TrackPointExtension>
        </extensions>
      </trkpt>
      <trkpt lat="47.7953900210559368133544921875" lon="19.2145066894590854644775390625">
        <ele>158.399993896484375</ele>
        <time>2024-09-07T10:44:02.000Z</time>
        <extensions>
          <ns3:TrackPointExtension>
            <ns3:hr>95</ns3:hr>
          </ns3:TrackPointExtension>
        </extensions>
      </trkpt>
      <trkpt lat="47.79528734274208545684814453125" lon="19.2146002314984798431396484375">
        <ele>157.8000030517578125</ele>
        <time>2024-09-07T10:44:13.000Z</time>
        <extensions>
          <ns3:TrackPointExtension>
            <ns3:hr>95</ns3:hr>
          </ns3:TrackPointExtension>
        </extensions>
      </trkpt>
      <trkpt lat="47.79525515623390674591064453125" lon="19.21462990343570709228515625">
        <ele>157.600006103515625</ele>
        <time>2024-09-07T10:44:17.000Z</time>
        <extensions>
          <ns3:TrackPointExtension>
            <ns3:hr>95</ns3:hr>
          </ns3:TrackPointExtension>
        </extensions>
      </trkpt>
      <trkpt lat="47.79522330500185489654541015625" lon="19.21467105858027935028076171875">
        <ele>157.399993896484375</ele>
        <time>2024-09-07T10:44:21.000Z</time>
        <extensions>
          <ns3:TrackPointExtension>
            <ns3:hr>95</ns3:hr>
          </ns3:TrackPointExtension>
        </extensions>
      </trkpt>
      <trkpt lat="47.79521676711738109588623046875" lon="19.21467642299830913543701171875">
        <ele>157.399993896484375</ele>
        <time>2024-09-07T10:44:22.000Z</time>
        <extensions>
          <ns3:TrackPointExtension>
            <ns3:hr>95</ns3:hr>
          </ns3:TrackPointExtension>
        </extensions>
      </trkpt>
      <trkpt lat="47.795136384665966033935546875" lon="19.2147427238523960113525390625">
        <ele>156.8000030517578125</ele>
        <time>2024-09-07T10:44:31.000Z</time>
        <extensions>
          <ns3:TrackPointExtension>
            <ns3:hr>96</ns3:hr>
          </ns3:TrackPointExtension>
        </extensions>
      </trkpt>
      <trkpt lat="47.7950420044362545013427734375" lon="19.21483375132083892822265625">
        <ele>156.1999969482421875</ele>
        <time>2024-09-07T10:44:42.000Z</time>
        <extensions>
          <ns3:TrackPointExtension>
            <ns3:hr>93</ns3:hr>
          </ns3:TrackPointExtension>
        </extensions>
      </trkpt>
      <trkpt lat="47.795033790171146392822265625" lon="19.2148397862911224365234375">
        <ele>156.1999969482421875</ele>
        <time>2024-09-07T10:44:43.000Z</time>
        <extensions>
          <ns3:TrackPointExtension>
            <ns3:hr>96</ns3:hr>
          </ns3:TrackPointExtension>
        </extensions>
      </trkpt>
      <trkpt lat="47.79502448625862598419189453125" lon="19.21484489925205707550048828125">
        <ele>156</ele>
        <time>2024-09-07T10:44:44.000Z</time>
        <extensions>
          <ns3:TrackPointExtension>
            <ns3:hr>95</ns3:hr>
          </ns3:TrackPointExtension>
        </extensions>
      </trkpt>
      <trkpt lat="47.79495592229068279266357421875" lon="19.21489452011883258819580078125">
        <ele>156</ele>
        <time>2024-09-07T10:44:51.000Z</time>
        <extensions>
          <ns3:TrackPointExtension>
            <ns3:hr>92</ns3:hr>
          </ns3:TrackPointExtension>
        </extensions>
      </trkpt>
      <trkpt lat="47.7948861010372638702392578125" lon="19.21497180126607418060302734375">
        <ele>156</ele>
        <time>2024-09-07T10:45:00.000Z</time>
        <extensions>
          <ns3:TrackPointExtension>
            <ns3:hr>94</ns3:hr>
          </ns3:TrackPointExtension>
        </extensions>
      </trkpt>
      <trkpt lat="47.794811166822910308837890625" lon="19.21504497528076171875">
        <ele>155.600006103515625</ele>
        <time>2024-09-07T10:45:09.000Z</time>
        <extensions>
          <ns3:TrackPointExtension>
            <ns3:hr>92</ns3:hr>
          </ns3:TrackPointExtension>
        </extensions>
      </trkpt>
      <trkpt lat="47.79475743882358074188232421875" lon="19.215092249214649200439453125">
        <ele>155.1999969482421875</ele>
        <time>2024-09-07T10:45:15.000Z</time>
        <extensions>
          <ns3:TrackPointExtension>
            <ns3:hr>95</ns3:hr>
          </ns3:TrackPointExtension>
        </extensions>
      </trkpt>
      <trkpt lat="47.79471402056515216827392578125" lon="19.215127788484096527099609375">
        <ele>155</ele>
        <time>2024-09-07T10:45:20.000Z</time>
        <extensions>
          <ns3:TrackPointExtension>
            <ns3:hr>94</ns3:hr>
          </ns3:TrackPointExtension>
        </extensions>
      </trkpt>
      <trkpt lat="47.7946271002292633056640625" lon="19.2152282036840915679931640625">
        <ele>154.8000030517578125</ele>
        <time>2024-09-07T10:45:30.000Z</time>
        <extensions>
          <ns3:TrackPointExtension>
            <ns3:hr>94</ns3:hr>
          </ns3:TrackPointExtension>
        </extensions>
      </trkpt>
      <trkpt lat="47.79454755596816539764404296875" lon="19.21531252562999725341796875">
        <ele>154.600006103515625</ele>
        <time>2024-09-07T10:45:40.000Z</time>
        <extensions>
          <ns3:TrackPointExtension>
            <ns3:hr>96</ns3:hr>
          </ns3:TrackPointExtension>
        </extensions>
      </trkpt>
      <trkpt lat="47.79448016546666622161865234375" lon="19.21538829803466796875">
        <ele>154.399993896484375</ele>
        <time>2024-09-07T10:45:48.000Z</time>
        <extensions>
          <ns3:TrackPointExtension>
            <ns3:hr>99</ns3:hr>
          </ns3:TrackPointExtension>
        </extensions>
      </trkpt>
      <trkpt lat="47.79447220265865325927734375" lon="19.21539575792849063873291015625">
        <ele>154.1999969482421875</ele>
        <time>2024-09-07T10:45:49.000Z</time>
        <extensions>
          <ns3:TrackPointExtension>
            <ns3:hr>99</ns3:hr>
          </ns3:TrackPointExtension>
        </extensions>
      </trkpt>
      <trkpt lat="47.7944405190646648406982421875" lon="19.21542693860828876495361328125">
        <ele>154.399993896484375</ele>
        <time>2024-09-07T10:45:53.000Z</time>
        <extensions>
          <ns3:TrackPointExtension>
            <ns3:hr>102</ns3:hr>
          </ns3:TrackPointExtension>
        </extensions>
      </trkpt>
      <trkpt lat="47.794396765530109405517578125" lon="19.2154633998870849609375">
        <ele>154.399993896484375</ele>
        <time>2024-09-07T10:45:58.000Z</time>
        <extensions>
          <ns3:TrackPointExtension>
            <ns3:hr>102</ns3:hr>
          </ns3:TrackPointExtension>
        </extensions>
      </trkpt>
      <trkpt lat="47.79438762925565242767333984375" lon="19.2154701054096221923828125">
        <ele>154.399993896484375</ele>
        <time>2024-09-07T10:45:59.000Z</time>
        <extensions>
          <ns3:TrackPointExtension>
            <ns3:hr>99</ns3:hr>
          </ns3:TrackPointExtension>
        </extensions>
      </trkpt>
      <trkpt lat="47.79437120072543621063232421875" lon="19.2154860310256481170654296875">
        <ele>154.600006103515625</ele>
        <time>2024-09-07T10:46:01.000Z</time>
        <extensions>
          <ns3:TrackPointExtension>
            <ns3:hr>96</ns3:hr>
          </ns3:TrackPointExtension>
        </extensions>
      </trkpt>
      <trkpt lat="47.79435292817652225494384765625" lon="19.215507991611957550048828125">
        <ele>154.600006103515625</ele>
        <time>2024-09-07T10:46:04.000Z</time>
        <extensions>
          <ns3:TrackPointExtension>
            <ns3:hr>97</ns3:hr>
          </ns3:TrackPointExtension>
        </extensions>
      </trkpt>
      <trkpt lat="47.7943208254873752593994140625" lon="19.2155426926910877227783203125">
        <ele>154.8000030517578125</ele>
        <time>2024-09-07T10:46:08.000Z</time>
        <extensions>
          <ns3:TrackPointExtension>
            <ns3:hr>101</ns3:hr>
          </ns3:TrackPointExtension>
        </extensions>
      </trkpt>
      <trkpt lat="47.79429811052978038787841796875" lon="19.215567670762538909912109375">
        <ele>154.8000030517578125</ele>
        <time>2024-09-07T10:46:11.000Z</time>
        <extensions>
          <ns3:TrackPointExtension>
            <ns3:hr>98</ns3:hr>
          </ns3:TrackPointExtension>
        </extensions>
      </trkpt>
      <trkpt lat="47.79429056681692600250244140625" lon="19.21557730995118618011474609375">
        <ele>154.8000030517578125</ele>
        <time>2024-09-07T10:46:12.000Z</time>
        <extensions>
          <ns3:TrackPointExtension>
            <ns3:hr>99</ns3:hr>
          </ns3:TrackPointExtension>
        </extensions>
      </trkpt>
      <trkpt lat="47.79421747662127017974853515625" lon="19.21565316617488861083984375">
        <ele>155</ele>
        <time>2024-09-07T10:46:22.000Z</time>
        <extensions>
          <ns3:TrackPointExtension>
            <ns3:hr>96</ns3:hr>
          </ns3:TrackPointExtension>
        </extensions>
      </trkpt>
      <trkpt lat="47.79421227984130382537841796875" lon="19.21566213481128215789794921875">
        <ele>155</ele>
        <time>2024-09-07T10:46:23.000Z</time>
        <extensions>
          <ns3:TrackPointExtension>
            <ns3:hr>96</ns3:hr>
          </ns3:TrackPointExtension>
        </extensions>
      </trkpt>
      <trkpt lat="47.79414824210107326507568359375" lon="19.2157398350536823272705078125">
        <ele>155.399993896484375</ele>
        <time>2024-09-07T10:46:31.000Z</time>
        <extensions>
          <ns3:TrackPointExtension>
            <ns3:hr>95</ns3:hr>
          </ns3:TrackPointExtension>
        </extensions>
      </trkpt>
      <trkpt lat="47.79409107752144336700439453125" lon="19.2157981730997562408447265625">
        <ele>155.600006103515625</ele>
        <time>2024-09-07T10:46:39.000Z</time>
        <extensions>
          <ns3:TrackPointExtension>
            <ns3:hr>95</ns3:hr>
          </ns3:TrackPointExtension>
        </extensions>
      </trkpt>
      <trkpt lat="47.79400524683296680450439453125" lon="19.21588459052145481109619140625">
        <ele>155.8000030517578125</ele>
        <time>2024-09-07T10:46:49.000Z</time>
        <extensions>
          <ns3:TrackPointExtension>
            <ns3:hr>96</ns3:hr>
          </ns3:TrackPointExtension>
        </extensions>
      </trkpt>
      <trkpt lat="47.79395881108939647674560546875" lon="19.2159282602369785308837890625">
        <ele>156</ele>
        <time>2024-09-07T10:46:55.000Z</time>
        <extensions>
          <ns3:TrackPointExtension>
            <ns3:hr>99</ns3:hr>
          </ns3:TrackPointExtension>
        </extensions>
      </trkpt>
      <trkpt lat="47.7939163148403167724609375" lon="19.2159701697528362274169921875">
        <ele>155.8000030517578125</ele>
        <time>2024-09-07T10:47:00.000Z</time>
        <extensions>
          <ns3:TrackPointExtension>
            <ns3:hr>98</ns3:hr>
          </ns3:TrackPointExtension>
        </extensions>
      </trkpt>
      <trkpt lat="47.793850265443325042724609375" lon="19.21603630296885967254638671875">
        <ele>155.600006103515625</ele>
        <time>2024-09-07T10:47:09.000Z</time>
        <extensions>
          <ns3:TrackPointExtension>
            <ns3:hr>99</ns3:hr>
          </ns3:TrackPointExtension>
        </extensions>
      </trkpt>
      <trkpt lat="47.79378094710409641265869140625" lon="19.2161039449274539947509765625">
        <ele>155.399993896484375</ele>
        <time>2024-09-07T10:47:17.000Z</time>
        <extensions>
          <ns3:TrackPointExtension>
            <ns3:hr>98</ns3:hr>
          </ns3:TrackPointExtension>
        </extensions>
      </trkpt>
      <trkpt lat="47.79371221549808979034423828125" lon="19.21618147753179073333740234375">
        <ele>155</ele>
        <time>2024-09-07T10:47:27.000Z</time>
        <extensions>
          <ns3:TrackPointExtension>
            <ns3:hr>98</ns3:hr>
          </ns3:TrackPointExtension>
        </extensions>
      </trkpt>
      <trkpt lat="47.7936653606593608856201171875" lon="19.216227494180202484130859375">
        <ele>155</ele>
        <time>2024-09-07T10:47:33.000Z</time>
        <extensions>
          <ns3:TrackPointExtension>
            <ns3:hr>98</ns3:hr>
          </ns3:TrackPointExtension>
        </extensions>
      </trkpt>
      <trkpt lat="47.79358129017055034637451171875" lon="19.216305278241634368896484375">
        <ele>154.600006103515625</ele>
        <time>2024-09-07T10:47:43.000Z</time>
        <extensions>
          <ns3:TrackPointExtension>
            <ns3:hr>99</ns3:hr>
          </ns3:TrackPointExtension>
        </extensions>
      </trkpt>
      <trkpt lat="47.79352345503866672515869140625" lon="19.21637459658086299896240234375">
        <ele>154.399993896484375</ele>
        <time>2024-09-07T10:47:51.000Z</time>
        <extensions>
          <ns3:TrackPointExtension>
            <ns3:hr>96</ns3:hr>
          </ns3:TrackPointExtension>
        </extensions>
      </trkpt>
      <trkpt lat="47.7934764325618743896484375" lon="19.21643645502626895904541015625">
        <ele>154.1999969482421875</ele>
        <time>2024-09-07T10:47:58.000Z</time>
        <extensions>
          <ns3:TrackPointExtension>
            <ns3:hr>100</ns3:hr>
          </ns3:TrackPointExtension>
        </extensions>
      </trkpt>
      <trkpt lat="47.79346964322030544281005859375" lon="19.216443412005901336669921875">
        <ele>154.1999969482421875</ele>
        <time>2024-09-07T10:47:59.000Z</time>
        <extensions>
          <ns3:TrackPointExtension>
            <ns3:hr>98</ns3:hr>
          </ns3:TrackPointExtension>
        </extensions>
      </trkpt>
      <trkpt lat="47.79346193186938762664794921875" lon="19.21644902788102626800537109375">
        <ele>154.1999969482421875</ele>
        <time>2024-09-07T10:48:00.000Z</time>
        <extensions>
          <ns3:TrackPointExtension>
            <ns3:hr>101</ns3:hr>
          </ns3:TrackPointExtension>
        </extensions>
      </trkpt>
      <trkpt lat="47.79344491660594940185546875" lon="19.21647015027701854705810546875">
        <ele>154.1999969482421875</ele>
        <time>2024-09-07T10:48:02.000Z</time>
        <extensions>
          <ns3:TrackPointExtension>
            <ns3:hr>98</ns3:hr>
          </ns3:TrackPointExtension>
        </extensions>
      </trkpt>
      <trkpt lat="47.79340074397623538970947265625" lon="19.2165324278175830841064453125">
        <ele>153.8000030517578125</ele>
        <time>2024-09-07T10:48:08.000Z</time>
        <extensions>
          <ns3:TrackPointExtension>
            <ns3:hr>101</ns3:hr>
          </ns3:TrackPointExtension>
        </extensions>
      </trkpt>
      <trkpt lat="47.79335682280361652374267578125" lon="19.21661415137350559234619140625">
        <ele>153.8000030517578125</ele>
        <time>2024-09-07T10:48:15.000Z</time>
        <extensions>
          <ns3:TrackPointExtension>
            <ns3:hr>103</ns3:hr>
          </ns3:TrackPointExtension>
        </extensions>
      </trkpt>
      <trkpt lat="47.79333570040762424468994140625" lon="19.2166732437908649444580078125">
        <ele>153.8000030517578125</ele>
        <time>2024-09-07T10:48:20.000Z</time>
        <extensions>
          <ns3:TrackPointExtension>
            <ns3:hr>100</ns3:hr>
          </ns3:TrackPointExtension>
        </extensions>
      </trkpt>
      <trkpt lat="47.7933310903608798980712890625" lon="19.21673954464495182037353515625">
        <ele>153.600006103515625</ele>
        <time>2024-09-07T10:48:25.000Z</time>
        <extensions>
          <ns3:TrackPointExtension>
            <ns3:hr>101</ns3:hr>
          </ns3:TrackPointExtension>
        </extensions>
      </trkpt>
      <trkpt lat="47.793303430080413818359375" lon="19.216899387538433074951171875">
        <ele>153.600006103515625</ele>
        <time>2024-09-07T10:48:37.000Z</time>
        <extensions>
          <ns3:TrackPointExtension>
            <ns3:hr>101</ns3:hr>
          </ns3:TrackPointExtension>
        </extensions>
      </trkpt>
      <trkpt lat="47.79330519028007984161376953125" lon="19.21690315939486026763916015625">
        <ele>153.600006103515625</ele>
        <time>2024-09-07T10:48:41.000Z</time>
        <extensions>
          <ns3:TrackPointExtension>
            <ns3:hr>98</ns3:hr>
          </ns3:TrackPointExtension>
        </extensions>
      </trkpt>
      <trkpt lat="47.7933103032410144805908203125" lon="19.21692176721990108489990234375">
        <ele>153.600006103515625</ele>
        <time>2024-09-07T10:48:44.000Z</time>
        <extensions>
          <ns3:TrackPointExtension>
            <ns3:hr>96</ns3:hr>
          </ns3:TrackPointExtension>
        </extensions>
      </trkpt>
      <trkpt lat="47.793317176401615142822265625" lon="19.21699904836714267730712890625">
        <ele>153.600006103515625</ele>
        <time>2024-09-07T10:48:54.000Z</time>
        <extensions>
          <ns3:TrackPointExtension>
            <ns3:hr>95</ns3:hr>
          </ns3:TrackPointExtension>
        </extensions>
      </trkpt>
      <trkpt lat="47.79331793077290058135986328125" lon="19.216995276510715484619140625">
        <ele>153.600006103515625</ele>
        <time>2024-09-07T10:49:00.000Z</time>
        <extensions>
          <ns3:TrackPointExtension>
            <ns3:hr>92</ns3:hr>
          </ns3:TrackPointExtension>
        </extensions>
      </trkpt>
      <trkpt lat="47.79336235485970973968505859375" lon="19.2169840447604656219482421875">
        <ele>153.8000030517578125</ele>
        <time>2024-09-07T10:49:05.000Z</time>
        <extensions>
          <ns3:TrackPointExtension>
            <ns3:hr>91</ns3:hr>
          </ns3:TrackPointExtension>
        </extensions>
      </trkpt>
      <trkpt lat="47.79340191744267940521240234375" lon="19.21706275083124637603759765625">
        <ele>154</ele>
        <time>2024-09-07T10:49:11.000Z</time>
        <extensions>
          <ns3:TrackPointExtension>
            <ns3:hr>92</ns3:hr>
          </ns3:TrackPointExtension>
        </extensions>
      </trkpt>
      <trkpt lat="47.79339370317757129669189453125" lon="19.21710700727999210357666015625">
        <ele>154</ele>
        <time>2024-09-07T10:49:17.000Z</time>
        <extensions>
          <ns3:TrackPointExtension>
            <ns3:hr>93</ns3:hr>
          </ns3:TrackPointExtension>
        </extensions>
      </trkpt>
      <trkpt lat="47.79339320026338100433349609375" lon="19.217103235423564910888671875">
        <ele>154</ele>
        <time>2024-09-07T10:49:21.000Z</time>
        <extensions>
          <ns3:TrackPointExtension>
            <ns3:hr>96</ns3:hr>
          </ns3:TrackPointExtension>
        </extensions>
      </trkpt>
      <trkpt lat="47.7933897636830806732177734375" lon="19.21710164286196231842041015625">
        <ele>154</ele>
        <time>2024-09-07T10:49:27.000Z</time>
        <extensions>
          <ns3:TrackPointExtension>
            <ns3:hr>96</ns3:hr>
          </ns3:TrackPointExtension>
        </extensions>
      </trkpt>
      <trkpt lat="47.79333871789276599884033203125" lon="19.21710692346096038818359375">
        <ele>153.8000030517578125</ele>
        <time>2024-09-07T10:49:50.000Z</time>
        <extensions>
          <ns3:TrackPointExtension>
            <ns3:hr>97</ns3:hr>
          </ns3:TrackPointExtension>
        </extensions>
      </trkpt>
      <trkpt lat="47.79326361604034900665283203125" lon="19.2170660197734832763671875">
        <ele>153.399993896484375</ele>
        <time>2024-09-07T10:49:56.000Z</time>
        <extensions>
          <ns3:TrackPointExtension>
            <ns3:hr>97</ns3:hr>
          </ns3:TrackPointExtension>
        </extensions>
      </trkpt>
      <trkpt lat="47.793207876384258270263671875" lon="19.21708286739885807037353515625">
        <ele>153.1999969482421875</ele>
        <time>2024-09-07T10:50:04.000Z</time>
        <extensions>
          <ns3:TrackPointExtension>
            <ns3:hr>97</ns3:hr>
          </ns3:TrackPointExtension>
        </extensions>
      </trkpt>
      <trkpt lat="47.7931867539882659912109375" lon="19.2171003855764865875244140625">
        <ele>153.1999969482421875</ele>
        <time>2024-09-07T10:50:11.000Z</time>
        <extensions>
          <ns3:TrackPointExtension>
            <ns3:hr>98</ns3:hr>
          </ns3:TrackPointExtension>
        </extensions>
      </trkpt>
      <trkpt lat="47.7931760251522064208984375" lon="19.2171228490769863128662109375">
        <ele>153.1999969482421875</ele>
        <time>2024-09-07T10:50:17.000Z</time>
        <extensions>
          <ns3:TrackPointExtension>
            <ns3:hr>99</ns3:hr>
          </ns3:TrackPointExtension>
        </extensions>
      </trkpt>
      <trkpt lat="47.793130092322826385498046875" lon="19.21714221127331256866455078125">
        <ele>153</ele>
        <time>2024-09-07T10:50:24.000Z</time>
        <extensions>
          <ns3:TrackPointExtension>
            <ns3:hr>100</ns3:hr>
          </ns3:TrackPointExtension>
        </extensions>
      </trkpt>
      <trkpt lat="47.79307602904736995697021484375" lon="19.2171674408018589019775390625">
        <ele>152.600006103515625</ele>
        <time>2024-09-07T10:50:30.000Z</time>
        <extensions>
          <ns3:TrackPointExtension>
            <ns3:hr>99</ns3:hr>
          </ns3:TrackPointExtension>
        </extensions>
      </trkpt>
      <trkpt lat="47.7930189482867717742919921875" lon="19.21719669364392757415771484375">
        <ele>152.399993896484375</ele>
        <time>2024-09-07T10:50:37.000Z</time>
        <extensions>
          <ns3:TrackPointExtension>
            <ns3:hr>96</ns3:hr>
          </ns3:TrackPointExtension>
        </extensions>
      </trkpt>
      <trkpt lat="47.79299522750079631805419921875" lon="19.2171935923397541046142578125">
        <ele>152.399993896484375</ele>
        <time>2024-09-07T10:50:40.000Z</time>
        <extensions>
          <ns3:TrackPointExtension>
            <ns3:hr>97</ns3:hr>
          </ns3:TrackPointExtension>
        </extensions>
      </trkpt>
      <trkpt lat="47.79296069405972957611083984375" lon="19.217192418873310089111328125">
        <ele>152.1999969482421875</ele>
        <time>2024-09-07T10:50:44.000Z</time>
        <extensions>
          <ns3:TrackPointExtension>
            <ns3:hr>94</ns3:hr>
          </ns3:TrackPointExtension>
        </extensions>
      </trkpt>
      <trkpt lat="47.792954742908477783203125" lon="19.21719233505427837371826171875">
        <ele>152.1999969482421875</ele>
        <time>2024-09-07T10:50:45.000Z</time>
        <extensions>
          <ns3:TrackPointExtension>
            <ns3:hr>97</ns3:hr>
          </ns3:TrackPointExtension>
        </extensions>
      </trkpt>
      <trkpt lat="47.792911492288112640380859375" lon="19.21719535253942012786865234375">
        <ele>152</ele>
        <time>2024-09-07T10:50:50.000Z</time>
        <extensions>
          <ns3:TrackPointExtension>
            <ns3:hr>96</ns3:hr>
          </ns3:TrackPointExtension>
        </extensions>
      </trkpt>
      <trkpt lat="47.79285575263202190399169921875" lon="19.21725134365260601043701171875">
        <ele>151.600006103515625</ele>
        <time>2024-09-07T10:50:58.000Z</time>
        <extensions>
          <ns3:TrackPointExtension>
            <ns3:hr>95</ns3:hr>
          </ns3:TrackPointExtension>
        </extensions>
      </trkpt>
      <trkpt lat="47.79279674403369426727294921875" lon="19.2173181474208831787109375">
        <ele>151</ele>
        <time>2024-09-07T10:51:06.000Z</time>
        <extensions>
          <ns3:TrackPointExtension>
            <ns3:hr>98</ns3:hr>
          </ns3:TrackPointExtension>
        </extensions>
      </trkpt>
      <trkpt lat="47.79278970323503017425537109375" lon="19.21732979826629161834716796875">
        <ele>150.8000030517578125</ele>
        <time>2024-09-07T10:51:07.000Z</time>
        <extensions>
          <ns3:TrackPointExtension>
            <ns3:hr>97</ns3:hr>
          </ns3:TrackPointExtension>
        </extensions>
      </trkpt>
      <trkpt lat="47.7927634678781032562255859375" lon="19.21736315824091434478759765625">
        <ele>150.8000030517578125</ele>
        <time>2024-09-07T10:51:10.000Z</time>
        <extensions>
          <ns3:TrackPointExtension>
            <ns3:hr>94</ns3:hr>
          </ns3:TrackPointExtension>
        </extensions>
      </trkpt>
      <trkpt lat="47.7927576005458831787109375" lon="19.217371456325054168701171875">
        <ele>150.8000030517578125</ele>
        <time>2024-09-07T10:51:11.000Z</time>
        <extensions>
          <ns3:TrackPointExtension>
            <ns3:hr>97</ns3:hr>
          </ns3:TrackPointExtension>
        </extensions>
      </trkpt>
      <trkpt lat="47.79274829663336277008056640625" lon="19.2173867113888263702392578125">
        <ele>150.8000030517578125</ele>
        <time>2024-09-07T10:51:13.000Z</time>
        <extensions>
          <ns3:TrackPointExtension>
            <ns3:hr>96</ns3:hr>
          </ns3:TrackPointExtension>
        </extensions>
      </trkpt>
      <trkpt lat="47.7926987595856189727783203125" lon="19.2174038104712963104248046875">
        <ele>151</ele>
        <time>2024-09-07T10:51:20.000Z</time>
        <extensions>
          <ns3:TrackPointExtension>
            <ns3:hr>95</ns3:hr>
          </ns3:TrackPointExtension>
        </extensions>
      </trkpt>
      <trkpt lat="47.79259809292852878570556640625" lon="19.21749106608331203460693359375">
        <ele>151</ele>
        <time>2024-09-07T10:51:31.000Z</time>
        <extensions>
          <ns3:TrackPointExtension>
            <ns3:hr>91</ns3:hr>
          </ns3:TrackPointExtension>
        </extensions>
      </trkpt>
      <trkpt lat="47.79258954338729381561279296875" lon="19.2174951732158660888671875">
        <ele>151</ele>
        <time>2024-09-07T10:51:32.000Z</time>
        <extensions>
          <ns3:TrackPointExtension>
            <ns3:hr>94</ns3:hr>
          </ns3:TrackPointExtension>
        </extensions>
      </trkpt>
      <trkpt lat="47.79257076792418956756591796875" lon="19.217538423836231231689453125">
        <ele>151</ele>
        <time>2024-09-07T10:51:38.000Z</time>
        <extensions>
          <ns3:TrackPointExtension>
            <ns3:hr>94</ns3:hr>
          </ns3:TrackPointExtension>
        </extensions>
      </trkpt>
      <trkpt lat="47.7925944887101650238037109375" lon="19.21758092008531093597412109375">
        <ele>151</ele>
        <time>2024-09-07T10:51:44.000Z</time>
        <extensions>
          <ns3:TrackPointExtension>
            <ns3:hr>94</ns3:hr>
          </ns3:TrackPointExtension>
        </extensions>
      </trkpt>
      <trkpt lat="47.792607061564922332763671875" lon="19.217601455748081207275390625">
        <ele>151</ele>
        <time>2024-09-07T10:51:46.000Z</time>
        <extensions>
          <ns3:TrackPointExtension>
            <ns3:hr>93</ns3:hr>
          </ns3:TrackPointExtension>
        </extensions>
      </trkpt>
      <trkpt lat="47.79262608848512172698974609375" lon="19.2176160402595996856689453125">
        <ele>151.1999969482421875</ele>
        <time>2024-09-07T10:51:51.000Z</time>
        <extensions>
          <ns3:TrackPointExtension>
            <ns3:hr>90</ns3:hr>
          </ns3:TrackPointExtension>
        </extensions>
      </trkpt>
      <trkpt lat="47.79259658418595790863037109375" lon="19.21760447323322296142578125">
        <ele>151</ele>
        <time>2024-09-07T10:51:56.000Z</time>
        <extensions>
          <ns3:TrackPointExtension>
            <ns3:hr>88</ns3:hr>
          </ns3:TrackPointExtension>
        </extensions>
      </trkpt>
      <trkpt lat="47.79250882565975189208984375" lon="19.21759382821619510650634765625">
        <ele>150.399993896484375</ele>
        <time>2024-09-07T10:52:02.000Z</time>
        <extensions>
          <ns3:TrackPointExtension>
            <ns3:hr>87</ns3:hr>
          </ns3:TrackPointExtension>
        </extensions>
      </trkpt>
      <trkpt lat="47.7924974262714385986328125" lon="19.21764814294874668121337890625">
        <ele>150.600006103515625</ele>
        <time>2024-09-07T10:52:08.000Z</time>
        <extensions>
          <ns3:TrackPointExtension>
            <ns3:hr>90</ns3:hr>
          </ns3:TrackPointExtension>
        </extensions>
      </trkpt>
      <trkpt lat="47.7924714423716068267822265625" lon="19.21766708604991436004638671875">
        <ele>150.399993896484375</ele>
        <time>2024-09-07T10:52:11.000Z</time>
        <extensions>
          <ns3:TrackPointExtension>
            <ns3:hr>94</ns3:hr>
          </ns3:TrackPointExtension>
        </extensions>
      </trkpt>
      <trkpt lat="47.792405225336551666259765625" lon="19.21769843436777591705322265625">
        <ele>150.399993896484375</ele>
        <time>2024-09-07T10:52:20.000Z</time>
        <extensions>
          <ns3:TrackPointExtension>
            <ns3:hr>96</ns3:hr>
          </ns3:TrackPointExtension>
        </extensions>
      </trkpt>
      <trkpt lat="47.79237630777060985565185546875" lon="19.2176338098943233489990234375">
        <ele>150</ele>
        <time>2024-09-07T10:52:29.000Z</time>
        <extensions>
          <ns3:TrackPointExtension>
            <ns3:hr>97</ns3:hr>
          </ns3:TrackPointExtension>
        </extensions>
      </trkpt>
      <trkpt lat="47.79237898997962474822998046875" lon="19.21764026395976543426513671875">
        <ele>150</ele>
        <time>2024-09-07T10:52:37.000Z</time>
        <extensions>
          <ns3:TrackPointExtension>
            <ns3:hr>97</ns3:hr>
          </ns3:TrackPointExtension>
        </extensions>
      </trkpt>
      <trkpt lat="47.79237915761768817901611328125" lon="19.21763925813138484954833984375">
        <ele>150</ele>
        <time>2024-09-07T10:52:48.000Z</time>
        <extensions>
          <ns3:TrackPointExtension>
            <ns3:hr>102</ns3:hr>
          </ns3:TrackPointExtension>
        </extensions>
      </trkpt>
      <trkpt lat="47.7923792414367198944091796875" lon="19.2176391743123531341552734375">
        <ele>150</ele>
        <time>2024-09-07T10:52:49.000Z</time>
        <extensions>
          <ns3:TrackPointExtension>
            <ns3:hr>98</ns3:hr>
          </ns3:TrackPointExtension>
        </extensions>
      </trkpt>
      <trkpt lat="47.792385779321193695068359375" lon="19.217634312808513641357421875">
        <ele>150</ele>
        <time>2024-09-07T10:53:19.000Z</time>
        <extensions>
          <ns3:TrackPointExtension>
            <ns3:hr>101</ns3:hr>
          </ns3:TrackPointExtension>
        </extensions>
      </trkpt>
      <trkpt lat="47.7923789061605930328369140625" lon="19.2176190577447414398193359375">
        <ele>150</ele>
        <time>2024-09-07T10:53:31.000Z</time>
        <extensions>
          <ns3:TrackPointExtension>
            <ns3:hr>98</ns3:hr>
          </ns3:TrackPointExtension>
        </extensions>
      </trkpt>
      <trkpt lat="47.7923215739428997039794921875" lon="19.21764646656811237335205078125">
        <ele>149.8000030517578125</ele>
        <time>2024-09-07T10:54:02.000Z</time>
        <extensions>
          <ns3:TrackPointExtension>
            <ns3:hr>100</ns3:hr>
          </ns3:TrackPointExtension>
        </extensions>
      </trkpt>
      <trkpt lat="47.7922354079782962799072265625" lon="19.217620901763439178466796875">
        <ele>149.1999969482421875</ele>
        <time>2024-09-07T10:54:08.000Z</time>
        <extensions>
          <ns3:TrackPointExtension>
            <ns3:hr>101</ns3:hr>
          </ns3:TrackPointExtension>
        </extensions>
      </trkpt>
      <trkpt lat="47.792158462107181549072265625" lon="19.217539764940738677978515625">
        <ele>148.399993896484375</ele>
        <time>2024-09-07T10:54:16.000Z</time>
        <extensions>
          <ns3:TrackPointExtension>
            <ns3:hr>103</ns3:hr>
          </ns3:TrackPointExtension>
        </extensions>
      </trkpt>
      <trkpt lat="47.79212526977062225341796875" lon="19.2175100930035114288330078125">
        <ele>148</ele>
        <time>2024-09-07T10:54:19.000Z</time>
        <extensions>
          <ns3:TrackPointExtension>
            <ns3:hr>106</ns3:hr>
          </ns3:TrackPointExtension>
        </extensions>
      </trkpt>
      <trkpt lat="47.79208864085376262664794921875" lon="19.217467010021209716796875">
        <ele>147.600006103515625</ele>
        <time>2024-09-07T10:54:23.000Z</time>
        <extensions>
          <ns3:TrackPointExtension>
            <ns3:hr>107</ns3:hr>
          </ns3:TrackPointExtension>
        </extensions>
      </trkpt>
      <trkpt lat="47.7920828573405742645263671875" lon="19.217456616461277008056640625">
        <ele>147.600006103515625</ele>
        <time>2024-09-07T10:54:24.000Z</time>
        <extensions>
          <ns3:TrackPointExtension>
            <ns3:hr>107</ns3:hr>
          </ns3:TrackPointExtension>
        </extensions>
      </trkpt>
      <trkpt lat="47.79205192811787128448486328125" lon="19.21741344965994358062744140625">
        <ele>147.1999969482421875</ele>
        <time>2024-09-07T10:54:29.000Z</time>
        <extensions>
          <ns3:TrackPointExtension>
            <ns3:hr>106</ns3:hr>
          </ns3:TrackPointExtension>
        </extensions>
      </trkpt>
      <trkpt lat="47.79204941354691982269287109375" lon="19.217402637004852294921875">
        <ele>147.1999969482421875</ele>
        <time>2024-09-07T10:54:30.000Z</time>
        <extensions>
          <ns3:TrackPointExtension>
            <ns3:hr>106</ns3:hr>
          </ns3:TrackPointExtension>
        </extensions>
      </trkpt>
      <trkpt lat="47.792040444910526275634765625" lon="19.21739433892071247100830078125">
        <ele>147</ele>
        <time>2024-09-07T10:54:31.000Z</time>
        <extensions>
          <ns3:TrackPointExtension>
            <ns3:hr>105</ns3:hr>
          </ns3:TrackPointExtension>
        </extensions>
      </trkpt>
      <trkpt lat="47.79198923148214817047119140625" lon="19.21733834780752658843994140625">
        <ele>146.600006103515625</ele>
        <time>2024-09-07T10:54:36.000Z</time>
        <extensions>
          <ns3:TrackPointExtension>
            <ns3:hr>101</ns3:hr>
          </ns3:TrackPointExtension>
        </extensions>
      </trkpt>
      <trkpt lat="47.79190306551754474639892578125" lon="19.21722435392439365386962890625">
        <ele>145.8000030517578125</ele>
        <time>2024-09-07T10:54:44.000Z</time>
        <extensions>
          <ns3:TrackPointExtension>
            <ns3:hr>99</ns3:hr>
          </ns3:TrackPointExtension>
        </extensions>
      </trkpt>
      <trkpt lat="47.79188278131186962127685546875" lon="19.21720842830836772918701171875">
        <ele>145.8000030517578125</ele>
        <time>2024-09-07T10:54:45.000Z</time>
        <extensions>
          <ns3:TrackPointExtension>
            <ns3:hr>98</ns3:hr>
          </ns3:TrackPointExtension>
        </extensions>
      </trkpt>
      <trkpt lat="47.7918350882828235626220703125" lon="19.2171553708612918853759765625">
        <ele>145.399993896484375</ele>
        <time>2024-09-07T10:54:50.000Z</time>
        <extensions>
          <ns3:TrackPointExtension>
            <ns3:hr>97</ns3:hr>
          </ns3:TrackPointExtension>
        </extensions>
      </trkpt>
      <trkpt lat="47.791788317263126373291015625" lon="19.21709091402590274810791015625">
        <ele>145.1999969482421875</ele>
        <time>2024-09-07T10:54:55.000Z</time>
        <extensions>
          <ns3:TrackPointExtension>
            <ns3:hr>96</ns3:hr>
          </ns3:TrackPointExtension>
        </extensions>
      </trkpt>
      <trkpt lat="47.79176987707614898681640625" lon="19.2170819453895092010498046875">
        <ele>145</ele>
        <time>2024-09-07T10:54:56.000Z</time>
        <extensions>
          <ns3:TrackPointExtension>
            <ns3:hr>96</ns3:hr>
          </ns3:TrackPointExtension>
        </extensions>
      </trkpt>
      <trkpt lat="47.79169217683374881744384765625" lon="19.21699753962457180023193359375">
        <ele>144.8000030517578125</ele>
        <time>2024-09-07T10:55:03.000Z</time>
        <extensions>
          <ns3:TrackPointExtension>
            <ns3:hr>97</ns3:hr>
          </ns3:TrackPointExtension>
        </extensions>
      </trkpt>
      <trkpt lat="47.7916228584945201873779296875" lon="19.2169183306396007537841796875">
        <ele>144.600006103515625</ele>
        <time>2024-09-07T10:55:10.000Z</time>
        <extensions>
          <ns3:TrackPointExtension>
            <ns3:hr>97</ns3:hr>
          </ns3:TrackPointExtension>
        </extensions>
      </trkpt>
      <trkpt lat="47.79151733033359050750732421875" lon="19.216808862984180450439453125">
        <ele>144.399993896484375</ele>
        <time>2024-09-07T10:55:20.000Z</time>
        <extensions>
          <ns3:TrackPointExtension>
            <ns3:hr>99</ns3:hr>
          </ns3:TrackPointExtension>
        </extensions>
      </trkpt>
      <trkpt lat="47.7914944477379322052001953125" lon="19.2167798615992069244384765625">
        <ele>144.399993896484375</ele>
        <time>2024-09-07T10:55:23.000Z</time>
        <extensions>
          <ns3:TrackPointExtension>
            <ns3:hr>102</ns3:hr>
          </ns3:TrackPointExtension>
        </extensions>
      </trkpt>
      <trkpt lat="47.7914478443562984466552734375" lon="19.21673300676047801971435546875">
        <ele>144.399993896484375</ele>
        <time>2024-09-07T10:55:28.000Z</time>
        <extensions>
          <ns3:TrackPointExtension>
            <ns3:hr>100</ns3:hr>
          </ns3:TrackPointExtension>
        </extensions>
      </trkpt>
      <trkpt lat="47.7914364449679851531982421875" lon="19.21671523712575435638427734375">
        <ele>144.600006103515625</ele>
        <time>2024-09-07T10:55:30.000Z</time>
        <extensions>
          <ns3:TrackPointExtension>
            <ns3:hr>100</ns3:hr>
          </ns3:TrackPointExtension>
        </extensions>
      </trkpt>
      <trkpt lat="47.791422195732593536376953125" lon="19.2166943661868572235107421875">
        <ele>144.600006103515625</ele>
        <time>2024-09-07T10:55:33.000Z</time>
        <extensions>
          <ns3:TrackPointExtension>
            <ns3:hr>99</ns3:hr>
          </ns3:TrackPointExtension>
        </extensions>
      </trkpt>
      <trkpt lat="47.79139847494661808013916015625" lon="19.21667651273310184478759765625">
        <ele>144.600006103515625</ele>
        <time>2024-09-07T10:55:36.000Z</time>
        <extensions>
          <ns3:TrackPointExtension>
            <ns3:hr>102</ns3:hr>
          </ns3:TrackPointExtension>
        </extensions>
      </trkpt>
      <trkpt lat="47.79133209027349948883056640625" lon="19.21665119938552379608154296875">
        <ele>144.8000030517578125</ele>
        <time>2024-09-07T10:55:40.000Z</time>
        <extensions>
          <ns3:TrackPointExtension>
            <ns3:hr>103</ns3:hr>
          </ns3:TrackPointExtension>
        </extensions>
      </trkpt>
      <trkpt lat="47.79130585491657257080078125" lon="19.21663711778819561004638671875">
        <ele>144.8000030517578125</ele>
        <time>2024-09-07T10:55:42.000Z</time>
        <extensions>
          <ns3:TrackPointExtension>
            <ns3:hr>103</ns3:hr>
          </ns3:TrackPointExtension>
        </extensions>
      </trkpt>
      <trkpt lat="47.79126252047717571258544921875" lon="19.21662035398185253143310546875">
        <ele>144.8000030517578125</ele>
        <time>2024-09-07T10:55:46.000Z</time>
        <extensions>
          <ns3:TrackPointExtension>
            <ns3:hr>106</ns3:hr>
          </ns3:TrackPointExtension>
        </extensions>
      </trkpt>
      <trkpt lat="47.79113695956766605377197265625" lon="19.21662085689604282379150390625">
        <ele>144.600006103515625</ele>
        <time>2024-09-07T10:55:54.000Z</time>
        <extensions>
          <ns3:TrackPointExtension>
            <ns3:hr>104</ns3:hr>
          </ns3:TrackPointExtension>
        </extensions>
      </trkpt>
      <trkpt lat="47.79109840281307697296142578125" lon="19.2166098766028881072998046875">
        <ele>144.600006103515625</ele>
        <time>2024-09-07T10:55:57.000Z</time>
        <extensions>
          <ns3:TrackPointExtension>
            <ns3:hr>103</ns3:hr>
          </ns3:TrackPointExtension>
        </extensions>
      </trkpt>
      <trkpt lat="47.79108532704412937164306640625" lon="19.21660208143293857574462890625">
        <ele>144.600006103515625</ele>
        <time>2024-09-07T10:55:59.000Z</time>
        <extensions>
          <ns3:TrackPointExtension>
            <ns3:hr>104</ns3:hr>
          </ns3:TrackPointExtension>
        </extensions>
      </trkpt>
      <trkpt lat="47.79100519604980945587158203125" lon="19.21661213971674442291259765625">
        <ele>144.1999969482421875</ele>
        <time>2024-09-07T10:56:04.000Z</time>
        <extensions>
          <ns3:TrackPointExtension>
            <ns3:hr>101</ns3:hr>
          </ns3:TrackPointExtension>
        </extensions>
      </trkpt>
      <trkpt lat="47.790990360081195831298828125" lon="19.21661029569804668426513671875">
        <ele>144.1999969482421875</ele>
        <time>2024-09-07T10:56:05.000Z</time>
        <extensions>
          <ns3:TrackPointExtension>
            <ns3:hr>103</ns3:hr>
          </ns3:TrackPointExtension>
        </extensions>
      </trkpt>
      <trkpt lat="47.79087460599839687347412109375" lon="19.2165867425501346588134765625">
        <ele>144</ele>
        <time>2024-09-07T10:56:14.000Z</time>
        <extensions>
          <ns3:TrackPointExtension>
            <ns3:hr>102</ns3:hr>
          </ns3:TrackPointExtension>
        </extensions>
      </trkpt>
      <trkpt lat="47.7908503822982311248779296875" lon="19.21657123602926731109619140625">
        <ele>144</ele>
        <time>2024-09-07T10:56:17.000Z</time>
        <extensions>
          <ns3:TrackPointExtension>
            <ns3:hr>102</ns3:hr>
          </ns3:TrackPointExtension>
        </extensions>
      </trkpt>
      <trkpt lat="47.79081375338137149810791015625" lon="19.2165642790496349334716796875">
        <ele>144</ele>
        <time>2024-09-07T10:56:20.000Z</time>
        <extensions>
          <ns3:TrackPointExtension>
            <ns3:hr>102</ns3:hr>
          </ns3:TrackPointExtension>
        </extensions>
      </trkpt>
      <trkpt lat="47.7907977439463138580322265625" lon="19.21656335704028606414794921875">
        <ele>144</ele>
        <time>2024-09-07T10:56:21.000Z</time>
        <extensions>
          <ns3:TrackPointExtension>
            <ns3:hr>105</ns3:hr>
          </ns3:TrackPointExtension>
        </extensions>
      </trkpt>
      <trkpt lat="47.7907848358154296875" lon="19.216564111411571502685546875">
        <ele>144</ele>
        <time>2024-09-07T10:56:22.000Z</time>
        <extensions>
          <ns3:TrackPointExtension>
            <ns3:hr>102</ns3:hr>
          </ns3:TrackPointExtension>
        </extensions>
      </trkpt>
      <trkpt lat="47.7907271683216094970703125" lon="19.2165652848780155181884765625">
        <ele>144</ele>
        <time>2024-09-07T10:56:27.000Z</time>
        <extensions>
          <ns3:TrackPointExtension>
            <ns3:hr>103</ns3:hr>
          </ns3:TrackPointExtension>
        </extensions>
      </trkpt>
      <trkpt lat="47.790654413402080535888671875" lon="19.21653469093143939971923828125">
        <ele>144.1999969482421875</ele>
        <time>2024-09-07T10:56:34.000Z</time>
        <extensions>
          <ns3:TrackPointExtension>
            <ns3:hr>104</ns3:hr>
          </ns3:TrackPointExtension>
        </extensions>
      </trkpt>
      <trkpt lat="47.79052927158772945404052734375" lon="19.21649848110973834991455078125">
        <ele>144</ele>
        <time>2024-09-07T10:56:44.000Z</time>
        <extensions>
          <ns3:TrackPointExtension>
            <ns3:hr>105</ns3:hr>
          </ns3:TrackPointExtension>
        </extensions>
      </trkpt>
      <trkpt lat="47.79047931544482707977294921875" lon="19.21648825518786907196044921875">
        <ele>143.8000030517578125</ele>
        <time>2024-09-07T10:56:48.000Z</time>
        <extensions>
          <ns3:TrackPointExtension>
            <ns3:hr>109</ns3:hr>
          </ns3:TrackPointExtension>
        </extensions>
      </trkpt>
      <trkpt lat="47.7904681675136089324951171875" lon="19.216487668454647064208984375">
        <ele>143.8000030517578125</ele>
        <time>2024-09-07T10:56:49.000Z</time>
        <extensions>
          <ns3:TrackPointExtension>
            <ns3:hr>106</ns3:hr>
          </ns3:TrackPointExtension>
        </extensions>
      </trkpt>
      <trkpt lat="47.790386863052845001220703125" lon="19.216478280723094940185546875">
        <ele>143.399993896484375</ele>
        <time>2024-09-07T10:56:56.000Z</time>
        <extensions>
          <ns3:TrackPointExtension>
            <ns3:hr>108</ns3:hr>
          </ns3:TrackPointExtension>
        </extensions>
      </trkpt>
      <trkpt lat="47.79035258106887340545654296875" lon="19.21647953800857067108154296875">
        <ele>143.399993896484375</ele>
        <time>2024-09-07T10:56:58.000Z</time>
        <extensions>
          <ns3:TrackPointExtension>
            <ns3:hr>108</ns3:hr>
          </ns3:TrackPointExtension>
        </extensions>
      </trkpt>
      <trkpt lat="47.79029005207121372222900390625" lon="19.2164831422269344329833984375">
        <ele>143.1999969482421875</ele>
        <time>2024-09-07T10:57:02.000Z</time>
        <extensions>
          <ns3:TrackPointExtension>
            <ns3:hr>109</ns3:hr>
          </ns3:TrackPointExtension>
        </extensions>
      </trkpt>
      <trkpt lat="47.790209166705608367919921875" lon="19.21647853218019008636474609375">
        <ele>142.8000030517578125</ele>
        <time>2024-09-07T10:57:08.000Z</time>
        <extensions>
          <ns3:TrackPointExtension>
            <ns3:hr>109</ns3:hr>
          </ns3:TrackPointExtension>
        </extensions>
      </trkpt>
    </trkseg>
  </trk>
</gpx>
