<?xml version="1.0" encoding="utf-8"?>
<gpx xmlns="http://www.topografix.com/GPX/1/1" version="1.1" creator="https://mapy.cz/">
	<trk>
		<name>Route from Piliscsév to Klotildliget</name>
		<trkseg>
			<trkpt lat="47.673865" lon="18.791291">
				<ele>168.000000</ele>
			</trkpt>
			<trkpt lat="47.673786" lon="18.791336">
				<ele>168.000000</ele>
			</trkpt>
			<trkpt lat="47.673804" lon="18.791462">
				<ele>168.000000</ele>
			</trkpt>
			<trkpt lat="47.673810" lon="18.791597">
				<ele>169.000000</ele>
			</trkpt>
			<trkpt lat="47.673822" lon="18.791929">
				<ele>170.000000</ele>
			</trkpt>
			<trkpt lat="47.673822" lon="18.792154">
				<ele>170.000000</ele>
			</trkpt>
			<trkpt lat="47.673810" lon="18.792306">
				<ele>170.000000</ele>
			</trkpt>
			<trkpt lat="47.673798" lon="18.792423">
				<ele>170.000000</ele>
			</trkpt>
			<trkpt lat="47.673786" lon="18.792505">
				<ele>170.000000</ele>
			</trkpt>
			<trkpt lat="47.673755" lon="18.792738">
				<ele>170.000000</ele>
			</trkpt>
			<trkpt lat="47.673822" lon="18.792765">
				<ele>170.000000</ele>
			</trkpt>
			<trkpt lat="47.673834" lon="18.792818">
				<ele>171.000000</ele>
			</trkpt>
			<trkpt lat="47.673695" lon="18.793673">
				<ele>171.000000</ele>
			</trkpt>
			<trkpt lat="47.673677" lon="18.793771">
				<ele>171.000000</ele>
			</trkpt>
			<trkpt lat="47.672963" lon="18.797894">
				<ele>177.000000</ele>
			</trkpt>
			<trkpt lat="47.672896" lon="18.798451">
				<ele>177.000000</ele>
			</trkpt>
			<trkpt lat="47.672746" lon="18.800616">
				<ele>187.000000</ele>
			</trkpt>
			<trkpt lat="47.672606" lon="18.802916">
				<ele>187.000000</ele>
			</trkpt>
			<trkpt lat="47.672594" lon="18.803292">
				<ele>188.000000</ele>
			</trkpt>
			<trkpt lat="47.672503" lon="18.803266">
				<ele>188.000000</ele>
			</trkpt>
			<trkpt lat="47.672503" lon="18.803311">
				<ele>188.000000</ele>
			</trkpt>
			<trkpt lat="47.672461" lon="18.804227">
				<ele>191.000000</ele>
			</trkpt>
			<trkpt lat="47.672467" lon="18.804596">
				<ele>192.000000</ele>
			</trkpt>
			<trkpt lat="47.672479" lon="18.804793">
				<ele>193.000000</ele>
			</trkpt>
			<trkpt lat="47.672516" lon="18.805198">
				<ele>195.000000</ele>
			</trkpt>
			<trkpt lat="47.672691" lon="18.806581">
				<ele>198.000000</ele>
			</trkpt>
			<trkpt lat="47.672727" lon="18.806976">
				<ele>197.000000</ele>
			</trkpt>
			<trkpt lat="47.672739" lon="18.807174">
				<ele>197.000000</ele>
			</trkpt>
			<trkpt lat="47.672733" lon="18.807380">
				<ele>196.000000</ele>
			</trkpt>
			<trkpt lat="47.672715" lon="18.807587">
				<ele>196.000000</ele>
			</trkpt>
			<trkpt lat="47.672564" lon="18.808871">
				<ele>196.000000</ele>
			</trkpt>
			<trkpt lat="47.672540" lon="18.809150">
				<ele>195.000000</ele>
			</trkpt>
			<trkpt lat="47.672540" lon="18.809474">
				<ele>194.000000</ele>
			</trkpt>
			<trkpt lat="47.672576" lon="18.809959">
				<ele>193.000000</ele>
			</trkpt>
			<trkpt lat="47.672588" lon="18.810102">
				<ele>193.000000</ele>
			</trkpt>
			<trkpt lat="47.672776" lon="18.812420">
				<ele>190.000000</ele>
			</trkpt>
			<trkpt lat="47.673187" lon="18.817334">
				<ele>189.000000</ele>
			</trkpt>
			<trkpt lat="47.673212" lon="18.817504">
				<ele>189.000000</ele>
			</trkpt>
			<trkpt lat="47.673236" lon="18.817657">
				<ele>189.000000</ele>
			</trkpt>
			<trkpt lat="47.673272" lon="18.817792">
				<ele>189.000000</ele>
			</trkpt>
			<trkpt lat="47.673417" lon="18.818116">
				<ele>189.000000</ele>
			</trkpt>
			<trkpt lat="47.673665" lon="18.818502">
				<ele>188.000000</ele>
			</trkpt>
			<trkpt lat="47.673937" lon="18.818735">
				<ele>188.000000</ele>
			</trkpt>
			<trkpt lat="47.674500" lon="18.819022">
				<ele>188.000000</ele>
			</trkpt>
			<trkpt lat="47.675697" lon="18.819615">
				<ele>186.000000</ele>
			</trkpt>
			<trkpt lat="47.676157" lon="18.819848">
				<ele>186.000000</ele>
			</trkpt>
			<trkpt lat="47.676423" lon="18.819974">
				<ele>186.000000</ele>
			</trkpt>
			<trkpt lat="47.676635" lon="18.820074">
				<ele>186.000000</ele>
			</trkpt>
			<trkpt lat="47.676816" lon="18.820137">
				<ele>186.000000</ele>
			</trkpt>
			<trkpt lat="47.676937" lon="18.820173">
				<ele>186.000000</ele>
			</trkpt>
			<trkpt lat="47.677179" lon="18.820208">
				<ele>186.000000</ele>
			</trkpt>
			<trkpt lat="47.677330" lon="18.820181">
				<ele>186.000000</ele>
			</trkpt>
			<trkpt lat="47.677512" lon="18.820146">
				<ele>186.000000</ele>
			</trkpt>
			<trkpt lat="47.677706" lon="18.820091">
				<ele>186.000000</ele>
			</trkpt>
			<trkpt lat="47.677996" lon="18.819930">
				<ele>189.000000</ele>
			</trkpt>
			<trkpt lat="47.678147" lon="18.819787">
				<ele>190.000000</ele>
			</trkpt>
			<trkpt lat="47.678292" lon="18.819571">
				<ele>190.000000</ele>
			</trkpt>
			<trkpt lat="47.678365" lon="18.819391">
				<ele>190.000000</ele>
			</trkpt>
			<trkpt lat="47.678491" lon="18.819049">
				<ele>189.000000</ele>
			</trkpt>
			<trkpt lat="47.678637" lon="18.818538">
				<ele>189.000000</ele>
			</trkpt>
			<trkpt lat="47.678897" lon="18.818672">
				<ele>189.000000</ele>
			</trkpt>
			<trkpt lat="47.679042" lon="18.818753">
				<ele>188.000000</ele>
			</trkpt>
			<trkpt lat="47.679090" lon="18.818825">
				<ele>188.000000</ele>
			</trkpt>
			<trkpt lat="47.679230" lon="18.819014">
				<ele>187.000000</ele>
			</trkpt>
			<trkpt lat="47.679320" lon="18.819175">
				<ele>187.000000</ele>
			</trkpt>
			<trkpt lat="47.679393" lon="18.819292">
				<ele>187.000000</ele>
			</trkpt>
			<trkpt lat="47.679489" lon="18.819391">
				<ele>187.000000</ele>
			</trkpt>
			<trkpt lat="47.679786" lon="18.819544">
				<ele>185.000000</ele>
			</trkpt>
			<trkpt lat="47.679895" lon="18.819598">
				<ele>185.000000</ele>
			</trkpt>
			<trkpt lat="47.679955" lon="18.819651">
				<ele>185.000000</ele>
			</trkpt>
			<trkpt lat="47.680028" lon="18.819714">
				<ele>185.000000</ele>
			</trkpt>
			<trkpt lat="47.680100" lon="18.819804">
				<ele>185.000000</ele>
			</trkpt>
			<trkpt lat="47.680161" lon="18.819848">
				<ele>185.000000</ele>
			</trkpt>
			<trkpt lat="47.680415" lon="18.819957">
				<ele>186.000000</ele>
			</trkpt>
			<trkpt lat="47.680790" lon="18.820047">
				<ele>187.000000</ele>
			</trkpt>
			<trkpt lat="47.680790" lon="18.820253">
				<ele>187.000000</ele>
			</trkpt>
			<trkpt lat="47.680784" lon="18.820496">
				<ele>188.000000</ele>
			</trkpt>
			<trkpt lat="47.680717" lon="18.820919">
				<ele>189.000000</ele>
			</trkpt>
			<trkpt lat="47.680645" lon="18.821242">
				<ele>190.000000</ele>
			</trkpt>
			<trkpt lat="47.680608" lon="18.821492">
				<ele>190.000000</ele>
			</trkpt>
			<trkpt lat="47.680596" lon="18.821672">
				<ele>189.000000</ele>
			</trkpt>
			<trkpt lat="47.680614" lon="18.821861">
				<ele>189.000000</ele>
			</trkpt>
			<trkpt lat="47.680681" lon="18.822311">
				<ele>190.000000</ele>
			</trkpt>
			<trkpt lat="47.680687" lon="18.822347">
				<ele>190.000000</ele>
			</trkpt>
			<trkpt lat="47.680711" lon="18.822490">
				<ele>190.000000</ele>
			</trkpt>
			<trkpt lat="47.680802" lon="18.823154">
				<ele>189.000000</ele>
			</trkpt>
			<trkpt lat="47.680917" lon="18.823936">
				<ele>190.000000</ele>
			</trkpt>
			<trkpt lat="47.680971" lon="18.824116">
				<ele>190.000000</ele>
			</trkpt>
			<trkpt lat="47.681111" lon="18.824376">
				<ele>191.000000</ele>
			</trkpt>
			<trkpt lat="47.681213" lon="18.824538">
				<ele>193.000000</ele>
			</trkpt>
			<trkpt lat="47.681219" lon="18.824645">
				<ele>193.000000</ele>
			</trkpt>
			<trkpt lat="47.681316" lon="18.824825">
				<ele>194.000000</ele>
			</trkpt>
			<trkpt lat="47.681389" lon="18.824951">
				<ele>196.000000</ele>
			</trkpt>
			<trkpt lat="47.681461" lon="18.825122">
				<ele>195.000000</ele>
			</trkpt>
			<trkpt lat="47.681612" lon="18.825437">
				<ele>194.000000</ele>
			</trkpt>
			<trkpt lat="47.681685" lon="18.825687">
				<ele>194.000000</ele>
			</trkpt>
			<trkpt lat="47.681818" lon="18.825796">
				<ele>196.000000</ele>
			</trkpt>
			<trkpt lat="47.681921" lon="18.825957">
				<ele>196.000000</ele>
			</trkpt>
			<trkpt lat="47.682096" lon="18.826280">
				<ele>197.000000</ele>
			</trkpt>
			<trkpt lat="47.682271" lon="18.826649">
				<ele>198.000000</ele>
			</trkpt>
			<trkpt lat="47.682411" lon="18.827081">
				<ele>200.000000</ele>
			</trkpt>
			<trkpt lat="47.682483" lon="18.827305">
				<ele>202.000000</ele>
			</trkpt>
			<trkpt lat="47.682501" lon="18.827574">
				<ele>203.000000</ele>
			</trkpt>
			<trkpt lat="47.682556" lon="18.827754">
				<ele>203.000000</ele>
			</trkpt>
			<trkpt lat="47.682604" lon="18.827943">
				<ele>203.000000</ele>
			</trkpt>
			<trkpt lat="47.682617" lon="18.828068">
				<ele>203.000000</ele>
			</trkpt>
			<trkpt lat="47.682659" lon="18.828427">
				<ele>204.000000</ele>
			</trkpt>
			<trkpt lat="47.682641" lon="18.828634">
				<ele>204.000000</ele>
			</trkpt>
			<trkpt lat="47.682592" lon="18.828832">
				<ele>203.000000</ele>
			</trkpt>
			<trkpt lat="47.682659" lon="18.829165">
				<ele>205.000000</ele>
			</trkpt>
			<trkpt lat="47.682804" lon="18.829658">
				<ele>207.000000</ele>
			</trkpt>
			<trkpt lat="47.682979" lon="18.830207">
				<ele>208.000000</ele>
			</trkpt>
			<trkpt lat="47.683058" lon="18.830477">
				<ele>208.000000</ele>
			</trkpt>
			<trkpt lat="47.683100" lon="18.830584">
				<ele>209.000000</ele>
			</trkpt>
			<trkpt lat="47.683148" lon="18.830674">
				<ele>209.000000</ele>
			</trkpt>
			<trkpt lat="47.683221" lon="18.830773">
				<ele>209.000000</ele>
			</trkpt>
			<trkpt lat="47.683445" lon="18.831042">
				<ele>210.000000</ele>
			</trkpt>
			<trkpt lat="47.683675" lon="18.831266">
				<ele>210.000000</ele>
			</trkpt>
			<trkpt lat="47.683783" lon="18.831429">
				<ele>210.000000</ele>
			</trkpt>
			<trkpt lat="47.683874" lon="18.831643">
				<ele>211.000000</ele>
			</trkpt>
			<trkpt lat="47.683977" lon="18.831995">
				<ele>211.000000</ele>
			</trkpt>
			<trkpt lat="47.684032" lon="18.832282">
				<ele>212.000000</ele>
			</trkpt>
			<trkpt lat="47.684122" lon="18.833108">
				<ele>213.000000</ele>
			</trkpt>
			<trkpt lat="47.684140" lon="18.833306">
				<ele>214.000000</ele>
			</trkpt>
			<trkpt lat="47.684146" lon="18.833540">
				<ele>215.000000</ele>
			</trkpt>
			<trkpt lat="47.684146" lon="18.833683">
				<ele>215.000000</ele>
			</trkpt>
			<trkpt lat="47.684140" lon="18.833737">
				<ele>215.000000</ele>
			</trkpt>
			<trkpt lat="47.684092" lon="18.833997">
				<ele>216.000000</ele>
			</trkpt>
			<trkpt lat="47.684026" lon="18.834320">
				<ele>216.000000</ele>
			</trkpt>
			<trkpt lat="47.683983" lon="18.834473">
				<ele>217.000000</ele>
			</trkpt>
			<trkpt lat="47.683923" lon="18.834645">
				<ele>217.000000</ele>
			</trkpt>
			<trkpt lat="47.683584" lon="18.835272">
				<ele>217.000000</ele>
			</trkpt>
			<trkpt lat="47.683481" lon="18.835452">
				<ele>217.000000</ele>
			</trkpt>
			<trkpt lat="47.683415" lon="18.835687">
				<ele>217.000000</ele>
			</trkpt>
			<trkpt lat="47.683602" lon="18.836153">
				<ele>222.000000</ele>
			</trkpt>
			<trkpt lat="47.683887" lon="18.836666">
				<ele>230.000000</ele>
			</trkpt>
			<trkpt lat="47.683965" lon="18.836792">
				<ele>232.000000</ele>
			</trkpt>
			<trkpt lat="47.684086" lon="18.836880">
				<ele>234.000000</ele>
			</trkpt>
			<trkpt lat="47.685005" lon="18.837312">
				<ele>240.000000</ele>
			</trkpt>
			<trkpt lat="47.685217" lon="18.837339">
				<ele>242.000000</ele>
			</trkpt>
			<trkpt lat="47.685477" lon="18.837268">
				<ele>245.000000</ele>
			</trkpt>
			<trkpt lat="47.686233" lon="18.837358">
				<ele>254.000000</ele>
			</trkpt>
			<trkpt lat="47.686317" lon="18.837375">
				<ele>255.000000</ele>
			</trkpt>
			<trkpt lat="47.686505" lon="18.837419">
				<ele>256.000000</ele>
			</trkpt>
			<trkpt lat="47.686729" lon="18.837492">
				<ele>257.000000</ele>
			</trkpt>
			<trkpt lat="47.686862" lon="18.837681">
				<ele>257.000000</ele>
			</trkpt>
			<trkpt lat="47.687121" lon="18.837905">
				<ele>260.000000</ele>
			</trkpt>
			<trkpt lat="47.687406" lon="18.838157">
				<ele>263.000000</ele>
			</trkpt>
			<trkpt lat="47.687968" lon="18.838543">
				<ele>269.000000</ele>
			</trkpt>
			<trkpt lat="47.688253" lon="18.838867">
				<ele>273.000000</ele>
			</trkpt>
			<trkpt lat="47.688459" lon="18.839109">
				<ele>276.000000</ele>
			</trkpt>
			<trkpt lat="47.688790" lon="18.839729">
				<ele>282.000000</ele>
			</trkpt>
			<trkpt lat="47.688809" lon="18.839765">
				<ele>282.000000</ele>
			</trkpt>
			<trkpt lat="47.688833" lon="18.839836">
				<ele>283.000000</ele>
			</trkpt>
			<trkpt lat="47.688888" lon="18.839819">
				<ele>282.000000</ele>
			</trkpt>
			<trkpt lat="47.688930" lon="18.839846">
				<ele>282.000000</ele>
			</trkpt>
			<trkpt lat="47.689039" lon="18.839809">
				<ele>281.000000</ele>
			</trkpt>
			<trkpt lat="47.689069" lon="18.839953">
				<ele>282.000000</ele>
			</trkpt>
			<trkpt lat="47.689087" lon="18.840035">
				<ele>283.000000</ele>
			</trkpt>
			<trkpt lat="47.689087" lon="18.840035">
				<ele>283.000000</ele>
			</trkpt>
			<trkpt lat="47.689069" lon="18.839953">
				<ele>282.000000</ele>
			</trkpt>
			<trkpt lat="47.689039" lon="18.839809">
				<ele>281.000000</ele>
			</trkpt>
			<trkpt lat="47.688930" lon="18.839846">
				<ele>282.000000</ele>
			</trkpt>
			<trkpt lat="47.688888" lon="18.839819">
				<ele>282.000000</ele>
			</trkpt>
			<trkpt lat="47.688833" lon="18.839836">
				<ele>283.000000</ele>
			</trkpt>
			<trkpt lat="47.688845" lon="18.839882">
				<ele>283.000000</ele>
			</trkpt>
			<trkpt lat="47.688858" lon="18.839935">
				<ele>284.000000</ele>
			</trkpt>
			<trkpt lat="47.688882" lon="18.840043">
				<ele>285.000000</ele>
			</trkpt>
			<trkpt lat="47.688894" lon="18.840142">
				<ele>286.000000</ele>
			</trkpt>
			<trkpt lat="47.688894" lon="18.840214">
				<ele>288.000000</ele>
			</trkpt>
			<trkpt lat="47.688894" lon="18.840268">
				<ele>288.000000</ele>
			</trkpt>
			<trkpt lat="47.688888" lon="18.840394">
				<ele>290.000000</ele>
			</trkpt>
			<trkpt lat="47.688882" lon="18.840627">
				<ele>293.000000</ele>
			</trkpt>
			<trkpt lat="47.688876" lon="18.840708">
				<ele>294.000000</ele>
			</trkpt>
			<trkpt lat="47.688870" lon="18.840761">
				<ele>294.000000</ele>
			</trkpt>
			<trkpt lat="47.688858" lon="18.840870">
				<ele>296.000000</ele>
			</trkpt>
			<trkpt lat="47.688858" lon="18.840924">
				<ele>296.000000</ele>
			</trkpt>
			<trkpt lat="47.688864" lon="18.840968">
				<ele>296.000000</ele>
			</trkpt>
			<trkpt lat="47.688864" lon="18.841014">
				<ele>297.000000</ele>
			</trkpt>
			<trkpt lat="47.688870" lon="18.841040">
				<ele>297.000000</ele>
			</trkpt>
			<trkpt lat="47.688882" lon="18.841077">
				<ele>297.000000</ele>
			</trkpt>
			<trkpt lat="47.688918" lon="18.841166">
				<ele>297.000000</ele>
			</trkpt>
			<trkpt lat="47.688936" lon="18.841220">
				<ele>297.000000</ele>
			</trkpt>
			<trkpt lat="47.689027" lon="18.841553">
				<ele>300.000000</ele>
			</trkpt>
			<trkpt lat="47.689039" lon="18.841606">
				<ele>301.000000</ele>
			</trkpt>
			<trkpt lat="47.689051" lon="18.841677">
				<ele>302.000000</ele>
			</trkpt>
			<trkpt lat="47.689105" lon="18.842100">
				<ele>308.000000</ele>
			</trkpt>
			<trkpt lat="47.689160" lon="18.842603">
				<ele>314.000000</ele>
			</trkpt>
			<trkpt lat="47.689166" lon="18.842648">
				<ele>315.000000</ele>
			</trkpt>
			<trkpt lat="47.689160" lon="18.842719">
				<ele>316.000000</ele>
			</trkpt>
			<trkpt lat="47.689154" lon="18.842783">
				<ele>317.000000</ele>
			</trkpt>
			<trkpt lat="47.689142" lon="18.842882">
				<ele>319.000000</ele>
			</trkpt>
			<trkpt lat="47.689130" lon="18.842954">
				<ele>321.000000</ele>
			</trkpt>
			<trkpt lat="47.689111" lon="18.843035">
				<ele>322.000000</ele>
			</trkpt>
			<trkpt lat="47.688906" lon="18.843843">
				<ele>332.000000</ele>
			</trkpt>
			<trkpt lat="47.688706" lon="18.844562">
				<ele>337.000000</ele>
			</trkpt>
			<trkpt lat="47.688694" lon="18.844633">
				<ele>338.000000</ele>
			</trkpt>
			<trkpt lat="47.688670" lon="18.844750">
				<ele>339.000000</ele>
			</trkpt>
			<trkpt lat="47.688640" lon="18.845046">
				<ele>340.000000</ele>
			</trkpt>
			<trkpt lat="47.688615" lon="18.845235">
				<ele>341.000000</ele>
			</trkpt>
			<trkpt lat="47.688585" lon="18.845425">
				<ele>342.000000</ele>
			</trkpt>
			<trkpt lat="47.688567" lon="18.845549">
				<ele>342.000000</ele>
			</trkpt>
			<trkpt lat="47.688537" lon="18.845675">
				<ele>342.000000</ele>
			</trkpt>
			<trkpt lat="47.688501" lon="18.845828">
				<ele>343.000000</ele>
			</trkpt>
			<trkpt lat="47.688452" lon="18.846008">
				<ele>344.000000</ele>
			</trkpt>
			<trkpt lat="47.688349" lon="18.846322">
				<ele>346.000000</ele>
			</trkpt>
			<trkpt lat="47.688301" lon="18.846457">
				<ele>346.000000</ele>
			</trkpt>
			<trkpt lat="47.688210" lon="18.846664">
				<ele>348.000000</ele>
			</trkpt>
			<trkpt lat="47.688162" lon="18.846780">
				<ele>349.000000</ele>
			</trkpt>
			<trkpt lat="47.688095" lon="18.846897">
				<ele>350.000000</ele>
			</trkpt>
			<trkpt lat="47.688041" lon="18.846987">
				<ele>351.000000</ele>
			</trkpt>
			<trkpt lat="47.688011" lon="18.847041">
				<ele>352.000000</ele>
			</trkpt>
			<trkpt lat="47.687980" lon="18.847067">
				<ele>352.000000</ele>
			</trkpt>
			<trkpt lat="47.687872" lon="18.847167">
				<ele>354.000000</ele>
			</trkpt>
			<trkpt lat="47.687714" lon="18.847302">
				<ele>357.000000</ele>
			</trkpt>
			<trkpt lat="47.687660" lon="18.847346">
				<ele>357.000000</ele>
			</trkpt>
			<trkpt lat="47.687624" lon="18.847392">
				<ele>358.000000</ele>
			</trkpt>
			<trkpt lat="47.687588" lon="18.847436">
				<ele>358.000000</ele>
			</trkpt>
			<trkpt lat="47.687557" lon="18.847482">
				<ele>359.000000</ele>
			</trkpt>
			<trkpt lat="47.687237" lon="18.848128">
				<ele>362.000000</ele>
			</trkpt>
			<trkpt lat="47.687164" lon="18.848308">
				<ele>362.000000</ele>
			</trkpt>
			<trkpt lat="47.687067" lon="18.848559">
				<ele>363.000000</ele>
			</trkpt>
			<trkpt lat="47.686880" lon="18.848164">
				<ele>367.000000</ele>
			</trkpt>
			<trkpt lat="47.686826" lon="18.848029">
				<ele>368.000000</ele>
			</trkpt>
			<trkpt lat="47.686759" lon="18.847849">
				<ele>370.000000</ele>
			</trkpt>
			<trkpt lat="47.686632" lon="18.847373">
				<ele>376.000000</ele>
			</trkpt>
			<trkpt lat="47.686554" lon="18.847130">
				<ele>379.000000</ele>
			</trkpt>
			<trkpt lat="47.686499" lon="18.846951">
				<ele>381.000000</ele>
			</trkpt>
			<trkpt lat="47.686444" lon="18.846807">
				<ele>382.000000</ele>
			</trkpt>
			<trkpt lat="47.686420" lon="18.846727">
				<ele>383.000000</ele>
			</trkpt>
			<trkpt lat="47.686402" lon="18.846637">
				<ele>384.000000</ele>
			</trkpt>
			<trkpt lat="47.686378" lon="18.846501">
				<ele>385.000000</ele>
			</trkpt>
			<trkpt lat="47.686366" lon="18.846430">
				<ele>386.000000</ele>
			</trkpt>
			<trkpt lat="47.686354" lon="18.846385">
				<ele>386.000000</ele>
			</trkpt>
			<trkpt lat="47.686348" lon="18.846358">
				<ele>387.000000</ele>
			</trkpt>
			<trkpt lat="47.686336" lon="18.846331">
				<ele>387.000000</ele>
			</trkpt>
			<trkpt lat="47.686203" lon="18.846052">
				<ele>391.000000</ele>
			</trkpt>
			<trkpt lat="47.686094" lon="18.845846">
				<ele>392.000000</ele>
			</trkpt>
			<trkpt lat="47.685894" lon="18.845415">
				<ele>394.000000</ele>
			</trkpt>
			<trkpt lat="47.685815" lon="18.845280">
				<ele>394.000000</ele>
			</trkpt>
			<trkpt lat="47.685725" lon="18.845119">
				<ele>394.000000</ele>
			</trkpt>
			<trkpt lat="47.685646" lon="18.845010">
				<ele>393.000000</ele>
			</trkpt>
			<trkpt lat="47.685592" lon="18.844930">
				<ele>393.000000</ele>
			</trkpt>
			<trkpt lat="47.685574" lon="18.844885">
				<ele>392.000000</ele>
			</trkpt>
			<trkpt lat="47.685562" lon="18.844849">
				<ele>392.000000</ele>
			</trkpt>
			<trkpt lat="47.685562" lon="18.844822">
				<ele>392.000000</ele>
			</trkpt>
			<trkpt lat="47.685562" lon="18.844777">
				<ele>392.000000</ele>
			</trkpt>
			<trkpt lat="47.685568" lon="18.844742">
				<ele>392.000000</ele>
			</trkpt>
			<trkpt lat="47.685574" lon="18.844706">
				<ele>392.000000</ele>
			</trkpt>
			<trkpt lat="47.685580" lon="18.844679">
				<ele>392.000000</ele>
			</trkpt>
			<trkpt lat="47.685598" lon="18.844624">
				<ele>392.000000</ele>
			</trkpt>
			<trkpt lat="47.685598" lon="18.844597">
				<ele>392.000000</ele>
			</trkpt>
			<trkpt lat="47.685604" lon="18.844589">
				<ele>392.000000</ele>
			</trkpt>
			<trkpt lat="47.685598" lon="18.844526">
				<ele>392.000000</ele>
			</trkpt>
			<trkpt lat="47.685598" lon="18.844436">
				<ele>391.000000</ele>
			</trkpt>
			<trkpt lat="47.685580" lon="18.844238">
				<ele>391.000000</ele>
			</trkpt>
			<trkpt lat="47.685574" lon="18.844157">
				<ele>390.000000</ele>
			</trkpt>
			<trkpt lat="47.685574" lon="18.844077">
				<ele>390.000000</ele>
			</trkpt>
			<trkpt lat="47.685580" lon="18.844023">
				<ele>390.000000</ele>
			</trkpt>
			<trkpt lat="47.685592" lon="18.843977">
				<ele>389.000000</ele>
			</trkpt>
			<trkpt lat="47.685604" lon="18.843933">
				<ele>389.000000</ele>
			</trkpt>
			<trkpt lat="47.685622" lon="18.843888">
				<ele>389.000000</ele>
			</trkpt>
			<trkpt lat="47.685628" lon="18.843878">
				<ele>389.000000</ele>
			</trkpt>
			<trkpt lat="47.685676" lon="18.843825">
				<ele>390.000000</ele>
			</trkpt>
			<trkpt lat="47.685689" lon="18.843817">
				<ele>390.000000</ele>
			</trkpt>
			<trkpt lat="47.685731" lon="18.843753">
				<ele>390.000000</ele>
			</trkpt>
			<trkpt lat="47.685743" lon="18.843727">
				<ele>390.000000</ele>
			</trkpt>
			<trkpt lat="47.685761" lon="18.843690">
				<ele>390.000000</ele>
			</trkpt>
			<trkpt lat="47.685779" lon="18.843672">
				<ele>390.000000</ele>
			</trkpt>
			<trkpt lat="47.685797" lon="18.843645">
				<ele>390.000000</ele>
			</trkpt>
			<trkpt lat="47.685822" lon="18.843627">
				<ele>390.000000</ele>
			</trkpt>
			<trkpt lat="47.685840" lon="18.843610">
				<ele>389.000000</ele>
			</trkpt>
			<trkpt lat="47.685852" lon="18.843601">
				<ele>389.000000</ele>
			</trkpt>
			<trkpt lat="47.685876" lon="18.843591">
				<ele>389.000000</ele>
			</trkpt>
			<trkpt lat="47.685991" lon="18.843555">
				<ele>389.000000</ele>
			</trkpt>
			<trkpt lat="47.686009" lon="18.843547">
				<ele>389.000000</ele>
			</trkpt>
			<trkpt lat="47.686021" lon="18.843538">
				<ele>389.000000</ele>
			</trkpt>
			<trkpt lat="47.686033" lon="18.843520">
				<ele>389.000000</ele>
			</trkpt>
			<trkpt lat="47.686039" lon="18.843511">
				<ele>389.000000</ele>
			</trkpt>
			<trkpt lat="47.686057" lon="18.843475">
				<ele>388.000000</ele>
			</trkpt>
			<trkpt lat="47.686069" lon="18.843448">
				<ele>388.000000</ele>
			</trkpt>
			<trkpt lat="47.686081" lon="18.843412">
				<ele>388.000000</ele>
			</trkpt>
			<trkpt lat="47.686112" lon="18.843331">
				<ele>387.000000</ele>
			</trkpt>
			<trkpt lat="47.686155" lon="18.843196">
				<ele>386.000000</ele>
			</trkpt>
			<trkpt lat="47.686191" lon="18.843088">
				<ele>384.000000</ele>
			</trkpt>
			<trkpt lat="47.686215" lon="18.843025">
				<ele>383.000000</ele>
			</trkpt>
			<trkpt lat="47.686227" lon="18.842989">
				<ele>383.000000</ele>
			</trkpt>
			<trkpt lat="47.686245" lon="18.842962">
				<ele>382.000000</ele>
			</trkpt>
			<trkpt lat="47.686257" lon="18.842926">
				<ele>381.000000</ele>
			</trkpt>
			<trkpt lat="47.686336" lon="18.842756">
				<ele>376.000000</ele>
			</trkpt>
			<trkpt lat="47.686378" lon="18.842765">
				<ele>377.000000</ele>
			</trkpt>
			<trkpt lat="47.686408" lon="18.842765">
				<ele>376.000000</ele>
			</trkpt>
			<trkpt lat="47.686432" lon="18.842756">
				<ele>376.000000</ele>
			</trkpt>
			<trkpt lat="47.686450" lon="18.842756">
				<ele>376.000000</ele>
			</trkpt>
			<trkpt lat="47.686475" lon="18.842748">
				<ele>376.000000</ele>
			</trkpt>
			<trkpt lat="47.686505" lon="18.842729">
				<ele>376.000000</ele>
			</trkpt>
			<trkpt lat="47.686523" lon="18.842711">
				<ele>376.000000</ele>
			</trkpt>
			<trkpt lat="47.686541" lon="18.842702">
				<ele>375.000000</ele>
			</trkpt>
			<trkpt lat="47.686554" lon="18.842685">
				<ele>375.000000</ele>
			</trkpt>
			<trkpt lat="47.686560" lon="18.842675">
				<ele>375.000000</ele>
			</trkpt>
			<trkpt lat="47.686566" lon="18.842666">
				<ele>375.000000</ele>
			</trkpt>
			<trkpt lat="47.686572" lon="18.842666">
				<ele>375.000000</ele>
			</trkpt>
			<trkpt lat="47.686578" lon="18.842648">
				<ele>374.000000</ele>
			</trkpt>
			<trkpt lat="47.686584" lon="18.842622">
				<ele>373.000000</ele>
			</trkpt>
			<trkpt lat="47.686590" lon="18.842612">
				<ele>373.000000</ele>
			</trkpt>
			<trkpt lat="47.686590" lon="18.842603">
				<ele>373.000000</ele>
			</trkpt>
			<trkpt lat="47.686590" lon="18.842595">
				<ele>373.000000</ele>
			</trkpt>
			<trkpt lat="47.686590" lon="18.842585">
				<ele>373.000000</ele>
			</trkpt>
			<trkpt lat="47.686590" lon="18.842585">
				<ele>373.000000</ele>
			</trkpt>
			<trkpt lat="47.686590" lon="18.842595">
				<ele>373.000000</ele>
			</trkpt>
			<trkpt lat="47.686590" lon="18.842603">
				<ele>373.000000</ele>
			</trkpt>
			<trkpt lat="47.686590" lon="18.842612">
				<ele>373.000000</ele>
			</trkpt>
			<trkpt lat="47.686584" lon="18.842622">
				<ele>373.000000</ele>
			</trkpt>
			<trkpt lat="47.686578" lon="18.842648">
				<ele>374.000000</ele>
			</trkpt>
			<trkpt lat="47.686572" lon="18.842666">
				<ele>375.000000</ele>
			</trkpt>
			<trkpt lat="47.686566" lon="18.842666">
				<ele>375.000000</ele>
			</trkpt>
			<trkpt lat="47.686560" lon="18.842675">
				<ele>375.000000</ele>
			</trkpt>
			<trkpt lat="47.686554" lon="18.842685">
				<ele>375.000000</ele>
			</trkpt>
			<trkpt lat="47.686541" lon="18.842702">
				<ele>375.000000</ele>
			</trkpt>
			<trkpt lat="47.686523" lon="18.842711">
				<ele>376.000000</ele>
			</trkpt>
			<trkpt lat="47.686505" lon="18.842729">
				<ele>376.000000</ele>
			</trkpt>
			<trkpt lat="47.686475" lon="18.842748">
				<ele>376.000000</ele>
			</trkpt>
			<trkpt lat="47.686450" lon="18.842756">
				<ele>376.000000</ele>
			</trkpt>
			<trkpt lat="47.686432" lon="18.842756">
				<ele>376.000000</ele>
			</trkpt>
			<trkpt lat="47.686408" lon="18.842765">
				<ele>376.000000</ele>
			</trkpt>
			<trkpt lat="47.686378" lon="18.842765">
				<ele>377.000000</ele>
			</trkpt>
			<trkpt lat="47.686336" lon="18.842756">
				<ele>376.000000</ele>
			</trkpt>
			<trkpt lat="47.686215" lon="18.842719">
				<ele>376.000000</ele>
			</trkpt>
			<trkpt lat="47.686087" lon="18.842666">
				<ele>375.000000</ele>
			</trkpt>
			<trkpt lat="47.685985" lon="18.842612">
				<ele>374.000000</ele>
			</trkpt>
			<trkpt lat="47.685912" lon="18.842549">
				<ele>372.000000</ele>
			</trkpt>
			<trkpt lat="47.685840" lon="18.842486">
				<ele>370.000000</ele>
			</trkpt>
			<trkpt lat="47.685797" lon="18.842423">
				<ele>368.000000</ele>
			</trkpt>
			<trkpt lat="47.685749" lon="18.842369">
				<ele>366.000000</ele>
			</trkpt>
			<trkpt lat="47.685737" lon="18.842360">
				<ele>366.000000</ele>
			</trkpt>
			<trkpt lat="47.685725" lon="18.842352">
				<ele>365.000000</ele>
			</trkpt>
			<trkpt lat="47.685713" lon="18.842360">
				<ele>366.000000</ele>
			</trkpt>
			<trkpt lat="47.685676" lon="18.842379">
				<ele>366.000000</ele>
			</trkpt>
			<trkpt lat="47.685652" lon="18.842396">
				<ele>367.000000</ele>
			</trkpt>
			<trkpt lat="47.685628" lon="18.842406">
				<ele>367.000000</ele>
			</trkpt>
			<trkpt lat="47.685616" lon="18.842396">
				<ele>367.000000</ele>
			</trkpt>
			<trkpt lat="47.685592" lon="18.842396">
				<ele>367.000000</ele>
			</trkpt>
			<trkpt lat="47.685580" lon="18.842388">
				<ele>366.000000</ele>
			</trkpt>
			<trkpt lat="47.685568" lon="18.842379">
				<ele>366.000000</ele>
			</trkpt>
			<trkpt lat="47.685550" lon="18.842343">
				<ele>365.000000</ele>
			</trkpt>
			<trkpt lat="47.685532" lon="18.842325">
				<ele>364.000000</ele>
			</trkpt>
			<trkpt lat="47.685513" lon="18.842306">
				<ele>364.000000</ele>
			</trkpt>
			<trkpt lat="47.685489" lon="18.842289">
				<ele>363.000000</ele>
			</trkpt>
			<trkpt lat="47.685465" lon="18.842280">
				<ele>363.000000</ele>
			</trkpt>
			<trkpt lat="47.685416" lon="18.842262">
				<ele>362.000000</ele>
			</trkpt>
			<trkpt lat="47.685386" lon="18.842243">
				<ele>361.000000</ele>
			</trkpt>
			<trkpt lat="47.685368" lon="18.842235">
				<ele>361.000000</ele>
			</trkpt>
			<trkpt lat="47.685350" lon="18.842209">
				<ele>360.000000</ele>
			</trkpt>
			<trkpt lat="47.685332" lon="18.842182">
				<ele>359.000000</ele>
			</trkpt>
			<trkpt lat="47.685314" lon="18.842154">
				<ele>357.000000</ele>
			</trkpt>
			<trkpt lat="47.685296" lon="18.842146">
				<ele>357.000000</ele>
			</trkpt>
			<trkpt lat="47.685265" lon="18.842109">
				<ele>355.000000</ele>
			</trkpt>
			<trkpt lat="47.685187" lon="18.842037">
				<ele>352.000000</ele>
			</trkpt>
			<trkpt lat="47.685162" lon="18.842019">
				<ele>351.000000</ele>
			</trkpt>
			<trkpt lat="47.685144" lon="18.842010">
				<ele>351.000000</ele>
			</trkpt>
			<trkpt lat="47.685090" lon="18.841993">
				<ele>350.000000</ele>
			</trkpt>
			<trkpt lat="47.685035" lon="18.841983">
				<ele>349.000000</ele>
			</trkpt>
			<trkpt lat="47.684993" lon="18.841966">
				<ele>348.000000</ele>
			</trkpt>
			<trkpt lat="47.684860" lon="18.841857">
				<ele>343.000000</ele>
			</trkpt>
			<trkpt lat="47.684781" lon="18.841786">
				<ele>339.000000</ele>
			</trkpt>
			<trkpt lat="47.684763" lon="18.841777">
				<ele>338.000000</ele>
			</trkpt>
			<trkpt lat="47.684745" lon="18.841777">
				<ele>338.000000</ele>
			</trkpt>
			<trkpt lat="47.684721" lon="18.841777">
				<ele>338.000000</ele>
			</trkpt>
			<trkpt lat="47.684697" lon="18.841777">
				<ele>338.000000</ele>
			</trkpt>
			<trkpt lat="47.684685" lon="18.841777">
				<ele>337.000000</ele>
			</trkpt>
			<trkpt lat="47.684673" lon="18.841786">
				<ele>338.000000</ele>
			</trkpt>
			<trkpt lat="47.684655" lon="18.841813">
				<ele>339.000000</ele>
			</trkpt>
			<trkpt lat="47.684636" lon="18.841830">
				<ele>339.000000</ele>
			</trkpt>
			<trkpt lat="47.684624" lon="18.841867">
				<ele>340.000000</ele>
			</trkpt>
			<trkpt lat="47.684618" lon="18.841893">
				<ele>341.000000</ele>
			</trkpt>
			<trkpt lat="47.684606" lon="18.841920">
				<ele>342.000000</ele>
			</trkpt>
			<trkpt lat="47.684594" lon="18.841939">
				<ele>343.000000</ele>
			</trkpt>
			<trkpt lat="47.684582" lon="18.841956">
				<ele>343.000000</ele>
			</trkpt>
			<trkpt lat="47.684546" lon="18.842002">
				<ele>344.000000</ele>
			</trkpt>
			<trkpt lat="47.684521" lon="18.842029">
				<ele>344.000000</ele>
			</trkpt>
			<trkpt lat="47.684503" lon="18.842073">
				<ele>345.000000</ele>
			</trkpt>
			<trkpt lat="47.684479" lon="18.842109">
				<ele>345.000000</ele>
			</trkpt>
			<trkpt lat="47.684473" lon="18.842127">
				<ele>345.000000</ele>
			</trkpt>
			<trkpt lat="47.684461" lon="18.842136">
				<ele>345.000000</ele>
			</trkpt>
			<trkpt lat="47.684449" lon="18.842146">
				<ele>345.000000</ele>
			</trkpt>
			<trkpt lat="47.684425" lon="18.842146">
				<ele>345.000000</ele>
			</trkpt>
			<trkpt lat="47.684388" lon="18.842136">
				<ele>344.000000</ele>
			</trkpt>
			<trkpt lat="47.684322" lon="18.842127">
				<ele>342.000000</ele>
			</trkpt>
			<trkpt lat="47.683989" lon="18.842037">
				<ele>332.000000</ele>
			</trkpt>
			<trkpt lat="47.683917" lon="18.842019">
				<ele>330.000000</ele>
			</trkpt>
			<trkpt lat="47.683868" lon="18.841993">
				<ele>329.000000</ele>
			</trkpt>
			<trkpt lat="47.683838" lon="18.841966">
				<ele>328.000000</ele>
			</trkpt>
			<trkpt lat="47.683820" lon="18.841939">
				<ele>327.000000</ele>
			</trkpt>
			<trkpt lat="47.683808" lon="18.841930">
				<ele>327.000000</ele>
			</trkpt>
			<trkpt lat="47.683802" lon="18.841920">
				<ele>326.000000</ele>
			</trkpt>
			<trkpt lat="47.683796" lon="18.841893">
				<ele>326.000000</ele>
			</trkpt>
			<trkpt lat="47.683783" lon="18.841857">
				<ele>325.000000</ele>
			</trkpt>
			<trkpt lat="47.683777" lon="18.841813">
				<ele>324.000000</ele>
			</trkpt>
			<trkpt lat="47.683765" lon="18.841777">
				<ele>323.000000</ele>
			</trkpt>
			<trkpt lat="47.683729" lon="18.841687">
				<ele>321.000000</ele>
			</trkpt>
			<trkpt lat="47.683705" lon="18.841624">
				<ele>320.000000</ele>
			</trkpt>
			<trkpt lat="47.683681" lon="18.841570">
				<ele>319.000000</ele>
			</trkpt>
			<trkpt lat="47.683657" lon="18.841526">
				<ele>317.000000</ele>
			</trkpt>
			<trkpt lat="47.683590" lon="18.841444">
				<ele>315.000000</ele>
			</trkpt>
			<trkpt lat="47.683547" lon="18.841373">
				<ele>313.000000</ele>
			</trkpt>
			<trkpt lat="47.683481" lon="18.841247">
				<ele>309.000000</ele>
			</trkpt>
			<trkpt lat="47.683409" lon="18.841140">
				<ele>306.000000</ele>
			</trkpt>
			<trkpt lat="47.683252" lon="18.840905">
				<ele>298.000000</ele>
			</trkpt>
			<trkpt lat="47.683179" lon="18.840798">
				<ele>294.000000</ele>
			</trkpt>
			<trkpt lat="47.683130" lon="18.840744">
				<ele>292.000000</ele>
			</trkpt>
			<trkpt lat="47.683118" lon="18.840708">
				<ele>291.000000</ele>
			</trkpt>
			<trkpt lat="47.683106" lon="18.840672">
				<ele>290.000000</ele>
			</trkpt>
			<trkpt lat="47.683088" lon="18.840601">
				<ele>288.000000</ele>
			</trkpt>
			<trkpt lat="47.683082" lon="18.840538">
				<ele>287.000000</ele>
			</trkpt>
			<trkpt lat="47.683076" lon="18.840465">
				<ele>285.000000</ele>
			</trkpt>
			<trkpt lat="47.683082" lon="18.840421">
				<ele>284.000000</ele>
			</trkpt>
			<trkpt lat="47.683094" lon="18.840322">
				<ele>283.000000</ele>
			</trkpt>
			<trkpt lat="47.683100" lon="18.840259">
				<ele>282.000000</ele>
			</trkpt>
			<trkpt lat="47.683100" lon="18.840205">
				<ele>280.000000</ele>
			</trkpt>
			<trkpt lat="47.683100" lon="18.840178">
				<ele>280.000000</ele>
			</trkpt>
			<trkpt lat="47.683100" lon="18.840124">
				<ele>278.000000</ele>
			</trkpt>
			<trkpt lat="47.683088" lon="18.840069">
				<ele>277.000000</ele>
			</trkpt>
			<trkpt lat="47.682992" lon="18.839846">
				<ele>271.000000</ele>
			</trkpt>
			<trkpt lat="47.682834" lon="18.839432">
				<ele>260.000000</ele>
			</trkpt>
			<trkpt lat="47.682810" lon="18.839379">
				<ele>258.000000</ele>
			</trkpt>
			<trkpt lat="47.682780" lon="18.839333">
				<ele>256.000000</ele>
			</trkpt>
			<trkpt lat="47.682713" lon="18.839243">
				<ele>254.000000</ele>
			</trkpt>
			<trkpt lat="47.682629" lon="18.839144">
				<ele>250.000000</ele>
			</trkpt>
			<trkpt lat="47.682465" lon="18.838983">
				<ele>244.000000</ele>
			</trkpt>
			<trkpt lat="47.682369" lon="18.838893">
				<ele>241.000000</ele>
			</trkpt>
			<trkpt lat="47.682411" lon="18.838786">
				<ele>239.000000</ele>
			</trkpt>
			<trkpt lat="47.682453" lon="18.838696">
				<ele>238.000000</ele>
			</trkpt>
			<trkpt lat="47.682507" lon="18.838597">
				<ele>236.000000</ele>
			</trkpt>
			<trkpt lat="47.682623" lon="18.838471">
				<ele>235.000000</ele>
			</trkpt>
			<trkpt lat="47.682665" lon="18.838417">
				<ele>234.000000</ele>
			</trkpt>
			<trkpt lat="47.682695" lon="18.838372">
				<ele>234.000000</ele>
			</trkpt>
			<trkpt lat="47.682713" lon="18.838327">
				<ele>233.000000</ele>
			</trkpt>
			<trkpt lat="47.682731" lon="18.838264">
				<ele>232.000000</ele>
			</trkpt>
			<trkpt lat="47.682762" lon="18.838148">
				<ele>231.000000</ele>
			</trkpt>
			<trkpt lat="47.682774" lon="18.838075">
				<ele>230.000000</ele>
			</trkpt>
			<trkpt lat="47.682780" lon="18.838031">
				<ele>229.000000</ele>
			</trkpt>
			<trkpt lat="47.682780" lon="18.837985">
				<ele>228.000000</ele>
			</trkpt>
			<trkpt lat="47.682774" lon="18.837941">
				<ele>227.000000</ele>
			</trkpt>
			<trkpt lat="47.682768" lon="18.837905">
				<ele>226.000000</ele>
			</trkpt>
			<trkpt lat="47.682756" lon="18.837869">
				<ele>226.000000</ele>
			</trkpt>
			<trkpt lat="47.682743" lon="18.837834">
				<ele>225.000000</ele>
			</trkpt>
			<trkpt lat="47.682731" lon="18.837798">
				<ele>224.000000</ele>
			</trkpt>
			<trkpt lat="47.682719" lon="18.837771">
				<ele>224.000000</ele>
			</trkpt>
			<trkpt lat="47.682689" lon="18.837708">
				<ele>223.000000</ele>
			</trkpt>
			<trkpt lat="47.682719" lon="18.837591">
				<ele>221.000000</ele>
			</trkpt>
			<trkpt lat="47.682725" lon="18.837555">
				<ele>221.000000</ele>
			</trkpt>
			<trkpt lat="47.682749" lon="18.837465">
				<ele>220.000000</ele>
			</trkpt>
			<trkpt lat="47.682749" lon="18.837465">
				<ele>220.000000</ele>
			</trkpt>
			<trkpt lat="47.682749" lon="18.837465">
				<ele>220.000000</ele>
			</trkpt>
			<trkpt lat="47.682749" lon="18.837465">
				<ele>220.000000</ele>
			</trkpt>
			<trkpt lat="47.682701" lon="18.837528">
				<ele>220.000000</ele>
			</trkpt>
			<trkpt lat="47.682604" lon="18.837654">
				<ele>221.000000</ele>
			</trkpt>
			<trkpt lat="47.682538" lon="18.837744">
				<ele>222.000000</ele>
			</trkpt>
			<trkpt lat="47.682477" lon="18.837806">
				<ele>223.000000</ele>
			</trkpt>
			<trkpt lat="47.682429" lon="18.837851">
				<ele>223.000000</ele>
			</trkpt>
			<trkpt lat="47.682381" lon="18.837887">
				<ele>223.000000</ele>
			</trkpt>
			<trkpt lat="47.682326" lon="18.837914">
				<ele>223.000000</ele>
			</trkpt>
			<trkpt lat="47.682277" lon="18.837932">
				<ele>223.000000</ele>
			</trkpt>
			<trkpt lat="47.682181" lon="18.837951">
				<ele>222.000000</ele>
			</trkpt>
			<trkpt lat="47.682121" lon="18.837959">
				<ele>222.000000</ele>
			</trkpt>
			<trkpt lat="47.682078" lon="18.837959">
				<ele>221.000000</ele>
			</trkpt>
			<trkpt lat="47.682012" lon="18.837941">
				<ele>221.000000</ele>
			</trkpt>
			<trkpt lat="47.681872" lon="18.837896">
				<ele>219.000000</ele>
			</trkpt>
			<trkpt lat="47.681752" lon="18.837851">
				<ele>218.000000</ele>
			</trkpt>
			<trkpt lat="47.681715" lon="18.837842">
				<ele>217.000000</ele>
			</trkpt>
			<trkpt lat="47.681673" lon="18.837834">
				<ele>217.000000</ele>
			</trkpt>
			<trkpt lat="47.681624" lon="18.837842">
				<ele>217.000000</ele>
			</trkpt>
			<trkpt lat="47.681395" lon="18.838282">
				<ele>221.000000</ele>
			</trkpt>
			<trkpt lat="47.681377" lon="18.838327">
				<ele>222.000000</ele>
			</trkpt>
			<trkpt lat="47.681365" lon="18.838364">
				<ele>222.000000</ele>
			</trkpt>
			<trkpt lat="47.681353" lon="18.838390">
				<ele>222.000000</ele>
			</trkpt>
			<trkpt lat="47.681346" lon="18.838435">
				<ele>223.000000</ele>
			</trkpt>
			<trkpt lat="47.681340" lon="18.838516">
				<ele>224.000000</ele>
			</trkpt>
			<trkpt lat="47.681334" lon="18.838578">
				<ele>225.000000</ele>
			</trkpt>
			<trkpt lat="47.681334" lon="18.838641">
				<ele>226.000000</ele>
			</trkpt>
			<trkpt lat="47.681340" lon="18.838687">
				<ele>227.000000</ele>
			</trkpt>
			<trkpt lat="47.681346" lon="18.838786">
				<ele>228.000000</ele>
			</trkpt>
			<trkpt lat="47.681243" lon="18.838750">
				<ele>227.000000</ele>
			</trkpt>
			<trkpt lat="47.681159" lon="18.838723">
				<ele>225.000000</ele>
			</trkpt>
			<trkpt lat="47.681135" lon="18.838723">
				<ele>225.000000</ele>
			</trkpt>
			<trkpt lat="47.681117" lon="18.838723">
				<ele>224.000000</ele>
			</trkpt>
			<trkpt lat="47.681093" lon="18.838740">
				<ele>224.000000</ele>
			</trkpt>
			<trkpt lat="47.681074" lon="18.838750">
				<ele>224.000000</ele>
			</trkpt>
			<trkpt lat="47.681050" lon="18.838777">
				<ele>225.000000</ele>
			</trkpt>
			<trkpt lat="47.681044" lon="18.838786">
				<ele>225.000000</ele>
			</trkpt>
			<trkpt lat="47.681032" lon="18.838803">
				<ele>225.000000</ele>
			</trkpt>
			<trkpt lat="47.681019" lon="18.838821">
				<ele>225.000000</ele>
			</trkpt>
			<trkpt lat="47.681013" lon="18.838840">
				<ele>225.000000</ele>
			</trkpt>
			<trkpt lat="47.681007" lon="18.838848">
				<ele>225.000000</ele>
			</trkpt>
			<trkpt lat="47.680995" lon="18.838848">
				<ele>225.000000</ele>
			</trkpt>
			<trkpt lat="47.680989" lon="18.838857">
				<ele>225.000000</ele>
			</trkpt>
			<trkpt lat="47.680989" lon="18.838867">
				<ele>226.000000</ele>
			</trkpt>
			<trkpt lat="47.680983" lon="18.838876">
				<ele>226.000000</ele>
			</trkpt>
			<trkpt lat="47.680971" lon="18.838893">
				<ele>226.000000</ele>
			</trkpt>
			<trkpt lat="47.680959" lon="18.838903">
				<ele>226.000000</ele>
			</trkpt>
			<trkpt lat="47.680953" lon="18.838911">
				<ele>226.000000</ele>
			</trkpt>
			<trkpt lat="47.680941" lon="18.838930">
				<ele>226.000000</ele>
			</trkpt>
			<trkpt lat="47.680935" lon="18.838938">
				<ele>226.000000</ele>
			</trkpt>
			<trkpt lat="47.680881" lon="18.839064">
				<ele>229.000000</ele>
			</trkpt>
			<trkpt lat="47.680875" lon="18.839082">
				<ele>229.000000</ele>
			</trkpt>
			<trkpt lat="47.680869" lon="18.839100">
				<ele>229.000000</ele>
			</trkpt>
			<trkpt lat="47.680850" lon="18.839117">
				<ele>230.000000</ele>
			</trkpt>
			<trkpt lat="47.680838" lon="18.839136">
				<ele>230.000000</ele>
			</trkpt>
			<trkpt lat="47.680808" lon="18.839172">
				<ele>231.000000</ele>
			</trkpt>
			<trkpt lat="47.680754" lon="18.839226">
				<ele>231.000000</ele>
			</trkpt>
			<trkpt lat="47.680699" lon="18.839297">
				<ele>233.000000</ele>
			</trkpt>
			<trkpt lat="47.680675" lon="18.839333">
				<ele>234.000000</ele>
			</trkpt>
			<trkpt lat="47.680663" lon="18.839360">
				<ele>234.000000</ele>
			</trkpt>
			<trkpt lat="47.680651" lon="18.839396">
				<ele>235.000000</ele>
			</trkpt>
			<trkpt lat="47.680639" lon="18.839442">
				<ele>236.000000</ele>
			</trkpt>
			<trkpt lat="47.680633" lon="18.839504">
				<ele>237.000000</ele>
			</trkpt>
			<trkpt lat="47.680620" lon="18.839603">
				<ele>239.000000</ele>
			</trkpt>
			<trkpt lat="47.680554" lon="18.840421">
				<ele>249.000000</ele>
			</trkpt>
			<trkpt lat="47.680548" lon="18.840484">
				<ele>250.000000</ele>
			</trkpt>
			<trkpt lat="47.680554" lon="18.840564">
				<ele>251.000000</ele>
			</trkpt>
			<trkpt lat="47.680566" lon="18.840698">
				<ele>252.000000</ele>
			</trkpt>
			<trkpt lat="47.680578" lon="18.840851">
				<ele>253.000000</ele>
			</trkpt>
			<trkpt lat="47.680590" lon="18.840914">
				<ele>254.000000</ele>
			</trkpt>
			<trkpt lat="47.680602" lon="18.840960">
				<ele>254.000000</ele>
			</trkpt>
			<trkpt lat="47.680645" lon="18.841058">
				<ele>255.000000</ele>
			</trkpt>
			<trkpt lat="47.680687" lon="18.841157">
				<ele>255.000000</ele>
			</trkpt>
			<trkpt lat="47.680723" lon="18.841274">
				<ele>256.000000</ele>
			</trkpt>
			<trkpt lat="47.680760" lon="18.841364">
				<ele>257.000000</ele>
			</trkpt>
			<trkpt lat="47.680778" lon="18.841463">
				<ele>257.000000</ele>
			</trkpt>
			<trkpt lat="47.680790" lon="18.841561">
				<ele>258.000000</ele>
			</trkpt>
			<trkpt lat="47.680784" lon="18.841669">
				<ele>258.000000</ele>
			</trkpt>
			<trkpt lat="47.680772" lon="18.841786">
				<ele>259.000000</ele>
			</trkpt>
			<trkpt lat="47.680760" lon="18.841912">
				<ele>259.000000</ele>
			</trkpt>
			<trkpt lat="47.680730" lon="18.842056">
				<ele>260.000000</ele>
			</trkpt>
			<trkpt lat="47.680433" lon="18.841786">
				<ele>259.000000</ele>
			</trkpt>
			<trkpt lat="47.680143" lon="18.841561">
				<ele>263.000000</ele>
			</trkpt>
			<trkpt lat="47.680100" lon="18.841526">
				<ele>264.000000</ele>
			</trkpt>
			<trkpt lat="47.680016" lon="18.841436">
				<ele>265.000000</ele>
			</trkpt>
			<trkpt lat="47.679991" lon="18.841390">
				<ele>266.000000</ele>
			</trkpt>
			<trkpt lat="47.679961" lon="18.841327">
				<ele>266.000000</ele>
			</trkpt>
			<trkpt lat="47.679943" lon="18.841256">
				<ele>266.000000</ele>
			</trkpt>
			<trkpt lat="47.679919" lon="18.841157">
				<ele>267.000000</ele>
			</trkpt>
			<trkpt lat="47.679895" lon="18.841040">
				<ele>267.000000</ele>
			</trkpt>
			<trkpt lat="47.679877" lon="18.840924">
				<ele>267.000000</ele>
			</trkpt>
			<trkpt lat="47.679859" lon="18.840870">
				<ele>267.000000</ele>
			</trkpt>
			<trkpt lat="47.679847" lon="18.840825">
				<ele>267.000000</ele>
			</trkpt>
			<trkpt lat="47.679835" lon="18.840798">
				<ele>267.000000</ele>
			</trkpt>
			<trkpt lat="47.679829" lon="18.840788">
				<ele>267.000000</ele>
			</trkpt>
			<trkpt lat="47.679611" lon="18.840448">
				<ele>268.000000</ele>
			</trkpt>
			<trkpt lat="47.679550" lon="18.840366">
				<ele>268.000000</ele>
			</trkpt>
			<trkpt lat="47.679538" lon="18.840348">
				<ele>268.000000</ele>
			</trkpt>
			<trkpt lat="47.679520" lon="18.840331">
				<ele>268.000000</ele>
			</trkpt>
			<trkpt lat="47.679502" lon="18.840322">
				<ele>268.000000</ele>
			</trkpt>
			<trkpt lat="47.679496" lon="18.840322">
				<ele>268.000000</ele>
			</trkpt>
			<trkpt lat="47.679489" lon="18.840312">
				<ele>268.000000</ele>
			</trkpt>
			<trkpt lat="47.679483" lon="18.840304">
				<ele>268.000000</ele>
			</trkpt>
			<trkpt lat="47.679381" lon="18.840142">
				<ele>266.000000</ele>
			</trkpt>
			<trkpt lat="47.679363" lon="18.840096">
				<ele>265.000000</ele>
			</trkpt>
			<trkpt lat="47.679338" lon="18.840043">
				<ele>264.000000</ele>
			</trkpt>
			<trkpt lat="47.679284" lon="18.839962">
				<ele>263.000000</ele>
			</trkpt>
			<trkpt lat="47.679139" lon="18.839836">
				<ele>263.000000</ele>
			</trkpt>
			<trkpt lat="47.678903" lon="18.839620">
				<ele>263.000000</ele>
			</trkpt>
			<trkpt lat="47.678740" lon="18.839486">
				<ele>260.000000</ele>
			</trkpt>
			<trkpt lat="47.678697" lon="18.839450">
				<ele>260.000000</ele>
			</trkpt>
			<trkpt lat="47.678631" lon="18.839414">
				<ele>259.000000</ele>
			</trkpt>
			<trkpt lat="47.678431" lon="18.839324">
				<ele>257.000000</ele>
			</trkpt>
			<trkpt lat="47.678359" lon="18.839289">
				<ele>257.000000</ele>
			</trkpt>
			<trkpt lat="47.678261" lon="18.839234">
				<ele>258.000000</ele>
			</trkpt>
			<trkpt lat="47.678165" lon="18.839144">
				<ele>258.000000</ele>
			</trkpt>
			<trkpt lat="47.678092" lon="18.839090">
				<ele>258.000000</ele>
			</trkpt>
			<trkpt lat="47.677802" lon="18.838920">
				<ele>258.000000</ele>
			</trkpt>
			<trkpt lat="47.677663" lon="18.838830">
				<ele>257.000000</ele>
			</trkpt>
			<trkpt lat="47.677530" lon="18.838731">
				<ele>256.000000</ele>
			</trkpt>
			<trkpt lat="47.677209" lon="18.838507">
				<ele>252.000000</ele>
			</trkpt>
			<trkpt lat="47.677107" lon="18.838408">
				<ele>251.000000</ele>
			</trkpt>
			<trkpt lat="47.676985" lon="18.838301">
				<ele>250.000000</ele>
			</trkpt>
			<trkpt lat="47.676520" lon="18.837869">
				<ele>246.000000</ele>
			</trkpt>
			<trkpt lat="47.676423" lon="18.837771">
				<ele>245.000000</ele>
			</trkpt>
			<trkpt lat="47.676399" lon="18.837735">
				<ele>244.000000</ele>
			</trkpt>
			<trkpt lat="47.676375" lon="18.837689">
				<ele>243.000000</ele>
			</trkpt>
			<trkpt lat="47.676356" lon="18.837635">
				<ele>242.000000</ele>
			</trkpt>
			<trkpt lat="47.676344" lon="18.837591">
				<ele>241.000000</ele>
			</trkpt>
			<trkpt lat="47.676332" lon="18.837546">
				<ele>241.000000</ele>
			</trkpt>
			<trkpt lat="47.676332" lon="18.837536">
				<ele>240.000000</ele>
			</trkpt>
			<trkpt lat="47.676332" lon="18.837528">
				<ele>240.000000</ele>
			</trkpt>
			<trkpt lat="47.676332" lon="18.837519">
				<ele>240.000000</ele>
			</trkpt>
			<trkpt lat="47.676338" lon="18.837492">
				<ele>240.000000</ele>
			</trkpt>
			<trkpt lat="47.676344" lon="18.837465">
				<ele>239.000000</ele>
			</trkpt>
			<trkpt lat="47.676356" lon="18.837438">
				<ele>238.000000</ele>
			</trkpt>
			<trkpt lat="47.676369" lon="18.837411">
				<ele>238.000000</ele>
			</trkpt>
			<trkpt lat="47.676423" lon="18.837303">
				<ele>235.000000</ele>
			</trkpt>
			<trkpt lat="47.676484" lon="18.837186">
				<ele>232.000000</ele>
			</trkpt>
			<trkpt lat="47.676393" lon="18.837060">
				<ele>232.000000</ele>
			</trkpt>
			<trkpt lat="47.676362" lon="18.837025">
				<ele>232.000000</ele>
			</trkpt>
			<trkpt lat="47.676326" lon="18.836989">
				<ele>232.000000</ele>
			</trkpt>
			<trkpt lat="47.676120" lon="18.836792">
				<ele>234.000000</ele>
			</trkpt>
			<trkpt lat="47.676084" lon="18.836729">
				<ele>235.000000</ele>
			</trkpt>
			<trkpt lat="47.676042" lon="18.836656">
				<ele>236.000000</ele>
			</trkpt>
			<trkpt lat="47.676012" lon="18.836593">
				<ele>236.000000</ele>
			</trkpt>
			<trkpt lat="47.675988" lon="18.836522">
				<ele>237.000000</ele>
			</trkpt>
			<trkpt lat="47.675963" lon="18.836450">
				<ele>237.000000</ele>
			</trkpt>
			<trkpt lat="47.675939" lon="18.836377">
				<ele>237.000000</ele>
			</trkpt>
			<trkpt lat="47.675909" lon="18.836306">
				<ele>237.000000</ele>
			</trkpt>
			<trkpt lat="47.675873" lon="18.836234">
				<ele>237.000000</ele>
			</trkpt>
			<trkpt lat="47.675824" lon="18.836144">
				<ele>238.000000</ele>
			</trkpt>
			<trkpt lat="47.675752" lon="18.836027">
				<ele>238.000000</ele>
			</trkpt>
			<trkpt lat="47.675715" lon="18.835956">
				<ele>237.000000</ele>
			</trkpt>
			<trkpt lat="47.675661" lon="18.835830">
				<ele>237.000000</ele>
			</trkpt>
			<trkpt lat="47.675595" lon="18.835668">
				<ele>236.000000</ele>
			</trkpt>
			<trkpt lat="47.675516" lon="18.835507">
				<ele>235.000000</ele>
			</trkpt>
			<trkpt lat="47.675467" lon="18.835417">
				<ele>234.000000</ele>
			</trkpt>
			<trkpt lat="47.675395" lon="18.835301">
				<ele>234.000000</ele>
			</trkpt>
			<trkpt lat="47.675316" lon="18.835201">
				<ele>234.000000</ele>
			</trkpt>
			<trkpt lat="47.675159" lon="18.835022">
				<ele>234.000000</ele>
			</trkpt>
			<trkpt lat="47.675068" lon="18.834905">
				<ele>234.000000</ele>
			</trkpt>
			<trkpt lat="47.674966" lon="18.834769">
				<ele>234.000000</ele>
			</trkpt>
			<trkpt lat="47.674893" lon="18.834653">
				<ele>234.000000</ele>
			</trkpt>
			<trkpt lat="47.674862" lon="18.834618">
				<ele>234.000000</ele>
			</trkpt>
			<trkpt lat="47.674832" lon="18.834582">
				<ele>234.000000</ele>
			</trkpt>
			<trkpt lat="47.674802" lon="18.834555">
				<ele>234.000000</ele>
			</trkpt>
			<trkpt lat="47.674790" lon="18.834545">
				<ele>235.000000</ele>
			</trkpt>
			<trkpt lat="47.674772" lon="18.834536">
				<ele>235.000000</ele>
			</trkpt>
			<trkpt lat="47.674742" lon="18.834528">
				<ele>236.000000</ele>
			</trkpt>
			<trkpt lat="47.674657" lon="18.834653">
				<ele>240.000000</ele>
			</trkpt>
			<trkpt lat="47.674614" lon="18.834716">
				<ele>241.000000</ele>
			</trkpt>
			<trkpt lat="47.674602" lon="18.834743">
				<ele>242.000000</ele>
			</trkpt>
			<trkpt lat="47.674584" lon="18.834788">
				<ele>242.000000</ele>
			</trkpt>
			<trkpt lat="47.674554" lon="18.834851">
				<ele>243.000000</ele>
			</trkpt>
			<trkpt lat="47.674542" lon="18.834914">
				<ele>244.000000</ele>
			</trkpt>
			<trkpt lat="47.674518" lon="18.834995">
				<ele>245.000000</ele>
			</trkpt>
			<trkpt lat="47.674512" lon="18.835048">
				<ele>246.000000</ele>
			</trkpt>
			<trkpt lat="47.674500" lon="18.835094">
				<ele>247.000000</ele>
			</trkpt>
			<trkpt lat="47.674488" lon="18.835129">
				<ele>247.000000</ele>
			</trkpt>
			<trkpt lat="47.674470" lon="18.835156">
				<ele>248.000000</ele>
			</trkpt>
			<trkpt lat="47.674451" lon="18.835192">
				<ele>248.000000</ele>
			</trkpt>
			<trkpt lat="47.674427" lon="18.835237">
				<ele>249.000000</ele>
			</trkpt>
			<trkpt lat="47.674409" lon="18.835272">
				<ele>249.000000</ele>
			</trkpt>
			<trkpt lat="47.674391" lon="18.835301">
				<ele>250.000000</ele>
			</trkpt>
			<trkpt lat="47.674246" lon="18.835461">
				<ele>252.000000</ele>
			</trkpt>
			<trkpt lat="47.674227" lon="18.835498">
				<ele>252.000000</ele>
			</trkpt>
			<trkpt lat="47.674209" lon="18.835524">
				<ele>253.000000</ele>
			</trkpt>
			<trkpt lat="47.674185" lon="18.835578">
				<ele>253.000000</ele>
			</trkpt>
			<trkpt lat="47.674173" lon="18.835605">
				<ele>254.000000</ele>
			</trkpt>
			<trkpt lat="47.674167" lon="18.835632">
				<ele>254.000000</ele>
			</trkpt>
			<trkpt lat="47.674161" lon="18.835660">
				<ele>254.000000</ele>
			</trkpt>
			<trkpt lat="47.674149" lon="18.835704">
				<ele>255.000000</ele>
			</trkpt>
			<trkpt lat="47.674149" lon="18.835750">
				<ele>255.000000</ele>
			</trkpt>
			<trkpt lat="47.674143" lon="18.835811">
				<ele>256.000000</ele>
			</trkpt>
			<trkpt lat="47.674137" lon="18.835848">
				<ele>256.000000</ele>
			</trkpt>
			<trkpt lat="47.674131" lon="18.835874">
				<ele>256.000000</ele>
			</trkpt>
			<trkpt lat="47.674119" lon="18.835893">
				<ele>256.000000</ele>
			</trkpt>
			<trkpt lat="47.674107" lon="18.835920">
				<ele>257.000000</ele>
			</trkpt>
			<trkpt lat="47.674070" lon="18.835947">
				<ele>257.000000</ele>
			</trkpt>
			<trkpt lat="47.674052" lon="18.835983">
				<ele>257.000000</ele>
			</trkpt>
			<trkpt lat="47.674040" lon="18.836018">
				<ele>258.000000</ele>
			</trkpt>
			<trkpt lat="47.674010" lon="18.836100">
				<ele>258.000000</ele>
			</trkpt>
			<trkpt lat="47.673997" lon="18.836127">
				<ele>259.000000</ele>
			</trkpt>
			<trkpt lat="47.673997" lon="18.836144">
				<ele>259.000000</ele>
			</trkpt>
			<trkpt lat="47.673997" lon="18.836190">
				<ele>259.000000</ele>
			</trkpt>
			<trkpt lat="47.673991" lon="18.836467">
				<ele>261.000000</ele>
			</trkpt>
			<trkpt lat="47.673985" lon="18.836530">
				<ele>262.000000</ele>
			</trkpt>
			<trkpt lat="47.673973" lon="18.836584">
				<ele>262.000000</ele>
			</trkpt>
			<trkpt lat="47.673961" lon="18.836630">
				<ele>263.000000</ele>
			</trkpt>
			<trkpt lat="47.673949" lon="18.836666">
				<ele>263.000000</ele>
			</trkpt>
			<trkpt lat="47.673931" lon="18.836702">
				<ele>264.000000</ele>
			</trkpt>
			<trkpt lat="47.673895" lon="18.836756">
				<ele>264.000000</ele>
			</trkpt>
			<trkpt lat="47.673877" lon="18.836792">
				<ele>265.000000</ele>
			</trkpt>
			<trkpt lat="47.673871" lon="18.836809">
				<ele>265.000000</ele>
			</trkpt>
			<trkpt lat="47.673865" lon="18.836845">
				<ele>265.000000</ele>
			</trkpt>
			<trkpt lat="47.673865" lon="18.836863">
				<ele>266.000000</ele>
			</trkpt>
			<trkpt lat="47.673865" lon="18.836890">
				<ele>266.000000</ele>
			</trkpt>
			<trkpt lat="47.673859" lon="18.836926">
				<ele>266.000000</ele>
			</trkpt>
			<trkpt lat="47.673847" lon="18.836962">
				<ele>267.000000</ele>
			</trkpt>
			<trkpt lat="47.673816" lon="18.837096">
				<ele>269.000000</ele>
			</trkpt>
			<trkpt lat="47.673804" lon="18.837132">
				<ele>269.000000</ele>
			</trkpt>
			<trkpt lat="47.673786" lon="18.837178">
				<ele>270.000000</ele>
			</trkpt>
			<trkpt lat="47.673773" lon="18.837232">
				<ele>271.000000</ele>
			</trkpt>
			<trkpt lat="47.673767" lon="18.837268">
				<ele>272.000000</ele>
			</trkpt>
			<trkpt lat="47.673761" lon="18.837322">
				<ele>273.000000</ele>
			</trkpt>
			<trkpt lat="47.673761" lon="18.837375">
				<ele>274.000000</ele>
			</trkpt>
			<trkpt lat="47.673761" lon="18.837411">
				<ele>274.000000</ele>
			</trkpt>
			<trkpt lat="47.673780" lon="18.837708">
				<ele>278.000000</ele>
			</trkpt>
			<trkpt lat="47.673780" lon="18.837761">
				<ele>279.000000</ele>
			</trkpt>
			<trkpt lat="47.673780" lon="18.837798">
				<ele>279.000000</ele>
			</trkpt>
			<trkpt lat="47.673773" lon="18.837824">
				<ele>280.000000</ele>
			</trkpt>
			<trkpt lat="47.673761" lon="18.837861">
				<ele>280.000000</ele>
			</trkpt>
			<trkpt lat="47.673743" lon="18.837914">
				<ele>281.000000</ele>
			</trkpt>
			<trkpt lat="47.673719" lon="18.837977">
				<ele>281.000000</ele>
			</trkpt>
			<trkpt lat="47.673701" lon="18.838012">
				<ele>282.000000</ele>
			</trkpt>
			<trkpt lat="47.673677" lon="18.838058">
				<ele>282.000000</ele>
			</trkpt>
			<trkpt lat="47.673635" lon="18.838121">
				<ele>283.000000</ele>
			</trkpt>
			<trkpt lat="47.673617" lon="18.838157">
				<ele>283.000000</ele>
			</trkpt>
			<trkpt lat="47.673592" lon="18.838192">
				<ele>284.000000</ele>
			</trkpt>
			<trkpt lat="47.673580" lon="18.838238">
				<ele>284.000000</ele>
			</trkpt>
			<trkpt lat="47.673568" lon="18.838264">
				<ele>284.000000</ele>
			</trkpt>
			<trkpt lat="47.673568" lon="18.838264">
				<ele>284.000000</ele>
			</trkpt>
			<trkpt lat="47.673580" lon="18.838238">
				<ele>284.000000</ele>
			</trkpt>
			<trkpt lat="47.673592" lon="18.838192">
				<ele>284.000000</ele>
			</trkpt>
			<trkpt lat="47.673617" lon="18.838157">
				<ele>283.000000</ele>
			</trkpt>
			<trkpt lat="47.673635" lon="18.838121">
				<ele>283.000000</ele>
			</trkpt>
			<trkpt lat="47.673677" lon="18.838058">
				<ele>282.000000</ele>
			</trkpt>
			<trkpt lat="47.673701" lon="18.838012">
				<ele>282.000000</ele>
			</trkpt>
			<trkpt lat="47.673719" lon="18.837977">
				<ele>281.000000</ele>
			</trkpt>
			<trkpt lat="47.673743" lon="18.837914">
				<ele>281.000000</ele>
			</trkpt>
			<trkpt lat="47.673761" lon="18.837861">
				<ele>280.000000</ele>
			</trkpt>
			<trkpt lat="47.673773" lon="18.837824">
				<ele>280.000000</ele>
			</trkpt>
			<trkpt lat="47.673780" lon="18.837798">
				<ele>279.000000</ele>
			</trkpt>
			<trkpt lat="47.673780" lon="18.837761">
				<ele>279.000000</ele>
			</trkpt>
			<trkpt lat="47.673780" lon="18.837708">
				<ele>278.000000</ele>
			</trkpt>
			<trkpt lat="47.673761" lon="18.837411">
				<ele>274.000000</ele>
			</trkpt>
			<trkpt lat="47.673761" lon="18.837375">
				<ele>274.000000</ele>
			</trkpt>
			<trkpt lat="47.673761" lon="18.837322">
				<ele>273.000000</ele>
			</trkpt>
			<trkpt lat="47.673767" lon="18.837268">
				<ele>272.000000</ele>
			</trkpt>
			<trkpt lat="47.673773" lon="18.837232">
				<ele>271.000000</ele>
			</trkpt>
			<trkpt lat="47.673786" lon="18.837178">
				<ele>270.000000</ele>
			</trkpt>
			<trkpt lat="47.673804" lon="18.837132">
				<ele>269.000000</ele>
			</trkpt>
			<trkpt lat="47.673816" lon="18.837096">
				<ele>269.000000</ele>
			</trkpt>
			<trkpt lat="47.673847" lon="18.836962">
				<ele>267.000000</ele>
			</trkpt>
			<trkpt lat="47.673859" lon="18.836926">
				<ele>266.000000</ele>
			</trkpt>
			<trkpt lat="47.673865" lon="18.836890">
				<ele>266.000000</ele>
			</trkpt>
			<trkpt lat="47.673865" lon="18.836863">
				<ele>266.000000</ele>
			</trkpt>
			<trkpt lat="47.673865" lon="18.836845">
				<ele>265.000000</ele>
			</trkpt>
			<trkpt lat="47.673871" lon="18.836809">
				<ele>265.000000</ele>
			</trkpt>
			<trkpt lat="47.673877" lon="18.836792">
				<ele>265.000000</ele>
			</trkpt>
			<trkpt lat="47.673895" lon="18.836756">
				<ele>264.000000</ele>
			</trkpt>
			<trkpt lat="47.673931" lon="18.836702">
				<ele>264.000000</ele>
			</trkpt>
			<trkpt lat="47.673949" lon="18.836666">
				<ele>263.000000</ele>
			</trkpt>
			<trkpt lat="47.673961" lon="18.836630">
				<ele>263.000000</ele>
			</trkpt>
			<trkpt lat="47.673973" lon="18.836584">
				<ele>262.000000</ele>
			</trkpt>
			<trkpt lat="47.673985" lon="18.836530">
				<ele>262.000000</ele>
			</trkpt>
			<trkpt lat="47.673991" lon="18.836467">
				<ele>261.000000</ele>
			</trkpt>
			<trkpt lat="47.673997" lon="18.836190">
				<ele>259.000000</ele>
			</trkpt>
			<trkpt lat="47.673997" lon="18.836144">
				<ele>259.000000</ele>
			</trkpt>
			<trkpt lat="47.673997" lon="18.836127">
				<ele>259.000000</ele>
			</trkpt>
			<trkpt lat="47.674010" lon="18.836100">
				<ele>258.000000</ele>
			</trkpt>
			<trkpt lat="47.674040" lon="18.836018">
				<ele>258.000000</ele>
			</trkpt>
			<trkpt lat="47.674052" lon="18.835983">
				<ele>257.000000</ele>
			</trkpt>
			<trkpt lat="47.674070" lon="18.835947">
				<ele>257.000000</ele>
			</trkpt>
			<trkpt lat="47.674107" lon="18.835920">
				<ele>257.000000</ele>
			</trkpt>
			<trkpt lat="47.674119" lon="18.835893">
				<ele>256.000000</ele>
			</trkpt>
			<trkpt lat="47.674131" lon="18.835874">
				<ele>256.000000</ele>
			</trkpt>
			<trkpt lat="47.674137" lon="18.835848">
				<ele>256.000000</ele>
			</trkpt>
			<trkpt lat="47.674143" lon="18.835811">
				<ele>256.000000</ele>
			</trkpt>
			<trkpt lat="47.674149" lon="18.835750">
				<ele>255.000000</ele>
			</trkpt>
			<trkpt lat="47.674149" lon="18.835704">
				<ele>255.000000</ele>
			</trkpt>
			<trkpt lat="47.674161" lon="18.835660">
				<ele>254.000000</ele>
			</trkpt>
			<trkpt lat="47.674167" lon="18.835632">
				<ele>254.000000</ele>
			</trkpt>
			<trkpt lat="47.674173" lon="18.835605">
				<ele>254.000000</ele>
			</trkpt>
			<trkpt lat="47.674185" lon="18.835578">
				<ele>253.000000</ele>
			</trkpt>
			<trkpt lat="47.674209" lon="18.835524">
				<ele>253.000000</ele>
			</trkpt>
			<trkpt lat="47.674227" lon="18.835498">
				<ele>252.000000</ele>
			</trkpt>
			<trkpt lat="47.674246" lon="18.835461">
				<ele>252.000000</ele>
			</trkpt>
			<trkpt lat="47.674391" lon="18.835301">
				<ele>250.000000</ele>
			</trkpt>
			<trkpt lat="47.674409" lon="18.835272">
				<ele>249.000000</ele>
			</trkpt>
			<trkpt lat="47.674427" lon="18.835237">
				<ele>249.000000</ele>
			</trkpt>
			<trkpt lat="47.674451" lon="18.835192">
				<ele>248.000000</ele>
			</trkpt>
			<trkpt lat="47.674470" lon="18.835156">
				<ele>248.000000</ele>
			</trkpt>
			<trkpt lat="47.674488" lon="18.835129">
				<ele>247.000000</ele>
			</trkpt>
			<trkpt lat="47.674500" lon="18.835094">
				<ele>247.000000</ele>
			</trkpt>
			<trkpt lat="47.674512" lon="18.835048">
				<ele>246.000000</ele>
			</trkpt>
			<trkpt lat="47.674518" lon="18.834995">
				<ele>245.000000</ele>
			</trkpt>
			<trkpt lat="47.674542" lon="18.834914">
				<ele>244.000000</ele>
			</trkpt>
			<trkpt lat="47.674554" lon="18.834851">
				<ele>243.000000</ele>
			</trkpt>
			<trkpt lat="47.674584" lon="18.834788">
				<ele>242.000000</ele>
			</trkpt>
			<trkpt lat="47.674602" lon="18.834743">
				<ele>242.000000</ele>
			</trkpt>
			<trkpt lat="47.674614" lon="18.834716">
				<ele>241.000000</ele>
			</trkpt>
			<trkpt lat="47.674657" lon="18.834653">
				<ele>240.000000</ele>
			</trkpt>
			<trkpt lat="47.674742" lon="18.834528">
				<ele>236.000000</ele>
			</trkpt>
			<trkpt lat="47.674784" lon="18.834267">
				<ele>230.000000</ele>
			</trkpt>
			<trkpt lat="47.674796" lon="18.834123">
				<ele>227.000000</ele>
			</trkpt>
			<trkpt lat="47.674808" lon="18.834033">
				<ele>226.000000</ele>
			</trkpt>
			<trkpt lat="47.674766" lon="18.833943">
				<ele>226.000000</ele>
			</trkpt>
			<trkpt lat="47.674693" lon="18.833800">
				<ele>226.000000</ele>
			</trkpt>
			<trkpt lat="47.673647" lon="18.831779">
				<ele>216.000000</ele>
			</trkpt>
			<trkpt lat="47.673514" lon="18.831545">
				<ele>214.000000</ele>
			</trkpt>
			<trkpt lat="47.673496" lon="18.831519">
				<ele>213.000000</ele>
			</trkpt>
			<trkpt lat="47.673465" lon="18.831473">
				<ele>213.000000</ele>
			</trkpt>
			<trkpt lat="47.673435" lon="18.831446">
				<ele>213.000000</ele>
			</trkpt>
			<trkpt lat="47.673368" lon="18.831383">
				<ele>213.000000</ele>
			</trkpt>
			<trkpt lat="47.673332" lon="18.831356">
				<ele>212.000000</ele>
			</trkpt>
			<trkpt lat="47.673308" lon="18.831347">
				<ele>213.000000</ele>
			</trkpt>
			<trkpt lat="47.673284" lon="18.831339">
				<ele>213.000000</ele>
			</trkpt>
			<trkpt lat="47.673254" lon="18.831329">
				<ele>213.000000</ele>
			</trkpt>
			<trkpt lat="47.672812" lon="18.831257">
				<ele>215.000000</ele>
			</trkpt>
			<trkpt lat="47.672782" lon="18.831257">
				<ele>215.000000</ele>
			</trkpt>
			<trkpt lat="47.672764" lon="18.831257">
				<ele>215.000000</ele>
			</trkpt>
			<trkpt lat="47.672752" lon="18.831257">
				<ele>216.000000</ele>
			</trkpt>
			<trkpt lat="47.672721" lon="18.831266">
				<ele>216.000000</ele>
			</trkpt>
			<trkpt lat="47.672691" lon="18.831276">
				<ele>216.000000</ele>
			</trkpt>
			<trkpt lat="47.672625" lon="18.831293">
				<ele>217.000000</ele>
			</trkpt>
			<trkpt lat="47.672600" lon="18.831312">
				<ele>217.000000</ele>
			</trkpt>
			<trkpt lat="47.672588" lon="18.831320">
				<ele>217.000000</ele>
			</trkpt>
			<trkpt lat="47.672564" lon="18.831339">
				<ele>218.000000</ele>
			</trkpt>
			<trkpt lat="47.672540" lon="18.831366">
				<ele>218.000000</ele>
			</trkpt>
			<trkpt lat="47.672528" lon="18.831374">
				<ele>219.000000</ele>
			</trkpt>
			<trkpt lat="47.672509" lon="18.831402">
				<ele>219.000000</ele>
			</trkpt>
			<trkpt lat="47.672455" lon="18.831482">
				<ele>221.000000</ele>
			</trkpt>
			<trkpt lat="47.672407" lon="18.831563">
				<ele>223.000000</ele>
			</trkpt>
			<trkpt lat="47.672401" lon="18.831572">
				<ele>223.000000</ele>
			</trkpt>
			<trkpt lat="47.672389" lon="18.831580">
				<ele>224.000000</ele>
			</trkpt>
			<trkpt lat="47.672359" lon="18.831616">
				<ele>224.000000</ele>
			</trkpt>
			<trkpt lat="47.672353" lon="18.831616">
				<ele>224.000000</ele>
			</trkpt>
			<trkpt lat="47.672340" lon="18.831626">
				<ele>225.000000</ele>
			</trkpt>
			<trkpt lat="47.672328" lon="18.831626">
				<ele>225.000000</ele>
			</trkpt>
			<trkpt lat="47.672322" lon="18.831626">
				<ele>225.000000</ele>
			</trkpt>
			<trkpt lat="47.672310" lon="18.831635">
				<ele>225.000000</ele>
			</trkpt>
			<trkpt lat="47.672165" lon="18.831643">
				<ele>225.000000</ele>
			</trkpt>
			<trkpt lat="47.672147" lon="18.831643">
				<ele>225.000000</ele>
			</trkpt>
			<trkpt lat="47.672129" lon="18.831635">
				<ele>225.000000</ele>
			</trkpt>
			<trkpt lat="47.672086" lon="18.831635">
				<ele>225.000000</ele>
			</trkpt>
			<trkpt lat="47.672074" lon="18.831626">
				<ele>225.000000</ele>
			</trkpt>
			<trkpt lat="47.672068" lon="18.831626">
				<ele>225.000000</ele>
			</trkpt>
			<trkpt lat="47.672062" lon="18.831626">
				<ele>225.000000</ele>
			</trkpt>
			<trkpt lat="47.671989" lon="18.831590">
				<ele>224.000000</ele>
			</trkpt>
			<trkpt lat="47.671650" lon="18.831429">
				<ele>221.000000</ele>
			</trkpt>
			<trkpt lat="47.671572" lon="18.831393">
				<ele>221.000000</ele>
			</trkpt>
			<trkpt lat="47.671475" lon="18.831329">
				<ele>219.000000</ele>
			</trkpt>
			<trkpt lat="47.671427" lon="18.831303">
				<ele>219.000000</ele>
			</trkpt>
			<trkpt lat="47.671239" lon="18.831159">
				<ele>217.000000</ele>
			</trkpt>
			<trkpt lat="47.669624" lon="18.829785">
				<ele>214.000000</ele>
			</trkpt>
			<trkpt lat="47.669594" lon="18.829748">
				<ele>214.000000</ele>
			</trkpt>
			<trkpt lat="47.669564" lon="18.829722">
				<ele>215.000000</ele>
			</trkpt>
			<trkpt lat="47.669521" lon="18.829658">
				<ele>215.000000</ele>
			</trkpt>
			<trkpt lat="47.669497" lon="18.829632">
				<ele>215.000000</ele>
			</trkpt>
			<trkpt lat="47.669406" lon="18.829524">
				<ele>215.000000</ele>
			</trkpt>
			<trkpt lat="47.669334" lon="18.829452">
				<ele>216.000000</ele>
			</trkpt>
			<trkpt lat="47.669304" lon="18.829425">
				<ele>216.000000</ele>
			</trkpt>
			<trkpt lat="47.669267" lon="18.829389">
				<ele>216.000000</ele>
			</trkpt>
			<trkpt lat="47.669207" lon="18.829353">
				<ele>216.000000</ele>
			</trkpt>
			<trkpt lat="47.669128" lon="18.829290">
				<ele>216.000000</ele>
			</trkpt>
			<trkpt lat="47.669086" lon="18.829263">
				<ele>217.000000</ele>
			</trkpt>
			<trkpt lat="47.669068" lon="18.829236">
				<ele>217.000000</ele>
			</trkpt>
			<trkpt lat="47.669043" lon="18.829209">
				<ele>217.000000</ele>
			</trkpt>
			<trkpt lat="47.668971" lon="18.829119">
				<ele>216.000000</ele>
			</trkpt>
			<trkpt lat="47.668953" lon="18.829102">
				<ele>216.000000</ele>
			</trkpt>
			<trkpt lat="47.668935" lon="18.829083">
				<ele>216.000000</ele>
			</trkpt>
			<trkpt lat="47.668868" lon="18.829030">
				<ele>216.000000</ele>
			</trkpt>
			<trkpt lat="47.668583" lon="18.828823">
				<ele>216.000000</ele>
			</trkpt>
			<trkpt lat="47.668433" lon="18.828706">
				<ele>215.000000</ele>
			</trkpt>
			<trkpt lat="47.668378" lon="18.828679">
				<ele>215.000000</ele>
			</trkpt>
			<trkpt lat="47.668323" lon="18.828643">
				<ele>215.000000</ele>
			</trkpt>
			<trkpt lat="47.668251" lon="18.828607">
				<ele>216.000000</ele>
			</trkpt>
			<trkpt lat="47.668203" lon="18.828580">
				<ele>216.000000</ele>
			</trkpt>
			<trkpt lat="47.668190" lon="18.828572">
				<ele>216.000000</ele>
			</trkpt>
			<trkpt lat="47.667749" lon="18.828186">
				<ele>217.000000</ele>
			</trkpt>
			<trkpt lat="47.667724" lon="18.828167">
				<ele>217.000000</ele>
			</trkpt>
			<trkpt lat="47.667168" lon="18.827798">
				<ele>222.000000</ele>
			</trkpt>
			<trkpt lat="47.667162" lon="18.827798">
				<ele>222.000000</ele>
			</trkpt>
			<trkpt lat="47.667156" lon="18.827798">
				<ele>222.000000</ele>
			</trkpt>
			<trkpt lat="47.667144" lon="18.827808">
				<ele>222.000000</ele>
			</trkpt>
			<trkpt lat="47.667132" lon="18.827817">
				<ele>222.000000</ele>
			</trkpt>
			<trkpt lat="47.667108" lon="18.827827">
				<ele>222.000000</ele>
			</trkpt>
			<trkpt lat="47.667089" lon="18.827844">
				<ele>223.000000</ele>
			</trkpt>
			<trkpt lat="47.667047" lon="18.827871">
				<ele>223.000000</ele>
			</trkpt>
			<trkpt lat="47.666878" lon="18.828041">
				<ele>225.000000</ele>
			</trkpt>
			<trkpt lat="47.666793" lon="18.828114">
				<ele>226.000000</ele>
			</trkpt>
			<trkpt lat="47.666709" lon="18.828186">
				<ele>226.000000</ele>
			</trkpt>
			<trkpt lat="47.666666" lon="18.828213">
				<ele>227.000000</ele>
			</trkpt>
			<trkpt lat="47.666575" lon="18.828257">
				<ele>228.000000</ele>
			</trkpt>
			<trkpt lat="47.666509" lon="18.828293">
				<ele>229.000000</ele>
			</trkpt>
			<trkpt lat="47.666158" lon="18.828446">
				<ele>233.000000</ele>
			</trkpt>
			<trkpt lat="47.666097" lon="18.828482">
				<ele>234.000000</ele>
			</trkpt>
			<trkpt lat="47.666037" lon="18.828527">
				<ele>234.000000</ele>
			</trkpt>
			<trkpt lat="47.665577" lon="18.828886">
				<ele>236.000000</ele>
			</trkpt>
			<trkpt lat="47.665528" lon="18.828922">
				<ele>236.000000</ele>
			</trkpt>
			<trkpt lat="47.665462" lon="18.828958">
				<ele>237.000000</ele>
			</trkpt>
			<trkpt lat="47.665033" lon="18.829173">
				<ele>242.000000</ele>
			</trkpt>
			<trkpt lat="47.664185" lon="18.829586">
				<ele>248.000000</ele>
			</trkpt>
			<trkpt lat="47.664119" lon="18.829614">
				<ele>248.000000</ele>
			</trkpt>
			<trkpt lat="47.664095" lon="18.829622">
				<ele>248.000000</ele>
			</trkpt>
			<trkpt lat="47.664071" lon="18.829632">
				<ele>248.000000</ele>
			</trkpt>
			<trkpt lat="47.663036" lon="18.829829">
				<ele>253.000000</ele>
			</trkpt>
			<trkpt lat="47.662915" lon="18.829848">
				<ele>255.000000</ele>
			</trkpt>
			<trkpt lat="47.662842" lon="18.829865">
				<ele>255.000000</ele>
			</trkpt>
			<trkpt lat="47.662788" lon="18.829884">
				<ele>256.000000</ele>
			</trkpt>
			<trkpt lat="47.662758" lon="18.829892">
				<ele>256.000000</ele>
			</trkpt>
			<trkpt lat="47.662727" lon="18.829911">
				<ele>256.000000</ele>
			</trkpt>
			<trkpt lat="47.662673" lon="18.829955">
				<ele>256.000000</ele>
			</trkpt>
			<trkpt lat="47.662449" lon="18.830117">
				<ele>259.000000</ele>
			</trkpt>
			<trkpt lat="47.662413" lon="18.830152">
				<ele>259.000000</ele>
			</trkpt>
			<trkpt lat="47.662371" lon="18.830215">
				<ele>259.000000</ele>
			</trkpt>
			<trkpt lat="47.662341" lon="18.830251">
				<ele>259.000000</ele>
			</trkpt>
			<trkpt lat="47.662322" lon="18.830297">
				<ele>259.000000</ele>
			</trkpt>
			<trkpt lat="47.662261" lon="18.830414">
				<ele>260.000000</ele>
			</trkpt>
			<trkpt lat="47.662255" lon="18.830431">
				<ele>260.000000</ele>
			</trkpt>
			<trkpt lat="47.662243" lon="18.830448">
				<ele>260.000000</ele>
			</trkpt>
			<trkpt lat="47.662219" lon="18.830467">
				<ele>260.000000</ele>
			</trkpt>
			<trkpt lat="47.662183" lon="18.830494">
				<ele>261.000000</ele>
			</trkpt>
			<trkpt lat="47.662153" lon="18.830511">
				<ele>261.000000</ele>
			</trkpt>
			<trkpt lat="47.662123" lon="18.830530">
				<ele>261.000000</ele>
			</trkpt>
			<trkpt lat="47.662098" lon="18.830530">
				<ele>261.000000</ele>
			</trkpt>
			<trkpt lat="47.662062" lon="18.830530">
				<ele>262.000000</ele>
			</trkpt>
			<trkpt lat="47.662050" lon="18.830530">
				<ele>262.000000</ele>
			</trkpt>
			<trkpt lat="47.662037" lon="18.830530">
				<ele>262.000000</ele>
			</trkpt>
			<trkpt lat="47.662025" lon="18.830530">
				<ele>262.000000</ele>
			</trkpt>
			<trkpt lat="47.661959" lon="18.830511">
				<ele>262.000000</ele>
			</trkpt>
			<trkpt lat="47.661838" lon="18.830477">
				<ele>263.000000</ele>
			</trkpt>
			<trkpt lat="47.661808" lon="18.830467">
				<ele>263.000000</ele>
			</trkpt>
			<trkpt lat="47.661783" lon="18.830467">
				<ele>263.000000</ele>
			</trkpt>
			<trkpt lat="47.661741" lon="18.830467">
				<ele>264.000000</ele>
			</trkpt>
			<trkpt lat="47.661614" lon="18.830485">
				<ele>264.000000</ele>
			</trkpt>
			<trkpt lat="47.661584" lon="18.830485">
				<ele>264.000000</ele>
			</trkpt>
			<trkpt lat="47.661554" lon="18.830485">
				<ele>265.000000</ele>
			</trkpt>
			<trkpt lat="47.661536" lon="18.830477">
				<ele>265.000000</ele>
			</trkpt>
			<trkpt lat="47.661390" lon="18.830440">
				<ele>265.000000</ele>
			</trkpt>
			<trkpt lat="47.661366" lon="18.830431">
				<ele>265.000000</ele>
			</trkpt>
			<trkpt lat="47.661336" lon="18.830422">
				<ele>265.000000</ele>
			</trkpt>
			<trkpt lat="47.661318" lon="18.830422">
				<ele>265.000000</ele>
			</trkpt>
			<trkpt lat="47.661276" lon="18.830422">
				<ele>266.000000</ele>
			</trkpt>
			<trkpt lat="47.661178" lon="18.830422">
				<ele>267.000000</ele>
			</trkpt>
			<trkpt lat="47.661142" lon="18.830422">
				<ele>267.000000</ele>
			</trkpt>
			<trkpt lat="47.661100" lon="18.830414">
				<ele>268.000000</ele>
			</trkpt>
			<trkpt lat="47.661046" lon="18.830395">
				<ele>268.000000</ele>
			</trkpt>
			<trkpt lat="47.660991" lon="18.830387">
				<ele>269.000000</ele>
			</trkpt>
			<trkpt lat="47.660961" lon="18.830387">
				<ele>269.000000</ele>
			</trkpt>
			<trkpt lat="47.660918" lon="18.830387">
				<ele>270.000000</ele>
			</trkpt>
			<trkpt lat="47.660888" lon="18.830387">
				<ele>271.000000</ele>
			</trkpt>
			<trkpt lat="47.660876" lon="18.830387">
				<ele>271.000000</ele>
			</trkpt>
			<trkpt lat="47.660870" lon="18.830395">
				<ele>271.000000</ele>
			</trkpt>
			<trkpt lat="47.660822" lon="18.830414">
				<ele>272.000000</ele>
			</trkpt>
			<trkpt lat="47.660804" lon="18.830414">
				<ele>272.000000</ele>
			</trkpt>
			<trkpt lat="47.660241" lon="18.830754">
				<ele>279.000000</ele>
			</trkpt>
			<trkpt lat="47.660217" lon="18.830773">
				<ele>280.000000</ele>
			</trkpt>
			<trkpt lat="47.660192" lon="18.830781">
				<ele>280.000000</ele>
			</trkpt>
			<trkpt lat="47.660180" lon="18.830790">
				<ele>280.000000</ele>
			</trkpt>
			<trkpt lat="47.660168" lon="18.830800">
				<ele>280.000000</ele>
			</trkpt>
			<trkpt lat="47.659678" lon="18.830943">
				<ele>285.000000</ele>
			</trkpt>
			<trkpt lat="47.659617" lon="18.830961">
				<ele>285.000000</ele>
			</trkpt>
			<trkpt lat="47.659569" lon="18.830970">
				<ele>286.000000</ele>
			</trkpt>
			<trkpt lat="47.659533" lon="18.830970">
				<ele>286.000000</ele>
			</trkpt>
			<trkpt lat="47.659491" lon="18.830970">
				<ele>286.000000</ele>
			</trkpt>
			<trkpt lat="47.659448" lon="18.830970">
				<ele>287.000000</ele>
			</trkpt>
			<trkpt lat="47.659424" lon="18.830961">
				<ele>287.000000</ele>
			</trkpt>
			<trkpt lat="47.659115" lon="18.830898">
				<ele>291.000000</ele>
			</trkpt>
			<trkpt lat="47.659091" lon="18.830898">
				<ele>291.000000</ele>
			</trkpt>
			<trkpt lat="47.659061" lon="18.830898">
				<ele>291.000000</ele>
			</trkpt>
			<trkpt lat="47.659025" lon="18.830916">
				<ele>291.000000</ele>
			</trkpt>
			<trkpt lat="47.658988" lon="18.830926">
				<ele>292.000000</ele>
			</trkpt>
			<trkpt lat="47.658940" lon="18.830953">
				<ele>292.000000</ele>
			</trkpt>
			<trkpt lat="47.658922" lon="18.830961">
				<ele>292.000000</ele>
			</trkpt>
			<trkpt lat="47.658898" lon="18.830961">
				<ele>293.000000</ele>
			</trkpt>
			<trkpt lat="47.658819" lon="18.830970">
				<ele>293.000000</ele>
			</trkpt>
			<trkpt lat="47.658571" lon="18.830988">
				<ele>295.000000</ele>
			</trkpt>
			<trkpt lat="47.658492" lon="18.830988">
				<ele>295.000000</ele>
			</trkpt>
			<trkpt lat="47.658468" lon="18.830979">
				<ele>296.000000</ele>
			</trkpt>
			<trkpt lat="47.658444" lon="18.830979">
				<ele>296.000000</ele>
			</trkpt>
			<trkpt lat="47.658371" lon="18.830953">
				<ele>296.000000</ele>
			</trkpt>
			<trkpt lat="47.658274" lon="18.830916">
				<ele>296.000000</ele>
			</trkpt>
			<trkpt lat="47.658160" lon="18.830844">
				<ele>296.000000</ele>
			</trkpt>
			<trkpt lat="47.658074" lon="18.830781">
				<ele>295.000000</ele>
			</trkpt>
			<trkpt lat="47.657700" lon="18.830477">
				<ele>291.000000</ele>
			</trkpt>
			<trkpt lat="47.657663" lon="18.830440">
				<ele>290.000000</ele>
			</trkpt>
			<trkpt lat="47.657621" lon="18.830404">
				<ele>290.000000</ele>
			</trkpt>
			<trkpt lat="47.657578" lon="18.830387">
				<ele>290.000000</ele>
			</trkpt>
			<trkpt lat="47.657518" lon="18.830360">
				<ele>289.000000</ele>
			</trkpt>
			<trkpt lat="47.657427" lon="18.830332">
				<ele>289.000000</ele>
			</trkpt>
			<trkpt lat="47.657403" lon="18.830314">
				<ele>289.000000</ele>
			</trkpt>
			<trkpt lat="47.657379" lon="18.830297">
				<ele>289.000000</ele>
			</trkpt>
			<trkpt lat="47.657355" lon="18.830270">
				<ele>289.000000</ele>
			</trkpt>
			<trkpt lat="47.657318" lon="18.830215">
				<ele>288.000000</ele>
			</trkpt>
			<trkpt lat="47.657294" lon="18.830161">
				<ele>288.000000</ele>
			</trkpt>
			<trkpt lat="47.657270" lon="18.830072">
				<ele>288.000000</ele>
			</trkpt>
			<trkpt lat="47.657252" lon="18.830000">
				<ele>287.000000</ele>
			</trkpt>
			<trkpt lat="47.657246" lon="18.829945">
				<ele>287.000000</ele>
			</trkpt>
			<trkpt lat="47.657240" lon="18.829865">
				<ele>286.000000</ele>
			</trkpt>
			<trkpt lat="47.657228" lon="18.829811">
				<ele>286.000000</ele>
			</trkpt>
			<trkpt lat="47.657209" lon="18.829748">
				<ele>286.000000</ele>
			</trkpt>
			<trkpt lat="47.657197" lon="18.829704">
				<ele>285.000000</ele>
			</trkpt>
			<trkpt lat="47.657179" lon="18.829676">
				<ele>285.000000</ele>
			</trkpt>
			<trkpt lat="47.657161" lon="18.829632">
				<ele>285.000000</ele>
			</trkpt>
			<trkpt lat="47.657137" lon="18.829586">
				<ele>285.000000</ele>
			</trkpt>
			<trkpt lat="47.657101" lon="18.829542">
				<ele>285.000000</ele>
			</trkpt>
			<trkpt lat="47.657022" lon="18.829461">
				<ele>285.000000</ele>
			</trkpt>
			<trkpt lat="47.656961" lon="18.829380">
				<ele>285.000000</ele>
			</trkpt>
			<trkpt lat="47.656925" lon="18.829326">
				<ele>285.000000</ele>
			</trkpt>
			<trkpt lat="47.656792" lon="18.829110">
				<ele>286.000000</ele>
			</trkpt>
			<trkpt lat="47.656749" lon="18.829012">
				<ele>285.000000</ele>
			</trkpt>
			<trkpt lat="47.656725" lon="18.828949">
				<ele>285.000000</ele>
			</trkpt>
			<trkpt lat="47.656701" lon="18.828886">
				<ele>285.000000</ele>
			</trkpt>
			<trkpt lat="47.656665" lon="18.828752">
				<ele>285.000000</ele>
			</trkpt>
			<trkpt lat="47.656653" lon="18.828716">
				<ele>285.000000</ele>
			</trkpt>
			<trkpt lat="47.656641" lon="18.828670">
				<ele>285.000000</ele>
			</trkpt>
			<trkpt lat="47.656635" lon="18.828616">
				<ele>285.000000</ele>
			</trkpt>
			<trkpt lat="47.656629" lon="18.828563">
				<ele>285.000000</ele>
			</trkpt>
			<trkpt lat="47.656623" lon="18.828527">
				<ele>285.000000</ele>
			</trkpt>
			<trkpt lat="47.656623" lon="18.828473">
				<ele>285.000000</ele>
			</trkpt>
			<trkpt lat="47.656623" lon="18.828401">
				<ele>285.000000</ele>
			</trkpt>
			<trkpt lat="47.656629" lon="18.828347">
				<ele>285.000000</ele>
			</trkpt>
			<trkpt lat="47.656629" lon="18.828303">
				<ele>285.000000</ele>
			</trkpt>
			<trkpt lat="47.656623" lon="18.828230">
				<ele>286.000000</ele>
			</trkpt>
			<trkpt lat="47.656623" lon="18.828177">
				<ele>286.000000</ele>
			</trkpt>
			<trkpt lat="47.656629" lon="18.828123">
				<ele>286.000000</ele>
			</trkpt>
			<trkpt lat="47.656635" lon="18.828050">
				<ele>286.000000</ele>
			</trkpt>
			<trkpt lat="47.656641" lon="18.827987">
				<ele>286.000000</ele>
			</trkpt>
			<trkpt lat="47.656653" lon="18.827943">
				<ele>286.000000</ele>
			</trkpt>
			<trkpt lat="47.656665" lon="18.827880">
				<ele>286.000000</ele>
			</trkpt>
			<trkpt lat="47.656671" lon="18.827844">
				<ele>287.000000</ele>
			</trkpt>
			<trkpt lat="47.656671" lon="18.827817">
				<ele>287.000000</ele>
			</trkpt>
			<trkpt lat="47.656671" lon="18.827781">
				<ele>287.000000</ele>
			</trkpt>
			<trkpt lat="47.656665" lon="18.827754">
				<ele>287.000000</ele>
			</trkpt>
			<trkpt lat="47.656659" lon="18.827727">
				<ele>287.000000</ele>
			</trkpt>
			<trkpt lat="47.656641" lon="18.827682">
				<ele>288.000000</ele>
			</trkpt>
			<trkpt lat="47.656581" lon="18.827574">
				<ele>289.000000</ele>
			</trkpt>
			<trkpt lat="47.656532" lon="18.827620">
				<ele>289.000000</ele>
			</trkpt>
			<trkpt lat="47.656526" lon="18.827628">
				<ele>289.000000</ele>
			</trkpt>
			<trkpt lat="47.656513" lon="18.827637">
				<ele>289.000000</ele>
			</trkpt>
			<trkpt lat="47.656513" lon="18.827637">
				<ele>289.000000</ele>
			</trkpt>
			<trkpt lat="47.656513" lon="18.827637">
				<ele>289.000000</ele>
			</trkpt>
			<trkpt lat="47.656483" lon="18.827700">
				<ele>289.000000</ele>
			</trkpt>
			<trkpt lat="47.656477" lon="18.827710">
				<ele>289.000000</ele>
			</trkpt>
			<trkpt lat="47.656471" lon="18.827718">
				<ele>289.000000</ele>
			</trkpt>
			<trkpt lat="47.656314" lon="18.828087">
				<ele>288.000000</ele>
			</trkpt>
			<trkpt lat="47.656283" lon="18.828158">
				<ele>288.000000</ele>
			</trkpt>
			<trkpt lat="47.656253" lon="18.828240">
				<ele>288.000000</ele>
			</trkpt>
			<trkpt lat="47.656217" lon="18.828356">
				<ele>287.000000</ele>
			</trkpt>
			<trkpt lat="47.656205" lon="18.828374">
				<ele>287.000000</ele>
			</trkpt>
			<trkpt lat="47.656199" lon="18.828392">
				<ele>287.000000</ele>
			</trkpt>
			<trkpt lat="47.656181" lon="18.828427">
				<ele>287.000000</ele>
			</trkpt>
			<trkpt lat="47.656053" lon="18.828626">
				<ele>283.000000</ele>
			</trkpt>
			<trkpt lat="47.656041" lon="18.828653">
				<ele>283.000000</ele>
			</trkpt>
			<trkpt lat="47.655830" lon="18.828903">
				<ele>282.000000</ele>
			</trkpt>
			<trkpt lat="47.655812" lon="18.828930">
				<ele>282.000000</ele>
			</trkpt>
			<trkpt lat="47.655799" lon="18.828949">
				<ele>282.000000</ele>
			</trkpt>
			<trkpt lat="47.655733" lon="18.829056">
				<ele>282.000000</ele>
			</trkpt>
			<trkpt lat="47.655715" lon="18.829093">
				<ele>282.000000</ele>
			</trkpt>
			<trkpt lat="47.655552" lon="18.829318">
				<ele>283.000000</ele>
			</trkpt>
			<trkpt lat="47.655521" lon="18.829353">
				<ele>283.000000</ele>
			</trkpt>
			<trkpt lat="47.655509" lon="18.829362">
				<ele>284.000000</ele>
			</trkpt>
			<trkpt lat="47.655485" lon="18.829389">
				<ele>284.000000</ele>
			</trkpt>
			<trkpt lat="47.655358" lon="18.829506">
				<ele>284.000000</ele>
			</trkpt>
			<trkpt lat="47.655340" lon="18.829515">
				<ele>284.000000</ele>
			</trkpt>
			<trkpt lat="47.655316" lon="18.829542">
				<ele>284.000000</ele>
			</trkpt>
			<trkpt lat="47.655267" lon="18.829569">
				<ele>285.000000</ele>
			</trkpt>
			<trkpt lat="47.655225" lon="18.829586">
				<ele>285.000000</ele>
			</trkpt>
			<trkpt lat="47.655182" lon="18.829605">
				<ele>285.000000</ele>
			</trkpt>
			<trkpt lat="47.655146" lon="18.829614">
				<ele>285.000000</ele>
			</trkpt>
			<trkpt lat="47.655122" lon="18.829622">
				<ele>285.000000</ele>
			</trkpt>
			<trkpt lat="47.655104" lon="18.829622">
				<ele>285.000000</ele>
			</trkpt>
			<trkpt lat="47.654934" lon="18.829632">
				<ele>285.000000</ele>
			</trkpt>
			<trkpt lat="47.654868" lon="18.829632">
				<ele>285.000000</ele>
			</trkpt>
			<trkpt lat="47.654680" lon="18.829622">
				<ele>285.000000</ele>
			</trkpt>
			<trkpt lat="47.654626" lon="18.829614">
				<ele>285.000000</ele>
			</trkpt>
			<trkpt lat="47.654572" lon="18.829605">
				<ele>286.000000</ele>
			</trkpt>
			<trkpt lat="47.654438" lon="18.829586">
				<ele>286.000000</ele>
			</trkpt>
			<trkpt lat="47.654057" lon="18.829506">
				<ele>289.000000</ele>
			</trkpt>
			<trkpt lat="47.653972" lon="18.829488">
				<ele>289.000000</ele>
			</trkpt>
			<trkpt lat="47.653827" lon="18.829452">
				<ele>291.000000</ele>
			</trkpt>
			<trkpt lat="47.653706" lon="18.829416">
				<ele>294.000000</ele>
			</trkpt>
			<trkpt lat="47.653682" lon="18.829406">
				<ele>294.000000</ele>
			</trkpt>
			<trkpt lat="47.653646" lon="18.829389">
				<ele>295.000000</ele>
			</trkpt>
			<trkpt lat="47.653579" lon="18.829353">
				<ele>296.000000</ele>
			</trkpt>
			<trkpt lat="47.653537" lon="18.829326">
				<ele>297.000000</ele>
			</trkpt>
			<trkpt lat="47.653494" lon="18.829299">
				<ele>298.000000</ele>
			</trkpt>
			<trkpt lat="47.653482" lon="18.829479">
				<ele>300.000000</ele>
			</trkpt>
			<trkpt lat="47.653482" lon="18.829622">
				<ele>301.000000</ele>
			</trkpt>
			<trkpt lat="47.653488" lon="18.829695">
				<ele>302.000000</ele>
			</trkpt>
			<trkpt lat="47.653494" lon="18.829775">
				<ele>302.000000</ele>
			</trkpt>
			<trkpt lat="47.653500" lon="18.829829">
				<ele>303.000000</ele>
			</trkpt>
			<trkpt lat="47.653512" lon="18.829884">
				<ele>303.000000</ele>
			</trkpt>
			<trkpt lat="47.653524" lon="18.829937">
				<ele>303.000000</ele>
			</trkpt>
			<trkpt lat="47.653537" lon="18.829991">
				<ele>303.000000</ele>
			</trkpt>
			<trkpt lat="47.653549" lon="18.830027">
				<ele>303.000000</ele>
			</trkpt>
			<trkpt lat="47.653567" lon="18.830081">
				<ele>303.000000</ele>
			</trkpt>
			<trkpt lat="47.653579" lon="18.830135">
				<ele>303.000000</ele>
			</trkpt>
			<trkpt lat="47.653585" lon="18.830188">
				<ele>303.000000</ele>
			</trkpt>
			<trkpt lat="47.653597" lon="18.830242">
				<ele>303.000000</ele>
			</trkpt>
			<trkpt lat="47.653603" lon="18.830287">
				<ele>303.000000</ele>
			</trkpt>
			<trkpt lat="47.653615" lon="18.830387">
				<ele>303.000000</ele>
			</trkpt>
			<trkpt lat="47.653621" lon="18.830448">
				<ele>303.000000</ele>
			</trkpt>
			<trkpt lat="47.653627" lon="18.830485">
				<ele>303.000000</ele>
			</trkpt>
			<trkpt lat="47.653627" lon="18.830521">
				<ele>303.000000</ele>
			</trkpt>
			<trkpt lat="47.653633" lon="18.830548">
				<ele>303.000000</ele>
			</trkpt>
			<trkpt lat="47.653633" lon="18.830566">
				<ele>303.000000</ele>
			</trkpt>
			<trkpt lat="47.653639" lon="18.830593">
				<ele>303.000000</ele>
			</trkpt>
			<trkpt lat="47.653688" lon="18.830718">
				<ele>301.000000</ele>
			</trkpt>
			<trkpt lat="47.653700" lon="18.830746">
				<ele>301.000000</ele>
			</trkpt>
			<trkpt lat="47.653706" lon="18.830773">
				<ele>301.000000</ele>
			</trkpt>
			<trkpt lat="47.653712" lon="18.830800">
				<ele>301.000000</ele>
			</trkpt>
			<trkpt lat="47.653724" lon="18.830871">
				<ele>301.000000</ele>
			</trkpt>
			<trkpt lat="47.653730" lon="18.830898">
				<ele>301.000000</ele>
			</trkpt>
			<trkpt lat="47.653736" lon="18.830943">
				<ele>301.000000</ele>
			</trkpt>
			<trkpt lat="47.653760" lon="18.831014">
				<ele>301.000000</ele>
			</trkpt>
			<trkpt lat="47.653797" lon="18.831203">
				<ele>301.000000</ele>
			</trkpt>
			<trkpt lat="47.653803" lon="18.831249">
				<ele>302.000000</ele>
			</trkpt>
			<trkpt lat="47.653815" lon="18.831312">
				<ele>302.000000</ele>
			</trkpt>
			<trkpt lat="47.653821" lon="18.831374">
				<ele>302.000000</ele>
			</trkpt>
			<trkpt lat="47.653827" lon="18.831553">
				<ele>303.000000</ele>
			</trkpt>
			<trkpt lat="47.653833" lon="18.831580">
				<ele>303.000000</ele>
			</trkpt>
			<trkpt lat="47.653833" lon="18.831599">
				<ele>303.000000</ele>
			</trkpt>
			<trkpt lat="47.653839" lon="18.831616">
				<ele>303.000000</ele>
			</trkpt>
			<trkpt lat="47.653851" lon="18.831680">
				<ele>303.000000</ele>
			</trkpt>
			<trkpt lat="47.653857" lon="18.831698">
				<ele>303.000000</ele>
			</trkpt>
			<trkpt lat="47.653857" lon="18.831716">
				<ele>303.000000</ele>
			</trkpt>
			<trkpt lat="47.653863" lon="18.831769">
				<ele>303.000000</ele>
			</trkpt>
			<trkpt lat="47.653888" lon="18.832102">
				<ele>304.000000</ele>
			</trkpt>
			<trkpt lat="47.653894" lon="18.832129">
				<ele>304.000000</ele>
			</trkpt>
			<trkpt lat="47.653894" lon="18.832156">
				<ele>304.000000</ele>
			</trkpt>
			<trkpt lat="47.653888" lon="18.832209">
				<ele>305.000000</ele>
			</trkpt>
			<trkpt lat="47.653882" lon="18.832245">
				<ele>305.000000</ele>
			</trkpt>
			<trkpt lat="47.653882" lon="18.832264">
				<ele>306.000000</ele>
			</trkpt>
			<trkpt lat="47.653882" lon="18.832282">
				<ele>306.000000</ele>
			</trkpt>
			<trkpt lat="47.653882" lon="18.832291">
				<ele>306.000000</ele>
			</trkpt>
			<trkpt lat="47.653882" lon="18.832299">
				<ele>306.000000</ele>
			</trkpt>
			<trkpt lat="47.653888" lon="18.832309">
				<ele>306.000000</ele>
			</trkpt>
			<trkpt lat="47.653888" lon="18.832318">
				<ele>306.000000</ele>
			</trkpt>
			<trkpt lat="47.653912" lon="18.832408">
				<ele>306.000000</ele>
			</trkpt>
			<trkpt lat="47.653924" lon="18.832452">
				<ele>306.000000</ele>
			</trkpt>
			<trkpt lat="47.653966" lon="18.832650">
				<ele>307.000000</ele>
			</trkpt>
			<trkpt lat="47.653978" lon="18.832712">
				<ele>307.000000</ele>
			</trkpt>
			<trkpt lat="47.653990" lon="18.832794">
				<ele>307.000000</ele>
			</trkpt>
			<trkpt lat="47.654020" lon="18.833010">
				<ele>309.000000</ele>
			</trkpt>
			<trkpt lat="47.654026" lon="18.833090">
				<ele>309.000000</ele>
			</trkpt>
			<trkpt lat="47.654026" lon="18.833135">
				<ele>310.000000</ele>
			</trkpt>
			<trkpt lat="47.654026" lon="18.833180">
				<ele>310.000000</ele>
			</trkpt>
			<trkpt lat="47.654026" lon="18.833234">
				<ele>311.000000</ele>
			</trkpt>
			<trkpt lat="47.654026" lon="18.833270">
				<ele>311.000000</ele>
			</trkpt>
			<trkpt lat="47.654020" lon="18.833306">
				<ele>311.000000</ele>
			</trkpt>
			<trkpt lat="47.654020" lon="18.833333">
				<ele>312.000000</ele>
			</trkpt>
			<trkpt lat="47.654014" lon="18.833360">
				<ele>312.000000</ele>
			</trkpt>
			<trkpt lat="47.654002" lon="18.833404">
				<ele>313.000000</ele>
			</trkpt>
			<trkpt lat="47.653996" lon="18.833423">
				<ele>313.000000</ele>
			</trkpt>
			<trkpt lat="47.653984" lon="18.833458">
				<ele>313.000000</ele>
			</trkpt>
			<trkpt lat="47.653966" lon="18.833486">
				<ele>314.000000</ele>
			</trkpt>
			<trkpt lat="47.653954" lon="18.833513">
				<ele>314.000000</ele>
			</trkpt>
			<trkpt lat="47.653942" lon="18.833530">
				<ele>314.000000</ele>
			</trkpt>
			<trkpt lat="47.653924" lon="18.833557">
				<ele>315.000000</ele>
			</trkpt>
			<trkpt lat="47.653900" lon="18.833593">
				<ele>315.000000</ele>
			</trkpt>
			<trkpt lat="47.653821" lon="18.833683">
				<ele>317.000000</ele>
			</trkpt>
			<trkpt lat="47.653803" lon="18.833710">
				<ele>317.000000</ele>
			</trkpt>
			<trkpt lat="47.653791" lon="18.833737">
				<ele>318.000000</ele>
			</trkpt>
			<trkpt lat="47.653760" lon="18.833782">
				<ele>318.000000</ele>
			</trkpt>
			<trkpt lat="47.653736" lon="18.833827">
				<ele>319.000000</ele>
			</trkpt>
			<trkpt lat="47.653724" lon="18.833872">
				<ele>319.000000</ele>
			</trkpt>
			<trkpt lat="47.653712" lon="18.833899">
				<ele>319.000000</ele>
			</trkpt>
			<trkpt lat="47.653706" lon="18.833934">
				<ele>319.000000</ele>
			</trkpt>
			<trkpt lat="47.653700" lon="18.833970">
				<ele>320.000000</ele>
			</trkpt>
			<trkpt lat="47.653694" lon="18.834016">
				<ele>320.000000</ele>
			</trkpt>
			<trkpt lat="47.653615" lon="18.834635">
				<ele>325.000000</ele>
			</trkpt>
			<trkpt lat="47.653609" lon="18.834680">
				<ele>326.000000</ele>
			</trkpt>
			<trkpt lat="47.653603" lon="18.834716">
				<ele>326.000000</ele>
			</trkpt>
			<trkpt lat="47.653591" lon="18.834743">
				<ele>326.000000</ele>
			</trkpt>
			<trkpt lat="47.653579" lon="18.834779">
				<ele>327.000000</ele>
			</trkpt>
			<trkpt lat="47.653561" lon="18.834806">
				<ele>328.000000</ele>
			</trkpt>
			<trkpt lat="47.653543" lon="18.834832">
				<ele>328.000000</ele>
			</trkpt>
			<trkpt lat="47.653518" lon="18.834859">
				<ele>329.000000</ele>
			</trkpt>
			<trkpt lat="47.653494" lon="18.834886">
				<ele>330.000000</ele>
			</trkpt>
			<trkpt lat="47.653452" lon="18.834914">
				<ele>331.000000</ele>
			</trkpt>
			<trkpt lat="47.653422" lon="18.834941">
				<ele>332.000000</ele>
			</trkpt>
			<trkpt lat="47.653397" lon="18.834959">
				<ele>332.000000</ele>
			</trkpt>
			<trkpt lat="47.653379" lon="18.834985">
				<ele>333.000000</ele>
			</trkpt>
			<trkpt lat="47.653355" lon="18.835022">
				<ele>333.000000</ele>
			</trkpt>
			<trkpt lat="47.653313" lon="18.835085">
				<ele>335.000000</ele>
			</trkpt>
			<trkpt lat="47.653234" lon="18.835201">
				<ele>338.000000</ele>
			</trkpt>
			<trkpt lat="47.653198" lon="18.835264">
				<ele>339.000000</ele>
			</trkpt>
			<trkpt lat="47.653149" lon="18.835345">
				<ele>341.000000</ele>
			</trkpt>
			<trkpt lat="47.653119" lon="18.835408">
				<ele>342.000000</ele>
			</trkpt>
			<trkpt lat="47.653101" lon="18.835452">
				<ele>343.000000</ele>
			</trkpt>
			<trkpt lat="47.653077" lon="18.835507">
				<ele>344.000000</ele>
			</trkpt>
			<trkpt lat="47.653059" lon="18.835570">
				<ele>344.000000</ele>
			</trkpt>
			<trkpt lat="47.653022" lon="18.835687">
				<ele>346.000000</ele>
			</trkpt>
			<trkpt lat="47.653004" lon="18.835758">
				<ele>347.000000</ele>
			</trkpt>
			<trkpt lat="47.652998" lon="18.835803">
				<ele>347.000000</ele>
			</trkpt>
			<trkpt lat="47.652992" lon="18.835838">
				<ele>348.000000</ele>
			</trkpt>
			<trkpt lat="47.652986" lon="18.835893">
				<ele>348.000000</ele>
			</trkpt>
			<trkpt lat="47.652974" lon="18.835991">
				<ele>349.000000</ele>
			</trkpt>
			<trkpt lat="47.652949" lon="18.836226">
				<ele>352.000000</ele>
			</trkpt>
			<trkpt lat="47.652943" lon="18.836288">
				<ele>352.000000</ele>
			</trkpt>
			<trkpt lat="47.652943" lon="18.836351">
				<ele>353.000000</ele>
			</trkpt>
			<trkpt lat="47.652943" lon="18.836396">
				<ele>354.000000</ele>
			</trkpt>
			<trkpt lat="47.652943" lon="18.836432">
				<ele>354.000000</ele>
			</trkpt>
			<trkpt lat="47.652949" lon="18.836494">
				<ele>355.000000</ele>
			</trkpt>
			<trkpt lat="47.652962" lon="18.836567">
				<ele>355.000000</ele>
			</trkpt>
			<trkpt lat="47.652974" lon="18.836639">
				<ele>356.000000</ele>
			</trkpt>
			<trkpt lat="47.653010" lon="18.836819">
				<ele>357.000000</ele>
			</trkpt>
			<trkpt lat="47.653029" lon="18.836917">
				<ele>357.000000</ele>
			</trkpt>
			<trkpt lat="47.653065" lon="18.837159">
				<ele>359.000000</ele>
			</trkpt>
			<trkpt lat="47.653071" lon="18.837240">
				<ele>359.000000</ele>
			</trkpt>
			<trkpt lat="47.653077" lon="18.837339">
				<ele>360.000000</ele>
			</trkpt>
			<trkpt lat="47.653077" lon="18.837411">
				<ele>361.000000</ele>
			</trkpt>
			<trkpt lat="47.653083" lon="18.837536">
				<ele>362.000000</ele>
			</trkpt>
			<trkpt lat="47.653089" lon="18.837599">
				<ele>362.000000</ele>
			</trkpt>
			<trkpt lat="47.653095" lon="18.837654">
				<ele>362.000000</ele>
			</trkpt>
			<trkpt lat="47.653113" lon="18.837771">
				<ele>362.000000</ele>
			</trkpt>
			<trkpt lat="47.653125" lon="18.837824">
				<ele>362.000000</ele>
			</trkpt>
			<trkpt lat="47.653125" lon="18.837869">
				<ele>362.000000</ele>
			</trkpt>
			<trkpt lat="47.653125" lon="18.837905">
				<ele>363.000000</ele>
			</trkpt>
			<trkpt lat="47.653125" lon="18.837951">
				<ele>363.000000</ele>
			</trkpt>
			<trkpt lat="47.653119" lon="18.838048">
				<ele>364.000000</ele>
			</trkpt>
			<trkpt lat="47.653113" lon="18.838085">
				<ele>364.000000</ele>
			</trkpt>
			<trkpt lat="47.653101" lon="18.838148">
				<ele>365.000000</ele>
			</trkpt>
			<trkpt lat="47.653083" lon="18.838282">
				<ele>366.000000</ele>
			</trkpt>
			<trkpt lat="47.653077" lon="18.838354">
				<ele>367.000000</ele>
			</trkpt>
			<trkpt lat="47.653071" lon="18.838400">
				<ele>368.000000</ele>
			</trkpt>
			<trkpt lat="47.653077" lon="18.838427">
				<ele>368.000000</ele>
			</trkpt>
			<trkpt lat="47.653077" lon="18.838461">
				<ele>368.000000</ele>
			</trkpt>
			<trkpt lat="47.653083" lon="18.838498">
				<ele>368.000000</ele>
			</trkpt>
			<trkpt lat="47.653089" lon="18.838551">
				<ele>368.000000</ele>
			</trkpt>
			<trkpt lat="47.653119" lon="18.838696">
				<ele>368.000000</ele>
			</trkpt>
			<trkpt lat="47.653125" lon="18.838750">
				<ele>368.000000</ele>
			</trkpt>
			<trkpt lat="47.653131" lon="18.838803">
				<ele>368.000000</ele>
			</trkpt>
			<trkpt lat="47.653131" lon="18.838857">
				<ele>369.000000</ele>
			</trkpt>
			<trkpt lat="47.653125" lon="18.839001">
				<ele>370.000000</ele>
			</trkpt>
			<trkpt lat="47.653119" lon="18.839109">
				<ele>371.000000</ele>
			</trkpt>
			<trkpt lat="47.653113" lon="18.839199">
				<ele>372.000000</ele>
			</trkpt>
			<trkpt lat="47.653113" lon="18.839262">
				<ele>373.000000</ele>
			</trkpt>
			<trkpt lat="47.653107" lon="18.839333">
				<ele>374.000000</ele>
			</trkpt>
			<trkpt lat="47.653101" lon="18.839549">
				<ele>375.000000</ele>
			</trkpt>
			<trkpt lat="47.653095" lon="18.839656">
				<ele>376.000000</ele>
			</trkpt>
			<trkpt lat="47.653089" lon="18.839738">
				<ele>377.000000</ele>
			</trkpt>
			<trkpt lat="47.653077" lon="18.839926">
				<ele>378.000000</ele>
			</trkpt>
			<trkpt lat="47.653071" lon="18.840016">
				<ele>378.000000</ele>
			</trkpt>
			<trkpt lat="47.653071" lon="18.840232">
				<ele>379.000000</ele>
			</trkpt>
			<trkpt lat="47.653071" lon="18.840411">
				<ele>379.000000</ele>
			</trkpt>
			<trkpt lat="47.653071" lon="18.840456">
				<ele>378.000000</ele>
			</trkpt>
			<trkpt lat="47.653077" lon="18.840601">
				<ele>378.000000</ele>
			</trkpt>
			<trkpt lat="47.653077" lon="18.840645">
				<ele>378.000000</ele>
			</trkpt>
			<trkpt lat="47.653077" lon="18.840690">
				<ele>377.000000</ele>
			</trkpt>
			<trkpt lat="47.653077" lon="18.840735">
				<ele>377.000000</ele>
			</trkpt>
			<trkpt lat="47.653065" lon="18.840788">
				<ele>377.000000</ele>
			</trkpt>
			<trkpt lat="47.653035" lon="18.840905">
				<ele>376.000000</ele>
			</trkpt>
			<trkpt lat="47.652980" lon="18.841112">
				<ele>376.000000</ele>
			</trkpt>
			<trkpt lat="47.652956" lon="18.841211">
				<ele>376.000000</ele>
			</trkpt>
			<trkpt lat="47.652931" lon="18.841274">
				<ele>377.000000</ele>
			</trkpt>
			<trkpt lat="47.652913" lon="18.841337">
				<ele>377.000000</ele>
			</trkpt>
			<trkpt lat="47.652901" lon="18.841373">
				<ele>378.000000</ele>
			</trkpt>
			<trkpt lat="47.652883" lon="18.841408">
				<ele>378.000000</ele>
			</trkpt>
			<trkpt lat="47.652871" lon="18.841427">
				<ele>378.000000</ele>
			</trkpt>
			<trkpt lat="47.652865" lon="18.841436">
				<ele>379.000000</ele>
			</trkpt>
			<trkpt lat="47.652847" lon="18.841444">
				<ele>379.000000</ele>
			</trkpt>
			<trkpt lat="47.652823" lon="18.841463">
				<ele>380.000000</ele>
			</trkpt>
			<trkpt lat="47.652793" lon="18.841480">
				<ele>380.000000</ele>
			</trkpt>
			<trkpt lat="47.652768" lon="18.841490">
				<ele>381.000000</ele>
			</trkpt>
			<trkpt lat="47.652738" lon="18.841490">
				<ele>382.000000</ele>
			</trkpt>
			<trkpt lat="47.652689" lon="18.841490">
				<ele>383.000000</ele>
			</trkpt>
			<trkpt lat="47.652538" lon="18.841444">
				<ele>385.000000</ele>
			</trkpt>
			<trkpt lat="47.652417" lon="18.841408">
				<ele>387.000000</ele>
			</trkpt>
			<trkpt lat="47.652145" lon="18.841301">
				<ele>390.000000</ele>
			</trkpt>
			<trkpt lat="47.652103" lon="18.841283">
				<ele>390.000000</ele>
			</trkpt>
			<trkpt lat="47.652066" lon="18.841256">
				<ele>390.000000</ele>
			</trkpt>
			<trkpt lat="47.652023" lon="18.841220">
				<ele>391.000000</ele>
			</trkpt>
			<trkpt lat="47.651999" lon="18.841193">
				<ele>391.000000</ele>
			</trkpt>
			<trkpt lat="47.651975" lon="18.841166">
				<ele>391.000000</ele>
			</trkpt>
			<trkpt lat="47.651969" lon="18.841148">
				<ele>392.000000</ele>
			</trkpt>
			<trkpt lat="47.651963" lon="18.841130">
				<ele>392.000000</ele>
			</trkpt>
			<trkpt lat="47.651939" lon="18.841077">
				<ele>393.000000</ele>
			</trkpt>
			<trkpt lat="47.651915" lon="18.841014">
				<ele>394.000000</ele>
			</trkpt>
			<trkpt lat="47.651885" lon="18.840951">
				<ele>395.000000</ele>
			</trkpt>
			<trkpt lat="47.651800" lon="18.840761">
				<ele>397.000000</ele>
			</trkpt>
			<trkpt lat="47.651685" lon="18.840528">
				<ele>400.000000</ele>
			</trkpt>
			<trkpt lat="47.651600" lon="18.840385">
				<ele>402.000000</ele>
			</trkpt>
			<trkpt lat="47.651540" lon="18.840285">
				<ele>404.000000</ele>
			</trkpt>
			<trkpt lat="47.651509" lon="18.840241">
				<ele>404.000000</ele>
			</trkpt>
			<trkpt lat="47.651485" lon="18.840214">
				<ele>405.000000</ele>
			</trkpt>
			<trkpt lat="47.651461" lon="18.840186">
				<ele>405.000000</ele>
			</trkpt>
			<trkpt lat="47.651437" lon="18.840169">
				<ele>405.000000</ele>
			</trkpt>
			<trkpt lat="47.651394" lon="18.840151">
				<ele>406.000000</ele>
			</trkpt>
			<trkpt lat="47.651352" lon="18.840124">
				<ele>406.000000</ele>
			</trkpt>
			<trkpt lat="47.651334" lon="18.840124">
				<ele>406.000000</ele>
			</trkpt>
			<trkpt lat="47.651298" lon="18.840106">
				<ele>407.000000</ele>
			</trkpt>
			<trkpt lat="47.651249" lon="18.840106">
				<ele>407.000000</ele>
			</trkpt>
			<trkpt lat="47.651122" lon="18.840115">
				<ele>408.000000</ele>
			</trkpt>
			<trkpt lat="47.651074" lon="18.840115">
				<ele>408.000000</ele>
			</trkpt>
			<trkpt lat="47.651037" lon="18.840115">
				<ele>408.000000</ele>
			</trkpt>
			<trkpt lat="47.651007" lon="18.840106">
				<ele>408.000000</ele>
			</trkpt>
			<trkpt lat="47.650862" lon="18.840052">
				<ele>409.000000</ele>
			</trkpt>
			<trkpt lat="47.650814" lon="18.840035">
				<ele>410.000000</ele>
			</trkpt>
			<trkpt lat="47.650511" lon="18.839972">
				<ele>411.000000</ele>
			</trkpt>
			<trkpt lat="47.650438" lon="18.839945">
				<ele>412.000000</ele>
			</trkpt>
			<trkpt lat="47.650348" lon="18.839918">
				<ele>413.000000</ele>
			</trkpt>
			<trkpt lat="47.650275" lon="18.839890">
				<ele>413.000000</ele>
			</trkpt>
			<trkpt lat="47.649948" lon="18.839648">
				<ele>416.000000</ele>
			</trkpt>
			<trkpt lat="47.649894" lon="18.839620">
				<ele>416.000000</ele>
			</trkpt>
			<trkpt lat="47.649870" lon="18.839612">
				<ele>417.000000</ele>
			</trkpt>
			<trkpt lat="47.649852" lon="18.839612">
				<ele>417.000000</ele>
			</trkpt>
			<trkpt lat="47.649833" lon="18.839612">
				<ele>417.000000</ele>
			</trkpt>
			<trkpt lat="47.649797" lon="18.839620">
				<ele>417.000000</ele>
			</trkpt>
			<trkpt lat="47.649754" lon="18.839630">
				<ele>417.000000</ele>
			</trkpt>
			<trkpt lat="47.649688" lon="18.839666">
				<ele>417.000000</ele>
			</trkpt>
			<trkpt lat="47.649634" lon="18.839702">
				<ele>418.000000</ele>
			</trkpt>
			<trkpt lat="47.649597" lon="18.839729">
				<ele>418.000000</ele>
			</trkpt>
			<trkpt lat="47.649585" lon="18.839738">
				<ele>419.000000</ele>
			</trkpt>
			<trkpt lat="47.649573" lon="18.839756">
				<ele>419.000000</ele>
			</trkpt>
			<trkpt lat="47.649536" lon="18.839800">
				<ele>419.000000</ele>
			</trkpt>
			<trkpt lat="47.649470" lon="18.839890">
				<ele>420.000000</ele>
			</trkpt>
			<trkpt lat="47.649464" lon="18.839899">
				<ele>420.000000</ele>
			</trkpt>
			<trkpt lat="47.649458" lon="18.839909">
				<ele>420.000000</ele>
			</trkpt>
			<trkpt lat="47.649452" lon="18.839935">
				<ele>420.000000</ele>
			</trkpt>
			<trkpt lat="47.649440" lon="18.839972">
				<ele>420.000000</ele>
			</trkpt>
			<trkpt lat="47.649422" lon="18.840016">
				<ele>420.000000</ele>
			</trkpt>
			<trkpt lat="47.649324" lon="18.840385">
				<ele>419.000000</ele>
			</trkpt>
			<trkpt lat="47.648956" lon="18.841283">
				<ele>420.000000</ele>
			</trkpt>
			<trkpt lat="47.648877" lon="18.841570">
				<ele>418.000000</ele>
			</trkpt>
			<trkpt lat="47.648840" lon="18.841974">
				<ele>414.000000</ele>
			</trkpt>
			<trkpt lat="47.648780" lon="18.842333">
				<ele>411.000000</ele>
			</trkpt>
			<trkpt lat="47.648695" lon="18.842549">
				<ele>411.000000</ele>
			</trkpt>
			<trkpt lat="47.648677" lon="18.842981">
				<ele>406.000000</ele>
			</trkpt>
			<trkpt lat="47.648611" lon="18.843259">
				<ele>403.000000</ele>
			</trkpt>
			<trkpt lat="47.648484" lon="18.843555">
				<ele>401.000000</ele>
			</trkpt>
			<trkpt lat="47.648181" lon="18.843987">
				<ele>400.000000</ele>
			</trkpt>
			<trkpt lat="47.648090" lon="18.844220">
				<ele>398.000000</ele>
			</trkpt>
			<trkpt lat="47.647981" lon="18.844463">
				<ele>397.000000</ele>
			</trkpt>
			<trkpt lat="47.647775" lon="18.844832">
				<ele>394.000000</ele>
			</trkpt>
			<trkpt lat="47.647576" lon="18.845522">
				<ele>388.000000</ele>
			</trkpt>
			<trkpt lat="47.647394" lon="18.845729">
				<ele>387.000000</ele>
			</trkpt>
			<trkpt lat="47.646959" lon="18.846412">
				<ele>383.000000</ele>
			</trkpt>
			<trkpt lat="47.646783" lon="18.846754">
				<ele>382.000000</ele>
			</trkpt>
			<trkpt lat="47.646371" lon="18.847247">
				<ele>377.000000</ele>
			</trkpt>
			<trkpt lat="47.646039" lon="18.847652">
				<ele>376.000000</ele>
			</trkpt>
			<trkpt lat="47.645917" lon="18.847912">
				<ele>376.000000</ele>
			</trkpt>
			<trkpt lat="47.645791" lon="18.848119">
				<ele>375.000000</ele>
			</trkpt>
			<trkpt lat="47.645052" lon="18.849017">
				<ele>370.000000</ele>
			</trkpt>
			<trkpt lat="47.644967" lon="18.849180">
				<ele>368.000000</ele>
			</trkpt>
			<trkpt lat="47.644773" lon="18.849547">
				<ele>367.000000</ele>
			</trkpt>
			<trkpt lat="47.644804" lon="18.850006">
				<ele>365.000000</ele>
			</trkpt>
			<trkpt lat="47.644810" lon="18.850132">
				<ele>364.000000</ele>
			</trkpt>
			<trkpt lat="47.644816" lon="18.850193">
				<ele>363.000000</ele>
			</trkpt>
			<trkpt lat="47.644810" lon="18.850257">
				<ele>363.000000</ele>
			</trkpt>
			<trkpt lat="47.644804" lon="18.850409">
				<ele>361.000000</ele>
			</trkpt>
			<trkpt lat="47.644786" lon="18.850598">
				<ele>360.000000</ele>
			</trkpt>
			<trkpt lat="47.644761" lon="18.850868">
				<ele>359.000000</ele>
			</trkpt>
			<trkpt lat="47.644901" lon="18.850966">
				<ele>357.000000</ele>
			</trkpt>
			<trkpt lat="47.645179" lon="18.851191">
				<ele>352.000000</ele>
			</trkpt>
			<trkpt lat="47.645427" lon="18.851380">
				<ele>346.000000</ele>
			</trkpt>
			<trkpt lat="47.645567" lon="18.851478">
				<ele>344.000000</ele>
			</trkpt>
			<trkpt lat="47.646389" lon="18.852008">
				<ele>337.000000</ele>
			</trkpt>
			<trkpt lat="47.646117" lon="18.853015">
				<ele>334.000000</ele>
			</trkpt>
			<trkpt lat="47.645469" lon="18.855449">
				<ele>332.000000</ele>
			</trkpt>
			<trkpt lat="47.644277" lon="18.859941">
				<ele>334.000000</ele>
			</trkpt>
			<trkpt lat="47.643817" lon="18.861675">
				<ele>327.000000</ele>
			</trkpt>
			<trkpt lat="47.642934" lon="18.865007">
				<ele>309.000000</ele>
			</trkpt>
			<trkpt lat="47.643091" lon="18.865196">
				<ele>308.000000</ele>
			</trkpt>
			<trkpt lat="47.643109" lon="18.865223">
				<ele>308.000000</ele>
			</trkpt>
			<trkpt lat="47.643133" lon="18.865241">
				<ele>307.000000</ele>
			</trkpt>
			<trkpt lat="47.643164" lon="18.865267">
				<ele>307.000000</ele>
			</trkpt>
			<trkpt lat="47.643194" lon="18.865286">
				<ele>307.000000</ele>
			</trkpt>
			<trkpt lat="47.643551" lon="18.865537">
				<ele>307.000000</ele>
			</trkpt>
			<trkpt lat="47.643593" lon="18.865564">
				<ele>307.000000</ele>
			</trkpt>
			<trkpt lat="47.643630" lon="18.865600">
				<ele>306.000000</ele>
			</trkpt>
			<trkpt lat="47.643866" lon="18.865833">
				<ele>305.000000</ele>
			</trkpt>
			<trkpt lat="47.643890" lon="18.865852">
				<ele>304.000000</ele>
			</trkpt>
			<trkpt lat="47.643914" lon="18.865879">
				<ele>304.000000</ele>
			</trkpt>
			<trkpt lat="47.643969" lon="18.865914">
				<ele>304.000000</ele>
			</trkpt>
			<trkpt lat="47.643975" lon="18.865923">
				<ele>304.000000</ele>
			</trkpt>
			<trkpt lat="47.643981" lon="18.865923">
				<ele>304.000000</ele>
			</trkpt>
			<trkpt lat="47.644011" lon="18.865933">
				<ele>304.000000</ele>
			</trkpt>
			<trkpt lat="47.644029" lon="18.865942">
				<ele>304.000000</ele>
			</trkpt>
			<trkpt lat="47.644041" lon="18.865950">
				<ele>304.000000</ele>
			</trkpt>
			<trkpt lat="47.644059" lon="18.865950">
				<ele>304.000000</ele>
			</trkpt>
			<trkpt lat="47.644132" lon="18.865950">
				<ele>304.000000</ele>
			</trkpt>
			<trkpt lat="47.644169" lon="18.865950">
				<ele>303.000000</ele>
			</trkpt>
			<trkpt lat="47.644205" lon="18.865942">
				<ele>303.000000</ele>
			</trkpt>
			<trkpt lat="47.644653" lon="18.865807">
				<ele>301.000000</ele>
			</trkpt>
			<trkpt lat="47.644677" lon="18.865807">
				<ele>301.000000</ele>
			</trkpt>
			<trkpt lat="47.644695" lon="18.865807">
				<ele>301.000000</ele>
			</trkpt>
			<trkpt lat="47.644737" lon="18.865807">
				<ele>301.000000</ele>
			</trkpt>
			<trkpt lat="47.644810" lon="18.865816">
				<ele>301.000000</ele>
			</trkpt>
			<trkpt lat="47.644853" lon="18.865816">
				<ele>301.000000</ele>
			</trkpt>
			<trkpt lat="47.644895" lon="18.865824">
				<ele>301.000000</ele>
			</trkpt>
			<trkpt lat="47.644925" lon="18.865824">
				<ele>301.000000</ele>
			</trkpt>
			<trkpt lat="47.644979" lon="18.865833">
				<ele>301.000000</ele>
			</trkpt>
			<trkpt lat="47.645016" lon="18.865824">
				<ele>301.000000</ele>
			</trkpt>
			<trkpt lat="47.645016" lon="18.865824">
				<ele>301.000000</ele>
			</trkpt>
			<trkpt lat="47.644979" lon="18.865833">
				<ele>301.000000</ele>
			</trkpt>
			<trkpt lat="47.644925" lon="18.865824">
				<ele>301.000000</ele>
			</trkpt>
			<trkpt lat="47.644895" lon="18.865824">
				<ele>301.000000</ele>
			</trkpt>
			<trkpt lat="47.644853" lon="18.865816">
				<ele>301.000000</ele>
			</trkpt>
			<trkpt lat="47.644810" lon="18.865816">
				<ele>301.000000</ele>
			</trkpt>
			<trkpt lat="47.644737" lon="18.865807">
				<ele>301.000000</ele>
			</trkpt>
			<trkpt lat="47.644695" lon="18.865807">
				<ele>301.000000</ele>
			</trkpt>
			<trkpt lat="47.644677" lon="18.865807">
				<ele>301.000000</ele>
			</trkpt>
			<trkpt lat="47.644653" lon="18.865807">
				<ele>301.000000</ele>
			</trkpt>
			<trkpt lat="47.644205" lon="18.865942">
				<ele>303.000000</ele>
			</trkpt>
			<trkpt lat="47.644169" lon="18.865950">
				<ele>303.000000</ele>
			</trkpt>
			<trkpt lat="47.644132" lon="18.865950">
				<ele>304.000000</ele>
			</trkpt>
			<trkpt lat="47.644059" lon="18.865950">
				<ele>304.000000</ele>
			</trkpt>
			<trkpt lat="47.644041" lon="18.865950">
				<ele>304.000000</ele>
			</trkpt>
			<trkpt lat="47.644029" lon="18.865942">
				<ele>304.000000</ele>
			</trkpt>
			<trkpt lat="47.644011" lon="18.865933">
				<ele>304.000000</ele>
			</trkpt>
			<trkpt lat="47.643981" lon="18.865923">
				<ele>304.000000</ele>
			</trkpt>
			<trkpt lat="47.643975" lon="18.865923">
				<ele>304.000000</ele>
			</trkpt>
			<trkpt lat="47.643969" lon="18.865914">
				<ele>304.000000</ele>
			</trkpt>
			<trkpt lat="47.643914" lon="18.865879">
				<ele>304.000000</ele>
			</trkpt>
			<trkpt lat="47.643890" lon="18.865852">
				<ele>304.000000</ele>
			</trkpt>
			<trkpt lat="47.643866" lon="18.865833">
				<ele>305.000000</ele>
			</trkpt>
			<trkpt lat="47.643630" lon="18.865600">
				<ele>306.000000</ele>
			</trkpt>
			<trkpt lat="47.643593" lon="18.865564">
				<ele>307.000000</ele>
			</trkpt>
			<trkpt lat="47.643551" lon="18.865537">
				<ele>307.000000</ele>
			</trkpt>
			<trkpt lat="47.643194" lon="18.865286">
				<ele>307.000000</ele>
			</trkpt>
			<trkpt lat="47.643164" lon="18.865267">
				<ele>307.000000</ele>
			</trkpt>
			<trkpt lat="47.643133" lon="18.865241">
				<ele>307.000000</ele>
			</trkpt>
			<trkpt lat="47.643109" lon="18.865223">
				<ele>308.000000</ele>
			</trkpt>
			<trkpt lat="47.643091" lon="18.865196">
				<ele>308.000000</ele>
			</trkpt>
			<trkpt lat="47.642934" lon="18.865007">
				<ele>309.000000</ele>
			</trkpt>
			<trkpt lat="47.642777" lon="18.865510">
				<ele>309.000000</ele>
			</trkpt>
			<trkpt lat="47.641893" lon="18.865313">
				<ele>319.000000</ele>
			</trkpt>
			<trkpt lat="47.641863" lon="18.865304">
				<ele>320.000000</ele>
			</trkpt>
			<trkpt lat="47.641844" lon="18.865304">
				<ele>320.000000</ele>
			</trkpt>
			<trkpt lat="47.641832" lon="18.865313">
				<ele>320.000000</ele>
			</trkpt>
			<trkpt lat="47.641820" lon="18.865313">
				<ele>321.000000</ele>
			</trkpt>
			<trkpt lat="47.641802" lon="18.865321">
				<ele>321.000000</ele>
			</trkpt>
			<trkpt lat="47.641796" lon="18.865331">
				<ele>321.000000</ele>
			</trkpt>
			<trkpt lat="47.641784" lon="18.865331">
				<ele>322.000000</ele>
			</trkpt>
			<trkpt lat="47.641663" lon="18.865321">
				<ele>326.000000</ele>
			</trkpt>
			<trkpt lat="47.641645" lon="18.865321">
				<ele>326.000000</ele>
			</trkpt>
			<trkpt lat="47.641633" lon="18.865321">
				<ele>327.000000</ele>
			</trkpt>
			<trkpt lat="47.641620" lon="18.865331">
				<ele>327.000000</ele>
			</trkpt>
			<trkpt lat="47.641608" lon="18.865331">
				<ele>327.000000</ele>
			</trkpt>
			<trkpt lat="47.641602" lon="18.865340">
				<ele>327.000000</ele>
			</trkpt>
			<trkpt lat="47.641590" lon="18.865348">
				<ele>328.000000</ele>
			</trkpt>
			<trkpt lat="47.641584" lon="18.865357">
				<ele>328.000000</ele>
			</trkpt>
			<trkpt lat="47.641578" lon="18.865367">
				<ele>328.000000</ele>
			</trkpt>
			<trkpt lat="47.641572" lon="18.865384">
				<ele>328.000000</ele>
			</trkpt>
			<trkpt lat="47.641572" lon="18.865403">
				<ele>328.000000</ele>
			</trkpt>
			<trkpt lat="47.641499" lon="18.865843">
				<ele>329.000000</ele>
			</trkpt>
			<trkpt lat="47.641397" lon="18.865833">
				<ele>335.000000</ele>
			</trkpt>
			<trkpt lat="47.641384" lon="18.865824">
				<ele>335.000000</ele>
			</trkpt>
			<trkpt lat="47.641372" lon="18.865824">
				<ele>336.000000</ele>
			</trkpt>
			<trkpt lat="47.641282" lon="18.865770">
				<ele>339.000000</ele>
			</trkpt>
			<trkpt lat="47.641257" lon="18.865762">
				<ele>339.000000</ele>
			</trkpt>
			<trkpt lat="47.641251" lon="18.865753">
				<ele>340.000000</ele>
			</trkpt>
			<trkpt lat="47.641245" lon="18.865753">
				<ele>340.000000</ele>
			</trkpt>
			<trkpt lat="47.641239" lon="18.865753">
				<ele>340.000000</ele>
			</trkpt>
			<trkpt lat="47.641227" lon="18.865762">
				<ele>340.000000</ele>
			</trkpt>
			<trkpt lat="47.641215" lon="18.865762">
				<ele>341.000000</ele>
			</trkpt>
			<trkpt lat="47.641203" lon="18.865762">
				<ele>341.000000</ele>
			</trkpt>
			<trkpt lat="47.641197" lon="18.865762">
				<ele>341.000000</ele>
			</trkpt>
			<trkpt lat="47.641185" lon="18.865762">
				<ele>341.000000</ele>
			</trkpt>
			<trkpt lat="47.640961" lon="18.865717">
				<ele>346.000000</ele>
			</trkpt>
			<trkpt lat="47.640955" lon="18.865717">
				<ele>346.000000</ele>
			</trkpt>
			<trkpt lat="47.640949" lon="18.865717">
				<ele>346.000000</ele>
			</trkpt>
			<trkpt lat="47.640912" lon="18.865690">
				<ele>347.000000</ele>
			</trkpt>
			<trkpt lat="47.640894" lon="18.865672">
				<ele>348.000000</ele>
			</trkpt>
			<trkpt lat="47.640882" lon="18.865663">
				<ele>348.000000</ele>
			</trkpt>
			<trkpt lat="47.640870" lon="18.865654">
				<ele>348.000000</ele>
			</trkpt>
			<trkpt lat="47.640834" lon="18.865600">
				<ele>349.000000</ele>
			</trkpt>
			<trkpt lat="47.640815" lon="18.865573">
				<ele>349.000000</ele>
			</trkpt>
			<trkpt lat="47.640797" lon="18.865546">
				<ele>350.000000</ele>
			</trkpt>
			<trkpt lat="47.640773" lon="18.865510">
				<ele>351.000000</ele>
			</trkpt>
			<trkpt lat="47.640755" lon="18.865493">
				<ele>351.000000</ele>
			</trkpt>
			<trkpt lat="47.640731" lon="18.865466">
				<ele>352.000000</ele>
			</trkpt>
			<trkpt lat="47.640694" lon="18.865438">
				<ele>352.000000</ele>
			</trkpt>
			<trkpt lat="47.640676" lon="18.865430">
				<ele>353.000000</ele>
			</trkpt>
			<trkpt lat="47.640664" lon="18.865420">
				<ele>353.000000</ele>
			</trkpt>
			<trkpt lat="47.640658" lon="18.865420">
				<ele>353.000000</ele>
			</trkpt>
			<trkpt lat="47.640640" lon="18.865420">
				<ele>354.000000</ele>
			</trkpt>
			<trkpt lat="47.640634" lon="18.865430">
				<ele>354.000000</ele>
			</trkpt>
			<trkpt lat="47.640622" lon="18.865430">
				<ele>354.000000</ele>
			</trkpt>
			<trkpt lat="47.640616" lon="18.865430">
				<ele>354.000000</ele>
			</trkpt>
			<trkpt lat="47.640464" lon="18.865376">
				<ele>358.000000</ele>
			</trkpt>
			<trkpt lat="47.640440" lon="18.865367">
				<ele>359.000000</ele>
			</trkpt>
			<trkpt lat="47.640422" lon="18.865357">
				<ele>359.000000</ele>
			</trkpt>
			<trkpt lat="47.640410" lon="18.865348">
				<ele>359.000000</ele>
			</trkpt>
			<trkpt lat="47.640398" lon="18.865348">
				<ele>360.000000</ele>
			</trkpt>
			<trkpt lat="47.640392" lon="18.865340">
				<ele>360.000000</ele>
			</trkpt>
			<trkpt lat="47.640380" lon="18.865331">
				<ele>360.000000</ele>
			</trkpt>
			<trkpt lat="47.640349" lon="18.865294">
				<ele>361.000000</ele>
			</trkpt>
			<trkpt lat="47.640331" lon="18.865277">
				<ele>361.000000</ele>
			</trkpt>
			<trkpt lat="47.640319" lon="18.865267">
				<ele>362.000000</ele>
			</trkpt>
			<trkpt lat="47.640289" lon="18.865250">
				<ele>362.000000</ele>
			</trkpt>
			<trkpt lat="47.640271" lon="18.865231">
				<ele>363.000000</ele>
			</trkpt>
			<trkpt lat="47.639992" lon="18.865080">
				<ele>370.000000</ele>
			</trkpt>
			<trkpt lat="47.639962" lon="18.865061">
				<ele>371.000000</ele>
			</trkpt>
			<trkpt lat="47.639805" lon="18.864998">
				<ele>377.000000</ele>
			</trkpt>
			<trkpt lat="47.639744" lon="18.864971">
				<ele>379.000000</ele>
			</trkpt>
			<trkpt lat="47.639605" lon="18.864927">
				<ele>384.000000</ele>
			</trkpt>
			<trkpt lat="47.639581" lon="18.864917">
				<ele>384.000000</ele>
			</trkpt>
			<trkpt lat="47.639563" lon="18.864908">
				<ele>385.000000</ele>
			</trkpt>
			<trkpt lat="47.639339" lon="18.864738">
				<ele>389.000000</ele>
			</trkpt>
			<trkpt lat="47.639308" lon="18.864728">
				<ele>390.000000</ele>
			</trkpt>
			<trkpt lat="47.639296" lon="18.864720">
				<ele>390.000000</ele>
			</trkpt>
			<trkpt lat="47.639284" lon="18.864720">
				<ele>390.000000</ele>
			</trkpt>
			<trkpt lat="47.639260" lon="18.864711">
				<ele>391.000000</ele>
			</trkpt>
			<trkpt lat="47.639230" lon="18.864711">
				<ele>391.000000</ele>
			</trkpt>
			<trkpt lat="47.639217" lon="18.864711">
				<ele>391.000000</ele>
			</trkpt>
			<trkpt lat="47.639199" lon="18.864711">
				<ele>392.000000</ele>
			</trkpt>
			<trkpt lat="47.639175" lon="18.864720">
				<ele>392.000000</ele>
			</trkpt>
			<trkpt lat="47.639133" lon="18.864738">
				<ele>393.000000</ele>
			</trkpt>
			<trkpt lat="47.639097" lon="18.864747">
				<ele>394.000000</ele>
			</trkpt>
			<trkpt lat="47.639060" lon="18.864747">
				<ele>394.000000</ele>
			</trkpt>
			<trkpt lat="47.639018" lon="18.864747">
				<ele>395.000000</ele>
			</trkpt>
			<trkpt lat="47.638945" lon="18.864738">
				<ele>396.000000</ele>
			</trkpt>
			<trkpt lat="47.638885" lon="18.864720">
				<ele>396.000000</ele>
			</trkpt>
			<trkpt lat="47.638848" lon="18.864711">
				<ele>396.000000</ele>
			</trkpt>
			<trkpt lat="47.638800" lon="18.864693">
				<ele>397.000000</ele>
			</trkpt>
			<trkpt lat="47.638794" lon="18.864684">
				<ele>397.000000</ele>
			</trkpt>
			<trkpt lat="47.638788" lon="18.864675">
				<ele>397.000000</ele>
			</trkpt>
			<trkpt lat="47.638770" lon="18.864665">
				<ele>397.000000</ele>
			</trkpt>
			<trkpt lat="47.638751" lon="18.864648">
				<ele>397.000000</ele>
			</trkpt>
			<trkpt lat="47.638703" lon="18.864612">
				<ele>397.000000</ele>
			</trkpt>
			<trkpt lat="47.638697" lon="18.864612">
				<ele>397.000000</ele>
			</trkpt>
			<trkpt lat="47.638685" lon="18.864604">
				<ele>397.000000</ele>
			</trkpt>
			<trkpt lat="47.638661" lon="18.864604">
				<ele>397.000000</ele>
			</trkpt>
			<trkpt lat="47.638643" lon="18.864604">
				<ele>397.000000</ele>
			</trkpt>
			<trkpt lat="47.638637" lon="18.864604">
				<ele>397.000000</ele>
			</trkpt>
			<trkpt lat="47.638624" lon="18.864604">
				<ele>397.000000</ele>
			</trkpt>
			<trkpt lat="47.638491" lon="18.864665">
				<ele>396.000000</ele>
			</trkpt>
			<trkpt lat="47.638473" lon="18.864665">
				<ele>396.000000</ele>
			</trkpt>
			<trkpt lat="47.638461" lon="18.864665">
				<ele>396.000000</ele>
			</trkpt>
			<trkpt lat="47.638455" lon="18.864665">
				<ele>396.000000</ele>
			</trkpt>
			<trkpt lat="47.638443" lon="18.864657">
				<ele>396.000000</ele>
			</trkpt>
			<trkpt lat="47.638413" lon="18.864639">
				<ele>396.000000</ele>
			</trkpt>
			<trkpt lat="47.638407" lon="18.864639">
				<ele>396.000000</ele>
			</trkpt>
			<trkpt lat="47.638400" lon="18.864639">
				<ele>396.000000</ele>
			</trkpt>
			<trkpt lat="47.638364" lon="18.864630">
				<ele>396.000000</ele>
			</trkpt>
			<trkpt lat="47.638352" lon="18.864630">
				<ele>396.000000</ele>
			</trkpt>
			<trkpt lat="47.638340" lon="18.864630">
				<ele>395.000000</ele>
			</trkpt>
			<trkpt lat="47.638322" lon="18.864630">
				<ele>395.000000</ele>
			</trkpt>
			<trkpt lat="47.638134" lon="18.864657">
				<ele>394.000000</ele>
			</trkpt>
			<trkpt lat="47.638116" lon="18.864657">
				<ele>394.000000</ele>
			</trkpt>
			<trkpt lat="47.638092" lon="18.864665">
				<ele>393.000000</ele>
			</trkpt>
			<trkpt lat="47.638025" lon="18.864693">
				<ele>393.000000</ele>
			</trkpt>
			<trkpt lat="47.638013" lon="18.864693">
				<ele>393.000000</ele>
			</trkpt>
			<trkpt lat="47.638007" lon="18.864693">
				<ele>393.000000</ele>
			</trkpt>
			<trkpt lat="47.637995" lon="18.864693">
				<ele>392.000000</ele>
			</trkpt>
			<trkpt lat="47.637989" lon="18.864693">
				<ele>392.000000</ele>
			</trkpt>
			<trkpt lat="47.637874" lon="18.864675">
				<ele>392.000000</ele>
			</trkpt>
			<trkpt lat="47.637831" lon="18.864665">
				<ele>391.000000</ele>
			</trkpt>
			<trkpt lat="47.637813" lon="18.864665">
				<ele>391.000000</ele>
			</trkpt>
			<trkpt lat="47.637559" lon="18.864657">
				<ele>389.000000</ele>
			</trkpt>
			<trkpt lat="47.637535" lon="18.864657">
				<ele>388.000000</ele>
			</trkpt>
			<trkpt lat="47.637517" lon="18.864648">
				<ele>388.000000</ele>
			</trkpt>
			<trkpt lat="47.637438" lon="18.864621">
				<ele>388.000000</ele>
			</trkpt>
			<trkpt lat="47.637432" lon="18.864621">
				<ele>388.000000</ele>
			</trkpt>
			<trkpt lat="47.637426" lon="18.864621">
				<ele>387.000000</ele>
			</trkpt>
			<trkpt lat="47.637407" lon="18.864621">
				<ele>387.000000</ele>
			</trkpt>
			<trkpt lat="47.637389" lon="18.864621">
				<ele>387.000000</ele>
			</trkpt>
			<trkpt lat="47.637377" lon="18.864630">
				<ele>387.000000</ele>
			</trkpt>
			<trkpt lat="47.637293" lon="18.864639">
				<ele>386.000000</ele>
			</trkpt>
			<trkpt lat="47.637196" lon="18.864675">
				<ele>385.000000</ele>
			</trkpt>
			<trkpt lat="47.637177" lon="18.864675">
				<ele>385.000000</ele>
			</trkpt>
			<trkpt lat="47.637165" lon="18.864675">
				<ele>385.000000</ele>
			</trkpt>
			<trkpt lat="47.637123" lon="18.864684">
				<ele>384.000000</ele>
			</trkpt>
			<trkpt lat="47.636966" lon="18.864684">
				<ele>384.000000</ele>
			</trkpt>
			<trkpt lat="47.636953" lon="18.864684">
				<ele>384.000000</ele>
			</trkpt>
			<trkpt lat="47.636941" lon="18.864684">
				<ele>384.000000</ele>
			</trkpt>
			<trkpt lat="47.636887" lon="18.864665">
				<ele>384.000000</ele>
			</trkpt>
			<trkpt lat="47.636857" lon="18.864657">
				<ele>384.000000</ele>
			</trkpt>
			<trkpt lat="47.636827" lon="18.864657">
				<ele>383.000000</ele>
			</trkpt>
			<trkpt lat="47.636790" lon="18.864648">
				<ele>383.000000</ele>
			</trkpt>
			<trkpt lat="47.636748" lon="18.864648">
				<ele>383.000000</ele>
			</trkpt>
			<trkpt lat="47.636723" lon="18.864648">
				<ele>383.000000</ele>
			</trkpt>
			<trkpt lat="47.636705" lon="18.864648">
				<ele>383.000000</ele>
			</trkpt>
			<trkpt lat="47.636687" lon="18.864648">
				<ele>383.000000</ele>
			</trkpt>
			<trkpt lat="47.636639" lon="18.864657">
				<ele>383.000000</ele>
			</trkpt>
			<trkpt lat="47.636585" lon="18.864675">
				<ele>382.000000</ele>
			</trkpt>
			<trkpt lat="47.636560" lon="18.864684">
				<ele>382.000000</ele>
			</trkpt>
			<trkpt lat="47.636542" lon="18.864693">
				<ele>382.000000</ele>
			</trkpt>
			<trkpt lat="47.636506" lon="18.864711">
				<ele>382.000000</ele>
			</trkpt>
			<trkpt lat="47.636487" lon="18.864720">
				<ele>382.000000</ele>
			</trkpt>
			<trkpt lat="47.636481" lon="18.864728">
				<ele>382.000000</ele>
			</trkpt>
			<trkpt lat="47.636397" lon="18.864755">
				<ele>381.000000</ele>
			</trkpt>
			<trkpt lat="47.636385" lon="18.864755">
				<ele>381.000000</ele>
			</trkpt>
			<trkpt lat="47.636379" lon="18.864765">
				<ele>381.000000</ele>
			</trkpt>
			<trkpt lat="47.636373" lon="18.864765">
				<ele>381.000000</ele>
			</trkpt>
			<trkpt lat="47.636191" lon="18.864954">
				<ele>380.000000</ele>
			</trkpt>
			<trkpt lat="47.636167" lon="18.864990">
				<ele>380.000000</ele>
			</trkpt>
			<trkpt lat="47.636149" lon="18.865007">
				<ele>380.000000</ele>
			</trkpt>
			<trkpt lat="47.636137" lon="18.865025">
				<ele>380.000000</ele>
			</trkpt>
			<trkpt lat="47.636131" lon="18.865044">
				<ele>380.000000</ele>
			</trkpt>
			<trkpt lat="47.636125" lon="18.865061">
				<ele>380.000000</ele>
			</trkpt>
			<trkpt lat="47.636101" lon="18.865115">
				<ele>380.000000</ele>
			</trkpt>
			<trkpt lat="47.636101" lon="18.865124">
				<ele>380.000000</ele>
			</trkpt>
			<trkpt lat="47.636094" lon="18.865124">
				<ele>380.000000</ele>
			</trkpt>
			<trkpt lat="47.636088" lon="18.865133">
				<ele>380.000000</ele>
			</trkpt>
			<trkpt lat="47.636082" lon="18.865141">
				<ele>380.000000</ele>
			</trkpt>
			<trkpt lat="47.636076" lon="18.865141">
				<ele>380.000000</ele>
			</trkpt>
			<trkpt lat="47.636009" lon="18.865160">
				<ele>379.000000</ele>
			</trkpt>
			<trkpt lat="47.635991" lon="18.865160">
				<ele>379.000000</ele>
			</trkpt>
			<trkpt lat="47.635973" lon="18.865160">
				<ele>379.000000</ele>
			</trkpt>
			<trkpt lat="47.635949" lon="18.865160">
				<ele>379.000000</ele>
			</trkpt>
			<trkpt lat="47.635943" lon="18.865160">
				<ele>379.000000</ele>
			</trkpt>
			<trkpt lat="47.635937" lon="18.865160">
				<ele>378.000000</ele>
			</trkpt>
			<trkpt lat="47.635931" lon="18.865160">
				<ele>378.000000</ele>
			</trkpt>
			<trkpt lat="47.635925" lon="18.865160">
				<ele>378.000000</ele>
			</trkpt>
			<trkpt lat="47.635919" lon="18.865151">
				<ele>378.000000</ele>
			</trkpt>
			<trkpt lat="47.635907" lon="18.865141">
				<ele>378.000000</ele>
			</trkpt>
			<trkpt lat="47.635895" lon="18.865133">
				<ele>378.000000</ele>
			</trkpt>
			<trkpt lat="47.635889" lon="18.865124">
				<ele>378.000000</ele>
			</trkpt>
			<trkpt lat="47.635883" lon="18.865115">
				<ele>378.000000</ele>
			</trkpt>
			<trkpt lat="47.635877" lon="18.865107">
				<ele>378.000000</ele>
			</trkpt>
			<trkpt lat="47.635858" lon="18.865080">
				<ele>378.000000</ele>
			</trkpt>
			<trkpt lat="47.635846" lon="18.865061">
				<ele>378.000000</ele>
			</trkpt>
			<trkpt lat="47.635840" lon="18.865034">
				<ele>378.000000</ele>
			</trkpt>
			<trkpt lat="47.635828" lon="18.865017">
				<ele>378.000000</ele>
			</trkpt>
			<trkpt lat="47.635828" lon="18.864998">
				<ele>378.000000</ele>
			</trkpt>
			<trkpt lat="47.635822" lon="18.864980">
				<ele>378.000000</ele>
			</trkpt>
			<trkpt lat="47.635785" lon="18.864927">
				<ele>377.000000</ele>
			</trkpt>
			<trkpt lat="47.635737" lon="18.864845">
				<ele>377.000000</ele>
			</trkpt>
			<trkpt lat="47.635719" lon="18.864818">
				<ele>377.000000</ele>
			</trkpt>
			<trkpt lat="47.635634" lon="18.864711">
				<ele>377.000000</ele>
			</trkpt>
			<trkpt lat="47.635598" lon="18.864648">
				<ele>377.000000</ele>
			</trkpt>
			<trkpt lat="47.635579" lon="18.864612">
				<ele>377.000000</ele>
			</trkpt>
			<trkpt lat="47.635567" lon="18.864585">
				<ele>377.000000</ele>
			</trkpt>
			<trkpt lat="47.635555" lon="18.864558">
				<ele>377.000000</ele>
			</trkpt>
			<trkpt lat="47.635519" lon="18.864432">
				<ele>378.000000</ele>
			</trkpt>
			<trkpt lat="47.635507" lon="18.864415">
				<ele>378.000000</ele>
			</trkpt>
			<trkpt lat="47.635495" lon="18.864388">
				<ele>378.000000</ele>
			</trkpt>
			<trkpt lat="47.635483" lon="18.864352">
				<ele>378.000000</ele>
			</trkpt>
			<trkpt lat="47.635459" lon="18.864315">
				<ele>379.000000</ele>
			</trkpt>
			<trkpt lat="47.635398" lon="18.864208">
				<ele>380.000000</ele>
			</trkpt>
			<trkpt lat="47.635319" lon="18.864082">
				<ele>380.000000</ele>
			</trkpt>
			<trkpt lat="47.635289" lon="18.864046">
				<ele>380.000000</ele>
			</trkpt>
			<trkpt lat="47.635265" lon="18.864019">
				<ele>380.000000</ele>
			</trkpt>
			<trkpt lat="47.635241" lon="18.863992">
				<ele>379.000000</ele>
			</trkpt>
			<trkpt lat="47.635211" lon="18.863956">
				<ele>379.000000</ele>
			</trkpt>
			<trkpt lat="47.635193" lon="18.863938">
				<ele>379.000000</ele>
			</trkpt>
			<trkpt lat="47.635174" lon="18.863929">
				<ele>379.000000</ele>
			</trkpt>
			<trkpt lat="47.635162" lon="18.863920">
				<ele>379.000000</ele>
			</trkpt>
			<trkpt lat="47.635144" lon="18.863912">
				<ele>379.000000</ele>
			</trkpt>
			<trkpt lat="47.635126" lon="18.863902">
				<ele>379.000000</ele>
			</trkpt>
			<trkpt lat="47.635101" lon="18.863893">
				<ele>378.000000</ele>
			</trkpt>
			<trkpt lat="47.635077" lon="18.863893">
				<ele>378.000000</ele>
			</trkpt>
			<trkpt lat="47.635047" lon="18.863885">
				<ele>377.000000</ele>
			</trkpt>
			<trkpt lat="47.635029" lon="18.863875">
				<ele>377.000000</ele>
			</trkpt>
			<trkpt lat="47.635011" lon="18.863875">
				<ele>377.000000</ele>
			</trkpt>
			<trkpt lat="47.634993" lon="18.863858">
				<ele>377.000000</ele>
			</trkpt>
			<trkpt lat="47.634908" lon="18.863795">
				<ele>376.000000</ele>
			</trkpt>
			<trkpt lat="47.634889" lon="18.863786">
				<ele>375.000000</ele>
			</trkpt>
			<trkpt lat="47.634865" lon="18.863759">
				<ele>375.000000</ele>
			</trkpt>
			<trkpt lat="47.634841" lon="18.863740">
				<ele>375.000000</ele>
			</trkpt>
			<trkpt lat="47.634805" lon="18.863723">
				<ele>374.000000</ele>
			</trkpt>
			<trkpt lat="47.634781" lon="18.863713">
				<ele>373.000000</ele>
			</trkpt>
			<trkpt lat="47.634769" lon="18.863705">
				<ele>373.000000</ele>
			</trkpt>
			<trkpt lat="47.634751" lon="18.863705">
				<ele>373.000000</ele>
			</trkpt>
			<trkpt lat="47.634726" lon="18.863713">
				<ele>372.000000</ele>
			</trkpt>
			<trkpt lat="47.634714" lon="18.863713">
				<ele>372.000000</ele>
			</trkpt>
			<trkpt lat="47.634702" lon="18.863723">
				<ele>372.000000</ele>
			</trkpt>
			<trkpt lat="47.634690" lon="18.863740">
				<ele>372.000000</ele>
			</trkpt>
			<trkpt lat="47.634672" lon="18.863749">
				<ele>372.000000</ele>
			</trkpt>
			<trkpt lat="47.634659" lon="18.863768">
				<ele>372.000000</ele>
			</trkpt>
			<trkpt lat="47.634641" lon="18.863795">
				<ele>372.000000</ele>
			</trkpt>
			<trkpt lat="47.634527" lon="18.863975">
				<ele>373.000000</ele>
			</trkpt>
			<trkpt lat="47.634466" lon="18.864082">
				<ele>373.000000</ele>
			</trkpt>
			<trkpt lat="47.634448" lon="18.864128">
				<ele>373.000000</ele>
			</trkpt>
			<trkpt lat="47.634436" lon="18.864162">
				<ele>373.000000</ele>
			</trkpt>
			<trkpt lat="47.634417" lon="18.864208">
				<ele>373.000000</ele>
			</trkpt>
			<trkpt lat="47.634399" lon="18.864225">
				<ele>373.000000</ele>
			</trkpt>
			<trkpt lat="47.634375" lon="18.864252">
				<ele>373.000000</ele>
			</trkpt>
			<trkpt lat="47.634351" lon="18.864279">
				<ele>374.000000</ele>
			</trkpt>
			<trkpt lat="47.634260" lon="18.864352">
				<ele>374.000000</ele>
			</trkpt>
			<trkpt lat="47.634181" lon="18.864396">
				<ele>375.000000</ele>
			</trkpt>
			<trkpt lat="47.633231" lon="18.864944">
				<ele>375.000000</ele>
			</trkpt>
			<trkpt lat="47.633007" lon="18.865070">
				<ele>373.000000</ele>
			</trkpt>
			<trkpt lat="47.632976" lon="18.865080">
				<ele>373.000000</ele>
			</trkpt>
			<trkpt lat="47.632946" lon="18.865088">
				<ele>372.000000</ele>
			</trkpt>
			<trkpt lat="47.632904" lon="18.865097">
				<ele>372.000000</ele>
			</trkpt>
			<trkpt lat="47.632856" lon="18.865107">
				<ele>372.000000</ele>
			</trkpt>
			<trkpt lat="47.632813" lon="18.865115">
				<ele>371.000000</ele>
			</trkpt>
			<trkpt lat="47.632740" lon="18.865160">
				<ele>370.000000</ele>
			</trkpt>
			<trkpt lat="47.632632" lon="18.865214">
				<ele>369.000000</ele>
			</trkpt>
			<trkpt lat="47.632577" lon="18.865241">
				<ele>368.000000</ele>
			</trkpt>
			<trkpt lat="47.632522" lon="18.865277">
				<ele>367.000000</ele>
			</trkpt>
			<trkpt lat="47.632384" lon="18.865367">
				<ele>365.000000</ele>
			</trkpt>
			<trkpt lat="47.632268" lon="18.865457">
				<ele>364.000000</ele>
			</trkpt>
			<trkpt lat="47.632226" lon="18.865483">
				<ele>364.000000</ele>
			</trkpt>
			<trkpt lat="47.632178" lon="18.865510">
				<ele>364.000000</ele>
			</trkpt>
			<trkpt lat="47.632117" lon="18.865528">
				<ele>364.000000</ele>
			</trkpt>
			<trkpt lat="47.632038" lon="18.865537">
				<ele>366.000000</ele>
			</trkpt>
			<trkpt lat="47.631990" lon="18.865556">
				<ele>367.000000</ele>
			</trkpt>
			<trkpt lat="47.631960" lon="18.865564">
				<ele>367.000000</ele>
			</trkpt>
			<trkpt lat="47.631918" lon="18.865591">
				<ele>367.000000</ele>
			</trkpt>
			<trkpt lat="47.631590" lon="18.865860">
				<ele>366.000000</ele>
			</trkpt>
			<trkpt lat="47.631458" lon="18.865969">
				<ele>367.000000</ele>
			</trkpt>
			<trkpt lat="47.631397" lon="18.866023">
				<ele>367.000000</ele>
			</trkpt>
			<trkpt lat="47.631342" lon="18.866059">
				<ele>367.000000</ele>
			</trkpt>
			<trkpt lat="47.631312" lon="18.866076">
				<ele>367.000000</ele>
			</trkpt>
			<trkpt lat="47.631306" lon="18.866076">
				<ele>367.000000</ele>
			</trkpt>
			<trkpt lat="47.631300" lon="18.866076">
				<ele>367.000000</ele>
			</trkpt>
			<trkpt lat="47.631288" lon="18.866067">
				<ele>367.000000</ele>
			</trkpt>
			<trkpt lat="47.631282" lon="18.866067">
				<ele>367.000000</ele>
			</trkpt>
			<trkpt lat="47.631276" lon="18.866067">
				<ele>367.000000</ele>
			</trkpt>
			<trkpt lat="47.631258" lon="18.866049">
				<ele>368.000000</ele>
			</trkpt>
			<trkpt lat="47.631258" lon="18.866049">
				<ele>368.000000</ele>
			</trkpt>
			<trkpt lat="47.631276" lon="18.866067">
				<ele>367.000000</ele>
			</trkpt>
			<trkpt lat="47.631282" lon="18.866067">
				<ele>367.000000</ele>
			</trkpt>
			<trkpt lat="47.631288" lon="18.866067">
				<ele>367.000000</ele>
			</trkpt>
			<trkpt lat="47.631300" lon="18.866076">
				<ele>367.000000</ele>
			</trkpt>
			<trkpt lat="47.631306" lon="18.866076">
				<ele>367.000000</ele>
			</trkpt>
			<trkpt lat="47.631312" lon="18.866076">
				<ele>367.000000</ele>
			</trkpt>
			<trkpt lat="47.631342" lon="18.866059">
				<ele>367.000000</ele>
			</trkpt>
			<trkpt lat="47.631397" lon="18.866023">
				<ele>367.000000</ele>
			</trkpt>
			<trkpt lat="47.631458" lon="18.865969">
				<ele>367.000000</ele>
			</trkpt>
			<trkpt lat="47.631590" lon="18.865860">
				<ele>366.000000</ele>
			</trkpt>
			<trkpt lat="47.631918" lon="18.865591">
				<ele>367.000000</ele>
			</trkpt>
			<trkpt lat="47.631960" lon="18.865564">
				<ele>367.000000</ele>
			</trkpt>
			<trkpt lat="47.631990" lon="18.865556">
				<ele>367.000000</ele>
			</trkpt>
			<trkpt lat="47.632038" lon="18.865537">
				<ele>366.000000</ele>
			</trkpt>
			<trkpt lat="47.632117" lon="18.865528">
				<ele>364.000000</ele>
			</trkpt>
			<trkpt lat="47.632178" lon="18.865510">
				<ele>364.000000</ele>
			</trkpt>
			<trkpt lat="47.632226" lon="18.865483">
				<ele>364.000000</ele>
			</trkpt>
			<trkpt lat="47.632268" lon="18.865457">
				<ele>364.000000</ele>
			</trkpt>
			<trkpt lat="47.632384" lon="18.865367">
				<ele>365.000000</ele>
			</trkpt>
			<trkpt lat="47.632522" lon="18.865277">
				<ele>367.000000</ele>
			</trkpt>
			<trkpt lat="47.632577" lon="18.865241">
				<ele>368.000000</ele>
			</trkpt>
			<trkpt lat="47.632632" lon="18.865214">
				<ele>369.000000</ele>
			</trkpt>
			<trkpt lat="47.632740" lon="18.865160">
				<ele>370.000000</ele>
			</trkpt>
			<trkpt lat="47.632716" lon="18.865052">
				<ele>370.000000</ele>
			</trkpt>
			<trkpt lat="47.632498" lon="18.864872">
				<ele>368.000000</ele>
			</trkpt>
			<trkpt lat="47.632220" lon="18.864441">
				<ele>364.000000</ele>
			</trkpt>
			<trkpt lat="47.632136" lon="18.863875">
				<ele>360.000000</ele>
			</trkpt>
			<trkpt lat="47.632142" lon="18.863686">
				<ele>359.000000</ele>
			</trkpt>
			<trkpt lat="47.632008" lon="18.863166">
				<ele>357.000000</ele>
			</trkpt>
			<trkpt lat="47.631978" lon="18.862663">
				<ele>355.000000</ele>
			</trkpt>
			<trkpt lat="47.632172" lon="18.862258">
				<ele>352.000000</ele>
			</trkpt>
			<trkpt lat="47.632396" lon="18.862007">
				<ele>350.000000</ele>
			</trkpt>
			<trkpt lat="47.632547" lon="18.861665">
				<ele>348.000000</ele>
			</trkpt>
			<trkpt lat="47.632813" lon="18.861414">
				<ele>345.000000</ele>
			</trkpt>
			<trkpt lat="47.632958" lon="18.861243">
				<ele>345.000000</ele>
			</trkpt>
			<trkpt lat="47.633068" lon="18.861055">
				<ele>344.000000</ele>
			</trkpt>
			<trkpt lat="47.633152" lon="18.860740">
				<ele>343.000000</ele>
			</trkpt>
			<trkpt lat="47.633467" lon="18.860480">
				<ele>339.000000</ele>
			</trkpt>
			<trkpt lat="47.633576" lon="18.860237">
				<ele>338.000000</ele>
			</trkpt>
			<trkpt lat="47.633752" lon="18.859752">
				<ele>334.000000</ele>
			</trkpt>
			<trkpt lat="47.633842" lon="18.859186">
				<ele>329.000000</ele>
			</trkpt>
			<trkpt lat="47.633842" lon="18.858503">
				<ele>327.000000</ele>
			</trkpt>
			<trkpt lat="47.634000" lon="18.858135">
				<ele>323.000000</ele>
			</trkpt>
			<trkpt lat="47.634206" lon="18.857606">
				<ele>318.000000</ele>
			</trkpt>
			<trkpt lat="47.634290" lon="18.857147">
				<ele>313.000000</ele>
			</trkpt>
			<trkpt lat="47.634278" lon="18.856715">
				<ele>309.000000</ele>
			</trkpt>
			<trkpt lat="47.634502" lon="18.855818">
				<ele>297.000000</ele>
			</trkpt>
			<trkpt lat="47.634775" lon="18.855683">
				<ele>293.000000</ele>
			</trkpt>
			<trkpt lat="47.635119" lon="18.855117">
				<ele>286.000000</ele>
			</trkpt>
			<trkpt lat="47.635283" lon="18.855027">
				<ele>282.000000</ele>
			</trkpt>
			<trkpt lat="47.635441" lon="18.854811">
				<ele>278.000000</ele>
			</trkpt>
			<trkpt lat="47.635501" lon="18.854730">
				<ele>276.000000</ele>
			</trkpt>
			<trkpt lat="47.635949" lon="18.854092">
				<ele>268.000000</ele>
			</trkpt>
			<trkpt lat="47.635828" lon="18.853824">
				<ele>274.000000</ele>
			</trkpt>
			<trkpt lat="47.636391" lon="18.852629">
				<ele>265.000000</ele>
			</trkpt>
			<trkpt lat="47.636627" lon="18.851811">
				<ele>263.000000</ele>
			</trkpt>
			<trkpt lat="47.636754" lon="18.851398">
				<ele>257.000000</ele>
			</trkpt>
			<trkpt lat="47.636766" lon="18.851344">
				<ele>256.000000</ele>
			</trkpt>
			<trkpt lat="47.636772" lon="18.851317">
				<ele>256.000000</ele>
			</trkpt>
			<trkpt lat="47.636469" lon="18.850868">
				<ele>255.000000</ele>
			</trkpt>
			<trkpt lat="47.636343" lon="18.850670">
				<ele>252.000000</ele>
			</trkpt>
			<trkpt lat="47.636809" lon="18.850222">
				<ele>249.000000</ele>
			</trkpt>
			<trkpt lat="47.637020" lon="18.849996">
				<ele>248.000000</ele>
			</trkpt>
			<trkpt lat="47.637147" lon="18.849889">
				<ele>248.000000</ele>
			</trkpt>
			<trkpt lat="47.637208" lon="18.849817">
				<ele>248.000000</ele>
			</trkpt>
			<trkpt lat="47.637281" lon="18.849691">
				<ele>248.000000</ele>
			</trkpt>
			<trkpt lat="47.637389" lon="18.849467">
				<ele>248.000000</ele>
			</trkpt>
			<trkpt lat="47.637444" lon="18.849323">
				<ele>247.000000</ele>
			</trkpt>
			<trkpt lat="47.637505" lon="18.849188">
				<ele>247.000000</ele>
			</trkpt>
			<trkpt lat="47.637613" lon="18.848901">
				<ele>247.000000</ele>
			</trkpt>
			<trkpt lat="47.637717" lon="18.848675">
				<ele>246.000000</ele>
			</trkpt>
			<trkpt lat="47.637759" lon="18.848551">
				<ele>246.000000</ele>
			</trkpt>
			<trkpt lat="47.637789" lon="18.848415">
				<ele>246.000000</ele>
			</trkpt>
			<trkpt lat="47.637831" lon="18.848119">
				<ele>246.000000</ele>
			</trkpt>
			<trkpt lat="47.637862" lon="18.847679">
				<ele>247.000000</ele>
			</trkpt>
			<trkpt lat="47.637862" lon="18.847302">
				<ele>247.000000</ele>
			</trkpt>
			<trkpt lat="47.637855" lon="18.847167">
				<ele>247.000000</ele>
			</trkpt>
			<trkpt lat="47.637849" lon="18.847067">
				<ele>247.000000</ele>
			</trkpt>
			<trkpt lat="47.637831" lon="18.846826">
				<ele>247.000000</ele>
			</trkpt>
			<trkpt lat="47.637777" lon="18.846664">
				<ele>247.000000</ele>
			</trkpt>
			<trkpt lat="47.637735" lon="18.846404">
				<ele>248.000000</ele>
			</trkpt>
		</trkseg>
	</trk>
</gpx>

