<?xml version="1.0" encoding="utf-8" standalone="yes"?>

<gpx version="1.1" creator="heyjoe.hu" xmlns="http://www.topografix.com/GPX/1/1" xmlns:xsi="http://www.w3.org/2001/XMLSchema-instance" xsi:schemaLocation="http://www.topografix.com/GPX/1/1 http://www.topografix.com/GPX/1/1/gpx.xsd">
<trk>
<trkseg>
<trkpt lat="47.82364" lon="19.03153" />
<trkpt lat="47.82364" lon="19.03167" />
<trkpt lat="47.82366" lon="19.03195" />
<trkpt lat="47.82373" lon="19.03216" />
<trkpt lat="47.82379" lon="19.03233" />
<trkpt lat="47.82382" lon="19.03256" />
<trkpt lat="47.82384" lon="19.03298" />
<trkpt lat="47.82389" lon="19.03317" />
<trkpt lat="47.82405" lon="19.03502" />
<trkpt lat="47.82401" lon="19.03503" />
<trkpt lat="47.82402" lon="19.03523" />
<trkpt lat="47.82405" lon="19.03636" />
<trkpt lat="47.82405" lon="19.03709" />
<trkpt lat="47.82408" lon="19.03709" />
<trkpt lat="47.82414" lon="19.03709" />
<trkpt lat="47.82421" lon="19.03709" />
<trkpt lat="47.8243" lon="19.03709" />
<trkpt lat="47.82445" lon="19.03709" />
<trkpt lat="47.8245" lon="19.0371" />
<trkpt lat="47.82574" lon="19.03748" />
<trkpt lat="47.82572" lon="19.03774" />
<trkpt lat="47.82571" lon="19.03824" />
<trkpt lat="47.82575" lon="19.03868" />
<trkpt lat="47.82586" lon="19.03932" />
<trkpt lat="47.826" lon="19.03987" />
<trkpt lat="47.8262" lon="19.04051" />
<trkpt lat="47.82636" lon="19.04116" />
<trkpt lat="47.82646" lon="19.04179" />
<trkpt lat="47.82649" lon="19.04224" />
<trkpt lat="47.82646" lon="19.04289" />
<trkpt lat="47.82649" lon="19.04301" />
<trkpt lat="47.82663" lon="19.0432" />
<trkpt lat="47.82672" lon="19.04331" />
<trkpt lat="47.82675" lon="19.04342" />
<trkpt lat="47.82674" lon="19.04355" />
<trkpt lat="47.82658" lon="19.04383" />
<trkpt lat="47.82655" lon="19.04396" />
<trkpt lat="47.82653" lon="19.04426" />
<trkpt lat="47.82657" lon="19.04465" />
<trkpt lat="47.82669" lon="19.04548" />
<trkpt lat="47.82674" lon="19.04605" />
<trkpt lat="47.82678" lon="19.04668" />
<trkpt lat="47.8268" lon="19.04696" />
<trkpt lat="47.82682" lon="19.04829" />
<trkpt lat="47.82682" lon="19.04867" />
<trkpt lat="47.82673" lon="19.05001" />
<trkpt lat="47.82663" lon="19.05177" />
<trkpt lat="47.82659" lon="19.05309" />
<trkpt lat="47.82655" lon="19.05334" />
<trkpt lat="47.82635" lon="19.05394" />
<trkpt lat="47.82629" lon="19.05424" />
<trkpt lat="47.82623" lon="19.05464" />
<trkpt lat="47.82603" lon="19.05528" />
<trkpt lat="47.82587" lon="19.05586" />
<trkpt lat="47.82571" lon="19.05664" />
<trkpt lat="47.82571" lon="19.05697" />
<trkpt lat="47.8257" lon="19.05727" />
<trkpt lat="47.82565" lon="19.05779" />
<trkpt lat="47.82564" lon="19.05847" />
<trkpt lat="47.82559" lon="19.05938" />
<trkpt lat="47.82558" lon="19.0597" />
<trkpt lat="47.8255" lon="19.06035" />
<trkpt lat="47.82545" lon="19.06086" />
<trkpt lat="47.8254" lon="19.06138" />
<trkpt lat="47.82531" lon="19.06185" />
<trkpt lat="47.82511" lon="19.06241" />
<trkpt lat="47.82488" lon="19.06304" />
<trkpt lat="47.82479" lon="19.06316" />
<trkpt lat="47.82466" lon="19.06323" />
<trkpt lat="47.82387" lon="19.06344" />
<trkpt lat="47.82345" lon="19.06352" />
<trkpt lat="47.82331" lon="19.06362" />
<trkpt lat="47.82325" lon="19.06373" />
<trkpt lat="47.82318" lon="19.06425" />
<trkpt lat="47.82318" lon="19.06455" />
<trkpt lat="47.82322" lon="19.06472" />
<trkpt lat="47.82331" lon="19.065" />
<trkpt lat="47.82335" lon="19.06551" />
<trkpt lat="47.82335" lon="19.06588" />
<trkpt lat="47.82333" lon="19.06625" />
<trkpt lat="47.82322" lon="19.06694" />
<trkpt lat="47.82317" lon="19.06733" />
<trkpt lat="47.82309" lon="19.06804" />
<trkpt lat="47.82299" lon="19.06875" />
<trkpt lat="47.823" lon="19.06889" />
<trkpt lat="47.82306" lon="19.06897" />
<trkpt lat="47.82322" lon="19.06909" />
<trkpt lat="47.82325" lon="19.06919" />
<trkpt lat="47.82322" lon="19.07036" />
<trkpt lat="47.82319" lon="19.07054" />
<trkpt lat="47.82294" lon="19.07119" />
<trkpt lat="47.82295" lon="19.07127" />
<trkpt lat="47.82326" lon="19.07154" />
<trkpt lat="47.8238" lon="19.07195" />
<trkpt lat="47.82409" lon="19.07208" />
<trkpt lat="47.82422" lon="19.07226" />
<trkpt lat="47.82427" lon="19.07248" />
<trkpt lat="47.82424" lon="19.07283" />
<trkpt lat="47.82417" lon="19.07303" />
<trkpt lat="47.82407" lon="19.07317" />
<trkpt lat="47.82384" lon="19.07338" />
<trkpt lat="47.82351" lon="19.07363" />
<trkpt lat="47.82342" lon="19.07381" />
<trkpt lat="47.8234" lon="19.07397" />
<trkpt lat="47.82331" lon="19.07452" />
<trkpt lat="47.8233" lon="19.07475" />
<trkpt lat="47.82336" lon="19.07491" />
<trkpt lat="47.82381" lon="19.07568" />
<trkpt lat="47.82394" lon="19.07594" />
<trkpt lat="47.824" lon="19.07599" />
<trkpt lat="47.82403" lon="19.07599" />
<trkpt lat="47.82406" lon="19.07599" />
<trkpt lat="47.82416" lon="19.07598" />
<trkpt lat="47.82419" lon="19.07598" />
<trkpt lat="47.82424" lon="19.07598" />
<trkpt lat="47.82434" lon="19.076" />
<trkpt lat="47.82437" lon="19.076" />
<trkpt lat="47.8244" lon="19.07599" />
<trkpt lat="47.82453" lon="19.07596" />
<trkpt lat="47.82457" lon="19.07596" />
<trkpt lat="47.8246" lon="19.07596" />
<trkpt lat="47.82476" lon="19.07605" />
<trkpt lat="47.82491" lon="19.0762" />
<trkpt lat="47.82507" lon="19.07645" />
<trkpt lat="47.8252" lon="19.07665" />
<trkpt lat="47.82564" lon="19.07698" />
<trkpt lat="47.82578" lon="19.07718" />
<trkpt lat="47.82584" lon="19.07736" />
<trkpt lat="47.82589" lon="19.07767" />
<trkpt lat="47.8259" lon="19.07805" />
<trkpt lat="47.8259" lon="19.07852" />
<trkpt lat="47.82608" lon="19.07964" />
<trkpt lat="47.8261" lon="19.07993" />
<trkpt lat="47.82609" lon="19.08027" />
<trkpt lat="47.82618" lon="19.08089" />
<trkpt lat="47.82625" lon="19.08103" />
<trkpt lat="47.82631" lon="19.08114" />
<trkpt lat="47.82646" lon="19.08153" />
<trkpt lat="47.82655" lon="19.08177" />
<trkpt lat="47.82657" lon="19.08199" />
<trkpt lat="47.82662" lon="19.08214" />
<trkpt lat="47.82658" lon="19.08244" />
<trkpt lat="47.82658" lon="19.08263" />
<trkpt lat="47.82647" lon="19.08291" />
<trkpt lat="47.8263" lon="19.08311" />
<trkpt lat="47.82622" lon="19.08324" />
<trkpt lat="47.82619" lon="19.08332" />
<trkpt lat="47.82622" lon="19.0834" />
<trkpt lat="47.82643" lon="19.08393" />
<trkpt lat="47.82656" lon="19.08422" />
<trkpt lat="47.82672" lon="19.08443" />
<trkpt lat="47.82693" lon="19.08471" />
<trkpt lat="47.82694" lon="19.08467" />
<trkpt lat="47.82702" lon="19.08454" />
<trkpt lat="47.8271" lon="19.08431" />
<trkpt lat="47.82709" lon="19.08406" />
<trkpt lat="47.82707" lon="19.0839" />
<trkpt lat="47.82698" lon="19.08375" />
<trkpt lat="47.82711" lon="19.08342" />
<trkpt lat="47.82721" lon="19.08328" />
<trkpt lat="47.82734" lon="19.08317" />
<trkpt lat="47.82767" lon="19.083" />
<trkpt lat="47.82768" lon="19.083" />
<trkpt lat="47.8277" lon="19.083" />
<trkpt lat="47.82777" lon="19.08306" />
<trkpt lat="47.82785" lon="19.08311" />
<trkpt lat="47.82803" lon="19.08317" />
<trkpt lat="47.82804" lon="19.08317" />
<trkpt lat="47.82805" lon="19.08317" />
<trkpt lat="47.82809" lon="19.08317" />
<trkpt lat="47.8281" lon="19.08316" />
<trkpt lat="47.82812" lon="19.08316" />
<trkpt lat="47.82819" lon="19.08321" />
<trkpt lat="47.82834" lon="19.0834" />
<trkpt lat="47.82846" lon="19.08346" />
<trkpt lat="47.82848" lon="19.08346" />
<trkpt lat="47.82849" lon="19.08345" />
<trkpt lat="47.82858" lon="19.08339" />
<trkpt lat="47.82865" lon="19.08327" />
<trkpt lat="47.82868" lon="19.08318" />
<trkpt lat="47.8289" lon="19.0829" />
<trkpt lat="47.82894" lon="19.08287" />
<trkpt lat="47.82895" lon="19.08287" />
<trkpt lat="47.82907" lon="19.08297" />
<trkpt lat="47.82934" lon="19.0833" />
<trkpt lat="47.82958" lon="19.08343" />
<trkpt lat="47.82963" lon="19.08344" />
<trkpt lat="47.82969" lon="19.08344" />
<trkpt lat="47.8299" lon="19.0835" />
<trkpt lat="47.82992" lon="19.0835" />
<trkpt lat="47.82994" lon="19.0835" />
<trkpt lat="47.83011" lon="19.08342" />
<trkpt lat="47.8302" lon="19.08334" />
<trkpt lat="47.83031" lon="19.08323" />
<trkpt lat="47.83045" lon="19.08316" />
<trkpt lat="47.83046" lon="19.08316" />
<trkpt lat="47.83047" lon="19.08316" />
<trkpt lat="47.83063" lon="19.08322" />
<trkpt lat="47.83072" lon="19.08326" />
<trkpt lat="47.83072" lon="19.08326" />
<trkpt lat="47.83073" lon="19.08326" />
<trkpt lat="47.83075" lon="19.08321" />
<trkpt lat="47.83078" lon="19.08313" />
<trkpt lat="47.83086" lon="19.08304" />
<trkpt lat="47.83088" lon="19.08304" />
<trkpt lat="47.83089" lon="19.08304" />
<trkpt lat="47.8309" lon="19.08304" />
<trkpt lat="47.83098" lon="19.08306" />
<trkpt lat="47.83112" lon="19.08318" />
<trkpt lat="47.83131" lon="19.08325" />
<trkpt lat="47.83158" lon="19.08351" />
<trkpt lat="47.83182" lon="19.08376" />
<trkpt lat="47.83197" lon="19.08384" />
<trkpt lat="47.83201" lon="19.08396" />
<trkpt lat="47.83203" lon="19.08397" />
<trkpt lat="47.83205" lon="19.08397" />
<trkpt lat="47.83207" lon="19.08397" />
<trkpt lat="47.83209" lon="19.08396" />
<trkpt lat="47.83211" lon="19.08396" />
<trkpt lat="47.83212" lon="19.08396" />
<trkpt lat="47.83216" lon="19.08397" />
<trkpt lat="47.83217" lon="19.08397" />
<trkpt lat="47.83226" lon="19.08393" />
<trkpt lat="47.83235" lon="19.08375" />
<trkpt lat="47.83242" lon="19.08363" />
<trkpt lat="47.8325" lon="19.08358" />
<trkpt lat="47.8326" lon="19.08351" />
<trkpt lat="47.83261" lon="19.08352" />
<trkpt lat="47.8327" lon="19.08359" />
<trkpt lat="47.83277" lon="19.08366" />
<trkpt lat="47.83278" lon="19.08367" />
<trkpt lat="47.83279" lon="19.08367" />
<trkpt lat="47.83281" lon="19.08367" />
<trkpt lat="47.83282" lon="19.08367" />
<trkpt lat="47.83283" lon="19.08367" />
<trkpt lat="47.83288" lon="19.08375" />
<trkpt lat="47.83292" lon="19.08397" />
<trkpt lat="47.83293" lon="19.0841" />
<trkpt lat="47.83301" lon="19.08419" />
<trkpt lat="47.83315" lon="19.08429" />
<trkpt lat="47.83316" lon="19.08429" />
<trkpt lat="47.83317" lon="19.08429" />
<trkpt lat="47.83319" lon="19.08429" />
<trkpt lat="47.83322" lon="19.08429" />
<trkpt lat="47.83323" lon="19.0843" />
<trkpt lat="47.83323" lon="19.0843" />
<trkpt lat="47.83324" lon="19.08429" />
<trkpt lat="47.83329" lon="19.08428" />
<trkpt lat="47.8333" lon="19.08428" />
<trkpt lat="47.83338" lon="19.08431" />
<trkpt lat="47.83339" lon="19.08431" />
<trkpt lat="47.8334" lon="19.08431" />
<trkpt lat="47.8335" lon="19.0843" />
<trkpt lat="47.83351" lon="19.08429" />
<trkpt lat="47.83352" lon="19.0843" />
<trkpt lat="47.83357" lon="19.08435" />
<trkpt lat="47.83359" lon="19.08438" />
<trkpt lat="47.83359" lon="19.08438" />
<trkpt lat="47.83363" lon="19.08436" />
<trkpt lat="47.83364" lon="19.08436" />
<trkpt lat="47.83373" lon="19.08438" />
<trkpt lat="47.83377" lon="19.08447" />
<trkpt lat="47.83392" lon="19.08497" />
<trkpt lat="47.83397" lon="19.08504" />
<trkpt lat="47.83422" lon="19.08532" />
<trkpt lat="47.83436" lon="19.08551" />
<trkpt lat="47.83464" lon="19.08567" />
<trkpt lat="47.83466" lon="19.08567" />
<trkpt lat="47.83478" lon="19.08562" />
<trkpt lat="47.83495" lon="19.08544" />
<trkpt lat="47.83498" lon="19.08542" />
<trkpt lat="47.835" lon="19.08542" />
<trkpt lat="47.83503" lon="19.08542" />
<trkpt lat="47.83506" lon="19.08542" />
<trkpt lat="47.83508" lon="19.08542" />
<trkpt lat="47.8351" lon="19.08542" />
<trkpt lat="47.83512" lon="19.08542" />
<trkpt lat="47.83513" lon="19.08542" />
<trkpt lat="47.83524" lon="19.08549" />
<trkpt lat="47.83532" lon="19.08559" />
<trkpt lat="47.83551" lon="19.08567" />
<trkpt lat="47.83559" lon="19.08577" />
<trkpt lat="47.83572" lon="19.08605" />
<trkpt lat="47.83585" lon="19.08615" />
<trkpt lat="47.83598" lon="19.08625" />
<trkpt lat="47.83608" lon="19.08631" />
<trkpt lat="47.83621" lon="19.08644" />
<trkpt lat="47.83634" lon="19.08652" />
<trkpt lat="47.83644" lon="19.0866" />
<trkpt lat="47.83665" lon="19.08664" />
<trkpt lat="47.83666" lon="19.08664" />
<trkpt lat="47.83668" lon="19.08665" />
<trkpt lat="47.83673" lon="19.08664" />
<trkpt lat="47.83676" lon="19.08664" />
<trkpt lat="47.83678" lon="19.08664" />
<trkpt lat="47.8368" lon="19.08664" />
<trkpt lat="47.83691" lon="19.0867" />
<trkpt lat="47.83703" lon="19.08675" />
<trkpt lat="47.83704" lon="19.08674" />
<trkpt lat="47.83721" lon="19.08668" />
<trkpt lat="47.83736" lon="19.08651" />
<trkpt lat="47.83738" lon="19.08653" />
<trkpt lat="47.83749" lon="19.08672" />
<trkpt lat="47.83755" lon="19.08689" />
<trkpt lat="47.83758" lon="19.08709" />
<trkpt lat="47.83761" lon="19.08709" />
<trkpt lat="47.83762" lon="19.08709" />
<trkpt lat="47.83774" lon="19.08708" />
<trkpt lat="47.83774" lon="19.08713" />
<trkpt lat="47.83781" lon="19.08796" />
<trkpt lat="47.83789" lon="19.08843" />
<trkpt lat="47.83801" lon="19.08881" />
<trkpt lat="47.8382" lon="19.08926" />
<trkpt lat="47.83853" lon="19.09" />
<trkpt lat="47.83877" lon="19.0903" />
<trkpt lat="47.83918" lon="19.0907" />
<trkpt lat="47.83933" lon="19.09094" />
<trkpt lat="47.83974" lon="19.09181" />
<trkpt lat="47.84011" lon="19.09256" />
<trkpt lat="47.84021" lon="19.09286" />
<trkpt lat="47.84035" lon="19.09348" />
<trkpt lat="47.84051" lon="19.09423" />
<trkpt lat="47.84054" lon="19.09422" />
<trkpt lat="47.84059" lon="19.09421" />
<trkpt lat="47.8406" lon="19.09421" />
<trkpt lat="47.84062" lon="19.09421" />
<trkpt lat="47.84073" lon="19.09431" />
<trkpt lat="47.84088" lon="19.09448" />
<trkpt lat="47.84089" lon="19.09448" />
<trkpt lat="47.84091" lon="19.09448" />
<trkpt lat="47.84098" lon="19.09446" />
<trkpt lat="47.84099" lon="19.09446" />
<trkpt lat="47.84101" lon="19.09446" />
<trkpt lat="47.84101" lon="19.09446" />
<trkpt lat="47.84104" lon="19.09452" />
<trkpt lat="47.84107" lon="19.09498" />
<trkpt lat="47.84118" lon="19.09596" />
<trkpt lat="47.84126" lon="19.09624" />
<trkpt lat="47.84138" lon="19.09643" />
<trkpt lat="47.84167" lon="19.09684" />
<trkpt lat="47.84188" lon="19.09714" />
<trkpt lat="47.84226" lon="19.09752" />
<trkpt lat="47.84243" lon="19.09762" />
<trkpt lat="47.84264" lon="19.09769" />
<trkpt lat="47.84267" lon="19.09777" />
<trkpt lat="47.84271" lon="19.09797" />
<trkpt lat="47.84279" lon="19.09819" />
<trkpt lat="47.8428" lon="19.09823" />
<trkpt lat="47.84292" lon="19.09829" />
<trkpt lat="47.84313" lon="19.09835" />
<trkpt lat="47.84322" lon="19.09837" />
<trkpt lat="47.84326" lon="19.09837" />
<trkpt lat="47.8433" lon="19.09837" />
<trkpt lat="47.84334" lon="19.09837" />
<trkpt lat="47.84343" lon="19.09836" />
<trkpt lat="47.84351" lon="19.09836" />
<trkpt lat="47.84361" lon="19.09835" />
<trkpt lat="47.84368" lon="19.09834" />
<trkpt lat="47.8437" lon="19.09834" />
<trkpt lat="47.84375" lon="19.09835" />
<trkpt lat="47.84377" lon="19.09835" />
<trkpt lat="47.84379" lon="19.09835" />
<trkpt lat="47.8439" lon="19.09833" />
<trkpt lat="47.84392" lon="19.09831" />
<trkpt lat="47.84395" lon="19.09831" />
<trkpt lat="47.84399" lon="19.09831" />
<trkpt lat="47.84403" lon="19.09831" />
<trkpt lat="47.84407" lon="19.09831" />
<trkpt lat="47.84411" lon="19.09831" />
<trkpt lat="47.84411" lon="19.09836" />
<trkpt lat="47.84412" lon="19.09851" />
<trkpt lat="47.84406" lon="19.09851" />
<trkpt lat="47.84395" lon="19.09852" />
<trkpt lat="47.84391" lon="19.09852" />
<trkpt lat="47.84361" lon="19.0986" />
<trkpt lat="47.84359" lon="19.0986" />
<trkpt lat="47.84357" lon="19.0986" />
<trkpt lat="47.84355" lon="19.0986" />
<trkpt lat="47.84352" lon="19.09861" />
<trkpt lat="47.8435" lon="19.09861" />
<trkpt lat="47.8434" lon="19.09862" />
<trkpt lat="47.84338" lon="19.09868" />
<trkpt lat="47.84333" lon="19.09898" />
<trkpt lat="47.84337" lon="19.09912" />
<trkpt lat="47.84343" lon="19.09919" />
<trkpt lat="47.84378" lon="19.09939" />
<trkpt lat="47.84407" lon="19.09964" />
<trkpt lat="47.84407" lon="19.09967" />
<trkpt lat="47.844" lon="19.09985" />
<trkpt lat="47.844" lon="19.10006" />
<trkpt lat="47.84398" lon="19.10016" />
<trkpt lat="47.84394" lon="19.10026" />
<trkpt lat="47.84402" lon="19.10046" />
<trkpt lat="47.84409" lon="19.10059" />
<trkpt lat="47.8441" lon="19.10071" />
<trkpt lat="47.8441" lon="19.10085" />
<trkpt lat="47.84416" lon="19.10099" />
<trkpt lat="47.84433" lon="19.10123" />
<trkpt lat="47.84449" lon="19.10142" />
<trkpt lat="47.8447" lon="19.10161" />
<trkpt lat="47.84481" lon="19.10178" />
<trkpt lat="47.84483" lon="19.10178" />
<trkpt lat="47.84485" lon="19.10178" />
<trkpt lat="47.84489" lon="19.10179" />
<trkpt lat="47.84492" lon="19.10185" />
<trkpt lat="47.845" lon="19.10196" />
<trkpt lat="47.84506" lon="19.10217" />
<trkpt lat="47.8451" lon="19.10226" />
<trkpt lat="47.84511" lon="19.10226" />
<trkpt lat="47.84512" lon="19.10226" />
<trkpt lat="47.84517" lon="19.10231" />
<trkpt lat="47.84518" lon="19.10242" />
<trkpt lat="47.84518" lon="19.1025" />
<trkpt lat="47.84522" lon="19.10264" />
<trkpt lat="47.84527" lon="19.10271" />
<trkpt lat="47.84531" lon="19.10284" />
<trkpt lat="47.84543" lon="19.10297" />
<trkpt lat="47.84547" lon="19.10316" />
<trkpt lat="47.84545" lon="19.10336" />
<trkpt lat="47.84544" lon="19.10346" />
<trkpt lat="47.8455" lon="19.10358" />
<trkpt lat="47.84556" lon="19.10376" />
<trkpt lat="47.8456" lon="19.10388" />
<trkpt lat="47.84563" lon="19.10395" />
<trkpt lat="47.84584" lon="19.1042" />
<trkpt lat="47.84598" lon="19.10436" />
<trkpt lat="47.84605" lon="19.10443" />
<trkpt lat="47.84616" lon="19.10459" />
<trkpt lat="47.84628" lon="19.10466" />
<trkpt lat="47.84639" lon="19.10469" />
<trkpt lat="47.84641" lon="19.10469" />
<trkpt lat="47.84643" lon="19.10469" />
<trkpt lat="47.8465" lon="19.10463" />
<trkpt lat="47.84658" lon="19.10452" />
<trkpt lat="47.84669" lon="19.10446" />
<trkpt lat="47.8467" lon="19.10446" />
<trkpt lat="47.84671" lon="19.10446" />
<trkpt lat="47.84675" lon="19.1045" />
<trkpt lat="47.84673" lon="19.10462" />
<trkpt lat="47.84678" lon="19.10468" />
<trkpt lat="47.8468" lon="19.10469" />
<trkpt lat="47.84681" lon="19.10469" />
<trkpt lat="47.84687" lon="19.10466" />
<trkpt lat="47.84688" lon="19.10466" />
<trkpt lat="47.84692" lon="19.10471" />
<trkpt lat="47.84698" lon="19.10479" />
<trkpt lat="47.84711" lon="19.10482" />
<trkpt lat="47.84711" lon="19.10482" />
<trkpt lat="47.84714" lon="19.10477" />
<trkpt lat="47.84713" lon="19.10464" />
<trkpt lat="47.84721" lon="19.10447" />
<trkpt lat="47.84723" lon="19.10446" />
<trkpt lat="47.84724" lon="19.10445" />
<trkpt lat="47.84728" lon="19.10445" />
<trkpt lat="47.84736" lon="19.10444" />
<trkpt lat="47.84742" lon="19.10443" />
<trkpt lat="47.84745" lon="19.10443" />
<trkpt lat="47.84761" lon="19.10448" />
<trkpt lat="47.84771" lon="19.1046" />
<trkpt lat="47.84782" lon="19.10473" />
<trkpt lat="47.84803" lon="19.10482" />
<trkpt lat="47.84835" lon="19.10492" />
<trkpt lat="47.84838" lon="19.10496" />
<trkpt lat="47.8486" lon="19.1049" />
<trkpt lat="47.84863" lon="19.1049" />
<trkpt lat="47.84865" lon="19.1049" />
<trkpt lat="47.84867" lon="19.1049" />
<trkpt lat="47.84876" lon="19.10494" />
<trkpt lat="47.84888" lon="19.1051" />
<trkpt lat="47.84902" lon="19.10543" />
<trkpt lat="47.84921" lon="19.10593" />
<trkpt lat="47.84931" lon="19.10605" />
<trkpt lat="47.84935" lon="19.10607" />
<trkpt lat="47.84936" lon="19.10607" />
<trkpt lat="47.84947" lon="19.106" />
<trkpt lat="47.84966" lon="19.1059" />
<trkpt lat="47.8499" lon="19.10573" />
<trkpt lat="47.84996" lon="19.10571" />
<trkpt lat="47.84996" lon="19.10575" />
<trkpt lat="47.84991" lon="19.10595" />
<trkpt lat="47.84981" lon="19.10623" />
<trkpt lat="47.84966" lon="19.10639" />
<trkpt lat="47.84959" lon="19.10657" />
<trkpt lat="47.84957" lon="19.10694" />
<trkpt lat="47.84969" lon="19.1076" />
<trkpt lat="47.84981" lon="19.10802" />
<trkpt lat="47.84993" lon="19.10838" />
<trkpt lat="47.85003" lon="19.10912" />
<trkpt lat="47.85008" lon="19.1096" />
<trkpt lat="47.85009" lon="19.10973" />
<trkpt lat="47.85002" lon="19.11044" />
<trkpt lat="47.84998" lon="19.11107" />
<trkpt lat="47.85001" lon="19.11135" />
<trkpt lat="47.84997" lon="19.11197" />
<trkpt lat="47.85002" lon="19.11227" />
<trkpt lat="47.85003" lon="19.11244" />
<trkpt lat="47.84997" lon="19.1127" />
<trkpt lat="47.85002" lon="19.11276" />
<trkpt lat="47.85004" lon="19.11276" />
<trkpt lat="47.85006" lon="19.11276" />
<trkpt lat="47.85009" lon="19.1128" />
<trkpt lat="47.85007" lon="19.11289" />
<trkpt lat="47.84993" lon="19.11319" />
<trkpt lat="47.8499" lon="19.11339" />
<trkpt lat="47.84993" lon="19.11353" />
<trkpt lat="47.84997" lon="19.11363" />
<trkpt lat="47.85002" lon="19.11353" />
<trkpt lat="47.85004" lon="19.11353" />
<trkpt lat="47.85009" lon="19.11353" />
<trkpt lat="47.8501" lon="19.11361" />
<trkpt lat="47.85016" lon="19.11386" />
<trkpt lat="47.85022" lon="19.11411" />
<trkpt lat="47.85018" lon="19.11414" />
<trkpt lat="47.85007" lon="19.11423" />
<trkpt lat="47.85008" lon="19.11432" />
<trkpt lat="47.85009" lon="19.1147" />
<trkpt lat="47.85007" lon="19.11495" />
<trkpt lat="47.84997" lon="19.11528" />
<trkpt lat="47.84984" lon="19.11565" />
<trkpt lat="47.84975" lon="19.11606" />
<trkpt lat="47.84971" lon="19.11628" />
<trkpt lat="47.84957" lon="19.1167" />
<trkpt lat="47.84933" lon="19.11737" />
<trkpt lat="47.84927" lon="19.11762" />
<trkpt lat="47.84917" lon="19.11838" />
<trkpt lat="47.84905" lon="19.119" />
<trkpt lat="47.84898" lon="19.11917" />
<trkpt lat="47.84881" lon="19.11932" />
<trkpt lat="47.84875" lon="19.11956" />
<trkpt lat="47.84878" lon="19.11964" />
<trkpt lat="47.84887" lon="19.11974" />
<trkpt lat="47.84899" lon="19.11978" />
<trkpt lat="47.84902" lon="19.11978" />
<trkpt lat="47.84905" lon="19.11978" />
<trkpt lat="47.8491" lon="19.11978" />
<trkpt lat="47.84913" lon="19.11979" />
<trkpt lat="47.8492" lon="19.11981" />
<trkpt lat="47.84921" lon="19.1201" />
<trkpt lat="47.84921" lon="19.12043" />
<trkpt lat="47.84918" lon="19.12111" />
<trkpt lat="47.84916" lon="19.12173" />
<trkpt lat="47.84916" lon="19.12212" />
<trkpt lat="47.84918" lon="19.12252" />
<trkpt lat="47.84924" lon="19.12293" />
<trkpt lat="47.84932" lon="19.12329" />
<trkpt lat="47.84937" lon="19.12372" />
<trkpt lat="47.84942" lon="19.12422" />
<trkpt lat="47.84943" lon="19.12457" />
<trkpt lat="47.84939" lon="19.12553" />
<trkpt lat="47.84935" lon="19.12658" />
<trkpt lat="47.84931" lon="19.12727" />
<trkpt lat="47.84932" lon="19.12745" />
<trkpt lat="47.84937" lon="19.12746" />
<trkpt lat="47.84948" lon="19.12748" />
<trkpt lat="47.84956" lon="19.12748" />
<trkpt lat="47.8496" lon="19.12749" />
<trkpt lat="47.84963" lon="19.12749" />
<trkpt lat="47.84969" lon="19.1275" />
<trkpt lat="47.8497" lon="19.1275" />
<trkpt lat="47.84971" lon="19.1275" />
<trkpt lat="47.84988" lon="19.12743" />
<trkpt lat="47.8499" lon="19.12743" />
<trkpt lat="47.84991" lon="19.12743" />
<trkpt lat="47.84992" lon="19.12743" />
<trkpt lat="47.84998" lon="19.12745" />
<trkpt lat="47.84999" lon="19.12745" />
<trkpt lat="47.85" lon="19.12745" />
<trkpt lat="47.85001" lon="19.12745" />
<trkpt lat="47.85003" lon="19.12751" />
<trkpt lat="47.85006" lon="19.12766" />
<trkpt lat="47.85013" lon="19.12797" />
<trkpt lat="47.85016" lon="19.12816" />
<trkpt lat="47.8501" lon="19.12836" />
<trkpt lat="47.8501" lon="19.12845" />
<trkpt lat="47.85008" lon="19.12855" />
<trkpt lat="47.85011" lon="19.12869" />
<trkpt lat="47.85024" lon="19.12895" />
<trkpt lat="47.85029" lon="19.12903" />
<trkpt lat="47.85033" lon="19.12924" />
<trkpt lat="47.85031" lon="19.12944" />
<trkpt lat="47.85034" lon="19.1302" />
<trkpt lat="47.85034" lon="19.13059" />
<trkpt lat="47.85038" lon="19.1308" />
<trkpt lat="47.85043" lon="19.13087" />
<trkpt lat="47.85046" lon="19.13088" />
<trkpt lat="47.85046" lon="19.13088" />
<trkpt lat="47.85063" lon="19.13081" />
<trkpt lat="47.85065" lon="19.13081" />
<trkpt lat="47.85067" lon="19.13081" />
<trkpt lat="47.85069" lon="19.13081" />
<trkpt lat="47.85071" lon="19.13081" />
<trkpt lat="47.85072" lon="19.13081" />
<trkpt lat="47.85073" lon="19.1308" />
<trkpt lat="47.85077" lon="19.1308" />
<trkpt lat="47.8508" lon="19.1309" />
<trkpt lat="47.85082" lon="19.13104" />
<trkpt lat="47.85084" lon="19.13112" />
<trkpt lat="47.85089" lon="19.13126" />
<trkpt lat="47.85091" lon="19.13144" />
<trkpt lat="47.85075" lon="19.13241" />
<trkpt lat="47.85068" lon="19.13265" />
<trkpt lat="47.8506" lon="19.13277" />
<trkpt lat="47.85057" lon="19.13277" />
<trkpt lat="47.85055" lon="19.13299" />
<trkpt lat="47.85055" lon="19.13305" />
<trkpt lat="47.85054" lon="19.13305" />
<trkpt lat="47.85036" lon="19.13313" />
<trkpt lat="47.85031" lon="19.13316" />
<trkpt lat="47.8503" lon="19.13316" />
<trkpt lat="47.8502" lon="19.1331" />
<trkpt lat="47.85018" lon="19.1331" />
<trkpt lat="47.85017" lon="19.1331" />
<trkpt lat="47.85007" lon="19.13304" />
<trkpt lat="47.84994" lon="19.1329" />
<trkpt lat="47.84994" lon="19.1329" />
<trkpt lat="47.84993" lon="19.1329" />
<trkpt lat="47.84986" lon="19.13293" />
<trkpt lat="47.84985" lon="19.13293" />
<trkpt lat="47.84983" lon="19.13293" />
<trkpt lat="47.84981" lon="19.13293" />
<trkpt lat="47.84977" lon="19.13293" />
<trkpt lat="47.84972" lon="19.13294" />
<trkpt lat="47.84971" lon="19.13294" />
<trkpt lat="47.8496" lon="19.13289" />
<trkpt lat="47.8496" lon="19.13289" />
<trkpt lat="47.84952" lon="19.13292" />
<trkpt lat="47.84952" lon="19.13292" />
<trkpt lat="47.84951" lon="19.13292" />
<trkpt lat="47.84934" lon="19.13286" />
<trkpt lat="47.8493" lon="19.133" />
<trkpt lat="47.84929" lon="19.13334" />
<trkpt lat="47.84929" lon="19.13401" />
<trkpt lat="47.84923" lon="19.13453" />
<trkpt lat="47.84915" lon="19.13497" />
<trkpt lat="47.84911" lon="19.13541" />
<trkpt lat="47.84895" lon="19.13607" />
<trkpt lat="47.84884" lon="19.13694" />
<trkpt lat="47.84881" lon="19.13757" />
<trkpt lat="47.84881" lon="19.13792" />
<trkpt lat="47.84879" lon="19.13823" />
<trkpt lat="47.84879" lon="19.13851" />
<trkpt lat="47.8488" lon="19.13869" />
<trkpt lat="47.84876" lon="19.139" />
<trkpt lat="47.84869" lon="19.13929" />
<trkpt lat="47.8486" lon="19.1398" />
<trkpt lat="47.84853" lon="19.14016" />
<trkpt lat="47.84848" lon="19.14036" />
<trkpt lat="47.84846" lon="19.14054" />
<trkpt lat="47.84837" lon="19.14093" />
<trkpt lat="47.84839" lon="19.14135" />
<trkpt lat="47.84842" lon="19.14173" />
<trkpt lat="47.84841" lon="19.14239" />
<trkpt lat="47.84842" lon="19.1425" />
<trkpt lat="47.84854" lon="19.14285" />
<trkpt lat="47.84855" lon="19.1431" />
<trkpt lat="47.8485" lon="19.1434" />
<trkpt lat="47.84847" lon="19.14356" />
<trkpt lat="47.84842" lon="19.14365" />
<trkpt lat="47.84836" lon="19.14377" />
<trkpt lat="47.8483" lon="19.14416" />
<trkpt lat="47.84826" lon="19.14431" />
<trkpt lat="47.84824" lon="19.14442" />
<trkpt lat="47.84812" lon="19.14458" />
<trkpt lat="47.84783" lon="19.14479" />
<trkpt lat="47.84771" lon="19.14495" />
<trkpt lat="47.84761" lon="19.14522" />
<trkpt lat="47.84753" lon="19.14543" />
<trkpt lat="47.84749" lon="19.14565" />
<trkpt lat="47.84738" lon="19.14581" />
<trkpt lat="47.8473" lon="19.14619" />
<trkpt lat="47.84733" lon="19.14652" />
<trkpt lat="47.84729" lon="19.14682" />
<trkpt lat="47.84727" lon="19.14702" />
<trkpt lat="47.84727" lon="19.14755" />
<trkpt lat="47.84723" lon="19.14801" />
<trkpt lat="47.84712" lon="19.14845" />
<trkpt lat="47.84709" lon="19.1487" />
<trkpt lat="47.8471" lon="19.14892" />
<trkpt lat="47.84703" lon="19.1491" />
<trkpt lat="47.84704" lon="19.14925" />
<trkpt lat="47.84699" lon="19.14949" />
<trkpt lat="47.84696" lon="19.14963" />
<trkpt lat="47.84687" lon="19.15028" />
<trkpt lat="47.84685" lon="19.15061" />
<trkpt lat="47.84688" lon="19.15084" />
<trkpt lat="47.84705" lon="19.15138" />
<trkpt lat="47.84708" lon="19.15142" />
<trkpt lat="47.84716" lon="19.15179" />
<trkpt lat="47.84718" lon="19.15185" />
<trkpt lat="47.84719" lon="19.15193" />
<trkpt lat="47.84716" lon="19.15225" />
<trkpt lat="47.84707" lon="19.15263" />
<trkpt lat="47.84696" lon="19.15354" />
<trkpt lat="47.8468" lon="19.1543" />
<trkpt lat="47.8467" lon="19.15477" />
<trkpt lat="47.84653" lon="19.15545" />
<trkpt lat="47.84646" lon="19.15592" />
<trkpt lat="47.8464" lon="19.15645" />
<trkpt lat="47.84633" lon="19.15668" />
<trkpt lat="47.84617" lon="19.15704" />
<trkpt lat="47.84608" lon="19.15755" />
<trkpt lat="47.84579" lon="19.15819" />
<trkpt lat="47.84563" lon="19.15854" />
<trkpt lat="47.84556" lon="19.15878" />
<trkpt lat="47.84544" lon="19.15921" />
<trkpt lat="47.84529" lon="19.15983" />
<trkpt lat="47.84526" lon="19.16008" />
<trkpt lat="47.84506" lon="19.1606" />
<trkpt lat="47.84482" lon="19.16137" />
<trkpt lat="47.84472" lon="19.16188" />
<trkpt lat="47.84454" lon="19.16284" />
<trkpt lat="47.84431" lon="19.16367" />
<trkpt lat="47.8442" lon="19.16393" />
<trkpt lat="47.84415" lon="19.16432" />
<trkpt lat="47.84414" lon="19.16487" />
<trkpt lat="47.84405" lon="19.16528" />
<trkpt lat="47.8439" lon="19.16581" />
<trkpt lat="47.84376" lon="19.16615" />
<trkpt lat="47.84353" lon="19.16657" />
<trkpt lat="47.84338" lon="19.16673" />
<trkpt lat="47.84321" lon="19.16692" />
<trkpt lat="47.84296" lon="19.16739" />
<trkpt lat="47.84281" lon="19.16764" />
<trkpt lat="47.84267" lon="19.16778" />
<trkpt lat="47.84203" lon="19.16819" />
<trkpt lat="47.84197" lon="19.1682" />
<trkpt lat="47.84196" lon="19.16821" />
<trkpt lat="47.84195" lon="19.16821" />
<trkpt lat="47.84187" lon="19.16818" />
<trkpt lat="47.84184" lon="19.16818" />
<trkpt lat="47.84183" lon="19.16818" />
<trkpt lat="47.84181" lon="19.16818" />
<trkpt lat="47.8417" lon="19.16824" />
<trkpt lat="47.8416" lon="19.16836" />
<trkpt lat="47.84146" lon="19.16877" />
<trkpt lat="47.84139" lon="19.16885" />
<trkpt lat="47.84126" lon="19.16888" />
<trkpt lat="47.84123" lon="19.16887" />
<trkpt lat="47.84121" lon="19.16887" />
<trkpt lat="47.84108" lon="19.16883" />
<trkpt lat="47.84107" lon="19.16883" />
<trkpt lat="47.84105" lon="19.16883" />
<trkpt lat="47.84103" lon="19.16883" />
<trkpt lat="47.84095" lon="19.16888" />
<trkpt lat="47.84071" lon="19.16927" />
<trkpt lat="47.8405" lon="19.16961" />
<trkpt lat="47.84039" lon="19.16993" />
<trkpt lat="47.8401" lon="19.17038" />
<trkpt lat="47.83986" lon="19.17083" />
<trkpt lat="47.83972" lon="19.17121" />
<trkpt lat="47.83956" lon="19.17147" />
<trkpt lat="47.83925" lon="19.17182" />
<trkpt lat="47.83896" lon="19.17216" />
<trkpt lat="47.83865" lon="19.17247" />
<trkpt lat="47.83845" lon="19.17271" />
<trkpt lat="47.83815" lon="19.17285" />
<trkpt lat="47.83779" lon="19.17299" />
<trkpt lat="47.8375" lon="19.17315" />
<trkpt lat="47.83722" lon="19.17344" />
<trkpt lat="47.83707" lon="19.17358" />
<trkpt lat="47.83706" lon="19.17358" />
<trkpt lat="47.83704" lon="19.17358" />
<trkpt lat="47.83696" lon="19.17352" />
<trkpt lat="47.83679" lon="19.17336" />
<trkpt lat="47.83669" lon="19.17323" />
<trkpt lat="47.83666" lon="19.17321" />
<trkpt lat="47.83664" lon="19.17321" />
<trkpt lat="47.83651" lon="19.17327" />
<trkpt lat="47.83645" lon="19.17335" />
<trkpt lat="47.83625" lon="19.17375" />
<trkpt lat="47.83606" lon="19.17394" />
<trkpt lat="47.83585" lon="19.17425" />
<trkpt lat="47.83574" lon="19.17431" />
<trkpt lat="47.83565" lon="19.17434" />
<trkpt lat="47.83539" lon="19.17452" />
<trkpt lat="47.83519" lon="19.17464" />
<trkpt lat="47.83483" lon="19.17505" />
<trkpt lat="47.83462" lon="19.17522" />
<trkpt lat="47.83436" lon="19.17532" />
<trkpt lat="47.83416" lon="19.17541" />
<trkpt lat="47.83411" lon="19.17543" />
<trkpt lat="47.8341" lon="19.17543" />
<trkpt lat="47.83407" lon="19.17543" />
<trkpt lat="47.83406" lon="19.17543" />
<trkpt lat="47.83403" lon="19.17543" />
<trkpt lat="47.834" lon="19.17542" />
<trkpt lat="47.83398" lon="19.17542" />
<trkpt lat="47.83397" lon="19.17543" />
<trkpt lat="47.83387" lon="19.1755" />
<trkpt lat="47.8335" lon="19.17589" />
<trkpt lat="47.8333" lon="19.17611" />
<trkpt lat="47.83315" lon="19.17648" />
<trkpt lat="47.83313" lon="19.17652" />
<trkpt lat="47.83315" lon="19.17657" />
<trkpt lat="47.83319" lon="19.17668" />
<trkpt lat="47.83316" lon="19.17688" />
<trkpt lat="47.83308" lon="19.17697" />
<trkpt lat="47.83297" lon="19.17705" />
<trkpt lat="47.83274" lon="19.17748" />
<trkpt lat="47.83267" lon="19.17756" />
<trkpt lat="47.83257" lon="19.17764" />
<trkpt lat="47.83252" lon="19.17802" />
<trkpt lat="47.83252" lon="19.1783" />
<trkpt lat="47.83247" lon="19.17848" />
<trkpt lat="47.83235" lon="19.17865" />
<trkpt lat="47.83179" lon="19.17913" />
<trkpt lat="47.83155" lon="19.17942" />
<trkpt lat="47.83151" lon="19.17955" />
<trkpt lat="47.83147" lon="19.17964" />
<trkpt lat="47.83113" lon="19.18003" />
<trkpt lat="47.83106" lon="19.18021" />
<trkpt lat="47.83103" lon="19.18034" />
<trkpt lat="47.831" lon="19.18036" />
<trkpt lat="47.83098" lon="19.18037" />
<trkpt lat="47.83096" lon="19.18037" />
<trkpt lat="47.83094" lon="19.18036" />
<trkpt lat="47.83083" lon="19.18042" />
<trkpt lat="47.83066" lon="19.18054" />
<trkpt lat="47.83036" lon="19.18081" />
<trkpt lat="47.83026" lon="19.18089" />
<trkpt lat="47.83011" lon="19.18107" />
<trkpt lat="47.82997" lon="19.18118" />
<trkpt lat="47.82982" lon="19.18129" />
<trkpt lat="47.82956" lon="19.18147" />
<trkpt lat="47.82944" lon="19.18163" />
<trkpt lat="47.82931" lon="19.18168" />
<trkpt lat="47.82929" lon="19.18168" />
<trkpt lat="47.82926" lon="19.18168" />
<trkpt lat="47.82922" lon="19.18168" />
<trkpt lat="47.82913" lon="19.18168" />
<trkpt lat="47.8291" lon="19.18169" />
<trkpt lat="47.82907" lon="19.18169" />
<trkpt lat="47.82904" lon="19.18169" />
<trkpt lat="47.82902" lon="19.18168" />
<trkpt lat="47.82898" lon="19.18168" />
<trkpt lat="47.82895" lon="19.18168" />
<trkpt lat="47.82892" lon="19.18168" />
<trkpt lat="47.82888" lon="19.18168" />
<trkpt lat="47.82886" lon="19.18168" />
<trkpt lat="47.82884" lon="19.18168" />
<trkpt lat="47.82882" lon="19.18168" />
<trkpt lat="47.82879" lon="19.18168" />
<trkpt lat="47.82877" lon="19.18168" />
<trkpt lat="47.82865" lon="19.18172" />
<trkpt lat="47.82844" lon="19.18182" />
<trkpt lat="47.82842" lon="19.18182" />
<trkpt lat="47.8284" lon="19.18182" />
<trkpt lat="47.82837" lon="19.18182" />
<trkpt lat="47.82835" lon="19.18182" />
<trkpt lat="47.82814" lon="19.18191" />
<trkpt lat="47.82786" lon="19.18213" />
<trkpt lat="47.82768" lon="19.18218" />
<trkpt lat="47.82754" lon="19.18226" />
<trkpt lat="47.82738" lon="19.1824" />
<trkpt lat="47.82722" lon="19.18256" />
<trkpt lat="47.827" lon="19.18267" />
<trkpt lat="47.82688" lon="19.18275" />
<trkpt lat="47.82663" lon="19.18298" />
<trkpt lat="47.82654" lon="19.18306" />
<trkpt lat="47.82623" lon="19.18347" />
<trkpt lat="47.82592" lon="19.18395" />
<trkpt lat="47.82576" lon="19.18419" />
<trkpt lat="47.82542" lon="19.18459" />
<trkpt lat="47.82506" lon="19.1849" />
<trkpt lat="47.82481" lon="19.18503" />
<trkpt lat="47.82472" lon="19.18506" />
<trkpt lat="47.8247" lon="19.18506" />
<trkpt lat="47.82468" lon="19.18506" />
<trkpt lat="47.82456" lon="19.18511" />
<trkpt lat="47.82448" lon="19.18522" />
<trkpt lat="47.82435" lon="19.18543" />
<trkpt lat="47.82418" lon="19.18557" />
<trkpt lat="47.82392" lon="19.18576" />
<trkpt lat="47.82388" lon="19.18577" />
<trkpt lat="47.82383" lon="19.18577" />
<trkpt lat="47.8238" lon="19.18577" />
<trkpt lat="47.82358" lon="19.18574" />
<trkpt lat="47.82356" lon="19.18574" />
<trkpt lat="47.82354" lon="19.18574" />
<trkpt lat="47.82352" lon="19.18575" />
<trkpt lat="47.8235" lon="19.18575" />
<trkpt lat="47.82348" lon="19.18575" />
<trkpt lat="47.82346" lon="19.18575" />
<trkpt lat="47.82336" lon="19.18573" />
<trkpt lat="47.82334" lon="19.18573" />
<trkpt lat="47.82332" lon="19.18573" />
<trkpt lat="47.82326" lon="19.18574" />
<trkpt lat="47.82324" lon="19.18575" />
<trkpt lat="47.82322" lon="19.18574" />
<trkpt lat="47.8232" lon="19.18574" />
<trkpt lat="47.82317" lon="19.18575" />
<trkpt lat="47.82316" lon="19.18575" />
<trkpt lat="47.82315" lon="19.18574" />
<trkpt lat="47.82307" lon="19.18573" />
<trkpt lat="47.82303" lon="19.18572" />
<trkpt lat="47.82302" lon="19.18572" />
<trkpt lat="47.82284" lon="19.18579" />
<trkpt lat="47.82264" lon="19.18587" />
<trkpt lat="47.82264" lon="19.18587" />
<trkpt lat="47.82262" lon="19.18587" />
<trkpt lat="47.82238" lon="19.1858" />
<trkpt lat="47.82236" lon="19.1858" />
<trkpt lat="47.8223" lon="19.18579" />
<trkpt lat="47.82227" lon="19.18579" />
<trkpt lat="47.82226" lon="19.18579" />
<trkpt lat="47.82211" lon="19.18591" />
<trkpt lat="47.82209" lon="19.18592" />
<trkpt lat="47.82208" lon="19.18592" />
<trkpt lat="47.82207" lon="19.18592" />
<trkpt lat="47.82199" lon="19.18589" />
<trkpt lat="47.82197" lon="19.18589" />
<trkpt lat="47.82193" lon="19.18589" />
<trkpt lat="47.82192" lon="19.18588" />
<trkpt lat="47.8219" lon="19.18588" />
<trkpt lat="47.82189" lon="19.18588" />
<trkpt lat="47.82187" lon="19.18588" />
<trkpt lat="47.82185" lon="19.18589" />
<trkpt lat="47.82182" lon="19.18589" />
<trkpt lat="47.82176" lon="19.18589" />
<trkpt lat="47.82173" lon="19.18589" />
<trkpt lat="47.82171" lon="19.18589" />
<trkpt lat="47.82168" lon="19.18589" />
<trkpt lat="47.82161" lon="19.18591" />
<trkpt lat="47.82159" lon="19.18591" />
<trkpt lat="47.82152" lon="19.18591" />
<trkpt lat="47.82118" lon="19.18601" />
<trkpt lat="47.82105" lon="19.18603" />
<trkpt lat="47.82103" lon="19.18603" />
<trkpt lat="47.82096" lon="19.18602" />
<trkpt lat="47.82093" lon="19.18602" />
<trkpt lat="47.8209" lon="19.18602" />
<trkpt lat="47.82088" lon="19.18602" />
<trkpt lat="47.82085" lon="19.18602" />
<trkpt lat="47.82083" lon="19.18602" />
<trkpt lat="47.8208" lon="19.18602" />
<trkpt lat="47.82076" lon="19.18603" />
<trkpt lat="47.8207" lon="19.18603" />
<trkpt lat="47.82067" lon="19.18603" />
<trkpt lat="47.82065" lon="19.18603" />
<trkpt lat="47.82063" lon="19.18603" />
<trkpt lat="47.82044" lon="19.18599" />
<trkpt lat="47.82042" lon="19.18599" />
<trkpt lat="47.82038" lon="19.18599" />
<trkpt lat="47.82035" lon="19.18599" />
<trkpt lat="47.82032" lon="19.18599" />
<trkpt lat="47.82029" lon="19.18599" />
<trkpt lat="47.82025" lon="19.18599" />
<trkpt lat="47.82021" lon="19.18599" />
<trkpt lat="47.82019" lon="19.18599" />
<trkpt lat="47.82015" lon="19.18598" />
<trkpt lat="47.82008" lon="19.18597" />
<trkpt lat="47.82006" lon="19.18597" />
<trkpt lat="47.82003" lon="19.18597" />
<trkpt lat="47.82001" lon="19.18597" />
<trkpt lat="47.81996" lon="19.18596" />
<trkpt lat="47.81994" lon="19.18596" />
<trkpt lat="47.81993" lon="19.18596" />
<trkpt lat="47.81982" lon="19.18591" />
<trkpt lat="47.81966" lon="19.18583" />
<trkpt lat="47.81923" lon="19.1857" />
<trkpt lat="47.81896" lon="19.18557" />
<trkpt lat="47.81884" lon="19.18547" />
<trkpt lat="47.81876" lon="19.18541" />
<trkpt lat="47.81861" lon="19.18531" />
<trkpt lat="47.81827" lon="19.18511" />
<trkpt lat="47.81826" lon="19.18511" />
<trkpt lat="47.81825" lon="19.18511" />
<trkpt lat="47.81822" lon="19.18511" />
<trkpt lat="47.8182" lon="19.18511" />
<trkpt lat="47.81819" lon="19.18511" />
<trkpt lat="47.81811" lon="19.18514" />
<trkpt lat="47.8181" lon="19.18514" />
<trkpt lat="47.81795" lon="19.18505" />
<trkpt lat="47.81779" lon="19.18502" />
<trkpt lat="47.81777" lon="19.18502" />
<trkpt lat="47.81776" lon="19.18502" />
<trkpt lat="47.81773" lon="19.18502" />
<trkpt lat="47.8177" lon="19.18502" />
<trkpt lat="47.81765" lon="19.18502" />
<trkpt lat="47.81763" lon="19.18502" />
<trkpt lat="47.81761" lon="19.18502" />
<trkpt lat="47.81756" lon="19.18502" />
<trkpt lat="47.81753" lon="19.18502" />
<trkpt lat="47.81751" lon="19.18502" />
<trkpt lat="47.81724" lon="19.18496" />
<trkpt lat="47.81721" lon="19.18496" />
<trkpt lat="47.81718" lon="19.18496" />
<trkpt lat="47.81715" lon="19.18496" />
<trkpt lat="47.81713" lon="19.18496" />
<trkpt lat="47.81711" lon="19.18496" />
<trkpt lat="47.81707" lon="19.18496" />
<trkpt lat="47.81704" lon="19.18496" />
<trkpt lat="47.81702" lon="19.18497" />
<trkpt lat="47.81701" lon="19.18497" />
<trkpt lat="47.81699" lon="19.18497" />
<trkpt lat="47.81697" lon="19.18497" />
<trkpt lat="47.81693" lon="19.18496" />
<trkpt lat="47.8169" lon="19.18496" />
<trkpt lat="47.81687" lon="19.18496" />
<trkpt lat="47.81685" lon="19.18496" />
<trkpt lat="47.81674" lon="19.18491" />
<trkpt lat="47.8165" lon="19.18471" />
<trkpt lat="47.81623" lon="19.18462" />
<trkpt lat="47.81621" lon="19.18462" />
<trkpt lat="47.81619" lon="19.18462" />
<trkpt lat="47.81617" lon="19.18462" />
<trkpt lat="47.81612" lon="19.18461" />
<trkpt lat="47.81611" lon="19.18461" />
<trkpt lat="47.81594" lon="19.18457" />
<trkpt lat="47.81591" lon="19.18452" />
<trkpt lat="47.81597" lon="19.18429" />
<trkpt lat="47.81598" lon="19.18423" />
<trkpt lat="47.81586" lon="19.18411" />
<trkpt lat="47.81552" lon="19.1839" />
<trkpt lat="47.81424" lon="19.18314" />
<trkpt lat="47.81279" lon="19.18222" />
<trkpt lat="47.81204" lon="19.18176" />
<trkpt lat="47.81187" lon="19.18162" />
<trkpt lat="47.81187" lon="19.18162" />
<trkpt lat="47.81186" lon="19.18165" />
<trkpt lat="47.81179" lon="19.18171" />
<trkpt lat="47.81178" lon="19.18172" />
<trkpt lat="47.81177" lon="19.18172" />
<trkpt lat="47.81176" lon="19.18172" />
<trkpt lat="47.81168" lon="19.18226" />
<trkpt lat="47.81171" lon="19.18246" />
<trkpt lat="47.81192" lon="19.18294" />
<trkpt lat="47.81211" lon="19.18337" />
<trkpt lat="47.81219" lon="19.18367" />
<trkpt lat="47.81234" lon="19.18448" />
<trkpt lat="47.81249" lon="19.18537" />
<trkpt lat="47.81254" lon="19.18578" />
<trkpt lat="47.81253" lon="19.1861" />
<trkpt lat="47.81248" lon="19.18653" />
<trkpt lat="47.81239" lon="19.18683" />
<trkpt lat="47.81223" lon="19.18719" />
<trkpt lat="47.81197" lon="19.1876" />
<trkpt lat="47.81158" lon="19.18812" />
<trkpt lat="47.81103" lon="19.18884" />
<trkpt lat="47.81052" lon="19.18959" />
<trkpt lat="47.81035" lon="19.18997" />
<trkpt lat="47.81011" lon="19.19063" />
<trkpt lat="47.80983" lon="19.19152" />
<trkpt lat="47.80977" lon="19.19171" />
<trkpt lat="47.8097" lon="19.19179" />
<trkpt lat="47.80962" lon="19.19183" />
<trkpt lat="47.80962" lon="19.19183" />
<trkpt lat="47.8096" lon="19.19183" />
<trkpt lat="47.80951" lon="19.19176" />
<trkpt lat="47.80914" lon="19.19136" />
<trkpt lat="47.80907" lon="19.19133" />
<trkpt lat="47.80905" lon="19.19132" />
<trkpt lat="47.80905" lon="19.19132" />
<trkpt lat="47.80904" lon="19.19132" />
<trkpt lat="47.80896" lon="19.19139" />
<trkpt lat="47.80874" lon="19.19175" />
<trkpt lat="47.80859" lon="19.19203" />
<trkpt lat="47.80824" lon="19.1926" />
<trkpt lat="47.80792" lon="19.19319" />
<trkpt lat="47.80776" lon="19.19338" />
<trkpt lat="47.80755" lon="19.19356" />
<trkpt lat="47.80742" lon="19.19376" />
<trkpt lat="47.8072" lon="19.19418" />
<trkpt lat="47.80703" lon="19.19447" />
<trkpt lat="47.80672" lon="19.19514" />
<trkpt lat="47.8066" lon="19.19566" />
<trkpt lat="47.80647" lon="19.19598" />
<trkpt lat="47.80629" lon="19.19625" />
<trkpt lat="47.80613" lon="19.19639" />
<trkpt lat="47.80598" lon="19.19651" />
<trkpt lat="47.80586" lon="19.19666" />
<trkpt lat="47.80562" lon="19.19723" />
<trkpt lat="47.80547" lon="19.19755" />
<trkpt lat="47.80514" lon="19.19796" />
<trkpt lat="47.80501" lon="19.19807" />
<trkpt lat="47.8046" lon="19.19825" />
<trkpt lat="47.80427" lon="19.19833" />
<trkpt lat="47.80378" lon="19.19858" />
<trkpt lat="47.80351" lon="19.19876" />
<trkpt lat="47.80321" lon="19.19887" />
<trkpt lat="47.80316" lon="19.19888" />
<trkpt lat="47.80314" lon="19.19888" />
<trkpt lat="47.80312" lon="19.19888" />
<trkpt lat="47.8031" lon="19.19888" />
<trkpt lat="47.80302" lon="19.19888" />
<trkpt lat="47.80298" lon="19.19896" />
<trkpt lat="47.80297" lon="19.19896" />
<trkpt lat="47.80296" lon="19.19896" />
<trkpt lat="47.80296" lon="19.19896" />
<trkpt lat="47.80293" lon="19.19897" />
<trkpt lat="47.80293" lon="19.19897" />
<trkpt lat="47.80286" lon="19.19893" />
<trkpt lat="47.80284" lon="19.19893" />
<trkpt lat="47.80278" lon="19.19912" />
<trkpt lat="47.80268" lon="19.19925" />
<trkpt lat="47.80231" lon="19.19966" />
<trkpt lat="47.8019" lon="19.20016" />
<trkpt lat="47.80157" lon="19.20063" />
<trkpt lat="47.80127" lon="19.20118" />
<trkpt lat="47.80075" lon="19.20223" />
<trkpt lat="47.80069" lon="19.20229" />
<trkpt lat="47.80067" lon="19.2023" />
<trkpt lat="47.80065" lon="19.2023" />
<trkpt lat="47.80064" lon="19.2023" />
<trkpt lat="47.8005" lon="19.20225" />
<trkpt lat="47.80043" lon="19.20217" />
<trkpt lat="47.80035" lon="19.20193" />
<trkpt lat="47.8003" lon="19.20167" />
<trkpt lat="47.80027" lon="19.20166" />
<trkpt lat="47.80017" lon="19.20183" />
<trkpt lat="47.80012" lon="19.20202" />
<trkpt lat="47.80007" lon="19.20241" />
<trkpt lat="47.80001" lon="19.20291" />
<trkpt lat="47.79995" lon="19.20323" />
<trkpt lat="47.79985" lon="19.20352" />
<trkpt lat="47.79965" lon="19.20396" />
<trkpt lat="47.79933" lon="19.20452" />
<trkpt lat="47.79911" lon="19.20482" />
<trkpt lat="47.79897" lon="19.2049" />
<trkpt lat="47.79886" lon="19.20516" />
<trkpt lat="47.79831" lon="19.20663" />
<trkpt lat="47.79812" lon="19.20733" />
<trkpt lat="47.7974" lon="19.20951" />
<trkpt lat="47.79713" lon="19.2103" />
<trkpt lat="47.79633" lon="19.21263" />
<trkpt lat="47.79609" lon="19.21332" />
<trkpt lat="47.79593" lon="19.2138" />
<trkpt lat="47.79583" lon="19.214" />
<trkpt lat="47.79543" lon="19.21442" />
<trkpt lat="47.79467" lon="19.21514" />
<trkpt lat="47.79342" lon="19.21643" />
<trkpt lat="47.79321" lon="19.21668" />
<trkpt lat="47.79332" lon="19.21675" />
<trkpt lat="47.79331" lon="19.21677" />
<trkpt lat="47.79304" lon="19.21714" />
<trkpt lat="47.79298" lon="19.21716" />
<trkpt lat="47.79297" lon="19.21716" />
<trkpt lat="47.79296" lon="19.21716" />
<trkpt lat="47.79295" lon="19.21716" />
<trkpt lat="47.79294" lon="19.21716" />
<trkpt lat="47.79294" lon="19.21716" />
<trkpt lat="47.79284" lon="19.2172" />
<trkpt lat="47.79267" lon="19.2174" />
<trkpt lat="47.79253" lon="19.21752" />
<trkpt lat="47.79244" lon="19.21765" />
<trkpt lat="47.79239" lon="19.21766" />
<trkpt lat="47.79227" lon="19.21762" />
<trkpt lat="47.79195" lon="19.21725" />
<trkpt lat="47.79158" lon="19.21682" />
<trkpt lat="47.79136" lon="19.21664" />
<trkpt lat="47.79125" lon="19.21657" />
<trkpt lat="47.79046" lon="19.21644" />
<trkpt lat="47.7904" lon="19.21644" />
<trkpt lat="47.79033" lon="19.21644" />
<trkpt lat="47.79021" lon="19.21645" />
<trkpt lat="47.7896" lon="19.21648" />
<trkpt lat="47.7896" lon="19.21657" />
<trkpt lat="47.78962" lon="19.21742" />
<trkpt lat="47.78965" lon="19.21763" />
<trkpt lat="47.78983" lon="19.21824" />
<trkpt lat="47.78996" lon="19.21849" />
<trkpt lat="47.79014" lon="19.2188" />
<trkpt lat="47.79003" lon="19.21899" />
<trkpt lat="47.78921" lon="19.22044" />
<trkpt lat="47.78897" lon="19.22078" />
<trkpt lat="47.78857" lon="19.22128" />
<trkpt lat="47.7884" lon="19.22144" />
<trkpt lat="47.78831" lon="19.2217" />
<trkpt lat="47.78786" lon="19.22251" />
<trkpt lat="47.78772" lon="19.22271" />
<trkpt lat="47.78764" lon="19.22276" />
<trkpt lat="47.78763" lon="19.22276" />
<trkpt lat="47.78762" lon="19.22276" />
<trkpt lat="47.78747" lon="19.22263" />
<trkpt lat="47.78728" lon="19.22239" />
<trkpt lat="47.78676" lon="19.22189" />
<trkpt lat="47.78654" lon="19.22166" />
<trkpt lat="47.78613" lon="19.22131" />
<trkpt lat="47.78597" lon="19.22122" />
<trkpt lat="47.7856" lon="19.22109" />
<trkpt lat="47.78553" lon="19.22108" />
<trkpt lat="47.78522" lon="19.22105" />
<trkpt lat="47.78517" lon="19.22104" />
<trkpt lat="47.78509" lon="19.22104" />
<trkpt lat="47.78505" lon="19.22104" />
<trkpt lat="47.78499" lon="19.22104" />
<trkpt lat="47.78494" lon="19.22104" />
<trkpt lat="47.78483" lon="19.22104" />
<trkpt lat="47.78475" lon="19.22104" />
<trkpt lat="47.78471" lon="19.22104" />
<trkpt lat="47.78439" lon="19.22101" />
<trkpt lat="47.78425" lon="19.22101" />
<trkpt lat="47.78419" lon="19.22101" />
<trkpt lat="47.78416" lon="19.22101" />
<trkpt lat="47.78397" lon="19.22097" />
<trkpt lat="47.78396" lon="19.22097" />
<trkpt lat="47.78393" lon="19.22097" />
<trkpt lat="47.78375" lon="19.22099" />
<trkpt lat="47.78373" lon="19.22099" />
<trkpt lat="47.7837" lon="19.22099" />
<trkpt lat="47.78353" lon="19.22096" />
<trkpt lat="47.7834" lon="19.22094" />
<trkpt lat="47.78335" lon="19.22094" />
<trkpt lat="47.7833" lon="19.22094" />
<trkpt lat="47.78317" lon="19.22092" />
<trkpt lat="47.78311" lon="19.22092" />
<trkpt lat="47.78305" lon="19.22092" />
<trkpt lat="47.78302" lon="19.22092" />
<trkpt lat="47.78298" lon="19.22092" />
<trkpt lat="47.78282" lon="19.2209" />
<trkpt lat="47.78276" lon="19.2209" />
<trkpt lat="47.78273" lon="19.2209" />
<trkpt lat="47.78269" lon="19.2209" />
<trkpt lat="47.7826" lon="19.22091" />
<trkpt lat="47.78257" lon="19.22091" />
<trkpt lat="47.78255" lon="19.22091" />
<trkpt lat="47.78251" lon="19.22091" />
<trkpt lat="47.78245" lon="19.22091" />
<trkpt lat="47.78243" lon="19.22091" />
<trkpt lat="47.7824" lon="19.22091" />
<trkpt lat="47.78239" lon="19.22091" />
<trkpt lat="47.78225" lon="19.22086" />
<trkpt lat="47.78183" lon="19.22063" />
<trkpt lat="47.78133" lon="19.22046" />
<trkpt lat="47.78112" lon="19.2203" />
<trkpt lat="47.78093" lon="19.22018" />
<trkpt lat="47.78039" lon="19.21994" />
<trkpt lat="47.77995" lon="19.21981" />
<trkpt lat="47.77987" lon="19.2198" />
<trkpt lat="47.77984" lon="19.2198" />
<trkpt lat="47.7798" lon="19.2198" />
<trkpt lat="47.77976" lon="19.2198" />
<trkpt lat="47.77973" lon="19.2198" />
<trkpt lat="47.7797" lon="19.2198" />
<trkpt lat="47.77966" lon="19.2198" />
<trkpt lat="47.77943" lon="19.21985" />
<trkpt lat="47.7794" lon="19.21985" />
<trkpt lat="47.77938" lon="19.21985" />
<trkpt lat="47.77883" lon="19.21967" />
<trkpt lat="47.77876" lon="19.21966" />
<trkpt lat="47.77873" lon="19.21966" />
<trkpt lat="47.7787" lon="19.21966" />
<trkpt lat="47.77868" lon="19.21966" />
<trkpt lat="47.77865" lon="19.21967" />
<trkpt lat="47.77847" lon="19.21972" />
<trkpt lat="47.77832" lon="19.21977" />
<trkpt lat="47.77799" lon="19.21985" />
<trkpt lat="47.7778" lon="19.21993" />
<trkpt lat="47.77747" lon="19.22019" />
<trkpt lat="47.77727" lon="19.22039" />
<trkpt lat="47.77709" lon="19.22059" />
<trkpt lat="47.7768" lon="19.2208" />
<trkpt lat="47.77641" lon="19.2212" />
<trkpt lat="47.77621" lon="19.22145" />
<trkpt lat="47.77596" lon="19.22179" />
<trkpt lat="47.77547" lon="19.22243" />
<trkpt lat="47.77492" lon="19.22305" />
<trkpt lat="47.77463" lon="19.22354" />
<trkpt lat="47.77449" lon="19.22384" />
<trkpt lat="47.77388" lon="19.22535" />
<trkpt lat="47.77375" lon="19.2256" />
<trkpt lat="47.77362" lon="19.22573" />
<trkpt lat="47.77353" lon="19.22577" />
<trkpt lat="47.77351" lon="19.22577" />
<trkpt lat="47.7735" lon="19.22577" />
<trkpt lat="47.77349" lon="19.22577" />
<trkpt lat="47.77342" lon="19.22572" />
<trkpt lat="47.77332" lon="19.22555" />
<trkpt lat="47.77325" lon="19.22534" />
<trkpt lat="47.77303" lon="19.22491" />
<trkpt lat="47.77289" lon="19.22447" />
<trkpt lat="47.7728" lon="19.22412" />
<trkpt lat="47.77276" lon="19.22374" />
<trkpt lat="47.77271" lon="19.22295" />
<trkpt lat="47.77268" lon="19.22222" />
<trkpt lat="47.77264" lon="19.222" />
<trkpt lat="47.77258" lon="19.22184" />
<trkpt lat="47.7724" lon="19.22162" />
<trkpt lat="47.77184" lon="19.22093" />
<trkpt lat="47.77174" lon="19.22074" />
<trkpt lat="47.77171" lon="19.22065" />
<trkpt lat="47.77166" lon="19.22064" />
<trkpt lat="47.77155" lon="19.22058" />
<trkpt lat="47.77141" lon="19.22037" />
<trkpt lat="47.7713" lon="19.2201" />
<trkpt lat="47.77079" lon="19.21824" />
<trkpt lat="47.77071" lon="19.2183" />
<trkpt lat="47.7705" lon="19.21851" />
<trkpt lat="47.76997" lon="19.21916" />
<trkpt lat="47.76912" lon="19.22018" />
<trkpt lat="47.76882" lon="19.22057" />
<trkpt lat="47.76857" lon="19.22079" />
<trkpt lat="47.7682" lon="19.22093" />
<trkpt lat="47.76804" lon="19.22095" />
<trkpt lat="47.76802" lon="19.22095" />
<trkpt lat="47.76787" lon="19.221" />
<trkpt lat="47.76767" lon="19.22108" />
<trkpt lat="47.76763" lon="19.22108" />
<trkpt lat="47.7676" lon="19.22108" />
<trkpt lat="47.76755" lon="19.22109" />
<trkpt lat="47.76747" lon="19.22109" />
<trkpt lat="47.76733" lon="19.22109" />
<trkpt lat="47.76726" lon="19.22109" />
<trkpt lat="47.7672" lon="19.22108" />
<trkpt lat="47.76712" lon="19.22108" />
<trkpt lat="47.76709" lon="19.22108" />
<trkpt lat="47.76706" lon="19.22108" />
<trkpt lat="47.76677" lon="19.22113" />
<trkpt lat="47.76645" lon="19.22121" />
<trkpt lat="47.7659" lon="19.2215" />
<trkpt lat="47.76568" lon="19.22167" />
<trkpt lat="47.76544" lon="19.22193" />
<trkpt lat="47.76502" lon="19.22244" />
<trkpt lat="47.76471" lon="19.22284" />
<trkpt lat="47.76402" lon="19.22373" />
<trkpt lat="47.76385" lon="19.22403" />
<trkpt lat="47.76371" lon="19.22434" />
<trkpt lat="47.76361" lon="19.22458" />
<trkpt lat="47.76334" lon="19.22495" />
<trkpt lat="47.76297" lon="19.22539" />
<trkpt lat="47.76224" lon="19.22616" />
<trkpt lat="47.76187" lon="19.22651" />
<trkpt lat="47.76125" lon="19.22727" />
<trkpt lat="47.76103" lon="19.22759" />
<trkpt lat="47.7609" lon="19.22778" />
<trkpt lat="47.76077" lon="19.22794" />
<trkpt lat="47.76053" lon="19.2281" />
<trkpt lat="47.7597" lon="19.22855" />
<trkpt lat="47.75928" lon="19.2288" />
<trkpt lat="47.75829" lon="19.22947" />
<trkpt lat="47.75751" lon="19.22995" />
<trkpt lat="47.75703" lon="19.23033" />
<trkpt lat="47.75672" lon="19.23059" />
<trkpt lat="47.75644" lon="19.23082" />
<trkpt lat="47.75619" lon="19.23103" />
<trkpt lat="47.7559" lon="19.23154" />
<trkpt lat="47.75558" lon="19.23209" />
<trkpt lat="47.75531" lon="19.23248" />
<trkpt lat="47.75508" lon="19.23288" />
<trkpt lat="47.7547" lon="19.23332" />
<trkpt lat="47.75454" lon="19.23351" />
<trkpt lat="47.7542" lon="19.23393" />
<trkpt lat="47.75396" lon="19.23432" />
<trkpt lat="47.75385" lon="19.23454" />
<trkpt lat="47.75367" lon="19.23478" />
<trkpt lat="47.75355" lon="19.23502" />
<trkpt lat="47.7534" lon="19.23539" />
<trkpt lat="47.75332" lon="19.23576" />
<trkpt lat="47.75317" lon="19.2361" />
<trkpt lat="47.75298" lon="19.2365" />
<trkpt lat="47.75289" lon="19.23677" />
<trkpt lat="47.75274" lon="19.23739" />
<trkpt lat="47.75262" lon="19.23775" />
<trkpt lat="47.75248" lon="19.23798" />
<trkpt lat="47.75228" lon="19.23822" />
<trkpt lat="47.75189" lon="19.23853" />
<trkpt lat="47.75186" lon="19.23855" />
<trkpt lat="47.75184" lon="19.23844" />
<trkpt lat="47.75177" lon="19.23758" />
<trkpt lat="47.7517" lon="19.23711" />
<trkpt lat="47.75131" lon="19.23537" />
<trkpt lat="47.751" lon="19.23429" />
<trkpt lat="47.75087" lon="19.23402" />
<trkpt lat="47.75067" lon="19.23377" />
<trkpt lat="47.75048" lon="19.23359" />
<trkpt lat="47.75016" lon="19.23342" />
<trkpt lat="47.7498" lon="19.23333" />
<trkpt lat="47.74968" lon="19.23331" />
<trkpt lat="47.74958" lon="19.23331" />
<trkpt lat="47.74955" lon="19.23331" />
<trkpt lat="47.74952" lon="19.23331" />
<trkpt lat="47.74941" lon="19.23329" />
<trkpt lat="47.7494" lon="19.2333" />
<trkpt lat="47.74914" lon="19.2334" />
<trkpt lat="47.74868" lon="19.23359" />
<trkpt lat="47.74833" lon="19.23366" />
<trkpt lat="47.74826" lon="19.23366" />
<trkpt lat="47.74814" lon="19.23367" />
<trkpt lat="47.748" lon="19.23368" />
<trkpt lat="47.74795" lon="19.23368" />
<trkpt lat="47.74792" lon="19.23368" />
<trkpt lat="47.74788" lon="19.23368" />
<trkpt lat="47.74771" lon="19.23368" />
<trkpt lat="47.74757" lon="19.23368" />
<trkpt lat="47.74745" lon="19.23368" />
<trkpt lat="47.74743" lon="19.23368" />
<trkpt lat="47.7474" lon="19.23368" />
<trkpt lat="47.74735" lon="19.23369" />
<trkpt lat="47.74733" lon="19.23369" />
<trkpt lat="47.74731" lon="19.23369" />
<trkpt lat="47.74728" lon="19.23369" />
<trkpt lat="47.74713" lon="19.23363" />
<trkpt lat="47.74684" lon="19.23347" />
<trkpt lat="47.74665" lon="19.23331" />
<trkpt lat="47.74645" lon="19.23305" />
<trkpt lat="47.74618" lon="19.23259" />
<trkpt lat="47.74603" lon="19.23218" />
<trkpt lat="47.74588" lon="19.23194" />
<trkpt lat="47.74563" lon="19.23165" />
<trkpt lat="47.74548" lon="19.23149" />
<trkpt lat="47.74537" lon="19.23127" />
<trkpt lat="47.74525" lon="19.23109" />
<trkpt lat="47.74513" lon="19.23098" />
<trkpt lat="47.74493" lon="19.23089" />
<trkpt lat="47.74429" lon="19.23073" />
<trkpt lat="47.74414" lon="19.23065" />
<trkpt lat="47.74408" lon="19.23058" />
<trkpt lat="47.74398" lon="19.23036" />
<trkpt lat="47.74385" lon="19.23023" />
<trkpt lat="47.74327" lon="19.22974" />
<trkpt lat="47.74286" lon="19.22938" />
<trkpt lat="47.74234" lon="19.22892" />
<trkpt lat="47.7418" lon="19.22841" />
<trkpt lat="47.74169" lon="19.22825" />
<trkpt lat="47.74168" lon="19.22811" />
<trkpt lat="47.74171" lon="19.22794" />
<trkpt lat="47.74241" lon="19.22609" />
<trkpt lat="47.74352" lon="19.22342" />
<trkpt lat="47.74402" lon="19.22218" />
<trkpt lat="47.74434" lon="19.22135" />
<trkpt lat="47.74447" lon="19.22105" />
<trkpt lat="47.74457" lon="19.22083" />
<trkpt lat="47.74502" lon="19.2197" />
<trkpt lat="47.74537" lon="19.21884" />
<trkpt lat="47.74552" lon="19.21844" />
<trkpt lat="47.74557" lon="19.21828" />
<trkpt lat="47.74584" lon="19.21757" />
<trkpt lat="47.74589" lon="19.21744" />
<trkpt lat="47.74603" lon="19.21721" />
<trkpt lat="47.7461" lon="19.21688" />
<trkpt lat="47.74622" lon="19.21629" />
<trkpt lat="47.7462" lon="19.2162" />
<trkpt lat="47.74564" lon="19.21516" />
<trkpt lat="47.7454" lon="19.21474" />
<trkpt lat="47.74531" lon="19.21457" />
<trkpt lat="47.74529" lon="19.21445" />
<trkpt lat="47.74531" lon="19.21435" />
<trkpt lat="47.74549" lon="19.21405" />
<trkpt lat="47.74564" lon="19.21378" />
<trkpt lat="47.74597" lon="19.21333" />
<trkpt lat="47.746" lon="19.21322" />
<trkpt lat="47.74599" lon="19.21313" />
<trkpt lat="47.7459" lon="19.21295" />
<trkpt lat="47.7458" lon="19.21274" />
<trkpt lat="47.74573" lon="19.21245" />
<trkpt lat="47.74573" lon="19.21229" />
<trkpt lat="47.74575" lon="19.21223" />
<trkpt lat="47.74537" lon="19.21173" />
<trkpt lat="47.74533" lon="19.21179" />
<trkpt lat="47.74468" lon="19.21287" />
<trkpt lat="47.74395" lon="19.21411" />
<trkpt lat="47.74355" lon="19.21478" />
<trkpt lat="47.74339" lon="19.21462" />
<trkpt lat="47.74233" lon="19.21335" />
<trkpt lat="47.74141" lon="19.21231" />
<trkpt lat="47.74117" lon="19.21209" />
<trkpt lat="47.741" lon="19.21186" />
<trkpt lat="47.74081" lon="19.21162" />
<trkpt lat="47.74063" lon="19.21137" />
<trkpt lat="47.74033" lon="19.21101" />
<trkpt lat="47.74026" lon="19.2108" />
<trkpt lat="47.74018" lon="19.21057" />
<trkpt lat="47.74003" lon="19.21037" />
<trkpt lat="47.73992" lon="19.21031" />
<trkpt lat="47.7399" lon="19.21031" />
<trkpt lat="47.73984" lon="19.21031" />
<trkpt lat="47.73982" lon="19.21031" />
<trkpt lat="47.73977" lon="19.21026" />
<trkpt lat="47.73976" lon="19.21011" />
<trkpt lat="47.73988" lon="19.20973" />
<trkpt lat="47.73986" lon="19.2096" />
<trkpt lat="47.73976" lon="19.20935" />
<trkpt lat="47.73976" lon="19.20924" />
<trkpt lat="47.73979" lon="19.20907" />
<trkpt lat="47.73976" lon="19.209" />
<trkpt lat="47.73949" lon="19.20878" />
<trkpt lat="47.73937" lon="19.20863" />
<trkpt lat="47.73934" lon="19.20862" />
<trkpt lat="47.73931" lon="19.20861" />
<trkpt lat="47.73927" lon="19.20861" />
<trkpt lat="47.73913" lon="19.20857" />
<trkpt lat="47.73897" lon="19.2085" />
<trkpt lat="47.73896" lon="19.2085" />
<trkpt lat="47.73887" lon="19.20855" />
<trkpt lat="47.73877" lon="19.20869" />
<trkpt lat="47.73876" lon="19.20869" />
<trkpt lat="47.73875" lon="19.20869" />
<trkpt lat="47.73857" lon="19.20862" />
<trkpt lat="47.73838" lon="19.20853" />
<trkpt lat="47.73837" lon="19.20853" />
<trkpt lat="47.73834" lon="19.20852" />
<trkpt lat="47.73823" lon="19.20848" />
<trkpt lat="47.73811" lon="19.20835" />
<trkpt lat="47.73803" lon="19.20832" />
<trkpt lat="47.73802" lon="19.20831" />
<trkpt lat="47.738" lon="19.20832" />
<trkpt lat="47.73784" lon="19.20839" />
<trkpt lat="47.73774" lon="19.20855" />
<trkpt lat="47.7377" lon="19.20858" />
<trkpt lat="47.73769" lon="19.20858" />
<trkpt lat="47.73764" lon="19.20852" />
<trkpt lat="47.7376" lon="19.20843" />
<trkpt lat="47.73763" lon="19.20827" />
<trkpt lat="47.73764" lon="19.20818" />
<trkpt lat="47.73753" lon="19.20811" />
<trkpt lat="47.73739" lon="19.20808" />
<trkpt lat="47.73736" lon="19.20807" />
<trkpt lat="47.73719" lon="19.20803" />
<trkpt lat="47.73691" lon="19.20791" />
<trkpt lat="47.73653" lon="19.20782" />
<trkpt lat="47.73614" lon="19.20775" />
<trkpt lat="47.73565" lon="19.20761" />
<trkpt lat="47.73537" lon="19.20751" />
<trkpt lat="47.735" lon="19.20742" />
<trkpt lat="47.73468" lon="19.20732" />
<trkpt lat="47.73469" lon="19.20723" />
<trkpt lat="47.73496" lon="19.20523" />
<trkpt lat="47.73509" lon="19.20415" />
<trkpt lat="47.73514" lon="19.20354" />
<trkpt lat="47.73503" lon="19.20351" />
<trkpt lat="47.73477" lon="19.20346" />
<trkpt lat="47.73473" lon="19.20346" />
<trkpt lat="47.73453" lon="19.20343" />
<trkpt lat="47.73351" lon="19.20331" />
<trkpt lat="47.73223" lon="19.20314" />
<trkpt lat="47.73191" lon="19.20304" />
<trkpt lat="47.73142" lon="19.20277" />
<trkpt lat="47.73075" lon="19.20238" />
<trkpt lat="47.73028" lon="19.20199" />
<trkpt lat="47.72979" lon="19.20153" />
<trkpt lat="47.72853" lon="19.20055" />
<trkpt lat="47.72821" lon="19.20023" />
<trkpt lat="47.72747" lon="19.19936" />
<trkpt lat="47.72662" lon="19.19836" />
<trkpt lat="47.72628" lon="19.19802" />
<trkpt lat="47.72394" lon="19.19605" />
<trkpt lat="47.72309" lon="19.19536" />
<trkpt lat="47.72198" lon="19.19455" />
<trkpt lat="47.72156" lon="19.19417" />
<trkpt lat="47.71971" lon="19.19232" />
<trkpt lat="47.71942" lon="19.19207" />
<trkpt lat="47.71913" lon="19.19193" />
<trkpt lat="47.71887" lon="19.19186" />
<trkpt lat="47.71881" lon="19.19185" />
<trkpt lat="47.71875" lon="19.19185" />
<trkpt lat="47.71864" lon="19.19186" />
<trkpt lat="47.71796" lon="19.19198" />
<trkpt lat="47.7175" lon="19.19207" />
<trkpt lat="47.71744" lon="19.19207" />
<trkpt lat="47.71739" lon="19.19207" />
<trkpt lat="47.71735" lon="19.19206" />
<trkpt lat="47.71719" lon="19.19199" />
<trkpt lat="47.71706" lon="19.19183" />
<trkpt lat="47.71696" lon="19.19156" />
<trkpt lat="47.71679" lon="19.19089" />
<trkpt lat="47.71667" lon="19.19063" />
<trkpt lat="47.71635" lon="19.19017" />
<trkpt lat="47.71591" lon="19.1896" />
<trkpt lat="47.71551" lon="19.18915" />
<trkpt lat="47.71541" lon="19.18897" />
<trkpt lat="47.71541" lon="19.18897" />
<trkpt lat="47.71538" lon="19.18894" />
<trkpt lat="47.71535" lon="19.1889" />
<trkpt lat="47.71534" lon="19.1889" />
<trkpt lat="47.71521" lon="19.18905" />
<trkpt lat="47.71363" lon="19.19103" />
<trkpt lat="47.7128" lon="19.19211" />
<trkpt lat="47.71201" lon="19.19315" />
<trkpt lat="47.71161" lon="19.19345" />
<trkpt lat="47.71146" lon="19.19358" />
<trkpt lat="47.71107" lon="19.19394" />
<trkpt lat="47.70989" lon="19.19506" />
<trkpt lat="47.70971" lon="19.19529" />
<trkpt lat="47.7095" lon="19.19564" />
<trkpt lat="47.70823" lon="19.19798" />
<trkpt lat="47.7082" lon="19.19795" />
<trkpt lat="47.70776" lon="19.19758" />
<trkpt lat="47.70684" lon="19.1967" />
<trkpt lat="47.70586" lon="19.19581" />
<trkpt lat="47.7054" lon="19.19539" />
<trkpt lat="47.70527" lon="19.19529" />
<trkpt lat="47.70468" lon="19.19474" />
<trkpt lat="47.70404" lon="19.19416" />
<trkpt lat="47.70358" lon="19.19373" />
<trkpt lat="47.70279" lon="19.193" />
<trkpt lat="47.70193" lon="19.19221" />
<trkpt lat="47.70129" lon="19.19158" />
<trkpt lat="47.7007" lon="19.19105" />
<trkpt lat="47.70033" lon="19.19071" />
<trkpt lat="47.70001" lon="19.19043" />
<trkpt lat="47.69962" lon="19.19008" />
<trkpt lat="47.69941" lon="19.18987" />
<trkpt lat="47.69908" lon="19.18956" />
<trkpt lat="47.6986" lon="19.1891" />
<trkpt lat="47.69852" lon="19.18925" />
<trkpt lat="47.69827" lon="19.18974" />
<trkpt lat="47.69773" lon="19.19099" />
<trkpt lat="47.69745" lon="19.19163" />
<trkpt lat="47.69732" lon="19.19197" />
<trkpt lat="47.69724" lon="19.19222" />
<trkpt lat="47.69695" lon="19.19281" />
<trkpt lat="47.69625" lon="19.19443" />
<trkpt lat="47.69549" lon="19.19623" />
<trkpt lat="47.69513" lon="19.197" />
<trkpt lat="47.69455" lon="19.19839" />
<trkpt lat="47.69422" lon="19.19915" />
<trkpt lat="47.69387" lon="19.19993" />
<trkpt lat="47.69368" lon="19.2004" />
<trkpt lat="47.69351" lon="19.20079" />
<trkpt lat="47.69344" lon="19.2011" />
<trkpt lat="47.69343" lon="19.20116" />
<trkpt lat="47.69351" lon="19.20125" />
<trkpt lat="47.69407" lon="19.20182" />
<trkpt lat="47.6945" lon="19.20225" />
<trkpt lat="47.69481" lon="19.20257" />
<trkpt lat="47.69524" lon="19.20301" />
<trkpt lat="47.69551" lon="19.20325" />
<trkpt lat="47.69569" lon="19.20347" />
<trkpt lat="47.69608" lon="19.20383" />
<trkpt lat="47.69657" lon="19.20437" />
<trkpt lat="47.69728" lon="19.20507" />
<trkpt lat="47.69764" lon="19.20546" />
<trkpt lat="47.69783" lon="19.20572" />
<trkpt lat="47.69823" lon="19.20604" />
<trkpt lat="47.69851" lon="19.20634" />
<trkpt lat="47.69875" lon="19.20665" />
<trkpt lat="47.699" lon="19.20683" />
<trkpt lat="47.69938" lon="19.20722" />
<trkpt lat="47.6997" lon="19.20746" />
<trkpt lat="47.70012" lon="19.20775" />
<trkpt lat="47.70037" lon="19.20794" />
<trkpt lat="47.70057" lon="19.20809" />
<trkpt lat="47.70072" lon="19.20824" />
<trkpt lat="47.70119" lon="19.2085" />
<trkpt lat="47.70182" lon="19.20896" />
<trkpt lat="47.70193" lon="19.20905" />
<trkpt lat="47.7021" lon="19.20933" />
<trkpt lat="47.70251" lon="19.20969" />
<trkpt lat="47.70286" lon="19.21006" />
<trkpt lat="47.70294" lon="19.21023" />
<trkpt lat="47.70295" lon="19.21037" />
<trkpt lat="47.70292" lon="19.21056" />
<trkpt lat="47.70284" lon="19.21076" />
<trkpt lat="47.70251" lon="19.2114" />
<trkpt lat="47.70224" lon="19.21206" />
<trkpt lat="47.70202" lon="19.2125" />
<trkpt lat="47.70148" lon="19.2138" />
<trkpt lat="47.70129" lon="19.21424" />
<trkpt lat="47.70098" lon="19.21489" />
<trkpt lat="47.70067" lon="19.21571" />
<trkpt lat="47.70035" lon="19.21637" />
<trkpt lat="47.70011" lon="19.2167" />
<trkpt lat="47.69984" lon="19.21709" />
<trkpt lat="47.69953" lon="19.2174" />
<trkpt lat="47.69926" lon="19.2177" />
<trkpt lat="47.69917" lon="19.21789" />
<trkpt lat="47.69912" lon="19.21814" />
<trkpt lat="47.69915" lon="19.21826" />
<trkpt lat="47.69948" lon="19.21895" />
<trkpt lat="47.69991" lon="19.21977" />
<trkpt lat="47.70041" lon="19.2207" />
<trkpt lat="47.70101" lon="19.22184" />
<trkpt lat="47.70149" lon="19.22281" />
<trkpt lat="47.70196" lon="19.22362" />
<trkpt lat="47.70259" lon="19.22483" />
<trkpt lat="47.70295" lon="19.22547" />
<trkpt lat="47.70316" lon="19.22591" />
<trkpt lat="47.70356" lon="19.22638" />
<trkpt lat="47.70382" lon="19.22664" />
<trkpt lat="47.70452" lon="19.22722" />
<trkpt lat="47.70481" lon="19.22749" />
<trkpt lat="47.70546" lon="19.22802" />
<trkpt lat="47.70598" lon="19.22843" />
<trkpt lat="47.70666" lon="19.22902" />
<trkpt lat="47.70692" lon="19.22925" />
<trkpt lat="47.70698" lon="19.22926" />
<trkpt lat="47.707" lon="19.22926" />
<trkpt lat="47.70702" lon="19.22926" />
<trkpt lat="47.70732" lon="19.22916" />
<trkpt lat="47.70778" lon="19.229" />
<trkpt lat="47.70921" lon="19.22865" />
<trkpt lat="47.71001" lon="19.22846" />
<trkpt lat="47.71009" lon="19.22845" />
<trkpt lat="47.71012" lon="19.22844" />
<trkpt lat="47.71016" lon="19.22845" />
<trkpt lat="47.71018" lon="19.22852" />
<trkpt lat="47.71033" lon="19.22915" />
<trkpt lat="47.71073" lon="19.23022" />
<trkpt lat="47.7108" lon="19.23048" />
<trkpt lat="47.71081" lon="19.23066" />
<trkpt lat="47.71071" lon="19.23087" />
<trkpt lat="47.71016" lon="19.23167" />
<trkpt lat="47.70993" lon="19.23205" />
<trkpt lat="47.70988" lon="19.23222" />
<trkpt lat="47.70986" lon="19.23297" />
<trkpt lat="47.70987" lon="19.23333" />
<trkpt lat="47.70993" lon="19.23366" />
<trkpt lat="47.71015" lon="19.23427" />
<trkpt lat="47.71048" lon="19.23521" />
<trkpt lat="47.71045" lon="19.23523" />
<trkpt lat="47.71033" lon="19.23536" />
<trkpt lat="47.70952" lon="19.23571" />
<trkpt lat="47.70923" lon="19.23585" />
<trkpt lat="47.70921" lon="19.23585" />
<trkpt lat="47.70919" lon="19.23585" />
<trkpt lat="47.70917" lon="19.23585" />
<trkpt lat="47.70873" lon="19.23606" />
<trkpt lat="47.70762" lon="19.23662" />
<trkpt lat="47.70736" lon="19.23687" />
<trkpt lat="47.70734" lon="19.23695" />
<trkpt lat="47.70732" lon="19.23705" />
<trkpt lat="47.70688" lon="19.23756" />
<trkpt lat="47.70695" lon="19.2377" />
<trkpt lat="47.70701" lon="19.23783" />
<trkpt lat="47.70695" lon="19.23791" />
<trkpt lat="47.70661" lon="19.23824" />
<trkpt lat="47.70584" lon="19.23905" />
<trkpt lat="47.705" lon="19.23993" />
<trkpt lat="47.70483" lon="19.24012" />
<trkpt lat="47.705" lon="19.24043" />
<trkpt lat="47.70523" lon="19.24077" />
<trkpt lat="47.70544" lon="19.24097" />
<trkpt lat="47.70564" lon="19.24112" />
<trkpt lat="47.70574" lon="19.24129" />
<trkpt lat="47.70648" lon="19.24287" />
<trkpt lat="47.70703" lon="19.24407" />
<trkpt lat="47.70752" lon="19.24515" />
<trkpt lat="47.70781" lon="19.24579" />
<trkpt lat="47.70785" lon="19.24592" />
<trkpt lat="47.70781" lon="19.24612" />
<trkpt lat="47.70774" lon="19.24628" />
<trkpt lat="47.70739" lon="19.24682" />
<trkpt lat="47.7071" lon="19.24723" />
<trkpt lat="47.70685" lon="19.24767" />
<trkpt lat="47.70668" lon="19.24805" />
<trkpt lat="47.70648" lon="19.24856" />
<trkpt lat="47.7062" lon="19.2494" />
<trkpt lat="47.70609" lon="19.24964" />
<trkpt lat="47.70591" lon="19.24985" />
<trkpt lat="47.70582" lon="19.24988" />
<trkpt lat="47.70579" lon="19.24988" />
<trkpt lat="47.70577" lon="19.24988" />
<trkpt lat="47.70568" lon="19.24993" />
<trkpt lat="47.70558" lon="19.25009" />
<trkpt lat="47.70529" lon="19.25069" />
<trkpt lat="47.70512" lon="19.25037" />
<trkpt lat="47.70474" lon="19.2499" />
<trkpt lat="47.70431" lon="19.24938" />
<trkpt lat="47.70373" lon="19.24873" />
<trkpt lat="47.70325" lon="19.24817" />
<trkpt lat="47.70313" lon="19.24808" />
<trkpt lat="47.70312" lon="19.24808" />
<trkpt lat="47.70309" lon="19.24815" />
<trkpt lat="47.70301" lon="19.24834" />
<trkpt lat="47.70271" lon="19.24883" />
<trkpt lat="47.70245" lon="19.2492" />
<trkpt lat="47.70199" lon="19.24994" />
<trkpt lat="47.70184" lon="19.25025" />
<trkpt lat="47.70163" lon="19.25072" />
<trkpt lat="47.70132" lon="19.25135" />
<trkpt lat="47.70109" lon="19.25182" />
<trkpt lat="47.70078" lon="19.25245" />
<trkpt lat="47.70053" lon="19.25308" />
<trkpt lat="47.7004" lon="19.25334" />
<trkpt lat="47.70023" lon="19.25344" />
<trkpt lat="47.69971" lon="19.2537" />
<trkpt lat="47.69956" lon="19.25373" />
<trkpt lat="47.69955" lon="19.25373" />
<trkpt lat="47.69954" lon="19.25373" />
<trkpt lat="47.69943" lon="19.25367" />
<trkpt lat="47.69934" lon="19.25353" />
<trkpt lat="47.69929" lon="19.25351" />
<trkpt lat="47.69927" lon="19.25351" />
<trkpt lat="47.69925" lon="19.25351" />
<trkpt lat="47.69916" lon="19.25358" />
<trkpt lat="47.69908" lon="19.25373" />
<trkpt lat="47.69901" lon="19.25407" />
<trkpt lat="47.69888" lon="19.25456" />
<trkpt lat="47.69881" lon="19.25495" />
<trkpt lat="47.69867" lon="19.25543" />
<trkpt lat="47.69852" lon="19.25629" />
<trkpt lat="47.69847" lon="19.25653" />
<trkpt lat="47.69835" lon="19.25693" />
<trkpt lat="47.69826" lon="19.25759" />
<trkpt lat="47.69822" lon="19.25792" />
<trkpt lat="47.69823" lon="19.25843" />
<trkpt lat="47.69832" lon="19.25899" />
<trkpt lat="47.69834" lon="19.25932" />
<trkpt lat="47.69834" lon="19.25949" />
<trkpt lat="47.69825" lon="19.25972" />
<trkpt lat="47.69827" lon="19.25981" />
<trkpt lat="47.69835" lon="19.26003" />
<trkpt lat="47.69836" lon="19.26019" />
<trkpt lat="47.69834" lon="19.26028" />
<trkpt lat="47.69801" lon="19.26094" />
<trkpt lat="47.69754" lon="19.26197" />
<trkpt lat="47.69728" lon="19.26256" />
<trkpt lat="47.69702" lon="19.26312" />
<trkpt lat="47.69665" lon="19.26398" />
<trkpt lat="47.69646" lon="19.26437" />
<trkpt lat="47.69634" lon="19.26471" />
<trkpt lat="47.6961" lon="19.26513" />
<trkpt lat="47.69577" lon="19.26586" />
<trkpt lat="47.69564" lon="19.26603" />
<trkpt lat="47.69563" lon="19.26603" />
<trkpt lat="47.69562" lon="19.26603" />
<trkpt lat="47.69561" lon="19.26602" />
<trkpt lat="47.6956" lon="19.26602" />
<trkpt lat="47.69554" lon="19.26607" />
<trkpt lat="47.69521" lon="19.2668" />
<trkpt lat="47.69506" lon="19.2671" />
<trkpt lat="47.69504" lon="19.26713" />
<trkpt lat="47.69497" lon="19.26709" />
<trkpt lat="47.69482" lon="19.26694" />
<trkpt lat="47.69458" lon="19.26665" />
<trkpt lat="47.69448" lon="19.26659" />
<trkpt lat="47.69444" lon="19.26658" />
<trkpt lat="47.69443" lon="19.26659" />
<trkpt lat="47.69439" lon="19.26667" />
<trkpt lat="47.69403" lon="19.26774" />
<trkpt lat="47.69379" lon="19.26834" />
<trkpt lat="47.69335" lon="19.26935" />
<trkpt lat="47.69321" lon="19.26966" />
<trkpt lat="47.69304" lon="19.2702" />
<trkpt lat="47.69274" lon="19.27092" />
<trkpt lat="47.69261" lon="19.27134" />
<trkpt lat="47.69244" lon="19.27169" />
<trkpt lat="47.69236" lon="19.27198" />
<trkpt lat="47.69223" lon="19.27249" />
<trkpt lat="47.69191" lon="19.27365" />
<trkpt lat="47.69185" lon="19.27384" />
<trkpt lat="47.69207" lon="19.27396" />
<trkpt lat="47.69307" lon="19.27445" />
<trkpt lat="47.69386" lon="19.27485" />
<trkpt lat="47.69421" lon="19.27501" />
<trkpt lat="47.69474" lon="19.2753" />
<trkpt lat="47.69541" lon="19.27565" />
<trkpt lat="47.6955" lon="19.27571" />
<trkpt lat="47.69548" lon="19.27576" />
<trkpt lat="47.69495" lon="19.27699" />
<trkpt lat="47.69449" lon="19.2781" />
<trkpt lat="47.69385" lon="19.27963" />
<trkpt lat="47.69332" lon="19.28087" />
<trkpt lat="47.69266" lon="19.28247" />
<trkpt lat="47.69242" lon="19.28299" />
<trkpt lat="47.69224" lon="19.28348" />
<trkpt lat="47.69194" lon="19.28423" />
<trkpt lat="47.69162" lon="19.285" />
<trkpt lat="47.69134" lon="19.28567" />
<trkpt lat="47.69069" lon="19.28723" />
<trkpt lat="47.69047" lon="19.28772" />
<trkpt lat="47.69044" lon="19.28777" />
<trkpt lat="47.69046" lon="19.2878" />
<trkpt lat="47.69117" lon="19.28875" />
<trkpt lat="47.69147" lon="19.28913" />
<trkpt lat="47.69167" lon="19.28939" />
<trkpt lat="47.69176" lon="19.28947" />
<trkpt lat="47.69176" lon="19.28947" />
<trkpt lat="47.69185" lon="19.28941" />
<trkpt lat="47.69199" lon="19.28933" />
<trkpt lat="47.69226" lon="19.28926" />
<trkpt lat="47.69231" lon="19.28925" />
<trkpt lat="47.69234" lon="19.28925" />
<trkpt lat="47.69236" lon="19.28925" />
<trkpt lat="47.69239" lon="19.28925" />
<trkpt lat="47.69256" lon="19.28934" />
<trkpt lat="47.69303" lon="19.28964" />
<trkpt lat="47.69324" lon="19.2898" />
<trkpt lat="47.69373" lon="19.29033" />
<trkpt lat="47.69404" lon="19.29064" />
<trkpt lat="47.69448" lon="19.29098" />
<trkpt lat="47.69528" lon="19.29153" />
<trkpt lat="47.69541" lon="19.29166" />
<trkpt lat="47.69567" lon="19.29185" />
<trkpt lat="47.69563" lon="19.29196" />
<trkpt lat="47.69547" lon="19.29237" />
<trkpt lat="47.69541" lon="19.2927" />
<trkpt lat="47.69535" lon="19.29325" />
<trkpt lat="47.69529" lon="19.29375" />
<trkpt lat="47.69521" lon="19.29398" />
<trkpt lat="47.69514" lon="19.29421" />
<trkpt lat="47.69512" lon="19.29497" />
<trkpt lat="47.69512" lon="19.29545" />
<trkpt lat="47.69518" lon="19.29625" />
<trkpt lat="47.69516" lon="19.29653" />
<trkpt lat="47.6951" lon="19.29676" />
<trkpt lat="47.69471" lon="19.29777" />
<trkpt lat="47.69443" lon="19.29856" />
<trkpt lat="47.6941" lon="19.29944" />
<trkpt lat="47.69405" lon="19.29961" />
<trkpt lat="47.69401" lon="19.30011" />
<trkpt lat="47.69395" lon="19.30063" />
<trkpt lat="47.69389" lon="19.30202" />
<trkpt lat="47.69385" lon="19.3028" />
<trkpt lat="47.69378" lon="19.30349" />
<trkpt lat="47.69378" lon="19.30474" />
<trkpt lat="47.69378" lon="19.30536" />
<trkpt lat="47.6938" lon="19.30552" />
<trkpt lat="47.69388" lon="19.30566" />
<trkpt lat="47.69386" lon="19.3057" />
<trkpt lat="47.69377" lon="19.30601" />
<trkpt lat="47.69366" lon="19.30656" />
<trkpt lat="47.69347" lon="19.30705" />
<trkpt lat="47.6933" lon="19.30752" />
<trkpt lat="47.69324" lon="19.30778" />
<trkpt lat="47.69317" lon="19.30844" />
<trkpt lat="47.69309" lon="19.30868" />
<trkpt lat="47.69281" lon="19.30913" />
<trkpt lat="47.69256" lon="19.30952" />
<trkpt lat="47.69239" lon="19.30987" />
<trkpt lat="47.69227" lon="19.31021" />
<trkpt lat="47.69209" lon="19.31105" />
<trkpt lat="47.6919" lon="19.31169" />
<trkpt lat="47.69164" lon="19.31254" />
<trkpt lat="47.69147" lon="19.31304" />
<trkpt lat="47.69129" lon="19.31376" />
<trkpt lat="47.69112" lon="19.31425" />
<trkpt lat="47.69101" lon="19.31475" />
<trkpt lat="47.69091" lon="19.31493" />
<trkpt lat="47.69065" lon="19.31521" />
<trkpt lat="47.69055" lon="19.31542" />
<trkpt lat="47.69038" lon="19.31598" />
<trkpt lat="47.69031" lon="19.31633" />
<trkpt lat="47.69031" lon="19.31643" />
<trkpt lat="47.69036" lon="19.31644" />
<trkpt lat="47.69074" lon="19.31661" />
<trkpt lat="47.69092" lon="19.31668" />
<trkpt lat="47.69144" lon="19.31703" />
<trkpt lat="47.69209" lon="19.31742" />
<trkpt lat="47.69264" lon="19.31773" />
<trkpt lat="47.69312" lon="19.31798" />
<trkpt lat="47.69363" lon="19.3183" />
<trkpt lat="47.69419" lon="19.31861" />
<trkpt lat="47.69478" lon="19.31897" />
<trkpt lat="47.6951" lon="19.31921" />
<trkpt lat="47.69516" lon="19.31922" />
<trkpt lat="47.69518" lon="19.31922" />
<trkpt lat="47.69521" lon="19.31922" />
<trkpt lat="47.69524" lon="19.31922" />
<trkpt lat="47.6954" lon="19.31926" />
<trkpt lat="47.69581" lon="19.3195" />
<trkpt lat="47.69609" lon="19.31974" />
<trkpt lat="47.69638" lon="19.32001" />
<trkpt lat="47.69651" lon="19.3201" />
<trkpt lat="47.69663" lon="19.32034" />
<trkpt lat="47.69695" lon="19.32087" />
<trkpt lat="47.69704" lon="19.32103" />
<trkpt lat="47.69704" lon="19.32111" />
<trkpt lat="47.69682" lon="19.32154" />
<trkpt lat="47.69642" lon="19.32237" />
<trkpt lat="47.69635" lon="19.32264" />
<trkpt lat="47.69625" lon="19.32307" />
<trkpt lat="47.69626" lon="19.32328" />
<trkpt lat="47.6963" lon="19.32369" />
<trkpt lat="47.69632" lon="19.32403" />
<trkpt lat="47.69649" lon="19.3248" />
<trkpt lat="47.69652" lon="19.32513" />
<trkpt lat="47.69654" lon="19.32575" />
<trkpt lat="47.69659" lon="19.32597" />
<trkpt lat="47.6967" lon="19.3261" />
<trkpt lat="47.69684" lon="19.32639" />
<trkpt lat="47.69703" lon="19.32661" />
<trkpt lat="47.69704" lon="19.32661" />
<trkpt lat="47.69704" lon="19.32661" />
<trkpt lat="47.69712" lon="19.32653" />
<trkpt lat="47.69724" lon="19.32642" />
<trkpt lat="47.69726" lon="19.32646" />
<trkpt lat="47.69732" lon="19.32658" />
<trkpt lat="47.69761" lon="19.32695" />
<trkpt lat="47.69823" lon="19.32797" />
<trkpt lat="47.69819" lon="19.32803" />
<trkpt lat="47.69806" lon="19.32836" />
<trkpt lat="47.69794" lon="19.32873" />
<trkpt lat="47.69781" lon="19.32894" />
<trkpt lat="47.69735" lon="19.32955" />
<trkpt lat="47.69706" lon="19.33006" />
<trkpt lat="47.69671" lon="19.3307" />
<trkpt lat="47.69662" lon="19.33095" />
<trkpt lat="47.69659" lon="19.33125" />
<trkpt lat="47.69657" lon="19.33147" />
<trkpt lat="47.69652" lon="19.33161" />
<trkpt lat="47.69614" lon="19.33215" />
<trkpt lat="47.69592" lon="19.3324" />
<trkpt lat="47.69546" lon="19.33293" />
<trkpt lat="47.69498" lon="19.33361" />
<trkpt lat="47.69467" lon="19.33405" />
<trkpt lat="47.69452" lon="19.33444" />
<trkpt lat="47.69436" lon="19.33497" />
<trkpt lat="47.69416" lon="19.33531" />
<trkpt lat="47.69393" lon="19.33571" />
<trkpt lat="47.69387" lon="19.33596" />
<trkpt lat="47.6938" lon="19.33631" />
<trkpt lat="47.69375" lon="19.33648" />
<trkpt lat="47.69372" lon="19.33645" />
<trkpt lat="47.6933" lon="19.33591" />
<trkpt lat="47.69267" lon="19.33524" />
<trkpt lat="47.69211" lon="19.3347" />
<trkpt lat="47.69189" lon="19.33433" />
<trkpt lat="47.69142" lon="19.33381" />
<trkpt lat="47.69119" lon="19.33364" />
<trkpt lat="47.69078" lon="19.3334" />
<trkpt lat="47.69035" lon="19.33321" />
<trkpt lat="47.69014" lon="19.33305" />
<trkpt lat="47.69012" lon="19.33305" />
<trkpt lat="47.69009" lon="19.33305" />
<trkpt lat="47.69006" lon="19.33305" />
<trkpt lat="47.69" lon="19.33306" />
<trkpt lat="47.68997" lon="19.33306" />
<trkpt lat="47.68995" lon="19.33306" />
<trkpt lat="47.68975" lon="19.33295" />
<trkpt lat="47.68953" lon="19.33284" />
<trkpt lat="47.68895" lon="19.33263" />
<trkpt lat="47.68851" lon="19.3325" />
<trkpt lat="47.68842" lon="19.33248" />
<trkpt lat="47.6884" lon="19.33248" />
<trkpt lat="47.68836" lon="19.33248" />
<trkpt lat="47.68832" lon="19.33247" />
<trkpt lat="47.6883" lon="19.33247" />
<trkpt lat="47.68824" lon="19.33247" />
<trkpt lat="47.6882" lon="19.33247" />
<trkpt lat="47.68816" lon="19.33247" />
<trkpt lat="47.68812" lon="19.33247" />
<trkpt lat="47.68809" lon="19.33247" />
<trkpt lat="47.68805" lon="19.33247" />
<trkpt lat="47.68803" lon="19.33247" />
<trkpt lat="47.68801" lon="19.33247" />
<trkpt lat="47.688" lon="19.33247" />
<trkpt lat="47.68781" lon="19.33241" />
<trkpt lat="47.68755" lon="19.33232" />
<trkpt lat="47.68751" lon="19.33271" />
<trkpt lat="47.68734" lon="19.33343" />
<trkpt lat="47.68715" lon="19.3344" />
<trkpt lat="47.68709" lon="19.33493" />
<trkpt lat="47.68705" lon="19.33533" />
<trkpt lat="47.68696" lon="19.33571" />
<trkpt lat="47.68685" lon="19.33654" />
<trkpt lat="47.68676" lon="19.337" />
<trkpt lat="47.68663" lon="19.33776" />
<trkpt lat="47.68659" lon="19.33792" />
<trkpt lat="47.68655" lon="19.33855" />
<trkpt lat="47.68643" lon="19.33922" />
<trkpt lat="47.68641" lon="19.33936" />
<trkpt lat="47.68632" lon="19.3397" />
<trkpt lat="47.68626" lon="19.34014" />
<trkpt lat="47.68621" lon="19.34041" />
<trkpt lat="47.68613" lon="19.34104" />
<trkpt lat="47.68602" lon="19.34169" />
<trkpt lat="47.68597" lon="19.34202" />
<trkpt lat="47.68592" lon="19.34231" />
<trkpt lat="47.68586" lon="19.34271" />
<trkpt lat="47.68581" lon="19.34288" />
<trkpt lat="47.68572" lon="19.34315" />
<trkpt lat="47.6856" lon="19.34373" />
<trkpt lat="47.68547" lon="19.34467" />
<trkpt lat="47.68535" lon="19.34543" />
<trkpt lat="47.68528" lon="19.34573" />
<trkpt lat="47.68529" lon="19.3459" />
<trkpt lat="47.68538" lon="19.34619" />
<trkpt lat="47.68536" lon="19.34652" />
<trkpt lat="47.68531" lon="19.34676" />
<trkpt lat="47.68516" lon="19.34716" />
<trkpt lat="47.68507" lon="19.34753" />
<trkpt lat="47.68503" lon="19.34785" />
<trkpt lat="47.68497" lon="19.34842" />
<trkpt lat="47.6849" lon="19.34876" />
<trkpt lat="47.68475" lon="19.3493" />
<trkpt lat="47.68467" lon="19.34977" />
<trkpt lat="47.68458" lon="19.35033" />
<trkpt lat="47.68445" lon="19.35076" />
<trkpt lat="47.68438" lon="19.35116" />
<trkpt lat="47.68429" lon="19.35174" />
<trkpt lat="47.68418" lon="19.35231" />
<trkpt lat="47.68406" lon="19.35266" />
<trkpt lat="47.68391" lon="19.35291" />
<trkpt lat="47.68353" lon="19.35333" />
<trkpt lat="47.6832" lon="19.35361" />
<trkpt lat="47.6828" lon="19.35391" />
<trkpt lat="47.68264" lon="19.35413" />
<trkpt lat="47.68235" lon="19.35455" />
<trkpt lat="47.68196" lon="19.35502" />
<trkpt lat="47.68169" lon="19.3553" />
<trkpt lat="47.68151" lon="19.35555" />
<trkpt lat="47.68139" lon="19.35577" />
<trkpt lat="47.68122" lon="19.35585" />
<trkpt lat="47.68096" lon="19.35596" />
<trkpt lat="47.68095" lon="19.35596" />
<trkpt lat="47.6807" lon="19.35587" />
<trkpt lat="47.68064" lon="19.35586" />
<trkpt lat="47.68063" lon="19.35586" />
<trkpt lat="47.68047" lon="19.35591" />
<trkpt lat="47.67998" lon="19.35626" />
<trkpt lat="47.6795" lon="19.35653" />
<trkpt lat="47.67931" lon="19.35665" />
<trkpt lat="47.67886" lon="19.35702" />
<trkpt lat="47.67858" lon="19.35719" />
<trkpt lat="47.67813" lon="19.35744" />
<trkpt lat="47.67735" lon="19.35798" />
<trkpt lat="47.67683" lon="19.3584" />
<trkpt lat="47.67661" lon="19.35857" />
<trkpt lat="47.67653" lon="19.35871" />
<trkpt lat="47.67632" lon="19.35913" />
<trkpt lat="47.67617" lon="19.35931" />
<trkpt lat="47.67599" lon="19.35951" />
<trkpt lat="47.67597" lon="19.35964" />
<trkpt lat="47.67607" lon="19.36012" />
<trkpt lat="47.67608" lon="19.36039" />
<trkpt lat="47.67606" lon="19.36057" />
<trkpt lat="47.67576" lon="19.36123" />
<trkpt lat="47.67564" lon="19.36156" />
<trkpt lat="47.67543" lon="19.36191" />
<trkpt lat="47.6751" lon="19.36239" />
<trkpt lat="47.67451" lon="19.36305" />
<trkpt lat="47.67405" lon="19.36354" />
<trkpt lat="47.67372" lon="19.36406" />
<trkpt lat="47.67366" lon="19.36409" />
<trkpt lat="47.67358" lon="19.36405" />
<trkpt lat="47.67301" lon="19.36375" />
<trkpt lat="47.67249" lon="19.36331" />
<trkpt lat="47.67194" lon="19.36275" />
<trkpt lat="47.67173" lon="19.36251" />
<trkpt lat="47.67163" lon="19.36239" />
<trkpt lat="47.67155" lon="19.36222" />
<trkpt lat="47.67138" lon="19.36216" />
<trkpt lat="47.67125" lon="19.362" />
<trkpt lat="47.6706" lon="19.36125" />
<trkpt lat="47.67006" lon="19.36079" />
<trkpt lat="47.66988" lon="19.36069" />
<trkpt lat="47.66978" lon="19.36066" />
<trkpt lat="47.66968" lon="19.36067" />
<trkpt lat="47.66955" lon="19.36067" />
<trkpt lat="47.66943" lon="19.36065" />
<trkpt lat="47.66935" lon="19.3606" />
<trkpt lat="47.66921" lon="19.36051" />
<trkpt lat="47.66911" lon="19.36041" />
<trkpt lat="47.66903" lon="19.36037" />
<trkpt lat="47.66895" lon="19.36033" />
<trkpt lat="47.66889" lon="19.36028" />
<trkpt lat="47.66883" lon="19.36024" />
<trkpt lat="47.66871" lon="19.36019" />
<trkpt lat="47.66861" lon="19.36012" />
<trkpt lat="47.66852" lon="19.36001" />
<trkpt lat="47.66841" lon="19.35989" />
<trkpt lat="47.668" lon="19.35951" />
<trkpt lat="47.66726" lon="19.35864" />
<trkpt lat="47.66693" lon="19.35804" />
<trkpt lat="47.66612" lon="19.35714" />
<trkpt lat="47.66543" lon="19.35654" />
<trkpt lat="47.66472" lon="19.35586" />
<trkpt lat="47.66459" lon="19.35573" />
<trkpt lat="47.66446" lon="19.35567" />
<trkpt lat="47.66434" lon="19.35564" />
<trkpt lat="47.66376" lon="19.3553" />
<trkpt lat="47.66365" lon="19.35499" />
<trkpt lat="47.66342" lon="19.35468" />
<trkpt lat="47.66341" lon="19.35466" />
<trkpt lat="47.66338" lon="19.35462" />
<trkpt lat="47.66314" lon="19.3541" />
<trkpt lat="47.66404" lon="19.35229" />
<trkpt lat="47.6643" lon="19.35025" />
<trkpt lat="47.6654" lon="19.34793" />
<trkpt lat="47.66606" lon="19.34578" />
<trkpt lat="47.66612" lon="19.3456" />
<trkpt lat="47.66661" lon="19.34411" />
<trkpt lat="47.66662" lon="19.34406" />
<trkpt lat="47.6667" lon="19.34391" />
<trkpt lat="47.66676" lon="19.34354" />
<trkpt lat="47.66699" lon="19.34265" />
<trkpt lat="47.66746" lon="19.34105" />
<trkpt lat="47.66773" lon="19.34015" />
<trkpt lat="47.66785" lon="19.33987" />
<trkpt lat="47.66771" lon="19.33962" />
<trkpt lat="47.66705" lon="19.33855" />
<trkpt lat="47.66698" lon="19.33846" />
<trkpt lat="47.66687" lon="19.33827" />
<trkpt lat="47.66678" lon="19.33812" />
<trkpt lat="47.66616" lon="19.33717" />
<trkpt lat="47.66606" lon="19.33697" />
<trkpt lat="47.66601" lon="19.3368" />
<trkpt lat="47.66569" lon="19.33579" />
<trkpt lat="47.66544" lon="19.33539" />
<trkpt lat="47.66524" lon="19.33565" />
<trkpt lat="47.66477" lon="19.33646" />
<trkpt lat="47.66419" lon="19.33776" />
<trkpt lat="47.66368" lon="19.33731" />
<trkpt lat="47.66333" lon="19.33697" />
<trkpt lat="47.66284" lon="19.33677" />
<trkpt lat="47.66262" lon="19.33643" />
<trkpt lat="47.66254" lon="19.33656" />
<trkpt lat="47.66253" lon="19.33663" />
<trkpt lat="47.66256" lon="19.33676" />
<trkpt lat="47.66253" lon="19.33681" />
<trkpt lat="47.66191" lon="19.33691" />
<trkpt lat="47.66167" lon="19.33687" />
<trkpt lat="47.66069" lon="19.33714" />
<trkpt lat="47.66039" lon="19.33712" />
<trkpt lat="47.6593" lon="19.33688" />
<trkpt lat="47.6591" lon="19.33685" />
<trkpt lat="47.65902" lon="19.33677" />
<trkpt lat="47.65895" lon="19.33661" />
<trkpt lat="47.6588" lon="19.33649" />
<trkpt lat="47.65824" lon="19.3363" />
<trkpt lat="47.65781" lon="19.3359" />
<trkpt lat="47.65758" lon="19.33623" />
<trkpt lat="47.65697" lon="19.33762" />
<trkpt lat="47.65615" lon="19.33981" />
<trkpt lat="47.65611" lon="19.33981" />
<trkpt lat="47.65602" lon="19.33982" />
<trkpt lat="47.65587" lon="19.33984" />
<trkpt lat="47.65559" lon="19.33991" />
<trkpt lat="47.65527" lon="19.33997" />
<trkpt lat="47.65511" lon="19.33998" />
<trkpt lat="47.65497" lon="19.34001" />
<trkpt lat="47.65486" lon="19.34005" />
<trkpt lat="47.65477" lon="19.34007" />
<trkpt lat="47.65467" lon="19.34006" />
<trkpt lat="47.65458" lon="19.33998" />
<trkpt lat="47.6545" lon="19.33988" />
<trkpt lat="47.65435" lon="19.33967" />
<trkpt lat="47.65423" lon="19.3395" />
<trkpt lat="47.6541" lon="19.33937" />
<trkpt lat="47.65412" lon="19.33904" />
<trkpt lat="47.65417" lon="19.33862" />
<trkpt lat="47.65421" lon="19.33797" />
<trkpt lat="47.65397" lon="19.33793" />
<trkpt lat="47.65371" lon="19.3379" />
<trkpt lat="47.65349" lon="19.33796" />
<trkpt lat="47.65314" lon="19.338" />
<trkpt lat="47.65242" lon="19.33811" />
<trkpt lat="47.65196" lon="19.33812" />
<trkpt lat="47.6518" lon="19.33812" />
<trkpt lat="47.6513" lon="19.33826" />
<trkpt lat="47.65093" lon="19.33832" />
<trkpt lat="47.65079" lon="19.33832" />
<trkpt lat="47.65031" lon="19.3384" />
<trkpt lat="47.65005" lon="19.33839" />
<trkpt lat="47.64972" lon="19.33841" />
<trkpt lat="47.64925" lon="19.33848" />
<trkpt lat="47.64891" lon="19.33855" />
<trkpt lat="47.64848" lon="19.33861" />
<trkpt lat="47.64827" lon="19.33898" />
<trkpt lat="47.64752" lon="19.33997" />
<trkpt lat="47.64739" lon="19.34014" />
<trkpt lat="47.64731" lon="19.34027" />
<trkpt lat="47.6472" lon="19.34046" />
<trkpt lat="47.6471" lon="19.34055" />
<trkpt lat="47.64701" lon="19.34058" />
<trkpt lat="47.64689" lon="19.34058" />
<trkpt lat="47.64677" lon="19.34056" />
<trkpt lat="47.64629" lon="19.34016" />
<trkpt lat="47.6462" lon="19.34012" />
<trkpt lat="47.64629" lon="19.3397" />
<trkpt lat="47.64638" lon="19.33932" />
<trkpt lat="47.64643" lon="19.33908" />
<trkpt lat="47.64649" lon="19.33884" />
<trkpt lat="47.64652" lon="19.3385" />
<trkpt lat="47.64656" lon="19.33793" />
<trkpt lat="47.64659" lon="19.33762" />
<trkpt lat="47.64661" lon="19.33732" />
<trkpt lat="47.64661" lon="19.33709" />
<trkpt lat="47.6466" lon="19.33689" />
<trkpt lat="47.64655" lon="19.33673" />
<trkpt lat="47.64652" lon="19.33659" />
<trkpt lat="47.64649" lon="19.33645" />
<trkpt lat="47.64649" lon="19.33636" />
<trkpt lat="47.64648" lon="19.33623" />
<trkpt lat="47.64657" lon="19.33518" />
<trkpt lat="47.64658" lon="19.33485" />
<trkpt lat="47.64654" lon="19.33459" />
<trkpt lat="47.64657" lon="19.33436" />
<trkpt lat="47.64671" lon="19.33373" />
<trkpt lat="47.64675" lon="19.33352" />
<trkpt lat="47.64674" lon="19.33334" />
<trkpt lat="47.64671" lon="19.33319" />
<trkpt lat="47.64659" lon="19.33299" />
<trkpt lat="47.64645" lon="19.33274" />
<trkpt lat="47.64635" lon="19.33245" />
<trkpt lat="47.64631" lon="19.33212" />
<trkpt lat="47.64625" lon="19.33189" />
<trkpt lat="47.64614" lon="19.33159" />
<trkpt lat="47.64614" lon="19.33143" />
<trkpt lat="47.64615" lon="19.33123" />
<trkpt lat="47.64618" lon="19.33099" />
<trkpt lat="47.64619" lon="19.33077" />
<trkpt lat="47.64617" lon="19.33051" />
<trkpt lat="47.64611" lon="19.33023" />
<trkpt lat="47.64607" lon="19.33015" />
<trkpt lat="47.646" lon="19.33007" />
<trkpt lat="47.64559" lon="19.33006" />
<trkpt lat="47.64538" lon="19.33007" />
<trkpt lat="47.64517" lon="19.33011" />
<trkpt lat="47.64498" lon="19.33025" />
<trkpt lat="47.64481" lon="19.33042" />
<trkpt lat="47.64477" lon="19.33045" />
<trkpt lat="47.64477" lon="19.33045" />
<trkpt lat="47.64465" lon="19.33058" />
<trkpt lat="47.64455" lon="19.33064" />
<trkpt lat="47.64445" lon="19.33069" />
<trkpt lat="47.64432" lon="19.33072" />
<trkpt lat="47.64414" lon="19.33081" />
<trkpt lat="47.64397" lon="19.3309" />
<trkpt lat="47.64384" lon="19.33099" />
<trkpt lat="47.6437" lon="19.3311" />
<trkpt lat="47.64359" lon="19.33114" />
<trkpt lat="47.64349" lon="19.33115" />
<trkpt lat="47.64334" lon="19.33113" />
<trkpt lat="47.64322" lon="19.33113" />
<trkpt lat="47.64312" lon="19.33114" />
<trkpt lat="47.643" lon="19.33121" />
<trkpt lat="47.64284" lon="19.33135" />
<trkpt lat="47.64269" lon="19.33148" />
<trkpt lat="47.64256" lon="19.33163" />
<trkpt lat="47.64246" lon="19.33175" />
<trkpt lat="47.64238" lon="19.33184" />
<trkpt lat="47.64232" lon="19.33189" />
<trkpt lat="47.64226" lon="19.33194" />
<trkpt lat="47.6422" lon="19.33198" />
<trkpt lat="47.64207" lon="19.3321" />
<trkpt lat="47.64189" lon="19.33223" />
<trkpt lat="47.64174" lon="19.33231" />
<trkpt lat="47.64163" lon="19.33237" />
<trkpt lat="47.64148" lon="19.33254" />
<trkpt lat="47.64142" lon="19.33263" />
<trkpt lat="47.64137" lon="19.33273" />
<trkpt lat="47.64132" lon="19.33284" />
<trkpt lat="47.64126" lon="19.33295" />
<trkpt lat="47.64099" lon="19.33335" />
<trkpt lat="47.64068" lon="19.33372" />
<trkpt lat="47.64048" lon="19.33388" />
<trkpt lat="47.64039" lon="19.33397" />
<trkpt lat="47.64029" lon="19.33408" />
<trkpt lat="47.64019" lon="19.3342" />
<trkpt lat="47.64004" lon="19.33432" />
<trkpt lat="47.63985" lon="19.33445" />
<trkpt lat="47.63969" lon="19.33458" />
<trkpt lat="47.63955" lon="19.33469" />
<trkpt lat="47.63937" lon="19.33477" />
<trkpt lat="47.63948" lon="19.33524" />
<trkpt lat="47.63959" lon="19.3354" />
<trkpt lat="47.63969" lon="19.33552" />
<trkpt lat="47.63979" lon="19.33559" />
<trkpt lat="47.63986" lon="19.33566" />
<trkpt lat="47.63995" lon="19.33581" />
<trkpt lat="47.64" lon="19.33595" />
<trkpt lat="47.64007" lon="19.33613" />
<trkpt lat="47.64016" lon="19.33638" />
<trkpt lat="47.64022" lon="19.33652" />
<trkpt lat="47.64033" lon="19.33678" />
<trkpt lat="47.64039" lon="19.33689" />
<trkpt lat="47.64045" lon="19.33702" />
<trkpt lat="47.64048" lon="19.33714" />
<trkpt lat="47.6405" lon="19.33727" />
<trkpt lat="47.64054" lon="19.33741" />
<trkpt lat="47.64058" lon="19.33745" />
<trkpt lat="47.64063" lon="19.33749" />
<trkpt lat="47.64071" lon="19.3375" />
<trkpt lat="47.64083" lon="19.33742" />
<trkpt lat="47.64097" lon="19.33728" />
<trkpt lat="47.64114" lon="19.33705" />
<trkpt lat="47.64128" lon="19.33689" />
<trkpt lat="47.64139" lon="19.33678" />
<trkpt lat="47.6415" lon="19.33669" />
<trkpt lat="47.64161" lon="19.33664" />
<trkpt lat="47.64174" lon="19.33662" />
<trkpt lat="47.64188" lon="19.33661" />
<trkpt lat="47.64203" lon="19.33656" />
<trkpt lat="47.64208" lon="19.33652" />
<trkpt lat="47.64218" lon="19.33644" />
<trkpt lat="47.64243" lon="19.33615" />
<trkpt lat="47.6426" lon="19.33598" />
<trkpt lat="47.64336" lon="19.33539" />
<trkpt lat="47.64336" lon="19.33563" />
<trkpt lat="47.64336" lon="19.33563" />
<trkpt lat="47.64336" lon="19.33563" />
<trkpt lat="47.64332" lon="19.33586" />
<trkpt lat="47.64326" lon="19.33612" />
<trkpt lat="47.64321" lon="19.33636" />
<trkpt lat="47.64318" lon="19.33661" />
<trkpt lat="47.64315" lon="19.33707" />
<trkpt lat="47.64312" lon="19.3373" />
<trkpt lat="47.64307" lon="19.33753" />
<trkpt lat="47.64299" lon="19.33778" />
<trkpt lat="47.64291" lon="19.33823" />
<trkpt lat="47.64289" lon="19.33871" />
<trkpt lat="47.6429" lon="19.33896" />
<trkpt lat="47.64287" lon="19.33913" />
<trkpt lat="47.64284" lon="19.33927" />
<trkpt lat="47.64274" lon="19.33948" />
<trkpt lat="47.64264" lon="19.33963" />
<trkpt lat="47.64258" lon="19.33977" />
<trkpt lat="47.64252" lon="19.33995" />
<trkpt lat="47.64244" lon="19.34029" />
<trkpt lat="47.64237" lon="19.34056" />
<trkpt lat="47.64228" lon="19.34084" />
<trkpt lat="47.64224" lon="19.34102" />
<trkpt lat="47.64221" lon="19.34125" />
<trkpt lat="47.64215" lon="19.34151" />
<trkpt lat="47.64208" lon="19.34175" />
<trkpt lat="47.64201" lon="19.342" />
<trkpt lat="47.64197" lon="19.34217" />
<trkpt lat="47.64189" lon="19.34236" />
<trkpt lat="47.64183" lon="19.3425" />
<trkpt lat="47.64176" lon="19.34262" />
<trkpt lat="47.64171" lon="19.34279" />
<trkpt lat="47.64166" lon="19.34295" />
<trkpt lat="47.64158" lon="19.34312" />
<trkpt lat="47.64148" lon="19.34332" />
<trkpt lat="47.64138" lon="19.34344" />
<trkpt lat="47.63963" lon="19.34495" />
<trkpt lat="47.63949" lon="19.34509" />
<trkpt lat="47.63944" lon="19.34513" />
<trkpt lat="47.63943" lon="19.34519" />
<trkpt lat="47.63942" lon="19.34525" />
<trkpt lat="47.63943" lon="19.34531" />
<trkpt lat="47.63944" lon="19.34535" />
<trkpt lat="47.63945" lon="19.34537" />
<trkpt lat="47.63945" lon="19.34537" />
<trkpt lat="47.6395" lon="19.34554" />
<trkpt lat="47.63951" lon="19.34561" />
<trkpt lat="47.63957" lon="19.34606" />
<trkpt lat="47.6396" lon="19.34621" />
<trkpt lat="47.63958" lon="19.34632" />
<trkpt lat="47.63956" lon="19.34638" />
<trkpt lat="47.63951" lon="19.34644" />
<trkpt lat="47.63946" lon="19.34652" />
<trkpt lat="47.6394" lon="19.34663" />
<trkpt lat="47.63936" lon="19.34676" />
<trkpt lat="47.63934" lon="19.3469" />
<trkpt lat="47.63931" lon="19.3472" />
<trkpt lat="47.63928" lon="19.3474" />
<trkpt lat="47.63924" lon="19.34761" />
<trkpt lat="47.63922" lon="19.34774" />
<trkpt lat="47.63922" lon="19.34789" />
<trkpt lat="47.63922" lon="19.34805" />
<trkpt lat="47.6392" lon="19.34826" />
<trkpt lat="47.63915" lon="19.34852" />
<trkpt lat="47.63911" lon="19.34865" />
<trkpt lat="47.63903" lon="19.34885" />
<trkpt lat="47.63889" lon="19.34911" />
<trkpt lat="47.63871" lon="19.34944" />
<trkpt lat="47.63854" lon="19.34975" />
<trkpt lat="47.63838" lon="19.35" />
<trkpt lat="47.63823" lon="19.35019" />
<trkpt lat="47.6379" lon="19.35057" />
<trkpt lat="47.63772" lon="19.35079" />
<trkpt lat="47.63749" lon="19.35115" />
<trkpt lat="47.63711" lon="19.35174" />
<trkpt lat="47.63665" lon="19.35243" />
<trkpt lat="47.63637" lon="19.35296" />
<trkpt lat="47.63608" lon="19.35352" />
<trkpt lat="47.63596" lon="19.35378" />
<trkpt lat="47.63575" lon="19.35427" />
<trkpt lat="47.63568" lon="19.3546" />
<trkpt lat="47.6356" lon="19.35496" />
<trkpt lat="47.63543" lon="19.35543" />
<trkpt lat="47.63523" lon="19.35587" />
<trkpt lat="47.635" lon="19.35623" />
<trkpt lat="47.6349" lon="19.35653" />
<trkpt lat="47.63479" lon="19.35684" />
<trkpt lat="47.63468" lon="19.35702" />
<trkpt lat="47.63459" lon="19.35716" />
<trkpt lat="47.63446" lon="19.35735" />
<trkpt lat="47.63439" lon="19.35745" />
<trkpt lat="47.63438" lon="19.35756" />
<trkpt lat="47.63438" lon="19.35772" />
<trkpt lat="47.63448" lon="19.35794" />
<trkpt lat="47.63461" lon="19.3582" />
<trkpt lat="47.63461" lon="19.35833" />
<trkpt lat="47.63458" lon="19.35843" />
<trkpt lat="47.63452" lon="19.35852" />
<trkpt lat="47.63439" lon="19.3587" />
<trkpt lat="47.63405" lon="19.35922" />
<trkpt lat="47.63387" lon="19.35953" />
<trkpt lat="47.63367" lon="19.35984" />
<trkpt lat="47.63349" lon="19.36009" />
<trkpt lat="47.63323" lon="19.36035" />
<trkpt lat="47.63268" lon="19.36088" />
<trkpt lat="47.63214" lon="19.36152" />
<trkpt lat="47.63188" lon="19.36185" />
<trkpt lat="47.63175" lon="19.36209" />
<trkpt lat="47.63162" lon="19.36238" />
<trkpt lat="47.63149" lon="19.3627" />
<trkpt lat="47.63134" lon="19.36301" />
<trkpt lat="47.63123" lon="19.3632" />
<trkpt lat="47.63121" lon="19.36329" />
<trkpt lat="47.63116" lon="19.36344" />
<trkpt lat="47.63109" lon="19.36377" />
<trkpt lat="47.63096" lon="19.36466" />
<trkpt lat="47.6309" lon="19.36488" />
<trkpt lat="47.63083" lon="19.36514" />
<trkpt lat="47.63079" lon="19.36538" />
<trkpt lat="47.63077" lon="19.36564" />
<trkpt lat="47.63076" lon="19.36591" />
<trkpt lat="47.63073" lon="19.3662" />
<trkpt lat="47.63068" lon="19.36645" />
<trkpt lat="47.6306" lon="19.36678" />
<trkpt lat="47.6305" lon="19.36713" />
<trkpt lat="47.63033" lon="19.36759" />
<trkpt lat="47.63005" lon="19.3683" />
<trkpt lat="47.62987" lon="19.36875" />
<trkpt lat="47.62962" lon="19.36933" />
<trkpt lat="47.62936" lon="19.37015" />
<trkpt lat="47.62921" lon="19.3706" />
<trkpt lat="47.62915" lon="19.37077" />
<trkpt lat="47.62889" lon="19.37153" />
<trkpt lat="47.62876" lon="19.37182" />
<trkpt lat="47.62865" lon="19.37198" />
<trkpt lat="47.62855" lon="19.37197" />
<trkpt lat="47.628" lon="19.37159" />
<trkpt lat="47.62778" lon="19.37159" />
<trkpt lat="47.6276" lon="19.37163" />
<trkpt lat="47.6274" lon="19.37191" />
<trkpt lat="47.62723" lon="19.37234" />
<trkpt lat="47.62714" lon="19.37274" />
<trkpt lat="47.62696" lon="19.37324" />
<trkpt lat="47.62673" lon="19.37358" />
<trkpt lat="47.62655" lon="19.37412" />
<trkpt lat="47.62632" lon="19.3747" />
<trkpt lat="47.62603" lon="19.37511" />
<trkpt lat="47.62572" lon="19.37549" />
<trkpt lat="47.62551" lon="19.37585" />
<trkpt lat="47.62551" lon="19.37585" />
<trkpt lat="47.62548" lon="19.3759" />
<trkpt lat="47.62543" lon="19.37602" />
<trkpt lat="47.62533" lon="19.37624" />
<trkpt lat="47.62514" lon="19.3767" />
<trkpt lat="47.62503" lon="19.37692" />
<trkpt lat="47.62478" lon="19.37721" />
<trkpt lat="47.62454" lon="19.37742" />
<trkpt lat="47.62426" lon="19.37785" />
<trkpt lat="47.62398" lon="19.37858" />
<trkpt lat="47.62376" lon="19.37916" />
<trkpt lat="47.62368" lon="19.37936" />
<trkpt lat="47.62365" lon="19.37944" />
<trkpt lat="47.62356" lon="19.37964" />
<trkpt lat="47.62322" lon="19.38043" />
<trkpt lat="47.623" lon="19.38103" />
<trkpt lat="47.62297" lon="19.38112" />
<trkpt lat="47.62287" lon="19.38134" />
<trkpt lat="47.62274" lon="19.38151" />
<trkpt lat="47.62261" lon="19.38164" />
<trkpt lat="47.62217" lon="19.38186" />
<trkpt lat="47.62197" lon="19.38169" />
<trkpt lat="47.62171" lon="19.38148" />
<trkpt lat="47.62154" lon="19.38134" />
<trkpt lat="47.6214" lon="19.38133" />
<trkpt lat="47.62084" lon="19.38169" />
<trkpt lat="47.62038" lon="19.38212" />
<trkpt lat="47.62007" lon="19.38246" />
<trkpt lat="47.61983" lon="19.3828" />
<trkpt lat="47.61967" lon="19.38265" />
<trkpt lat="47.6196" lon="19.38258" />
<trkpt lat="47.61956" lon="19.38256" />
<trkpt lat="47.61952" lon="19.38256" />
<trkpt lat="47.61949" lon="19.38257" />
<trkpt lat="47.61945" lon="19.38263" />
<trkpt lat="47.6194" lon="19.38269" />
<trkpt lat="47.61933" lon="19.38283" />
<trkpt lat="47.61899" lon="19.38367" />
<trkpt lat="47.61879" lon="19.38422" />
<trkpt lat="47.61781" lon="19.38724" />
<trkpt lat="47.61759" lon="19.38792" />
<trkpt lat="47.61731" lon="19.38854" />
<trkpt lat="47.617" lon="19.38908" />
<trkpt lat="47.61635" lon="19.39001" />
<trkpt lat="47.61621" lon="19.39023" />
<trkpt lat="47.61589" lon="19.39077" />
<trkpt lat="47.61583" lon="19.39085" />
<trkpt lat="47.61559" lon="19.39128" />
<trkpt lat="47.61536" lon="19.3918" />
<trkpt lat="47.61504" lon="19.39266" />
<trkpt lat="47.61484" lon="19.39322" />
<trkpt lat="47.61465" lon="19.39387" />
<trkpt lat="47.61392" lon="19.39635" />
<trkpt lat="47.61369" lon="19.39708" />
<trkpt lat="47.61356" lon="19.39752" />
<trkpt lat="47.61354" lon="19.39782" />
<trkpt lat="47.61354" lon="19.39782" />
<trkpt lat="47.61354" lon="19.39782" />
<trkpt lat="47.61354" lon="19.39782" />
<trkpt lat="47.61356" lon="19.39752" />
<trkpt lat="47.61351" lon="19.39765" />
<trkpt lat="47.6134" lon="19.39785" />
<trkpt lat="47.61326" lon="19.39807" />
<trkpt lat="47.61314" lon="19.39824" />
<trkpt lat="47.61305" lon="19.39833" />
<trkpt lat="47.61291" lon="19.39844" />
<trkpt lat="47.61248" lon="19.3988" />
<trkpt lat="47.61234" lon="19.39896" />
<trkpt lat="47.61192" lon="19.39854" />
<trkpt lat="47.61183" lon="19.39843" />
<trkpt lat="47.61177" lon="19.39828" />
<trkpt lat="47.61168" lon="19.39799" />
<trkpt lat="47.6116" lon="19.39782" />
<trkpt lat="47.61139" lon="19.39761" />
<trkpt lat="47.6113" lon="19.39751" />
<trkpt lat="47.61117" lon="19.39739" />
<trkpt lat="47.61102" lon="19.39725" />
<trkpt lat="47.6109" lon="19.39703" />
<trkpt lat="47.6108" lon="19.39682" />
<trkpt lat="47.61066" lon="19.39679" />
<trkpt lat="47.61057" lon="19.39688" />
<trkpt lat="47.61054" lon="19.39698" />
<trkpt lat="47.61052" lon="19.39702" />
<trkpt lat="47.61036" lon="19.39695" />
<trkpt lat="47.6102" lon="19.39696" />
<trkpt lat="47.61012" lon="19.39689" />
<trkpt lat="47.60996" lon="19.39678" />
<trkpt lat="47.60985" lon="19.39668" />
<trkpt lat="47.60985" lon="19.39668" />
<trkpt lat="47.6095" lon="19.3965" />
<trkpt lat="47.60919" lon="19.39627" />
<trkpt lat="47.60898" lon="19.39615" />
<trkpt lat="47.60898" lon="19.39615" />
<trkpt lat="47.60887" lon="19.3961" />
<trkpt lat="47.60873" lon="19.39597" />
<trkpt lat="47.60868" lon="19.39595" />
<trkpt lat="47.60858" lon="19.39614" />
<trkpt lat="47.6082" lon="19.39706" />
<trkpt lat="47.60789" lon="19.39821" />
<trkpt lat="47.6076" lon="19.39904" />
<trkpt lat="47.60737" lon="19.39961" />
<trkpt lat="47.60712" lon="19.40051" />
<trkpt lat="47.60684" lon="19.4014" />
<trkpt lat="47.60652" lon="19.40221" />
<trkpt lat="47.60591" lon="19.40417" />
<trkpt lat="47.6058" lon="19.40444" />
<trkpt lat="47.60576" lon="19.40449" />
<trkpt lat="47.6057" lon="19.40452" />
<trkpt lat="47.60562" lon="19.40447" />
<trkpt lat="47.60492" lon="19.40402" />
<trkpt lat="47.60421" lon="19.40359" />
<trkpt lat="47.6041" lon="19.40356" />
<trkpt lat="47.60403" lon="19.40359" />
<trkpt lat="47.60376" lon="19.40389" />
<trkpt lat="47.60366" lon="19.40395" />
<trkpt lat="47.60355" lon="19.40396" />
<trkpt lat="47.6033" lon="19.40388" />
<trkpt lat="47.60312" lon="19.40378" />
<trkpt lat="47.60243" lon="19.40347" />
<trkpt lat="47.60215" lon="19.40339" />
<trkpt lat="47.60188" lon="19.40331" />
<trkpt lat="47.6016" lon="19.40322" />
<trkpt lat="47.60129" lon="19.40305" />
<trkpt lat="47.6011" lon="19.40289" />
<trkpt lat="47.60104" lon="19.40281" />
<trkpt lat="47.60094" lon="19.40269" />
<trkpt lat="47.60085" lon="19.40265" />
<trkpt lat="47.6008" lon="19.40264" />
<trkpt lat="47.60081" lon="19.40254" />
<trkpt lat="47.6008" lon="19.40247" />
<trkpt lat="47.60076" lon="19.40239" />
<trkpt lat="47.60072" lon="19.40235" />
<trkpt lat="47.60065" lon="19.40217" />
<trkpt lat="47.60065" lon="19.40206" />
<trkpt lat="47.60081" lon="19.40155" />
<trkpt lat="47.60053" lon="19.40141" />
<trkpt lat="47.60029" lon="19.40128" />
<trkpt lat="47.6002" lon="19.40124" />
<trkpt lat="47.59928" lon="19.40078" />
<trkpt lat="47.59819" lon="19.40016" />
<trkpt lat="47.59785" lon="19.39995" />
<trkpt lat="47.59768" lon="19.39986" />
<trkpt lat="47.5977" lon="19.39983" />
<trkpt lat="47.59756" lon="19.3997" />
<trkpt lat="47.5975" lon="19.39965" />
<trkpt lat="47.59739" lon="19.39951" />
<trkpt lat="47.59741" lon="19.39939" />
<trkpt lat="47.59724" lon="19.39902" />
<trkpt lat="47.59718" lon="19.39888" />
<trkpt lat="47.59716" lon="19.39883" />
<trkpt lat="47.59716" lon="19.39878" />
<trkpt lat="47.59715" lon="19.39872" />
<trkpt lat="47.59715" lon="19.39867" />
<trkpt lat="47.59716" lon="19.39862" />
<trkpt lat="47.59718" lon="19.39856" />
<trkpt lat="47.59719" lon="19.39849" />
<trkpt lat="47.59721" lon="19.39845" />
<trkpt lat="47.59722" lon="19.39842" />
<trkpt lat="47.59723" lon="19.39837" />
<trkpt lat="47.59723" lon="19.39834" />
<trkpt lat="47.59723" lon="19.39831" />
<trkpt lat="47.59722" lon="19.39827" />
<trkpt lat="47.59721" lon="19.39823" />
<trkpt lat="47.59719" lon="19.39818" />
<trkpt lat="47.59718" lon="19.39815" />
<trkpt lat="47.59716" lon="19.3981" />
<trkpt lat="47.59715" lon="19.39807" />
<trkpt lat="47.59715" lon="19.39803" />
<trkpt lat="47.59716" lon="19.398" />
<trkpt lat="47.59717" lon="19.39793" />
<trkpt lat="47.59721" lon="19.39775" />
<trkpt lat="47.59728" lon="19.39738" />
<trkpt lat="47.59736" lon="19.39697" />
<trkpt lat="47.5974" lon="19.39676" />
<trkpt lat="47.59744" lon="19.39647" />
<trkpt lat="47.59747" lon="19.39617" />
<trkpt lat="47.5975" lon="19.396" />
<trkpt lat="47.59753" lon="19.39593" />
<trkpt lat="47.59755" lon="19.39587" />
<trkpt lat="47.59759" lon="19.39577" />
<trkpt lat="47.59758" lon="19.39564" />
<trkpt lat="47.59756" lon="19.39554" />
<trkpt lat="47.59751" lon="19.39553" />
<trkpt lat="47.5976" lon="19.39523" />
<trkpt lat="47.59776" lon="19.3947" />
<trkpt lat="47.5978" lon="19.39455" />
<trkpt lat="47.598" lon="19.39388" />
<trkpt lat="47.59827" lon="19.39299" />
<trkpt lat="47.5983" lon="19.39301" />
<trkpt lat="47.59831" lon="19.39296" />
<trkpt lat="47.5984" lon="19.39253" />
<trkpt lat="47.5983" lon="19.39246" />
<trkpt lat="47.59825" lon="19.39244" />
<trkpt lat="47.59822" lon="19.39242" />
<trkpt lat="47.59787" lon="19.39226" />
<trkpt lat="47.59816" lon="19.39097" />
<trkpt lat="47.59823" lon="19.39067" />
<trkpt lat="47.59693" lon="19.39029" />
<trkpt lat="47.59662" lon="19.3902" />
<trkpt lat="47.59653" lon="19.39017" />
<trkpt lat="47.5964" lon="19.39015" />
<trkpt lat="47.59636" lon="19.39013" />
<trkpt lat="47.59609" lon="19.39006" />
<trkpt lat="47.59599" lon="19.39003" />
<trkpt lat="47.59593" lon="19.39002" />
<trkpt lat="47.5958" lon="19.39006" />
<trkpt lat="47.5957" lon="19.39001" />
<trkpt lat="47.59562" lon="19.38996" />
<trkpt lat="47.59547" lon="19.38986" />
<trkpt lat="47.59542" lon="19.38983" />
<trkpt lat="47.59536" lon="19.38979" />
<trkpt lat="47.59526" lon="19.38976" />
<trkpt lat="47.59515" lon="19.38973" />
<trkpt lat="47.59497" lon="19.38969" />
<trkpt lat="47.59479" lon="19.38964" />
<trkpt lat="47.59457" lon="19.38957" />
<trkpt lat="47.59447" lon="19.38952" />
<trkpt lat="47.59436" lon="19.38947" />
<trkpt lat="47.59425" lon="19.38941" />
<trkpt lat="47.59463" lon="19.38834" />
<trkpt lat="47.59454" lon="19.38811" />
<trkpt lat="47.59445" lon="19.38815" />
<trkpt lat="47.5944" lon="19.38817" />
<trkpt lat="47.59433" lon="19.38818" />
<trkpt lat="47.59428" lon="19.38815" />
<trkpt lat="47.59423" lon="19.3881" />
<trkpt lat="47.59348" lon="19.3873" />
<trkpt lat="47.59268" lon="19.38652" />
<trkpt lat="47.5924" lon="19.38624" />
<trkpt lat="47.59278" lon="19.38578" />
<trkpt lat="47.59355" lon="19.38481" />
<trkpt lat="47.59432" lon="19.38381" />
<trkpt lat="47.59331" lon="19.38278" />
<trkpt lat="47.59286" lon="19.38233" />
<trkpt lat="47.5918" lon="19.38121" />
<trkpt lat="47.59165" lon="19.38104" />
<trkpt lat="47.59165" lon="19.38104" />
<trkpt lat="47.59156" lon="19.38095" />
<trkpt lat="47.59159" lon="19.3809" />
<trkpt lat="47.59171" lon="19.38062" />
<trkpt lat="47.59263" lon="19.37859" />
<trkpt lat="47.59175" lon="19.37769" />
<trkpt lat="47.59117" lon="19.37709" />
<trkpt lat="47.59092" lon="19.37681" />
<trkpt lat="47.59061" lon="19.37647" />
<trkpt lat="47.59067" lon="19.37609" />
<trkpt lat="47.59075" lon="19.37585" />
<trkpt lat="47.59089" lon="19.37555" />
<trkpt lat="47.59108" lon="19.37533" />
<trkpt lat="47.59147" lon="19.37503" />
<trkpt lat="47.59161" lon="19.37491" />
<trkpt lat="47.59168" lon="19.37481" />
<trkpt lat="47.59174" lon="19.37468" />
<trkpt lat="47.59178" lon="19.37453" />
<trkpt lat="47.59181" lon="19.37438" />
<trkpt lat="47.59184" lon="19.37415" />
<trkpt lat="47.59185" lon="19.37393" />
<trkpt lat="47.59183" lon="19.37362" />
<trkpt lat="47.59184" lon="19.37352" />
<trkpt lat="47.59185" lon="19.37344" />
<trkpt lat="47.59192" lon="19.37322" />
<trkpt lat="47.59194" lon="19.3731" />
<trkpt lat="47.59196" lon="19.37298" />
<trkpt lat="47.59203" lon="19.37241" />
<trkpt lat="47.59208" lon="19.37213" />
<trkpt lat="47.59234" lon="19.37057" />
<trkpt lat="47.59263" lon="19.36886" />
<trkpt lat="47.59141" lon="19.3668" />
<trkpt lat="47.59149" lon="19.36675" />
<trkpt lat="47.59234" lon="19.36634" />
<trkpt lat="47.59225" lon="19.36531" />
<trkpt lat="47.59221" lon="19.36494" />
<trkpt lat="47.59222" lon="19.36471" />
<trkpt lat="47.59225" lon="19.36456" />
<trkpt lat="47.59232" lon="19.36436" />
<trkpt lat="47.5924" lon="19.36412" />
<trkpt lat="47.59246" lon="19.36372" />
<trkpt lat="47.59248" lon="19.36338" />
<trkpt lat="47.59248" lon="19.3632" />
<trkpt lat="47.59243" lon="19.36271" />
<trkpt lat="47.59238" lon="19.36227" />
<trkpt lat="47.59236" lon="19.36202" />
<trkpt lat="47.59234" lon="19.36184" />
<trkpt lat="47.59233" lon="19.36175" />
<trkpt lat="47.5923" lon="19.36146" />
<trkpt lat="47.59237" lon="19.36144" />
<trkpt lat="47.59237" lon="19.36139" />
<trkpt lat="47.59236" lon="19.36135" />
<trkpt lat="47.59236" lon="19.36132" />
<trkpt lat="47.59238" lon="19.36128" />
<trkpt lat="47.59247" lon="19.36033" />
<trkpt lat="47.59275" lon="19.35954" />
<trkpt lat="47.59279" lon="19.35949" />
<trkpt lat="47.59288" lon="19.35942" />
<trkpt lat="47.59286" lon="19.35935" />
<trkpt lat="47.59284" lon="19.35928" />
<trkpt lat="47.59282" lon="19.35919" />
<trkpt lat="47.59281" lon="19.35911" />
<trkpt lat="47.5928" lon="19.35903" />
<trkpt lat="47.59279" lon="19.359" />
<trkpt lat="47.59243" lon="19.3577" />
<trkpt lat="47.59246" lon="19.35765" />
<trkpt lat="47.59293" lon="19.35708" />
<trkpt lat="47.59323" lon="19.35671" />
<trkpt lat="47.59392" lon="19.35568" />
<trkpt lat="47.59419" lon="19.35522" />
<trkpt lat="47.59438" lon="19.35478" />
<trkpt lat="47.59455" lon="19.35426" />
<trkpt lat="47.59473" lon="19.35369" />
<trkpt lat="47.59495" lon="19.35313" />
<trkpt lat="47.59522" lon="19.35259" />
<trkpt lat="47.59545" lon="19.35214" />
<trkpt lat="47.59567" lon="19.35146" />
<trkpt lat="47.59596" lon="19.3502" />
<trkpt lat="47.59621" lon="19.34936" />
<trkpt lat="47.59627" lon="19.34914" />
<trkpt lat="47.59625" lon="19.34904" />
<trkpt lat="47.59615" lon="19.3488" />
<trkpt lat="47.59609" lon="19.34885" />
<trkpt lat="47.59583" lon="19.34913" />
<trkpt lat="47.59529" lon="19.3497" />
<trkpt lat="47.59524" lon="19.3497" />
<trkpt lat="47.59518" lon="19.34971" />
<trkpt lat="47.59513" lon="19.3497" />
<trkpt lat="47.5951" lon="19.34971" />
<trkpt lat="47.59505" lon="19.34971" />
<trkpt lat="47.59501" lon="19.34971" />
<trkpt lat="47.59498" lon="19.34971" />
<trkpt lat="47.59492" lon="19.34972" />
<trkpt lat="47.59488" lon="19.34972" />
<trkpt lat="47.59481" lon="19.34972" />
<trkpt lat="47.59477" lon="19.34972" />
<trkpt lat="47.59474" lon="19.34972" />
<trkpt lat="47.59471" lon="19.34972" />
<trkpt lat="47.59467" lon="19.34972" />
<trkpt lat="47.59464" lon="19.34971" />
<trkpt lat="47.59459" lon="19.34976" />
<trkpt lat="47.59455" lon="19.3497" />
<trkpt lat="47.59399" lon="19.34904" />
<trkpt lat="47.59274" lon="19.3476" />
<trkpt lat="47.59215" lon="19.34691" />
<trkpt lat="47.59102" lon="19.34559" />
<trkpt lat="47.59092" lon="19.34553" />
<trkpt lat="47.59055" lon="19.34535" />
<trkpt lat="47.59053" lon="19.34528" />
<trkpt lat="47.59049" lon="19.34529" />
<trkpt lat="47.59042" lon="19.34531" />
<trkpt lat="47.59025" lon="19.34522" />
<trkpt lat="47.58895" lon="19.34459" />
<trkpt lat="47.58803" lon="19.34413" />
<trkpt lat="47.58794" lon="19.34404" />
<trkpt lat="47.58764" lon="19.34389" />
<trkpt lat="47.5876" lon="19.34381" />
<trkpt lat="47.58626" lon="19.34313" />
<trkpt lat="47.58494" lon="19.34243" />
<trkpt lat="47.5836" lon="19.34172" />
<trkpt lat="47.58134" lon="19.34051" />
<trkpt lat="47.58102" lon="19.34036" />
<trkpt lat="47.58061" lon="19.34023" />
<trkpt lat="47.5804" lon="19.34019" />
<trkpt lat="47.58003" lon="19.34016" />
<trkpt lat="47.57998" lon="19.34016" />
<trkpt lat="47.57984" lon="19.34015" />
<trkpt lat="47.57974" lon="19.34014" />
<trkpt lat="47.57964" lon="19.34013" />
<trkpt lat="47.5794" lon="19.34011" />
<trkpt lat="47.57936" lon="19.34011" />
<trkpt lat="47.57932" lon="19.34011" />
<trkpt lat="47.57928" lon="19.3401" />
<trkpt lat="47.57915" lon="19.34009" />
<trkpt lat="47.57899" lon="19.34008" />
<trkpt lat="47.57894" lon="19.34008" />
<trkpt lat="47.5789" lon="19.34007" />
<trkpt lat="47.57865" lon="19.34002" />
<trkpt lat="47.57847" lon="19.33991" />
<trkpt lat="47.57829" lon="19.33971" />
<trkpt lat="47.57816" lon="19.33946" />
<trkpt lat="47.57807" lon="19.33913" />
<trkpt lat="47.5778" lon="19.33787" />
<trkpt lat="47.57755" lon="19.33677" />
<trkpt lat="47.57719" lon="19.33516" />
<trkpt lat="47.57682" lon="19.33357" />
<trkpt lat="47.57663" lon="19.33294" />
<trkpt lat="47.57607" lon="19.33162" />
<trkpt lat="47.57513" lon="19.32938" />
<trkpt lat="47.57494" lon="19.32902" />
<trkpt lat="47.57481" lon="19.32888" />
<trkpt lat="47.57462" lon="19.3288" />
<trkpt lat="47.57459" lon="19.32879" />
<trkpt lat="47.57455" lon="19.32878" />
<trkpt lat="47.57451" lon="19.32878" />
<trkpt lat="47.57448" lon="19.32878" />
<trkpt lat="47.57443" lon="19.32878" />
<trkpt lat="47.57438" lon="19.32878" />
<trkpt lat="47.57435" lon="19.32878" />
<trkpt lat="47.5743" lon="19.32878" />
<trkpt lat="47.57425" lon="19.32878" />
<trkpt lat="47.57422" lon="19.32879" />
<trkpt lat="47.57416" lon="19.32879" />
<trkpt lat="47.57412" lon="19.32879" />
<trkpt lat="47.57408" lon="19.32879" />
<trkpt lat="47.57398" lon="19.32879" />
<trkpt lat="47.57394" lon="19.3288" />
<trkpt lat="47.57388" lon="19.3288" />
<trkpt lat="47.57378" lon="19.3288" />
<trkpt lat="47.57374" lon="19.3288" />
<trkpt lat="47.57371" lon="19.3288" />
<trkpt lat="47.57365" lon="19.32881" />
<trkpt lat="47.57361" lon="19.32881" />
<trkpt lat="47.57358" lon="19.32881" />
<trkpt lat="47.57349" lon="19.32881" />
<trkpt lat="47.57345" lon="19.32881" />
<trkpt lat="47.57339" lon="19.32882" />
<trkpt lat="47.57333" lon="19.32882" />
<trkpt lat="47.57329" lon="19.32882" />
<trkpt lat="47.5732" lon="19.32883" />
<trkpt lat="47.57316" lon="19.32883" />
<trkpt lat="47.57308" lon="19.32883" />
<trkpt lat="47.57304" lon="19.32883" />
<trkpt lat="47.573" lon="19.32884" />
<trkpt lat="47.57295" lon="19.32884" />
<trkpt lat="47.57291" lon="19.32884" />
<trkpt lat="47.57286" lon="19.32884" />
<trkpt lat="47.57282" lon="19.32884" />
<trkpt lat="47.57277" lon="19.32885" />
<trkpt lat="47.57272" lon="19.32885" />
<trkpt lat="47.57267" lon="19.32885" />
<trkpt lat="47.57261" lon="19.32885" />
<trkpt lat="47.57255" lon="19.32885" />
<trkpt lat="47.57251" lon="19.32886" />
<trkpt lat="47.57246" lon="19.32886" />
<trkpt lat="47.57242" lon="19.32886" />
<trkpt lat="47.57238" lon="19.32886" />
<trkpt lat="47.57232" lon="19.32886" />
<trkpt lat="47.57228" lon="19.32886" />
<trkpt lat="47.57223" lon="19.32887" />
<trkpt lat="47.57219" lon="19.32887" />
<trkpt lat="47.57212" lon="19.32887" />
<trkpt lat="47.57206" lon="19.32887" />
<trkpt lat="47.57201" lon="19.32887" />
<trkpt lat="47.57195" lon="19.32887" />
<trkpt lat="47.5719" lon="19.32887" />
<trkpt lat="47.57184" lon="19.32887" />
<trkpt lat="47.57177" lon="19.32887" />
<trkpt lat="47.57171" lon="19.32887" />
<trkpt lat="47.57166" lon="19.32887" />
<trkpt lat="47.5716" lon="19.32887" />
<trkpt lat="47.57154" lon="19.32887" />
<trkpt lat="47.57147" lon="19.32887" />
<trkpt lat="47.57138" lon="19.32887" />
<trkpt lat="47.57128" lon="19.32887" />
<trkpt lat="47.57118" lon="19.32887" />
<trkpt lat="47.57109" lon="19.32887" />
<trkpt lat="47.57101" lon="19.32887" />
<trkpt lat="47.57091" lon="19.32887" />
<trkpt lat="47.57081" lon="19.32887" />
<trkpt lat="47.57075" lon="19.32887" />
<trkpt lat="47.5707" lon="19.32887" />
<trkpt lat="47.57065" lon="19.32887" />
<trkpt lat="47.57061" lon="19.32887" />
<trkpt lat="47.57056" lon="19.32887" />
<trkpt lat="47.57052" lon="19.32887" />
<trkpt lat="47.57043" lon="19.32887" />
<trkpt lat="47.57037" lon="19.32887" />
<trkpt lat="47.57033" lon="19.32887" />
<trkpt lat="47.57028" lon="19.32887" />
<trkpt lat="47.57023" lon="19.32887" />
<trkpt lat="47.57017" lon="19.32887" />
<trkpt lat="47.57013" lon="19.32886" />
<trkpt lat="47.57007" lon="19.32886" />
<trkpt lat="47.57003" lon="19.32886" />
<trkpt lat="47.56996" lon="19.32887" />
<trkpt lat="47.5699" lon="19.32886" />
<trkpt lat="47.56985" lon="19.32886" />
<trkpt lat="47.56979" lon="19.32886" />
<trkpt lat="47.56974" lon="19.32886" />
<trkpt lat="47.56967" lon="19.32886" />
<trkpt lat="47.56962" lon="19.32886" />
<trkpt lat="47.56954" lon="19.32886" />
<trkpt lat="47.56949" lon="19.32886" />
<trkpt lat="47.56943" lon="19.32886" />
<trkpt lat="47.56939" lon="19.32886" />
<trkpt lat="47.56936" lon="19.32886" />
<trkpt lat="47.56931" lon="19.32886" />
<trkpt lat="47.56926" lon="19.32886" />
<trkpt lat="47.56919" lon="19.32886" />
<trkpt lat="47.56918" lon="19.32888" />
<trkpt lat="47.569" lon="19.32925" />
<trkpt lat="47.56859" lon="19.33005" />
<trkpt lat="47.56811" lon="19.33089" />
<trkpt lat="47.56787" lon="19.33137" />
<trkpt lat="47.56723" lon="19.33249" />
<trkpt lat="47.56677" lon="19.3333" />
<trkpt lat="47.56628" lon="19.3341" />
<trkpt lat="47.56571" lon="19.33509" />
<trkpt lat="47.56491" lon="19.33644" />
<trkpt lat="47.56446" lon="19.33723" />
<trkpt lat="47.56424" lon="19.33763" />
<trkpt lat="47.56402" lon="19.33804" />
<trkpt lat="47.56386" lon="19.33837" />
<trkpt lat="47.56363" lon="19.33874" />
<trkpt lat="47.5635" lon="19.33899" />
<trkpt lat="47.5633" lon="19.33927" />
<trkpt lat="47.56299" lon="19.33987" />
<trkpt lat="47.56274" lon="19.34026" />
<trkpt lat="47.56247" lon="19.34074" />
<trkpt lat="47.56206" lon="19.34141" />
<trkpt lat="47.56167" lon="19.34206" />
<trkpt lat="47.56128" lon="19.34273" />
<trkpt lat="47.56115" lon="19.34292" />
<trkpt lat="47.56101" lon="19.34317" />
<trkpt lat="47.56081" lon="19.34352" />
<trkpt lat="47.56056" lon="19.34388" />
<trkpt lat="47.56034" lon="19.34429" />
<trkpt lat="47.56019" lon="19.34455" />
<trkpt lat="47.55998" lon="19.34491" />
<trkpt lat="47.55983" lon="19.34518" />
<trkpt lat="47.55971" lon="19.34539" />
<trkpt lat="47.55946" lon="19.34578" />
<trkpt lat="47.55926" lon="19.3461" />
<trkpt lat="47.55895" lon="19.3466" />
<trkpt lat="47.55832" lon="19.34755" />
<trkpt lat="47.55807" lon="19.34796" />
<trkpt lat="47.55778" lon="19.34849" />
<trkpt lat="47.55771" lon="19.34875" />
<trkpt lat="47.55766" lon="19.34895" />
<trkpt lat="47.55761" lon="19.34898" />
<trkpt lat="47.55757" lon="19.34899" />
<trkpt lat="47.55746" lon="19.34906" />
<trkpt lat="47.5573" lon="19.34929" />
<trkpt lat="47.5569" lon="19.34997" />
<trkpt lat="47.55647" lon="19.35067" />
<trkpt lat="47.55629" lon="19.35096" />
<trkpt lat="47.55591" lon="19.35149" />
<trkpt lat="47.55554" lon="19.35191" />
<trkpt lat="47.55534" lon="19.35223" />
<trkpt lat="47.55491" lon="19.3527" />
<trkpt lat="47.55479" lon="19.35291" />
<trkpt lat="47.5547" lon="19.35317" />
<trkpt lat="47.55468" lon="19.35334" />
<trkpt lat="47.55467" lon="19.35371" />
<trkpt lat="47.55465" lon="19.35411" />
<trkpt lat="47.55467" lon="19.35462" />
<trkpt lat="47.55459" lon="19.35553" />
<trkpt lat="47.5545" lon="19.35607" />
<trkpt lat="47.55437" lon="19.35645" />
<trkpt lat="47.55417" lon="19.35678" />
<trkpt lat="47.5535" lon="19.35773" />
<trkpt lat="47.55286" lon="19.35864" />
<trkpt lat="47.55261" lon="19.35897" />
<trkpt lat="47.55243" lon="19.35932" />
<trkpt lat="47.55209" lon="19.35973" />
<trkpt lat="47.55162" lon="19.36038" />
<trkpt lat="47.55115" lon="19.36106" />
<trkpt lat="47.55098" lon="19.36131" />
<trkpt lat="47.55069" lon="19.3617" />
<trkpt lat="47.55011" lon="19.3625" />
<trkpt lat="47.5495" lon="19.36336" />
<trkpt lat="47.54896" lon="19.3641" />
<trkpt lat="47.54828" lon="19.365" />
<trkpt lat="47.54793" lon="19.36548" />
<trkpt lat="47.54744" lon="19.36612" />
<trkpt lat="47.54707" lon="19.36661" />
<trkpt lat="47.54674" lon="19.36705" />
<trkpt lat="47.54646" lon="19.36743" />
<trkpt lat="47.54621" lon="19.36781" />
<trkpt lat="47.54593" lon="19.3682" />
<trkpt lat="47.54548" lon="19.36878" />
<trkpt lat="47.54489" lon="19.36956" />
<trkpt lat="47.54479" lon="19.36979" />
<trkpt lat="47.54472" lon="19.36996" />
<trkpt lat="47.54461" lon="19.3702" />
<trkpt lat="47.54442" lon="19.37049" />
<trkpt lat="47.54423" lon="19.37075" />
<trkpt lat="47.54396" lon="19.37107" />
<trkpt lat="47.54358" lon="19.37159" />
<trkpt lat="47.54342" lon="19.37187" />
<trkpt lat="47.54306" lon="19.3723" />
<trkpt lat="47.54245" lon="19.37313" />
<trkpt lat="47.54227" lon="19.37342" />
<trkpt lat="47.54178" lon="19.37407" />
<trkpt lat="47.54172" lon="19.37413" />
<trkpt lat="47.54162" lon="19.37401" />
<trkpt lat="47.54159" lon="19.374" />
<trkpt lat="47.54147" lon="19.37396" />
<trkpt lat="47.54128" lon="19.37383" />
<trkpt lat="47.54099" lon="19.37351" />
<trkpt lat="47.54068" lon="19.37318" />
<trkpt lat="47.54038" lon="19.37284" />
<trkpt lat="47.5399" lon="19.37233" />
<trkpt lat="47.53963" lon="19.37207" />
<trkpt lat="47.53942" lon="19.37183" />
<trkpt lat="47.53938" lon="19.37177" />
<trkpt lat="47.53908" lon="19.37257" />
<trkpt lat="47.5386" lon="19.37386" />
<trkpt lat="47.53783" lon="19.37561" />
<trkpt lat="47.53754" lon="19.37641" />
<trkpt lat="47.53751" lon="19.37657" />
<trkpt lat="47.53774" lon="19.37679" />
<trkpt lat="47.53838" lon="19.37734" />
<trkpt lat="47.5387" lon="19.3776" />
<trkpt lat="47.53888" lon="19.3778" />
<trkpt lat="47.53921" lon="19.37798" />
<trkpt lat="47.53959" lon="19.37824" />
<trkpt lat="47.53975" lon="19.37839" />
<trkpt lat="47.53989" lon="19.37868" />
<trkpt lat="47.53994" lon="19.37881" />
<trkpt lat="47.54026" lon="19.37906" />
<trkpt lat="47.54031" lon="19.37909" />
<trkpt lat="47.54033" lon="19.37908" />
<trkpt lat="47.54035" lon="19.37908" />
<trkpt lat="47.54037" lon="19.37908" />
<trkpt lat="47.54039" lon="19.37908" />
<trkpt lat="47.54041" lon="19.37909" />
<trkpt lat="47.54051" lon="19.37913" />
<trkpt lat="47.54068" lon="19.37927" />
<trkpt lat="47.54105" lon="19.37941" />
<trkpt lat="47.54124" lon="19.37952" />
<trkpt lat="47.54151" lon="19.37974" />
<trkpt lat="47.54199" lon="19.38012" />
<trkpt lat="47.54221" lon="19.38036" />
<trkpt lat="47.54228" lon="19.38046" />
<trkpt lat="47.54223" lon="19.38048" />
<trkpt lat="47.54204" lon="19.38054" />
<trkpt lat="47.54164" lon="19.38069" />
<trkpt lat="47.54112" lon="19.38095" />
<trkpt lat="47.54058" lon="19.38128" />
<trkpt lat="47.54017" lon="19.38149" />
<trkpt lat="47.53969" lon="19.38182" />
<trkpt lat="47.53938" lon="19.38208" />
<trkpt lat="47.53894" lon="19.38249" />
<trkpt lat="47.53853" lon="19.3829" />
<trkpt lat="47.5383" lon="19.38313" />
<trkpt lat="47.53834" lon="19.38331" />
<trkpt lat="47.53854" lon="19.38382" />
<trkpt lat="47.53876" lon="19.38454" />
<trkpt lat="47.53893" lon="19.38515" />
<trkpt lat="47.53894" lon="19.38518" />
<trkpt lat="47.5389" lon="19.38522" />
<trkpt lat="47.53866" lon="19.38537" />
<trkpt lat="47.53848" lon="19.38547" />
<trkpt lat="47.53814" lon="19.38581" />
<trkpt lat="47.53804" lon="19.38608" />
<trkpt lat="47.53779" lon="19.38635" />
<trkpt lat="47.53746" lon="19.38668" />
<trkpt lat="47.53686" lon="19.38744" />
<trkpt lat="47.53675" lon="19.38764" />
<trkpt lat="47.53671" lon="19.38776" />
<trkpt lat="47.53673" lon="19.38791" />
<trkpt lat="47.53686" lon="19.3883" />
<trkpt lat="47.53692" lon="19.38845" />
<trkpt lat="47.53699" lon="19.38847" />
<trkpt lat="47.53703" lon="19.38847" />
<trkpt lat="47.53709" lon="19.38847" />
<trkpt lat="47.53715" lon="19.38847" />
<trkpt lat="47.53718" lon="19.38847" />
<trkpt lat="47.53742" lon="19.38855" />
<trkpt lat="47.53758" lon="19.38866" />
<trkpt lat="47.53757" lon="19.38925" />
<trkpt lat="47.53761" lon="19.38924" />
<trkpt lat="47.53764" lon="19.38924" />
<trkpt lat="47.53765" lon="19.38924" />
<trkpt lat="47.53771" lon="19.38928" />
<trkpt lat="47.53773" lon="19.38941" />
<trkpt lat="47.53771" lon="19.38948" />
<trkpt lat="47.53752" lon="19.38959" />
<trkpt lat="47.53736" lon="19.38963" />
<trkpt lat="47.53734" lon="19.38963" />
<trkpt lat="47.53731" lon="19.38963" />
<trkpt lat="47.53728" lon="19.38963" />
<trkpt lat="47.53726" lon="19.38963" />
<trkpt lat="47.53718" lon="19.38961" />
<trkpt lat="47.53703" lon="19.3896" />
<trkpt lat="47.53701" lon="19.3896" />
<trkpt lat="47.53698" lon="19.3896" />
<trkpt lat="47.53695" lon="19.3896" />
<trkpt lat="47.53691" lon="19.3896" />
<trkpt lat="47.53688" lon="19.3896" />
<trkpt lat="47.53686" lon="19.3896" />
<trkpt lat="47.53662" lon="19.38971" />
<trkpt lat="47.53599" lon="19.39001" />
<trkpt lat="47.53593" lon="19.39008" />
<trkpt lat="47.53579" lon="19.39043" />
<trkpt lat="47.53568" lon="19.39051" />
<trkpt lat="47.53517" lon="19.39077" />
<trkpt lat="47.53501" lon="19.39087" />
<trkpt lat="47.5342" lon="19.3912" />
<trkpt lat="47.53266" lon="19.39195" />
<trkpt lat="47.53185" lon="19.39236" />
<trkpt lat="47.53122" lon="19.39276" />
<trkpt lat="47.52991" lon="19.39367" />
<trkpt lat="47.52932" lon="19.39406" />
<trkpt lat="47.52929" lon="19.39406" />
<trkpt lat="47.52926" lon="19.39406" />
<trkpt lat="47.52924" lon="19.39405" />
<trkpt lat="47.52922" lon="19.39405" />
<trkpt lat="47.52907" lon="19.39413" />
<trkpt lat="47.52903" lon="19.39419" />
<trkpt lat="47.52904" lon="19.39439" />
<trkpt lat="47.52933" lon="19.39538" />
<trkpt lat="47.52948" lon="19.39622" />
<trkpt lat="47.52977" lon="19.39826" />
<trkpt lat="47.5298" lon="19.39863" />
<trkpt lat="47.52976" lon="19.39882" />
<trkpt lat="47.52968" lon="19.399" />
<trkpt lat="47.52959" lon="19.39908" />
<trkpt lat="47.52957" lon="19.39918" />
<trkpt lat="47.52957" lon="19.39918" />
<trkpt lat="47.52953" lon="19.39919" />
<trkpt lat="47.5294" lon="19.39925" />
<trkpt lat="47.52933" lon="19.39923" />
<trkpt lat="47.52889" lon="19.39948" />
<trkpt lat="47.52846" lon="19.39971" />
<trkpt lat="47.52785" lon="19.39993" />
<trkpt lat="47.52756" lon="19.40003" />
<trkpt lat="47.52746" lon="19.40021" />
<trkpt lat="47.52734" lon="19.40047" />
<trkpt lat="47.52704" lon="19.4009" />
<trkpt lat="47.52693" lon="19.40106" />
<trkpt lat="47.52691" lon="19.40113" />
<trkpt lat="47.52682" lon="19.40121" />
<trkpt lat="47.52647" lon="19.40141" />
<trkpt lat="47.52636" lon="19.40137" />
<trkpt lat="47.52594" lon="19.40095" />
<trkpt lat="47.52498" lon="19.39996" />
<trkpt lat="47.52472" lon="19.39963" />
<trkpt lat="47.52452" lon="19.39927" />
<trkpt lat="47.52433" lon="19.39879" />
<trkpt lat="47.52427" lon="19.39875" />
<trkpt lat="47.52425" lon="19.39875" />
<trkpt lat="47.52417" lon="19.39881" />
<trkpt lat="47.52401" lon="19.3991" />
<trkpt lat="47.52386" lon="19.39943" />
<trkpt lat="47.52367" lon="19.39972" />
<trkpt lat="47.52355" lon="19.39995" />
<trkpt lat="47.52339" lon="19.40013" />
<trkpt lat="47.52322" lon="19.40041" />
<trkpt lat="47.52312" lon="19.40046" />
<trkpt lat="47.52299" lon="19.40052" />
<trkpt lat="47.52287" lon="19.4007" />
<trkpt lat="47.52265" lon="19.40084" />
<trkpt lat="47.52233" lon="19.4012" />
<trkpt lat="47.52223" lon="19.40126" />
<trkpt lat="47.5222" lon="19.40126" />
<trkpt lat="47.52219" lon="19.40126" />
<trkpt lat="47.5218" lon="19.40115" />
<trkpt lat="47.52178" lon="19.40114" />
<trkpt lat="47.5217" lon="19.40119" />
<trkpt lat="47.52146" lon="19.40139" />
<trkpt lat="47.52127" lon="19.40146" />
<trkpt lat="47.52121" lon="19.40143" />
<trkpt lat="47.52117" lon="19.40131" />
<trkpt lat="47.52119" lon="19.40119" />
<trkpt lat="47.52149" lon="19.40013" />
<trkpt lat="47.52159" lon="19.39973" />
<trkpt lat="47.52164" lon="19.39938" />
<trkpt lat="47.52179" lon="19.39901" />
<trkpt lat="47.52183" lon="19.39876" />
<trkpt lat="47.52181" lon="19.39857" />
<trkpt lat="47.52174" lon="19.39845" />
<trkpt lat="47.52161" lon="19.39835" />
<trkpt lat="47.5216" lon="19.39834" />
<trkpt lat="47.52158" lon="19.39834" />
<trkpt lat="47.52147" lon="19.39842" />
<trkpt lat="47.52134" lon="19.39858" />
<trkpt lat="47.5213" lon="19.39873" />
<trkpt lat="47.52118" lon="19.39906" />
<trkpt lat="47.52107" lon="19.39927" />
<trkpt lat="47.52095" lon="19.39959" />
<trkpt lat="47.52076" lon="19.39983" />
<trkpt lat="47.52063" lon="19.39994" />
<trkpt lat="47.52049" lon="19.40008" />
<trkpt lat="47.5203" lon="19.40036" />
<trkpt lat="47.52005" lon="19.40065" />
<trkpt lat="47.51993" lon="19.40081" />
<trkpt lat="47.51983" lon="19.40087" />
<trkpt lat="47.51947" lon="19.40137" />
<trkpt lat="47.51925" lon="19.40174" />
<trkpt lat="47.51895" lon="19.40206" />
<trkpt lat="47.51871" lon="19.40224" />
<trkpt lat="47.51861" lon="19.40226" />
<trkpt lat="47.51859" lon="19.40226" />
<trkpt lat="47.51843" lon="19.40231" />
<trkpt lat="47.51803" lon="19.40257" />
<trkpt lat="47.51784" lon="19.4027" />
<trkpt lat="47.51743" lon="19.40308" />
<trkpt lat="47.5169" lon="19.40345" />
<trkpt lat="47.51642" lon="19.40381" />
<trkpt lat="47.51568" lon="19.40438" />
<trkpt lat="47.51538" lon="19.40462" />
<trkpt lat="47.51508" lon="19.40489" />
<trkpt lat="47.51497" lon="19.40471" />
<trkpt lat="47.51447" lon="19.40387" />
<trkpt lat="47.51429" lon="19.40347" />
<trkpt lat="47.51428" lon="19.40328" />
<trkpt lat="47.51433" lon="19.40312" />
<trkpt lat="47.51451" lon="19.40283" />
<trkpt lat="47.51463" lon="19.40263" />
<trkpt lat="47.51468" lon="19.40245" />
<trkpt lat="47.51465" lon="19.40219" />
<trkpt lat="47.51449" lon="19.40128" />
<trkpt lat="47.51447" lon="19.40103" />
<trkpt lat="47.5144" lon="19.40073" />
<trkpt lat="47.51432" lon="19.39976" />
<trkpt lat="47.5143" lon="19.39914" />
<trkpt lat="47.5142" lon="19.39858" />
<trkpt lat="47.5141" lon="19.39809" />
<trkpt lat="47.51405" lon="19.39765" />
<trkpt lat="47.51381" lon="19.39701" />
<trkpt lat="47.51373" lon="19.39664" />
<trkpt lat="47.51365" lon="19.39594" />
<trkpt lat="47.51353" lon="19.39536" />
<trkpt lat="47.51355" lon="19.39518" />
<trkpt lat="47.51364" lon="19.39491" />
<trkpt lat="47.51402" lon="19.39402" />
<trkpt lat="47.51417" lon="19.39367" />
<trkpt lat="47.51423" lon="19.39344" />
<trkpt lat="47.51422" lon="19.39327" />
<trkpt lat="47.51415" lon="19.39307" />
<trkpt lat="47.51382" lon="19.39253" />
<trkpt lat="47.51373" lon="19.39227" />
<trkpt lat="47.51371" lon="19.39203" />
<trkpt lat="47.51376" lon="19.39152" />
<trkpt lat="47.51372" lon="19.39128" />
<trkpt lat="47.51365" lon="19.39094" />
<trkpt lat="47.51363" lon="19.3907" />
<trkpt lat="47.51368" lon="19.39014" />
<trkpt lat="47.51363" lon="19.38986" />
<trkpt lat="47.51339" lon="19.38907" />
<trkpt lat="47.51333" lon="19.38877" />
<trkpt lat="47.5133" lon="19.38833" />
<trkpt lat="47.51321" lon="19.38806" />
<trkpt lat="47.51297" lon="19.38754" />
<trkpt lat="47.51298" lon="19.38743" />
<trkpt lat="47.51326" lon="19.38683" />
<trkpt lat="47.51365" lon="19.38595" />
<trkpt lat="47.51424" lon="19.38458" />
<trkpt lat="47.51423" lon="19.38456" />
<trkpt lat="47.51367" lon="19.38343" />
<trkpt lat="47.51349" lon="19.38319" />
<trkpt lat="47.51284" lon="19.38238" />
<trkpt lat="47.51182" lon="19.38103" />
<trkpt lat="47.51178" lon="19.38106" />
<trkpt lat="47.51148" lon="19.38137" />
<trkpt lat="47.51139" lon="19.38148" />
<trkpt lat="47.51138" lon="19.38157" />
<trkpt lat="47.51142" lon="19.38177" />
<trkpt lat="47.51135" lon="19.38192" />
<trkpt lat="47.51127" lon="19.38209" />
<trkpt lat="47.51124" lon="19.38209" />
<trkpt lat="47.51118" lon="19.38205" />
<trkpt lat="47.51104" lon="19.38173" />
<trkpt lat="47.51097" lon="19.3817" />
<trkpt lat="47.51093" lon="19.3817" />
<trkpt lat="47.51085" lon="19.3817" />
<trkpt lat="47.51081" lon="19.38171" />
<trkpt lat="47.51077" lon="19.38171" />
<trkpt lat="47.51073" lon="19.38171" />
<trkpt lat="47.51058" lon="19.38166" />
<trkpt lat="47.51054" lon="19.38166" />
<trkpt lat="47.51051" lon="19.38165" />
<trkpt lat="47.51047" lon="19.38166" />
<trkpt lat="47.5103" lon="19.3818" />
<trkpt lat="47.51019" lon="19.38185" />
<trkpt lat="47.51017" lon="19.38185" />
<trkpt lat="47.51003" lon="19.38174" />
<trkpt lat="47.50998" lon="19.38179" />
<trkpt lat="47.50982" lon="19.38219" />
<trkpt lat="47.50977" lon="19.38219" />
<trkpt lat="47.50961" lon="19.38181" />
<trkpt lat="47.50958" lon="19.38178" />
<trkpt lat="47.50954" lon="19.38178" />
<trkpt lat="47.50913" lon="19.38153" />
<trkpt lat="47.5091" lon="19.38152" />
<trkpt lat="47.50899" lon="19.38159" />
<trkpt lat="47.5088" lon="19.38148" />
<trkpt lat="47.50865" lon="19.38136" />
<trkpt lat="47.50861" lon="19.38136" />
<trkpt lat="47.50853" lon="19.38136" />
<trkpt lat="47.50849" lon="19.38136" />
<trkpt lat="47.50846" lon="19.38136" />
<trkpt lat="47.50843" lon="19.38136" />
<trkpt lat="47.50835" lon="19.38136" />
<trkpt lat="47.50824" lon="19.38135" />
<trkpt lat="47.5082" lon="19.38135" />
<trkpt lat="47.50816" lon="19.38135" />
<trkpt lat="47.50812" lon="19.38135" />
<trkpt lat="47.50808" lon="19.38135" />
<trkpt lat="47.508" lon="19.38136" />
<trkpt lat="47.50796" lon="19.38136" />
<trkpt lat="47.50792" lon="19.38136" />
<trkpt lat="47.50788" lon="19.38137" />
<trkpt lat="47.50784" lon="19.38136" />
<trkpt lat="47.50776" lon="19.38136" />
<trkpt lat="47.50772" lon="19.38136" />
<trkpt lat="47.50768" lon="19.38137" />
<trkpt lat="47.50764" lon="19.38137" />
<trkpt lat="47.50749" lon="19.38142" />
<trkpt lat="47.50743" lon="19.38138" />
<trkpt lat="47.50733" lon="19.38125" />
<trkpt lat="47.50718" lon="19.38129" />
<trkpt lat="47.50715" lon="19.38129" />
<trkpt lat="47.50708" lon="19.38128" />
<trkpt lat="47.50696" lon="19.38133" />
<trkpt lat="47.50693" lon="19.38133" />
<trkpt lat="47.50689" lon="19.38133" />
<trkpt lat="47.50683" lon="19.38132" />
<trkpt lat="47.5068" lon="19.38132" />
<trkpt lat="47.50676" lon="19.38132" />
<trkpt lat="47.5067" lon="19.3813" />
<trkpt lat="47.50663" lon="19.3813" />
<trkpt lat="47.5066" lon="19.38131" />
<trkpt lat="47.50654" lon="19.3813" />
<trkpt lat="47.5065" lon="19.3813" />
<trkpt lat="47.50647" lon="19.38131" />
<trkpt lat="47.50644" lon="19.38131" />
<trkpt lat="47.50637" lon="19.38128" />
<trkpt lat="47.50631" lon="19.38127" />
<trkpt lat="47.50627" lon="19.38128" />
<trkpt lat="47.50622" lon="19.38137" />
<trkpt lat="47.50614" lon="19.38149" />
<trkpt lat="47.50578" lon="19.38181" />
<trkpt lat="47.50576" lon="19.38181" />
<trkpt lat="47.50575" lon="19.38176" />
<trkpt lat="47.50574" lon="19.3816" />
<trkpt lat="47.50572" lon="19.38158" />
<trkpt lat="47.50566" lon="19.38165" />
<trkpt lat="47.50558" lon="19.38183" />
<trkpt lat="47.50548" lon="19.38209" />
<trkpt lat="47.5053" lon="19.38225" />
<trkpt lat="47.50522" lon="19.3823" />
<trkpt lat="47.5052" lon="19.38227" />
<trkpt lat="47.50523" lon="19.38216" />
<trkpt lat="47.50527" lon="19.38199" />
<trkpt lat="47.5052" lon="19.38177" />
<trkpt lat="47.50512" lon="19.38147" />
<trkpt lat="47.50509" lon="19.38141" />
<trkpt lat="47.50514" lon="19.3812" />
<trkpt lat="47.50511" lon="19.38116" />
<trkpt lat="47.50507" lon="19.38116" />
<trkpt lat="47.50503" lon="19.38117" />
<trkpt lat="47.50499" lon="19.38117" />
<trkpt lat="47.50495" lon="19.38116" />
<trkpt lat="47.50491" lon="19.38117" />
<trkpt lat="47.50487" lon="19.38117" />
<trkpt lat="47.50464" lon="19.3811" />
<trkpt lat="47.5046" lon="19.3811" />
<trkpt lat="47.50456" lon="19.3811" />
<trkpt lat="47.50446" lon="19.38108" />
<trkpt lat="47.50438" lon="19.38108" />
<trkpt lat="47.50435" lon="19.38108" />
<trkpt lat="47.50423" lon="19.38101" />
<trkpt lat="47.50419" lon="19.381" />
<trkpt lat="47.50416" lon="19.38101" />
<trkpt lat="47.50412" lon="19.38101" />
<trkpt lat="47.50405" lon="19.38092" />
<trkpt lat="47.50398" lon="19.38078" />
<trkpt lat="47.50395" lon="19.38077" />
<trkpt lat="47.50391" lon="19.38077" />
<trkpt lat="47.50384" lon="19.38084" />
<trkpt lat="47.50374" lon="19.3811" />
<trkpt lat="47.50367" lon="19.38116" />
<trkpt lat="47.50339" lon="19.38123" />
<trkpt lat="47.50323" lon="19.38125" />
<trkpt lat="47.50319" lon="19.38125" />
<trkpt lat="47.503" lon="19.38117" />
<trkpt lat="47.50295" lon="19.38116" />
<trkpt lat="47.50289" lon="19.38123" />
<trkpt lat="47.50282" lon="19.38128" />
<trkpt lat="47.50278" lon="19.38128" />
<trkpt lat="47.50274" lon="19.38127" />
<trkpt lat="47.5027" lon="19.38127" />
<trkpt lat="47.50266" lon="19.38127" />
<trkpt lat="47.50249" lon="19.38119" />
<trkpt lat="47.50235" lon="19.38111" />
<trkpt lat="47.50231" lon="19.38111" />
<trkpt lat="47.50227" lon="19.38111" />
<trkpt lat="47.50223" lon="19.38111" />
<trkpt lat="47.50219" lon="19.38111" />
<trkpt lat="47.50212" lon="19.3811" />
<trkpt lat="47.50208" lon="19.3811" />
<trkpt lat="47.50204" lon="19.3811" />
<trkpt lat="47.502" lon="19.3811" />
<trkpt lat="47.50197" lon="19.3811" />
<trkpt lat="47.50193" lon="19.3811" />
<trkpt lat="47.50189" lon="19.3811" />
<trkpt lat="47.50185" lon="19.3811" />
<trkpt lat="47.50181" lon="19.3811" />
<trkpt lat="47.50177" lon="19.38111" />
<trkpt lat="47.5015" lon="19.38117" />
<trkpt lat="47.50146" lon="19.38116" />
<trkpt lat="47.50142" lon="19.38116" />
<trkpt lat="47.50138" lon="19.38116" />
<trkpt lat="47.50134" lon="19.38116" />
<trkpt lat="47.5013" lon="19.38116" />
<trkpt lat="47.50126" lon="19.38116" />
<trkpt lat="47.50122" lon="19.38116" />
<trkpt lat="47.50094" lon="19.38125" />
<trkpt lat="47.5009" lon="19.38126" />
<trkpt lat="47.50082" lon="19.38125" />
<trkpt lat="47.50073" lon="19.38124" />
<trkpt lat="47.50053" lon="19.38126" />
<trkpt lat="47.50049" lon="19.38126" />
<trkpt lat="47.50045" lon="19.38125" />
<trkpt lat="47.50037" lon="19.38124" />
<trkpt lat="47.50033" lon="19.38124" />
<trkpt lat="47.50029" lon="19.38124" />
<trkpt lat="47.50025" lon="19.38124" />
<trkpt lat="47.5002" lon="19.38123" />
<trkpt lat="47.50016" lon="19.38124" />
<trkpt lat="47.50004" lon="19.38128" />
<trkpt lat="47.5" lon="19.38128" />
<trkpt lat="47.49984" lon="19.38126" />
<trkpt lat="47.4998" lon="19.38125" />
<trkpt lat="47.49971" lon="19.38126" />
<trkpt lat="47.49959" lon="19.38128" />
<trkpt lat="47.49951" lon="19.38128" />
<trkpt lat="47.49944" lon="19.38125" />
<trkpt lat="47.49937" lon="19.38124" />
<trkpt lat="47.49934" lon="19.38124" />
<trkpt lat="47.49928" lon="19.38125" />
<trkpt lat="47.49921" lon="19.38121" />
<trkpt lat="47.49917" lon="19.38121" />
<trkpt lat="47.49905" lon="19.38124" />
<trkpt lat="47.49897" lon="19.38124" />
<trkpt lat="47.49894" lon="19.38125" />
<trkpt lat="47.49886" lon="19.38126" />
<trkpt lat="47.49878" lon="19.38126" />
<trkpt lat="47.49874" lon="19.38126" />
<trkpt lat="47.49865" lon="19.38125" />
<trkpt lat="47.49861" lon="19.38125" />
<trkpt lat="47.49856" lon="19.38125" />
<trkpt lat="47.4984" lon="19.38128" />
<trkpt lat="47.49836" lon="19.38127" />
<trkpt lat="47.4981" lon="19.38118" />
<trkpt lat="47.49805" lon="19.38118" />
<trkpt lat="47.49799" lon="19.38126" />
<trkpt lat="47.49768" lon="19.38169" />
<trkpt lat="47.49714" lon="19.38233" />
<trkpt lat="47.49679" lon="19.38271" />
<trkpt lat="47.49659" lon="19.38295" />
<trkpt lat="47.49616" lon="19.38316" />
<trkpt lat="47.49613" lon="19.38316" />
<trkpt lat="47.49609" lon="19.38315" />
<trkpt lat="47.49604" lon="19.38315" />
<trkpt lat="47.496" lon="19.38315" />
<trkpt lat="47.49562" lon="19.38324" />
<trkpt lat="47.49517" lon="19.3834" />
<trkpt lat="47.49449" lon="19.38397" />
<trkpt lat="47.49414" lon="19.38423" />
<trkpt lat="47.49386" lon="19.38438" />
<trkpt lat="47.49371" lon="19.3845" />
<trkpt lat="47.49367" lon="19.3845" />
<trkpt lat="47.49362" lon="19.38451" />
<trkpt lat="47.49359" lon="19.38455" />
<trkpt lat="47.4935" lon="19.38474" />
<trkpt lat="47.49321" lon="19.38496" />
<trkpt lat="47.49273" lon="19.38528" />
<trkpt lat="47.49218" lon="19.38575" />
<trkpt lat="47.49202" lon="19.38595" />
<trkpt lat="47.49192" lon="19.38614" />
<trkpt lat="47.49177" lon="19.38619" />
<trkpt lat="47.49172" lon="19.38617" />
<trkpt lat="47.49161" lon="19.38606" />
<trkpt lat="47.49161" lon="19.38599" />
<trkpt lat="47.4916" lon="19.38549" />
<trkpt lat="47.49153" lon="19.38504" />
<trkpt lat="47.49143" lon="19.38477" />
<trkpt lat="47.49118" lon="19.38418" />
<trkpt lat="47.49102" lon="19.38389" />
<trkpt lat="47.49096" lon="19.38368" />
<trkpt lat="47.49098" lon="19.38344" />
<trkpt lat="47.49105" lon="19.38321" />
<trkpt lat="47.4915" lon="19.38218" />
<trkpt lat="47.49191" lon="19.38108" />
<trkpt lat="47.49236" lon="19.37983" />
<trkpt lat="47.49332" lon="19.3774" />
<trkpt lat="47.49353" lon="19.37697" />
<trkpt lat="47.49403" lon="19.37606" />
<trkpt lat="47.49428" lon="19.37544" />
<trkpt lat="47.4945" lon="19.37472" />
<trkpt lat="47.49468" lon="19.37394" />
<trkpt lat="47.49483" lon="19.37272" />
<trkpt lat="47.49492" lon="19.37188" />
<trkpt lat="47.49492" lon="19.3714" />
<trkpt lat="47.49486" lon="19.37086" />
<trkpt lat="47.49473" lon="19.37025" />
<trkpt lat="47.4946" lon="19.36991" />
<trkpt lat="47.49443" lon="19.3696" />
<trkpt lat="47.49387" lon="19.36894" />
<trkpt lat="47.49363" lon="19.36867" />
<trkpt lat="47.49349" lon="19.36834" />
<trkpt lat="47.49338" lon="19.36792" />
<trkpt lat="47.49333" lon="19.3675" />
<trkpt lat="47.49336" lon="19.3669" />
<trkpt lat="47.49345" lon="19.36639" />
<trkpt lat="47.49353" lon="19.36602" />
<trkpt lat="47.49349" lon="19.36602" />
<trkpt lat="47.49339" lon="19.36609" />
<trkpt lat="47.49285" lon="19.36678" />
<trkpt lat="47.49266" lon="19.36693" />
<trkpt lat="47.49246" lon="19.36702" />
<trkpt lat="47.49195" lon="19.36715" />
<trkpt lat="47.49172" lon="19.36733" />
<trkpt lat="47.49146" lon="19.3675" />
<trkpt lat="47.49106" lon="19.36768" />
<trkpt lat="47.49065" lon="19.36795" />
<trkpt lat="47.49056" lon="19.36795" />
<trkpt lat="47.49048" lon="19.36795" />
<trkpt lat="47.49046" lon="19.36795" />
<trkpt lat="47.49042" lon="19.36795" />
<trkpt lat="47.49034" lon="19.36796" />
<trkpt lat="47.49032" lon="19.36796" />
<trkpt lat="47.49025" lon="19.36791" />
<trkpt lat="47.49007" lon="19.36754" />
<trkpt lat="47.48988" lon="19.36722" />
<trkpt lat="47.48967" lon="19.36701" />
<trkpt lat="47.48934" lon="19.36681" />
<trkpt lat="47.48926" lon="19.36678" />
<trkpt lat="47.48922" lon="19.36678" />
<trkpt lat="47.48918" lon="19.36678" />
<trkpt lat="47.48914" lon="19.36678" />
<trkpt lat="47.4891" lon="19.36678" />
<trkpt lat="47.48908" lon="19.36678" />
<trkpt lat="47.48906" lon="19.36678" />
<trkpt lat="47.48901" lon="19.36679" />
<trkpt lat="47.48897" lon="19.36678" />
<trkpt lat="47.48885" lon="19.36678" />
<trkpt lat="47.4888" lon="19.36677" />
<trkpt lat="47.48866" lon="19.36676" />
<trkpt lat="47.4886" lon="19.36676" />
<trkpt lat="47.48855" lon="19.36676" />
<trkpt lat="47.48835" lon="19.36682" />
<trkpt lat="47.48786" lon="19.36708" />
<trkpt lat="47.48747" lon="19.36721" />
<trkpt lat="47.48707" lon="19.36727" />
<trkpt lat="47.48702" lon="19.36727" />
<trkpt lat="47.48698" lon="19.36728" />
<trkpt lat="47.48687" lon="19.36739" />
<trkpt lat="47.48663" lon="19.36769" />
<trkpt lat="47.48595" lon="19.36832" />
<trkpt lat="47.48553" lon="19.36861" />
<trkpt lat="47.48533" lon="19.36882" />
<trkpt lat="47.48522" lon="19.36891" />
<trkpt lat="47.48501" lon="19.36901" />
<trkpt lat="47.48477" lon="19.36929" />
<trkpt lat="47.48444" lon="19.36941" />
<trkpt lat="47.48398" lon="19.36956" />
<trkpt lat="47.48368" lon="19.36963" />
<trkpt lat="47.48346" lon="19.36983" />
<trkpt lat="47.48304" lon="19.37026" />
<trkpt lat="47.48296" lon="19.3704" />
<trkpt lat="47.48273" lon="19.37083" />
<trkpt lat="47.48256" lon="19.37108" />
<trkpt lat="47.48241" lon="19.37129" />
<trkpt lat="47.48197" lon="19.37179" />
<trkpt lat="47.48171" lon="19.37198" />
<trkpt lat="47.48153" lon="19.37213" />
<trkpt lat="47.48129" lon="19.37239" />
<trkpt lat="47.48089" lon="19.37272" />
<trkpt lat="47.48066" lon="19.37302" />
<trkpt lat="47.4804" lon="19.37345" />
<trkpt lat="47.48019" lon="19.37368" />
<trkpt lat="47.47991" lon="19.37385" />
<trkpt lat="47.47982" lon="19.37397" />
<trkpt lat="47.47965" lon="19.37441" />
<trkpt lat="47.47946" lon="19.37467" />
<trkpt lat="47.47927" lon="19.37494" />
<trkpt lat="47.47908" lon="19.37529" />
<trkpt lat="47.47879" lon="19.37574" />
<trkpt lat="47.47869" lon="19.37585" />
<trkpt lat="47.47865" lon="19.37586" />
<trkpt lat="47.47861" lon="19.37586" />
<trkpt lat="47.47836" lon="19.37576" />
<trkpt lat="47.47824" lon="19.3758" />
<trkpt lat="47.4778" lon="19.37626" />
<trkpt lat="47.47741" lon="19.3767" />
<trkpt lat="47.47714" lon="19.37698" />
<trkpt lat="47.47694" lon="19.37707" />
<trkpt lat="47.47682" lon="19.37706" />
<trkpt lat="47.4766" lon="19.37745" />
<trkpt lat="47.47636" lon="19.3778" />
<trkpt lat="47.47631" lon="19.37799" />
<trkpt lat="47.47635" lon="19.37818" />
<trkpt lat="47.47647" lon="19.37846" />
<trkpt lat="47.47673" lon="19.37892" />
<trkpt lat="47.477" lon="19.37964" />
<trkpt lat="47.47725" lon="19.38025" />
<trkpt lat="47.47772" lon="19.38115" />
<trkpt lat="47.47799" lon="19.38166" />
<trkpt lat="47.47793" lon="19.38173" />
<trkpt lat="47.47766" lon="19.38202" />
<trkpt lat="47.47705" lon="19.38265" />
<trkpt lat="47.47635" lon="19.38342" />
<trkpt lat="47.47614" lon="19.38376" />
<trkpt lat="47.47578" lon="19.38442" />
<trkpt lat="47.47546" lon="19.38487" />
<trkpt lat="47.47504" lon="19.38542" />
<trkpt lat="47.4745" lon="19.38628" />
<trkpt lat="47.47417" lon="19.38673" />
<trkpt lat="47.47374" lon="19.38716" />
<trkpt lat="47.47324" lon="19.3876" />
<trkpt lat="47.47236" lon="19.38826" />
<trkpt lat="47.47148" lon="19.38896" />
<trkpt lat="47.47062" lon="19.38971" />
<trkpt lat="47.4699" lon="19.39029" />
<trkpt lat="47.46953" lon="19.39064" />
<trkpt lat="47.46928" lon="19.391" />
<trkpt lat="47.46864" lon="19.39207" />
<trkpt lat="47.46827" lon="19.3927" />
<trkpt lat="47.46825" lon="19.39289" />
<trkpt lat="47.4683" lon="19.39303" />
<trkpt lat="47.46842" lon="19.39312" />
<trkpt lat="47.46858" lon="19.39321" />
<trkpt lat="47.46855" lon="19.39335" />
<trkpt lat="47.46853" lon="19.3935" />
<trkpt lat="47.46857" lon="19.3939" />
<trkpt lat="47.46853" lon="19.39415" />
<trkpt lat="47.46835" lon="19.39457" />
<trkpt lat="47.46786" lon="19.39562" />
<trkpt lat="47.46748" lon="19.39646" />
<trkpt lat="47.4667" lon="19.39821" />
<trkpt lat="47.46607" lon="19.39959" />
<trkpt lat="47.46575" lon="19.4003" />
<trkpt lat="47.46522" lon="19.40161" />
<trkpt lat="47.46505" lon="19.40197" />
<trkpt lat="47.46495" lon="19.40207" />
<trkpt lat="47.46489" lon="19.40209" />
<trkpt lat="47.46487" lon="19.40209" />
<trkpt lat="47.46485" lon="19.40209" />
<trkpt lat="47.46471" lon="19.402" />
<trkpt lat="47.46427" lon="19.40148" />
<trkpt lat="47.4641" lon="19.40131" />
<trkpt lat="47.46403" lon="19.40129" />
<trkpt lat="47.46402" lon="19.40129" />
<trkpt lat="47.46398" lon="19.40129" />
<trkpt lat="47.46389" lon="19.40135" />
<trkpt lat="47.46377" lon="19.40154" />
<trkpt lat="47.46315" lon="19.40271" />
<trkpt lat="47.46191" lon="19.40502" />
<trkpt lat="47.46173" lon="19.40529" />
<trkpt lat="47.46151" lon="19.40551" />
<trkpt lat="47.46143" lon="19.4057" />
<trkpt lat="47.46128" lon="19.40616" />
<trkpt lat="47.4612" lon="19.40632" />
<trkpt lat="47.4611" lon="19.40639" />
<trkpt lat="47.46106" lon="19.40639" />
<trkpt lat="47.46103" lon="19.40639" />
<trkpt lat="47.46082" lon="19.4063" />
<trkpt lat="47.46073" lon="19.40616" />
<trkpt lat="47.46065" lon="19.40593" />
<trkpt lat="47.46058" lon="19.40572" />
<trkpt lat="47.46046" lon="19.40554" />
<trkpt lat="47.46014" lon="19.40529" />
<trkpt lat="47.45964" lon="19.40492" />
<trkpt lat="47.45922" lon="19.40467" />
<trkpt lat="47.45894" lon="19.40457" />
<trkpt lat="47.45861" lon="19.40449" />
<trkpt lat="47.45821" lon="19.40421" />
<trkpt lat="47.45771" lon="19.40399" />
<trkpt lat="47.4572" lon="19.40379" />
<trkpt lat="47.45678" lon="19.40354" />
<trkpt lat="47.45643" lon="19.40334" />
<trkpt lat="47.45566" lon="19.40288" />
<trkpt lat="47.45507" lon="19.40256" />
<trkpt lat="47.45488" lon="19.40245" />
<trkpt lat="47.45462" lon="19.40224" />
<trkpt lat="47.45418" lon="19.40199" />
<trkpt lat="47.45404" lon="19.40182" />
<trkpt lat="47.45387" lon="19.40158" />
<trkpt lat="47.45341" lon="19.40103" />
<trkpt lat="47.45322" lon="19.40084" />
<trkpt lat="47.45304" lon="19.40049" />
<trkpt lat="47.45284" lon="19.39993" />
<trkpt lat="47.4528" lon="19.39945" />
<trkpt lat="47.4528" lon="19.39911" />
<trkpt lat="47.45282" lon="19.39895" />
<trkpt lat="47.45338" lon="19.39776" />
<trkpt lat="47.45359" lon="19.39728" />
<trkpt lat="47.45362" lon="19.39709" />
<trkpt lat="47.4536" lon="19.39694" />
<trkpt lat="47.45348" lon="19.39666" />
<trkpt lat="47.45322" lon="19.39627" />
<trkpt lat="47.4528" lon="19.3958" />
<trkpt lat="47.45237" lon="19.39534" />
<trkpt lat="47.45216" lon="19.39524" />
<trkpt lat="47.45208" lon="19.39521" />
<trkpt lat="47.45195" lon="19.3952" />
<trkpt lat="47.45188" lon="19.3952" />
<trkpt lat="47.45181" lon="19.3952" />
<trkpt lat="47.45175" lon="19.39519" />
<trkpt lat="47.45156" lon="19.39513" />
<trkpt lat="47.45131" lon="19.39495" />
<trkpt lat="47.45091" lon="19.39455" />
<trkpt lat="47.45042" lon="19.39394" />
<trkpt lat="47.44946" lon="19.39277" />
<trkpt lat="47.4486" lon="19.39176" />
<trkpt lat="47.44774" lon="19.39083" />
<trkpt lat="47.44732" lon="19.39036" />
<trkpt lat="47.44694" lon="19.3899" />
<trkpt lat="47.44684" lon="19.38985" />
<trkpt lat="47.44658" lon="19.38983" />
<trkpt lat="47.44627" lon="19.38979" />
<trkpt lat="47.4462" lon="19.38978" />
<trkpt lat="47.44602" lon="19.38978" />
<trkpt lat="47.44592" lon="19.38978" />
<trkpt lat="47.44588" lon="19.38978" />
<trkpt lat="47.44582" lon="19.38978" />
<trkpt lat="47.44578" lon="19.38978" />
<trkpt lat="47.44555" lon="19.38981" />
<trkpt lat="47.44549" lon="19.38982" />
<trkpt lat="47.44545" lon="19.38982" />
<trkpt lat="47.44539" lon="19.38981" />
<trkpt lat="47.44499" lon="19.38972" />
<trkpt lat="47.44494" lon="19.38972" />
<trkpt lat="47.4449" lon="19.38972" />
<trkpt lat="47.44485" lon="19.38971" />
<trkpt lat="47.4448" lon="19.38971" />
<trkpt lat="47.44474" lon="19.38971" />
<trkpt lat="47.4447" lon="19.3897" />
<trkpt lat="47.44413" lon="19.38959" />
<trkpt lat="47.44408" lon="19.38959" />
<trkpt lat="47.44388" lon="19.38962" />
<trkpt lat="47.44385" lon="19.38962" />
<trkpt lat="47.44366" lon="19.38956" />
<trkpt lat="47.44332" lon="19.38942" />
<trkpt lat="47.44327" lon="19.38941" />
<trkpt lat="47.44322" lon="19.38941" />
<trkpt lat="47.4429" lon="19.38936" />
<trkpt lat="47.44285" lon="19.38935" />
<trkpt lat="47.44279" lon="19.38935" />
<trkpt lat="47.44199" lon="19.38921" />
<trkpt lat="47.44108" lon="19.38907" />
<trkpt lat="47.44101" lon="19.38907" />
<trkpt lat="47.44027" lon="19.38896" />
<trkpt lat="47.43963" lon="19.38888" />
<trkpt lat="47.43958" lon="19.38888" />
<trkpt lat="47.43952" lon="19.38887" />
<trkpt lat="47.43935" lon="19.38884" />
<trkpt lat="47.43935" lon="19.38878" />
<trkpt lat="47.43931" lon="19.38877" />
<trkpt lat="47.43914" lon="19.38873" />
<trkpt lat="47.43904" lon="19.38862" />
<trkpt lat="47.43817" lon="19.38741" />
<trkpt lat="47.43803" lon="19.38722" />
<trkpt lat="47.438" lon="19.38728" />
<trkpt lat="47.43668" lon="19.38966" />
<trkpt lat="47.43633" lon="19.39028" />
<trkpt lat="47.43631" lon="19.39026" />
<trkpt lat="47.43439" lon="19.38794" />
<trkpt lat="47.43427" lon="19.3878" />
<trkpt lat="47.43422" lon="19.3879" />
<trkpt lat="47.4335" lon="19.38918" />
<trkpt lat="47.43197" lon="19.39194" />
<trkpt lat="47.43088" lon="19.39387" />
<trkpt lat="47.43044" lon="19.39467" />
<trkpt lat="47.43038" lon="19.3946" />
<trkpt lat="47.43024" lon="19.39444" />
<trkpt lat="47.43012" lon="19.39433" />
<trkpt lat="47.42977" lon="19.39389" />
<trkpt lat="47.42968" lon="19.39387" />
<trkpt lat="47.42949" lon="19.39382" />
<trkpt lat="47.42947" lon="19.39375" />
<trkpt lat="47.42946" lon="19.39357" />
<trkpt lat="47.42935" lon="19.39342" />
<trkpt lat="47.4295" lon="19.39382" />
<trkpt lat="47.42947" lon="19.39381" />
<trkpt lat="47.42947" lon="19.3938" />
<trkpt lat="47.42946" lon="19.39378" />
<trkpt lat="47.42947" lon="19.39362" />
<trkpt lat="47.42946" lon="19.39359" />
<trkpt lat="47.42945" lon="19.39356" />
<trkpt lat="47.42944" lon="19.39353" />
<trkpt lat="47.42938" lon="19.39345" />
<trkpt lat="47.42935" lon="19.39342" />
<trkpt lat="47.42933" lon="19.39341" />
<trkpt lat="47.42928" lon="19.39339" />
<trkpt lat="47.42927" lon="19.39345" />
<trkpt lat="47.42926" lon="19.3935" />
<trkpt lat="47.42924" lon="19.39357" />
<trkpt lat="47.42924" lon="19.3936" />
<trkpt lat="47.42922" lon="19.39367" />
<trkpt lat="47.42918" lon="19.39374" />
<trkpt lat="47.42916" lon="19.39377" />
<trkpt lat="47.42912" lon="19.39384" />
<trkpt lat="47.42908" lon="19.3939" />
<trkpt lat="47.42902" lon="19.39399" />
<trkpt lat="47.4286" lon="19.39473" />
<trkpt lat="47.4286" lon="19.39473" />
<trkpt lat="47.42853" lon="19.39487" />
<trkpt lat="47.42774" lon="19.3939" />
<trkpt lat="47.42613" lon="19.3919" />
<trkpt lat="47.42469" lon="19.39015" />
<trkpt lat="47.42465" lon="19.39012" />
<trkpt lat="47.42462" lon="19.39018" />
<trkpt lat="47.42438" lon="19.39068" />
<trkpt lat="47.42395" lon="19.39162" />
<trkpt lat="47.42379" lon="19.39198" />
<trkpt lat="47.42326" lon="19.39311" />
<trkpt lat="47.42298" lon="19.39374" />
<trkpt lat="47.42287" lon="19.39392" />
<trkpt lat="47.42287" lon="19.39392" />
<trkpt lat="47.4228" lon="19.39402" />
<trkpt lat="47.42277" lon="19.39401" />
<trkpt lat="47.42274" lon="19.39402" />
<trkpt lat="47.42271" lon="19.39405" />
<trkpt lat="47.42269" lon="19.3941" />
<trkpt lat="47.42264" lon="19.39409" />
<trkpt lat="47.42264" lon="19.39409" />
<trkpt lat="47.4226" lon="19.39408" />
<trkpt lat="47.42254" lon="19.39407" />
<trkpt lat="47.42242" lon="19.39405" />
<trkpt lat="47.42235" lon="19.39407" />
<trkpt lat="47.42233" lon="19.39409" />
<trkpt lat="47.42233" lon="19.39413" />
<trkpt lat="47.42224" lon="19.39429" />
<trkpt lat="47.42222" lon="19.3943" />
<trkpt lat="47.42216" lon="19.39429" />
<trkpt lat="47.4221" lon="19.39427" />
<trkpt lat="47.42206" lon="19.39422" />
<trkpt lat="47.42202" lon="19.39429" />
<trkpt lat="47.42174" lon="19.39429" />
<trkpt lat="47.42173" lon="19.39427" />
<trkpt lat="47.42172" lon="19.39426" />
<trkpt lat="47.42171" lon="19.39425" />
<trkpt lat="47.42169" lon="19.39425" />
<trkpt lat="47.42168" lon="19.39426" />
<trkpt lat="47.42166" lon="19.39428" />
<trkpt lat="47.42156" lon="19.39432" />
<trkpt lat="47.42145" lon="19.39434" />
<trkpt lat="47.42141" lon="19.3944" />
<trkpt lat="47.42129" lon="19.39425" />
<trkpt lat="47.42117" lon="19.3941" />
<trkpt lat="47.42089" lon="19.39376" />
<trkpt lat="47.42083" lon="19.39378" />
<trkpt lat="47.42056" lon="19.39423" />
<trkpt lat="47.42056" lon="19.39433" />
<trkpt lat="47.42059" lon="19.39445" />
<trkpt lat="47.42063" lon="19.3945" />
<trkpt lat="47.42072" lon="19.39462" />
<trkpt lat="47.42084" lon="19.39473" />
<trkpt lat="47.42099" lon="19.39481" />
<trkpt lat="47.42113" lon="19.39493" />
<trkpt lat="47.42103" lon="19.39525" />
<trkpt lat="47.42084" lon="19.3958" />
<trkpt lat="47.42079" lon="19.39593" />
<trkpt lat="47.42069" lon="19.39617" />
<trkpt lat="47.42063" lon="19.39629" />
<trkpt lat="47.42057" lon="19.39638" />
<trkpt lat="47.42013" lon="19.39638" />
<trkpt lat="47.4199" lon="19.3963" />
<trkpt lat="47.41976" lon="19.39619" />
<trkpt lat="47.41968" lon="19.39609" />
<trkpt lat="47.4196" lon="19.39598" />
<trkpt lat="47.41918" lon="19.39587" />
<trkpt lat="47.4191" lon="19.39583" />
<trkpt lat="47.41891" lon="19.39571" />
<trkpt lat="47.41884" lon="19.39566" />
<trkpt lat="47.41878" lon="19.39553" />
<trkpt lat="47.41857" lon="19.39563" />
<trkpt lat="47.41837" lon="19.39558" />
<trkpt lat="47.41832" lon="19.39554" />
<trkpt lat="47.41824" lon="19.39545" />
<trkpt lat="47.41812" lon="19.39542" />
<trkpt lat="47.41803" lon="19.39537" />
<trkpt lat="47.41794" lon="19.39532" />
<trkpt lat="47.41779" lon="19.39532" />
<trkpt lat="47.41773" lon="19.39558" />
<trkpt lat="47.4175" lon="19.39656" />
<trkpt lat="47.41758" lon="19.39657" />
<trkpt lat="47.41803" lon="19.39711" />
<trkpt lat="47.41805" lon="19.39719" />
<trkpt lat="47.41807" lon="19.39729" />
<trkpt lat="47.41807" lon="19.39734" />
<trkpt lat="47.41822" lon="19.39747" />
<trkpt lat="47.41825" lon="19.39759" />
<trkpt lat="47.41832" lon="19.3976" />
<trkpt lat="47.41836" lon="19.3984" />
<trkpt lat="47.41832" lon="19.39838" />
<trkpt lat="47.41824" lon="19.39835" />
<trkpt lat="47.4179" lon="19.39835" />
<trkpt lat="47.41753" lon="19.39837" />
<trkpt lat="47.41704" lon="19.39833" />
<trkpt lat="47.41675" lon="19.39828" />
<trkpt lat="47.41643" lon="19.39819" />
<trkpt lat="47.41601" lon="19.39801" />
<trkpt lat="47.41587" lon="19.39793" />
<trkpt lat="47.41574" lon="19.39786" />
<trkpt lat="47.41559" lon="19.39777" />
<trkpt lat="47.41537" lon="19.39763" />
<trkpt lat="47.41525" lon="19.39748" />
<trkpt lat="47.41512" lon="19.39737" />
<trkpt lat="47.41473" lon="19.39729" />
<trkpt lat="47.41469" lon="19.39736" />
<trkpt lat="47.4145" lon="19.39771" />
<trkpt lat="47.41427" lon="19.39804" />
<trkpt lat="47.41408" lon="19.39838" />
<trkpt lat="47.41419" lon="19.39849" />
<trkpt lat="47.41407" lon="19.39871" />
<trkpt lat="47.41398" lon="19.39888" />
<trkpt lat="47.41388" lon="19.39943" />
<trkpt lat="47.41384" lon="19.3999" />
<trkpt lat="47.4138" lon="19.40044" />
<trkpt lat="47.41381" lon="19.40084" />
<trkpt lat="47.41387" lon="19.40123" />
<trkpt lat="47.41413" lon="19.40185" />
<trkpt lat="47.4143" lon="19.40225" />
<trkpt lat="47.41443" lon="19.40245" />
<trkpt lat="47.41454" lon="19.40262" />
<trkpt lat="47.41457" lon="19.40266" />
<trkpt lat="47.41461" lon="19.40273" />
<trkpt lat="47.41489" lon="19.40304" />
<trkpt lat="47.41532" lon="19.40346" />
<trkpt lat="47.41552" lon="19.40367" />
<trkpt lat="47.41548" lon="19.40376" />
<trkpt lat="47.41546" lon="19.4038" />
<trkpt lat="47.41544" lon="19.40384" />
<trkpt lat="47.41543" lon="19.40387" />
<trkpt lat="47.41537" lon="19.40401" />
<trkpt lat="47.41534" lon="19.40405" />
<trkpt lat="47.41531" lon="19.40412" />
<trkpt lat="47.41522" lon="19.40437" />
<trkpt lat="47.41519" lon="19.40446" />
<trkpt lat="47.41518" lon="19.40453" />
<trkpt lat="47.41517" lon="19.40471" />
<trkpt lat="47.41511" lon="19.40489" />
<trkpt lat="47.41509" lon="19.40507" />
<trkpt lat="47.41515" lon="19.40517" />
<trkpt lat="47.415" lon="19.40562" />
<trkpt lat="47.41497" lon="19.40571" />
<trkpt lat="47.41487" lon="19.40602" />
<trkpt lat="47.41483" lon="19.40614" />
<trkpt lat="47.41479" lon="19.40626" />
<trkpt lat="47.41456" lon="19.40693" />
<trkpt lat="47.41446" lon="19.40728" />
<trkpt lat="47.41443" lon="19.40758" />
<trkpt lat="47.41432" lon="19.40772" />
<trkpt lat="47.4142" lon="19.40783" />
<trkpt lat="47.41408" lon="19.40798" />
<trkpt lat="47.41395" lon="19.40834" />
<trkpt lat="47.4138" lon="19.40872" />
<trkpt lat="47.41342" lon="19.40995" />
<trkpt lat="47.41345" lon="19.41035" />
<trkpt lat="47.41271" lon="19.4124" />
<trkpt lat="47.41261" lon="19.41289" />
<trkpt lat="47.41253" lon="19.41307" />
<trkpt lat="47.41232" lon="19.41369" />
<trkpt lat="47.41125" lon="19.4165" />
<trkpt lat="47.41077" lon="19.41791" />
<trkpt lat="47.41066" lon="19.41859" />
<trkpt lat="47.41053" lon="19.41915" />
<trkpt lat="47.41035" lon="19.41992" />
<trkpt lat="47.40983" lon="19.42141" />
<trkpt lat="47.40973" lon="19.42153" />
<trkpt lat="47.4091" lon="19.42329" />
<trkpt lat="47.40878" lon="19.42419" />
<trkpt lat="47.40796" lon="19.42394" />
<trkpt lat="47.40776" lon="19.42382" />
<trkpt lat="47.40692" lon="19.42303" />
<trkpt lat="47.40731" lon="19.42209" />
<trkpt lat="47.40721" lon="19.42204" />
<trkpt lat="47.40666" lon="19.42139" />
<trkpt lat="47.4061" lon="19.42074" />
<trkpt lat="47.40532" lon="19.41983" />
<trkpt lat="47.40347" lon="19.41753" />
<trkpt lat="47.40286" lon="19.41709" />
<trkpt lat="47.40266" lon="19.4171" />
<trkpt lat="47.40042" lon="19.42051" />
<trkpt lat="47.40024" lon="19.42089" />
<trkpt lat="47.40013" lon="19.42097" />
<trkpt lat="47.40005" lon="19.42099" />
<trkpt lat="47.39942" lon="19.42012" />
<trkpt lat="47.39593" lon="19.42374" />
<trkpt lat="47.3957" lon="19.42384" />
<trkpt lat="47.39523" lon="19.42179" />
<trkpt lat="47.3929" lon="19.41146" />
<trkpt lat="47.39278" lon="19.41089" />
<trkpt lat="47.39265" lon="19.41023" />
<trkpt lat="47.39243" lon="19.40918" />
<trkpt lat="47.3922" lon="19.40811" />
<trkpt lat="47.39208" lon="19.40816" />
<trkpt lat="47.39068" lon="19.40883" />
<trkpt lat="47.38979" lon="19.40922" />
<trkpt lat="47.38936" lon="19.40941" />
<trkpt lat="47.38871" lon="19.4097" />
<trkpt lat="47.38838" lon="19.40987" />
<trkpt lat="47.38832" lon="19.40991" />
<trkpt lat="47.38807" lon="19.41006" />
<trkpt lat="47.3876" lon="19.41037" />
<trkpt lat="47.38714" lon="19.4108" />
<trkpt lat="47.38626" lon="19.41165" />
<trkpt lat="47.38613" lon="19.41179" />
<trkpt lat="47.38529" lon="19.41264" />
<trkpt lat="47.38483" lon="19.41179" />
<trkpt lat="47.38455" lon="19.41126" />
<trkpt lat="47.38423" lon="19.4106" />
<trkpt lat="47.3839" lon="19.40999" />
<trkpt lat="47.38348" lon="19.40916" />
<trkpt lat="47.38311" lon="19.40844" />
<trkpt lat="47.3822" lon="19.40677" />
<trkpt lat="47.38166" lon="19.4058" />
<trkpt lat="47.38067" lon="19.40402" />
<trkpt lat="47.38014" lon="19.40315" />
<trkpt lat="47.3798" lon="19.40258" />
<trkpt lat="47.37938" lon="19.40182" />
<trkpt lat="47.37894" lon="19.40106" />
<trkpt lat="47.37822" lon="19.3998" />
<trkpt lat="47.37776" lon="19.39905" />
<trkpt lat="47.37751" lon="19.39862" />
<trkpt lat="47.37697" lon="19.39783" />
<trkpt lat="47.37649" lon="19.39722" />
<trkpt lat="47.37644" lon="19.39718" />
<trkpt lat="47.37641" lon="19.39714" />
<trkpt lat="47.37566" lon="19.39637" />
<trkpt lat="47.37553" lon="19.39624" />
<trkpt lat="47.37466" lon="19.39534" />
<trkpt lat="47.37285" lon="19.39351" />
<trkpt lat="47.3719" lon="19.39244" />
<trkpt lat="47.37189" lon="19.39243" />
<trkpt lat="47.37181" lon="19.39233" />
<trkpt lat="47.37178" lon="19.39229" />
<trkpt lat="47.37068" lon="19.39101" />
<trkpt lat="47.37051" lon="19.39081" />
<trkpt lat="47.37025" lon="19.39051" />
<trkpt lat="47.37021" lon="19.39047" />
<trkpt lat="47.37016" lon="19.3904" />
<trkpt lat="47.37013" lon="19.39036" />
<trkpt lat="47.3701" lon="19.39033" />
<trkpt lat="47.37" lon="19.39021" />
<trkpt lat="47.36992" lon="19.39032" />
<trkpt lat="47.36957" lon="19.39086" />
<trkpt lat="47.36952" lon="19.39086" />
<trkpt lat="47.36947" lon="19.39083" />
<trkpt lat="47.36482" lon="19.38603" />
<trkpt lat="47.36377" lon="19.38496" />
<trkpt lat="47.36348" lon="19.38542" />
<trkpt lat="47.3625" lon="19.3869" />
<trkpt lat="47.36163" lon="19.38818" />
<trkpt lat="47.36062" lon="19.38995" />
<trkpt lat="47.35934" lon="19.38774" />
<trkpt lat="47.35731" lon="19.38425" />
<trkpt lat="47.35477" lon="19.37995" />
<trkpt lat="47.35437" lon="19.3791" />
<trkpt lat="47.35435" lon="19.37907" />
<trkpt lat="47.35181" lon="19.37469" />
<trkpt lat="47.34917" lon="19.36997" />
<trkpt lat="47.34887" lon="19.36951" />
<trkpt lat="47.34786" lon="19.36856" />
<trkpt lat="47.34706" lon="19.36777" />
<trkpt lat="47.34539" lon="19.36603" />
<trkpt lat="47.34436" lon="19.36473" />
<trkpt lat="47.34361" lon="19.3639" />
<trkpt lat="47.33722" lon="19.35377" />
<trkpt lat="47.3369" lon="19.35323" />
<trkpt lat="47.3358" lon="19.35578" />
<trkpt lat="47.33569" lon="19.3558" />
<trkpt lat="47.33558" lon="19.35573" />
<trkpt lat="47.33539" lon="19.35537" />
<trkpt lat="47.33528" lon="19.35536" />
<trkpt lat="47.33485" lon="19.35583" />
<trkpt lat="47.33475" lon="19.35597" />
<trkpt lat="47.33304" lon="19.35818" />
<trkpt lat="47.32872" lon="19.36291" />
<trkpt lat="47.32865" lon="19.36306" />
<trkpt lat="47.32864" lon="19.3632" />
<trkpt lat="47.3287" lon="19.3634" />
<trkpt lat="47.32906" lon="19.36412" />
<trkpt lat="47.32994" lon="19.36574" />
<trkpt lat="47.32994" lon="19.36579" />
<trkpt lat="47.32992" lon="19.36585" />
<trkpt lat="47.32704" lon="19.36938" />
<trkpt lat="47.32704" lon="19.36949" />
<trkpt lat="47.32709" lon="19.36967" />
<trkpt lat="47.32859" lon="19.37253" />
<trkpt lat="47.32866" lon="19.37297" />
<trkpt lat="47.32864" lon="19.37326" />
<trkpt lat="47.32869" lon="19.37363" />
<trkpt lat="47.32892" lon="19.37407" />
<trkpt lat="47.32945" lon="19.37489" />
<trkpt lat="47.32967" lon="19.3751" />
<trkpt lat="47.3301" lon="19.37546" />
<trkpt lat="47.33041" lon="19.37597" />
<trkpt lat="47.33048" lon="19.37631" />
<trkpt lat="47.33038" lon="19.37667" />
<trkpt lat="47.32836" lon="19.37901" />
<trkpt lat="47.32832" lon="19.37905" />
<trkpt lat="47.3272" lon="19.38027" />
<trkpt lat="47.32613" lon="19.38132" />
<trkpt lat="47.32576" lon="19.38181" />
<trkpt lat="47.32525" lon="19.38278" />
<trkpt lat="47.32538" lon="19.38304" />
<trkpt lat="47.3255" lon="19.38329" />
<trkpt lat="47.32539" lon="19.38369" />
<trkpt lat="47.32363" lon="19.38604" />
<trkpt lat="47.3229" lon="19.38697" />
<trkpt lat="47.32263" lon="19.38649" />
<trkpt lat="47.32141" lon="19.38442" />
<trkpt lat="47.31953" lon="19.38138" />
<trkpt lat="47.31876" lon="19.37998" />
<trkpt lat="47.314" lon="19.37123" />
<trkpt lat="47.31026" lon="19.36439" />
<trkpt lat="47.30976" lon="19.36594" />
<trkpt lat="47.30802" lon="19.37147" />
<trkpt lat="47.30594" lon="19.37826" />
<trkpt lat="47.3055" lon="19.37943" />
<trkpt lat="47.3039" lon="19.38368" />
<trkpt lat="47.30184" lon="19.38874" />
<trkpt lat="47.30067" lon="19.39168" />
<trkpt lat="47.29942" lon="19.39448" />
<trkpt lat="47.29884" lon="19.39621" />
<trkpt lat="47.29884" lon="19.39621" />
<trkpt lat="47.29804" lon="19.39549" />
<trkpt lat="47.29727" lon="19.39476" />
<trkpt lat="47.2959" lon="19.39361" />
<trkpt lat="47.29566" lon="19.39342" />
<trkpt lat="47.295" lon="19.3929" />
<trkpt lat="47.29468" lon="19.3926" />
<trkpt lat="47.292" lon="19.39023" />
<trkpt lat="47.29071" lon="19.38924" />
<trkpt lat="47.29057" lon="19.38903" />
<trkpt lat="47.29028" lon="19.38853" />
<trkpt lat="47.29012" lon="19.38811" />
<trkpt lat="47.28989" lon="19.38774" />
<trkpt lat="47.28969" lon="19.38751" />
<trkpt lat="47.28873" lon="19.38639" />
<trkpt lat="47.28869" lon="19.38629" />
<trkpt lat="47.28838" lon="19.38503" />
<trkpt lat="47.28831" lon="19.38492" />
<trkpt lat="47.28771" lon="19.38422" />
<trkpt lat="47.28812" lon="19.38347" />
<trkpt lat="47.28898" lon="19.38173" />
<trkpt lat="47.2892" lon="19.3812" />
<trkpt lat="47.28926" lon="19.38102" />
<trkpt lat="47.28927" lon="19.38087" />
<trkpt lat="47.28925" lon="19.38063" />
<trkpt lat="47.28923" lon="19.38028" />
<trkpt lat="47.28925" lon="19.38013" />
<trkpt lat="47.28934" lon="19.37999" />
<trkpt lat="47.2906" lon="19.37826" />
<trkpt lat="47.29085" lon="19.37816" />
<trkpt lat="47.29106" lon="19.37818" />
<trkpt lat="47.29208" lon="19.37652" />
<trkpt lat="47.29273" lon="19.37539" />
<trkpt lat="47.29671" lon="19.36841" />
<trkpt lat="47.2975" lon="19.36705" />
<trkpt lat="47.29721" lon="19.36675" />
<trkpt lat="47.29708" lon="19.36658" />
<trkpt lat="47.29705" lon="19.36583" />
<trkpt lat="47.29718" lon="19.36533" />
<trkpt lat="47.29668" lon="19.36457" />
<trkpt lat="47.29601" lon="19.3629" />
<trkpt lat="47.29563" lon="19.36239" />
<trkpt lat="47.29596" lon="19.36183" />
<trkpt lat="47.29686" lon="19.36015" />
<trkpt lat="47.29824" lon="19.35754" />
<trkpt lat="47.29562" lon="19.35432" />
<trkpt lat="47.29375" lon="19.35214" />
<trkpt lat="47.29337" lon="19.35166" />
<trkpt lat="47.29303" lon="19.3512" />
<trkpt lat="47.29285" lon="19.35111" />
<trkpt lat="47.29276" lon="19.35106" />
<trkpt lat="47.29179" lon="19.34983" />
<trkpt lat="47.2902" lon="19.34779" />
<trkpt lat="47.28396" lon="19.34015" />
<trkpt lat="47.28365" lon="19.33989" />
<trkpt lat="47.28358" lon="19.33965" />
<trkpt lat="47.28357" lon="19.33938" />
<trkpt lat="47.28364" lon="19.33923" />
<trkpt lat="47.28407" lon="19.33837" />
<trkpt lat="47.28459" lon="19.33753" />
<trkpt lat="47.28792" lon="19.33208" />
<trkpt lat="47.28788" lon="19.33171" />
<trkpt lat="47.28738" lon="19.32894" />
<trkpt lat="47.28715" lon="19.32782" />
<trkpt lat="47.28686" lon="19.32649" />
<trkpt lat="47.28664" lon="19.32556" />
<trkpt lat="47.28625" lon="19.32321" />
<trkpt lat="47.28609" lon="19.32249" />
<trkpt lat="47.28818" lon="19.31869" />
<trkpt lat="47.28922" lon="19.31687" />
<trkpt lat="47.29626" lon="19.30444" />
<trkpt lat="47.29622" lon="19.30441" />
<trkpt lat="47.29498" lon="19.30319" />
<trkpt lat="47.2937" lon="19.30154" />
<trkpt lat="47.29318" lon="19.30106" />
<trkpt lat="47.29261" lon="19.30059" />
<trkpt lat="47.29245" lon="19.30039" />
<trkpt lat="47.29088" lon="19.29799" />
<trkpt lat="47.29033" lon="19.29734" />
<trkpt lat="47.28682" lon="19.29309" />
<trkpt lat="47.28393" lon="19.2895" />
<trkpt lat="47.28379" lon="19.28946" />
<trkpt lat="47.28366" lon="19.2895" />
<trkpt lat="47.28347" lon="19.28971" />
<trkpt lat="47.2834" lon="19.28972" />
<trkpt lat="47.28331" lon="19.28974" />
<trkpt lat="47.28321" lon="19.2897" />
<trkpt lat="47.28302" lon="19.28948" />
<trkpt lat="47.27822" lon="19.28302" />
<trkpt lat="47.2758" lon="19.27961" />
<trkpt lat="47.27329" lon="19.28341" />
<trkpt lat="47.27319" lon="19.28329" />
<trkpt lat="47.27195" lon="19.28163" />
<trkpt lat="47.27183" lon="19.28104" />
<trkpt lat="47.27181" lon="19.28068" />
<trkpt lat="47.27221" lon="19.27961" />
<trkpt lat="47.27253" lon="19.27919" />
<trkpt lat="47.27294" lon="19.2783" />
<trkpt lat="47.27472" lon="19.27565" />
<trkpt lat="47.27602" lon="19.2745" />
<trkpt lat="47.27685" lon="19.27322" />
<trkpt lat="47.27845" lon="19.27087" />
<trkpt lat="47.27855" lon="19.27081" />
<trkpt lat="47.27881" lon="19.27105" />
<trkpt lat="47.27918" lon="19.2705" />
<trkpt lat="47.28032" lon="19.26929" />
<trkpt lat="47.28048" lon="19.26896" />
<trkpt lat="47.28094" lon="19.2682" />
<trkpt lat="47.28124" lon="19.26742" />
<trkpt lat="47.28152" lon="19.26694" />
<trkpt lat="47.28177" lon="19.26636" />
<trkpt lat="47.28294" lon="19.26373" />
<trkpt lat="47.28318" lon="19.2633" />
<trkpt lat="47.28412" lon="19.26136" />
<trkpt lat="47.28463" lon="19.26041" />
<trkpt lat="47.28489" lon="19.25984" />
<trkpt lat="47.28527" lon="19.25899" />
<trkpt lat="47.28562" lon="19.25837" />
<trkpt lat="47.28583" lon="19.25797" />
<trkpt lat="47.28621" lon="19.2574" />
<trkpt lat="47.28717" lon="19.25596" />
<trkpt lat="47.28773" lon="19.25491" />
<trkpt lat="47.28823" lon="19.25397" />
<trkpt lat="47.28931" lon="19.25183" />
<trkpt lat="47.28967" lon="19.25115" />
<trkpt lat="47.28972" lon="19.25096" />
<trkpt lat="47.28976" lon="19.25082" />
<trkpt lat="47.28965" lon="19.25059" />
<trkpt lat="47.28952" lon="19.25033" />
<trkpt lat="47.28875" lon="19.24935" />
<trkpt lat="47.2883" lon="19.24875" />
<trkpt lat="47.28825" lon="19.24858" />
<trkpt lat="47.28872" lon="19.24668" />
<trkpt lat="47.28936" lon="19.24421" />
<trkpt lat="47.28967" lon="19.24285" />
<trkpt lat="47.28977" lon="19.24248" />
<trkpt lat="47.28987" lon="19.2424" />
<trkpt lat="47.29098" lon="19.2409" />
<trkpt lat="47.29062" lon="19.24042" />
<trkpt lat="47.29048" lon="19.24001" />
<trkpt lat="47.29053" lon="19.23948" />
<trkpt lat="47.29047" lon="19.23921" />
<trkpt lat="47.28989" lon="19.23868" />
<trkpt lat="47.28971" lon="19.2384" />
<trkpt lat="47.28938" lon="19.23771" />
<trkpt lat="47.28895" lon="19.23714" />
<trkpt lat="47.28838" lon="19.23665" />
<trkpt lat="47.2874" lon="19.23599" />
<trkpt lat="47.28711" lon="19.23585" />
<trkpt lat="47.28697" lon="19.23568" />
<trkpt lat="47.28684" lon="19.23544" />
<trkpt lat="47.28673" lon="19.23535" />
<trkpt lat="47.28673" lon="19.23495" />
<trkpt lat="47.28683" lon="19.23461" />
<trkpt lat="47.28709" lon="19.2341" />
<trkpt lat="47.28736" lon="19.23368" />
<trkpt lat="47.28741" lon="19.23347" />
<trkpt lat="47.2874" lon="19.23322" />
<trkpt lat="47.28717" lon="19.23187" />
<trkpt lat="47.28715" lon="19.23157" />
<trkpt lat="47.28715" lon="19.23138" />
<trkpt lat="47.28719" lon="19.23121" />
<trkpt lat="47.28782" lon="19.23016" />
<trkpt lat="47.28808" lon="19.23" />
<trkpt lat="47.28887" lon="19.22958" />
<trkpt lat="47.28885" lon="19.22948" />
<trkpt lat="47.28882" lon="19.2292" />
<trkpt lat="47.28911" lon="19.22861" />
<trkpt lat="47.2889" lon="19.22829" />
<trkpt lat="47.28916" lon="19.22784" />
<trkpt lat="47.28944" lon="19.22739" />
<trkpt lat="47.28947" lon="19.22741" />
<trkpt lat="47.28949" lon="19.22744" />
<trkpt lat="47.28973" lon="19.22786" />
<trkpt lat="47.28992" lon="19.22847" />
<trkpt lat="47.28998" lon="19.22872" />
<trkpt lat="47.29011" lon="19.22901" />
<trkpt lat="47.29132" lon="19.22824" />
<trkpt lat="47.29167" lon="19.22796" />
<trkpt lat="47.29193" lon="19.22771" />
<trkpt lat="47.29245" lon="19.22718" />
<trkpt lat="47.29257" lon="19.22705" />
<trkpt lat="47.29291" lon="19.22663" />
<trkpt lat="47.29292" lon="19.22662" />
<trkpt lat="47.29325" lon="19.22621" />
<trkpt lat="47.29343" lon="19.22603" />
<trkpt lat="47.29366" lon="19.22582" />
<trkpt lat="47.29367" lon="19.22571" />
<trkpt lat="47.29379" lon="19.22551" />
<trkpt lat="47.29398" lon="19.22525" />
<trkpt lat="47.29473" lon="19.22409" />
<trkpt lat="47.29507" lon="19.22343" />
<trkpt lat="47.29577" lon="19.22205" />
<trkpt lat="47.29598" lon="19.22169" />
<trkpt lat="47.29614" lon="19.22143" />
<trkpt lat="47.29646" lon="19.22074" />
<trkpt lat="47.29675" lon="19.21982" />
<trkpt lat="47.29716" lon="19.21854" />
<trkpt lat="47.29753" lon="19.21744" />
<trkpt lat="47.29799" lon="19.21617" />
<trkpt lat="47.29826" lon="19.21558" />
<trkpt lat="47.29879" lon="19.21445" />
<trkpt lat="47.29886" lon="19.21412" />
<trkpt lat="47.29887" lon="19.21392" />
<trkpt lat="47.29876" lon="19.21331" />
<trkpt lat="47.29871" lon="19.21287" />
<trkpt lat="47.2987" lon="19.21263" />
<trkpt lat="47.29875" lon="19.21233" />
<trkpt lat="47.29895" lon="19.2116" />
<trkpt lat="47.30048" lon="19.20611" />
<trkpt lat="47.30224" lon="19.19976" />
<trkpt lat="47.30277" lon="19.19726" />
<trkpt lat="47.30301" lon="19.19606" />
<trkpt lat="47.30308" lon="19.19561" />
<trkpt lat="47.3031" lon="19.19513" />
<trkpt lat="47.30305" lon="19.19314" />
<trkpt lat="47.30303" lon="19.19223" />
<trkpt lat="47.30297" lon="19.19191" />
<trkpt lat="47.30282" lon="19.19156" />
<trkpt lat="47.30247" lon="19.1909" />
<trkpt lat="47.30141" lon="19.18888" />
<trkpt lat="47.30128" lon="19.18848" />
<trkpt lat="47.30126" lon="19.18795" />
<trkpt lat="47.30128" lon="19.18776" />
<trkpt lat="47.30133" lon="19.18755" />
<trkpt lat="47.3014" lon="19.18732" />
<trkpt lat="47.30125" lon="19.18706" />
<trkpt lat="47.30096" lon="19.18581" />
<trkpt lat="47.30044" lon="19.18384" />
<trkpt lat="47.29991" lon="19.18233" />
<trkpt lat="47.2998" lon="19.18195" />
<trkpt lat="47.29983" lon="19.18182" />
<trkpt lat="47.29982" lon="19.18171" />
<trkpt lat="47.30071" lon="19.18114" />
<trkpt lat="47.30082" lon="19.18108" />
<trkpt lat="47.3007" lon="19.18088" />
<trkpt lat="47.3004" lon="19.18041" />
<trkpt lat="47.30036" lon="19.18035" />
<trkpt lat="47.29984" lon="19.17956" />
<trkpt lat="47.29975" lon="19.17941" />
<trkpt lat="47.29876" lon="19.17787" />
<trkpt lat="47.2983" lon="19.17715" />
<trkpt lat="47.29825" lon="19.17706" />
<trkpt lat="47.29684" lon="19.17489" />
<trkpt lat="47.29652" lon="19.17437" />
<trkpt lat="47.29558" lon="19.17296" />
<trkpt lat="47.29553" lon="19.17287" />
<trkpt lat="47.29499" lon="19.17202" />
<trkpt lat="47.29494" lon="19.17194" />
<trkpt lat="47.29428" lon="19.17091" />
<trkpt lat="47.29165" lon="19.16687" />
<trkpt lat="47.29139" lon="19.16637" />
<trkpt lat="47.29108" lon="19.16585" />
<trkpt lat="47.28857" lon="19.16195" />
<trkpt lat="47.2875" lon="19.16027" />
<trkpt lat="47.28713" lon="19.15972" />
<trkpt lat="47.28587" lon="19.15776" />
<trkpt lat="47.28527" lon="19.15683" />
<trkpt lat="47.28445" lon="19.15559" />
<trkpt lat="47.28425" lon="19.15522" />
<trkpt lat="47.28418" lon="19.15507" />
<trkpt lat="47.2841" lon="19.1549" />
<trkpt lat="47.28399" lon="19.1547" />
<trkpt lat="47.28388" lon="19.15453" />
<trkpt lat="47.28376" lon="19.15435" />
<trkpt lat="47.28358" lon="19.15409" />
<trkpt lat="47.28346" lon="19.15394" />
<trkpt lat="47.28312" lon="19.15347" />
<trkpt lat="47.28276" lon="19.15302" />
<trkpt lat="47.28253" lon="19.1526" />
<trkpt lat="47.28114" lon="19.15057" />
<trkpt lat="47.28101" lon="19.15037" />
<trkpt lat="47.28095" lon="19.15029" />
<trkpt lat="47.28087" lon="19.15027" />
<trkpt lat="47.2807" lon="19.15025" />
<trkpt lat="47.27795" lon="19.15009" />
<trkpt lat="47.27699" lon="19.15002" />
<trkpt lat="47.27463" lon="19.14986" />
<trkpt lat="47.27226" lon="19.14967" />
<trkpt lat="47.27084" lon="19.14955" />
<trkpt lat="47.27066" lon="19.14953" />
<trkpt lat="47.27055" lon="19.14951" />
<trkpt lat="47.26945" lon="19.14923" />
<trkpt lat="47.26856" lon="19.14896" />
<trkpt lat="47.26763" lon="19.14863" />
<trkpt lat="47.26664" lon="19.14839" />
<trkpt lat="47.26602" lon="19.1482" />
<trkpt lat="47.26558" lon="19.14805" />
<trkpt lat="47.26528" lon="19.14793" />
<trkpt lat="47.26472" lon="19.14761" />
<trkpt lat="47.264" lon="19.14715" />
<trkpt lat="47.2637" lon="19.14697" />
<trkpt lat="47.26348" lon="19.14682" />
<trkpt lat="47.26335" lon="19.14667" />
<trkpt lat="47.26274" lon="19.14582" />
<trkpt lat="47.26205" lon="19.14492" />
<trkpt lat="47.26041" lon="19.14255" />
<trkpt lat="47.25958" lon="19.14142" />
<trkpt lat="47.25829" lon="19.13962" />
<trkpt lat="47.25817" lon="19.13948" />
<trkpt lat="47.25822" lon="19.13946" />
<trkpt lat="47.25863" lon="19.13918" />
<trkpt lat="47.26011" lon="19.13808" />
<trkpt lat="47.26087" lon="19.1374" />
<trkpt lat="47.26113" lon="19.13731" />
<trkpt lat="47.26167" lon="19.13689" />
<trkpt lat="47.26208" lon="19.13662" />
<trkpt lat="47.26291" lon="19.13599" />
<trkpt lat="47.26362" lon="19.13545" />
<trkpt lat="47.26461" lon="19.13468" />
<trkpt lat="47.2653" lon="19.13424" />
<trkpt lat="47.26592" lon="19.1337" />
<trkpt lat="47.26636" lon="19.1332" />
<trkpt lat="47.26497" lon="19.12906" />
<trkpt lat="47.26455" lon="19.12785" />
<trkpt lat="47.26423" lon="19.12693" />
<trkpt lat="47.26418" lon="19.12647" />
<trkpt lat="47.26411" lon="19.12611" />
<trkpt lat="47.26335" lon="19.12434" />
<trkpt lat="47.26259" lon="19.12195" />
<trkpt lat="47.26189" lon="19.11969" />
<trkpt lat="47.26215" lon="19.11947" />
<trkpt lat="47.26322" lon="19.11835" />
<trkpt lat="47.26438" lon="19.1171" />
<trkpt lat="47.26434" lon="19.11704" />
<trkpt lat="47.26412" lon="19.11663" />
<trkpt lat="47.26389" lon="19.11616" />
<trkpt lat="47.26342" lon="19.11534" />
<trkpt lat="47.26285" lon="19.11434" />
<trkpt lat="47.26258" lon="19.11387" />
<trkpt lat="47.2625" lon="19.11374" />
<trkpt lat="47.26224" lon="19.11328" />
<trkpt lat="47.26064" lon="19.11049" />
<trkpt lat="47.26039" lon="19.11005" />
<trkpt lat="47.25735" lon="19.10511" />
<trkpt lat="47.25721" lon="19.10506" />
<trkpt lat="47.25722" lon="19.10488" />
<trkpt lat="47.25728" lon="19.10471" />
<trkpt lat="47.25736" lon="19.10453" />
<trkpt lat="47.25751" lon="19.10425" />
<trkpt lat="47.25768" lon="19.10404" />
<trkpt lat="47.25836" lon="19.10328" />
<trkpt lat="47.25878" lon="19.10275" />
<trkpt lat="47.25918" lon="19.10217" />
<trkpt lat="47.25946" lon="19.1017" />
<trkpt lat="47.25977" lon="19.10109" />
<trkpt lat="47.25995" lon="19.10074" />
<trkpt lat="47.26026" lon="19.10011" />
<trkpt lat="47.26055" lon="19.09941" />
<trkpt lat="47.26066" lon="19.09905" />
<trkpt lat="47.26075" lon="19.09879" />
<trkpt lat="47.26082" lon="19.09859" />
<trkpt lat="47.26088" lon="19.09837" />
<trkpt lat="47.26089" lon="19.09821" />
<trkpt lat="47.26097" lon="19.09623" />
<trkpt lat="47.26101" lon="19.09548" />
<trkpt lat="47.26106" lon="19.09535" />
<trkpt lat="47.26123" lon="19.09507" />
<trkpt lat="47.26028" lon="19.09296" />
<trkpt lat="47.26008" lon="19.09256" />
<trkpt lat="47.25988" lon="19.09215" />
<trkpt lat="47.25946" lon="19.09134" />
<trkpt lat="47.25911" lon="19.09066" />
<trkpt lat="47.25905" lon="19.09053" />
<trkpt lat="47.25876" lon="19.08999" />
<trkpt lat="47.25837" lon="19.08946" />
<trkpt lat="47.25802" lon="19.08918" />
<trkpt lat="47.25798" lon="19.08909" />
<trkpt lat="47.25797" lon="19.08864" />
<trkpt lat="47.25794" lon="19.0881" />
<trkpt lat="47.25793" lon="19.08737" />
<trkpt lat="47.25858" lon="19.08727" />
<trkpt lat="47.25916" lon="19.08721" />
<trkpt lat="47.25938" lon="19.08718" />
<trkpt lat="47.25944" lon="19.08717" />
<trkpt lat="47.25956" lon="19.08633" />
<trkpt lat="47.25963" lon="19.08574" />
<trkpt lat="47.2597" lon="19.08544" />
<trkpt lat="47.25974" lon="19.08527" />
<trkpt lat="47.26002" lon="19.08471" />
<trkpt lat="47.26008" lon="19.08457" />
<trkpt lat="47.26037" lon="19.084" />
<trkpt lat="47.26066" lon="19.08366" />
<trkpt lat="47.26071" lon="19.08361" />
<trkpt lat="47.26077" lon="19.08354" />
<trkpt lat="47.26106" lon="19.08318" />
<trkpt lat="47.26138" lon="19.08278" />
<trkpt lat="47.26138" lon="19.08278" />
<trkpt lat="47.26154" lon="19.08258" />
<trkpt lat="47.2617" lon="19.08236" />
<trkpt lat="47.26172" lon="19.08235" />
<trkpt lat="47.26203" lon="19.08224" />
<trkpt lat="47.26225" lon="19.0821" />
<trkpt lat="47.26366" lon="19.08046" />
<trkpt lat="47.26426" lon="19.07988" />
<trkpt lat="47.26427" lon="19.07988" />
<trkpt lat="47.26439" lon="19.07975" />
<trkpt lat="47.26447" lon="19.07968" />
<trkpt lat="47.26497" lon="19.07904" />
<trkpt lat="47.26525" lon="19.07867" />
<trkpt lat="47.26556" lon="19.07826" />
<trkpt lat="47.26642" lon="19.07731" />
<trkpt lat="47.26701" lon="19.07669" />
<trkpt lat="47.26825" lon="19.07536" />
<trkpt lat="47.26882" lon="19.07462" />
<trkpt lat="47.26901" lon="19.07439" />
<trkpt lat="47.26992" lon="19.07319" />
<trkpt lat="47.27056" lon="19.07233" />
<trkpt lat="47.27067" lon="19.07219" />
<trkpt lat="47.27085" lon="19.07195" />
<trkpt lat="47.27104" lon="19.07281" />
<trkpt lat="47.27191" lon="19.07162" />
<trkpt lat="47.27213" lon="19.07132" />
<trkpt lat="47.27256" lon="19.07069" />
<trkpt lat="47.27272" lon="19.07047" />
<trkpt lat="47.27435" lon="19.06817" />
<trkpt lat="47.27507" lon="19.06712" />
<trkpt lat="47.27543" lon="19.0666" />
<trkpt lat="47.27591" lon="19.06596" />
<trkpt lat="47.27597" lon="19.06587" />
<trkpt lat="47.27608" lon="19.06572" />
<trkpt lat="47.27617" lon="19.06558" />
<trkpt lat="47.27618" lon="19.06557" />
<trkpt lat="47.27621" lon="19.06553" />
<trkpt lat="47.27638" lon="19.06527" />
<trkpt lat="47.27641" lon="19.06522" />
<trkpt lat="47.27644" lon="19.06516" />
<trkpt lat="47.27651" lon="19.06503" />
<trkpt lat="47.27658" lon="19.06496" />
<trkpt lat="47.27666" lon="19.06491" />
<trkpt lat="47.27672" lon="19.06489" />
<trkpt lat="47.2768" lon="19.06487" />
<trkpt lat="47.27695" lon="19.06487" />
<trkpt lat="47.2771" lon="19.06489" />
<trkpt lat="47.27852" lon="19.06518" />
<trkpt lat="47.27852" lon="19.06512" />
<trkpt lat="47.27853" lon="19.06507" />
<trkpt lat="47.27857" lon="19.06502" />
<trkpt lat="47.28194" lon="19.06091" />
<trkpt lat="47.28414" lon="19.05828" />
<trkpt lat="47.28389" lon="19.05781" />
<trkpt lat="47.28348" lon="19.05702" />
<trkpt lat="47.28435" lon="19.05588" />
<trkpt lat="47.28479" lon="19.05531" />
<trkpt lat="47.28518" lon="19.05475" />
<trkpt lat="47.2858" lon="19.05392" />
<trkpt lat="47.28593" lon="19.05373" />
<trkpt lat="47.286" lon="19.05364" />
<trkpt lat="47.28668" lon="19.05272" />
<trkpt lat="47.28683" lon="19.05224" />
<trkpt lat="47.28729" lon="19.05165" />
<trkpt lat="47.28851" lon="19.05016" />
<trkpt lat="47.28952" lon="19.04862" />
<trkpt lat="47.29022" lon="19.0477" />
<trkpt lat="47.29122" lon="19.04633" />
<trkpt lat="47.29164" lon="19.0458" />
<trkpt lat="47.29264" lon="19.04447" />
<trkpt lat="47.29327" lon="19.04351" />
<trkpt lat="47.29332" lon="19.04322" />
<trkpt lat="47.29351" lon="19.04305" />
<trkpt lat="47.29367" lon="19.04287" />
<trkpt lat="47.29399" lon="19.0425" />
<trkpt lat="47.29519" lon="19.04078" />
<trkpt lat="47.29573" lon="19.04005" />
<trkpt lat="47.29652" lon="19.039" />
<trkpt lat="47.29662" lon="19.03887" />
<trkpt lat="47.29725" lon="19.03802" />
<trkpt lat="47.29851" lon="19.03634" />
<trkpt lat="47.29858" lon="19.03626" />
<trkpt lat="47.29877" lon="19.036" />
<trkpt lat="47.29946" lon="19.03509" />
<trkpt lat="47.29963" lon="19.03484" />
<trkpt lat="47.30089" lon="19.03314" />
<trkpt lat="47.30105" lon="19.03339" />
<trkpt lat="47.30126" lon="19.03322" />
<trkpt lat="47.30135" lon="19.03323" />
<trkpt lat="47.30285" lon="19.03421" />
<trkpt lat="47.30335" lon="19.03453" />
<trkpt lat="47.30483" lon="19.03549" />
<trkpt lat="47.30485" lon="19.03545" />
<trkpt lat="47.3055" lon="19.03589" />
<trkpt lat="47.30558" lon="19.03588" />
<trkpt lat="47.30565" lon="19.03583" />
<trkpt lat="47.3057" lon="19.03574" />
<trkpt lat="47.30586" lon="19.03586" />
<trkpt lat="47.30595" lon="19.03592" />
<trkpt lat="47.30614" lon="19.03606" />
<trkpt lat="47.30643" lon="19.03632" />
<trkpt lat="47.30646" lon="19.0362" />
<trkpt lat="47.30651" lon="19.03607" />
<trkpt lat="47.30679" lon="19.03637" />
<trkpt lat="47.30702" lon="19.03657" />
<trkpt lat="47.30731" lon="19.03678" />
<trkpt lat="47.3079" lon="19.03713" />
<trkpt lat="47.30812" lon="19.03648" />
<trkpt lat="47.30841" lon="19.03551" />
<trkpt lat="47.30857" lon="19.03501" />
<trkpt lat="47.30852" lon="19.03498" />
<trkpt lat="47.30813" lon="19.03473" />
<trkpt lat="47.30793" lon="19.03461" />
<trkpt lat="47.30742" lon="19.03428" />
<trkpt lat="47.3069" lon="19.03395" />
<trkpt lat="47.30668" lon="19.03379" />
<trkpt lat="47.3068" lon="19.03339" />
<trkpt lat="47.3068" lon="19.03339" />
<trkpt lat="47.30696" lon="19.03284" />
<trkpt lat="47.30715" lon="19.03293" />
<trkpt lat="47.3074" lon="19.03311" />
<trkpt lat="47.30774" lon="19.03333" />
<trkpt lat="47.30819" lon="19.03363" />
<trkpt lat="47.30843" lon="19.03379" />
<trkpt lat="47.3088" lon="19.03404" />
<trkpt lat="47.30889" lon="19.03411" />
<trkpt lat="47.30928" lon="19.03438" />
<trkpt lat="47.30999" lon="19.03484" />
<trkpt lat="47.31039" lon="19.0351" />
<trkpt lat="47.31072" lon="19.03533" />
<trkpt lat="47.31074" lon="19.03535" />
<trkpt lat="47.31083" lon="19.03549" />
<trkpt lat="47.31087" lon="19.03561" />
<trkpt lat="47.31104" lon="19.03559" />
<trkpt lat="47.31118" lon="19.0356" />
<trkpt lat="47.31132" lon="19.03567" />
<trkpt lat="47.31143" lon="19.03573" />
<trkpt lat="47.31164" lon="19.03587" />
<trkpt lat="47.31165" lon="19.03589" />
<trkpt lat="47.31174" lon="19.03602" />
<trkpt lat="47.31178" lon="19.03588" />
<trkpt lat="47.31187" lon="19.03553" />
<trkpt lat="47.31193" lon="19.03536" />
<trkpt lat="47.31195" lon="19.03532" />
<trkpt lat="47.31227" lon="19.03439" />
<trkpt lat="47.31238" lon="19.03406" />
<trkpt lat="47.31245" lon="19.03404" />
<trkpt lat="47.31266" lon="19.03335" />
<trkpt lat="47.31326" lon="19.03134" />
<trkpt lat="47.31333" lon="19.0311" />
<trkpt lat="47.31316" lon="19.031" />
<trkpt lat="47.31295" lon="19.03082" />
<trkpt lat="47.31242" lon="19.03014" />
<trkpt lat="47.31216" lon="19.02971" />
<trkpt lat="47.31174" lon="19.02898" />
<trkpt lat="47.3114" lon="19.02839" />
<trkpt lat="47.31116" lon="19.02801" />
<trkpt lat="47.31093" lon="19.02761" />
<trkpt lat="47.31071" lon="19.02723" />
<trkpt lat="47.31063" lon="19.02715" />
<trkpt lat="47.31056" lon="19.02723" />
<trkpt lat="47.3097" lon="19.02841" />
<trkpt lat="47.30966" lon="19.02857" />
<trkpt lat="47.30959" lon="19.02858" />
<trkpt lat="47.30954" lon="19.02874" />
<trkpt lat="47.30882" lon="19.02863" />
<trkpt lat="47.30878" lon="19.02863" />
<trkpt lat="47.30816" lon="19.02854" />
<trkpt lat="47.30723" lon="19.02807" />
<trkpt lat="47.30684" lon="19.02776" />
<trkpt lat="47.30665" lon="19.02767" />
<trkpt lat="47.30639" lon="19.02749" />
<trkpt lat="47.30595" lon="19.02717" />
<trkpt lat="47.30579" lon="19.02705" />
<trkpt lat="47.30575" lon="19.02702" />
<trkpt lat="47.30539" lon="19.02672" />
<trkpt lat="47.30503" lon="19.02642" />
<trkpt lat="47.30464" lon="19.0261" />
<trkpt lat="47.30427" lon="19.0258" />
<trkpt lat="47.30342" lon="19.02509" />
<trkpt lat="47.30208" lon="19.02402" />
<trkpt lat="47.30184" lon="19.02382" />
<trkpt lat="47.30044" lon="19.02256" />
<trkpt lat="47.29992" lon="19.02204" />
<trkpt lat="47.29954" lon="19.02167" />
<trkpt lat="47.29948" lon="19.02156" />
<trkpt lat="47.29934" lon="19.02146" />
<trkpt lat="47.29921" lon="19.02137" />
<trkpt lat="47.29908" lon="19.02123" />
<trkpt lat="47.29779" lon="19.02009" />
<trkpt lat="47.29717" lon="19.0196" />
<trkpt lat="47.29672" lon="19.01914" />
<trkpt lat="47.29662" lon="19.01907" />
<trkpt lat="47.29625" lon="19.01878" />
<trkpt lat="47.29584" lon="19.01833" />
<trkpt lat="47.29538" lon="19.01797" />
<trkpt lat="47.29508" lon="19.0176" />
<trkpt lat="47.29502" lon="19.01755" />
<trkpt lat="47.29493" lon="19.01752" />
<trkpt lat="47.2945" lon="19.01691" />
<trkpt lat="47.29425" lon="19.01661" />
<trkpt lat="47.2941" lon="19.01645" />
<trkpt lat="47.29365" lon="19.01585" />
<trkpt lat="47.29292" lon="19.01465" />
<trkpt lat="47.29264" lon="19.01419" />
<trkpt lat="47.29195" lon="19.0132" />
<trkpt lat="47.29112" lon="19.01197" />
<trkpt lat="47.29086" lon="19.01158" />
<trkpt lat="47.29076" lon="19.01134" />
<trkpt lat="47.29077" lon="19.01111" />
<trkpt lat="47.2906" lon="19.01095" />
<trkpt lat="47.29045" lon="19.01071" />
<trkpt lat="47.28947" lon="19.00906" />
<trkpt lat="47.28841" lon="19.00728" />
<trkpt lat="47.288" lon="19.00662" />
<trkpt lat="47.28772" lon="19.00611" />
<trkpt lat="47.28743" lon="19.00565" />
<trkpt lat="47.28669" lon="19.00454" />
<trkpt lat="47.28612" lon="19.00383" />
<trkpt lat="47.28535" lon="19.00285" />
<trkpt lat="47.28364" lon="19.00075" />
<trkpt lat="47.28321" lon="19.0002" />
<trkpt lat="47.28277" lon="18.99972" />
<trkpt lat="47.28231" lon="18.99921" />
<trkpt lat="47.28223" lon="18.99911" />
<trkpt lat="47.28215" lon="18.99901" />
<trkpt lat="47.28209" lon="18.99887" />
<trkpt lat="47.28199" lon="18.9987" />
<trkpt lat="47.28187" lon="18.9988" />
<trkpt lat="47.28178" lon="18.99884" />
<trkpt lat="47.28175" lon="18.99884" />
<trkpt lat="47.28173" lon="18.99882" />
<trkpt lat="47.28153" lon="18.99864" />
<trkpt lat="47.28148" lon="18.9986" />
<trkpt lat="47.28123" lon="18.99828" />
<trkpt lat="47.28088" lon="18.99792" />
<trkpt lat="47.28081" lon="18.99785" />
<trkpt lat="47.28075" lon="18.99779" />
<trkpt lat="47.28067" lon="18.9977" />
<trkpt lat="47.28053" lon="18.9975" />
<trkpt lat="47.28034" lon="18.99726" />
<trkpt lat="47.28006" lon="18.99681" />
<trkpt lat="47.27986" lon="18.99657" />
<trkpt lat="47.27972" lon="18.99646" />
<trkpt lat="47.27941" lon="18.99604" />
<trkpt lat="47.27925" lon="18.99582" />
<trkpt lat="47.27901" lon="18.99538" />
<trkpt lat="47.27899" lon="18.99525" />
<trkpt lat="47.27901" lon="18.99509" />
<trkpt lat="47.27898" lon="18.99496" />
<trkpt lat="47.27886" lon="18.99472" />
<trkpt lat="47.27876" lon="18.99459" />
<trkpt lat="47.2786" lon="18.99451" />
<trkpt lat="47.27839" lon="18.99426" />
<trkpt lat="47.27827" lon="18.99408" />
<trkpt lat="47.27808" lon="18.99388" />
<trkpt lat="47.27795" lon="18.99358" />
<trkpt lat="47.27778" lon="18.99342" />
<trkpt lat="47.27764" lon="18.99321" />
<trkpt lat="47.27749" lon="18.99304" />
<trkpt lat="47.27743" lon="18.99296" />
<trkpt lat="47.27713" lon="18.99256" />
<trkpt lat="47.27698" lon="18.9923" />
<trkpt lat="47.27679" lon="18.99209" />
<trkpt lat="47.27667" lon="18.99201" />
<trkpt lat="47.27636" lon="18.99173" />
<trkpt lat="47.27621" lon="18.99156" />
<trkpt lat="47.27605" lon="18.99146" />
<trkpt lat="47.27594" lon="18.9913" />
<trkpt lat="47.27594" lon="18.99111" />
<trkpt lat="47.27591" lon="18.99099" />
<trkpt lat="47.27582" lon="18.99088" />
<trkpt lat="47.27573" lon="18.99086" />
<trkpt lat="47.27561" lon="18.99082" />
<trkpt lat="47.27553" lon="18.99074" />
<trkpt lat="47.27545" lon="18.9907" />
<trkpt lat="47.27346" lon="18.98845" />
<trkpt lat="47.27295" lon="18.98784" />
<trkpt lat="47.27287" lon="18.98762" />
<trkpt lat="47.27283" lon="18.9875" />
<trkpt lat="47.27281" lon="18.98738" />
<trkpt lat="47.2728" lon="18.98725" />
<trkpt lat="47.2728" lon="18.98716" />
<trkpt lat="47.27281" lon="18.98696" />
<trkpt lat="47.27284" lon="18.98677" />
<trkpt lat="47.27287" lon="18.98663" />
<trkpt lat="47.27291" lon="18.98653" />
<trkpt lat="47.27347" lon="18.98544" />
<trkpt lat="47.2736" lon="18.98518" />
<trkpt lat="47.27367" lon="18.98502" />
<trkpt lat="47.27373" lon="18.98484" />
<trkpt lat="47.27384" lon="18.98446" />
<trkpt lat="47.2739" lon="18.98424" />
<trkpt lat="47.27393" lon="18.9841" />
<trkpt lat="47.27395" lon="18.98389" />
<trkpt lat="47.27395" lon="18.98377" />
<trkpt lat="47.27392" lon="18.98354" />
<trkpt lat="47.27367" lon="18.98229" />
<trkpt lat="47.2736" lon="18.98177" />
<trkpt lat="47.27356" lon="18.98138" />
<trkpt lat="47.27355" lon="18.98113" />
<trkpt lat="47.27351" lon="18.98084" />
<trkpt lat="47.27343" lon="18.97976" />
<trkpt lat="47.27352" lon="18.97977" />
<trkpt lat="47.27352" lon="18.97963" />
<trkpt lat="47.27352" lon="18.9795" />
<trkpt lat="47.27355" lon="18.97938" />
<trkpt lat="47.27362" lon="18.97911" />
<trkpt lat="47.27402" lon="18.9778" />
<trkpt lat="47.27428" lon="18.97705" />
<trkpt lat="47.27437" lon="18.97666" />
<trkpt lat="47.27441" lon="18.97637" />
<trkpt lat="47.27444" lon="18.97623" />
<trkpt lat="47.27448" lon="18.97609" />
<trkpt lat="47.27442" lon="18.97607" />
<trkpt lat="47.27326" lon="18.97558" />
<trkpt lat="47.27311" lon="18.97551" />
<trkpt lat="47.2722" lon="18.97514" />
<trkpt lat="47.27148" lon="18.97484" />
<trkpt lat="47.27139" lon="18.97478" />
<trkpt lat="47.27133" lon="18.97475" />
<trkpt lat="47.27125" lon="18.97471" />
<trkpt lat="47.27118" lon="18.97466" />
<trkpt lat="47.26953" lon="18.97364" />
<trkpt lat="47.26804" lon="18.9727" />
<trkpt lat="47.26626" lon="18.97157" />
<trkpt lat="47.26448" lon="18.97043" />
<trkpt lat="47.2645" lon="18.97035" />
<trkpt lat="47.26458" lon="18.9703" />
<trkpt lat="47.26453" lon="18.97027" />
<trkpt lat="47.26437" lon="18.97017" />
<trkpt lat="47.26469" lon="18.9694" />
<trkpt lat="47.26475" lon="18.96945" />
<trkpt lat="47.26475" lon="18.96943" />
<trkpt lat="47.26498" lon="18.96889" />
<trkpt lat="47.26591" lon="18.96682" />
<trkpt lat="47.26604" lon="18.96664" />
<trkpt lat="47.26692" lon="18.96508" />
<trkpt lat="47.2682" lon="18.96277" />
<trkpt lat="47.26887" lon="18.96158" />
<trkpt lat="47.26884" lon="18.96154" />
<trkpt lat="47.2686" lon="18.96124" />
<trkpt lat="47.2677" lon="18.96016" />
<trkpt lat="47.26766" lon="18.96022" />
<trkpt lat="47.26763" lon="18.96018" />
<trkpt lat="47.26718" lon="18.95963" />
<trkpt lat="47.26698" lon="18.95939" />
<trkpt lat="47.26675" lon="18.95916" />
<trkpt lat="47.2662" lon="18.95845" />
<trkpt lat="47.26594" lon="18.95824" />
<trkpt lat="47.26552" lon="18.95798" />
<trkpt lat="47.26522" lon="18.95769" />
<trkpt lat="47.26509" lon="18.95764" />
<trkpt lat="47.26493" lon="18.95759" />
<trkpt lat="47.26437" lon="18.95726" />
<trkpt lat="47.26421" lon="18.95714" />
<trkpt lat="47.2637" lon="18.95692" />
<trkpt lat="47.2633" lon="18.95667" />
<trkpt lat="47.263" lon="18.95652" />
<trkpt lat="47.26235" lon="18.95607" />
<trkpt lat="47.26099" lon="18.95522" />
<trkpt lat="47.26049" lon="18.9549" />
<trkpt lat="47.26032" lon="18.95484" />
<trkpt lat="47.26019" lon="18.95473" />
<trkpt lat="47.25946" lon="18.9538" />
<trkpt lat="47.25921" lon="18.95357" />
<trkpt lat="47.25892" lon="18.95319" />
<trkpt lat="47.25856" lon="18.95271" />
<trkpt lat="47.25819" lon="18.95229" />
<trkpt lat="47.25813" lon="18.95213" />
<trkpt lat="47.25809" lon="18.95176" />
<trkpt lat="47.25804" lon="18.95163" />
<trkpt lat="47.25778" lon="18.95126" />
<trkpt lat="47.25772" lon="18.95108" />
<trkpt lat="47.25762" lon="18.9507" />
<trkpt lat="47.25751" lon="18.95046" />
<trkpt lat="47.25746" lon="18.95036" />
<trkpt lat="47.25745" lon="18.95024" />
<trkpt lat="47.25762" lon="18.94993" />
<trkpt lat="47.25802" lon="18.94932" />
<trkpt lat="47.25809" lon="18.94913" />
<trkpt lat="47.25811" lon="18.94907" />
<trkpt lat="47.25807" lon="18.94903" />
<trkpt lat="47.25793" lon="18.94892" />
<trkpt lat="47.25709" lon="18.94843" />
<trkpt lat="47.25666" lon="18.94815" />
<trkpt lat="47.25613" lon="18.94779" />
<trkpt lat="47.25583" lon="18.94762" />
<trkpt lat="47.25571" lon="18.94754" />
<trkpt lat="47.25558" lon="18.94747" />
<trkpt lat="47.25544" lon="18.94739" />
<trkpt lat="47.25521" lon="18.94721" />
<trkpt lat="47.2546" lon="18.94685" />
<trkpt lat="47.25395" lon="18.94645" />
<trkpt lat="47.25374" lon="18.9463" />
<trkpt lat="47.25347" lon="18.94611" />
<trkpt lat="47.25325" lon="18.94598" />
<trkpt lat="47.25307" lon="18.94593" />
<trkpt lat="47.25277" lon="18.94571" />
<trkpt lat="47.2525" lon="18.94545" />
<trkpt lat="47.25227" lon="18.94529" />
<trkpt lat="47.25212" lon="18.94525" />
<trkpt lat="47.2521" lon="18.94525" />
<trkpt lat="47.25209" lon="18.94525" />
<trkpt lat="47.25206" lon="18.94525" />
<trkpt lat="47.25205" lon="18.94525" />
<trkpt lat="47.25186" lon="18.94518" />
<trkpt lat="47.25177" lon="18.9451" />
<trkpt lat="47.25173" lon="18.94498" />
<trkpt lat="47.25169" lon="18.94468" />
<trkpt lat="47.25164" lon="18.94461" />
<trkpt lat="47.25132" lon="18.94442" />
<trkpt lat="47.25097" lon="18.94416" />
<trkpt lat="47.25084" lon="18.94396" />
<trkpt lat="47.25072" lon="18.94376" />
<trkpt lat="47.25049" lon="18.94356" />
<trkpt lat="47.25005" lon="18.94326" />
<trkpt lat="47.24959" lon="18.94287" />
<trkpt lat="47.24905" lon="18.94243" />
<trkpt lat="47.249" lon="18.94242" />
<trkpt lat="47.24899" lon="18.94242" />
<trkpt lat="47.24897" lon="18.94242" />
<trkpt lat="47.24884" lon="18.94248" />
<trkpt lat="47.24863" lon="18.9426" />
<trkpt lat="47.24839" lon="18.94264" />
<trkpt lat="47.24838" lon="18.94264" />
<trkpt lat="47.24837" lon="18.94264" />
<trkpt lat="47.24829" lon="18.94263" />
<trkpt lat="47.24827" lon="18.94263" />
<trkpt lat="47.24825" lon="18.94263" />
<trkpt lat="47.24823" lon="18.94263" />
<trkpt lat="47.24821" lon="18.94263" />
<trkpt lat="47.24817" lon="18.94263" />
<trkpt lat="47.24809" lon="18.94264" />
<trkpt lat="47.24804" lon="18.94264" />
<trkpt lat="47.24796" lon="18.94264" />
<trkpt lat="47.24791" lon="18.94264" />
<trkpt lat="47.24789" lon="18.94264" />
<trkpt lat="47.24788" lon="18.94264" />
<trkpt lat="47.24772" lon="18.9426" />
<trkpt lat="47.24739" lon="18.94244" />
<trkpt lat="47.24699" lon="18.94216" />
<trkpt lat="47.2465" lon="18.94179" />
<trkpt lat="47.24594" lon="18.94149" />
<trkpt lat="47.24541" lon="18.9413" />
<trkpt lat="47.24511" lon="18.94117" />
<trkpt lat="47.24511" lon="18.94112" />
<trkpt lat="47.24511" lon="18.94098" />
<trkpt lat="47.24511" lon="18.94091" />
<trkpt lat="47.24502" lon="18.94081" />
<trkpt lat="47.24484" lon="18.94043" />
<trkpt lat="47.24473" lon="18.94023" />
<trkpt lat="47.24458" lon="18.93994" />
<trkpt lat="47.24453" lon="18.93983" />
<trkpt lat="47.24453" lon="18.93977" />
<trkpt lat="47.24452" lon="18.93977" />
<trkpt lat="47.24448" lon="18.93973" />
<trkpt lat="47.24423" lon="18.93913" />
<trkpt lat="47.24409" lon="18.93887" />
<trkpt lat="47.244" lon="18.93865" />
<trkpt lat="47.24383" lon="18.93835" />
<trkpt lat="47.24368" lon="18.93794" />
<trkpt lat="47.24354" lon="18.93776" />
<trkpt lat="47.24305" lon="18.93738" />
<trkpt lat="47.24268" lon="18.93709" />
<trkpt lat="47.24235" lon="18.93695" />
<trkpt lat="47.24221" lon="18.93689" />
<trkpt lat="47.24169" lon="18.9365" />
<trkpt lat="47.24149" lon="18.93641" />
<trkpt lat="47.24125" lon="18.9362" />
<trkpt lat="47.24085" lon="18.93595" />
<trkpt lat="47.24069" lon="18.93585" />
<trkpt lat="47.24043" lon="18.93572" />
<trkpt lat="47.23985" lon="18.93534" />
<trkpt lat="47.23948" lon="18.93511" />
<trkpt lat="47.23922" lon="18.93495" />
<trkpt lat="47.23893" lon="18.93474" />
<trkpt lat="47.23862" lon="18.9346" />
<trkpt lat="47.23759" lon="18.93386" />
<trkpt lat="47.23743" lon="18.93369" />
<trkpt lat="47.23732" lon="18.93347" />
<trkpt lat="47.23724" lon="18.93319" />
<trkpt lat="47.23714" lon="18.93245" />
<trkpt lat="47.23712" lon="18.93225" />
<trkpt lat="47.2371" lon="18.93226" />
<trkpt lat="47.23709" lon="18.93216" />
<trkpt lat="47.2371" lon="18.93153" />
<trkpt lat="47.23709" lon="18.93141" />
<trkpt lat="47.23709" lon="18.9312" />
<trkpt lat="47.2371" lon="18.93064" />
<trkpt lat="47.23712" lon="18.93038" />
<trkpt lat="47.23725" lon="18.92982" />
<trkpt lat="47.23773" lon="18.9285" />
<trkpt lat="47.23769" lon="18.92847" />
<trkpt lat="47.23612" lon="18.92727" />
<trkpt lat="47.23613" lon="18.92722" />
<trkpt lat="47.23623" lon="18.92682" />
<trkpt lat="47.23618" lon="18.92679" />
<trkpt lat="47.23602" lon="18.92673" />
<trkpt lat="47.23553" lon="18.92661" />
<trkpt lat="47.23549" lon="18.92661" />
<trkpt lat="47.23475" lon="18.92646" />
<trkpt lat="47.23423" lon="18.92636" />
<trkpt lat="47.23425" lon="18.92628" />
<trkpt lat="47.23418" lon="18.92626" />
<trkpt lat="47.2342" lon="18.9261" />
<trkpt lat="47.23414" lon="18.92607" />
<trkpt lat="47.23415" lon="18.92599" />
<trkpt lat="47.23447" lon="18.92414" />
<trkpt lat="47.23467" lon="18.92331" />
<trkpt lat="47.2347" lon="18.92311" />
<trkpt lat="47.23486" lon="18.92302" />
<trkpt lat="47.23481" lon="18.92298" />
<trkpt lat="47.23435" lon="18.92259" />
<trkpt lat="47.23436" lon="18.92256" />
<trkpt lat="47.23458" lon="18.92183" />
<trkpt lat="47.23465" lon="18.92165" />
<trkpt lat="47.23458" lon="18.92159" />
<trkpt lat="47.23374" lon="18.92111" />
<trkpt lat="47.23338" lon="18.92085" />
<trkpt lat="47.23251" lon="18.92011" />
<trkpt lat="47.23135" lon="18.91912" />
<trkpt lat="47.23047" lon="18.91836" />
<trkpt lat="47.22968" lon="18.91768" />
<trkpt lat="47.22882" lon="18.91694" />
<trkpt lat="47.22784" lon="18.91603" />
<trkpt lat="47.22714" lon="18.9154" />
<trkpt lat="47.22637" lon="18.9147" />
<trkpt lat="47.22574" lon="18.91413" />
<trkpt lat="47.22548" lon="18.91393" />
<trkpt lat="47.22498" lon="18.91365" />
<trkpt lat="47.22378" lon="18.91297" />
<trkpt lat="47.22301" lon="18.91254" />
<trkpt lat="47.2219" lon="18.91192" />
<trkpt lat="47.22095" lon="18.91139" />
<trkpt lat="47.21949" lon="18.91057" />
<trkpt lat="47.21884" lon="18.91021" />
<trkpt lat="47.21795" lon="18.90972" />
<trkpt lat="47.21753" lon="18.90947" />
<trkpt lat="47.21669" lon="18.90897" />
<trkpt lat="47.21576" lon="18.90839" />
<trkpt lat="47.21473" lon="18.90776" />
<trkpt lat="47.21321" lon="18.90683" />
<trkpt lat="47.21251" lon="18.90643" />
<trkpt lat="47.21189" lon="18.90609" />
<trkpt lat="47.2108" lon="18.90554" />
<trkpt lat="47.21003" lon="18.90515" />
<trkpt lat="47.20949" lon="18.90488" />
<trkpt lat="47.20902" lon="18.90463" />
<trkpt lat="47.20799" lon="18.90411" />
<trkpt lat="47.20646" lon="18.90333" />
<trkpt lat="47.20617" lon="18.90315" />
<trkpt lat="47.20533" lon="18.90252" />
<trkpt lat="47.2045" lon="18.90191" />
<trkpt lat="47.20352" lon="18.90117" />
<trkpt lat="47.20311" lon="18.90093" />
<trkpt lat="47.20203" lon="18.90036" />
<trkpt lat="47.20062" lon="18.89962" />
<trkpt lat="47.19895" lon="18.89875" />
<trkpt lat="47.19812" lon="18.89831" />
<trkpt lat="47.19776" lon="18.89806" />
<trkpt lat="47.19742" lon="18.89777" />
<trkpt lat="47.19658" lon="18.897" />
<trkpt lat="47.19552" lon="18.89604" />
<trkpt lat="47.1944" lon="18.89502" />
<trkpt lat="47.19319" lon="18.89393" />
<trkpt lat="47.19263" lon="18.89348" />
<trkpt lat="47.19193" lon="18.89294" />
<trkpt lat="47.19118" lon="18.89239" />
<trkpt lat="47.19082" lon="18.89212" />
<trkpt lat="47.19046" lon="18.89193" />
<trkpt lat="47.19007" lon="18.89179" />
<trkpt lat="47.18902" lon="18.8915" />
<trkpt lat="47.188" lon="18.89122" />
<trkpt lat="47.18779" lon="18.89116" />
<trkpt lat="47.18759" lon="18.89177" />
<trkpt lat="47.1868" lon="18.89399" />
<trkpt lat="47.18632" lon="18.89532" />
<trkpt lat="47.18623" lon="18.89558" />
<trkpt lat="47.18621" lon="18.89557" />
<trkpt lat="47.18603" lon="18.89549" />
<trkpt lat="47.18603" lon="18.89552" />
<trkpt lat="47.18602" lon="18.89615" />
<trkpt lat="47.18606" lon="18.89725" />
<trkpt lat="47.18607" lon="18.8977" />
<trkpt lat="47.18606" lon="18.89823" />
<trkpt lat="47.18602" lon="18.89838" />
<trkpt lat="47.18589" lon="18.89861" />
<trkpt lat="47.18553" lon="18.89912" />
<trkpt lat="47.18527" lon="18.89954" />
<trkpt lat="47.18525" lon="18.89965" />
<trkpt lat="47.1853" lon="18.90025" />
<trkpt lat="47.1854" lon="18.9018" />
<trkpt lat="47.18546" lon="18.9026" />
<trkpt lat="47.18553" lon="18.90349" />
<trkpt lat="47.18555" lon="18.90406" />
<trkpt lat="47.18554" lon="18.90449" />
<trkpt lat="47.18546" lon="18.90479" />
<trkpt lat="47.18537" lon="18.90501" />
<trkpt lat="47.18487" lon="18.9056" />
<trkpt lat="47.18445" lon="18.90611" />
<trkpt lat="47.18414" lon="18.90647" />
<trkpt lat="47.18375" lon="18.90697" />
<trkpt lat="47.18316" lon="18.90767" />
<trkpt lat="47.18258" lon="18.90836" />
<trkpt lat="47.18222" lon="18.90881" />
<trkpt lat="47.18203" lon="18.90903" />
<trkpt lat="47.18183" lon="18.90922" />
<trkpt lat="47.18162" lon="18.90948" />
<trkpt lat="47.1814" lon="18.90974" />
<trkpt lat="47.18114" lon="18.91011" />
<trkpt lat="47.18054" lon="18.91077" />
<trkpt lat="47.18031" lon="18.91107" />
<trkpt lat="47.18008" lon="18.91139" />
<trkpt lat="47.17924" lon="18.91242" />
<trkpt lat="47.1787" lon="18.91302" />
<trkpt lat="47.17791" lon="18.91389" />
<trkpt lat="47.17764" lon="18.91417" />
<trkpt lat="47.1774" lon="18.91444" />
<trkpt lat="47.17707" lon="18.91476" />
<trkpt lat="47.17683" lon="18.91514" />
<trkpt lat="47.17653" lon="18.9155" />
<trkpt lat="47.17608" lon="18.916" />
<trkpt lat="47.17564" lon="18.91649" />
<trkpt lat="47.17519" lon="18.91697" />
<trkpt lat="47.17487" lon="18.91731" />
<trkpt lat="47.17473" lon="18.91749" />
<trkpt lat="47.17461" lon="18.91768" />
<trkpt lat="47.17465" lon="18.91778" />
<trkpt lat="47.17496" lon="18.91834" />
<trkpt lat="47.17515" lon="18.91866" />
<trkpt lat="47.17567" lon="18.9196" />
<trkpt lat="47.17609" lon="18.92035" />
<trkpt lat="47.17647" lon="18.92101" />
<trkpt lat="47.17684" lon="18.92167" />
<trkpt lat="47.17703" lon="18.92202" />
<trkpt lat="47.17741" lon="18.92265" />
<trkpt lat="47.17769" lon="18.92319" />
<trkpt lat="47.1781" lon="18.92389" />
<trkpt lat="47.17867" lon="18.9249" />
<trkpt lat="47.17894" lon="18.92537" />
<trkpt lat="47.17924" lon="18.92592" />
<trkpt lat="47.17988" lon="18.92705" />
<trkpt lat="47.18045" lon="18.92806" />
<trkpt lat="47.18051" lon="18.92816" />
<trkpt lat="47.18049" lon="18.92819" />
<trkpt lat="47.18008" lon="18.92857" />
<trkpt lat="47.17963" lon="18.92897" />
<trkpt lat="47.17931" lon="18.92924" />
<trkpt lat="47.17872" lon="18.92981" />
<trkpt lat="47.17827" lon="18.93025" />
<trkpt lat="47.17778" lon="18.93069" />
<trkpt lat="47.17744" lon="18.93101" />
<trkpt lat="47.17697" lon="18.93145" />
<trkpt lat="47.17662" lon="18.93187" />
<trkpt lat="47.17628" lon="18.93224" />
<trkpt lat="47.1759" lon="18.93261" />
<trkpt lat="47.17557" lon="18.93301" />
<trkpt lat="47.17509" lon="18.93352" />
<trkpt lat="47.17455" lon="18.93407" />
<trkpt lat="47.17416" lon="18.9345" />
<trkpt lat="47.17388" lon="18.9348" />
<trkpt lat="47.1738" lon="18.93489" />
<trkpt lat="47.17379" lon="18.93496" />
<trkpt lat="47.17383" lon="18.93507" />
<trkpt lat="47.17378" lon="18.9351" />
<trkpt lat="47.17381" lon="18.93518" />
<trkpt lat="47.17426" lon="18.93672" />
<trkpt lat="47.17445" lon="18.93741" />
<trkpt lat="47.17443" lon="18.9375" />
<trkpt lat="47.17435" lon="18.93783" />
<trkpt lat="47.17421" lon="18.93817" />
<trkpt lat="47.17402" lon="18.93839" />
<trkpt lat="47.17368" lon="18.93879" />
<trkpt lat="47.17369" lon="18.93893" />
<trkpt lat="47.17374" lon="18.93901" />
<trkpt lat="47.1739" lon="18.93915" />
<trkpt lat="47.17395" lon="18.93913" />
<trkpt lat="47.17398" lon="18.93923" />
<trkpt lat="47.17427" lon="18.94042" />
<trkpt lat="47.17443" lon="18.94117" />
<trkpt lat="47.17446" lon="18.94135" />
<trkpt lat="47.17457" lon="18.94134" />
<trkpt lat="47.17478" lon="18.94132" />
<trkpt lat="47.17517" lon="18.94128" />
<trkpt lat="47.17526" lon="18.94126" />
<trkpt lat="47.17527" lon="18.94135" />
<trkpt lat="47.17533" lon="18.94222" />
<trkpt lat="47.17528" lon="18.94223" />
<trkpt lat="47.17426" lon="18.94247" />
<trkpt lat="47.17317" lon="18.94274" />
<trkpt lat="47.17302" lon="18.94284" />
<trkpt lat="47.17204" lon="18.94363" />
<trkpt lat="47.17146" lon="18.9441" />
<trkpt lat="47.17116" lon="18.94431" />
<trkpt lat="47.17112" lon="18.94433" />
<trkpt lat="47.17066" lon="18.94439" />
<trkpt lat="47.16914" lon="18.94456" />
<trkpt lat="47.16913" lon="18.94456" />
<trkpt lat="47.16911" lon="18.94456" />
<trkpt lat="47.16892" lon="18.94453" />
<trkpt lat="47.16875" lon="18.94451" />
<trkpt lat="47.16872" lon="18.94451" />
<trkpt lat="47.16861" lon="18.9445" />
<trkpt lat="47.16844" lon="18.94446" />
<trkpt lat="47.16842" lon="18.94454" />
<trkpt lat="47.16835" lon="18.94452" />
<trkpt lat="47.16831" lon="18.94451" />
<trkpt lat="47.1683" lon="18.9445" />
<trkpt lat="47.16827" lon="18.94451" />
<trkpt lat="47.16825" lon="18.94451" />
<trkpt lat="47.16775" lon="18.94459" />
<trkpt lat="47.16708" lon="18.94479" />
<trkpt lat="47.16665" lon="18.94485" />
<trkpt lat="47.16589" lon="18.94496" />
<trkpt lat="47.16517" lon="18.94519" />
<trkpt lat="47.16445" lon="18.94547" />
<trkpt lat="47.1641" lon="18.94554" />
<trkpt lat="47.16409" lon="18.94554" />
<trkpt lat="47.16406" lon="18.94553" />
<trkpt lat="47.16405" lon="18.94553" />
<trkpt lat="47.16375" lon="18.94557" />
<trkpt lat="47.16255" lon="18.94582" />
<trkpt lat="47.16227" lon="18.94586" />
<trkpt lat="47.16226" lon="18.94586" />
<trkpt lat="47.16222" lon="18.94586" />
<trkpt lat="47.16205" lon="18.94584" />
<trkpt lat="47.162" lon="18.94591" />
<trkpt lat="47.16201" lon="18.94599" />
<trkpt lat="47.16201" lon="18.94599" />
<trkpt lat="47.16196" lon="18.94605" />
<trkpt lat="47.16192" lon="18.9464" />
<trkpt lat="47.16186" lon="18.94674" />
<trkpt lat="47.16186" lon="18.94752" />
<trkpt lat="47.16184" lon="18.94854" />
<trkpt lat="47.16182" lon="18.95014" />
<trkpt lat="47.16174" lon="18.95014" />
<trkpt lat="47.16174" lon="18.95017" />
<trkpt lat="47.16171" lon="18.95024" />
<trkpt lat="47.1605" lon="18.95132" />
<trkpt lat="47.15979" lon="18.95219" />
<trkpt lat="47.15853" lon="18.95379" />
<trkpt lat="47.15805" lon="18.95406" />
<trkpt lat="47.15641" lon="18.95499" />
<trkpt lat="47.15579" lon="18.95534" />
<trkpt lat="47.15545" lon="18.95553" />
<trkpt lat="47.15533" lon="18.95565" />
<trkpt lat="47.1552" lon="18.95573" />
<trkpt lat="47.15521" lon="18.95576" />
<trkpt lat="47.15524" lon="18.95592" />
<trkpt lat="47.15517" lon="18.95595" />
<trkpt lat="47.15488" lon="18.95611" />
<trkpt lat="47.15476" lon="18.9561" />
<trkpt lat="47.15474" lon="18.95609" />
<trkpt lat="47.15471" lon="18.95604" />
<trkpt lat="47.15465" lon="18.95606" />
<trkpt lat="47.1527" lon="18.95663" />
<trkpt lat="47.15155" lon="18.95699" />
<trkpt lat="47.15133" lon="18.95708" />
<trkpt lat="47.1513" lon="18.95698" />
<trkpt lat="47.15127" lon="18.957" />
<trkpt lat="47.15103" lon="18.95717" />
<trkpt lat="47.15099" lon="18.95708" />
<trkpt lat="47.15056" lon="18.9558" />
<trkpt lat="47.15024" lon="18.95496" />
<trkpt lat="47.15019" lon="18.95499" />
<trkpt lat="47.14945" lon="18.95546" />
<trkpt lat="47.14899" lon="18.95567" />
<trkpt lat="47.14897" lon="18.95567" />
<trkpt lat="47.14896" lon="18.95567" />
<trkpt lat="47.14888" lon="18.95566" />
<trkpt lat="47.14887" lon="18.95566" />
<trkpt lat="47.14887" lon="18.95566" />
<trkpt lat="47.14885" lon="18.95566" />
<trkpt lat="47.14869" lon="18.95573" />
<trkpt lat="47.14828" lon="18.95595" />
<trkpt lat="47.14806" lon="18.95601" />
<trkpt lat="47.14786" lon="18.95617" />
<trkpt lat="47.14772" lon="18.9563" />
<trkpt lat="47.14704" lon="18.95682" />
<trkpt lat="47.14681" lon="18.95705" />
<trkpt lat="47.14638" lon="18.95737" />
<trkpt lat="47.1462" lon="18.95755" />
<trkpt lat="47.14572" lon="18.95792" />
<trkpt lat="47.14548" lon="18.95812" />
<trkpt lat="47.14531" lon="18.95827" />
<trkpt lat="47.14494" lon="18.9586" />
<trkpt lat="47.14474" lon="18.95879" />
<trkpt lat="47.14449" lon="18.95891" />
<trkpt lat="47.14423" lon="18.95911" />
<trkpt lat="47.14403" lon="18.95927" />
<trkpt lat="47.14379" lon="18.95945" />
<trkpt lat="47.14327" lon="18.95988" />
<trkpt lat="47.14291" lon="18.96018" />
<trkpt lat="47.14252" lon="18.9605" />
<trkpt lat="47.14195" lon="18.9609" />
<trkpt lat="47.14152" lon="18.96126" />
<trkpt lat="47.14094" lon="18.96169" />
<trkpt lat="47.14076" lon="18.96181" />
<trkpt lat="47.14053" lon="18.96196" />
<trkpt lat="47.14008" lon="18.96232" />
<trkpt lat="47.13997" lon="18.96239" />
<trkpt lat="47.13977" lon="18.96251" />
<trkpt lat="47.13971" lon="18.96249" />
<trkpt lat="47.1397" lon="18.96249" />
<trkpt lat="47.13969" lon="18.9625" />
<trkpt lat="47.13958" lon="18.96256" />
<trkpt lat="47.13914" lon="18.96298" />
<trkpt lat="47.13821" lon="18.96403" />
<trkpt lat="47.13727" lon="18.96508" />
<trkpt lat="47.13651" lon="18.96587" />
<trkpt lat="47.13534" lon="18.96701" />
<trkpt lat="47.13432" lon="18.9678" />
<trkpt lat="47.13391" lon="18.96808" />
<trkpt lat="47.13349" lon="18.9683" />
<trkpt lat="47.13252" lon="18.96878" />
<trkpt lat="47.13246" lon="18.96879" />
<trkpt lat="47.13244" lon="18.96879" />
<trkpt lat="47.13243" lon="18.96879" />
<trkpt lat="47.13241" lon="18.96879" />
<trkpt lat="47.13225" lon="18.96872" />
<trkpt lat="47.13207" lon="18.96857" />
<trkpt lat="47.13193" lon="18.96843" />
<trkpt lat="47.13176" lon="18.96837" />
<trkpt lat="47.13125" lon="18.96821" />
<trkpt lat="47.13107" lon="18.96805" />
<trkpt lat="47.13088" lon="18.96797" />
<trkpt lat="47.13083" lon="18.96797" />
<trkpt lat="47.1308" lon="18.96796" />
<trkpt lat="47.13076" lon="18.96796" />
<trkpt lat="47.13069" lon="18.96796" />
<trkpt lat="47.13063" lon="18.96796" />
<trkpt lat="47.13057" lon="18.96796" />
<trkpt lat="47.13049" lon="18.96796" />
<trkpt lat="47.13045" lon="18.96796" />
<trkpt lat="47.13039" lon="18.96795" />
<trkpt lat="47.13034" lon="18.96795" />
<trkpt lat="47.12995" lon="18.96792" />
<trkpt lat="47.1299" lon="18.96791" />
<trkpt lat="47.12982" lon="18.96791" />
<trkpt lat="47.12979" lon="18.96791" />
<trkpt lat="47.12977" lon="18.96791" />
<trkpt lat="47.12974" lon="18.96791" />
<trkpt lat="47.12968" lon="18.96791" />
<trkpt lat="47.1296" lon="18.96791" />
<trkpt lat="47.12946" lon="18.9679" />
<trkpt lat="47.12936" lon="18.96789" />
<trkpt lat="47.12901" lon="18.96785" />
<trkpt lat="47.12895" lon="18.96785" />
<trkpt lat="47.12889" lon="18.96784" />
<trkpt lat="47.12844" lon="18.96781" />
<trkpt lat="47.1284" lon="18.96781" />
<trkpt lat="47.12836" lon="18.96781" />
<trkpt lat="47.1283" lon="18.96781" />
<trkpt lat="47.12827" lon="18.96782" />
<trkpt lat="47.12824" lon="18.96781" />
<trkpt lat="47.12821" lon="18.96781" />
<trkpt lat="47.12792" lon="18.96776" />
<trkpt lat="47.12708" lon="18.96761" />
<trkpt lat="47.12651" lon="18.96755" />
<trkpt lat="47.12606" lon="18.9675" />
<trkpt lat="47.12603" lon="18.9675" />
<trkpt lat="47.12597" lon="18.9675" />
<trkpt lat="47.12593" lon="18.9675" />
<trkpt lat="47.12587" lon="18.9675" />
<trkpt lat="47.12581" lon="18.9675" />
<trkpt lat="47.12578" lon="18.9675" />
<trkpt lat="47.12576" lon="18.9675" />
<trkpt lat="47.12573" lon="18.9675" />
<trkpt lat="47.12547" lon="18.96756" />
<trkpt lat="47.12471" lon="18.9678" />
<trkpt lat="47.12421" lon="18.96804" />
<trkpt lat="47.12321" lon="18.96865" />
<trkpt lat="47.12278" lon="18.96895" />
<trkpt lat="47.12193" lon="18.96962" />
<trkpt lat="47.12155" lon="18.96999" />
<trkpt lat="47.12118" lon="18.97041" />
<trkpt lat="47.12091" lon="18.9706" />
<trkpt lat="47.11991" lon="18.97126" />
<trkpt lat="47.11882" lon="18.97214" />
<trkpt lat="47.11785" lon="18.97293" />
<trkpt lat="47.11733" lon="18.97341" />
<trkpt lat="47.1167" lon="18.97416" />
<trkpt lat="47.11632" lon="18.97464" />
<trkpt lat="47.11572" lon="18.97542" />
<trkpt lat="47.11516" lon="18.97618" />
<trkpt lat="47.11466" lon="18.97695" />
<trkpt lat="47.11414" lon="18.97783" />
<trkpt lat="47.11373" lon="18.97859" />
<trkpt lat="47.11324" lon="18.97955" />
<trkpt lat="47.11297" lon="18.98014" />
<trkpt lat="47.11246" lon="18.98136" />
<trkpt lat="47.11231" lon="18.98183" />
<trkpt lat="47.11208" lon="18.98285" />
<trkpt lat="47.11183" lon="18.98405" />
<trkpt lat="47.1117" lon="18.98448" />
<trkpt lat="47.11161" lon="18.98499" />
<trkpt lat="47.11141" lon="18.98624" />
<trkpt lat="47.11129" lon="18.98685" />
<trkpt lat="47.11115" lon="18.98771" />
<trkpt lat="47.11105" lon="18.98867" />
<trkpt lat="47.11101" lon="18.98991" />
<trkpt lat="47.11094" lon="18.99084" />
<trkpt lat="47.11088" lon="18.99151" />
<trkpt lat="47.11084" lon="18.99218" />
<trkpt lat="47.11067" lon="18.99343" />
<trkpt lat="47.11052" lon="18.99416" />
<trkpt lat="47.11021" lon="18.99554" />
<trkpt lat="47.10992" lon="18.99665" />
<trkpt lat="47.10975" lon="18.9972" />
<trkpt lat="47.10948" lon="18.99777" />
<trkpt lat="47.10863" lon="18.99935" />
<trkpt lat="47.10849" lon="18.99959" />
<trkpt lat="47.10773" lon="19.00055" />
<trkpt lat="47.10728" lon="19.00098" />
<trkpt lat="47.10661" lon="19.00154" />
<trkpt lat="47.10589" lon="19.00205" />
<trkpt lat="47.10551" lon="19.00221" />
<trkpt lat="47.10533" lon="19.0023" />
<trkpt lat="47.10506" lon="19.00256" />
<trkpt lat="47.10488" lon="19.00265" />
<trkpt lat="47.1048" lon="19.00266" />
<trkpt lat="47.10478" lon="19.00266" />
<trkpt lat="47.10476" lon="19.00266" />
<trkpt lat="47.10472" lon="19.00266" />
<trkpt lat="47.10471" lon="19.00266" />
<trkpt lat="47.10469" lon="19.00266" />
<trkpt lat="47.10453" lon="19.00263" />
<trkpt lat="47.10451" lon="19.00263" />
<trkpt lat="47.10449" lon="19.00263" />
<trkpt lat="47.10391" lon="19.00273" />
<trkpt lat="47.10326" lon="19.00283" />
<trkpt lat="47.10248" lon="19.00299" />
<trkpt lat="47.10227" lon="19.00301" />
<trkpt lat="47.10221" lon="19.00301" />
<trkpt lat="47.10212" lon="19.00301" />
<trkpt lat="47.10204" lon="19.00301" />
<trkpt lat="47.10197" lon="19.00301" />
<trkpt lat="47.1019" lon="19.00301" />
<trkpt lat="47.10183" lon="19.00301" />
<trkpt lat="47.10178" lon="19.00301" />
<trkpt lat="47.10173" lon="19.00301" />
<trkpt lat="47.10169" lon="19.00301" />
<trkpt lat="47.10162" lon="19.00301" />
<trkpt lat="47.10155" lon="19.00301" />
<trkpt lat="47.10149" lon="19.00301" />
<trkpt lat="47.10143" lon="19.00301" />
<trkpt lat="47.10138" lon="19.00301" />
<trkpt lat="47.10132" lon="19.003" />
<trkpt lat="47.10128" lon="19.003" />
<trkpt lat="47.10124" lon="19.003" />
<trkpt lat="47.1012" lon="19.003" />
<trkpt lat="47.10108" lon="19.003" />
<trkpt lat="47.101" lon="19.003" />
<trkpt lat="47.10094" lon="19.003" />
<trkpt lat="47.10087" lon="19.003" />
<trkpt lat="47.1008" lon="19.003" />
<trkpt lat="47.10058" lon="19.00299" />
<trkpt lat="47.1005" lon="19.00299" />
<trkpt lat="47.10037" lon="19.00299" />
<trkpt lat="47.10033" lon="19.00299" />
<trkpt lat="47.10029" lon="19.00299" />
<trkpt lat="47.10025" lon="19.00298" />
<trkpt lat="47.1002" lon="19.00298" />
<trkpt lat="47.10015" lon="19.00298" />
<trkpt lat="47.10001" lon="19.00297" />
<trkpt lat="47.09983" lon="19.00295" />
<trkpt lat="47.0996" lon="19.00289" />
<trkpt lat="47.09851" lon="19.0025" />
<trkpt lat="47.09798" lon="19.00226" />
<trkpt lat="47.0972" lon="19.00185" />
<trkpt lat="47.0969" lon="19.00169" />
<trkpt lat="47.09646" lon="19.00149" />
<trkpt lat="47.09643" lon="19.00164" />
<trkpt lat="47.09624" lon="19.00252" />
<trkpt lat="47.09608" lon="19.00309" />
<trkpt lat="47.0959" lon="19.00353" />
<trkpt lat="47.0956" lon="19.00405" />
<trkpt lat="47.09558" lon="19.00415" />
<trkpt lat="47.09558" lon="19.00415" />
<trkpt lat="47.09565" lon="19.00424" />
<trkpt lat="47.09611" lon="19.00486" />
<trkpt lat="47.09639" lon="19.00539" />
<trkpt lat="47.09682" lon="19.00624" />
<trkpt lat="47.09709" lon="19.00678" />
<trkpt lat="47.09725" lon="19.00717" />
<trkpt lat="47.09742" lon="19.00767" />
<trkpt lat="47.09757" lon="19.00793" />
<trkpt lat="47.09789" lon="19.00838" />
<trkpt lat="47.09784" lon="19.00843" />
<trkpt lat="47.09791" lon="19.00859" />
<trkpt lat="47.09803" lon="19.00886" />
<trkpt lat="47.09799" lon="19.00897" />
<trkpt lat="47.09793" lon="19.00913" />
<trkpt lat="47.09796" lon="19.00916" />
<trkpt lat="47.09827" lon="19.00947" />
<trkpt lat="47.10011" lon="19.01156" />
<trkpt lat="47.10079" lon="19.01233" />
<trkpt lat="47.10115" lon="19.0127" />
<trkpt lat="47.1013" lon="19.01287" />
<trkpt lat="47.10155" lon="19.0131" />
<trkpt lat="47.10188" lon="19.01359" />
<trkpt lat="47.10225" lon="19.0141" />
<trkpt lat="47.10279" lon="19.01481" />
<trkpt lat="47.10312" lon="19.01524" />
<trkpt lat="47.10334" lon="19.01552" />
<trkpt lat="47.10408" lon="19.01655" />
<trkpt lat="47.10413" lon="19.01663" />
<trkpt lat="47.10442" lon="19.01678" />
<trkpt lat="47.10464" lon="19.01696" />
<trkpt lat="47.10476" lon="19.01709" />
<trkpt lat="47.10497" lon="19.01729" />
<trkpt lat="47.10556" lon="19.018" />
<trkpt lat="47.10589" lon="19.01836" />
<trkpt lat="47.10627" lon="19.01873" />
<trkpt lat="47.10682" lon="19.0194" />
<trkpt lat="47.10742" lon="19.02005" />
<trkpt lat="47.10788" lon="19.02057" />
<trkpt lat="47.10823" lon="19.02099" />
<trkpt lat="47.10857" lon="19.02138" />
<trkpt lat="47.10915" lon="19.02204" />
<trkpt lat="47.10944" lon="19.02237" />
<trkpt lat="47.10974" lon="19.02273" />
<trkpt lat="47.10994" lon="19.02296" />
<trkpt lat="47.11009" lon="19.02317" />
<trkpt lat="47.11056" lon="19.02365" />
<trkpt lat="47.11083" lon="19.02385" />
<trkpt lat="47.11158" lon="19.02463" />
<trkpt lat="47.112" lon="19.02514" />
<trkpt lat="47.11269" lon="19.02595" />
<trkpt lat="47.11299" lon="19.02639" />
<trkpt lat="47.11348" lon="19.02736" />
<trkpt lat="47.11382" lon="19.0281" />
<trkpt lat="47.11447" lon="19.02941" />
<trkpt lat="47.11503" lon="19.0305" />
<trkpt lat="47.11561" lon="19.03184" />
<trkpt lat="47.11583" lon="19.03225" />
<trkpt lat="47.116" lon="19.03245" />
<trkpt lat="47.11618" lon="19.03259" />
<trkpt lat="47.11642" lon="19.03268" />
<trkpt lat="47.11696" lon="19.03283" />
<trkpt lat="47.1176" lon="19.03304" />
<trkpt lat="47.11813" lon="19.03319" />
<trkpt lat="47.11854" lon="19.03334" />
<trkpt lat="47.11928" lon="19.03355" />
<trkpt lat="47.1196" lon="19.03365" />
<trkpt lat="47.12027" lon="19.03393" />
<trkpt lat="47.12091" lon="19.03416" />
<trkpt lat="47.12177" lon="19.03464" />
<trkpt lat="47.12229" lon="19.03499" />
<trkpt lat="47.12282" lon="19.0353" />
<trkpt lat="47.12324" lon="19.03553" />
<trkpt lat="47.12362" lon="19.03579" />
<trkpt lat="47.12382" lon="19.03595" />
<trkpt lat="47.1243" lon="19.0362" />
<trkpt lat="47.12556" lon="19.03692" />
<trkpt lat="47.12655" lon="19.0375" />
<trkpt lat="47.12697" lon="19.03773" />
<trkpt lat="47.12728" lon="19.0379" />
<trkpt lat="47.12748" lon="19.03802" />
<trkpt lat="47.12757" lon="19.03814" />
<trkpt lat="47.1277" lon="19.03828" />
<trkpt lat="47.12797" lon="19.03841" />
<trkpt lat="47.12844" lon="19.03862" />
<trkpt lat="47.12874" lon="19.03878" />
<trkpt lat="47.12942" lon="19.03919" />
<trkpt lat="47.12958" lon="19.03929" />
<trkpt lat="47.13001" lon="19.03947" />
<trkpt lat="47.13107" lon="19.04001" />
<trkpt lat="47.13176" lon="19.04035" />
<trkpt lat="47.13222" lon="19.0406" />
<trkpt lat="47.13304" lon="19.04103" />
<trkpt lat="47.1336" lon="19.04131" />
<trkpt lat="47.13379" lon="19.04147" />
<trkpt lat="47.13403" lon="19.04177" />
<trkpt lat="47.13433" lon="19.04205" />
<trkpt lat="47.13503" lon="19.04278" />
<trkpt lat="47.13531" lon="19.04299" />
<trkpt lat="47.13599" lon="19.04346" />
<trkpt lat="47.13651" lon="19.04381" />
<trkpt lat="47.13698" lon="19.04415" />
<trkpt lat="47.13756" lon="19.04455" />
<trkpt lat="47.13774" lon="19.04468" />
<trkpt lat="47.13789" lon="19.04491" />
<trkpt lat="47.13792" lon="19.04501" />
<trkpt lat="47.13794" lon="19.04519" />
<trkpt lat="47.1385" lon="19.04684" />
<trkpt lat="47.13893" lon="19.04807" />
<trkpt lat="47.13957" lon="19.04998" />
<trkpt lat="47.14006" lon="19.05146" />
<trkpt lat="47.14074" lon="19.05344" />
<trkpt lat="47.14085" lon="19.05368" />
<trkpt lat="47.14097" lon="19.0538" />
<trkpt lat="47.14114" lon="19.05389" />
<trkpt lat="47.14126" lon="19.05391" />
<trkpt lat="47.14133" lon="19.05391" />
<trkpt lat="47.14136" lon="19.05392" />
<trkpt lat="47.14154" lon="19.05394" />
<trkpt lat="47.1416" lon="19.05395" />
<trkpt lat="47.14219" lon="19.05401" />
<trkpt lat="47.14237" lon="19.05403" />
<trkpt lat="47.14243" lon="19.05403" />
<trkpt lat="47.14249" lon="19.05404" />
<trkpt lat="47.14256" lon="19.05405" />
<trkpt lat="47.14359" lon="19.05418" />
<trkpt lat="47.14372" lon="19.05419" />
<trkpt lat="47.14377" lon="19.0542" />
<trkpt lat="47.14381" lon="19.0542" />
<trkpt lat="47.14449" lon="19.0543" />
<trkpt lat="47.14451" lon="19.0543" />
<trkpt lat="47.14508" lon="19.05438" />
<trkpt lat="47.14546" lon="19.05444" />
<trkpt lat="47.14576" lon="19.05448" />
<trkpt lat="47.14602" lon="19.0545" />
<trkpt lat="47.14606" lon="19.05451" />
<trkpt lat="47.14656" lon="19.05458" />
<trkpt lat="47.14671" lon="19.05463" />
<trkpt lat="47.14681" lon="19.05471" />
<trkpt lat="47.14701" lon="19.05508" />
<trkpt lat="47.14714" lon="19.05544" />
<trkpt lat="47.14758" lon="19.05675" />
<trkpt lat="47.14782" lon="19.0575" />
<trkpt lat="47.14795" lon="19.05787" />
<trkpt lat="47.14804" lon="19.05814" />
<trkpt lat="47.14817" lon="19.05858" />
<trkpt lat="47.14823" lon="19.05876" />
<trkpt lat="47.1483" lon="19.05881" />
<trkpt lat="47.14833" lon="19.05881" />
<trkpt lat="47.14855" lon="19.05869" />
<trkpt lat="47.14881" lon="19.05939" />
<trkpt lat="47.14895" lon="19.05977" />
<trkpt lat="47.1491" lon="19.06022" />
<trkpt lat="47.1492" lon="19.06048" />
<trkpt lat="47.14946" lon="19.0612" />
<trkpt lat="47.14965" lon="19.06182" />
<trkpt lat="47.14986" lon="19.06242" />
<trkpt lat="47.1504" lon="19.06398" />
<trkpt lat="47.15065" lon="19.06476" />
<trkpt lat="47.15107" lon="19.06602" />
<trkpt lat="47.15136" lon="19.06687" />
<trkpt lat="47.15185" lon="19.06831" />
<trkpt lat="47.15203" lon="19.06884" />
<trkpt lat="47.15226" lon="19.06952" />
<trkpt lat="47.15253" lon="19.07035" />
<trkpt lat="47.15267" lon="19.07079" />
<trkpt lat="47.15278" lon="19.07109" />
<trkpt lat="47.15281" lon="19.07117" />
<trkpt lat="47.15271" lon="19.07124" />
<trkpt lat="47.15044" lon="19.07283" />
<trkpt lat="47.14935" lon="19.07369" />
<trkpt lat="47.1484" lon="19.07444" />
<trkpt lat="47.14725" lon="19.07531" />
<trkpt lat="47.14622" lon="19.07606" />
<trkpt lat="47.1453" lon="19.07669" />
<trkpt lat="47.14507" lon="19.07685" />
<trkpt lat="47.1453" lon="19.07757" />
<trkpt lat="47.14539" lon="19.0779" />
<trkpt lat="47.14555" lon="19.0783" />
<trkpt lat="47.14572" lon="19.0788" />
<trkpt lat="47.14586" lon="19.07923" />
<trkpt lat="47.14605" lon="19.07978" />
<trkpt lat="47.1462" lon="19.08017" />
<trkpt lat="47.14635" lon="19.08066" />
<trkpt lat="47.14644" lon="19.08091" />
<trkpt lat="47.14664" lon="19.08157" />
<trkpt lat="47.14673" lon="19.08191" />
<trkpt lat="47.1468" lon="19.08215" />
<trkpt lat="47.14685" lon="19.0823" />
<trkpt lat="47.1469" lon="19.08243" />
<trkpt lat="47.14704" lon="19.08269" />
<trkpt lat="47.14712" lon="19.08307" />
<trkpt lat="47.14721" lon="19.08331" />
<trkpt lat="47.14731" lon="19.08357" />
<trkpt lat="47.14735" lon="19.08371" />
<trkpt lat="47.14739" lon="19.08383" />
<trkpt lat="47.14744" lon="19.08394" />
<trkpt lat="47.14752" lon="19.08419" />
<trkpt lat="47.14767" lon="19.08461" />
<trkpt lat="47.14772" lon="19.08477" />
<trkpt lat="47.14779" lon="19.08501" />
<trkpt lat="47.14809" lon="19.08591" />
<trkpt lat="47.14824" lon="19.08636" />
<trkpt lat="47.14828" lon="19.08646" />
<trkpt lat="47.1459" lon="19.08803" />
<trkpt lat="47.14357" lon="19.08931" />
<trkpt lat="47.1434" lon="19.08943" />
<trkpt lat="47.14324" lon="19.08972" />
<trkpt lat="47.1432" lon="19.08974" />
<trkpt lat="47.1427" lon="19.0899" />
<trkpt lat="47.14248" lon="19.09" />
<trkpt lat="47.14203" lon="19.09015" />
<trkpt lat="47.14162" lon="19.0904" />
<trkpt lat="47.14133" lon="19.09068" />
<trkpt lat="47.14091" lon="19.09092" />
<trkpt lat="47.14007" lon="19.09137" />
<trkpt lat="47.1399" lon="19.09145" />
<trkpt lat="47.13984" lon="19.09147" />
<trkpt lat="47.13983" lon="19.09147" />
<trkpt lat="47.1398" lon="19.09147" />
<trkpt lat="47.13973" lon="19.09143" />
<trkpt lat="47.13966" lon="19.09132" />
<trkpt lat="47.13956" lon="19.09102" />
<trkpt lat="47.13948" lon="19.09092" />
<trkpt lat="47.1394" lon="19.0909" />
<trkpt lat="47.13936" lon="19.09089" />
<trkpt lat="47.13933" lon="19.09089" />
<trkpt lat="47.13931" lon="19.09089" />
<trkpt lat="47.13927" lon="19.09089" />
<trkpt lat="47.13925" lon="19.09089" />
<trkpt lat="47.13906" lon="19.09093" />
<trkpt lat="47.139" lon="19.09094" />
<trkpt lat="47.13896" lon="19.09094" />
<trkpt lat="47.13891" lon="19.09095" />
<trkpt lat="47.13885" lon="19.09095" />
<trkpt lat="47.13879" lon="19.09096" />
<trkpt lat="47.13874" lon="19.09096" />
<trkpt lat="47.13871" lon="19.09096" />
<trkpt lat="47.13866" lon="19.09097" />
<trkpt lat="47.13856" lon="19.09098" />
<trkpt lat="47.13853" lon="19.09097" />
<trkpt lat="47.13848" lon="19.09098" />
<trkpt lat="47.13841" lon="19.09098" />
<trkpt lat="47.13835" lon="19.09098" />
<trkpt lat="47.1383" lon="19.09099" />
<trkpt lat="47.13826" lon="19.09099" />
<trkpt lat="47.13823" lon="19.09099" />
<trkpt lat="47.13818" lon="19.09098" />
<trkpt lat="47.13815" lon="19.09098" />
<trkpt lat="47.13812" lon="19.09098" />
<trkpt lat="47.13809" lon="19.09099" />
<trkpt lat="47.13805" lon="19.09099" />
<trkpt lat="47.13759" lon="19.09105" />
<trkpt lat="47.13754" lon="19.09105" />
<trkpt lat="47.13752" lon="19.09105" />
<trkpt lat="47.13748" lon="19.09105" />
<trkpt lat="47.13719" lon="19.09113" />
<trkpt lat="47.13654" lon="19.09137" />
<trkpt lat="47.1361" lon="19.09153" />
<trkpt lat="47.13554" lon="19.09175" />
<trkpt lat="47.13493" lon="19.09199" />
<trkpt lat="47.1346" lon="19.09221" />
<trkpt lat="47.13431" lon="19.09246" />
<trkpt lat="47.13401" lon="19.09263" />
<trkpt lat="47.13352" lon="19.09285" />
<trkpt lat="47.13313" lon="19.09301" />
<trkpt lat="47.13291" lon="19.0932" />
<trkpt lat="47.13283" lon="19.09323" />
<trkpt lat="47.1328" lon="19.09323" />
<trkpt lat="47.13276" lon="19.09323" />
<trkpt lat="47.13274" lon="19.09323" />
<trkpt lat="47.13227" lon="19.09311" />
<trkpt lat="47.13222" lon="19.09311" />
<trkpt lat="47.13218" lon="19.09311" />
<trkpt lat="47.1321" lon="19.0931" />
<trkpt lat="47.13205" lon="19.0931" />
<trkpt lat="47.13202" lon="19.0931" />
<trkpt lat="47.132" lon="19.0931" />
<trkpt lat="47.13199" lon="19.0931" />
<trkpt lat="47.13198" lon="19.0931" />
<trkpt lat="47.13197" lon="19.0931" />
<trkpt lat="47.13196" lon="19.0931" />
<trkpt lat="47.13195" lon="19.0931" />
<trkpt lat="47.13194" lon="19.0931" />
<trkpt lat="47.13193" lon="19.0931" />
<trkpt lat="47.13192" lon="19.0931" />
<trkpt lat="47.13189" lon="19.0931" />
<trkpt lat="47.13188" lon="19.0931" />
<trkpt lat="47.13185" lon="19.0931" />
<trkpt lat="47.13184" lon="19.0931" />
<trkpt lat="47.1318" lon="19.0931" />
<trkpt lat="47.13178" lon="19.0931" />
<trkpt lat="47.13176" lon="19.0931" />
<trkpt lat="47.13168" lon="19.09309" />
<trkpt lat="47.13166" lon="19.09309" />
<trkpt lat="47.1315" lon="19.0931" />
<trkpt lat="47.13148" lon="19.0931" />
<trkpt lat="47.13147" lon="19.0931" />
<trkpt lat="47.13145" lon="19.0931" />
<trkpt lat="47.13142" lon="19.0931" />
<trkpt lat="47.13138" lon="19.0931" />
<trkpt lat="47.13137" lon="19.0931" />
<trkpt lat="47.13135" lon="19.0931" />
<trkpt lat="47.13133" lon="19.0931" />
<trkpt lat="47.1313" lon="19.0931" />
<trkpt lat="47.13127" lon="19.0931" />
<trkpt lat="47.13125" lon="19.0931" />
<trkpt lat="47.13122" lon="19.0931" />
<trkpt lat="47.1312" lon="19.09311" />
<trkpt lat="47.13118" lon="19.09311" />
<trkpt lat="47.13114" lon="19.09311" />
<trkpt lat="47.13112" lon="19.09311" />
<trkpt lat="47.13108" lon="19.09312" />
<trkpt lat="47.13105" lon="19.09312" />
<trkpt lat="47.131" lon="19.09312" />
<trkpt lat="47.13096" lon="19.09312" />
<trkpt lat="47.1308" lon="19.09314" />
<trkpt lat="47.13078" lon="19.09314" />
<trkpt lat="47.13052" lon="19.09317" />
<trkpt lat="47.13041" lon="19.0932" />
<trkpt lat="47.13038" lon="19.0932" />
<trkpt lat="47.13034" lon="19.0932" />
<trkpt lat="47.13031" lon="19.0932" />
<trkpt lat="47.13027" lon="19.0932" />
<trkpt lat="47.1302" lon="19.09321" />
<trkpt lat="47.13016" lon="19.09321" />
<trkpt lat="47.13007" lon="19.09322" />
<trkpt lat="47.13003" lon="19.09322" />
<trkpt lat="47.12989" lon="19.09324" />
<trkpt lat="47.12987" lon="19.09324" />
<trkpt lat="47.12954" lon="19.09333" />
<trkpt lat="47.12909" lon="19.09343" />
<trkpt lat="47.12905" lon="19.09344" />
<trkpt lat="47.12893" lon="19.09345" />
<trkpt lat="47.12889" lon="19.09345" />
<trkpt lat="47.12886" lon="19.09345" />
<trkpt lat="47.12883" lon="19.09345" />
<trkpt lat="47.1288" lon="19.09346" />
<trkpt lat="47.12876" lon="19.09346" />
<trkpt lat="47.12873" lon="19.09346" />
<trkpt lat="47.1287" lon="19.09346" />
<trkpt lat="47.12866" lon="19.09346" />
<trkpt lat="47.12857" lon="19.09344" />
<trkpt lat="47.12853" lon="19.09344" />
<trkpt lat="47.12849" lon="19.09344" />
<trkpt lat="47.12844" lon="19.09344" />
<trkpt lat="47.1284" lon="19.09344" />
<trkpt lat="47.12834" lon="19.09344" />
<trkpt lat="47.12783" lon="19.09353" />
<trkpt lat="47.1278" lon="19.09353" />
<trkpt lat="47.12777" lon="19.09353" />
<trkpt lat="47.12706" lon="19.09366" />
<trkpt lat="47.12694" lon="19.09367" />
<trkpt lat="47.12692" lon="19.09367" />
<trkpt lat="47.12689" lon="19.09368" />
<trkpt lat="47.12613" lon="19.0938" />
<trkpt lat="47.12573" lon="19.09385" />
<trkpt lat="47.12566" lon="19.09387" />
<trkpt lat="47.12564" lon="19.09387" />
<trkpt lat="47.12511" lon="19.09396" />
<trkpt lat="47.12507" lon="19.09396" />
<trkpt lat="47.12504" lon="19.09396" />
<trkpt lat="47.12495" lon="19.09397" />
<trkpt lat="47.12491" lon="19.09398" />
<trkpt lat="47.12485" lon="19.09399" />
<trkpt lat="47.12481" lon="19.09399" />
<trkpt lat="47.12448" lon="19.09406" />
<trkpt lat="47.12417" lon="19.09426" />
<trkpt lat="47.12389" lon="19.09447" />
<trkpt lat="47.12368" lon="19.09476" />
<trkpt lat="47.12353" lon="19.09505" />
<trkpt lat="47.12348" lon="19.09506" />
<trkpt lat="47.12305" lon="19.09514" />
<trkpt lat="47.12278" lon="19.09519" />
<trkpt lat="47.12271" lon="19.09519" />
<trkpt lat="47.12194" lon="19.0953" />
<trkpt lat="47.12141" lon="19.09537" />
<trkpt lat="47.12135" lon="19.09538" />
<trkpt lat="47.12086" lon="19.09545" />
<trkpt lat="47.12048" lon="19.09548" />
<trkpt lat="47.12038" lon="19.0955" />
<trkpt lat="47.1203" lon="19.0955" />
<trkpt lat="47.12025" lon="19.09551" />
<trkpt lat="47.1202" lon="19.09551" />
<trkpt lat="47.12011" lon="19.09552" />
<trkpt lat="47.12003" lon="19.09553" />
<trkpt lat="47.11997" lon="19.09554" />
<trkpt lat="47.11889" lon="19.09569" />
<trkpt lat="47.11878" lon="19.0957" />
<trkpt lat="47.11855" lon="19.09572" />
<trkpt lat="47.11849" lon="19.09573" />
<trkpt lat="47.11836" lon="19.09575" />
<trkpt lat="47.11821" lon="19.09576" />
<trkpt lat="47.11756" lon="19.09585" />
<trkpt lat="47.11738" lon="19.09588" />
<trkpt lat="47.11735" lon="19.09589" />
<trkpt lat="47.11729" lon="19.09589" />
<trkpt lat="47.11725" lon="19.09589" />
<trkpt lat="47.11721" lon="19.09589" />
<trkpt lat="47.11683" lon="19.09595" />
<trkpt lat="47.11651" lon="19.09598" />
<trkpt lat="47.11646" lon="19.09598" />
<trkpt lat="47.11608" lon="19.09603" />
<trkpt lat="47.1158" lon="19.09608" />
<trkpt lat="47.11551" lon="19.09611" />
<trkpt lat="47.11548" lon="19.09586" />
<trkpt lat="47.11537" lon="19.09491" />
<trkpt lat="47.11526" lon="19.09494" />
<trkpt lat="47.11437" lon="19.09517" />
<trkpt lat="47.11428" lon="19.09519" />
<trkpt lat="47.11427" lon="19.09508" />
<trkpt lat="47.11392" lon="19.09211" />
<trkpt lat="47.11338" lon="19.08775" />
<trkpt lat="47.11255" lon="19.08145" />
<trkpt lat="47.11232" lon="19.07966" />
<trkpt lat="47.11218" lon="19.07862" />
<trkpt lat="47.11213" lon="19.07864" />
<trkpt lat="47.1116" lon="19.07882" />
<trkpt lat="47.11078" lon="19.07909" />
<trkpt lat="47.11036" lon="19.07931" />
</trkseg>
</trk>
</gpx>
