<?xml version="1.0" encoding="utf-8"?>
<gpx xmlns="http://www.topografix.com/GPX/1/1" version="1.1" creator="https://mapy.com/">
	<trk>
		<name>Route from Nagykovácsi, községháza to Hűvösvölgy P+R</name>
		<trkseg>
			<trkpt lat="47.576085" lon="18.884043">
				<ele>337.000000</ele>
			</trkpt>
			<trkpt lat="47.576079" lon="18.884141">
				<ele>337.000000</ele>
			</trkpt>
			<trkpt lat="47.576055" lon="18.884536">
				<ele>337.000000</ele>
			</trkpt>
			<trkpt lat="47.576655" lon="18.884573">
				<ele>340.000000</ele>
			</trkpt>
			<trkpt lat="47.577121" lon="18.884600">
				<ele>341.000000</ele>
			</trkpt>
			<trkpt lat="47.577133" lon="18.884294">
				<ele>341.000000</ele>
			</trkpt>
			<trkpt lat="47.577152" lon="18.883800">
				<ele>342.000000</ele>
			</trkpt>
			<trkpt lat="47.577158" lon="18.883773">
				<ele>342.000000</ele>
			</trkpt>
			<trkpt lat="47.577164" lon="18.883755">
				<ele>342.000000</ele>
			</trkpt>
			<trkpt lat="47.577170" lon="18.883747">
				<ele>342.000000</ele>
			</trkpt>
			<trkpt lat="47.577176" lon="18.883728">
				<ele>342.000000</ele>
			</trkpt>
			<trkpt lat="47.577188" lon="18.883720">
				<ele>342.000000</ele>
			</trkpt>
			<trkpt lat="47.577194" lon="18.883710">
				<ele>342.000000</ele>
			</trkpt>
			<trkpt lat="47.577200" lon="18.883710">
				<ele>342.000000</ele>
			</trkpt>
			<trkpt lat="47.577212" lon="18.883701">
				<ele>342.000000</ele>
			</trkpt>
			<trkpt lat="47.577236" lon="18.883692">
				<ele>342.000000</ele>
			</trkpt>
			<trkpt lat="47.577254" lon="18.883692">
				<ele>342.000000</ele>
			</trkpt>
			<trkpt lat="47.577273" lon="18.883692">
				<ele>342.000000</ele>
			</trkpt>
			<trkpt lat="47.577291" lon="18.883692">
				<ele>342.000000</ele>
			</trkpt>
			<trkpt lat="47.577333" lon="18.883692">
				<ele>342.000000</ele>
			</trkpt>
			<trkpt lat="47.577679" lon="18.883710">
				<ele>343.000000</ele>
			</trkpt>
			<trkpt lat="47.577872" lon="18.883728">
				<ele>343.000000</ele>
			</trkpt>
			<trkpt lat="47.578127" lon="18.883755">
				<ele>343.000000</ele>
			</trkpt>
			<trkpt lat="47.578357" lon="18.883773">
				<ele>344.000000</ele>
			</trkpt>
			<trkpt lat="47.578515" lon="18.883781">
				<ele>344.000000</ele>
			</trkpt>
			<trkpt lat="47.578545" lon="18.883781">
				<ele>344.000000</ele>
			</trkpt>
			<trkpt lat="47.578672" lon="18.883791">
				<ele>344.000000</ele>
			</trkpt>
			<trkpt lat="47.578836" lon="18.883800">
				<ele>345.000000</ele>
			</trkpt>
			<trkpt lat="47.578903" lon="18.883800">
				<ele>345.000000</ele>
			</trkpt>
			<trkpt lat="47.578988" lon="18.883810">
				<ele>345.000000</ele>
			</trkpt>
			<trkpt lat="47.578994" lon="18.883827">
				<ele>345.000000</ele>
			</trkpt>
			<trkpt lat="47.579006" lon="18.883854">
				<ele>345.000000</ele>
			</trkpt>
			<trkpt lat="47.579018" lon="18.883863">
				<ele>345.000000</ele>
			</trkpt>
			<trkpt lat="47.579030" lon="18.883871">
				<ele>345.000000</ele>
			</trkpt>
			<trkpt lat="47.579048" lon="18.883871">
				<ele>345.000000</ele>
			</trkpt>
			<trkpt lat="47.579067" lon="18.883871">
				<ele>345.000000</ele>
			</trkpt>
			<trkpt lat="47.579085" lon="18.883899">
				<ele>345.000000</ele>
			</trkpt>
			<trkpt lat="47.579097" lon="18.883917">
				<ele>345.000000</ele>
			</trkpt>
			<trkpt lat="47.579115" lon="18.883934">
				<ele>345.000000</ele>
			</trkpt>
			<trkpt lat="47.579175" lon="18.883971">
				<ele>345.000000</ele>
			</trkpt>
			<trkpt lat="47.579406" lon="18.884097">
				<ele>346.000000</ele>
			</trkpt>
			<trkpt lat="47.579800" lon="18.884321">
				<ele>346.000000</ele>
			</trkpt>
			<trkpt lat="47.579945" lon="18.884410">
				<ele>347.000000</ele>
			</trkpt>
			<trkpt lat="47.580054" lon="18.884492">
				<ele>347.000000</ele>
			</trkpt>
			<trkpt lat="47.580157" lon="18.884573">
				<ele>347.000000</ele>
			</trkpt>
			<trkpt lat="47.580394" lon="18.884752">
				<ele>347.000000</ele>
			</trkpt>
			<trkpt lat="47.580636" lon="18.884941">
				<ele>348.000000</ele>
			</trkpt>
			<trkpt lat="47.580763" lon="18.885022">
				<ele>348.000000</ele>
			</trkpt>
			<trkpt lat="47.580885" lon="18.885102">
				<ele>348.000000</ele>
			</trkpt>
			<trkpt lat="47.580999" lon="18.885156">
				<ele>349.000000</ele>
			</trkpt>
			<trkpt lat="47.581218" lon="18.885238">
				<ele>349.000000</ele>
			</trkpt>
			<trkpt lat="47.581472" lon="18.885328">
				<ele>349.000000</ele>
			</trkpt>
			<trkpt lat="47.581642" lon="18.885372">
				<ele>350.000000</ele>
			</trkpt>
			<trkpt lat="47.581902" lon="18.885418">
				<ele>350.000000</ele>
			</trkpt>
			<trkpt lat="47.582533" lon="18.885525">
				<ele>356.000000</ele>
			</trkpt>
			<trkpt lat="47.582563" lon="18.885534">
				<ele>356.000000</ele>
			</trkpt>
			<trkpt lat="47.582587" lon="18.885542">
				<ele>356.000000</ele>
			</trkpt>
			<trkpt lat="47.582611" lon="18.885552">
				<ele>357.000000</ele>
			</trkpt>
			<trkpt lat="47.582629" lon="18.885569">
				<ele>357.000000</ele>
			</trkpt>
			<trkpt lat="47.582641" lon="18.885588">
				<ele>357.000000</ele>
			</trkpt>
			<trkpt lat="47.582653" lon="18.885597">
				<ele>357.000000</ele>
			</trkpt>
			<trkpt lat="47.582733" lon="18.885758">
				<ele>358.000000</ele>
			</trkpt>
			<trkpt lat="47.582751" lon="18.885794">
				<ele>359.000000</ele>
			</trkpt>
			<trkpt lat="47.582763" lon="18.885831">
				<ele>359.000000</ele>
			</trkpt>
			<trkpt lat="47.582781" lon="18.885894">
				<ele>359.000000</ele>
			</trkpt>
			<trkpt lat="47.582799" lon="18.885955">
				<ele>360.000000</ele>
			</trkpt>
			<trkpt lat="47.582811" lon="18.886018">
				<ele>360.000000</ele>
			</trkpt>
			<trkpt lat="47.582847" lon="18.886342">
				<ele>362.000000</ele>
			</trkpt>
			<trkpt lat="47.582890" lon="18.886558">
				<ele>364.000000</ele>
			</trkpt>
			<trkpt lat="47.582932" lon="18.886756">
				<ele>365.000000</ele>
			</trkpt>
			<trkpt lat="47.582963" lon="18.886890">
				<ele>366.000000</ele>
			</trkpt>
			<trkpt lat="47.582993" lon="18.886971">
				<ele>367.000000</ele>
			</trkpt>
			<trkpt lat="47.583017" lon="18.887034">
				<ele>367.000000</ele>
			</trkpt>
			<trkpt lat="47.583048" lon="18.887123">
				<ele>368.000000</ele>
			</trkpt>
			<trkpt lat="47.583114" lon="18.887267">
				<ele>369.000000</ele>
			</trkpt>
			<trkpt lat="47.583211" lon="18.887473">
				<ele>371.000000</ele>
			</trkpt>
			<trkpt lat="47.583453" lon="18.888022">
				<ele>374.000000</ele>
			</trkpt>
			<trkpt lat="47.583671" lon="18.888462">
				<ele>376.000000</ele>
			</trkpt>
			<trkpt lat="47.583726" lon="18.888571">
				<ele>377.000000</ele>
			</trkpt>
			<trkpt lat="47.583884" lon="18.888884">
				<ele>379.000000</ele>
			</trkpt>
			<trkpt lat="47.584162" lon="18.889379">
				<ele>382.000000</ele>
			</trkpt>
			<trkpt lat="47.584241" lon="18.889477">
				<ele>382.000000</ele>
			</trkpt>
			<trkpt lat="47.584399" lon="18.889666">
				<ele>383.000000</ele>
			</trkpt>
			<trkpt lat="47.584459" lon="18.889737">
				<ele>384.000000</ele>
			</trkpt>
			<trkpt lat="47.584495" lon="18.889765">
				<ele>384.000000</ele>
			</trkpt>
			<trkpt lat="47.584532" lon="18.889800">
				<ele>384.000000</ele>
			</trkpt>
			<trkpt lat="47.584569" lon="18.889827">
				<ele>385.000000</ele>
			</trkpt>
			<trkpt lat="47.584623" lon="18.889863">
				<ele>385.000000</ele>
			</trkpt>
			<trkpt lat="47.584902" lon="18.890034">
				<ele>387.000000</ele>
			</trkpt>
			<trkpt lat="47.584980" lon="18.890079">
				<ele>387.000000</ele>
			</trkpt>
			<trkpt lat="47.585029" lon="18.890115">
				<ele>388.000000</ele>
			</trkpt>
			<trkpt lat="47.585071" lon="18.890160">
				<ele>388.000000</ele>
			</trkpt>
			<trkpt lat="47.585108" lon="18.890205">
				<ele>388.000000</ele>
			</trkpt>
			<trkpt lat="47.585192" lon="18.890349">
				<ele>389.000000</ele>
			</trkpt>
			<trkpt lat="47.585259" lon="18.890475">
				<ele>390.000000</ele>
			</trkpt>
			<trkpt lat="47.585393" lon="18.890762">
				<ele>391.000000</ele>
			</trkpt>
			<trkpt lat="47.585441" lon="18.890888">
				<ele>391.000000</ele>
			</trkpt>
			<trkpt lat="47.585556" lon="18.891221">
				<ele>393.000000</ele>
			</trkpt>
			<trkpt lat="47.585568" lon="18.891247">
				<ele>393.000000</ele>
			</trkpt>
			<trkpt lat="47.585580" lon="18.891274">
				<ele>393.000000</ele>
			</trkpt>
			<trkpt lat="47.585617" lon="18.891318">
				<ele>393.000000</ele>
			</trkpt>
			<trkpt lat="47.585647" lon="18.891355">
				<ele>394.000000</ele>
			</trkpt>
			<trkpt lat="47.585677" lon="18.891373">
				<ele>394.000000</ele>
			</trkpt>
			<trkpt lat="47.586295" lon="18.891813">
				<ele>397.000000</ele>
			</trkpt>
			<trkpt lat="47.586313" lon="18.891831">
				<ele>398.000000</ele>
			</trkpt>
			<trkpt lat="47.586968" lon="18.892316">
				<ele>402.000000</ele>
			</trkpt>
			<trkpt lat="47.587016" lon="18.892343">
				<ele>402.000000</ele>
			</trkpt>
			<trkpt lat="47.587241" lon="18.892450">
				<ele>403.000000</ele>
			</trkpt>
			<trkpt lat="47.587277" lon="18.892477">
				<ele>403.000000</ele>
			</trkpt>
			<trkpt lat="47.587307" lon="18.892505">
				<ele>404.000000</ele>
			</trkpt>
			<trkpt lat="47.587307" lon="18.892505">
				<ele>404.000000</ele>
			</trkpt>
			<trkpt lat="47.587331" lon="18.892523">
				<ele>404.000000</ele>
			</trkpt>
			<trkpt lat="47.587386" lon="18.892567">
				<ele>404.000000</ele>
			</trkpt>
			<trkpt lat="47.587428" lon="18.892622">
				<ele>404.000000</ele>
			</trkpt>
			<trkpt lat="47.587447" lon="18.892649">
				<ele>405.000000</ele>
			</trkpt>
			<trkpt lat="47.587483" lon="18.892702">
				<ele>405.000000</ele>
			</trkpt>
			<trkpt lat="47.587495" lon="18.892729">
				<ele>405.000000</ele>
			</trkpt>
			<trkpt lat="47.587507" lon="18.892756">
				<ele>405.000000</ele>
			</trkpt>
			<trkpt lat="47.587640" lon="18.893089">
				<ele>406.000000</ele>
			</trkpt>
			<trkpt lat="47.587689" lon="18.893205">
				<ele>407.000000</ele>
			</trkpt>
			<trkpt lat="47.587719" lon="18.893295">
				<ele>407.000000</ele>
			</trkpt>
			<trkpt lat="47.587743" lon="18.893385">
				<ele>408.000000</ele>
			</trkpt>
			<trkpt lat="47.587828" lon="18.893798">
				<ele>409.000000</ele>
			</trkpt>
			<trkpt lat="47.587840" lon="18.893834">
				<ele>409.000000</ele>
			</trkpt>
			<trkpt lat="47.587882" lon="18.893942">
				<ele>410.000000</ele>
			</trkpt>
			<trkpt lat="47.587943" lon="18.894068">
				<ele>411.000000</ele>
			</trkpt>
			<trkpt lat="47.588034" lon="18.894230">
				<ele>412.000000</ele>
			</trkpt>
			<trkpt lat="47.588058" lon="18.894274">
				<ele>412.000000</ele>
			</trkpt>
			<trkpt lat="47.588095" lon="18.894328">
				<ele>413.000000</ele>
			</trkpt>
			<trkpt lat="47.588173" lon="18.894427">
				<ele>414.000000</ele>
			</trkpt>
			<trkpt lat="47.588301" lon="18.894561">
				<ele>415.000000</ele>
			</trkpt>
			<trkpt lat="47.588313" lon="18.894580">
				<ele>415.000000</ele>
			</trkpt>
			<trkpt lat="47.588337" lon="18.894597">
				<ele>415.000000</ele>
			</trkpt>
			<trkpt lat="47.588391" lon="18.894643">
				<ele>416.000000</ele>
			</trkpt>
			<trkpt lat="47.588440" lon="18.894670">
				<ele>416.000000</ele>
			</trkpt>
			<trkpt lat="47.588495" lon="18.894697">
				<ele>417.000000</ele>
			</trkpt>
			<trkpt lat="47.588525" lon="18.894714">
				<ele>417.000000</ele>
			</trkpt>
			<trkpt lat="47.588931" lon="18.894984">
				<ele>420.000000</ele>
			</trkpt>
			<trkpt lat="47.588949" lon="18.895002">
				<ele>420.000000</ele>
			</trkpt>
			<trkpt lat="47.588985" lon="18.895029">
				<ele>420.000000</ele>
			</trkpt>
			<trkpt lat="47.589167" lon="18.895209">
				<ele>420.000000</ele>
			</trkpt>
			<trkpt lat="47.589191" lon="18.895236">
				<ele>420.000000</ele>
			</trkpt>
			<trkpt lat="47.589203" lon="18.895253">
				<ele>420.000000</ele>
			</trkpt>
			<trkpt lat="47.589228" lon="18.895289">
				<ele>420.000000</ele>
			</trkpt>
			<trkpt lat="47.589246" lon="18.895334">
				<ele>420.000000</ele>
			</trkpt>
			<trkpt lat="47.589270" lon="18.895397">
				<ele>420.000000</ele>
			</trkpt>
			<trkpt lat="47.589282" lon="18.895442">
				<ele>420.000000</ele>
			</trkpt>
			<trkpt lat="47.589295" lon="18.895496">
				<ele>420.000000</ele>
			</trkpt>
			<trkpt lat="47.589313" lon="18.895603">
				<ele>420.000000</ele>
			</trkpt>
			<trkpt lat="47.589385" lon="18.895963">
				<ele>420.000000</ele>
			</trkpt>
			<trkpt lat="47.589397" lon="18.896018">
				<ele>420.000000</ele>
			</trkpt>
			<trkpt lat="47.589464" lon="18.896287">
				<ele>420.000000</ele>
			</trkpt>
			<trkpt lat="47.589494" lon="18.896404">
				<ele>419.000000</ele>
			</trkpt>
			<trkpt lat="47.589525" lon="18.896521">
				<ele>419.000000</ele>
			</trkpt>
			<trkpt lat="47.589537" lon="18.896574">
				<ele>419.000000</ele>
			</trkpt>
			<trkpt lat="47.589676" lon="18.896987">
				<ele>418.000000</ele>
			</trkpt>
			<trkpt lat="47.589712" lon="18.897113">
				<ele>418.000000</ele>
			</trkpt>
			<trkpt lat="47.589737" lon="18.897211">
				<ele>417.000000</ele>
			</trkpt>
			<trkpt lat="47.589767" lon="18.897320">
				<ele>417.000000</ele>
			</trkpt>
			<trkpt lat="47.589773" lon="18.897356">
				<ele>417.000000</ele>
			</trkpt>
			<trkpt lat="47.589773" lon="18.897391">
				<ele>417.000000</ele>
			</trkpt>
			<trkpt lat="47.589773" lon="18.897563">
				<ele>417.000000</ele>
			</trkpt>
			<trkpt lat="47.589779" lon="18.897823">
				<ele>416.000000</ele>
			</trkpt>
			<trkpt lat="47.589797" lon="18.898129">
				<ele>415.000000</ele>
			</trkpt>
			<trkpt lat="47.589791" lon="18.898155">
				<ele>415.000000</ele>
			</trkpt>
			<trkpt lat="47.589840" lon="18.898218">
				<ele>415.000000</ele>
			</trkpt>
			<trkpt lat="47.589852" lon="18.898236">
				<ele>415.000000</ele>
			</trkpt>
			<trkpt lat="47.589864" lon="18.898263">
				<ele>415.000000</ele>
			</trkpt>
			<trkpt lat="47.589882" lon="18.898308">
				<ele>415.000000</ele>
			</trkpt>
			<trkpt lat="47.590052" lon="18.898739">
				<ele>414.000000</ele>
			</trkpt>
			<trkpt lat="47.590082" lon="18.898829">
				<ele>414.000000</ele>
			</trkpt>
			<trkpt lat="47.590094" lon="18.898892">
				<ele>413.000000</ele>
			</trkpt>
			<trkpt lat="47.590106" lon="18.898928">
				<ele>413.000000</ele>
			</trkpt>
			<trkpt lat="47.590112" lon="18.898982">
				<ele>413.000000</ele>
			</trkpt>
			<trkpt lat="47.590112" lon="18.899045">
				<ele>413.000000</ele>
			</trkpt>
			<trkpt lat="47.590118" lon="18.899287">
				<ele>413.000000</ele>
			</trkpt>
			<trkpt lat="47.590112" lon="18.899440">
				<ele>412.000000</ele>
			</trkpt>
			<trkpt lat="47.590106" lon="18.899521">
				<ele>412.000000</ele>
			</trkpt>
			<trkpt lat="47.590094" lon="18.899628">
				<ele>412.000000</ele>
			</trkpt>
			<trkpt lat="47.590094" lon="18.899655">
				<ele>412.000000</ele>
			</trkpt>
			<trkpt lat="47.590100" lon="18.899682">
				<ele>412.000000</ele>
			</trkpt>
			<trkpt lat="47.590112" lon="18.899754">
				<ele>412.000000</ele>
			</trkpt>
			<trkpt lat="47.590130" lon="18.899853">
				<ele>411.000000</ele>
			</trkpt>
			<trkpt lat="47.590155" lon="18.899943">
				<ele>411.000000</ele>
			</trkpt>
			<trkpt lat="47.590179" lon="18.900060">
				<ele>411.000000</ele>
			</trkpt>
			<trkpt lat="47.590191" lon="18.900113">
				<ele>411.000000</ele>
			</trkpt>
			<trkpt lat="47.590191" lon="18.900140">
				<ele>411.000000</ele>
			</trkpt>
			<trkpt lat="47.590191" lon="18.900158">
				<ele>411.000000</ele>
			</trkpt>
			<trkpt lat="47.590185" lon="18.900176">
				<ele>411.000000</ele>
			</trkpt>
			<trkpt lat="47.590185" lon="18.900186">
				<ele>411.000000</ele>
			</trkpt>
			<trkpt lat="47.590161" lon="18.900248">
				<ele>410.000000</ele>
			</trkpt>
			<trkpt lat="47.590124" lon="18.900337">
				<ele>410.000000</ele>
			</trkpt>
			<trkpt lat="47.590118" lon="18.900356">
				<ele>410.000000</ele>
			</trkpt>
			<trkpt lat="47.590112" lon="18.900366">
				<ele>410.000000</ele>
			</trkpt>
			<trkpt lat="47.590106" lon="18.900374">
				<ele>410.000000</ele>
			</trkpt>
			<trkpt lat="47.590100" lon="18.900374">
				<ele>410.000000</ele>
			</trkpt>
			<trkpt lat="47.590082" lon="18.900392">
				<ele>410.000000</ele>
			</trkpt>
			<trkpt lat="47.589906" lon="18.900446">
				<ele>410.000000</ele>
			</trkpt>
			<trkpt lat="47.589846" lon="18.900463">
				<ele>410.000000</ele>
			</trkpt>
			<trkpt lat="47.589730" lon="18.900482">
				<ele>410.000000</ele>
			</trkpt>
			<trkpt lat="47.589633" lon="18.900500">
				<ele>410.000000</ele>
			</trkpt>
			<trkpt lat="47.589597" lon="18.900500">
				<ele>410.000000</ele>
			</trkpt>
			<trkpt lat="47.589567" lon="18.900509">
				<ele>410.000000</ele>
			</trkpt>
			<trkpt lat="47.589549" lon="18.900536">
				<ele>410.000000</ele>
			</trkpt>
			<trkpt lat="47.589531" lon="18.900553">
				<ele>410.000000</ele>
			</trkpt>
			<trkpt lat="47.589525" lon="18.900572">
				<ele>410.000000</ele>
			</trkpt>
			<trkpt lat="47.589452" lon="18.900697">
				<ele>410.000000</ele>
			</trkpt>
			<trkpt lat="47.589415" lon="18.900752">
				<ele>410.000000</ele>
			</trkpt>
			<trkpt lat="47.589391" lon="18.900805">
				<ele>410.000000</ele>
			</trkpt>
			<trkpt lat="47.589367" lon="18.900876">
				<ele>410.000000</ele>
			</trkpt>
			<trkpt lat="47.589343" lon="18.900949">
				<ele>410.000000</ele>
			</trkpt>
			<trkpt lat="47.589325" lon="18.900985">
				<ele>410.000000</ele>
			</trkpt>
			<trkpt lat="47.589295" lon="18.901048">
				<ele>410.000000</ele>
			</trkpt>
			<trkpt lat="47.589258" lon="18.901092">
				<ele>410.000000</ele>
			</trkpt>
			<trkpt lat="47.589228" lon="18.901119">
				<ele>410.000000</ele>
			</trkpt>
			<trkpt lat="47.589179" lon="18.901146">
				<ele>410.000000</ele>
			</trkpt>
			<trkpt lat="47.589131" lon="18.901182">
				<ele>410.000000</ele>
			</trkpt>
			<trkpt lat="47.589058" lon="18.901299">
				<ele>410.000000</ele>
			</trkpt>
			<trkpt lat="47.588973" lon="18.901408">
				<ele>410.000000</ele>
			</trkpt>
			<trkpt lat="47.588810" lon="18.901605">
				<ele>410.000000</ele>
			</trkpt>
			<trkpt lat="47.588670" lon="18.901731">
				<ele>410.000000</ele>
			</trkpt>
			<trkpt lat="47.588428" lon="18.901919">
				<ele>410.000000</ele>
			</trkpt>
			<trkpt lat="47.588361" lon="18.901974">
				<ele>410.000000</ele>
			</trkpt>
			<trkpt lat="47.588325" lon="18.902000">
				<ele>410.000000</ele>
			</trkpt>
			<trkpt lat="47.588295" lon="18.902081">
				<ele>410.000000</ele>
			</trkpt>
			<trkpt lat="47.588277" lon="18.902153">
				<ele>410.000000</ele>
			</trkpt>
			<trkpt lat="47.588265" lon="18.902215">
				<ele>410.000000</ele>
			</trkpt>
			<trkpt lat="47.588246" lon="18.902287">
				<ele>410.000000</ele>
			</trkpt>
			<trkpt lat="47.588228" lon="18.902377">
				<ele>410.000000</ele>
			</trkpt>
			<trkpt lat="47.588210" lon="18.902476">
				<ele>410.000000</ele>
			</trkpt>
			<trkpt lat="47.588216" lon="18.902593">
				<ele>410.000000</ele>
			</trkpt>
			<trkpt lat="47.588216" lon="18.902647">
				<ele>410.000000</ele>
			</trkpt>
			<trkpt lat="47.588216" lon="18.902691">
				<ele>410.000000</ele>
			</trkpt>
			<trkpt lat="47.588161" lon="18.902754">
				<ele>410.000000</ele>
			</trkpt>
			<trkpt lat="47.588131" lon="18.902790">
				<ele>410.000000</ele>
			</trkpt>
			<trkpt lat="47.588022" lon="18.902934">
				<ele>410.000000</ele>
			</trkpt>
			<trkpt lat="47.587986" lon="18.902953">
				<ele>410.000000</ele>
			</trkpt>
			<trkpt lat="47.587956" lon="18.903060">
				<ele>410.000000</ele>
			</trkpt>
			<trkpt lat="47.587925" lon="18.903096">
				<ele>410.000000</ele>
			</trkpt>
			<trkpt lat="47.587834" lon="18.903140">
				<ele>410.000000</ele>
			</trkpt>
			<trkpt lat="47.587762" lon="18.903176">
				<ele>410.000000</ele>
			</trkpt>
			<trkpt lat="47.587725" lon="18.903195">
				<ele>410.000000</ele>
			</trkpt>
			<trkpt lat="47.587701" lon="18.903213">
				<ele>410.000000</ele>
			</trkpt>
			<trkpt lat="47.587640" lon="18.903285">
				<ele>410.000000</ele>
			</trkpt>
			<trkpt lat="47.587537" lon="18.903437">
				<ele>410.000000</ele>
			</trkpt>
			<trkpt lat="47.587495" lon="18.903482">
				<ele>410.000000</ele>
			</trkpt>
			<trkpt lat="47.587435" lon="18.903536">
				<ele>410.000000</ele>
			</trkpt>
			<trkpt lat="47.587380" lon="18.903582">
				<ele>410.000000</ele>
			</trkpt>
			<trkpt lat="47.587289" lon="18.903616">
				<ele>410.000000</ele>
			</trkpt>
			<trkpt lat="47.587265" lon="18.903626">
				<ele>410.000000</ele>
			</trkpt>
			<trkpt lat="47.587241" lon="18.903653">
				<ele>410.000000</ele>
			</trkpt>
			<trkpt lat="47.587192" lon="18.903698">
				<ele>410.000000</ele>
			</trkpt>
			<trkpt lat="47.587083" lon="18.903842">
				<ele>410.000000</ele>
			</trkpt>
			<trkpt lat="47.587040" lon="18.903905">
				<ele>410.000000</ele>
			</trkpt>
			<trkpt lat="47.587004" lon="18.903949">
				<ele>410.000000</ele>
			</trkpt>
			<trkpt lat="47.586962" lon="18.903985">
				<ele>410.000000</ele>
			</trkpt>
			<trkpt lat="47.586756" lon="18.904092">
				<ele>410.000000</ele>
			</trkpt>
			<trkpt lat="47.586465" lon="18.904245">
				<ele>410.000000</ele>
			</trkpt>
			<trkpt lat="47.586368" lon="18.904318">
				<ele>410.000000</ele>
			</trkpt>
			<trkpt lat="47.586289" lon="18.904389">
				<ele>410.000000</ele>
			</trkpt>
			<trkpt lat="47.586210" lon="18.904479">
				<ele>410.000000</ele>
			</trkpt>
			<trkpt lat="47.586174" lon="18.904534">
				<ele>410.000000</ele>
			</trkpt>
			<trkpt lat="47.586059" lon="18.904748">
				<ele>410.000000</ele>
			</trkpt>
			<trkpt lat="47.586016" lon="18.904794">
				<ele>410.000000</ele>
			</trkpt>
			<trkpt lat="47.585944" lon="18.904874">
				<ele>410.000000</ele>
			</trkpt>
			<trkpt lat="47.585810" lon="18.904964">
				<ele>410.000000</ele>
			</trkpt>
			<trkpt lat="47.585677" lon="18.905010">
				<ele>410.000000</ele>
			</trkpt>
			<trkpt lat="47.585617" lon="18.905045">
				<ele>410.000000</ele>
			</trkpt>
			<trkpt lat="47.585568" lon="18.905100">
				<ele>410.000000</ele>
			</trkpt>
			<trkpt lat="47.585531" lon="18.905161">
				<ele>410.000000</ele>
			</trkpt>
			<trkpt lat="47.585507" lon="18.905207">
				<ele>410.000000</ele>
			</trkpt>
			<trkpt lat="47.585399" lon="18.905287">
				<ele>410.000000</ele>
			</trkpt>
			<trkpt lat="47.585423" lon="18.904911">
				<ele>410.000000</ele>
			</trkpt>
			<trkpt lat="47.585423" lon="18.904911">
				<ele>410.000000</ele>
			</trkpt>
			<trkpt lat="47.585399" lon="18.905287">
				<ele>410.000000</ele>
			</trkpt>
			<trkpt lat="47.585314" lon="18.905377">
				<ele>410.000000</ele>
			</trkpt>
			<trkpt lat="47.585283" lon="18.905423">
				<ele>410.000000</ele>
			</trkpt>
			<trkpt lat="47.585253" lon="18.905486">
				<ele>410.000000</ele>
			</trkpt>
			<trkpt lat="47.585235" lon="18.905540">
				<ele>410.000000</ele>
			</trkpt>
			<trkpt lat="47.585229" lon="18.905584">
				<ele>410.000000</ele>
			</trkpt>
			<trkpt lat="47.585241" lon="18.905727">
				<ele>410.000000</ele>
			</trkpt>
			<trkpt lat="47.585235" lon="18.905845">
				<ele>410.000000</ele>
			</trkpt>
			<trkpt lat="47.585229" lon="18.905890">
				<ele>410.000000</ele>
			</trkpt>
			<trkpt lat="47.585217" lon="18.905926">
				<ele>410.000000</ele>
			</trkpt>
			<trkpt lat="47.585162" lon="18.906096">
				<ele>410.000000</ele>
			</trkpt>
			<trkpt lat="47.585010" lon="18.906473">
				<ele>410.000000</ele>
			</trkpt>
			<trkpt lat="47.584908" lon="18.906698">
				<ele>410.000000</ele>
			</trkpt>
			<trkpt lat="47.584744" lon="18.906887">
				<ele>410.000000</ele>
			</trkpt>
			<trkpt lat="47.584732" lon="18.906922">
				<ele>410.000000</ele>
			</trkpt>
			<trkpt lat="47.584671" lon="18.907067">
				<ele>410.000000</ele>
			</trkpt>
			<trkpt lat="47.584623" lon="18.907184">
				<ele>410.000000</ele>
			</trkpt>
			<trkpt lat="47.584587" lon="18.907228">
				<ele>410.000000</ele>
			</trkpt>
			<trkpt lat="47.584569" lon="18.907245">
				<ele>410.000000</ele>
			</trkpt>
			<trkpt lat="47.584544" lon="18.907264">
				<ele>410.000000</ele>
			</trkpt>
			<trkpt lat="47.584477" lon="18.907291">
				<ele>410.000000</ele>
			</trkpt>
			<trkpt lat="47.584459" lon="18.907308">
				<ele>410.000000</ele>
			</trkpt>
			<trkpt lat="47.584447" lon="18.907318">
				<ele>410.000000</ele>
			</trkpt>
			<trkpt lat="47.584435" lon="18.907335">
				<ele>410.000000</ele>
			</trkpt>
			<trkpt lat="47.584423" lon="18.907354">
				<ele>410.000000</ele>
			</trkpt>
			<trkpt lat="47.584423" lon="18.907390">
				<ele>410.000000</ele>
			</trkpt>
			<trkpt lat="47.584417" lon="18.907453">
				<ele>410.000000</ele>
			</trkpt>
			<trkpt lat="47.584417" lon="18.907534">
				<ele>410.000000</ele>
			</trkpt>
			<trkpt lat="47.584399" lon="18.907597">
				<ele>410.000000</ele>
			</trkpt>
			<trkpt lat="47.584393" lon="18.907632">
				<ele>410.000000</ele>
			</trkpt>
			<trkpt lat="47.584381" lon="18.907660">
				<ele>410.000000</ele>
			</trkpt>
			<trkpt lat="47.584375" lon="18.907687">
				<ele>410.000000</ele>
			</trkpt>
			<trkpt lat="47.584356" lon="18.907721">
				<ele>410.000000</ele>
			</trkpt>
			<trkpt lat="47.584278" lon="18.907874">
				<ele>410.000000</ele>
			</trkpt>
			<trkpt lat="47.584241" lon="18.907947">
				<ele>410.000000</ele>
			</trkpt>
			<trkpt lat="47.584192" lon="18.908010">
				<ele>410.000000</ele>
			</trkpt>
			<trkpt lat="47.584126" lon="18.908127">
				<ele>410.000000</ele>
			</trkpt>
			<trkpt lat="47.584066" lon="18.908287">
				<ele>410.000000</ele>
			</trkpt>
			<trkpt lat="47.584029" lon="18.908405">
				<ele>410.000000</ele>
			</trkpt>
			<trkpt lat="47.584011" lon="18.908477">
				<ele>410.000000</ele>
			</trkpt>
			<trkpt lat="47.583987" lon="18.908566">
				<ele>410.000000</ele>
			</trkpt>
			<trkpt lat="47.583962" lon="18.908702">
				<ele>410.000000</ele>
			</trkpt>
			<trkpt lat="47.583944" lon="18.908746">
				<ele>410.000000</ele>
			</trkpt>
			<trkpt lat="47.583926" lon="18.908800">
				<ele>410.000000</ele>
			</trkpt>
			<trkpt lat="47.583787" lon="18.909106">
				<ele>409.000000</ele>
			</trkpt>
			<trkpt lat="47.583750" lon="18.909151">
				<ele>409.000000</ele>
			</trkpt>
			<trkpt lat="47.583732" lon="18.909186">
				<ele>409.000000</ele>
			</trkpt>
			<trkpt lat="47.583696" lon="18.909232">
				<ele>409.000000</ele>
			</trkpt>
			<trkpt lat="47.583683" lon="18.909258">
				<ele>409.000000</ele>
			</trkpt>
			<trkpt lat="47.583665" lon="18.909276">
				<ele>408.000000</ele>
			</trkpt>
			<trkpt lat="47.583653" lon="18.909295">
				<ele>408.000000</ele>
			</trkpt>
			<trkpt lat="47.583641" lon="18.909329">
				<ele>408.000000</ele>
			</trkpt>
			<trkpt lat="47.583635" lon="18.909358">
				<ele>408.000000</ele>
			</trkpt>
			<trkpt lat="47.583623" lon="18.909419">
				<ele>408.000000</ele>
			</trkpt>
			<trkpt lat="47.583623" lon="18.909438">
				<ele>408.000000</ele>
			</trkpt>
			<trkpt lat="47.583617" lon="18.909465">
				<ele>408.000000</ele>
			</trkpt>
			<trkpt lat="47.583617" lon="18.909537">
				<ele>408.000000</ele>
			</trkpt>
			<trkpt lat="47.583611" lon="18.909555">
				<ele>408.000000</ele>
			</trkpt>
			<trkpt lat="47.583611" lon="18.909564">
				<ele>408.000000</ele>
			</trkpt>
			<trkpt lat="47.583611" lon="18.909582">
				<ele>408.000000</ele>
			</trkpt>
			<trkpt lat="47.583593" lon="18.909635">
				<ele>408.000000</ele>
			</trkpt>
			<trkpt lat="47.583593" lon="18.909654">
				<ele>408.000000</ele>
			</trkpt>
			<trkpt lat="47.583593" lon="18.909662">
				<ele>408.000000</ele>
			</trkpt>
			<trkpt lat="47.583587" lon="18.909662">
				<ele>408.000000</ele>
			</trkpt>
			<trkpt lat="47.583569" lon="18.909717">
				<ele>407.000000</ele>
			</trkpt>
			<trkpt lat="47.583539" lon="18.909779">
				<ele>407.000000</ele>
			</trkpt>
			<trkpt lat="47.583472" lon="18.909914">
				<ele>407.000000</ele>
			</trkpt>
			<trkpt lat="47.583459" lon="18.909932">
				<ele>407.000000</ele>
			</trkpt>
			<trkpt lat="47.583453" lon="18.909950">
				<ele>407.000000</ele>
			</trkpt>
			<trkpt lat="47.583381" lon="18.910094">
				<ele>406.000000</ele>
			</trkpt>
			<trkpt lat="47.583356" lon="18.910165">
				<ele>406.000000</ele>
			</trkpt>
			<trkpt lat="47.583278" lon="18.910408">
				<ele>406.000000</ele>
			</trkpt>
			<trkpt lat="47.583272" lon="18.910426">
				<ele>406.000000</ele>
			</trkpt>
			<trkpt lat="47.583266" lon="18.910435">
				<ele>406.000000</ele>
			</trkpt>
			<trkpt lat="47.583260" lon="18.910444">
				<ele>406.000000</ele>
			</trkpt>
			<trkpt lat="47.583254" lon="18.910453">
				<ele>406.000000</ele>
			</trkpt>
			<trkpt lat="47.583211" lon="18.910498">
				<ele>405.000000</ele>
			</trkpt>
			<trkpt lat="47.583162" lon="18.910534">
				<ele>405.000000</ele>
			</trkpt>
			<trkpt lat="47.583150" lon="18.910543">
				<ele>405.000000</ele>
			</trkpt>
			<trkpt lat="47.583138" lon="18.910543">
				<ele>405.000000</ele>
			</trkpt>
			<trkpt lat="47.583090" lon="18.910597">
				<ele>405.000000</ele>
			</trkpt>
			<trkpt lat="47.583060" lon="18.910650">
				<ele>405.000000</ele>
			</trkpt>
			<trkpt lat="47.583048" lon="18.910669">
				<ele>405.000000</ele>
			</trkpt>
			<trkpt lat="47.583017" lon="18.910696">
				<ele>405.000000</ele>
			</trkpt>
			<trkpt lat="47.582999" lon="18.910723">
				<ele>405.000000</ele>
			</trkpt>
			<trkpt lat="47.582981" lon="18.910740">
				<ele>404.000000</ele>
			</trkpt>
			<trkpt lat="47.582969" lon="18.910750">
				<ele>404.000000</ele>
			</trkpt>
			<trkpt lat="47.582951" lon="18.910767">
				<ele>404.000000</ele>
			</trkpt>
			<trkpt lat="47.582932" lon="18.910777">
				<ele>404.000000</ele>
			</trkpt>
			<trkpt lat="47.582902" lon="18.910830">
				<ele>404.000000</ele>
			</trkpt>
			<trkpt lat="47.582866" lon="18.910876">
				<ele>404.000000</ele>
			</trkpt>
			<trkpt lat="47.582859" lon="18.910893">
				<ele>404.000000</ele>
			</trkpt>
			<trkpt lat="47.582847" lon="18.910920">
				<ele>404.000000</ele>
			</trkpt>
			<trkpt lat="47.582835" lon="18.910937">
				<ele>404.000000</ele>
			</trkpt>
			<trkpt lat="47.582811" lon="18.910992">
				<ele>404.000000</ele>
			</trkpt>
			<trkpt lat="47.582793" lon="18.911037">
				<ele>404.000000</ele>
			</trkpt>
			<trkpt lat="47.582793" lon="18.911046">
				<ele>404.000000</ele>
			</trkpt>
			<trkpt lat="47.582787" lon="18.911064">
				<ele>404.000000</ele>
			</trkpt>
			<trkpt lat="47.582775" lon="18.911082">
				<ele>403.000000</ele>
			</trkpt>
			<trkpt lat="47.582769" lon="18.911100">
				<ele>403.000000</ele>
			</trkpt>
			<trkpt lat="47.582733" lon="18.911163">
				<ele>403.000000</ele>
			</trkpt>
			<trkpt lat="47.582539" lon="18.911406">
				<ele>402.000000</ele>
			</trkpt>
			<trkpt lat="47.582478" lon="18.911477">
				<ele>402.000000</ele>
			</trkpt>
			<trkpt lat="47.582472" lon="18.911477">
				<ele>402.000000</ele>
			</trkpt>
			<trkpt lat="47.582454" lon="18.911469">
				<ele>402.000000</ele>
			</trkpt>
			<trkpt lat="47.582429" lon="18.911469">
				<ele>402.000000</ele>
			</trkpt>
			<trkpt lat="47.582369" lon="18.911423">
				<ele>402.000000</ele>
			</trkpt>
			<trkpt lat="47.582296" lon="18.911369">
				<ele>402.000000</ele>
			</trkpt>
			<trkpt lat="47.582236" lon="18.911316">
				<ele>402.000000</ele>
			</trkpt>
			<trkpt lat="47.582212" lon="18.911279">
				<ele>402.000000</ele>
			</trkpt>
			<trkpt lat="47.582023" lon="18.911010">
				<ele>406.000000</ele>
			</trkpt>
			<trkpt lat="47.581993" lon="18.910974">
				<ele>407.000000</ele>
			</trkpt>
			<trkpt lat="47.581957" lon="18.910937">
				<ele>407.000000</ele>
			</trkpt>
			<trkpt lat="47.581933" lon="18.910911">
				<ele>408.000000</ele>
			</trkpt>
			<trkpt lat="47.581927" lon="18.910903">
				<ele>408.000000</ele>
			</trkpt>
			<trkpt lat="47.581915" lon="18.910903">
				<ele>408.000000</ele>
			</trkpt>
			<trkpt lat="47.581908" lon="18.910893">
				<ele>408.000000</ele>
			</trkpt>
			<trkpt lat="47.581902" lon="18.910884">
				<ele>408.000000</ele>
			</trkpt>
			<trkpt lat="47.581890" lon="18.910866">
				<ele>409.000000</ele>
			</trkpt>
			<trkpt lat="47.581866" lon="18.910821">
				<ele>409.000000</ele>
			</trkpt>
			<trkpt lat="47.581823" lon="18.910713">
				<ele>410.000000</ele>
			</trkpt>
			<trkpt lat="47.581666" lon="18.910291">
				<ele>416.000000</ele>
			</trkpt>
			<trkpt lat="47.581636" lon="18.910220">
				<ele>417.000000</ele>
			</trkpt>
			<trkpt lat="47.581623" lon="18.910174">
				<ele>418.000000</ele>
			</trkpt>
			<trkpt lat="47.581605" lon="18.910148">
				<ele>418.000000</ele>
			</trkpt>
			<trkpt lat="47.581502" lon="18.909995">
				<ele>420.000000</ele>
			</trkpt>
			<trkpt lat="47.581472" lon="18.909950">
				<ele>420.000000</ele>
			</trkpt>
			<trkpt lat="47.581454" lon="18.909924">
				<ele>420.000000</ele>
			</trkpt>
			<trkpt lat="47.581412" lon="18.909878">
				<ele>420.000000</ele>
			</trkpt>
			<trkpt lat="47.581369" lon="18.909842">
				<ele>420.000000</ele>
			</trkpt>
			<trkpt lat="47.581206" lon="18.909708">
				<ele>420.000000</ele>
			</trkpt>
			<trkpt lat="47.581187" lon="18.909689">
				<ele>420.000000</ele>
			</trkpt>
			<trkpt lat="47.581163" lon="18.909662">
				<ele>420.000000</ele>
			</trkpt>
			<trkpt lat="47.580860" lon="18.909295">
				<ele>417.000000</ele>
			</trkpt>
			<trkpt lat="47.580842" lon="18.909268">
				<ele>417.000000</ele>
			</trkpt>
			<trkpt lat="47.580830" lon="18.909240">
				<ele>417.000000</ele>
			</trkpt>
			<trkpt lat="47.580824" lon="18.909222">
				<ele>417.000000</ele>
			</trkpt>
			<trkpt lat="47.580811" lon="18.909195">
				<ele>416.000000</ele>
			</trkpt>
			<trkpt lat="47.580805" lon="18.909178">
				<ele>416.000000</ele>
			</trkpt>
			<trkpt lat="47.580787" lon="18.909106">
				<ele>416.000000</ele>
			</trkpt>
			<trkpt lat="47.580781" lon="18.909079">
				<ele>415.000000</ele>
			</trkpt>
			<trkpt lat="47.580775" lon="18.909061">
				<ele>415.000000</ele>
			</trkpt>
			<trkpt lat="47.580769" lon="18.909052">
				<ele>415.000000</ele>
			</trkpt>
			<trkpt lat="47.580763" lon="18.909042">
				<ele>415.000000</ele>
			</trkpt>
			<trkpt lat="47.580757" lon="18.909025">
				<ele>415.000000</ele>
			</trkpt>
			<trkpt lat="47.580751" lon="18.909016">
				<ele>415.000000</ele>
			</trkpt>
			<trkpt lat="47.580745" lon="18.909006">
				<ele>415.000000</ele>
			</trkpt>
			<trkpt lat="47.580739" lon="18.909006">
				<ele>414.000000</ele>
			</trkpt>
			<trkpt lat="47.580721" lon="18.908989">
				<ele>414.000000</ele>
			</trkpt>
			<trkpt lat="47.580696" lon="18.908979">
				<ele>414.000000</ele>
			</trkpt>
			<trkpt lat="47.580684" lon="18.908971">
				<ele>414.000000</ele>
			</trkpt>
			<trkpt lat="47.580672" lon="18.908971">
				<ele>414.000000</ele>
			</trkpt>
			<trkpt lat="47.580533" lon="18.908943">
				<ele>412.000000</ele>
			</trkpt>
			<trkpt lat="47.580508" lon="18.908943">
				<ele>412.000000</ele>
			</trkpt>
			<trkpt lat="47.580490" lon="18.908935">
				<ele>411.000000</ele>
			</trkpt>
			<trkpt lat="47.580345" lon="18.908882">
				<ele>410.000000</ele>
			</trkpt>
			<trkpt lat="47.580296" lon="18.908853">
				<ele>410.000000</ele>
			</trkpt>
			<trkpt lat="47.580260" lon="18.908827">
				<ele>410.000000</ele>
			</trkpt>
			<trkpt lat="47.580199" lon="18.908773">
				<ele>410.000000</ele>
			</trkpt>
			<trkpt lat="47.580139" lon="18.908719">
				<ele>410.000000</ele>
			</trkpt>
			<trkpt lat="47.580109" lon="18.908683">
				<ele>410.000000</ele>
			</trkpt>
			<trkpt lat="47.580060" lon="18.908629">
				<ele>410.000000</ele>
			</trkpt>
			<trkpt lat="47.580024" lon="18.908585">
				<ele>410.000000</ele>
			</trkpt>
			<trkpt lat="47.579987" lon="18.908549">
				<ele>410.000000</ele>
			</trkpt>
			<trkpt lat="47.579957" lon="18.908513">
				<ele>410.000000</ele>
			</trkpt>
			<trkpt lat="47.579921" lon="18.908477">
				<ele>410.000000</ele>
			</trkpt>
			<trkpt lat="47.579866" lon="18.908432">
				<ele>410.000000</ele>
			</trkpt>
			<trkpt lat="47.579848" lon="18.908413">
				<ele>410.000000</ele>
			</trkpt>
			<trkpt lat="47.579806" lon="18.908387">
				<ele>410.000000</ele>
			</trkpt>
			<trkpt lat="47.579775" lon="18.908377">
				<ele>410.000000</ele>
			</trkpt>
			<trkpt lat="47.579733" lon="18.908360">
				<ele>410.000000</ele>
			</trkpt>
			<trkpt lat="47.579394" lon="18.909474">
				<ele>410.000000</ele>
			</trkpt>
			<trkpt lat="47.579381" lon="18.909501">
				<ele>410.000000</ele>
			</trkpt>
			<trkpt lat="47.579369" lon="18.909528">
				<ele>410.000000</ele>
			</trkpt>
			<trkpt lat="47.579357" lon="18.909545">
				<ele>410.000000</ele>
			</trkpt>
			<trkpt lat="47.579351" lon="18.909555">
				<ele>410.000000</ele>
			</trkpt>
			<trkpt lat="47.579345" lon="18.909564">
				<ele>410.000000</ele>
			</trkpt>
			<trkpt lat="47.579327" lon="18.909572">
				<ele>410.000000</ele>
			</trkpt>
			<trkpt lat="47.579321" lon="18.909572">
				<ele>410.000000</ele>
			</trkpt>
			<trkpt lat="47.579315" lon="18.909572">
				<ele>410.000000</ele>
			</trkpt>
			<trkpt lat="47.579309" lon="18.909572">
				<ele>410.000000</ele>
			</trkpt>
			<trkpt lat="47.579267" lon="18.909572">
				<ele>410.000000</ele>
			</trkpt>
			<trkpt lat="47.579248" lon="18.909564">
				<ele>410.000000</ele>
			</trkpt>
			<trkpt lat="47.579218" lon="18.909545">
				<ele>410.000000</ele>
			</trkpt>
			<trkpt lat="47.579091" lon="18.909474">
				<ele>410.000000</ele>
			</trkpt>
			<trkpt lat="47.579054" lon="18.909447">
				<ele>410.000000</ele>
			</trkpt>
			<trkpt lat="47.579018" lon="18.909411">
				<ele>410.000000</ele>
			</trkpt>
			<trkpt lat="47.578982" lon="18.909375">
				<ele>410.000000</ele>
			</trkpt>
			<trkpt lat="47.578957" lon="18.909339">
				<ele>410.000000</ele>
			</trkpt>
			<trkpt lat="47.578921" lon="18.909295">
				<ele>410.000000</ele>
			</trkpt>
			<trkpt lat="47.578866" lon="18.909205">
				<ele>410.000000</ele>
			</trkpt>
			<trkpt lat="47.578848" lon="18.909186">
				<ele>410.000000</ele>
			</trkpt>
			<trkpt lat="47.578806" lon="18.909142">
				<ele>410.000000</ele>
			</trkpt>
			<trkpt lat="47.578776" lon="18.909115">
				<ele>410.000000</ele>
			</trkpt>
			<trkpt lat="47.578739" lon="18.909088">
				<ele>410.000000</ele>
			</trkpt>
			<trkpt lat="47.578557" lon="18.908962">
				<ele>410.000000</ele>
			</trkpt>
			<trkpt lat="47.578515" lon="18.908943">
				<ele>410.000000</ele>
			</trkpt>
			<trkpt lat="47.578467" lon="18.908926">
				<ele>410.000000</ele>
			</trkpt>
			<trkpt lat="47.578448" lon="18.908916">
				<ele>410.000000</ele>
			</trkpt>
			<trkpt lat="47.578430" lon="18.908908">
				<ele>410.000000</ele>
			</trkpt>
			<trkpt lat="47.578412" lon="18.908908">
				<ele>410.000000</ele>
			</trkpt>
			<trkpt lat="47.578381" lon="18.908908">
				<ele>410.000000</ele>
			</trkpt>
			<trkpt lat="47.578369" lon="18.908899">
				<ele>410.000000</ele>
			</trkpt>
			<trkpt lat="47.578273" lon="18.908899">
				<ele>410.000000</ele>
			</trkpt>
			<trkpt lat="47.578249" lon="18.908890">
				<ele>410.000000</ele>
			</trkpt>
			<trkpt lat="47.578230" lon="18.908890">
				<ele>410.000000</ele>
			</trkpt>
			<trkpt lat="47.578212" lon="18.908882">
				<ele>410.000000</ele>
			</trkpt>
			<trkpt lat="47.578200" lon="18.908872">
				<ele>410.000000</ele>
			</trkpt>
			<trkpt lat="47.578188" lon="18.908863">
				<ele>410.000000</ele>
			</trkpt>
			<trkpt lat="47.578182" lon="18.908853">
				<ele>410.000000</ele>
			</trkpt>
			<trkpt lat="47.578169" lon="18.908836">
				<ele>410.000000</ele>
			</trkpt>
			<trkpt lat="47.578042" lon="18.908603">
				<ele>410.000000</ele>
			</trkpt>
			<trkpt lat="47.578030" lon="18.908585">
				<ele>410.000000</ele>
			</trkpt>
			<trkpt lat="47.578018" lon="18.908566">
				<ele>410.000000</ele>
			</trkpt>
			<trkpt lat="47.578006" lon="18.908549">
				<ele>410.000000</ele>
			</trkpt>
			<trkpt lat="47.577988" lon="18.908540">
				<ele>410.000000</ele>
			</trkpt>
			<trkpt lat="47.577976" lon="18.908530">
				<ele>410.000000</ele>
			</trkpt>
			<trkpt lat="47.577970" lon="18.908522">
				<ele>410.000000</ele>
			</trkpt>
			<trkpt lat="47.577952" lon="18.908522">
				<ele>410.000000</ele>
			</trkpt>
			<trkpt lat="47.577939" lon="18.908513">
				<ele>410.000000</ele>
			</trkpt>
			<trkpt lat="47.577927" lon="18.908513">
				<ele>410.000000</ele>
			</trkpt>
			<trkpt lat="47.577921" lon="18.908513">
				<ele>410.000000</ele>
			</trkpt>
			<trkpt lat="47.577915" lon="18.908513">
				<ele>410.000000</ele>
			</trkpt>
			<trkpt lat="47.577903" lon="18.908513">
				<ele>410.000000</ele>
			</trkpt>
			<trkpt lat="47.577897" lon="18.908513">
				<ele>410.000000</ele>
			</trkpt>
			<trkpt lat="47.577891" lon="18.908513">
				<ele>410.000000</ele>
			</trkpt>
			<trkpt lat="47.577764" lon="18.908557">
				<ele>411.000000</ele>
			</trkpt>
			<trkpt lat="47.577751" lon="18.908566">
				<ele>411.000000</ele>
			</trkpt>
			<trkpt lat="47.577733" lon="18.908566">
				<ele>411.000000</ele>
			</trkpt>
			<trkpt lat="47.577721" lon="18.908566">
				<ele>411.000000</ele>
			</trkpt>
			<trkpt lat="47.577703" lon="18.908566">
				<ele>411.000000</ele>
			</trkpt>
			<trkpt lat="47.577685" lon="18.908566">
				<ele>411.000000</ele>
			</trkpt>
			<trkpt lat="47.577673" lon="18.908557">
				<ele>411.000000</ele>
			</trkpt>
			<trkpt lat="47.577624" lon="18.908549">
				<ele>411.000000</ele>
			</trkpt>
			<trkpt lat="47.577606" lon="18.908540">
				<ele>411.000000</ele>
			</trkpt>
			<trkpt lat="47.577581" lon="18.908530">
				<ele>412.000000</ele>
			</trkpt>
			<trkpt lat="47.577563" lon="18.908530">
				<ele>412.000000</ele>
			</trkpt>
			<trkpt lat="47.577521" lon="18.908522">
				<ele>412.000000</ele>
			</trkpt>
			<trkpt lat="47.577497" lon="18.908522">
				<ele>412.000000</ele>
			</trkpt>
			<trkpt lat="47.577455" lon="18.908530">
				<ele>412.000000</ele>
			</trkpt>
			<trkpt lat="47.577418" lon="18.908530">
				<ele>412.000000</ele>
			</trkpt>
			<trkpt lat="47.577370" lon="18.908530">
				<ele>413.000000</ele>
			</trkpt>
			<trkpt lat="47.577333" lon="18.908540">
				<ele>413.000000</ele>
			</trkpt>
			<trkpt lat="47.577291" lon="18.908549">
				<ele>413.000000</ele>
			</trkpt>
			<trkpt lat="47.577266" lon="18.908557">
				<ele>413.000000</ele>
			</trkpt>
			<trkpt lat="47.577254" lon="18.908566">
				<ele>413.000000</ele>
			</trkpt>
			<trkpt lat="47.577242" lon="18.908576">
				<ele>413.000000</ele>
			</trkpt>
			<trkpt lat="47.577224" lon="18.908585">
				<ele>413.000000</ele>
			</trkpt>
			<trkpt lat="47.577218" lon="18.908593">
				<ele>413.000000</ele>
			</trkpt>
			<trkpt lat="47.577182" lon="18.908629">
				<ele>414.000000</ele>
			</trkpt>
			<trkpt lat="47.577170" lon="18.908647">
				<ele>414.000000</ele>
			</trkpt>
			<trkpt lat="47.577158" lon="18.908656">
				<ele>414.000000</ele>
			</trkpt>
			<trkpt lat="47.577140" lon="18.908683">
				<ele>414.000000</ele>
			</trkpt>
			<trkpt lat="47.577091" lon="18.908773">
				<ele>414.000000</ele>
			</trkpt>
			<trkpt lat="47.576988" lon="18.908971">
				<ele>415.000000</ele>
			</trkpt>
			<trkpt lat="47.576970" lon="18.909006">
				<ele>415.000000</ele>
			</trkpt>
			<trkpt lat="47.576952" lon="18.909052">
				<ele>416.000000</ele>
			</trkpt>
			<trkpt lat="47.576946" lon="18.909069">
				<ele>416.000000</ele>
			</trkpt>
			<trkpt lat="47.576939" lon="18.909079">
				<ele>416.000000</ele>
			</trkpt>
			<trkpt lat="47.576855" lon="18.909232">
				<ele>416.000000</ele>
			</trkpt>
			<trkpt lat="47.576812" lon="18.909303">
				<ele>417.000000</ele>
			</trkpt>
			<trkpt lat="47.576709" lon="18.909456">
				<ele>417.000000</ele>
			</trkpt>
			<trkpt lat="47.576606" lon="18.909627">
				<ele>418.000000</ele>
			</trkpt>
			<trkpt lat="47.576594" lon="18.909645">
				<ele>418.000000</ele>
			</trkpt>
			<trkpt lat="47.576582" lon="18.909662">
				<ele>418.000000</ele>
			</trkpt>
			<trkpt lat="47.576551" lon="18.909698">
				<ele>419.000000</ele>
			</trkpt>
			<trkpt lat="47.576515" lon="18.909744">
				<ele>419.000000</ele>
			</trkpt>
			<trkpt lat="47.576485" lon="18.909771">
				<ele>419.000000</ele>
			</trkpt>
			<trkpt lat="47.576467" lon="18.909779">
				<ele>419.000000</ele>
			</trkpt>
			<trkpt lat="47.576461" lon="18.909788">
				<ele>419.000000</ele>
			</trkpt>
			<trkpt lat="47.576454" lon="18.909788">
				<ele>419.000000</ele>
			</trkpt>
			<trkpt lat="47.576321" lon="18.909861">
				<ele>420.000000</ele>
			</trkpt>
			<trkpt lat="47.576309" lon="18.909869">
				<ele>420.000000</ele>
			</trkpt>
			<trkpt lat="47.576297" lon="18.909878">
				<ele>420.000000</ele>
			</trkpt>
			<trkpt lat="47.576279" lon="18.909887">
				<ele>420.000000</ele>
			</trkpt>
			<trkpt lat="47.576158" lon="18.910004">
				<ele>420.000000</ele>
			</trkpt>
			<trkpt lat="47.576079" lon="18.910067">
				<ele>420.000000</ele>
			</trkpt>
			<trkpt lat="47.576018" lon="18.910121">
				<ele>419.000000</ele>
			</trkpt>
			<trkpt lat="47.576000" lon="18.910148">
				<ele>419.000000</ele>
			</trkpt>
			<trkpt lat="47.575982" lon="18.910165">
				<ele>419.000000</ele>
			</trkpt>
			<trkpt lat="47.575963" lon="18.910201">
				<ele>419.000000</ele>
			</trkpt>
			<trkpt lat="47.575915" lon="18.910283">
				<ele>419.000000</ele>
			</trkpt>
			<trkpt lat="47.575770" lon="18.910534">
				<ele>418.000000</ele>
			</trkpt>
			<trkpt lat="47.575745" lon="18.910561">
				<ele>418.000000</ele>
			</trkpt>
			<trkpt lat="47.575697" lon="18.910624">
				<ele>418.000000</ele>
			</trkpt>
			<trkpt lat="47.575636" lon="18.910696">
				<ele>417.000000</ele>
			</trkpt>
			<trkpt lat="47.575600" lon="18.910731">
				<ele>417.000000</ele>
			</trkpt>
			<trkpt lat="47.575576" lon="18.910759">
				<ele>417.000000</ele>
			</trkpt>
			<trkpt lat="47.575558" lon="18.910767">
				<ele>417.000000</ele>
			</trkpt>
			<trkpt lat="47.575528" lon="18.910794">
				<ele>417.000000</ele>
			</trkpt>
			<trkpt lat="47.575491" lon="18.910813">
				<ele>417.000000</ele>
			</trkpt>
			<trkpt lat="47.575460" lon="18.910830">
				<ele>417.000000</ele>
			</trkpt>
			<trkpt lat="47.575376" lon="18.910884">
				<ele>416.000000</ele>
			</trkpt>
			<trkpt lat="47.575334" lon="18.910920">
				<ele>416.000000</ele>
			</trkpt>
			<trkpt lat="47.575303" lon="18.910947">
				<ele>416.000000</ele>
			</trkpt>
			<trkpt lat="47.575285" lon="18.910966">
				<ele>416.000000</ele>
			</trkpt>
			<trkpt lat="47.575261" lon="18.911000">
				<ele>416.000000</ele>
			</trkpt>
			<trkpt lat="47.575236" lon="18.911027">
				<ele>416.000000</ele>
			</trkpt>
			<trkpt lat="47.575194" lon="18.911064">
				<ele>416.000000</ele>
			</trkpt>
			<trkpt lat="47.575163" lon="18.911090">
				<ele>415.000000</ele>
			</trkpt>
			<trkpt lat="47.575139" lon="18.911100">
				<ele>415.000000</ele>
			</trkpt>
			<trkpt lat="47.575115" lon="18.911117">
				<ele>415.000000</ele>
			</trkpt>
			<trkpt lat="47.575097" lon="18.911127">
				<ele>415.000000</ele>
			</trkpt>
			<trkpt lat="47.575079" lon="18.911136">
				<ele>415.000000</ele>
			</trkpt>
			<trkpt lat="47.575025" lon="18.911153">
				<ele>415.000000</ele>
			</trkpt>
			<trkpt lat="47.574958" lon="18.911180">
				<ele>415.000000</ele>
			</trkpt>
			<trkpt lat="47.574933" lon="18.911199">
				<ele>414.000000</ele>
			</trkpt>
			<trkpt lat="47.574927" lon="18.911199">
				<ele>414.000000</ele>
			</trkpt>
			<trkpt lat="47.574921" lon="18.911207">
				<ele>414.000000</ele>
			</trkpt>
			<trkpt lat="47.574897" lon="18.911235">
				<ele>414.000000</ele>
			</trkpt>
			<trkpt lat="47.574885" lon="18.911243">
				<ele>414.000000</ele>
			</trkpt>
			<trkpt lat="47.574873" lon="18.911253">
				<ele>414.000000</ele>
			</trkpt>
			<trkpt lat="47.574861" lon="18.911262">
				<ele>414.000000</ele>
			</trkpt>
			<trkpt lat="47.574849" lon="18.911270">
				<ele>414.000000</ele>
			</trkpt>
			<trkpt lat="47.574812" lon="18.911289">
				<ele>414.000000</ele>
			</trkpt>
			<trkpt lat="47.574776" lon="18.911297">
				<ele>414.000000</ele>
			</trkpt>
			<trkpt lat="47.574764" lon="18.911297">
				<ele>414.000000</ele>
			</trkpt>
			<trkpt lat="47.574758" lon="18.911297">
				<ele>414.000000</ele>
			</trkpt>
			<trkpt lat="47.574746" lon="18.911306">
				<ele>414.000000</ele>
			</trkpt>
			<trkpt lat="47.574734" lon="18.911297">
				<ele>414.000000</ele>
			</trkpt>
			<trkpt lat="47.574722" lon="18.911297">
				<ele>414.000000</ele>
			</trkpt>
			<trkpt lat="47.574685" lon="18.911289">
				<ele>414.000000</ele>
			</trkpt>
			<trkpt lat="47.574654" lon="18.911279">
				<ele>413.000000</ele>
			</trkpt>
			<trkpt lat="47.574618" lon="18.911279">
				<ele>413.000000</ele>
			</trkpt>
			<trkpt lat="47.574606" lon="18.911279">
				<ele>413.000000</ele>
			</trkpt>
			<trkpt lat="47.574588" lon="18.911289">
				<ele>413.000000</ele>
			</trkpt>
			<trkpt lat="47.574576" lon="18.911289">
				<ele>413.000000</ele>
			</trkpt>
			<trkpt lat="47.574564" lon="18.911297">
				<ele>413.000000</ele>
			</trkpt>
			<trkpt lat="47.574552" lon="18.911306">
				<ele>413.000000</ele>
			</trkpt>
			<trkpt lat="47.574540" lon="18.911316">
				<ele>413.000000</ele>
			</trkpt>
			<trkpt lat="47.574528" lon="18.911333">
				<ele>413.000000</ele>
			</trkpt>
			<trkpt lat="47.574515" lon="18.911352">
				<ele>413.000000</ele>
			</trkpt>
			<trkpt lat="47.574509" lon="18.911352">
				<ele>413.000000</ele>
			</trkpt>
			<trkpt lat="47.574503" lon="18.911360">
				<ele>413.000000</ele>
			</trkpt>
			<trkpt lat="47.574497" lon="18.911369">
				<ele>413.000000</ele>
			</trkpt>
			<trkpt lat="47.574491" lon="18.911387">
				<ele>413.000000</ele>
			</trkpt>
			<trkpt lat="47.574485" lon="18.911414">
				<ele>413.000000</ele>
			</trkpt>
			<trkpt lat="47.574479" lon="18.911442">
				<ele>413.000000</ele>
			</trkpt>
			<trkpt lat="47.574473" lon="18.911469">
				<ele>412.000000</ele>
			</trkpt>
			<trkpt lat="47.574449" lon="18.911558">
				<ele>412.000000</ele>
			</trkpt>
			<trkpt lat="47.574443" lon="18.911585">
				<ele>412.000000</ele>
			</trkpt>
			<trkpt lat="47.574437" lon="18.911612">
				<ele>412.000000</ele>
			</trkpt>
			<trkpt lat="47.574376" lon="18.911801">
				<ele>412.000000</ele>
			</trkpt>
			<trkpt lat="47.574370" lon="18.911809">
				<ele>412.000000</ele>
			</trkpt>
			<trkpt lat="47.574364" lon="18.911828">
				<ele>411.000000</ele>
			</trkpt>
			<trkpt lat="47.574339" lon="18.911863">
				<ele>411.000000</ele>
			</trkpt>
			<trkpt lat="47.574333" lon="18.911882">
				<ele>411.000000</ele>
			</trkpt>
			<trkpt lat="47.574327" lon="18.911891">
				<ele>411.000000</ele>
			</trkpt>
			<trkpt lat="47.574327" lon="18.911899">
				<ele>411.000000</ele>
			</trkpt>
			<trkpt lat="47.574315" lon="18.911918">
				<ele>411.000000</ele>
			</trkpt>
			<trkpt lat="47.574309" lon="18.911945">
				<ele>411.000000</ele>
			</trkpt>
			<trkpt lat="47.574309" lon="18.911953">
				<ele>411.000000</ele>
			</trkpt>
			<trkpt lat="47.574303" lon="18.911971">
				<ele>411.000000</ele>
			</trkpt>
			<trkpt lat="47.574279" lon="18.912061">
				<ele>411.000000</ele>
			</trkpt>
			<trkpt lat="47.574273" lon="18.912098">
				<ele>411.000000</ele>
			</trkpt>
			<trkpt lat="47.574261" lon="18.912169">
				<ele>410.000000</ele>
			</trkpt>
			<trkpt lat="47.574255" lon="18.912187">
				<ele>410.000000</ele>
			</trkpt>
			<trkpt lat="47.574249" lon="18.912214">
				<ele>410.000000</ele>
			</trkpt>
			<trkpt lat="47.574243" lon="18.912232">
				<ele>410.000000</ele>
			</trkpt>
			<trkpt lat="47.574243" lon="18.912241">
				<ele>410.000000</ele>
			</trkpt>
			<trkpt lat="47.574237" lon="18.912249">
				<ele>410.000000</ele>
			</trkpt>
			<trkpt lat="47.574231" lon="18.912258">
				<ele>410.000000</ele>
			</trkpt>
			<trkpt lat="47.574225" lon="18.912277">
				<ele>410.000000</ele>
			</trkpt>
			<trkpt lat="47.574207" lon="18.912312">
				<ele>410.000000</ele>
			</trkpt>
			<trkpt lat="47.574188" lon="18.912348">
				<ele>410.000000</ele>
			</trkpt>
			<trkpt lat="47.574176" lon="18.912367">
				<ele>410.000000</ele>
			</trkpt>
			<trkpt lat="47.574079" lon="18.912501">
				<ele>410.000000</ele>
			</trkpt>
			<trkpt lat="47.574012" lon="18.912600">
				<ele>410.000000</ele>
			</trkpt>
			<trkpt lat="47.574000" lon="18.912627">
				<ele>410.000000</ele>
			</trkpt>
			<trkpt lat="47.573976" lon="18.912663">
				<ele>410.000000</ele>
			</trkpt>
			<trkpt lat="47.573964" lon="18.912698">
				<ele>410.000000</ele>
			</trkpt>
			<trkpt lat="47.573952" lon="18.912717">
				<ele>410.000000</ele>
			</trkpt>
			<trkpt lat="47.573928" lon="18.912788">
				<ele>410.000000</ele>
			</trkpt>
			<trkpt lat="47.573922" lon="18.912815">
				<ele>410.000000</ele>
			</trkpt>
			<trkpt lat="47.573915" lon="18.912843">
				<ele>409.000000</ele>
			</trkpt>
			<trkpt lat="47.573909" lon="18.912878">
				<ele>409.000000</ele>
			</trkpt>
			<trkpt lat="47.573903" lon="18.912905">
				<ele>409.000000</ele>
			</trkpt>
			<trkpt lat="47.573903" lon="18.912950">
				<ele>409.000000</ele>
			</trkpt>
			<trkpt lat="47.573903" lon="18.912987">
				<ele>409.000000</ele>
			</trkpt>
			<trkpt lat="47.573897" lon="18.913031">
				<ele>409.000000</ele>
			</trkpt>
			<trkpt lat="47.573891" lon="18.913067">
				<ele>409.000000</ele>
			</trkpt>
			<trkpt lat="47.573885" lon="18.913103">
				<ele>409.000000</ele>
			</trkpt>
			<trkpt lat="47.573879" lon="18.913130">
				<ele>408.000000</ele>
			</trkpt>
			<trkpt lat="47.573867" lon="18.913157">
				<ele>408.000000</ele>
			</trkpt>
			<trkpt lat="47.573861" lon="18.913174">
				<ele>408.000000</ele>
			</trkpt>
			<trkpt lat="47.573830" lon="18.913229">
				<ele>408.000000</ele>
			</trkpt>
			<trkpt lat="47.573800" lon="18.913274">
				<ele>408.000000</ele>
			</trkpt>
			<trkpt lat="47.573782" lon="18.913300">
				<ele>408.000000</ele>
			</trkpt>
			<trkpt lat="47.573746" lon="18.913373">
				<ele>407.000000</ele>
			</trkpt>
			<trkpt lat="47.573734" lon="18.913390">
				<ele>407.000000</ele>
			</trkpt>
			<trkpt lat="47.573715" lon="18.913417">
				<ele>407.000000</ele>
			</trkpt>
			<trkpt lat="47.573703" lon="18.913436">
				<ele>407.000000</ele>
			</trkpt>
			<trkpt lat="47.573691" lon="18.913453">
				<ele>407.000000</ele>
			</trkpt>
			<trkpt lat="47.573673" lon="18.913480">
				<ele>407.000000</ele>
			</trkpt>
			<trkpt lat="47.573661" lon="18.913507">
				<ele>407.000000</ele>
			</trkpt>
			<trkpt lat="47.573655" lon="18.913526">
				<ele>407.000000</ele>
			</trkpt>
			<trkpt lat="47.573643" lon="18.913553">
				<ele>406.000000</ele>
			</trkpt>
			<trkpt lat="47.573631" lon="18.913587">
				<ele>406.000000</ele>
			</trkpt>
			<trkpt lat="47.573624" lon="18.913606">
				<ele>406.000000</ele>
			</trkpt>
			<trkpt lat="47.573624" lon="18.913616">
				<ele>406.000000</ele>
			</trkpt>
			<trkpt lat="47.573618" lon="18.913624">
				<ele>406.000000</ele>
			</trkpt>
			<trkpt lat="47.573606" lon="18.913642">
				<ele>406.000000</ele>
			</trkpt>
			<trkpt lat="47.573588" lon="18.913669">
				<ele>406.000000</ele>
			</trkpt>
			<trkpt lat="47.573449" lon="18.913849">
				<ele>405.000000</ele>
			</trkpt>
			<trkpt lat="47.573425" lon="18.913876">
				<ele>405.000000</ele>
			</trkpt>
			<trkpt lat="47.573419" lon="18.913893">
				<ele>405.000000</ele>
			</trkpt>
			<trkpt lat="47.573400" lon="18.913920">
				<ele>405.000000</ele>
			</trkpt>
			<trkpt lat="47.573364" lon="18.914002">
				<ele>404.000000</ele>
			</trkpt>
			<trkpt lat="47.573315" lon="18.914092">
				<ele>404.000000</ele>
			</trkpt>
			<trkpt lat="47.573291" lon="18.914145">
				<ele>404.000000</ele>
			</trkpt>
			<trkpt lat="47.573261" lon="18.914235">
				<ele>403.000000</ele>
			</trkpt>
			<trkpt lat="47.573242" lon="18.914289">
				<ele>403.000000</ele>
			</trkpt>
			<trkpt lat="47.573230" lon="18.914333">
				<ele>403.000000</ele>
			</trkpt>
			<trkpt lat="47.573218" lon="18.914369">
				<ele>403.000000</ele>
			</trkpt>
			<trkpt lat="47.573206" lon="18.914423">
				<ele>403.000000</ele>
			</trkpt>
			<trkpt lat="47.573188" lon="18.914469">
				<ele>402.000000</ele>
			</trkpt>
			<trkpt lat="47.573085" lon="18.914792">
				<ele>401.000000</ele>
			</trkpt>
			<trkpt lat="47.573018" lon="18.914962">
				<ele>401.000000</ele>
			</trkpt>
			<trkpt lat="47.573000" lon="18.915008">
				<ele>400.000000</ele>
			</trkpt>
			<trkpt lat="47.572982" lon="18.915061">
				<ele>400.000000</ele>
			</trkpt>
			<trkpt lat="47.572970" lon="18.915115">
				<ele>400.000000</ele>
			</trkpt>
			<trkpt lat="47.572952" lon="18.915187">
				<ele>400.000000</ele>
			</trkpt>
			<trkpt lat="47.572946" lon="18.915214">
				<ele>400.000000</ele>
			</trkpt>
			<trkpt lat="47.572940" lon="18.915232">
				<ele>399.000000</ele>
			</trkpt>
			<trkpt lat="47.572885" lon="18.915375">
				<ele>399.000000</ele>
			</trkpt>
			<trkpt lat="47.572867" lon="18.915411">
				<ele>399.000000</ele>
			</trkpt>
			<trkpt lat="47.572837" lon="18.915474">
				<ele>398.000000</ele>
			</trkpt>
			<trkpt lat="47.572751" lon="18.915664">
				<ele>397.000000</ele>
			</trkpt>
			<trkpt lat="47.572739" lon="18.915681">
				<ele>397.000000</ele>
			</trkpt>
			<trkpt lat="47.572727" lon="18.915717">
				<ele>397.000000</ele>
			</trkpt>
			<trkpt lat="47.572715" lon="18.915753">
				<ele>397.000000</ele>
			</trkpt>
			<trkpt lat="47.572703" lon="18.915771">
				<ele>397.000000</ele>
			</trkpt>
			<trkpt lat="47.572685" lon="18.915798">
				<ele>397.000000</ele>
			</trkpt>
			<trkpt lat="47.572606" lon="18.915924">
				<ele>396.000000</ele>
			</trkpt>
			<trkpt lat="47.572485" lon="18.916086">
				<ele>395.000000</ele>
			</trkpt>
			<trkpt lat="47.572461" lon="18.916103">
				<ele>395.000000</ele>
			</trkpt>
			<trkpt lat="47.572430" lon="18.916130">
				<ele>395.000000</ele>
			</trkpt>
			<trkpt lat="47.572249" lon="18.916274">
				<ele>394.000000</ele>
			</trkpt>
			<trkpt lat="47.572176" lon="18.916319">
				<ele>393.000000</ele>
			</trkpt>
			<trkpt lat="47.571933" lon="18.916436">
				<ele>392.000000</ele>
			</trkpt>
			<trkpt lat="47.571885" lon="18.916472">
				<ele>391.000000</ele>
			</trkpt>
			<trkpt lat="47.571861" lon="18.916490">
				<ele>391.000000</ele>
			</trkpt>
			<trkpt lat="47.571837" lon="18.916516">
				<ele>391.000000</ele>
			</trkpt>
			<trkpt lat="47.571819" lon="18.916535">
				<ele>391.000000</ele>
			</trkpt>
			<trkpt lat="47.571794" lon="18.916570">
				<ele>391.000000</ele>
			</trkpt>
			<trkpt lat="47.571752" lon="18.916625">
				<ele>390.000000</ele>
			</trkpt>
			<trkpt lat="47.571715" lon="18.916687">
				<ele>390.000000</ele>
			</trkpt>
			<trkpt lat="47.571546" lon="18.916948">
				<ele>390.000000</ele>
			</trkpt>
			<trkpt lat="47.571424" lon="18.917109">
				<ele>390.000000</ele>
			</trkpt>
			<trkpt lat="47.571249" lon="18.917369">
				<ele>390.000000</ele>
			</trkpt>
			<trkpt lat="47.571170" lon="18.917505">
				<ele>390.000000</ele>
			</trkpt>
			<trkpt lat="47.571133" lon="18.917577">
				<ele>390.000000</ele>
			</trkpt>
			<trkpt lat="47.571085" lon="18.917658">
				<ele>390.000000</ele>
			</trkpt>
			<trkpt lat="47.571025" lon="18.917765">
				<ele>390.000000</ele>
			</trkpt>
			<trkpt lat="47.570994" lon="18.917811">
				<ele>390.000000</ele>
			</trkpt>
			<trkpt lat="47.570915" lon="18.917927">
				<ele>390.000000</ele>
			</trkpt>
			<trkpt lat="47.570824" lon="18.918035">
				<ele>390.000000</ele>
			</trkpt>
			<trkpt lat="47.570770" lon="18.918107">
				<ele>390.000000</ele>
			</trkpt>
			<trkpt lat="47.570746" lon="18.918143">
				<ele>390.000000</ele>
			</trkpt>
			<trkpt lat="47.570722" lon="18.918187">
				<ele>390.000000</ele>
			</trkpt>
			<trkpt lat="47.570649" lon="18.918323">
				<ele>390.000000</ele>
			</trkpt>
			<trkpt lat="47.570582" lon="18.918421">
				<ele>390.000000</ele>
			</trkpt>
			<trkpt lat="47.570533" lon="18.918501">
				<ele>390.000000</ele>
			</trkpt>
			<trkpt lat="47.570497" lon="18.918583">
				<ele>390.000000</ele>
			</trkpt>
			<trkpt lat="47.570491" lon="18.918601">
				<ele>390.000000</ele>
			</trkpt>
			<trkpt lat="47.570479" lon="18.918627">
				<ele>390.000000</ele>
			</trkpt>
			<trkpt lat="47.570473" lon="18.918646">
				<ele>390.000000</ele>
			</trkpt>
			<trkpt lat="47.570467" lon="18.918664">
				<ele>390.000000</ele>
			</trkpt>
			<trkpt lat="47.570443" lon="18.918709">
				<ele>390.000000</ele>
			</trkpt>
			<trkpt lat="47.570413" lon="18.918744">
				<ele>390.000000</ele>
			</trkpt>
			<trkpt lat="47.570394" lon="18.918771">
				<ele>390.000000</ele>
			</trkpt>
			<trkpt lat="47.570382" lon="18.918790">
				<ele>390.000000</ele>
			</trkpt>
			<trkpt lat="47.570364" lon="18.918799">
				<ele>390.000000</ele>
			</trkpt>
			<trkpt lat="47.570321" lon="18.918843">
				<ele>390.000000</ele>
			</trkpt>
			<trkpt lat="47.570309" lon="18.918861">
				<ele>390.000000</ele>
			</trkpt>
			<trkpt lat="47.570279" lon="18.918897">
				<ele>390.000000</ele>
			</trkpt>
			<trkpt lat="47.570267" lon="18.918916">
				<ele>390.000000</ele>
			</trkpt>
			<trkpt lat="47.570267" lon="18.918916">
				<ele>390.000000</ele>
			</trkpt>
			<trkpt lat="47.570237" lon="18.918951">
				<ele>390.000000</ele>
			</trkpt>
			<trkpt lat="47.570115" lon="18.919122">
				<ele>390.000000</ele>
			</trkpt>
			<trkpt lat="47.570048" lon="18.919203">
				<ele>390.000000</ele>
			</trkpt>
			<trkpt lat="47.570018" lon="18.919239">
				<ele>390.000000</ele>
			</trkpt>
			<trkpt lat="47.569982" lon="18.919283">
				<ele>390.000000</ele>
			</trkpt>
			<trkpt lat="47.569958" lon="18.919310">
				<ele>390.000000</ele>
			</trkpt>
			<trkpt lat="47.569909" lon="18.919373">
				<ele>390.000000</ele>
			</trkpt>
			<trkpt lat="47.569897" lon="18.919400">
				<ele>390.000000</ele>
			</trkpt>
			<trkpt lat="47.569879" lon="18.919427">
				<ele>390.000000</ele>
			</trkpt>
			<trkpt lat="47.569849" lon="18.919499">
				<ele>390.000000</ele>
			</trkpt>
			<trkpt lat="47.569837" lon="18.919526">
				<ele>390.000000</ele>
			</trkpt>
			<trkpt lat="47.569830" lon="18.919535">
				<ele>390.000000</ele>
			</trkpt>
			<trkpt lat="47.569812" lon="18.919562">
				<ele>390.000000</ele>
			</trkpt>
			<trkpt lat="47.569733" lon="18.919625">
				<ele>390.000000</ele>
			</trkpt>
			<trkpt lat="47.569691" lon="18.919696">
				<ele>390.000000</ele>
			</trkpt>
			<trkpt lat="47.569679" lon="18.919706">
				<ele>390.000000</ele>
			</trkpt>
			<trkpt lat="47.569667" lon="18.919723">
				<ele>390.000000</ele>
			</trkpt>
			<trkpt lat="47.569631" lon="18.919769">
				<ele>390.000000</ele>
			</trkpt>
			<trkpt lat="47.569619" lon="18.919778">
				<ele>390.000000</ele>
			</trkpt>
			<trkpt lat="47.569613" lon="18.919786">
				<ele>390.000000</ele>
			</trkpt>
			<trkpt lat="47.569606" lon="18.919795">
				<ele>390.000000</ele>
			</trkpt>
			<trkpt lat="47.569588" lon="18.919832">
				<ele>390.000000</ele>
			</trkpt>
			<trkpt lat="47.569552" lon="18.919876">
				<ele>390.000000</ele>
			</trkpt>
			<trkpt lat="47.569491" lon="18.920019">
				<ele>390.000000</ele>
			</trkpt>
			<trkpt lat="47.569461" lon="18.920082">
				<ele>390.000000</ele>
			</trkpt>
			<trkpt lat="47.569442" lon="18.920137">
				<ele>390.000000</ele>
			</trkpt>
			<trkpt lat="47.569406" lon="18.920209">
				<ele>390.000000</ele>
			</trkpt>
			<trkpt lat="47.569382" lon="18.920272">
				<ele>390.000000</ele>
			</trkpt>
			<trkpt lat="47.569358" lon="18.920335">
				<ele>390.000000</ele>
			</trkpt>
			<trkpt lat="47.569328" lon="18.920388">
				<ele>390.000000</ele>
			</trkpt>
			<trkpt lat="47.569285" lon="18.920524">
				<ele>390.000000</ele>
			</trkpt>
			<trkpt lat="47.569273" lon="18.920568">
				<ele>390.000000</ele>
			</trkpt>
			<trkpt lat="47.569267" lon="18.920614">
				<ele>390.000000</ele>
			</trkpt>
			<trkpt lat="47.569261" lon="18.920648">
				<ele>390.000000</ele>
			</trkpt>
			<trkpt lat="47.569242" lon="18.920703">
				<ele>390.000000</ele>
			</trkpt>
			<trkpt lat="47.569261" lon="18.920730">
				<ele>390.000000</ele>
			</trkpt>
			<trkpt lat="47.569261" lon="18.920757">
				<ele>390.000000</ele>
			</trkpt>
			<trkpt lat="47.569261" lon="18.920774">
				<ele>390.000000</ele>
			</trkpt>
			<trkpt lat="47.569267" lon="18.920793">
				<ele>390.000000</ele>
			</trkpt>
			<trkpt lat="47.569285" lon="18.920847">
				<ele>390.000000</ele>
			</trkpt>
			<trkpt lat="47.569303" lon="18.920883">
				<ele>390.000000</ele>
			</trkpt>
			<trkpt lat="47.569316" lon="18.920901">
				<ele>390.000000</ele>
			</trkpt>
			<trkpt lat="47.569328" lon="18.920918">
				<ele>390.000000</ele>
			</trkpt>
			<trkpt lat="47.569334" lon="18.920937">
				<ele>390.000000</ele>
			</trkpt>
			<trkpt lat="47.569515" lon="18.921493">
				<ele>390.000000</ele>
			</trkpt>
			<trkpt lat="47.569539" lon="18.921566">
				<ele>390.000000</ele>
			</trkpt>
			<trkpt lat="47.569564" lon="18.921656">
				<ele>390.000000</ele>
			</trkpt>
			<trkpt lat="47.569600" lon="18.921799">
				<ele>390.000000</ele>
			</trkpt>
			<trkpt lat="47.569613" lon="18.921826">
				<ele>390.000000</ele>
			</trkpt>
			<trkpt lat="47.569619" lon="18.921853">
				<ele>390.000000</ele>
			</trkpt>
			<trkpt lat="47.569631" lon="18.921880">
				<ele>390.000000</ele>
			</trkpt>
			<trkpt lat="47.569643" lon="18.921897">
				<ele>390.000000</ele>
			</trkpt>
			<trkpt lat="47.569661" lon="18.921925">
				<ele>390.000000</ele>
			</trkpt>
			<trkpt lat="47.569685" lon="18.921960">
				<ele>390.000000</ele>
			</trkpt>
			<trkpt lat="47.569745" lon="18.922042">
				<ele>390.000000</ele>
			</trkpt>
			<trkpt lat="47.569824" lon="18.922419">
				<ele>390.000000</ele>
			</trkpt>
			<trkpt lat="47.569849" lon="18.922562">
				<ele>390.000000</ele>
			</trkpt>
			<trkpt lat="47.569867" lon="18.922679">
				<ele>390.000000</ele>
			</trkpt>
			<trkpt lat="47.569879" lon="18.922805">
				<ele>390.000000</ele>
			</trkpt>
			<trkpt lat="47.569891" lon="18.922912">
				<ele>390.000000</ele>
			</trkpt>
			<trkpt lat="47.569897" lon="18.923021">
				<ele>390.000000</ele>
			</trkpt>
			<trkpt lat="47.569897" lon="18.923119">
				<ele>390.000000</ele>
			</trkpt>
			<trkpt lat="47.569897" lon="18.923155">
				<ele>390.000000</ele>
			</trkpt>
			<trkpt lat="47.569897" lon="18.923191">
				<ele>390.000000</ele>
			</trkpt>
			<trkpt lat="47.569891" lon="18.923218">
				<ele>390.000000</ele>
			</trkpt>
			<trkpt lat="47.569885" lon="18.923254">
				<ele>390.000000</ele>
			</trkpt>
			<trkpt lat="47.569873" lon="18.923308">
				<ele>390.000000</ele>
			</trkpt>
			<trkpt lat="47.569861" lon="18.923344">
				<ele>390.000000</ele>
			</trkpt>
			<trkpt lat="47.569843" lon="18.923415">
				<ele>390.000000</ele>
			</trkpt>
			<trkpt lat="47.569830" lon="18.923478">
				<ele>390.000000</ele>
			</trkpt>
			<trkpt lat="47.569824" lon="18.923551">
				<ele>390.000000</ele>
			</trkpt>
			<trkpt lat="47.569806" lon="18.923650">
				<ele>390.000000</ele>
			</trkpt>
			<trkpt lat="47.569794" lon="18.923694">
				<ele>390.000000</ele>
			</trkpt>
			<trkpt lat="47.569782" lon="18.923730">
				<ele>390.000000</ele>
			</trkpt>
			<trkpt lat="47.569757" lon="18.923801">
				<ele>390.000000</ele>
			</trkpt>
			<trkpt lat="47.569727" lon="18.923864">
				<ele>390.000000</ele>
			</trkpt>
			<trkpt lat="47.569709" lon="18.923927">
				<ele>390.000000</ele>
			</trkpt>
			<trkpt lat="47.569703" lon="18.923964">
				<ele>391.000000</ele>
			</trkpt>
			<trkpt lat="47.569697" lon="18.923973">
				<ele>391.000000</ele>
			</trkpt>
			<trkpt lat="47.569158" lon="18.924700">
				<ele>394.000000</ele>
			</trkpt>
			<trkpt lat="47.569133" lon="18.924736">
				<ele>394.000000</ele>
			</trkpt>
			<trkpt lat="47.569061" lon="18.924826">
				<ele>394.000000</ele>
			</trkpt>
			<trkpt lat="47.569018" lon="18.924862">
				<ele>394.000000</ele>
			</trkpt>
			<trkpt lat="47.568963" lon="18.924906">
				<ele>395.000000</ele>
			</trkpt>
			<trkpt lat="47.568927" lon="18.924933">
				<ele>395.000000</ele>
			</trkpt>
			<trkpt lat="47.568843" lon="18.924969">
				<ele>395.000000</ele>
			</trkpt>
			<trkpt lat="47.568764" lon="18.925015">
				<ele>396.000000</ele>
			</trkpt>
			<trkpt lat="47.568673" lon="18.925069">
				<ele>396.000000</ele>
			</trkpt>
			<trkpt lat="47.568516" lon="18.925159">
				<ele>397.000000</ele>
			</trkpt>
			<trkpt lat="47.568467" lon="18.925185">
				<ele>397.000000</ele>
			</trkpt>
			<trkpt lat="47.568339" lon="18.925275">
				<ele>398.000000</ele>
			</trkpt>
			<trkpt lat="47.568285" lon="18.925311">
				<ele>398.000000</ele>
			</trkpt>
			<trkpt lat="47.568194" lon="18.925382">
				<ele>398.000000</ele>
			</trkpt>
			<trkpt lat="47.568036" lon="18.925499">
				<ele>399.000000</ele>
			</trkpt>
			<trkpt lat="47.567879" lon="18.925608">
				<ele>400.000000</ele>
			</trkpt>
			<trkpt lat="47.567721" lon="18.925715">
				<ele>401.000000</ele>
			</trkpt>
			<trkpt lat="47.567618" lon="18.925778">
				<ele>401.000000</ele>
			</trkpt>
			<trkpt lat="47.567497" lon="18.925824">
				<ele>402.000000</ele>
			</trkpt>
			<trkpt lat="47.567351" lon="18.925868">
				<ele>403.000000</ele>
			</trkpt>
			<trkpt lat="47.567176" lon="18.925922">
				<ele>404.000000</ele>
			</trkpt>
			<trkpt lat="47.567048" lon="18.925958">
				<ele>405.000000</ele>
			</trkpt>
			<trkpt lat="47.566958" lon="18.925967">
				<ele>405.000000</ele>
			</trkpt>
			<trkpt lat="47.566885" lon="18.925985">
				<ele>406.000000</ele>
			</trkpt>
			<trkpt lat="47.566824" lon="18.926003">
				<ele>406.000000</ele>
			</trkpt>
			<trkpt lat="47.566509" lon="18.926065">
				<ele>408.000000</ele>
			</trkpt>
			<trkpt lat="47.566309" lon="18.926138">
				<ele>409.000000</ele>
			</trkpt>
			<trkpt lat="47.566212" lon="18.926164">
				<ele>410.000000</ele>
			</trkpt>
			<trkpt lat="47.566121" lon="18.926174">
				<ele>410.000000</ele>
			</trkpt>
			<trkpt lat="47.565994" lon="18.925841">
				<ele>409.000000</ele>
			</trkpt>
			<trkpt lat="47.565975" lon="18.925797">
				<ele>409.000000</ele>
			</trkpt>
			<trkpt lat="47.565963" lon="18.925778">
				<ele>409.000000</ele>
			</trkpt>
			<trkpt lat="47.565951" lon="18.925761">
				<ele>409.000000</ele>
			</trkpt>
			<trkpt lat="47.565933" lon="18.925751">
				<ele>409.000000</ele>
			</trkpt>
			<trkpt lat="47.565885" lon="18.925742">
				<ele>409.000000</ele>
			</trkpt>
			<trkpt lat="47.565854" lon="18.925742">
				<ele>409.000000</ele>
			</trkpt>
			<trkpt lat="47.565830" lon="18.925742">
				<ele>409.000000</ele>
			</trkpt>
			<trkpt lat="47.565800" lon="18.925751">
				<ele>409.000000</ele>
			</trkpt>
			<trkpt lat="47.565782" lon="18.925761">
				<ele>409.000000</ele>
			</trkpt>
			<trkpt lat="47.565770" lon="18.925769">
				<ele>409.000000</ele>
			</trkpt>
			<trkpt lat="47.565752" lon="18.925788">
				<ele>409.000000</ele>
			</trkpt>
			<trkpt lat="47.565721" lon="18.925824">
				<ele>409.000000</ele>
			</trkpt>
			<trkpt lat="47.565691" lon="18.925841">
				<ele>408.000000</ele>
			</trkpt>
			<trkpt lat="47.565654" lon="18.925868">
				<ele>408.000000</ele>
			</trkpt>
			<trkpt lat="47.565612" lon="18.925895">
				<ele>408.000000</ele>
			</trkpt>
			<trkpt lat="47.565503" lon="18.925967">
				<ele>408.000000</ele>
			</trkpt>
			<trkpt lat="47.565442" lon="18.926003">
				<ele>408.000000</ele>
			</trkpt>
			<trkpt lat="47.565381" lon="18.926057">
				<ele>408.000000</ele>
			</trkpt>
			<trkpt lat="47.565345" lon="18.926093">
				<ele>408.000000</ele>
			</trkpt>
			<trkpt lat="47.565327" lon="18.926111">
				<ele>408.000000</ele>
			</trkpt>
			<trkpt lat="47.565285" lon="18.926174">
				<ele>407.000000</ele>
			</trkpt>
			<trkpt lat="47.565261" lon="18.926210">
				<ele>407.000000</ele>
			</trkpt>
			<trkpt lat="47.565163" lon="18.926371">
				<ele>407.000000</ele>
			</trkpt>
			<trkpt lat="47.565121" lon="18.926425">
				<ele>407.000000</ele>
			</trkpt>
			<trkpt lat="47.565072" lon="18.926488">
				<ele>407.000000</ele>
			</trkpt>
			<trkpt lat="47.565000" lon="18.926551">
				<ele>407.000000</ele>
			</trkpt>
			<trkpt lat="47.564964" lon="18.926587">
				<ele>406.000000</ele>
			</trkpt>
			<trkpt lat="47.564939" lon="18.926604">
				<ele>406.000000</ele>
			</trkpt>
			<trkpt lat="47.564903" lon="18.926614">
				<ele>406.000000</ele>
			</trkpt>
			<trkpt lat="47.564854" lon="18.926623">
				<ele>406.000000</ele>
			</trkpt>
			<trkpt lat="47.564818" lon="18.926631">
				<ele>406.000000</ele>
			</trkpt>
			<trkpt lat="47.564787" lon="18.926631">
				<ele>406.000000</ele>
			</trkpt>
			<trkpt lat="47.564757" lon="18.926631">
				<ele>406.000000</ele>
			</trkpt>
			<trkpt lat="47.564661" lon="18.926623">
				<ele>406.000000</ele>
			</trkpt>
			<trkpt lat="47.564624" lon="18.926623">
				<ele>406.000000</ele>
			</trkpt>
			<trkpt lat="47.564472" lon="18.926640">
				<ele>405.000000</ele>
			</trkpt>
			<trkpt lat="47.564302" lon="18.926677">
				<ele>405.000000</ele>
			</trkpt>
			<trkpt lat="47.564266" lon="18.926677">
				<ele>405.000000</ele>
			</trkpt>
			<trkpt lat="47.564242" lon="18.926686">
				<ele>405.000000</ele>
			</trkpt>
			<trkpt lat="47.564200" lon="18.926713">
				<ele>405.000000</ele>
			</trkpt>
			<trkpt lat="47.564157" lon="18.926740">
				<ele>405.000000</ele>
			</trkpt>
			<trkpt lat="47.564139" lon="18.926749">
				<ele>405.000000</ele>
			</trkpt>
			<trkpt lat="47.564121" lon="18.926767">
				<ele>404.000000</ele>
			</trkpt>
			<trkpt lat="47.564072" lon="18.926811">
				<ele>404.000000</ele>
			</trkpt>
			<trkpt lat="47.564011" lon="18.926874">
				<ele>404.000000</ele>
			</trkpt>
			<trkpt lat="47.563963" lon="18.926927">
				<ele>404.000000</ele>
			</trkpt>
			<trkpt lat="47.563933" lon="18.926964">
				<ele>404.000000</ele>
			</trkpt>
			<trkpt lat="47.563818" lon="18.927072">
				<ele>404.000000</ele>
			</trkpt>
			<trkpt lat="47.563720" lon="18.927162">
				<ele>403.000000</ele>
			</trkpt>
			<trkpt lat="47.563630" lon="18.927233">
				<ele>403.000000</ele>
			</trkpt>
			<trkpt lat="47.563594" lon="18.927269">
				<ele>403.000000</ele>
			</trkpt>
			<trkpt lat="47.563569" lon="18.927287">
				<ele>403.000000</ele>
			</trkpt>
			<trkpt lat="47.563496" lon="18.927315">
				<ele>403.000000</ele>
			</trkpt>
			<trkpt lat="47.563478" lon="18.927323">
				<ele>403.000000</ele>
			</trkpt>
			<trkpt lat="47.563448" lon="18.927350">
				<ele>403.000000</ele>
			</trkpt>
			<trkpt lat="47.563411" lon="18.927377">
				<ele>403.000000</ele>
			</trkpt>
			<trkpt lat="47.563381" lon="18.927405">
				<ele>403.000000</ele>
			</trkpt>
			<trkpt lat="47.563339" lon="18.927440">
				<ele>402.000000</ele>
			</trkpt>
			<trkpt lat="47.563236" lon="18.927522">
				<ele>402.000000</ele>
			</trkpt>
			<trkpt lat="47.563151" lon="18.927583">
				<ele>402.000000</ele>
			</trkpt>
			<trkpt lat="47.563072" lon="18.927619">
				<ele>402.000000</ele>
			</trkpt>
			<trkpt lat="47.563006" lon="18.927646">
				<ele>402.000000</ele>
			</trkpt>
			<trkpt lat="47.562969" lon="18.927665">
				<ele>402.000000</ele>
			</trkpt>
			<trkpt lat="47.562933" lon="18.927673">
				<ele>401.000000</ele>
			</trkpt>
			<trkpt lat="47.562884" lon="18.927701">
				<ele>401.000000</ele>
			</trkpt>
			<trkpt lat="47.562830" lon="18.927728">
				<ele>401.000000</ele>
			</trkpt>
			<trkpt lat="47.562799" lon="18.927736">
				<ele>401.000000</ele>
			</trkpt>
			<trkpt lat="47.562763" lon="18.927728">
				<ele>401.000000</ele>
			</trkpt>
			<trkpt lat="47.562642" lon="18.927701">
				<ele>401.000000</ele>
			</trkpt>
			<trkpt lat="47.562599" lon="18.927701">
				<ele>401.000000</ele>
			</trkpt>
			<trkpt lat="47.562563" lon="18.927701">
				<ele>401.000000</ele>
			</trkpt>
			<trkpt lat="47.562539" lon="18.927709">
				<ele>401.000000</ele>
			</trkpt>
			<trkpt lat="47.562521" lon="18.927709">
				<ele>400.000000</ele>
			</trkpt>
			<trkpt lat="47.562502" lon="18.927728">
				<ele>400.000000</ele>
			</trkpt>
			<trkpt lat="47.562466" lon="18.927763">
				<ele>400.000000</ele>
			</trkpt>
			<trkpt lat="47.562424" lon="18.927782">
				<ele>400.000000</ele>
			</trkpt>
			<trkpt lat="47.562381" lon="18.927799">
				<ele>400.000000</ele>
			</trkpt>
			<trkpt lat="47.562344" lon="18.927799">
				<ele>400.000000</ele>
			</trkpt>
			<trkpt lat="47.562320" lon="18.927809">
				<ele>400.000000</ele>
			</trkpt>
			<trkpt lat="47.562218" lon="18.927818">
				<ele>398.000000</ele>
			</trkpt>
			<trkpt lat="47.562187" lon="18.927809">
				<ele>397.000000</ele>
			</trkpt>
			<trkpt lat="47.562151" lon="18.927809">
				<ele>396.000000</ele>
			</trkpt>
			<trkpt lat="47.562127" lon="18.927799">
				<ele>396.000000</ele>
			</trkpt>
			<trkpt lat="47.562090" lon="18.927818">
				<ele>395.000000</ele>
			</trkpt>
			<trkpt lat="47.562005" lon="18.927845">
				<ele>393.000000</ele>
			</trkpt>
			<trkpt lat="47.561963" lon="18.927862">
				<ele>392.000000</ele>
			</trkpt>
			<trkpt lat="47.561945" lon="18.927862">
				<ele>392.000000</ele>
			</trkpt>
			<trkpt lat="47.561915" lon="18.927872">
				<ele>391.000000</ele>
			</trkpt>
			<trkpt lat="47.561854" lon="18.927881">
				<ele>390.000000</ele>
			</trkpt>
			<trkpt lat="47.561811" lon="18.927889">
				<ele>389.000000</ele>
			</trkpt>
			<trkpt lat="47.561769" lon="18.927889">
				<ele>388.000000</ele>
			</trkpt>
			<trkpt lat="47.561751" lon="18.927889">
				<ele>388.000000</ele>
			</trkpt>
			<trkpt lat="47.561738" lon="18.927889">
				<ele>387.000000</ele>
			</trkpt>
			<trkpt lat="47.561732" lon="18.927889">
				<ele>387.000000</ele>
			</trkpt>
			<trkpt lat="47.561726" lon="18.927881">
				<ele>387.000000</ele>
			</trkpt>
			<trkpt lat="47.561720" lon="18.927872">
				<ele>387.000000</ele>
			</trkpt>
			<trkpt lat="47.561702" lon="18.927853">
				<ele>386.000000</ele>
			</trkpt>
			<trkpt lat="47.561678" lon="18.927818">
				<ele>386.000000</ele>
			</trkpt>
			<trkpt lat="47.561672" lon="18.927799">
				<ele>385.000000</ele>
			</trkpt>
			<trkpt lat="47.561648" lon="18.927728">
				<ele>384.000000</ele>
			</trkpt>
			<trkpt lat="47.561636" lon="18.927692">
				<ele>384.000000</ele>
			</trkpt>
			<trkpt lat="47.561624" lon="18.927665">
				<ele>383.000000</ele>
			</trkpt>
			<trkpt lat="47.561612" lon="18.927646">
				<ele>383.000000</ele>
			</trkpt>
			<trkpt lat="47.561587" lon="18.927611">
				<ele>382.000000</ele>
			</trkpt>
			<trkpt lat="47.561563" lon="18.927566">
				<ele>381.000000</ele>
			</trkpt>
			<trkpt lat="47.561557" lon="18.927556">
				<ele>381.000000</ele>
			</trkpt>
			<trkpt lat="47.561551" lon="18.927548">
				<ele>381.000000</ele>
			</trkpt>
			<trkpt lat="47.561544" lon="18.927539">
				<ele>381.000000</ele>
			</trkpt>
			<trkpt lat="47.561532" lon="18.927530">
				<ele>381.000000</ele>
			</trkpt>
			<trkpt lat="47.561520" lon="18.927522">
				<ele>380.000000</ele>
			</trkpt>
			<trkpt lat="47.561514" lon="18.927522">
				<ele>380.000000</ele>
			</trkpt>
			<trkpt lat="47.561490" lon="18.927512">
				<ele>380.000000</ele>
			</trkpt>
			<trkpt lat="47.561478" lon="18.927512">
				<ele>379.000000</ele>
			</trkpt>
			<trkpt lat="47.561466" lon="18.927512">
				<ele>379.000000</ele>
			</trkpt>
			<trkpt lat="47.561460" lon="18.927522">
				<ele>379.000000</ele>
			</trkpt>
			<trkpt lat="47.561448" lon="18.927530">
				<ele>379.000000</ele>
			</trkpt>
			<trkpt lat="47.561435" lon="18.927539">
				<ele>378.000000</ele>
			</trkpt>
			<trkpt lat="47.561429" lon="18.927548">
				<ele>378.000000</ele>
			</trkpt>
			<trkpt lat="47.561423" lon="18.927539">
				<ele>378.000000</ele>
			</trkpt>
			<trkpt lat="47.561417" lon="18.927539">
				<ele>378.000000</ele>
			</trkpt>
			<trkpt lat="47.561387" lon="18.927493">
				<ele>377.000000</ele>
			</trkpt>
			<trkpt lat="47.561363" lon="18.927459">
				<ele>376.000000</ele>
			</trkpt>
			<trkpt lat="47.561333" lon="18.927405">
				<ele>375.000000</ele>
			</trkpt>
			<trkpt lat="47.561314" lon="18.927377">
				<ele>375.000000</ele>
			</trkpt>
			<trkpt lat="47.561308" lon="18.927369">
				<ele>375.000000</ele>
			</trkpt>
			<trkpt lat="47.561308" lon="18.927359">
				<ele>375.000000</ele>
			</trkpt>
			<trkpt lat="47.561302" lon="18.927359">
				<ele>374.000000</ele>
			</trkpt>
			<trkpt lat="47.561290" lon="18.927359">
				<ele>374.000000</ele>
			</trkpt>
			<trkpt lat="47.561284" lon="18.927350">
				<ele>374.000000</ele>
			</trkpt>
			<trkpt lat="47.561278" lon="18.927342">
				<ele>374.000000</ele>
			</trkpt>
			<trkpt lat="47.561278" lon="18.927332">
				<ele>374.000000</ele>
			</trkpt>
			<trkpt lat="47.561278" lon="18.927287">
				<ele>373.000000</ele>
			</trkpt>
			<trkpt lat="47.561278" lon="18.927260">
				<ele>373.000000</ele>
			</trkpt>
			<trkpt lat="47.561278" lon="18.927252">
				<ele>373.000000</ele>
			</trkpt>
			<trkpt lat="47.561278" lon="18.927243">
				<ele>372.000000</ele>
			</trkpt>
			<trkpt lat="47.561278" lon="18.927233">
				<ele>372.000000</ele>
			</trkpt>
			<trkpt lat="47.561272" lon="18.927216">
				<ele>372.000000</ele>
			</trkpt>
			<trkpt lat="47.561272" lon="18.927197">
				<ele>372.000000</ele>
			</trkpt>
			<trkpt lat="47.561266" lon="18.927180">
				<ele>371.000000</ele>
			</trkpt>
			<trkpt lat="47.561253" lon="18.927162">
				<ele>371.000000</ele>
			</trkpt>
			<trkpt lat="47.561247" lon="18.927143">
				<ele>371.000000</ele>
			</trkpt>
			<trkpt lat="47.561247" lon="18.927135">
				<ele>371.000000</ele>
			</trkpt>
			<trkpt lat="47.561247" lon="18.927126">
				<ele>371.000000</ele>
			</trkpt>
			<trkpt lat="47.561241" lon="18.927117">
				<ele>370.000000</ele>
			</trkpt>
			<trkpt lat="47.561241" lon="18.927107">
				<ele>370.000000</ele>
			</trkpt>
			<trkpt lat="47.561235" lon="18.927099">
				<ele>370.000000</ele>
			</trkpt>
			<trkpt lat="47.561229" lon="18.927099">
				<ele>370.000000</ele>
			</trkpt>
			<trkpt lat="47.561223" lon="18.927099">
				<ele>370.000000</ele>
			</trkpt>
			<trkpt lat="47.561217" lon="18.927099">
				<ele>370.000000</ele>
			</trkpt>
			<trkpt lat="47.561211" lon="18.927107">
				<ele>369.000000</ele>
			</trkpt>
			<trkpt lat="47.561199" lon="18.927126">
				<ele>369.000000</ele>
			</trkpt>
			<trkpt lat="47.561187" lon="18.927143">
				<ele>368.000000</ele>
			</trkpt>
			<trkpt lat="47.561181" lon="18.927162">
				<ele>368.000000</ele>
			</trkpt>
			<trkpt lat="47.561175" lon="18.927189">
				<ele>367.000000</ele>
			</trkpt>
			<trkpt lat="47.561163" lon="18.927225">
				<ele>366.000000</ele>
			</trkpt>
			<trkpt lat="47.561157" lon="18.927233">
				<ele>366.000000</ele>
			</trkpt>
			<trkpt lat="47.561157" lon="18.927243">
				<ele>366.000000</ele>
			</trkpt>
			<trkpt lat="47.561151" lon="18.927243">
				<ele>365.000000</ele>
			</trkpt>
			<trkpt lat="47.561145" lon="18.927243">
				<ele>365.000000</ele>
			</trkpt>
			<trkpt lat="47.561138" lon="18.927233">
				<ele>365.000000</ele>
			</trkpt>
			<trkpt lat="47.561126" lon="18.927216">
				<ele>364.000000</ele>
			</trkpt>
			<trkpt lat="47.561108" lon="18.927197">
				<ele>363.000000</ele>
			</trkpt>
			<trkpt lat="47.561102" lon="18.927180">
				<ele>363.000000</ele>
			</trkpt>
			<trkpt lat="47.561096" lon="18.927170">
				<ele>363.000000</ele>
			</trkpt>
			<trkpt lat="47.561090" lon="18.927170">
				<ele>362.000000</ele>
			</trkpt>
			<trkpt lat="47.561084" lon="18.927170">
				<ele>362.000000</ele>
			</trkpt>
			<trkpt lat="47.561084" lon="18.927180">
				<ele>362.000000</ele>
			</trkpt>
			<trkpt lat="47.561078" lon="18.927180">
				<ele>362.000000</ele>
			</trkpt>
			<trkpt lat="47.561072" lon="18.927180">
				<ele>362.000000</ele>
			</trkpt>
			<trkpt lat="47.561072" lon="18.927170">
				<ele>361.000000</ele>
			</trkpt>
			<trkpt lat="47.561072" lon="18.927162">
				<ele>361.000000</ele>
			</trkpt>
			<trkpt lat="47.561066" lon="18.927143">
				<ele>361.000000</ele>
			</trkpt>
			<trkpt lat="47.561066" lon="18.927135">
				<ele>361.000000</ele>
			</trkpt>
			<trkpt lat="47.561060" lon="18.927126">
				<ele>360.000000</ele>
			</trkpt>
			<trkpt lat="47.561054" lon="18.927126">
				<ele>360.000000</ele>
			</trkpt>
			<trkpt lat="47.561042" lon="18.927107">
				<ele>360.000000</ele>
			</trkpt>
			<trkpt lat="47.561023" lon="18.927090">
				<ele>359.000000</ele>
			</trkpt>
			<trkpt lat="47.561005" lon="18.927072">
				<ele>358.000000</ele>
			</trkpt>
			<trkpt lat="47.560999" lon="18.927063">
				<ele>358.000000</ele>
			</trkpt>
			<trkpt lat="47.560993" lon="18.927054">
				<ele>357.000000</ele>
			</trkpt>
			<trkpt lat="47.560981" lon="18.927036">
				<ele>357.000000</ele>
			</trkpt>
			<trkpt lat="47.560968" lon="18.927009">
				<ele>356.000000</ele>
			</trkpt>
			<trkpt lat="47.560938" lon="18.926956">
				<ele>354.000000</ele>
			</trkpt>
			<trkpt lat="47.560932" lon="18.926946">
				<ele>354.000000</ele>
			</trkpt>
			<trkpt lat="47.560920" lon="18.926927">
				<ele>353.000000</ele>
			</trkpt>
			<trkpt lat="47.560896" lon="18.926901">
				<ele>352.000000</ele>
			</trkpt>
			<trkpt lat="47.560878" lon="18.926883">
				<ele>352.000000</ele>
			</trkpt>
			<trkpt lat="47.560854" lon="18.926866">
				<ele>351.000000</ele>
			</trkpt>
			<trkpt lat="47.560811" lon="18.926847">
				<ele>349.000000</ele>
			</trkpt>
			<trkpt lat="47.560775" lon="18.926839">
				<ele>348.000000</ele>
			</trkpt>
			<trkpt lat="47.560745" lon="18.926830">
				<ele>346.000000</ele>
			</trkpt>
			<trkpt lat="47.560677" lon="18.926811">
				<ele>344.000000</ele>
			</trkpt>
			<trkpt lat="47.560653" lon="18.926803">
				<ele>343.000000</ele>
			</trkpt>
			<trkpt lat="47.560623" lon="18.926793">
				<ele>342.000000</ele>
			</trkpt>
			<trkpt lat="47.560569" lon="18.926757">
				<ele>340.000000</ele>
			</trkpt>
			<trkpt lat="47.560526" lon="18.926730">
				<ele>339.000000</ele>
			</trkpt>
			<trkpt lat="47.560514" lon="18.926730">
				<ele>338.000000</ele>
			</trkpt>
			<trkpt lat="47.560502" lon="18.926730">
				<ele>338.000000</ele>
			</trkpt>
			<trkpt lat="47.560478" lon="18.926721">
				<ele>337.000000</ele>
			</trkpt>
			<trkpt lat="47.560466" lon="18.926721">
				<ele>337.000000</ele>
			</trkpt>
			<trkpt lat="47.560453" lon="18.926713">
				<ele>337.000000</ele>
			</trkpt>
			<trkpt lat="47.560441" lon="18.926694">
				<ele>336.000000</ele>
			</trkpt>
			<trkpt lat="47.560429" lon="18.926677">
				<ele>336.000000</ele>
			</trkpt>
			<trkpt lat="47.560417" lon="18.926650">
				<ele>336.000000</ele>
			</trkpt>
			<trkpt lat="47.560393" lon="18.926614">
				<ele>335.000000</ele>
			</trkpt>
			<trkpt lat="47.560374" lon="18.926577">
				<ele>334.000000</ele>
			</trkpt>
			<trkpt lat="47.560344" lon="18.926514">
				<ele>333.000000</ele>
			</trkpt>
			<trkpt lat="47.560314" lon="18.926451">
				<ele>332.000000</ele>
			</trkpt>
			<trkpt lat="47.560290" lon="18.926416">
				<ele>331.000000</ele>
			</trkpt>
			<trkpt lat="47.560272" lon="18.926398">
				<ele>330.000000</ele>
			</trkpt>
			<trkpt lat="47.560260" lon="18.926371">
				<ele>330.000000</ele>
			</trkpt>
			<trkpt lat="47.560248" lon="18.926353">
				<ele>329.000000</ele>
			</trkpt>
			<trkpt lat="47.560229" lon="18.926317">
				<ele>329.000000</ele>
			</trkpt>
			<trkpt lat="47.560217" lon="18.926300">
				<ele>328.000000</ele>
			</trkpt>
			<trkpt lat="47.560162" lon="18.926254">
				<ele>327.000000</ele>
			</trkpt>
			<trkpt lat="47.560120" lon="18.926210">
				<ele>325.000000</ele>
			</trkpt>
			<trkpt lat="47.560102" lon="18.926201">
				<ele>325.000000</ele>
			</trkpt>
			<trkpt lat="47.560090" lon="18.926191">
				<ele>324.000000</ele>
			</trkpt>
			<trkpt lat="47.560077" lon="18.926191">
				<ele>324.000000</ele>
			</trkpt>
			<trkpt lat="47.560065" lon="18.926183">
				<ele>324.000000</ele>
			</trkpt>
			<trkpt lat="47.560047" lon="18.926183">
				<ele>323.000000</ele>
			</trkpt>
			<trkpt lat="47.560035" lon="18.926183">
				<ele>323.000000</ele>
			</trkpt>
			<trkpt lat="47.560029" lon="18.926183">
				<ele>323.000000</ele>
			</trkpt>
			<trkpt lat="47.560023" lon="18.926183">
				<ele>323.000000</ele>
			</trkpt>
			<trkpt lat="47.560023" lon="18.926191">
				<ele>323.000000</ele>
			</trkpt>
			<trkpt lat="47.560017" lon="18.926191">
				<ele>322.000000</ele>
			</trkpt>
			<trkpt lat="47.559999" lon="18.926237">
				<ele>322.000000</ele>
			</trkpt>
			<trkpt lat="47.559981" lon="18.926281">
				<ele>321.000000</ele>
			</trkpt>
			<trkpt lat="47.559951" lon="18.926363">
				<ele>319.000000</ele>
			</trkpt>
			<trkpt lat="47.559908" lon="18.926480">
				<ele>317.000000</ele>
			</trkpt>
			<trkpt lat="47.559884" lon="18.926577">
				<ele>315.000000</ele>
			</trkpt>
			<trkpt lat="47.559859" lon="18.926640">
				<ele>314.000000</ele>
			</trkpt>
			<trkpt lat="47.559835" lon="18.926713">
				<ele>313.000000</ele>
			</trkpt>
			<trkpt lat="47.559805" lon="18.926803">
				<ele>311.000000</ele>
			</trkpt>
			<trkpt lat="47.559780" lon="18.926883">
				<ele>310.000000</ele>
			</trkpt>
			<trkpt lat="47.559768" lon="18.926937">
				<ele>310.000000</ele>
			</trkpt>
			<trkpt lat="47.559744" lon="18.927045">
				<ele>309.000000</ele>
			</trkpt>
			<trkpt lat="47.559726" lon="18.927135">
				<ele>308.000000</ele>
			</trkpt>
			<trkpt lat="47.559720" lon="18.927197">
				<ele>307.000000</ele>
			</trkpt>
			<trkpt lat="47.559720" lon="18.927243">
				<ele>307.000000</ele>
			</trkpt>
			<trkpt lat="47.559726" lon="18.927296">
				<ele>307.000000</ele>
			</trkpt>
			<trkpt lat="47.559738" lon="18.927359">
				<ele>306.000000</ele>
			</trkpt>
			<trkpt lat="47.559774" lon="18.927503">
				<ele>305.000000</ele>
			</trkpt>
			<trkpt lat="47.559811" lon="18.927611">
				<ele>304.000000</ele>
			</trkpt>
			<trkpt lat="47.559829" lon="18.927673">
				<ele>303.000000</ele>
			</trkpt>
			<trkpt lat="47.559841" lon="18.927709">
				<ele>303.000000</ele>
			</trkpt>
			<trkpt lat="47.559859" lon="18.927746">
				<ele>303.000000</ele>
			</trkpt>
			<trkpt lat="47.559884" lon="18.927799">
				<ele>302.000000</ele>
			</trkpt>
			<trkpt lat="47.559908" lon="18.927835">
				<ele>302.000000</ele>
			</trkpt>
			<trkpt lat="47.559945" lon="18.927881">
				<ele>301.000000</ele>
			</trkpt>
			<trkpt lat="47.559987" lon="18.927935">
				<ele>301.000000</ele>
			</trkpt>
			<trkpt lat="47.560011" lon="18.927971">
				<ele>300.000000</ele>
			</trkpt>
			<trkpt lat="47.560017" lon="18.927979">
				<ele>300.000000</ele>
			</trkpt>
			<trkpt lat="47.560023" lon="18.927998">
				<ele>300.000000</ele>
			</trkpt>
			<trkpt lat="47.560029" lon="18.928051">
				<ele>298.000000</ele>
			</trkpt>
			<trkpt lat="47.560035" lon="18.928088">
				<ele>296.000000</ele>
			</trkpt>
			<trkpt lat="47.560047" lon="18.928141">
				<ele>293.000000</ele>
			</trkpt>
			<trkpt lat="47.560047" lon="18.928149">
				<ele>293.000000</ele>
			</trkpt>
			<trkpt lat="47.560047" lon="18.928168">
				<ele>292.000000</ele>
			</trkpt>
			<trkpt lat="47.560041" lon="18.928177">
				<ele>292.000000</ele>
			</trkpt>
			<trkpt lat="47.560041" lon="18.928204">
				<ele>291.000000</ele>
			</trkpt>
			<trkpt lat="47.560035" lon="18.928212">
				<ele>290.000000</ele>
			</trkpt>
			<trkpt lat="47.560071" lon="18.928275">
				<ele>290.000000</ele>
			</trkpt>
			<trkpt lat="47.560090" lon="18.928311">
				<ele>290.000000</ele>
			</trkpt>
			<trkpt lat="47.560108" lon="18.928348">
				<ele>290.000000</ele>
			</trkpt>
			<trkpt lat="47.560114" lon="18.928374">
				<ele>290.000000</ele>
			</trkpt>
			<trkpt lat="47.560132" lon="18.928438">
				<ele>290.000000</ele>
			</trkpt>
			<trkpt lat="47.560150" lon="18.928509">
				<ele>290.000000</ele>
			</trkpt>
			<trkpt lat="47.560162" lon="18.928590">
				<ele>290.000000</ele>
			</trkpt>
			<trkpt lat="47.560169" lon="18.928644">
				<ele>290.000000</ele>
			</trkpt>
			<trkpt lat="47.560181" lon="18.928688">
				<ele>290.000000</ele>
			</trkpt>
			<trkpt lat="47.560181" lon="18.928725">
				<ele>290.000000</ele>
			</trkpt>
			<trkpt lat="47.560187" lon="18.928841">
				<ele>290.000000</ele>
			</trkpt>
			<trkpt lat="47.560187" lon="18.928940">
				<ele>290.000000</ele>
			</trkpt>
			<trkpt lat="47.560181" lon="18.929057">
				<ele>290.000000</ele>
			</trkpt>
			<trkpt lat="47.560175" lon="18.929138">
				<ele>290.000000</ele>
			</trkpt>
			<trkpt lat="47.560162" lon="18.929201">
				<ele>290.000000</ele>
			</trkpt>
			<trkpt lat="47.560138" lon="18.929309">
				<ele>290.000000</ele>
			</trkpt>
			<trkpt lat="47.560114" lon="18.929434">
				<ele>290.000000</ele>
			</trkpt>
			<trkpt lat="47.560083" lon="18.929533">
				<ele>290.000000</ele>
			</trkpt>
			<trkpt lat="47.560035" lon="18.929695">
				<ele>290.000000</ele>
			</trkpt>
			<trkpt lat="47.559999" lon="18.929812">
				<ele>290.000000</ele>
			</trkpt>
			<trkpt lat="47.559957" lon="18.929919">
				<ele>290.000000</ele>
			</trkpt>
			<trkpt lat="47.559926" lon="18.929992">
				<ele>290.000000</ele>
			</trkpt>
			<trkpt lat="47.559865" lon="18.930099">
				<ele>290.000000</ele>
			</trkpt>
			<trkpt lat="47.559811" lon="18.930206">
				<ele>290.000000</ele>
			</trkpt>
			<trkpt lat="47.559811" lon="18.930206">
				<ele>290.000000</ele>
			</trkpt>
			<trkpt lat="47.559708" lon="18.930405">
				<ele>290.000000</ele>
			</trkpt>
			<trkpt lat="47.559453" lon="18.930862">
				<ele>290.000000</ele>
			</trkpt>
			<trkpt lat="47.559277" lon="18.931195">
				<ele>290.000000</ele>
			</trkpt>
			<trkpt lat="47.559217" lon="18.931303">
				<ele>290.000000</ele>
			</trkpt>
			<trkpt lat="47.559168" lon="18.931393">
				<ele>290.000000</ele>
			</trkpt>
			<trkpt lat="47.559102" lon="18.931491">
				<ele>290.000000</ele>
			</trkpt>
			<trkpt lat="47.559071" lon="18.931554">
				<ele>290.000000</ele>
			</trkpt>
			<trkpt lat="47.559041" lon="18.931617">
				<ele>290.000000</ele>
			</trkpt>
			<trkpt lat="47.559023" lon="18.931690">
				<ele>290.000000</ele>
			</trkpt>
			<trkpt lat="47.559004" lon="18.931788">
				<ele>290.000000</ele>
			</trkpt>
			<trkpt lat="47.558992" lon="18.931914">
				<ele>290.000000</ele>
			</trkpt>
			<trkpt lat="47.558980" lon="18.932040">
				<ele>290.000000</ele>
			</trkpt>
			<trkpt lat="47.558974" lon="18.932166">
				<ele>290.000000</ele>
			</trkpt>
			<trkpt lat="47.558974" lon="18.932256">
				<ele>290.000000</ele>
			</trkpt>
			<trkpt lat="47.558986" lon="18.932336">
				<ele>289.000000</ele>
			</trkpt>
			<trkpt lat="47.559004" lon="18.932435">
				<ele>289.000000</ele>
			</trkpt>
			<trkpt lat="47.559029" lon="18.932525">
				<ele>289.000000</ele>
			</trkpt>
			<trkpt lat="47.559059" lon="18.932623">
				<ele>289.000000</ele>
			</trkpt>
			<trkpt lat="47.559096" lon="18.932732">
				<ele>288.000000</ele>
			</trkpt>
			<trkpt lat="47.559174" lon="18.932946">
				<ele>288.000000</ele>
			</trkpt>
			<trkpt lat="47.559301" lon="18.933261">
				<ele>287.000000</ele>
			</trkpt>
			<trkpt lat="47.559429" lon="18.933575">
				<ele>286.000000</ele>
			</trkpt>
			<trkpt lat="47.559586" lon="18.934025">
				<ele>285.000000</ele>
			</trkpt>
			<trkpt lat="47.559666" lon="18.934195">
				<ele>285.000000</ele>
			</trkpt>
			<trkpt lat="47.559726" lon="18.934357">
				<ele>285.000000</ele>
			</trkpt>
			<trkpt lat="47.559762" lon="18.934483">
				<ele>284.000000</ele>
			</trkpt>
			<trkpt lat="47.559847" lon="18.934717">
				<ele>284.000000</ele>
			</trkpt>
			<trkpt lat="47.559890" lon="18.934879">
				<ele>283.000000</ele>
			</trkpt>
			<trkpt lat="47.559920" lon="18.935013">
				<ele>283.000000</ele>
			</trkpt>
			<trkpt lat="47.559932" lon="18.935120">
				<ele>283.000000</ele>
			</trkpt>
			<trkpt lat="47.559945" lon="18.935210">
				<ele>283.000000</ele>
			</trkpt>
			<trkpt lat="47.559945" lon="18.935292">
				<ele>282.000000</ele>
			</trkpt>
			<trkpt lat="47.559939" lon="18.935363">
				<ele>282.000000</ele>
			</trkpt>
			<trkpt lat="47.559932" lon="18.935426">
				<ele>282.000000</ele>
			</trkpt>
			<trkpt lat="47.559920" lon="18.935489">
				<ele>282.000000</ele>
			</trkpt>
			<trkpt lat="47.559902" lon="18.935561">
				<ele>282.000000</ele>
			</trkpt>
			<trkpt lat="47.559884" lon="18.935623">
				<ele>282.000000</ele>
			</trkpt>
			<trkpt lat="47.559847" lon="18.935713">
				<ele>281.000000</ele>
			</trkpt>
			<trkpt lat="47.559817" lon="18.935776">
				<ele>281.000000</ele>
			</trkpt>
			<trkpt lat="47.559787" lon="18.935822">
				<ele>281.000000</ele>
			</trkpt>
			<trkpt lat="47.559738" lon="18.935893">
				<ele>281.000000</ele>
			</trkpt>
			<trkpt lat="47.559678" lon="18.935992">
				<ele>281.000000</ele>
			</trkpt>
			<trkpt lat="47.559629" lon="18.936064">
				<ele>280.000000</ele>
			</trkpt>
			<trkpt lat="47.559447" lon="18.936315">
				<ele>280.000000</ele>
			</trkpt>
			<trkpt lat="47.559405" lon="18.936397">
				<ele>280.000000</ele>
			</trkpt>
			<trkpt lat="47.559375" lon="18.936451">
				<ele>280.000000</ele>
			</trkpt>
			<trkpt lat="47.559363" lon="18.936514">
				<ele>280.000000</ele>
			</trkpt>
			<trkpt lat="47.559350" lon="18.936575">
				<ele>280.000000</ele>
			</trkpt>
			<trkpt lat="47.559344" lon="18.936621">
				<ele>280.000000</ele>
			</trkpt>
			<trkpt lat="47.559350" lon="18.936693">
				<ele>280.000000</ele>
			</trkpt>
			<trkpt lat="47.559363" lon="18.936791">
				<ele>271.000000</ele>
			</trkpt>
			<trkpt lat="47.559375" lon="18.936917">
				<ele>270.000000</ele>
			</trkpt>
			<trkpt lat="47.559375" lon="18.936944">
				<ele>270.000000</ele>
			</trkpt>
			<trkpt lat="47.559375" lon="18.936963">
				<ele>270.000000</ele>
			</trkpt>
			<trkpt lat="47.559369" lon="18.937106">
				<ele>266.000000</ele>
			</trkpt>
			<trkpt lat="47.559350" lon="18.937169">
				<ele>266.000000</ele>
			</trkpt>
			<trkpt lat="47.559338" lon="18.937223">
				<ele>265.000000</ele>
			</trkpt>
			<trkpt lat="47.559326" lon="18.937277">
				<ele>264.000000</ele>
			</trkpt>
			<trkpt lat="47.559301" lon="18.937330">
				<ele>264.000000</ele>
			</trkpt>
			<trkpt lat="47.559283" lon="18.937376">
				<ele>263.000000</ele>
			</trkpt>
			<trkpt lat="47.559253" lon="18.937403">
				<ele>263.000000</ele>
			</trkpt>
			<trkpt lat="47.559217" lon="18.937447">
				<ele>262.000000</ele>
			</trkpt>
			<trkpt lat="47.559187" lon="18.937483">
				<ele>261.000000</ele>
			</trkpt>
			<trkpt lat="47.559168" lon="18.937510">
				<ele>261.000000</ele>
			</trkpt>
			<trkpt lat="47.559162" lon="18.937519">
				<ele>261.000000</ele>
			</trkpt>
			<trkpt lat="47.559156" lon="18.937537">
				<ele>261.000000</ele>
			</trkpt>
			<trkpt lat="47.559156" lon="18.937564">
				<ele>260.000000</ele>
			</trkpt>
			<trkpt lat="47.559156" lon="18.937583">
				<ele>260.000000</ele>
			</trkpt>
			<trkpt lat="47.559162" lon="18.937663">
				<ele>260.000000</ele>
			</trkpt>
			<trkpt lat="47.559174" lon="18.937762">
				<ele>260.000000</ele>
			</trkpt>
			<trkpt lat="47.559180" lon="18.937833">
				<ele>260.000000</ele>
			</trkpt>
			<trkpt lat="47.559174" lon="18.937887">
				<ele>260.000000</ele>
			</trkpt>
			<trkpt lat="47.559174" lon="18.937923">
				<ele>260.000000</ele>
			</trkpt>
			<trkpt lat="47.559168" lon="18.937959">
				<ele>260.000000</ele>
			</trkpt>
			<trkpt lat="47.559162" lon="18.937986">
				<ele>260.000000</ele>
			</trkpt>
			<trkpt lat="47.559150" lon="18.938013">
				<ele>260.000000</ele>
			</trkpt>
			<trkpt lat="47.559138" lon="18.938040">
				<ele>260.000000</ele>
			</trkpt>
			<trkpt lat="47.559120" lon="18.938067">
				<ele>260.000000</ele>
			</trkpt>
			<trkpt lat="47.559102" lon="18.938095">
				<ele>260.000000</ele>
			</trkpt>
			<trkpt lat="47.559047" lon="18.938157">
				<ele>260.000000</ele>
			</trkpt>
			<trkpt lat="47.559023" lon="18.938202">
				<ele>260.000000</ele>
			</trkpt>
			<trkpt lat="47.559004" lon="18.938220">
				<ele>260.000000</ele>
			</trkpt>
			<trkpt lat="47.558950" lon="18.938328">
				<ele>260.000000</ele>
			</trkpt>
			<trkpt lat="47.558768" lon="18.938642">
				<ele>259.000000</ele>
			</trkpt>
			<trkpt lat="47.558756" lon="18.938669">
				<ele>259.000000</ele>
			</trkpt>
			<trkpt lat="47.558744" lon="18.938705">
				<ele>259.000000</ele>
			</trkpt>
			<trkpt lat="47.558725" lon="18.938749">
				<ele>259.000000</ele>
			</trkpt>
			<trkpt lat="47.558719" lon="18.938777">
				<ele>259.000000</ele>
			</trkpt>
			<trkpt lat="47.558713" lon="18.938795">
				<ele>259.000000</ele>
			</trkpt>
			<trkpt lat="47.558713" lon="18.938822">
				<ele>259.000000</ele>
			</trkpt>
			<trkpt lat="47.558707" lon="18.938849">
				<ele>259.000000</ele>
			</trkpt>
			<trkpt lat="47.558707" lon="18.938938">
				<ele>259.000000</ele>
			</trkpt>
			<trkpt lat="47.558713" lon="18.939091">
				<ele>259.000000</ele>
			</trkpt>
			<trkpt lat="47.558713" lon="18.939127">
				<ele>259.000000</ele>
			</trkpt>
			<trkpt lat="47.558719" lon="18.939172">
				<ele>259.000000</ele>
			</trkpt>
			<trkpt lat="47.558732" lon="18.939244">
				<ele>259.000000</ele>
			</trkpt>
			<trkpt lat="47.558799" lon="18.939254">
				<ele>259.000000</ele>
			</trkpt>
			<trkpt lat="47.558835" lon="18.939262">
				<ele>259.000000</ele>
			</trkpt>
			<trkpt lat="47.558865" lon="18.939271">
				<ele>259.000000</ele>
			</trkpt>
			<trkpt lat="47.558932" lon="18.939307">
				<ele>259.000000</ele>
			</trkpt>
			<trkpt lat="47.558974" lon="18.939325">
				<ele>259.000000</ele>
			</trkpt>
			<trkpt lat="47.559004" lon="18.939351">
				<ele>260.000000</ele>
			</trkpt>
			<trkpt lat="47.559053" lon="18.939405">
				<ele>260.000000</ele>
			</trkpt>
			<trkpt lat="47.559108" lon="18.939468">
				<ele>260.000000</ele>
			</trkpt>
			<trkpt lat="47.559174" lon="18.939558">
				<ele>260.000000</ele>
			</trkpt>
			<trkpt lat="47.559253" lon="18.939675">
				<ele>261.000000</ele>
			</trkpt>
			<trkpt lat="47.559289" lon="18.939747">
				<ele>261.000000</ele>
			</trkpt>
			<trkpt lat="47.559332" lon="18.939828">
				<ele>262.000000</ele>
			</trkpt>
			<trkpt lat="47.559363" lon="18.939900">
				<ele>262.000000</ele>
			</trkpt>
			<trkpt lat="47.559387" lon="18.939971">
				<ele>263.000000</ele>
			</trkpt>
			<trkpt lat="47.559423" lon="18.940080">
				<ele>263.000000</ele>
			</trkpt>
			<trkpt lat="47.559453" lon="18.940170">
				<ele>264.000000</ele>
			</trkpt>
			<trkpt lat="47.559726" lon="18.941229">
				<ele>270.000000</ele>
			</trkpt>
			<trkpt lat="47.559993" lon="18.942325">
				<ele>270.000000</ele>
			</trkpt>
			<trkpt lat="47.560896" lon="18.941849">
				<ele>277.000000</ele>
			</trkpt>
			<trkpt lat="47.561278" lon="18.942883">
				<ele>271.000000</ele>
			</trkpt>
			<trkpt lat="47.561508" lon="18.943493">
				<ele>269.000000</ele>
			</trkpt>
			<trkpt lat="47.561714" lon="18.944068">
				<ele>268.000000</ele>
			</trkpt>
			<trkpt lat="47.561478" lon="18.944328">
				<ele>270.000000</ele>
			</trkpt>
			<trkpt lat="47.561423" lon="18.944391">
				<ele>270.000000</ele>
			</trkpt>
			<trkpt lat="47.561387" lon="18.944445">
				<ele>270.000000</ele>
			</trkpt>
			<trkpt lat="47.561357" lon="18.944499">
				<ele>270.000000</ele>
			</trkpt>
			<trkpt lat="47.561266" lon="18.944678">
				<ele>270.000000</ele>
			</trkpt>
			<trkpt lat="47.561266" lon="18.944678">
				<ele>270.000000</ele>
			</trkpt>
			<trkpt lat="47.561169" lon="18.944867">
				<ele>270.000000</ele>
			</trkpt>
			<trkpt lat="47.561108" lon="18.944993">
				<ele>270.000000</ele>
			</trkpt>
			<trkpt lat="47.561048" lon="18.945164">
				<ele>270.000000</ele>
			</trkpt>
			<trkpt lat="47.560975" lon="18.945361">
				<ele>270.000000</ele>
			</trkpt>
			<trkpt lat="47.560805" lon="18.945326">
				<ele>270.000000</ele>
			</trkpt>
			<trkpt lat="47.560714" lon="18.945397">
				<ele>270.000000</ele>
			</trkpt>
			<trkpt lat="47.560587" lon="18.945496">
				<ele>270.000000</ele>
			</trkpt>
			<trkpt lat="47.560260" lon="18.945757">
				<ele>270.000000</ele>
			</trkpt>
			<trkpt lat="47.560193" lon="18.945802">
				<ele>270.000000</ele>
			</trkpt>
			<trkpt lat="47.560150" lon="18.945837">
				<ele>270.000000</ele>
			</trkpt>
			<trkpt lat="47.559078" lon="18.946179">
				<ele>260.000000</ele>
			</trkpt>
			<trkpt lat="47.558920" lon="18.945020">
				<ele>258.000000</ele>
			</trkpt>
			<trkpt lat="47.557974" lon="18.945271">
				<ele>253.000000</ele>
			</trkpt>
			<trkpt lat="47.557883" lon="18.944634">
				<ele>250.000000</ele>
			</trkpt>
			<trkpt lat="47.557331" lon="18.944508">
				<ele>247.000000</ele>
			</trkpt>
			<trkpt lat="47.557325" lon="18.944508">
				<ele>247.000000</ele>
			</trkpt>
			<trkpt lat="47.557319" lon="18.944508">
				<ele>247.000000</ele>
			</trkpt>
			<trkpt lat="47.557265" lon="18.944535">
				<ele>247.000000</ele>
			</trkpt>
			<trkpt lat="47.557253" lon="18.944535">
				<ele>247.000000</ele>
			</trkpt>
			<trkpt lat="47.557247" lon="18.944535">
				<ele>247.000000</ele>
			</trkpt>
			<trkpt lat="47.557240" lon="18.944544">
				<ele>246.000000</ele>
			</trkpt>
			<trkpt lat="47.557234" lon="18.944544">
				<ele>246.000000</ele>
			</trkpt>
			<trkpt lat="47.557180" lon="18.944544">
				<ele>246.000000</ele>
			</trkpt>
			<trkpt lat="47.557138" lon="18.944535">
				<ele>246.000000</ele>
			</trkpt>
			<trkpt lat="47.557120" lon="18.944588">
				<ele>246.000000</ele>
			</trkpt>
			<trkpt lat="47.557089" lon="18.944643">
				<ele>246.000000</ele>
			</trkpt>
			<trkpt lat="47.557040" lon="18.944724">
				<ele>245.000000</ele>
			</trkpt>
			<trkpt lat="47.556974" lon="18.944814">
				<ele>245.000000</ele>
			</trkpt>
			<trkpt lat="47.556828" lon="18.944975">
				<ele>245.000000</ele>
			</trkpt>
			<trkpt lat="47.556173" lon="18.945963">
				<ele>242.000000</ele>
			</trkpt>
			<trkpt lat="47.556113" lon="18.946072">
				<ele>241.000000</ele>
			</trkpt>
			<trkpt lat="47.556089" lon="18.946125">
				<ele>241.000000</ele>
			</trkpt>
			<trkpt lat="47.556016" lon="18.946206">
				<ele>241.000000</ele>
			</trkpt>
			<trkpt lat="47.555888" lon="18.946349">
				<ele>241.000000</ele>
			</trkpt>
			<trkpt lat="47.555828" lon="18.946422">
				<ele>240.000000</ele>
			</trkpt>
			<trkpt lat="47.555755" lon="18.946512">
				<ele>240.000000</ele>
			</trkpt>
			<trkpt lat="47.555683" lon="18.946611">
				<ele>240.000000</ele>
			</trkpt>
			<trkpt lat="47.555640" lon="18.946691">
				<ele>240.000000</ele>
			</trkpt>
			<trkpt lat="47.555597" lon="18.946772">
				<ele>240.000000</ele>
			</trkpt>
			<trkpt lat="47.555549" lon="18.946879">
				<ele>239.000000</ele>
			</trkpt>
			<trkpt lat="47.555513" lon="18.946934">
				<ele>239.000000</ele>
			</trkpt>
			<trkpt lat="47.555471" lon="18.946988">
				<ele>239.000000</ele>
			</trkpt>
			<trkpt lat="47.555428" lon="18.947032">
				<ele>239.000000</ele>
			</trkpt>
			<trkpt lat="47.555240" lon="18.947204">
				<ele>239.000000</ele>
			</trkpt>
			<trkpt lat="47.554925" lon="18.947491">
				<ele>239.000000</ele>
			</trkpt>
			<trkpt lat="47.554712" lon="18.947688">
				<ele>239.000000</ele>
			</trkpt>
			<trkpt lat="47.554700" lon="18.947697">
				<ele>239.000000</ele>
			</trkpt>
			<trkpt lat="47.554682" lon="18.947715">
				<ele>239.000000</ele>
			</trkpt>
			<trkpt lat="47.554670" lon="18.947724">
				<ele>239.000000</ele>
			</trkpt>
			<trkpt lat="47.554646" lon="18.947733">
				<ele>239.000000</ele>
			</trkpt>
			<trkpt lat="47.554064" lon="18.947984">
				<ele>239.000000</ele>
			</trkpt>
			<trkpt lat="47.553470" lon="18.948200">
				<ele>239.000000</ele>
			</trkpt>
			<trkpt lat="47.551711" lon="18.948785">
				<ele>233.000000</ele>
			</trkpt>
			<trkpt lat="47.551626" lon="18.948812">
				<ele>233.000000</ele>
			</trkpt>
			<trkpt lat="47.550462" lon="18.949351">
				<ele>231.000000</ele>
			</trkpt>
			<trkpt lat="47.550426" lon="18.949368">
				<ele>231.000000</ele>
			</trkpt>
			<trkpt lat="47.550396" lon="18.949386">
				<ele>231.000000</ele>
			</trkpt>
			<trkpt lat="47.550360" lon="18.949422">
				<ele>230.000000</ele>
			</trkpt>
			<trkpt lat="47.548898" lon="18.950913">
				<ele>229.000000</ele>
			</trkpt>
			<trkpt lat="47.546916" lon="18.952970">
				<ele>228.000000</ele>
			</trkpt>
			<trkpt lat="47.546891" lon="18.952997">
				<ele>228.000000</ele>
			</trkpt>
			<trkpt lat="47.546855" lon="18.952934">
				<ele>228.000000</ele>
			</trkpt>
			<trkpt lat="47.546739" lon="18.953051">
				<ele>229.000000</ele>
			</trkpt>
			<trkpt lat="47.546727" lon="18.953043">
				<ele>229.000000</ele>
			</trkpt>
			<trkpt lat="47.546709" lon="18.953024">
				<ele>229.000000</ele>
			</trkpt>
			<trkpt lat="47.546697" lon="18.953007">
				<ele>229.000000</ele>
			</trkpt>
			<trkpt lat="47.546685" lon="18.952980">
				<ele>229.000000</ele>
			</trkpt>
			<trkpt lat="47.546673" lon="18.952934">
				<ele>229.000000</ele>
			</trkpt>
			<trkpt lat="47.546655" lon="18.952944">
				<ele>229.000000</ele>
			</trkpt>
			<trkpt lat="47.546631" lon="18.952961">
				<ele>229.000000</ele>
			</trkpt>
			<trkpt lat="47.546637" lon="18.952980">
				<ele>229.000000</ele>
			</trkpt>
			<trkpt lat="47.546643" lon="18.952997">
				<ele>229.000000</ele>
			</trkpt>
			<trkpt lat="47.546643" lon="18.953024">
				<ele>229.000000</ele>
			</trkpt>
			<trkpt lat="47.546643" lon="18.953043">
				<ele>229.000000</ele>
			</trkpt>
			<trkpt lat="47.546637" lon="18.953051">
				<ele>229.000000</ele>
			</trkpt>
			<trkpt lat="47.546631" lon="18.953060">
				<ele>229.000000</ele>
			</trkpt>
			<trkpt lat="47.546624" lon="18.953070">
				<ele>229.000000</ele>
			</trkpt>
			<trkpt lat="47.546606" lon="18.953078">
				<ele>229.000000</ele>
			</trkpt>
			<trkpt lat="47.546540" lon="18.953060">
				<ele>229.000000</ele>
			</trkpt>
			<trkpt lat="47.546533" lon="18.953133">
				<ele>229.000000</ele>
			</trkpt>
			<trkpt lat="47.546261" lon="18.953070">
				<ele>229.000000</ele>
			</trkpt>
			<trkpt lat="47.545909" lon="18.952988">
				<ele>229.000000</ele>
			</trkpt>
			<trkpt lat="47.545776" lon="18.952953">
				<ele>229.000000</ele>
			</trkpt>
			<trkpt lat="47.545636" lon="18.952898">
				<ele>229.000000</ele>
			</trkpt>
			<trkpt lat="47.545478" lon="18.952835">
				<ele>230.000000</ele>
			</trkpt>
			<trkpt lat="47.545418" lon="18.952800">
				<ele>230.000000</ele>
			</trkpt>
			<trkpt lat="47.545345" lon="18.952754">
				<ele>230.000000</ele>
			</trkpt>
			<trkpt lat="47.544945" lon="18.952467">
				<ele>231.000000</ele>
			</trkpt>
			<trkpt lat="47.544812" lon="18.952557">
				<ele>231.000000</ele>
			</trkpt>
			<trkpt lat="47.544787" lon="18.952557">
				<ele>231.000000</ele>
			</trkpt>
			<trkpt lat="47.544599" lon="18.952594">
				<ele>231.000000</ele>
			</trkpt>
			<trkpt lat="47.544284" lon="18.952674">
				<ele>232.000000</ele>
			</trkpt>
			<trkpt lat="47.544254" lon="18.952683">
				<ele>232.000000</ele>
			</trkpt>
			<trkpt lat="47.544229" lon="18.952691">
				<ele>232.000000</ele>
			</trkpt>
			<trkpt lat="47.544199" lon="18.952701">
				<ele>232.000000</ele>
			</trkpt>
			<trkpt lat="47.544168" lon="18.952718">
				<ele>232.000000</ele>
			</trkpt>
			<trkpt lat="47.544114" lon="18.952737">
				<ele>233.000000</ele>
			</trkpt>
			<trkpt lat="47.543265" lon="18.952988">
				<ele>235.000000</ele>
			</trkpt>
			<trkpt lat="47.543180" lon="18.952997">
				<ele>235.000000</ele>
			</trkpt>
			<trkpt lat="47.543114" lon="18.953257">
				<ele>235.000000</ele>
			</trkpt>
			<trkpt lat="47.543108" lon="18.953276">
				<ele>235.000000</ele>
			</trkpt>
			<trkpt lat="47.543096" lon="18.953284">
				<ele>235.000000</ele>
			</trkpt>
			<trkpt lat="47.543029" lon="18.953339">
				<ele>235.000000</ele>
			</trkpt>
			<trkpt lat="47.543022" lon="18.953347">
				<ele>235.000000</ele>
			</trkpt>
			<trkpt lat="47.543010" lon="18.953366">
				<ele>236.000000</ele>
			</trkpt>
			<trkpt lat="47.542992" lon="18.953383">
				<ele>236.000000</ele>
			</trkpt>
			<trkpt lat="47.542841" lon="18.953680">
				<ele>236.000000</ele>
			</trkpt>
			<trkpt lat="47.542829" lon="18.953707">
				<ele>236.000000</ele>
			</trkpt>
			<trkpt lat="47.542810" lon="18.953743">
				<ele>236.000000</ele>
			</trkpt>
			<trkpt lat="47.542774" lon="18.953842">
				<ele>236.000000</ele>
			</trkpt>
			<trkpt lat="47.542707" lon="18.954022">
				<ele>237.000000</ele>
			</trkpt>
			<trkpt lat="47.542683" lon="18.954093">
				<ele>237.000000</ele>
			</trkpt>
			<trkpt lat="47.542670" lon="18.954147">
				<ele>237.000000</ele>
			</trkpt>
			<trkpt lat="47.542652" lon="18.954219">
				<ele>237.000000</ele>
			</trkpt>
			<trkpt lat="47.542658" lon="18.954381">
				<ele>240.000000</ele>
			</trkpt>
			<trkpt lat="47.542670" lon="18.954533">
				<ele>241.000000</ele>
			</trkpt>
			<trkpt lat="47.542677" lon="18.954659">
				<ele>242.000000</ele>
			</trkpt>
			<trkpt lat="47.542658" lon="18.954775">
				<ele>243.000000</ele>
			</trkpt>
			<trkpt lat="47.542628" lon="18.954919">
				<ele>244.000000</ele>
			</trkpt>
			<trkpt lat="47.542556" lon="18.955180">
				<ele>247.000000</ele>
			</trkpt>
			<trkpt lat="47.542398" lon="18.955871">
				<ele>251.000000</ele>
			</trkpt>
			<trkpt lat="47.542361" lon="18.956043">
				<ele>251.000000</ele>
			</trkpt>
			<trkpt lat="47.542361" lon="18.956043">
				<ele>251.000000</ele>
			</trkpt>
			<trkpt lat="47.542125" lon="18.957112">
				<ele>255.000000</ele>
			</trkpt>
			<trkpt lat="47.542125" lon="18.957139">
				<ele>255.000000</ele>
			</trkpt>
			<trkpt lat="47.542119" lon="18.957175">
				<ele>255.000000</ele>
			</trkpt>
			<trkpt lat="47.542113" lon="18.957202">
				<ele>255.000000</ele>
			</trkpt>
			<trkpt lat="47.542113" lon="18.957238">
				<ele>255.000000</ele>
			</trkpt>
			<trkpt lat="47.542113" lon="18.957911">
				<ele>258.000000</ele>
			</trkpt>
			<trkpt lat="47.542131" lon="18.958557">
				<ele>260.000000</ele>
			</trkpt>
			<trkpt lat="47.542137" lon="18.959007">
				<ele>260.000000</ele>
			</trkpt>
			<trkpt lat="47.542137" lon="18.959312">
				<ele>260.000000</ele>
			</trkpt>
			<trkpt lat="47.542131" lon="18.959995">
				<ele>257.000000</ele>
			</trkpt>
			<trkpt lat="47.542125" lon="18.960894">
				<ele>249.000000</ele>
			</trkpt>
			<trkpt lat="47.542100" lon="18.961199">
				<ele>248.000000</ele>
			</trkpt>
			<trkpt lat="47.542064" lon="18.962511">
				<ele>242.000000</ele>
			</trkpt>
			<trkpt lat="47.542058" lon="18.962645">
				<ele>242.000000</ele>
			</trkpt>
			<trkpt lat="47.542010" lon="18.962878">
				<ele>241.000000</ele>
			</trkpt>
			<trkpt lat="47.542004" lon="18.962924">
				<ele>240.000000</ele>
			</trkpt>
			<trkpt lat="47.542004" lon="18.962987">
				<ele>240.000000</ele>
			</trkpt>
			<trkpt lat="47.542040" lon="18.963104">
				<ele>239.000000</ele>
			</trkpt>
			<trkpt lat="47.542064" lon="18.963228">
				<ele>238.000000</ele>
			</trkpt>
			<trkpt lat="47.542076" lon="18.963310">
				<ele>237.000000</ele>
			</trkpt>
			<trkpt lat="47.542082" lon="18.963364">
				<ele>237.000000</ele>
			</trkpt>
			<trkpt lat="47.542088" lon="18.963481">
				<ele>236.000000</ele>
			</trkpt>
			<trkpt lat="47.542088" lon="18.963517">
				<ele>235.000000</ele>
			</trkpt>
			<trkpt lat="47.542088" lon="18.963570">
				<ele>235.000000</ele>
			</trkpt>
			<trkpt lat="47.542076" lon="18.963741">
				<ele>233.000000</ele>
			</trkpt>
			<trkpt lat="47.542064" lon="18.963804">
				<ele>233.000000</ele>
			</trkpt>
			<trkpt lat="47.542058" lon="18.963823">
				<ele>232.000000</ele>
			</trkpt>
			<trkpt lat="47.542052" lon="18.963840">
				<ele>232.000000</ele>
			</trkpt>
			<trkpt lat="47.542034" lon="18.963876">
				<ele>232.000000</ele>
			</trkpt>
			<trkpt lat="47.542107" lon="18.963876">
				<ele>230.000000</ele>
			</trkpt>
			<trkpt lat="47.542198" lon="18.963876">
				<ele>230.000000</ele>
			</trkpt>
			<trkpt lat="47.542222" lon="18.963911">
				<ele>229.000000</ele>
			</trkpt>
			<trkpt lat="47.542265" lon="18.963966">
				<ele>227.000000</ele>
			</trkpt>
			<trkpt lat="47.542283" lon="18.964020">
				<ele>226.000000</ele>
			</trkpt>
			<trkpt lat="47.542289" lon="18.964064">
				<ele>226.000000</ele>
			</trkpt>
			<trkpt lat="47.542289" lon="18.964127">
				<ele>225.000000</ele>
			</trkpt>
			<trkpt lat="47.542295" lon="18.964190">
				<ele>224.000000</ele>
			</trkpt>
			<trkpt lat="47.542313" lon="18.964236">
				<ele>223.000000</ele>
			</trkpt>
			<trkpt lat="47.542355" lon="18.964280">
				<ele>221.000000</ele>
			</trkpt>
			<trkpt lat="47.542416" lon="18.964307">
				<ele>220.000000</ele>
			</trkpt>
			<trkpt lat="47.542428" lon="18.964253">
				<ele>220.000000</ele>
			</trkpt>
			<trkpt lat="47.542446" lon="18.964209">
				<ele>220.000000</ele>
			</trkpt>
			<trkpt lat="47.542471" lon="18.964190">
				<ele>220.000000</ele>
			</trkpt>
			<trkpt lat="47.542550" lon="18.964100">
				<ele>220.000000</ele>
			</trkpt>
			<trkpt lat="47.543004" lon="18.963804">
				<ele>221.000000</ele>
			</trkpt>
			<trkpt lat="47.543041" lon="18.963768">
				<ele>222.000000</ele>
			</trkpt>
		</trkseg>
	</trk>
</gpx>

