<?xml version="1.0" encoding="UTF-8"?>
<gpx creator="Garmin Connect" version="1.1"
  xsi:schemaLocation="http://www.topografix.com/GPX/1/1 http://www.topografix.com/GPX/11.xsd"
  xmlns:ns3="http://www.garmin.com/xmlschemas/TrackPointExtension/v1"
  xmlns="http://www.topografix.com/GPX/1/1"
  xmlns:xsi="http://www.w3.org/2001/XMLSchema-instance" xmlns:ns2="http://www.garmin.com/xmlschemas/GpxExtensions/v3">
  <metadata>
    <link href="connect.garmin.com">
      <text>Garmin Connect</text>
    </link>
    <time>2024-07-24T08:22:52.000Z</time>
  </metadata>
  <trk>
    <name>OKT Keszthely - Rezi</name>
    <type>hiking</type>
    <trkseg>
      <trkpt lat="46.75811827182769775390625" lon="17.24772789515554904937744140625">
        <ele>109</ele>
        <time>2024-07-24T08:22:52.000Z</time>
        <extensions>
          <ns3:TrackPointExtension>
            <ns3:hr>106</ns3:hr>
          </ns3:TrackPointExtension>
        </extensions>
      </trkpt>
      <trkpt lat="46.75811751745641231536865234375" lon="17.2477199323475360870361328125">
        <ele>109</ele>
        <time>2024-07-24T08:22:53.000Z</time>
        <extensions>
          <ns3:TrackPointExtension>
            <ns3:hr>107</ns3:hr>
          </ns3:TrackPointExtension>
        </extensions>
      </trkpt>
      <trkpt lat="46.75804115831851959228515625" lon="17.2475801222026348114013671875">
        <ele>109</ele>
        <time>2024-07-24T08:23:01.000Z</time>
        <extensions>
          <ns3:TrackPointExtension>
            <ns3:hr>109</ns3:hr>
          </ns3:TrackPointExtension>
        </extensions>
      </trkpt>
      <trkpt lat="46.75797519274055957794189453125" lon="17.2474942915141582489013671875">
        <ele>109</ele>
        <time>2024-07-24T08:23:07.000Z</time>
        <extensions>
          <ns3:TrackPointExtension>
            <ns3:hr>106</ns3:hr>
          </ns3:TrackPointExtension>
        </extensions>
      </trkpt>
      <trkpt lat="46.7579544894397258758544921875" lon="17.24746805615723133087158203125">
        <ele>109</ele>
        <time>2024-07-24T08:23:10.000Z</time>
        <extensions>
          <ns3:TrackPointExtension>
            <ns3:hr>105</ns3:hr>
          </ns3:TrackPointExtension>
        </extensions>
      </trkpt>
      <trkpt lat="46.7579216323792934417724609375" lon="17.24735992960631847381591796875">
        <ele>109</ele>
        <time>2024-07-24T08:23:18.000Z</time>
        <extensions>
          <ns3:TrackPointExtension>
            <ns3:hr>104</ns3:hr>
          </ns3:TrackPointExtension>
        </extensions>
      </trkpt>
      <trkpt lat="46.75785969011485576629638671875" lon="17.24724694155156612396240234375">
        <ele>109</ele>
        <time>2024-07-24T08:23:25.000Z</time>
        <extensions>
          <ns3:TrackPointExtension>
            <ns3:hr>106</ns3:hr>
          </ns3:TrackPointExtension>
        </extensions>
      </trkpt>
      <trkpt lat="46.75779305398464202880859375" lon="17.24718407727777957916259765625">
        <ele>109</ele>
        <time>2024-07-24T08:23:31.000Z</time>
        <extensions>
          <ns3:TrackPointExtension>
            <ns3:hr>108</ns3:hr>
          </ns3:TrackPointExtension>
        </extensions>
      </trkpt>
      <trkpt lat="46.75770965404808521270751953125" lon="17.24709791131317615509033203125">
        <ele>108.8000030517578125</ele>
        <time>2024-07-24T08:23:38.000Z</time>
        <extensions>
          <ns3:TrackPointExtension>
            <ns3:hr>106</ns3:hr>
          </ns3:TrackPointExtension>
        </extensions>
      </trkpt>
      <trkpt lat="46.75771434791386127471923828125" lon="17.2470000945031642913818359375">
        <ele>108.59999847412109375</ele>
        <time>2024-07-24T08:23:45.000Z</time>
        <extensions>
          <ns3:TrackPointExtension>
            <ns3:hr>105</ns3:hr>
          </ns3:TrackPointExtension>
        </extensions>
      </trkpt>
      <trkpt lat="46.7577459476888179779052734375" lon="17.2468834184110164642333984375">
        <ele>108.59999847412109375</ele>
        <time>2024-07-24T08:23:53.000Z</time>
        <extensions>
          <ns3:TrackPointExtension>
            <ns3:hr>105</ns3:hr>
          </ns3:TrackPointExtension>
        </extensions>
      </trkpt>
      <trkpt lat="46.7577449418604373931884765625" lon="17.2468690015375614166259765625">
        <ele>108.59999847412109375</ele>
        <time>2024-07-24T08:23:54.000Z</time>
        <extensions>
          <ns3:TrackPointExtension>
            <ns3:hr>105</ns3:hr>
          </ns3:TrackPointExtension>
        </extensions>
      </trkpt>
      <trkpt lat="46.7577442713081836700439453125" lon="17.24684335291385650634765625">
        <ele>108.59999847412109375</ele>
        <time>2024-07-24T08:23:57.000Z</time>
        <extensions>
          <ns3:TrackPointExtension>
            <ns3:hr>105</ns3:hr>
          </ns3:TrackPointExtension>
        </extensions>
      </trkpt>
      <trkpt lat="46.75774049945175647735595703125" lon="17.24684293381869792938232421875">
        <ele>108.59999847412109375</ele>
        <time>2024-07-24T08:23:58.000Z</time>
        <extensions>
          <ns3:TrackPointExtension>
            <ns3:hr>105</ns3:hr>
          </ns3:TrackPointExtension>
        </extensions>
      </trkpt>
      <trkpt lat="46.75773295573890209197998046875" lon="17.24685081280767917633056640625">
        <ele>108.59999847412109375</ele>
        <time>2024-07-24T08:23:59.000Z</time>
        <extensions>
          <ns3:TrackPointExtension>
            <ns3:hr>105</ns3:hr>
          </ns3:TrackPointExtension>
        </extensions>
      </trkpt>
      <trkpt lat="46.7577000148594379425048828125" lon="17.2468911297619342803955078125">
        <ele>108.40000152587890625</ele>
        <time>2024-07-24T08:24:03.000Z</time>
        <extensions>
          <ns3:TrackPointExtension>
            <ns3:hr>105</ns3:hr>
          </ns3:TrackPointExtension>
        </extensions>
      </trkpt>
      <trkpt lat="46.7576785571873188018798828125" lon="17.2468720190227031707763671875">
        <ele>108.40000152587890625</ele>
        <time>2024-07-24T08:24:09.000Z</time>
        <extensions>
          <ns3:TrackPointExtension>
            <ns3:hr>105</ns3:hr>
          </ns3:TrackPointExtension>
        </extensions>
      </trkpt>
      <trkpt lat="46.7576748691499233245849609375" lon="17.24687813781201839447021484375">
        <ele>108.40000152587890625</ele>
        <time>2024-07-24T08:24:24.000Z</time>
        <extensions>
          <ns3:TrackPointExtension>
            <ns3:hr>102</ns3:hr>
          </ns3:TrackPointExtension>
        </extensions>
      </trkpt>
      <trkpt lat="46.75765533931553363800048828125" lon="17.24688626825809478759765625">
        <ele>108.40000152587890625</ele>
        <time>2024-07-24T08:24:36.000Z</time>
        <extensions>
          <ns3:TrackPointExtension>
            <ns3:hr>105</ns3:hr>
          </ns3:TrackPointExtension>
        </extensions>
      </trkpt>
      <trkpt lat="46.75764494575560092926025390625" lon="17.2469726018607616424560546875">
        <ele>108.40000152587890625</ele>
        <time>2024-07-24T08:25:00.000Z</time>
        <extensions>
          <ns3:TrackPointExtension>
            <ns3:hr>102</ns3:hr>
          </ns3:TrackPointExtension>
        </extensions>
      </trkpt>
      <trkpt lat="46.75764310173690319061279296875" lon="17.24700788967311382293701171875">
        <ele>108.40000152587890625</ele>
        <time>2024-07-24T08:25:09.000Z</time>
        <extensions>
          <ns3:TrackPointExtension>
            <ns3:hr>99</ns3:hr>
          </ns3:TrackPointExtension>
        </extensions>
      </trkpt>
      <trkpt lat="46.75763069652020931243896484375" lon="17.24700705148279666900634765625">
        <ele>108.40000152587890625</ele>
        <time>2024-07-24T08:25:27.000Z</time>
        <extensions>
          <ns3:TrackPointExtension>
            <ns3:hr>102</ns3:hr>
          </ns3:TrackPointExtension>
        </extensions>
      </trkpt>
      <trkpt lat="46.75763069652020931243896484375" lon="17.24700638093054294586181640625">
        <ele>108.40000152587890625</ele>
        <time>2024-07-24T08:25:28.000Z</time>
        <extensions>
          <ns3:TrackPointExtension>
            <ns3:hr>99</ns3:hr>
          </ns3:TrackPointExtension>
        </extensions>
      </trkpt>
      <trkpt lat="46.757649891078472137451171875" lon="17.2469796426594257354736328125">
        <ele>108.40000152587890625</ele>
        <time>2024-07-24T08:25:35.000Z</time>
        <extensions>
          <ns3:TrackPointExtension>
            <ns3:hr>97</ns3:hr>
          </ns3:TrackPointExtension>
        </extensions>
      </trkpt>
      <trkpt lat="46.75766824744641780853271484375" lon="17.24692306481301784515380859375">
        <ele>108.40000152587890625</ele>
        <time>2024-07-24T08:25:41.000Z</time>
        <extensions>
          <ns3:TrackPointExtension>
            <ns3:hr>96</ns3:hr>
          </ns3:TrackPointExtension>
        </extensions>
      </trkpt>
      <trkpt lat="46.75766833126544952392578125" lon="17.2469727694988250732421875">
        <ele>108.40000152587890625</ele>
        <time>2024-07-24T08:25:47.000Z</time>
        <extensions>
          <ns3:TrackPointExtension>
            <ns3:hr>93</ns3:hr>
          </ns3:TrackPointExtension>
        </extensions>
      </trkpt>
      <trkpt lat="46.75766908563673496246337890625" lon="17.2469796426594257354736328125">
        <ele>108.40000152587890625</ele>
        <time>2024-07-24T08:25:48.000Z</time>
        <extensions>
          <ns3:TrackPointExtension>
            <ns3:hr>96</ns3:hr>
          </ns3:TrackPointExtension>
        </extensions>
      </trkpt>
      <trkpt lat="46.75765483640134334564208984375" lon="17.247003279626369476318359375">
        <ele>108.40000152587890625</ele>
        <time>2024-07-24T08:25:55.000Z</time>
        <extensions>
          <ns3:TrackPointExtension>
            <ns3:hr>96</ns3:hr>
          </ns3:TrackPointExtension>
        </extensions>
      </trkpt>
      <trkpt lat="46.75766740925610065460205078125" lon="17.247028760612010955810546875">
        <ele>108.59999847412109375</ele>
        <time>2024-07-24T08:25:59.000Z</time>
        <extensions>
          <ns3:TrackPointExtension>
            <ns3:hr>99</ns3:hr>
          </ns3:TrackPointExtension>
        </extensions>
      </trkpt>
      <trkpt lat="46.7576681636273860931396484375" lon="17.2470383159816265106201171875">
        <ele>108.59999847412109375</ele>
        <time>2024-07-24T08:26:00.000Z</time>
        <extensions>
          <ns3:TrackPointExtension>
            <ns3:hr>98</ns3:hr>
          </ns3:TrackPointExtension>
        </extensions>
      </trkpt>
      <trkpt lat="46.75765014253556728363037109375" lon="17.24698659963905811309814453125">
        <ele>108.40000152587890625</ele>
        <time>2024-07-24T08:26:04.000Z</time>
        <extensions>
          <ns3:TrackPointExtension>
            <ns3:hr>98</ns3:hr>
          </ns3:TrackPointExtension>
        </extensions>
      </trkpt>
      <trkpt lat="46.7576582729816436767578125" lon="17.24697411060333251953125">
        <ele>108.40000152587890625</ele>
        <time>2024-07-24T08:26:05.000Z</time>
        <extensions>
          <ns3:TrackPointExtension>
            <ns3:hr>95</ns3:hr>
          </ns3:TrackPointExtension>
        </extensions>
      </trkpt>
      <trkpt lat="46.7576738633215427398681640625" lon="17.24693446420133113861083984375">
        <ele>108.40000152587890625</ele>
        <time>2024-07-24T08:26:08.000Z</time>
        <extensions>
          <ns3:TrackPointExtension>
            <ns3:hr>97</ns3:hr>
          </ns3:TrackPointExtension>
        </extensions>
      </trkpt>
      <trkpt lat="46.75772733986377716064453125" lon="17.24687755107879638671875">
        <ele>108.59999847412109375</ele>
        <time>2024-07-24T08:26:13.000Z</time>
        <extensions>
          <ns3:TrackPointExtension>
            <ns3:hr>94</ns3:hr>
          </ns3:TrackPointExtension>
        </extensions>
      </trkpt>
      <trkpt lat="46.75775994546711444854736328125" lon="17.24682834930717945098876953125">
        <ele>108.59999847412109375</ele>
        <time>2024-07-24T08:26:16.000Z</time>
        <extensions>
          <ns3:TrackPointExtension>
            <ns3:hr>93</ns3:hr>
          </ns3:TrackPointExtension>
        </extensions>
      </trkpt>
      <trkpt lat="46.75779640674591064453125" lon="17.24671167321503162384033203125">
        <ele>108.8000030517578125</ele>
        <time>2024-07-24T08:26:22.000Z</time>
        <extensions>
          <ns3:TrackPointExtension>
            <ns3:hr>93</ns3:hr>
          </ns3:TrackPointExtension>
        </extensions>
      </trkpt>
      <trkpt lat="46.75777494907379150390625" lon="17.2466473840177059173583984375">
        <ele>108.8000030517578125</ele>
        <time>2024-07-24T08:26:28.000Z</time>
        <extensions>
          <ns3:TrackPointExtension>
            <ns3:hr>96</ns3:hr>
          </ns3:TrackPointExtension>
        </extensions>
      </trkpt>
      <trkpt lat="46.7577677406370639801025390625" lon="17.24663757719099521636962890625">
        <ele>108.8000030517578125</ele>
        <time>2024-07-24T08:26:32.000Z</time>
        <extensions>
          <ns3:TrackPointExtension>
            <ns3:hr>100</ns3:hr>
          </ns3:TrackPointExtension>
        </extensions>
      </trkpt>
      <trkpt lat="46.75776698626577854156494140625" lon="17.24663690663874149322509765625">
        <ele>108.8000030517578125</ele>
        <time>2024-07-24T08:26:33.000Z</time>
        <extensions>
          <ns3:TrackPointExtension>
            <ns3:hr>101</ns3:hr>
          </ns3:TrackPointExtension>
        </extensions>
      </trkpt>
      <trkpt lat="46.75776648335158824920654296875" lon="17.24663682281970977783203125">
        <ele>108.8000030517578125</ele>
        <time>2024-07-24T08:26:35.000Z</time>
        <extensions>
          <ns3:TrackPointExtension>
            <ns3:hr>105</ns3:hr>
          </ns3:TrackPointExtension>
        </extensions>
      </trkpt>
      <trkpt lat="46.7577663995325565338134765625" lon="17.24663690663874149322509765625">
        <ele>108.8000030517578125</ele>
        <time>2024-07-24T08:26:36.000Z</time>
        <extensions>
          <ns3:TrackPointExtension>
            <ns3:hr>108</ns3:hr>
          </ns3:TrackPointExtension>
        </extensions>
      </trkpt>
      <trkpt lat="46.75776648335158824920654296875" lon="17.246637828648090362548828125">
        <ele>108.8000030517578125</ele>
        <time>2024-07-24T08:26:38.000Z</time>
        <extensions>
          <ns3:TrackPointExtension>
            <ns3:hr>111</ns3:hr>
          </ns3:TrackPointExtension>
        </extensions>
      </trkpt>
      <trkpt lat="46.7577590234577655792236328125" lon="17.24663221277296543121337890625">
        <ele>108.59999847412109375</ele>
        <time>2024-07-24T08:26:58.000Z</time>
        <extensions>
          <ns3:TrackPointExtension>
            <ns3:hr>108</ns3:hr>
          </ns3:TrackPointExtension>
        </extensions>
      </trkpt>
      <trkpt lat="46.7577590234577655792236328125" lon="17.24662835709750652313232421875">
        <ele>108.59999847412109375</ele>
        <time>2024-07-24T08:27:10.000Z</time>
        <extensions>
          <ns3:TrackPointExtension>
            <ns3:hr>111</ns3:hr>
          </ns3:TrackPointExtension>
        </extensions>
      </trkpt>
      <trkpt lat="46.757796071469783782958984375" lon="17.2466316260397434234619140625">
        <ele>108.8000030517578125</ele>
        <time>2024-07-24T08:27:23.000Z</time>
        <extensions>
          <ns3:TrackPointExtension>
            <ns3:hr>113</ns3:hr>
          </ns3:TrackPointExtension>
        </extensions>
      </trkpt>
      <trkpt lat="46.75781182944774627685546875" lon="17.24665157496929168701171875">
        <ele>108.8000030517578125</ele>
        <time>2024-07-24T08:27:31.000Z</time>
        <extensions>
          <ns3:TrackPointExtension>
            <ns3:hr>114</ns3:hr>
          </ns3:TrackPointExtension>
        </extensions>
      </trkpt>
      <trkpt lat="46.75782582722604274749755859375" lon="17.24667076952755451202392578125">
        <ele>109</ele>
        <time>2024-07-24T08:27:37.000Z</time>
        <extensions>
          <ns3:TrackPointExtension>
            <ns3:hr>114</ns3:hr>
          </ns3:TrackPointExtension>
        </extensions>
      </trkpt>
      <trkpt lat="46.75789321772754192352294921875" lon="17.2467134334146976470947265625">
        <ele>109.1999969482421875</ele>
        <time>2024-07-24T08:27:43.000Z</time>
        <extensions>
          <ns3:TrackPointExtension>
            <ns3:hr>112</ns3:hr>
          </ns3:TrackPointExtension>
        </extensions>
      </trkpt>
      <trkpt lat="46.757907383143901824951171875" lon="17.2467419318854808807373046875">
        <ele>109.1999969482421875</ele>
        <time>2024-07-24T08:27:45.000Z</time>
        <extensions>
          <ns3:TrackPointExtension>
            <ns3:hr>110</ns3:hr>
          </ns3:TrackPointExtension>
        </extensions>
      </trkpt>
      <trkpt lat="46.75792138092219829559326171875" lon="17.2467670775949954986572265625">
        <ele>109.1999969482421875</ele>
        <time>2024-07-24T08:27:47.000Z</time>
        <extensions>
          <ns3:TrackPointExtension>
            <ns3:hr>109</ns3:hr>
          </ns3:TrackPointExtension>
        </extensions>
      </trkpt>
      <trkpt lat="46.75794635899364948272705078125" lon="17.24680186249315738677978515625">
        <ele>109.40000152587890625</ele>
        <time>2024-07-24T08:27:49.000Z</time>
        <extensions>
          <ns3:TrackPointExtension>
            <ns3:hr>108</ns3:hr>
          </ns3:TrackPointExtension>
        </extensions>
      </trkpt>
      <trkpt lat="46.75803311169147491455078125" lon="17.246914096176624298095703125">
        <ele>109.59999847412109375</ele>
        <time>2024-07-24T08:27:56.000Z</time>
        <extensions>
          <ns3:TrackPointExtension>
            <ns3:hr>108</ns3:hr>
          </ns3:TrackPointExtension>
        </extensions>
      </trkpt>
      <trkpt lat="46.7580597661435604095458984375" lon="17.2469414211809635162353515625">
        <ele>109.8000030517578125</ele>
        <time>2024-07-24T08:27:59.000Z</time>
        <extensions>
          <ns3:TrackPointExtension>
            <ns3:hr>108</ns3:hr>
          </ns3:TrackPointExtension>
        </extensions>
      </trkpt>
      <trkpt lat="46.7580812238156795501708984375" lon="17.24693144671618938446044921875">
        <ele>109.8000030517578125</ele>
        <time>2024-07-24T08:28:01.000Z</time>
        <extensions>
          <ns3:TrackPointExtension>
            <ns3:hr>108</ns3:hr>
          </ns3:TrackPointExtension>
        </extensions>
      </trkpt>
      <trkpt lat="46.75811215303838253021240234375" lon="17.24691283889114856719970703125">
        <ele>110</ele>
        <time>2024-07-24T08:28:07.000Z</time>
        <extensions>
          <ns3:TrackPointExtension>
            <ns3:hr>108</ns3:hr>
          </ns3:TrackPointExtension>
        </extensions>
      </trkpt>
      <trkpt lat="46.7581130750477313995361328125" lon="17.24692055024206638336181640625">
        <ele>110</ele>
        <time>2024-07-24T08:28:12.000Z</time>
        <extensions>
          <ns3:TrackPointExtension>
            <ns3:hr>107</ns3:hr>
          </ns3:TrackPointExtension>
        </extensions>
      </trkpt>
      <trkpt lat="46.7581409029662609100341796875" lon="17.24694133736193180084228515625">
        <ele>110</ele>
        <time>2024-07-24T08:28:14.000Z</time>
        <extensions>
          <ns3:TrackPointExtension>
            <ns3:hr>110</ns3:hr>
          </ns3:TrackPointExtension>
        </extensions>
      </trkpt>
      <trkpt lat="46.7581801302731037139892578125" lon="17.24696681834757328033447265625">
        <ele>110</ele>
        <time>2024-07-24T08:28:16.000Z</time>
        <extensions>
          <ns3:TrackPointExtension>
            <ns3:hr>108</ns3:hr>
          </ns3:TrackPointExtension>
        </extensions>
      </trkpt>
      <trkpt lat="46.75821642391383647918701171875" lon="17.2470487095415592193603515625">
        <ele>110</ele>
        <time>2024-07-24T08:28:21.000Z</time>
        <extensions>
          <ns3:TrackPointExtension>
            <ns3:hr>109</ns3:hr>
          </ns3:TrackPointExtension>
        </extensions>
      </trkpt>
      <trkpt lat="46.7582854069769382476806640625" lon="17.2471761144697666168212890625">
        <ele>110</ele>
        <time>2024-07-24T08:28:30.000Z</time>
        <extensions>
          <ns3:TrackPointExtension>
            <ns3:hr>110</ns3:hr>
          </ns3:TrackPointExtension>
        </extensions>
      </trkpt>
      <trkpt lat="46.758356653153896331787109375" lon="17.2472686506807804107666015625">
        <ele>109.59999847412109375</ele>
        <time>2024-07-24T08:28:37.000Z</time>
        <extensions>
          <ns3:TrackPointExtension>
            <ns3:hr>111</ns3:hr>
          </ns3:TrackPointExtension>
        </extensions>
      </trkpt>
      <trkpt lat="46.75842295400798320770263671875" lon="17.247349955141544342041015625">
        <ele>109.1999969482421875</ele>
        <time>2024-07-24T08:28:43.000Z</time>
        <extensions>
          <ns3:TrackPointExtension>
            <ns3:hr>114</ns3:hr>
          </ns3:TrackPointExtension>
        </extensions>
      </trkpt>
      <trkpt lat="46.75844524987041950225830078125" lon="17.2473719157278537750244140625">
        <ele>109.1999969482421875</ele>
        <time>2024-07-24T08:28:45.000Z</time>
        <extensions>
          <ns3:TrackPointExtension>
            <ns3:hr>115</ns3:hr>
          </ns3:TrackPointExtension>
        </extensions>
      </trkpt>
      <trkpt lat="46.75851398147642612457275390625" lon="17.2474486939609050750732421875">
        <ele>109</ele>
        <time>2024-07-24T08:28:51.000Z</time>
        <extensions>
          <ns3:TrackPointExtension>
            <ns3:hr>118</ns3:hr>
          </ns3:TrackPointExtension>
        </extensions>
      </trkpt>
      <trkpt lat="46.7585861496627330780029296875" lon="17.247504852712154388427734375">
        <ele>108.8000030517578125</ele>
        <time>2024-07-24T08:28:56.000Z</time>
        <extensions>
          <ns3:TrackPointExtension>
            <ns3:hr>120</ns3:hr>
          </ns3:TrackPointExtension>
        </extensions>
      </trkpt>
      <trkpt lat="46.7587128840386867523193359375" lon="17.2476552240550518035888671875">
        <ele>108</ele>
        <time>2024-07-24T08:29:06.000Z</time>
        <extensions>
          <ns3:TrackPointExtension>
            <ns3:hr>120</ns3:hr>
          </ns3:TrackPointExtension>
        </extensions>
      </trkpt>
      <trkpt lat="46.7587678693234920501708984375" lon="17.24770878441631793975830078125">
        <ele>107.59999847412109375</ele>
        <time>2024-07-24T08:29:13.000Z</time>
        <extensions>
          <ns3:TrackPointExtension>
            <ns3:hr>121</ns3:hr>
          </ns3:TrackPointExtension>
        </extensions>
      </trkpt>
      <trkpt lat="46.75884523428976535797119140625" lon="17.24778070114552974700927734375">
        <ele>107.1999969482421875</ele>
        <time>2024-07-24T08:29:19.000Z</time>
        <extensions>
          <ns3:TrackPointExtension>
            <ns3:hr>118</ns3:hr>
          </ns3:TrackPointExtension>
        </extensions>
      </trkpt>
      <trkpt lat="46.758861579000949859619140625" lon="17.247813642024993896484375">
        <ele>107</ele>
        <time>2024-07-24T08:29:21.000Z</time>
        <extensions>
          <ns3:TrackPointExtension>
            <ns3:hr>117</ns3:hr>
          </ns3:TrackPointExtension>
        </extensions>
      </trkpt>
      <trkpt lat="46.75897615961730480194091796875" lon="17.24798136390745639801025390625">
        <ele>106</ele>
        <time>2024-07-24T08:29:32.000Z</time>
        <extensions>
          <ns3:TrackPointExtension>
            <ns3:hr>118</ns3:hr>
          </ns3:TrackPointExtension>
        </extensions>
      </trkpt>
      <trkpt lat="46.7590991221368312835693359375" lon="17.24813810549676418304443359375">
        <ele>106.59999847412109375</ele>
        <time>2024-07-24T08:29:42.000Z</time>
        <extensions>
          <ns3:TrackPointExtension>
            <ns3:hr>118</ns3:hr>
          </ns3:TrackPointExtension>
        </extensions>
      </trkpt>
      <trkpt lat="46.75922962836921215057373046875" lon="17.24828277714550495147705078125">
        <ele>107</ele>
        <time>2024-07-24T08:29:52.000Z</time>
        <extensions>
          <ns3:TrackPointExtension>
            <ns3:hr>120</ns3:hr>
          </ns3:TrackPointExtension>
        </extensions>
      </trkpt>
      <trkpt lat="46.75928704440593719482421875" lon="17.24838285706937313079833984375">
        <ele>107.8000030517578125</ele>
        <time>2024-07-24T08:29:59.000Z</time>
        <extensions>
          <ns3:TrackPointExtension>
            <ns3:hr>124</ns3:hr>
          </ns3:TrackPointExtension>
        </extensions>
      </trkpt>
      <trkpt lat="46.7593053169548511505126953125" lon="17.2484149597585201263427734375">
        <ele>108</ele>
        <time>2024-07-24T08:30:01.000Z</time>
        <extensions>
          <ns3:TrackPointExtension>
            <ns3:hr>126</ns3:hr>
          </ns3:TrackPointExtension>
        </extensions>
      </trkpt>
      <trkpt lat="46.75938016735017299652099609375" lon="17.24850632250308990478515625">
        <ele>108.8000030517578125</ele>
        <time>2024-07-24T08:30:07.000Z</time>
        <extensions>
          <ns3:TrackPointExtension>
            <ns3:hr>126</ns3:hr>
          </ns3:TrackPointExtension>
        </extensions>
      </trkpt>
      <trkpt lat="46.7594521678984165191650390625" lon="17.24861956201493740081787109375">
        <ele>109.59999847412109375</ele>
        <time>2024-07-24T08:30:16.000Z</time>
        <extensions>
          <ns3:TrackPointExtension>
            <ns3:hr>125</ns3:hr>
          </ns3:TrackPointExtension>
        </extensions>
      </trkpt>
      <trkpt lat="46.75954587757587432861328125" lon="17.2487405128777027130126953125">
        <ele>110.1999969482421875</ele>
        <time>2024-07-24T08:30:24.000Z</time>
        <extensions>
          <ns3:TrackPointExtension>
            <ns3:hr>124</ns3:hr>
          </ns3:TrackPointExtension>
        </extensions>
      </trkpt>
      <trkpt lat="46.7595862783491611480712890625" lon="17.2487820871174335479736328125">
        <ele>110.59999847412109375</ele>
        <time>2024-07-24T08:30:27.000Z</time>
        <extensions>
          <ns3:TrackPointExtension>
            <ns3:hr>124</ns3:hr>
          </ns3:TrackPointExtension>
        </extensions>
      </trkpt>
      <trkpt lat="46.7596278525888919830322265625" lon="17.24883430637419223785400390625">
        <ele>110.8000030517578125</ele>
        <time>2024-07-24T08:30:31.000Z</time>
        <extensions>
          <ns3:TrackPointExtension>
            <ns3:hr>125</ns3:hr>
          </ns3:TrackPointExtension>
        </extensions>
      </trkpt>
      <trkpt lat="46.759665906429290771484375" lon="17.2488501481711864471435546875">
        <ele>111</ele>
        <time>2024-07-24T08:30:33.000Z</time>
        <extensions>
          <ns3:TrackPointExtension>
            <ns3:hr>125</ns3:hr>
          </ns3:TrackPointExtension>
        </extensions>
      </trkpt>
      <trkpt lat="46.75972248427569866180419921875" lon="17.248894907534122467041015625">
        <ele>111.1999969482421875</ele>
        <time>2024-07-24T08:30:38.000Z</time>
        <extensions>
          <ns3:TrackPointExtension>
            <ns3:hr>122</ns3:hr>
          </ns3:TrackPointExtension>
        </extensions>
      </trkpt>
      <trkpt lat="46.75978383980691432952880859375" lon="17.2489661537110805511474609375">
        <ele>111.40000152587890625</ele>
        <time>2024-07-24T08:30:43.000Z</time>
        <extensions>
          <ns3:TrackPointExtension>
            <ns3:hr>119</ns3:hr>
          </ns3:TrackPointExtension>
        </extensions>
      </trkpt>
      <trkpt lat="46.75986933521926403045654296875" lon="17.2490476258099079132080078125">
        <ele>112</ele>
        <time>2024-07-24T08:30:49.000Z</time>
        <extensions>
          <ns3:TrackPointExtension>
            <ns3:hr>118</ns3:hr>
          </ns3:TrackPointExtension>
        </extensions>
      </trkpt>
      <trkpt lat="46.75986765883862972259521484375" lon="17.24919028580188751220703125">
        <ele>111.59999847412109375</ele>
        <time>2024-07-24T08:30:55.000Z</time>
        <extensions>
          <ns3:TrackPointExtension>
            <ns3:hr>118</ns3:hr>
          </ns3:TrackPointExtension>
        </extensions>
      </trkpt>
      <trkpt lat="46.759903617203235626220703125" lon="17.24932431243360042572021484375">
        <ele>111.8000030517578125</ele>
        <time>2024-07-24T08:31:03.000Z</time>
        <extensions>
          <ns3:TrackPointExtension>
            <ns3:hr>119</ns3:hr>
          </ns3:TrackPointExtension>
        </extensions>
      </trkpt>
      <trkpt lat="46.7599674873054027557373046875" lon="17.24952698685228824615478515625">
        <ele>111.59999847412109375</ele>
        <time>2024-07-24T08:31:12.000Z</time>
        <extensions>
          <ns3:TrackPointExtension>
            <ns3:hr>121</ns3:hr>
          </ns3:TrackPointExtension>
        </extensions>
      </trkpt>
      <trkpt lat="46.75998802296817302703857421875" lon="17.24960879422724246978759765625">
        <ele>111.59999847412109375</ele>
        <time>2024-07-24T08:31:20.000Z</time>
        <extensions>
          <ns3:TrackPointExtension>
            <ns3:hr>118</ns3:hr>
          </ns3:TrackPointExtension>
        </extensions>
      </trkpt>
      <trkpt lat="46.76000528968870639801025390625" lon="17.24967308342456817626953125">
        <ele>111.8000030517578125</ele>
        <time>2024-07-24T08:31:27.000Z</time>
        <extensions>
          <ns3:TrackPointExtension>
            <ns3:hr>115</ns3:hr>
          </ns3:TrackPointExtension>
        </extensions>
      </trkpt>
      <trkpt lat="46.760004200041294097900390625" lon="17.249688841402530670166015625">
        <ele>111.8000030517578125</ele>
        <time>2024-07-24T08:31:28.000Z</time>
        <extensions>
          <ns3:TrackPointExtension>
            <ns3:hr>115</ns3:hr>
          </ns3:TrackPointExtension>
        </extensions>
      </trkpt>
      <trkpt lat="46.76001870073378086090087890625" lon="17.24974726326763629913330078125">
        <ele>111.8000030517578125</ele>
        <time>2024-07-24T08:31:32.000Z</time>
        <extensions>
          <ns3:TrackPointExtension>
            <ns3:hr>114</ns3:hr>
          </ns3:TrackPointExtension>
        </extensions>
      </trkpt>
      <trkpt lat="46.76002088002860546112060546875" lon="17.249783389270305633544921875">
        <ele>111.8000030517578125</ele>
        <time>2024-07-24T08:31:35.000Z</time>
        <extensions>
          <ns3:TrackPointExtension>
            <ns3:hr>114</ns3:hr>
          </ns3:TrackPointExtension>
        </extensions>
      </trkpt>
      <trkpt lat="46.75996572710573673248291015625" lon="17.249709628522396087646484375">
        <ele>111.59999847412109375</ele>
        <time>2024-07-24T08:31:42.000Z</time>
        <extensions>
          <ns3:TrackPointExtension>
            <ns3:hr>114</ns3:hr>
          </ns3:TrackPointExtension>
        </extensions>
      </trkpt>
      <trkpt lat="46.75993873737752437591552734375" lon="17.24966344423592090606689453125">
        <ele>111.59999847412109375</ele>
        <time>2024-07-24T08:31:44.000Z</time>
        <extensions>
          <ns3:TrackPointExtension>
            <ns3:hr>114</ns3:hr>
          </ns3:TrackPointExtension>
        </extensions>
      </trkpt>
      <trkpt lat="46.75995784811675548553466796875" lon="17.24961734376847743988037109375">
        <ele>111.59999847412109375</ele>
        <time>2024-07-24T08:31:47.000Z</time>
        <extensions>
          <ns3:TrackPointExtension>
            <ns3:hr>113</ns3:hr>
          </ns3:TrackPointExtension>
        </extensions>
      </trkpt>
      <trkpt lat="46.76000495441257953643798828125" lon="17.2495450079441070556640625">
        <ele>112</ele>
        <time>2024-07-24T08:31:55.000Z</time>
        <extensions>
          <ns3:TrackPointExtension>
            <ns3:hr>112</ns3:hr>
          </ns3:TrackPointExtension>
        </extensions>
      </trkpt>
      <trkpt lat="46.760030686855316162109375" lon="17.24952430464327335357666015625">
        <ele>112.1999969482421875</ele>
        <time>2024-07-24T08:32:02.000Z</time>
        <extensions>
          <ns3:TrackPointExtension>
            <ns3:hr>109</ns3:hr>
          </ns3:TrackPointExtension>
        </extensions>
      </trkpt>
      <trkpt lat="46.7600519768893718719482421875" lon="17.24950142204761505126953125">
        <ele>112.40000152587890625</ele>
        <time>2024-07-24T08:32:04.000Z</time>
        <extensions>
          <ns3:TrackPointExtension>
            <ns3:hr>108</ns3:hr>
          </ns3:TrackPointExtension>
        </extensions>
      </trkpt>
      <trkpt lat="46.7601093091070652008056640625" lon="17.24941081367433071136474609375">
        <ele>113</ele>
        <time>2024-07-24T08:32:10.000Z</time>
        <extensions>
          <ns3:TrackPointExtension>
            <ns3:hr>110</ns3:hr>
          </ns3:TrackPointExtension>
        </extensions>
      </trkpt>
      <trkpt lat="46.76012464798986911773681640625" lon="17.249364964663982391357421875">
        <ele>113</ele>
        <time>2024-07-24T08:32:13.000Z</time>
        <extensions>
          <ns3:TrackPointExtension>
            <ns3:hr>111</ns3:hr>
          </ns3:TrackPointExtension>
        </extensions>
      </trkpt>
      <trkpt lat="46.76017426885664463043212890625" lon="17.249308638274669647216796875">
        <ele>113.1999969482421875</ele>
        <time>2024-07-24T08:32:17.000Z</time>
        <extensions>
          <ns3:TrackPointExtension>
            <ns3:hr>112</ns3:hr>
          </ns3:TrackPointExtension>
        </extensions>
      </trkpt>
      <trkpt lat="46.7602511309087276458740234375" lon="17.24921518005430698394775390625">
        <ele>113.8000030517578125</ele>
        <time>2024-07-24T08:32:23.000Z</time>
        <extensions>
          <ns3:TrackPointExtension>
            <ns3:hr>113</ns3:hr>
          </ns3:TrackPointExtension>
        </extensions>
      </trkpt>
      <trkpt lat="46.76026294939219951629638671875" lon="17.249206714332103729248046875">
        <ele>113.8000030517578125</ele>
        <time>2024-07-24T08:32:24.000Z</time>
        <extensions>
          <ns3:TrackPointExtension>
            <ns3:hr>114</ns3:hr>
          </ns3:TrackPointExtension>
        </extensions>
      </trkpt>
      <trkpt lat="46.7602923698723316192626953125" lon="17.24921031855046749114990234375">
        <ele>114</ele>
        <time>2024-07-24T08:32:31.000Z</time>
        <extensions>
          <ns3:TrackPointExtension>
            <ns3:hr>115</ns3:hr>
          </ns3:TrackPointExtension>
        </extensions>
      </trkpt>
      <trkpt lat="46.76029547117650508880615234375" lon="17.24921031855046749114990234375">
        <ele>114</ele>
        <time>2024-07-24T08:32:37.000Z</time>
        <extensions>
          <ns3:TrackPointExtension>
            <ns3:hr>116</ns3:hr>
          </ns3:TrackPointExtension>
        </extensions>
      </trkpt>
      <trkpt lat="46.76029647700488567352294921875" lon="17.2492132522165775299072265625">
        <ele>114</ele>
        <time>2024-07-24T08:32:48.000Z</time>
        <extensions>
          <ns3:TrackPointExtension>
            <ns3:hr>113</ns3:hr>
          </ns3:TrackPointExtension>
        </extensions>
      </trkpt>
      <trkpt lat="46.76029647700488567352294921875" lon="17.2492132522165775299072265625">
        <ele>114</ele>
        <time>2024-07-24T08:32:51.000Z</time>
        <extensions>
          <ns3:TrackPointExtension>
            <ns3:hr>112</ns3:hr>
          </ns3:TrackPointExtension>
        </extensions>
      </trkpt>
      <trkpt lat="46.76024853251874446868896484375" lon="17.2492325305938720703125">
        <ele>113.59999847412109375</ele>
        <time>2024-07-24T08:33:33.000Z</time>
        <extensions>
          <ns3:TrackPointExtension>
            <ns3:hr>115</ns3:hr>
          </ns3:TrackPointExtension>
        </extensions>
      </trkpt>
      <trkpt lat="46.7602467723190784454345703125" lon="17.24923647008836269378662109375">
        <ele>113.59999847412109375</ele>
        <time>2024-07-24T08:33:43.000Z</time>
        <extensions>
          <ns3:TrackPointExtension>
            <ns3:hr>112</ns3:hr>
          </ns3:TrackPointExtension>
        </extensions>
      </trkpt>
      <trkpt lat="46.7602467723190784454345703125" lon="17.24924099631607532501220703125">
        <ele>113.59999847412109375</ele>
        <time>2024-07-24T08:33:50.000Z</time>
        <extensions>
          <ns3:TrackPointExtension>
            <ns3:hr>115</ns3:hr>
          </ns3:TrackPointExtension>
        </extensions>
      </trkpt>
      <trkpt lat="46.76025129854679107666015625" lon="17.2492446005344390869140625">
        <ele>113.59999847412109375</ele>
        <time>2024-07-24T08:33:55.000Z</time>
        <extensions>
          <ns3:TrackPointExtension>
            <ns3:hr>118</ns3:hr>
          </ns3:TrackPointExtension>
        </extensions>
      </trkpt>
      <trkpt lat="46.76025171764194965362548828125" lon="17.2492447681725025177001953125">
        <ele>113.59999847412109375</ele>
        <time>2024-07-24T08:34:00.000Z</time>
        <extensions>
          <ns3:TrackPointExtension>
            <ns3:hr>121</ns3:hr>
          </ns3:TrackPointExtension>
        </extensions>
      </trkpt>
      <trkpt lat="46.76024995744228363037109375" lon="17.24923915229737758636474609375">
        <ele>113.59999847412109375</ele>
        <time>2024-07-24T08:34:12.000Z</time>
        <extensions>
          <ns3:TrackPointExtension>
            <ns3:hr>118</ns3:hr>
          </ns3:TrackPointExtension>
        </extensions>
      </trkpt>
      <trkpt lat="46.76024685613811016082763671875" lon="17.24921367131173610687255859375">
        <ele>113.8000030517578125</ele>
        <time>2024-07-24T08:34:28.000Z</time>
        <extensions>
          <ns3:TrackPointExtension>
            <ns3:hr>115</ns3:hr>
          </ns3:TrackPointExtension>
        </extensions>
      </trkpt>
      <trkpt lat="46.76024400629103183746337890625" lon="17.24920746870338916778564453125">
        <ele>113.8000030517578125</ele>
        <time>2024-07-24T08:34:37.000Z</time>
        <extensions>
          <ns3:TrackPointExtension>
            <ns3:hr>112</ns3:hr>
          </ns3:TrackPointExtension>
        </extensions>
      </trkpt>
      <trkpt lat="46.76022112369537353515625" lon="17.24920746870338916778564453125">
        <ele>113.8000030517578125</ele>
        <time>2024-07-24T08:34:50.000Z</time>
        <extensions>
          <ns3:TrackPointExtension>
            <ns3:hr>109</ns3:hr>
          </ns3:TrackPointExtension>
        </extensions>
      </trkpt>
      <trkpt lat="46.76024593412876129150390625" lon="17.24915684200823307037353515625">
        <ele>114.1999969482421875</ele>
        <time>2024-07-24T08:34:57.000Z</time>
        <extensions>
          <ns3:TrackPointExtension>
            <ns3:hr>111</ns3:hr>
          </ns3:TrackPointExtension>
        </extensions>
      </trkpt>
      <trkpt lat="46.76027275621891021728515625" lon="17.249118871986865997314453125">
        <ele>114.59999847412109375</ele>
        <time>2024-07-24T08:34:59.000Z</time>
        <extensions>
          <ns3:TrackPointExtension>
            <ns3:hr>114</ns3:hr>
          </ns3:TrackPointExtension>
        </extensions>
      </trkpt>
      <trkpt lat="46.76029689610004425048828125" lon="17.2490764595568180084228515625">
        <ele>114.8000030517578125</ele>
        <time>2024-07-24T08:35:01.000Z</time>
        <extensions>
          <ns3:TrackPointExtension>
            <ns3:hr>115</ns3:hr>
          </ns3:TrackPointExtension>
        </extensions>
      </trkpt>
      <trkpt lat="46.76032329909503459930419921875" lon="17.24903530441224575042724609375">
        <ele>115</ele>
        <time>2024-07-24T08:35:03.000Z</time>
        <extensions>
          <ns3:TrackPointExtension>
            <ns3:hr>117</ns3:hr>
          </ns3:TrackPointExtension>
        </extensions>
      </trkpt>
      <trkpt lat="46.760348863899707794189453125" lon="17.24900060333311557769775390625">
        <ele>115</ele>
        <time>2024-07-24T08:35:05.000Z</time>
        <extensions>
          <ns3:TrackPointExtension>
            <ns3:hr>118</ns3:hr>
          </ns3:TrackPointExtension>
        </extensions>
      </trkpt>
      <trkpt lat="46.76036554388701915740966796875" lon="17.24897461943328380584716796875">
        <ele>115</ele>
        <time>2024-07-24T08:35:07.000Z</time>
        <extensions>
          <ns3:TrackPointExtension>
            <ns3:hr>118</ns3:hr>
          </ns3:TrackPointExtension>
        </extensions>
      </trkpt>
      <trkpt lat="46.7603936232626438140869140625" lon="17.248951233923435211181640625">
        <ele>114.8000030517578125</ele>
        <time>2024-07-24T08:35:09.000Z</time>
        <extensions>
          <ns3:TrackPointExtension>
            <ns3:hr>118</ns3:hr>
          </ns3:TrackPointExtension>
        </extensions>
      </trkpt>
      <trkpt lat="46.7604526318609714508056640625" lon="17.24886615760624408721923828125">
        <ele>114.59999847412109375</ele>
        <time>2024-07-24T08:35:15.000Z</time>
        <extensions>
          <ns3:TrackPointExtension>
            <ns3:hr>121</ns3:hr>
          </ns3:TrackPointExtension>
        </extensions>
      </trkpt>
      <trkpt lat="46.7604603432118892669677734375" lon="17.248844616115093231201171875">
        <ele>114.59999847412109375</ele>
        <time>2024-07-24T08:35:16.000Z</time>
        <extensions>
          <ns3:TrackPointExtension>
            <ns3:hr>121</ns3:hr>
          </ns3:TrackPointExtension>
        </extensions>
      </trkpt>
      <trkpt lat="46.7605548910796642303466796875" lon="17.2487214021384716033935546875">
        <ele>114.1999969482421875</ele>
        <time>2024-07-24T08:35:24.000Z</time>
        <extensions>
          <ns3:TrackPointExtension>
            <ns3:hr>122</ns3:hr>
          </ns3:TrackPointExtension>
        </extensions>
      </trkpt>
      <trkpt lat="46.7606142349541187286376953125" lon="17.2486238367855548858642578125">
        <ele>114</ele>
        <time>2024-07-24T08:35:30.000Z</time>
        <extensions>
          <ns3:TrackPointExtension>
            <ns3:hr>124</ns3:hr>
          </ns3:TrackPointExtension>
        </extensions>
      </trkpt>
      <trkpt lat="46.7606480978429317474365234375" lon="17.24860346876084804534912109375">
        <ele>114</ele>
        <time>2024-07-24T08:35:32.000Z</time>
        <extensions>
          <ns3:TrackPointExtension>
            <ns3:hr>124</ns3:hr>
          </ns3:TrackPointExtension>
        </extensions>
      </trkpt>
      <trkpt lat="46.76072127185761928558349609375" lon="17.24851478822529315948486328125">
        <ele>114</ele>
        <time>2024-07-24T08:35:38.000Z</time>
        <extensions>
          <ns3:TrackPointExtension>
            <ns3:hr>123</ns3:hr>
          </ns3:TrackPointExtension>
        </extensions>
      </trkpt>
      <trkpt lat="46.760770976543426513671875" lon="17.24848260171711444854736328125">
        <ele>114</ele>
        <time>2024-07-24T08:35:41.000Z</time>
        <extensions>
          <ns3:TrackPointExtension>
            <ns3:hr>124</ns3:hr>
          </ns3:TrackPointExtension>
        </extensions>
      </trkpt>
      <trkpt lat="46.76080509088933467864990234375" lon="17.2484501637518405914306640625">
        <ele>114</ele>
        <time>2024-07-24T08:35:44.000Z</time>
        <extensions>
          <ns3:TrackPointExtension>
            <ns3:hr>124</ns3:hr>
          </ns3:TrackPointExtension>
        </extensions>
      </trkpt>
      <trkpt lat="46.760884635150432586669921875" lon="17.24835184402763843536376953125">
        <ele>114</ele>
        <time>2024-07-24T08:35:51.000Z</time>
        <extensions>
          <ns3:TrackPointExtension>
            <ns3:hr>123</ns3:hr>
          </ns3:TrackPointExtension>
        </extensions>
      </trkpt>
      <trkpt lat="46.7609213478863239288330078125" lon="17.24829400889575481414794921875">
        <ele>114.1999969482421875</ele>
        <time>2024-07-24T08:35:57.000Z</time>
        <extensions>
          <ns3:TrackPointExtension>
            <ns3:hr>124</ns3:hr>
          </ns3:TrackPointExtension>
        </extensions>
      </trkpt>
      <trkpt lat="46.760922186076641082763671875" lon="17.248290069401264190673828125">
        <ele>114.1999969482421875</ele>
        <time>2024-07-24T08:35:58.000Z</time>
        <extensions>
          <ns3:TrackPointExtension>
            <ns3:hr>124</ns3:hr>
          </ns3:TrackPointExtension>
        </extensions>
      </trkpt>
      <trkpt lat="46.76094389520585536956787109375" lon="17.24828227423131465911865234375">
        <ele>114.1999969482421875</ele>
        <time>2024-07-24T08:36:04.000Z</time>
        <extensions>
          <ns3:TrackPointExtension>
            <ns3:hr>124</ns3:hr>
          </ns3:TrackPointExtension>
        </extensions>
      </trkpt>
      <trkpt lat="46.76095194183290004730224609375" lon="17.2482624091207981109619140625">
        <ele>114.40000152587890625</ele>
        <time>2024-07-24T08:36:06.000Z</time>
        <extensions>
          <ns3:TrackPointExtension>
            <ns3:hr>123</ns3:hr>
          </ns3:TrackPointExtension>
        </extensions>
      </trkpt>
      <trkpt lat="46.76096501760184764862060546875" lon="17.24817884154617786407470703125">
        <ele>114.40000152587890625</ele>
        <time>2024-07-24T08:36:11.000Z</time>
        <extensions>
          <ns3:TrackPointExtension>
            <ns3:hr>122</ns3:hr>
          </ns3:TrackPointExtension>
        </extensions>
      </trkpt>
      <trkpt lat="46.76097474060952663421630859375" lon="17.24806417711079120635986328125">
        <ele>114.40000152587890625</ele>
        <time>2024-07-24T08:36:18.000Z</time>
        <extensions>
          <ns3:TrackPointExtension>
            <ns3:hr>120</ns3:hr>
          </ns3:TrackPointExtension>
        </extensions>
      </trkpt>
      <trkpt lat="46.7610024847090244293212890625" lon="17.2479925118386745452880859375">
        <ele>114.40000152587890625</ele>
        <time>2024-07-24T08:36:22.000Z</time>
        <extensions>
          <ns3:TrackPointExtension>
            <ns3:hr>117</ns3:hr>
          </ns3:TrackPointExtension>
        </extensions>
      </trkpt>
      <trkpt lat="46.76102402620017528533935546875" lon="17.24793341942131519317626953125">
        <ele>114.1999969482421875</ele>
        <time>2024-07-24T08:36:25.000Z</time>
        <extensions>
          <ns3:TrackPointExtension>
            <ns3:hr>114</ns3:hr>
          </ns3:TrackPointExtension>
        </extensions>
      </trkpt>
      <trkpt lat="46.76105151884257793426513671875" lon="17.24789419211447238922119140625">
        <ele>114.1999969482421875</ele>
        <time>2024-07-24T08:36:27.000Z</time>
        <extensions>
          <ns3:TrackPointExtension>
            <ns3:hr>114</ns3:hr>
          </ns3:TrackPointExtension>
        </extensions>
      </trkpt>
      <trkpt lat="46.76111957989633083343505859375" lon="17.24782797507941722869873046875">
        <ele>114.59999847412109375</ele>
        <time>2024-07-24T08:36:32.000Z</time>
        <extensions>
          <ns3:TrackPointExtension>
            <ns3:hr>116</ns3:hr>
          </ns3:TrackPointExtension>
        </extensions>
      </trkpt>
      <trkpt lat="46.76113701425492763519287109375" lon="17.24781087599694728851318359375">
        <ele>114.59999847412109375</ele>
        <time>2024-07-24T08:36:34.000Z</time>
        <extensions>
          <ns3:TrackPointExtension>
            <ns3:hr>117</ns3:hr>
          </ns3:TrackPointExtension>
        </extensions>
      </trkpt>
      <trkpt lat="46.76115679554641246795654296875" lon="17.24777349270880222320556640625">
        <ele>114.8000030517578125</ele>
        <time>2024-07-24T08:36:37.000Z</time>
        <extensions>
          <ns3:TrackPointExtension>
            <ns3:hr>120</ns3:hr>
          </ns3:TrackPointExtension>
        </extensions>
      </trkpt>
      <trkpt lat="46.761194765567779541015625" lon="17.2477256320416927337646484375">
        <ele>115</ele>
        <time>2024-07-24T08:36:41.000Z</time>
        <extensions>
          <ns3:TrackPointExtension>
            <ns3:hr>121</ns3:hr>
          </ns3:TrackPointExtension>
        </extensions>
      </trkpt>
      <trkpt lat="46.76120591349899768829345703125" lon="17.24770341999828815460205078125">
        <ele>115</ele>
        <time>2024-07-24T08:36:43.000Z</time>
        <extensions>
          <ns3:TrackPointExtension>
            <ns3:hr>121</ns3:hr>
          </ns3:TrackPointExtension>
        </extensions>
      </trkpt>
      <trkpt lat="46.761226616799831390380859375" lon="17.24769235588610172271728515625">
        <ele>115</ele>
        <time>2024-07-24T08:36:45.000Z</time>
        <extensions>
          <ns3:TrackPointExtension>
            <ns3:hr>121</ns3:hr>
          </ns3:TrackPointExtension>
        </extensions>
      </trkpt>
      <trkpt lat="46.76124815829098224639892578125" lon="17.24766268394887447357177734375">
        <ele>115</ele>
        <time>2024-07-24T08:36:47.000Z</time>
        <extensions>
          <ns3:TrackPointExtension>
            <ns3:hr>121</ns3:hr>
          </ns3:TrackPointExtension>
        </extensions>
      </trkpt>
      <trkpt lat="46.7613733001053333282470703125" lon="17.24754483439028263092041015625">
        <ele>115</ele>
        <time>2024-07-24T08:36:56.000Z</time>
        <extensions>
          <ns3:TrackPointExtension>
            <ns3:hr>120</ns3:hr>
          </ns3:TrackPointExtension>
        </extensions>
      </trkpt>
      <trkpt lat="46.761370114982128143310546875" lon="17.2475472651422023773193359375">
        <ele>115</ele>
        <time>2024-07-24T08:36:57.000Z</time>
        <extensions>
          <ns3:TrackPointExtension>
            <ns3:hr>120</ns3:hr>
          </ns3:TrackPointExtension>
        </extensions>
      </trkpt>
      <trkpt lat="46.7613655887544155120849609375" lon="17.24754072725772857666015625">
        <ele>115</ele>
        <time>2024-07-24T08:36:59.000Z</time>
        <extensions>
          <ns3:TrackPointExtension>
            <ns3:hr>120</ns3:hr>
          </ns3:TrackPointExtension>
        </extensions>
      </trkpt>
      <trkpt lat="46.76139400340616703033447265625" lon="17.24745715968310832977294921875">
        <ele>114.8000030517578125</ele>
        <time>2024-07-24T08:37:04.000Z</time>
        <extensions>
          <ns3:TrackPointExtension>
            <ns3:hr>116</ns3:hr>
          </ns3:TrackPointExtension>
        </extensions>
      </trkpt>
      <trkpt lat="46.7613999545574188232421875" lon="17.24743218161165714263916015625">
        <ele>114.8000030517578125</ele>
        <time>2024-07-24T08:37:05.000Z</time>
        <extensions>
          <ns3:TrackPointExtension>
            <ns3:hr>115</ns3:hr>
          </ns3:TrackPointExtension>
        </extensions>
      </trkpt>
      <trkpt lat="46.7614428699016571044921875" lon="17.2472646273672580718994140625">
        <ele>114.40000152587890625</ele>
        <time>2024-07-24T08:37:13.000Z</time>
        <extensions>
          <ns3:TrackPointExtension>
            <ns3:hr>117</ns3:hr>
          </ns3:TrackPointExtension>
        </extensions>
      </trkpt>
      <trkpt lat="46.76149425096809864044189453125" lon="17.24713143892586231231689453125">
        <ele>114</ele>
        <time>2024-07-24T08:37:21.000Z</time>
        <extensions>
          <ns3:TrackPointExtension>
            <ns3:hr>120</ns3:hr>
          </ns3:TrackPointExtension>
        </extensions>
      </trkpt>
      <trkpt lat="46.76150548271834850311279296875" lon="17.24710218608379364013671875">
        <ele>114</ele>
        <time>2024-07-24T08:37:23.000Z</time>
        <extensions>
          <ns3:TrackPointExtension>
            <ns3:hr>120</ns3:hr>
          </ns3:TrackPointExtension>
        </extensions>
      </trkpt>
      <trkpt lat="46.76158259622752666473388671875" lon="17.24700420163571834564208984375">
        <ele>114</ele>
        <time>2024-07-24T08:37:31.000Z</time>
        <extensions>
          <ns3:TrackPointExtension>
            <ns3:hr>120</ns3:hr>
          </ns3:TrackPointExtension>
        </extensions>
      </trkpt>
      <trkpt lat="46.76162852905690670013427734375" lon="17.24690412171185016632080078125">
        <ele>114</ele>
        <time>2024-07-24T08:37:38.000Z</time>
        <extensions>
          <ns3:TrackPointExtension>
            <ns3:hr>119</ns3:hr>
          </ns3:TrackPointExtension>
        </extensions>
      </trkpt>
      <trkpt lat="46.76173028536140918731689453125" lon="17.24680689163506031036376953125">
        <ele>114</ele>
        <time>2024-07-24T08:37:47.000Z</time>
        <extensions>
          <ns3:TrackPointExtension>
            <ns3:hr>119</ns3:hr>
          </ns3:TrackPointExtension>
        </extensions>
      </trkpt>
      <trkpt lat="46.7618084885179996490478515625" lon="17.246714271605014801025390625">
        <ele>114.1999969482421875</ele>
        <time>2024-07-24T08:37:54.000Z</time>
        <extensions>
          <ns3:TrackPointExtension>
            <ns3:hr>119</ns3:hr>
          </ns3:TrackPointExtension>
        </extensions>
      </trkpt>
      <trkpt lat="46.76181796006858348846435546875" lon="17.246696837246417999267578125">
        <ele>114.1999969482421875</ele>
        <time>2024-07-24T08:37:55.000Z</time>
        <extensions>
          <ns3:TrackPointExtension>
            <ns3:hr>119</ns3:hr>
          </ns3:TrackPointExtension>
        </extensions>
      </trkpt>
      <trkpt lat="46.76184981130063533782958984375" lon="17.24663925357162952423095703125">
        <ele>114.1999969482421875</ele>
        <time>2024-07-24T08:37:58.000Z</time>
        <extensions>
          <ns3:TrackPointExtension>
            <ns3:hr>119</ns3:hr>
          </ns3:TrackPointExtension>
        </extensions>
      </trkpt>
      <trkpt lat="46.7618524096906185150146484375" lon="17.24662416614592075347900390625">
        <ele>114.1999969482421875</ele>
        <time>2024-07-24T08:37:59.000Z</time>
        <extensions>
          <ns3:TrackPointExtension>
            <ns3:hr>120</ns3:hr>
          </ns3:TrackPointExtension>
        </extensions>
      </trkpt>
      <trkpt lat="46.76193329505622386932373046875" lon="17.24647111259400844573974609375">
        <ele>113.59999847412109375</ele>
        <time>2024-07-24T08:38:07.000Z</time>
        <extensions>
          <ns3:TrackPointExtension>
            <ns3:hr>119</ns3:hr>
          </ns3:TrackPointExtension>
        </extensions>
      </trkpt>
      <trkpt lat="46.7620616219937801361083984375" lon="17.24630967713892459869384765625">
        <ele>112.8000030517578125</ele>
        <time>2024-07-24T08:38:17.000Z</time>
        <extensions>
          <ns3:TrackPointExtension>
            <ns3:hr>120</ns3:hr>
          </ns3:TrackPointExtension>
        </extensions>
      </trkpt>
      <trkpt lat="46.76209037192165851593017578125" lon="17.246152348816394805908203125">
        <ele>112.1999969482421875</ele>
        <time>2024-07-24T08:38:26.000Z</time>
        <extensions>
          <ns3:TrackPointExtension>
            <ns3:hr>119</ns3:hr>
          </ns3:TrackPointExtension>
        </extensions>
      </trkpt>
      <trkpt lat="46.76217536441981792449951171875" lon="17.24604212678968906402587890625">
        <ele>112</ele>
        <time>2024-07-24T08:38:32.000Z</time>
        <extensions>
          <ns3:TrackPointExtension>
            <ns3:hr>116</ns3:hr>
          </ns3:TrackPointExtension>
        </extensions>
      </trkpt>
      <trkpt lat="46.76218408159911632537841796875" lon="17.24603961221873760223388671875">
        <ele>112</ele>
        <time>2024-07-24T08:38:33.000Z</time>
        <extensions>
          <ns3:TrackPointExtension>
            <ns3:hr>120</ns3:hr>
          </ns3:TrackPointExtension>
        </extensions>
      </trkpt>
      <trkpt lat="46.7622555792331695556640625" lon="17.2459771670401096343994140625">
        <ele>112.40000152587890625</ele>
        <time>2024-07-24T08:38:41.000Z</time>
        <extensions>
          <ns3:TrackPointExtension>
            <ns3:hr>122</ns3:hr>
          </ns3:TrackPointExtension>
        </extensions>
      </trkpt>
      <trkpt lat="46.762282736599445343017578125" lon="17.24593332968652248382568359375">
        <ele>112.8000030517578125</ele>
        <time>2024-07-24T08:38:47.000Z</time>
        <extensions>
          <ns3:TrackPointExtension>
            <ns3:hr>120</ns3:hr>
          </ns3:TrackPointExtension>
        </extensions>
      </trkpt>
      <trkpt lat="46.76230377517640590667724609375" lon="17.245900891721248626708984375">
        <ele>113</ele>
        <time>2024-07-24T08:38:55.000Z</time>
        <extensions>
          <ns3:TrackPointExtension>
            <ns3:hr>118</ns3:hr>
          </ns3:TrackPointExtension>
        </extensions>
      </trkpt>
      <trkpt lat="46.76234543323516845703125" lon="17.2459030710160732269287109375">
        <ele>113.40000152587890625</ele>
        <time>2024-07-24T08:39:02.000Z</time>
        <extensions>
          <ns3:TrackPointExtension>
            <ns3:hr>115</ns3:hr>
          </ns3:TrackPointExtension>
        </extensions>
      </trkpt>
      <trkpt lat="46.76237250678241252899169921875" lon="17.2458960302174091339111328125">
        <ele>113.59999847412109375</ele>
        <time>2024-07-24T08:39:04.000Z</time>
        <extensions>
          <ns3:TrackPointExtension>
            <ns3:hr>115</ns3:hr>
          </ns3:TrackPointExtension>
        </extensions>
      </trkpt>
      <trkpt lat="46.7624609358608722686767578125" lon="17.24579729139804840087890625">
        <ele>114.40000152587890625</ele>
        <time>2024-07-24T08:39:13.000Z</time>
        <extensions>
          <ns3:TrackPointExtension>
            <ns3:hr>116</ns3:hr>
          </ns3:TrackPointExtension>
        </extensions>
      </trkpt>
      <trkpt lat="46.76250577904284000396728515625" lon="17.24575035274028778076171875">
        <ele>114.8000030517578125</ele>
        <time>2024-07-24T08:39:17.000Z</time>
        <extensions>
          <ns3:TrackPointExtension>
            <ns3:hr>119</ns3:hr>
          </ns3:TrackPointExtension>
        </extensions>
      </trkpt>
      <trkpt lat="46.762561686336994171142578125" lon="17.245770134031772613525390625">
        <ele>115</ele>
        <time>2024-07-24T08:39:20.000Z</time>
        <extensions>
          <ns3:TrackPointExtension>
            <ns3:hr>118</ns3:hr>
          </ns3:TrackPointExtension>
        </extensions>
      </trkpt>
      <trkpt lat="46.7626285739243030548095703125" lon="17.24578262306749820709228515625">
        <ele>114.8000030517578125</ele>
        <time>2024-07-24T08:39:25.000Z</time>
        <extensions>
          <ns3:TrackPointExtension>
            <ns3:hr>117</ns3:hr>
          </ns3:TrackPointExtension>
        </extensions>
      </trkpt>
      <trkpt lat="46.76264860667288303375244140625" lon="17.24577742628753185272216796875">
        <ele>114.59999847412109375</ele>
        <time>2024-07-24T08:39:26.000Z</time>
        <extensions>
          <ns3:TrackPointExtension>
            <ns3:hr>117</ns3:hr>
          </ns3:TrackPointExtension>
        </extensions>
      </trkpt>
      <trkpt lat="46.76271197386085987091064453125" lon="17.2457786835730075836181640625">
        <ele>114.40000152587890625</ele>
        <time>2024-07-24T08:39:31.000Z</time>
        <extensions>
          <ns3:TrackPointExtension>
            <ns3:hr>120</ns3:hr>
          </ns3:TrackPointExtension>
        </extensions>
      </trkpt>
      <trkpt lat="46.76274047233164310455322265625" lon="17.24579192698001861572265625">
        <ele>114.1999969482421875</ele>
        <time>2024-07-24T08:39:33.000Z</time>
        <extensions>
          <ns3:TrackPointExtension>
            <ns3:hr>120</ns3:hr>
          </ns3:TrackPointExtension>
        </extensions>
      </trkpt>
      <trkpt lat="46.76276310347020626068115234375" lon="17.24581296555697917938232421875">
        <ele>114.1999969482421875</ele>
        <time>2024-07-24T08:39:35.000Z</time>
        <extensions>
          <ns3:TrackPointExtension>
            <ns3:hr>120</ns3:hr>
          </ns3:TrackPointExtension>
        </extensions>
      </trkpt>
      <trkpt lat="46.76278690807521343231201171875" lon="17.24586292169988155364990234375">
        <ele>113.8000030517578125</ele>
        <time>2024-07-24T08:39:38.000Z</time>
        <extensions>
          <ns3:TrackPointExtension>
            <ns3:hr>120</ns3:hr>
          </ns3:TrackPointExtension>
        </extensions>
      </trkpt>
      <trkpt lat="46.76279160194098949432373046875" lon="17.24588178098201751708984375">
        <ele>113.8000030517578125</ele>
        <time>2024-07-24T08:39:39.000Z</time>
        <extensions>
          <ns3:TrackPointExtension>
            <ns3:hr>121</ns3:hr>
          </ns3:TrackPointExtension>
        </extensions>
      </trkpt>
      <trkpt lat="46.76290241070091724395751953125" lon="17.24599334411323070526123046875">
        <ele>113</ele>
        <time>2024-07-24T08:39:47.000Z</time>
        <extensions>
          <ns3:TrackPointExtension>
            <ns3:hr>121</ns3:hr>
          </ns3:TrackPointExtension>
        </extensions>
      </trkpt>
      <trkpt lat="46.76294180564582347869873046875" lon="17.2459345869719982147216796875">
        <ele>113</ele>
        <time>2024-07-24T08:39:54.000Z</time>
        <extensions>
          <ns3:TrackPointExtension>
            <ns3:hr>121</ns3:hr>
          </ns3:TrackPointExtension>
        </extensions>
      </trkpt>
      <trkpt lat="46.76294155418872833251953125" lon="17.2459168173372745513916015625">
        <ele>113.1999969482421875</ele>
        <time>2024-07-24T08:39:55.000Z</time>
        <extensions>
          <ns3:TrackPointExtension>
            <ns3:hr>121</ns3:hr>
          </ns3:TrackPointExtension>
        </extensions>
      </trkpt>
      <trkpt lat="46.76296577788889408111572265625" lon="17.24585219286382198333740234375">
        <ele>113.1999969482421875</ele>
        <time>2024-07-24T08:39:58.000Z</time>
        <extensions>
          <ns3:TrackPointExtension>
            <ns3:hr>122</ns3:hr>
          </ns3:TrackPointExtension>
        </extensions>
      </trkpt>
      <trkpt lat="46.76298053003847599029541015625" lon="17.24579201079905033111572265625">
        <ele>113</ele>
        <time>2024-07-24T08:40:00.000Z</time>
        <extensions>
          <ns3:TrackPointExtension>
            <ns3:hr>122</ns3:hr>
          </ns3:TrackPointExtension>
        </extensions>
      </trkpt>
      <trkpt lat="46.76301623694598674774169921875" lon="17.24568866193294525146484375">
        <ele>112.8000030517578125</ele>
        <time>2024-07-24T08:40:05.000Z</time>
        <extensions>
          <ns3:TrackPointExtension>
            <ns3:hr>119</ns3:hr>
          </ns3:TrackPointExtension>
        </extensions>
      </trkpt>
      <trkpt lat="46.763024367392063140869140625" lon="17.24568170495331287384033203125">
        <ele>112.8000030517578125</ele>
        <time>2024-07-24T08:40:06.000Z</time>
        <extensions>
          <ns3:TrackPointExtension>
            <ns3:hr>122</ns3:hr>
          </ns3:TrackPointExtension>
        </extensions>
      </trkpt>
      <trkpt lat="46.76303182728588581085205078125" lon="17.24567659199237823486328125">
        <ele>112.59999847412109375</ele>
        <time>2024-07-24T08:40:07.000Z</time>
        <extensions>
          <ns3:TrackPointExtension>
            <ns3:hr>122</ns3:hr>
          </ns3:TrackPointExtension>
        </extensions>
      </trkpt>
      <trkpt lat="46.763117574155330657958984375" lon="17.24564432166516780853271484375">
        <ele>112.40000152587890625</ele>
        <time>2024-07-24T08:40:12.000Z</time>
        <extensions>
          <ns3:TrackPointExtension>
            <ns3:hr>121</ns3:hr>
          </ns3:TrackPointExtension>
        </extensions>
      </trkpt>
      <trkpt lat="46.76314280368387699127197265625" lon="17.24560157395899295806884765625">
        <ele>112.59999847412109375</ele>
        <time>2024-07-24T08:40:14.000Z</time>
        <extensions>
          <ns3:TrackPointExtension>
            <ns3:hr>123</ns3:hr>
          </ns3:TrackPointExtension>
        </extensions>
      </trkpt>
      <trkpt lat="46.7631717212498188018798828125" lon="17.2455825470387935638427734375">
        <ele>112.59999847412109375</ele>
        <time>2024-07-24T08:40:16.000Z</time>
        <extensions>
          <ns3:TrackPointExtension>
            <ns3:hr>123</ns3:hr>
          </ns3:TrackPointExtension>
        </extensions>
      </trkpt>
      <trkpt lat="46.7631747387349605560302734375" lon="17.24553787149488925933837890625">
        <ele>112.8000030517578125</ele>
        <time>2024-07-24T08:40:18.000Z</time>
        <extensions>
          <ns3:TrackPointExtension>
            <ns3:hr>125</ns3:hr>
          </ns3:TrackPointExtension>
        </extensions>
      </trkpt>
      <trkpt lat="46.76317649893462657928466796875" lon="17.24552194587886333465576171875">
        <ele>112.8000030517578125</ele>
        <time>2024-07-24T08:40:19.000Z</time>
        <extensions>
          <ns3:TrackPointExtension>
            <ns3:hr>125</ns3:hr>
          </ns3:TrackPointExtension>
        </extensions>
      </trkpt>
      <trkpt lat="46.76325461827218532562255859375" lon="17.245489843189716339111328125">
        <ele>113</ele>
        <time>2024-07-24T08:40:24.000Z</time>
        <extensions>
          <ns3:TrackPointExtension>
            <ns3:hr>125</ns3:hr>
          </ns3:TrackPointExtension>
        </extensions>
      </trkpt>
      <trkpt lat="46.76329585723578929901123046875" lon="17.2454735822975635528564453125">
        <ele>113</ele>
        <time>2024-07-24T08:40:26.000Z</time>
        <extensions>
          <ns3:TrackPointExtension>
            <ns3:hr>125</ns3:hr>
          </ns3:TrackPointExtension>
        </extensions>
      </trkpt>
      <trkpt lat="46.7633443884551525115966796875" lon="17.24546913988888263702392578125">
        <ele>113</ele>
        <time>2024-07-24T08:40:28.000Z</time>
        <extensions>
          <ns3:TrackPointExtension>
            <ns3:hr>124</ns3:hr>
          </ns3:TrackPointExtension>
        </extensions>
      </trkpt>
      <trkpt lat="46.76338437013328075408935546875" lon="17.2454407252371311187744140625">
        <ele>113.1999969482421875</ele>
        <time>2024-07-24T08:40:31.000Z</time>
        <extensions>
          <ns3:TrackPointExtension>
            <ns3:hr>125</ns3:hr>
          </ns3:TrackPointExtension>
        </extensions>
      </trkpt>
      <trkpt lat="46.76342837512493133544921875" lon="17.24537484347820281982421875">
        <ele>113.40000152587890625</ele>
        <time>2024-07-24T08:40:36.000Z</time>
        <extensions>
          <ns3:TrackPointExtension>
            <ns3:hr>126</ns3:hr>
          </ns3:TrackPointExtension>
        </extensions>
      </trkpt>
      <trkpt lat="46.763466931879520416259765625" lon="17.24522053264081478118896484375">
        <ele>114.1999969482421875</ele>
        <time>2024-07-24T08:40:44.000Z</time>
        <extensions>
          <ns3:TrackPointExtension>
            <ns3:hr>125</ns3:hr>
          </ns3:TrackPointExtension>
        </extensions>
      </trkpt>
      <trkpt lat="46.7634711228311061859130859375" lon="17.24509145133197307586669921875">
        <ele>114.59999847412109375</ele>
        <time>2024-07-24T08:40:49.000Z</time>
        <extensions>
          <ns3:TrackPointExtension>
            <ns3:hr>126</ns3:hr>
          </ns3:TrackPointExtension>
        </extensions>
      </trkpt>
      <trkpt lat="46.76348679699003696441650390625" lon="17.2450576722621917724609375">
        <ele>114.8000030517578125</ele>
        <time>2024-07-24T08:40:51.000Z</time>
        <extensions>
          <ns3:TrackPointExtension>
            <ns3:hr>126</ns3:hr>
          </ns3:TrackPointExtension>
        </extensions>
      </trkpt>
      <trkpt lat="46.7634920775890350341796875" lon="17.24501316435635089874267578125">
        <ele>115</ele>
        <time>2024-07-24T08:40:54.000Z</time>
        <extensions>
          <ns3:TrackPointExtension>
            <ns3:hr>127</ns3:hr>
          </ns3:TrackPointExtension>
        </extensions>
      </trkpt>
      <trkpt lat="46.763495765626430511474609375" lon="17.244993634521961212158203125">
        <ele>115</ele>
        <time>2024-07-24T08:40:55.000Z</time>
        <extensions>
          <ns3:TrackPointExtension>
            <ns3:hr>127</ns3:hr>
          </ns3:TrackPointExtension>
        </extensions>
      </trkpt>
      <trkpt lat="46.76353968679904937744140625" lon="17.24489414133131504058837890625">
        <ele>115.1999969482421875</ele>
        <time>2024-07-24T08:41:00.000Z</time>
        <extensions>
          <ns3:TrackPointExtension>
            <ns3:hr>128</ns3:hr>
          </ns3:TrackPointExtension>
        </extensions>
      </trkpt>
      <trkpt lat="46.76354312337934970855712890625" lon="17.2448808141052722930908203125">
        <ele>115.1999969482421875</ele>
        <time>2024-07-24T08:41:02.000Z</time>
        <extensions>
          <ns3:TrackPointExtension>
            <ns3:hr>128</ns3:hr>
          </ns3:TrackPointExtension>
        </extensions>
      </trkpt>
      <trkpt lat="46.76355016417801380157470703125" lon="17.24487855099141597747802734375">
        <ele>115.1999969482421875</ele>
        <time>2024-07-24T08:41:03.000Z</time>
        <extensions>
          <ns3:TrackPointExtension>
            <ns3:hr>124</ns3:hr>
          </ns3:TrackPointExtension>
        </extensions>
      </trkpt>
      <trkpt lat="46.7635576240718364715576171875" lon="17.24486765451729297637939453125">
        <ele>115.1999969482421875</ele>
        <time>2024-07-24T08:41:04.000Z</time>
        <extensions>
          <ns3:TrackPointExtension>
            <ns3:hr>127</ns3:hr>
          </ns3:TrackPointExtension>
        </extensions>
      </trkpt>
      <trkpt lat="46.7635626532137393951416015625" lon="17.244851477444171905517578125">
        <ele>115.1999969482421875</ele>
        <time>2024-07-24T08:41:05.000Z</time>
        <extensions>
          <ns3:TrackPointExtension>
            <ns3:hr>127</ns3:hr>
          </ns3:TrackPointExtension>
        </extensions>
      </trkpt>
      <trkpt lat="46.7635737173259258270263671875" lon="17.2448063828051090240478515625">
        <ele>115.40000152587890625</ele>
        <time>2024-07-24T08:41:07.000Z</time>
        <extensions>
          <ns3:TrackPointExtension>
            <ns3:hr>126</ns3:hr>
          </ns3:TrackPointExtension>
        </extensions>
      </trkpt>
      <trkpt lat="46.7635931633412837982177734375" lon="17.24472440779209136962890625">
        <ele>115.8000030517578125</ele>
        <time>2024-07-24T08:41:11.000Z</time>
        <extensions>
          <ns3:TrackPointExtension>
            <ns3:hr>124</ns3:hr>
          </ns3:TrackPointExtension>
        </extensions>
      </trkpt>
      <trkpt lat="46.76362610422074794769287109375" lon="17.244693227112293243408203125">
        <ele>115.8000030517578125</ele>
        <time>2024-07-24T08:41:14.000Z</time>
        <extensions>
          <ns3:TrackPointExtension>
            <ns3:hr>124</ns3:hr>
          </ns3:TrackPointExtension>
        </extensions>
      </trkpt>
      <trkpt lat="46.763657033443450927734375" lon="17.244616784155368804931640625">
        <ele>116.1999969482421875</ele>
        <time>2024-07-24T08:41:19.000Z</time>
        <extensions>
          <ns3:TrackPointExtension>
            <ns3:hr>124</ns3:hr>
          </ns3:TrackPointExtension>
        </extensions>
      </trkpt>
      <trkpt lat="46.76366969011723995208740234375" lon="17.244583256542682647705078125">
        <ele>116.1999969482421875</ele>
        <time>2024-07-24T08:41:21.000Z</time>
        <extensions>
          <ns3:TrackPointExtension>
            <ns3:hr>123</ns3:hr>
          </ns3:TrackPointExtension>
        </extensions>
      </trkpt>
      <trkpt lat="46.7637031339108943939208984375" lon="17.24442475475370883941650390625">
        <ele>116.8000030517578125</ele>
        <time>2024-07-24T08:41:29.000Z</time>
        <extensions>
          <ns3:TrackPointExtension>
            <ns3:hr>122</ns3:hr>
          </ns3:TrackPointExtension>
        </extensions>
      </trkpt>
      <trkpt lat="46.76371780224144458770751953125" lon="17.244357950985431671142578125">
        <ele>117.1999969482421875</ele>
        <time>2024-07-24T08:41:32.000Z</time>
        <extensions>
          <ns3:TrackPointExtension>
            <ns3:hr>122</ns3:hr>
          </ns3:TrackPointExtension>
        </extensions>
      </trkpt>
      <trkpt lat="46.76373842172324657440185546875" lon="17.2443227469921112060546875">
        <ele>117.40000152587890625</ele>
        <time>2024-07-24T08:41:34.000Z</time>
        <extensions>
          <ns3:TrackPointExtension>
            <ns3:hr>125</ns3:hr>
          </ns3:TrackPointExtension>
        </extensions>
      </trkpt>
      <trkpt lat="46.76375166513025760650634765625" lon="17.24430589936673641204833984375">
        <ele>117.40000152587890625</ele>
        <time>2024-07-24T08:41:35.000Z</time>
        <extensions>
          <ns3:TrackPointExtension>
            <ns3:hr>126</ns3:hr>
          </ns3:TrackPointExtension>
        </extensions>
      </trkpt>
      <trkpt lat="46.76387965679168701171875" lon="17.244256027042865753173828125">
        <ele>117.8000030517578125</ele>
        <time>2024-07-24T08:41:42.000Z</time>
        <extensions>
          <ns3:TrackPointExtension>
            <ns3:hr>128</ns3:hr>
          </ns3:TrackPointExtension>
        </extensions>
      </trkpt>
      <trkpt lat="46.763985939323902130126953125" lon="17.2442716173827648162841796875">
        <ele>118</ele>
        <time>2024-07-24T08:41:50.000Z</time>
        <extensions>
          <ns3:TrackPointExtension>
            <ns3:hr>130</ns3:hr>
          </ns3:TrackPointExtension>
        </extensions>
      </trkpt>
      <trkpt lat="46.764032542705535888671875" lon="17.24436976946890354156494140625">
        <ele>117.59999847412109375</ele>
        <time>2024-07-24T08:41:56.000Z</time>
        <extensions>
          <ns3:TrackPointExtension>
            <ns3:hr>131</ns3:hr>
          </ns3:TrackPointExtension>
        </extensions>
      </trkpt>
      <trkpt lat="46.764033548533916473388671875" lon="17.2444032132625579833984375">
        <ele>117.40000152587890625</ele>
        <time>2024-07-24T08:41:57.000Z</time>
        <extensions>
          <ns3:TrackPointExtension>
            <ns3:hr>131</ns3:hr>
          </ns3:TrackPointExtension>
        </extensions>
      </trkpt>
      <trkpt lat="46.7640357278287410736083984375" lon="17.24449918605387210845947265625">
        <ele>117.1999969482421875</ele>
        <time>2024-07-24T08:42:02.000Z</time>
        <extensions>
          <ns3:TrackPointExtension>
            <ns3:hr>130</ns3:hr>
          </ns3:TrackPointExtension>
        </extensions>
      </trkpt>
      <trkpt lat="46.764043271541595458984375" lon="17.2445529140532016754150390625">
        <ele>117.1999969482421875</ele>
        <time>2024-07-24T08:42:05.000Z</time>
        <extensions>
          <ns3:TrackPointExtension>
            <ns3:hr>131</ns3:hr>
          </ns3:TrackPointExtension>
        </extensions>
      </trkpt>
      <trkpt lat="46.76402659155428409576416015625" lon="17.244632542133331298828125">
        <ele>117.1999969482421875</ele>
        <time>2024-07-24T08:42:09.000Z</time>
        <extensions>
          <ns3:TrackPointExtension>
            <ns3:hr>130</ns3:hr>
          </ns3:TrackPointExtension>
        </extensions>
      </trkpt>
      <trkpt lat="46.76401703618466854095458984375" lon="17.24469448439776897430419921875">
        <ele>117</ele>
        <time>2024-07-24T08:42:12.000Z</time>
        <extensions>
          <ns3:TrackPointExtension>
            <ns3:hr>126</ns3:hr>
          </ns3:TrackPointExtension>
        </extensions>
      </trkpt>
      <trkpt lat="46.76403363235294818878173828125" lon="17.2449005953967571258544921875">
        <ele>116.40000152587890625</ele>
        <time>2024-07-24T08:42:21.000Z</time>
        <extensions>
          <ns3:TrackPointExtension>
            <ns3:hr>126</ns3:hr>
          </ns3:TrackPointExtension>
        </extensions>
      </trkpt>
      <trkpt lat="46.764042265713214874267578125" lon="17.2449163533747196197509765625">
        <ele>116.40000152587890625</ele>
        <time>2024-07-24T08:42:22.000Z</time>
        <extensions>
          <ns3:TrackPointExtension>
            <ns3:hr>126</ns3:hr>
          </ns3:TrackPointExtension>
        </extensions>
      </trkpt>
      <trkpt lat="46.7641116678714752197265625" lon="17.24496823735535144805908203125">
        <ele>116.40000152587890625</ele>
        <time>2024-07-24T08:42:28.000Z</time>
        <extensions>
          <ns3:TrackPointExtension>
            <ns3:hr>129</ns3:hr>
          </ns3:TrackPointExtension>
        </extensions>
      </trkpt>
      <trkpt lat="46.76421300508081912994384765625" lon="17.2449515573680400848388671875">
        <ele>116.8000030517578125</ele>
        <time>2024-07-24T08:42:37.000Z</time>
        <extensions>
          <ns3:TrackPointExtension>
            <ns3:hr>126</ns3:hr>
          </ns3:TrackPointExtension>
        </extensions>
      </trkpt>
      <trkpt lat="46.76429648883640766143798828125" lon="17.24492649547755718231201171875">
        <ele>117.1999969482421875</ele>
        <time>2024-07-24T08:42:43.000Z</time>
        <extensions>
          <ns3:TrackPointExtension>
            <ns3:hr>123</ns3:hr>
          </ns3:TrackPointExtension>
        </extensions>
      </trkpt>
      <trkpt lat="46.76430570892989635467529296875" lon="17.24491626955568790435791015625">
        <ele>117.1999969482421875</ele>
        <time>2024-07-24T08:42:45.000Z</time>
        <extensions>
          <ns3:TrackPointExtension>
            <ns3:hr>120</ns3:hr>
          </ns3:TrackPointExtension>
        </extensions>
      </trkpt>
      <trkpt lat="46.7643073014914989471435546875" lon="17.24491425789892673492431640625">
        <ele>117.1999969482421875</ele>
        <time>2024-07-24T08:42:46.000Z</time>
        <extensions>
          <ns3:TrackPointExtension>
            <ns3:hr>123</ns3:hr>
          </ns3:TrackPointExtension>
        </extensions>
      </trkpt>
      <trkpt lat="46.764307804405689239501953125" lon="17.2449170239269733428955078125">
        <ele>117.1999969482421875</ele>
        <time>2024-07-24T08:42:51.000Z</time>
        <extensions>
          <ns3:TrackPointExtension>
            <ns3:hr>124</ns3:hr>
          </ns3:TrackPointExtension>
        </extensions>
      </trkpt>
      <trkpt lat="46.76437108777463436126708984375" lon="17.24491023458540439605712890625">
        <ele>117.59999847412109375</ele>
        <time>2024-07-24T08:43:00.000Z</time>
        <extensions>
          <ns3:TrackPointExtension>
            <ns3:hr>122</ns3:hr>
          </ns3:TrackPointExtension>
        </extensions>
      </trkpt>
      <trkpt lat="46.76446974277496337890625" lon="17.2448902018368244171142578125">
        <ele>118</ele>
        <time>2024-07-24T08:43:07.000Z</time>
        <extensions>
          <ns3:TrackPointExtension>
            <ns3:hr>125</ns3:hr>
          </ns3:TrackPointExtension>
        </extensions>
      </trkpt>
      <trkpt lat="46.76449513994157314300537109375" lon="17.24488592706620693206787109375">
        <ele>118</ele>
        <time>2024-07-24T08:43:09.000Z</time>
        <extensions>
          <ns3:TrackPointExtension>
            <ns3:hr>125</ns3:hr>
          </ns3:TrackPointExtension>
        </extensions>
      </trkpt>
      <trkpt lat="46.76458231173455715179443359375" lon="17.24488894455134868621826171875">
        <ele>118.40000152587890625</ele>
        <time>2024-07-24T08:43:16.000Z</time>
        <extensions>
          <ns3:TrackPointExtension>
            <ns3:hr>123</ns3:hr>
          </ns3:TrackPointExtension>
        </extensions>
      </trkpt>
      <trkpt lat="46.76459589041769504547119140625" lon="17.24488668143749237060546875">
        <ele>118.40000152587890625</ele>
        <time>2024-07-24T08:43:17.000Z</time>
        <extensions>
          <ns3:TrackPointExtension>
            <ns3:hr>123</ns3:hr>
          </ns3:TrackPointExtension>
        </extensions>
      </trkpt>
      <trkpt lat="46.76469261758029460906982421875" lon="17.24483379162847995758056640625">
        <ele>119</ele>
        <time>2024-07-24T08:43:24.000Z</time>
        <extensions>
          <ns3:TrackPointExtension>
            <ns3:hr>123</ns3:hr>
          </ns3:TrackPointExtension>
        </extensions>
      </trkpt>
      <trkpt lat="46.7647874169051647186279296875" lon="17.24475969560444355010986328125">
        <ele>119.59999847412109375</ele>
        <time>2024-07-24T08:43:33.000Z</time>
        <extensions>
          <ns3:TrackPointExtension>
            <ns3:hr>123</ns3:hr>
          </ns3:TrackPointExtension>
        </extensions>
      </trkpt>
      <trkpt lat="46.7648641951382160186767578125" lon="17.2446638904511928558349609375">
        <ele>120.1999969482421875</ele>
        <time>2024-07-24T08:43:41.000Z</time>
        <extensions>
          <ns3:TrackPointExtension>
            <ns3:hr>123</ns3:hr>
          </ns3:TrackPointExtension>
        </extensions>
      </trkpt>
      <trkpt lat="46.76486042328178882598876953125" lon="17.24450270645320415496826171875">
        <ele>120.8000030517578125</ele>
        <time>2024-07-24T08:43:50.000Z</time>
        <extensions>
          <ns3:TrackPointExtension>
            <ns3:hr>126</ns3:hr>
          </ns3:TrackPointExtension>
        </extensions>
      </trkpt>
      <trkpt lat="46.7648766003549098968505859375" lon="17.2443175502121448516845703125">
        <ele>121.1999969482421875</ele>
        <time>2024-07-24T08:43:59.000Z</time>
        <extensions>
          <ns3:TrackPointExtension>
            <ns3:hr>126</ns3:hr>
          </ns3:TrackPointExtension>
        </extensions>
      </trkpt>
      <trkpt lat="46.76488808356225490570068359375" lon="17.24430405534803867340087890625">
        <ele>121.1999969482421875</ele>
        <time>2024-07-24T08:44:00.000Z</time>
        <extensions>
          <ns3:TrackPointExtension>
            <ns3:hr>126</ns3:hr>
          </ns3:TrackPointExtension>
        </extensions>
      </trkpt>
      <trkpt lat="46.764948181807994842529296875" lon="17.24424898624420166015625">
        <ele>121.40000152587890625</ele>
        <time>2024-07-24T08:44:05.000Z</time>
        <extensions>
          <ns3:TrackPointExtension>
            <ns3:hr>127</ns3:hr>
          </ns3:TrackPointExtension>
        </extensions>
      </trkpt>
      <trkpt lat="46.76496854983270168304443359375" lon="17.24423347972333431243896484375">
        <ele>121.59999847412109375</ele>
        <time>2024-07-24T08:44:07.000Z</time>
        <extensions>
          <ns3:TrackPointExtension>
            <ns3:hr>124</ns3:hr>
          </ns3:TrackPointExtension>
        </extensions>
      </trkpt>
      <trkpt lat="46.76498598419129848480224609375" lon="17.24422828294336795806884765625">
        <ele>121.59999847412109375</ele>
        <time>2024-07-24T08:44:08.000Z</time>
        <extensions>
          <ns3:TrackPointExtension>
            <ns3:hr>127</ns3:hr>
          </ns3:TrackPointExtension>
        </extensions>
      </trkpt>
      <trkpt lat="46.76509612239897251129150390625" lon="17.2441609762609004974365234375">
        <ele>121.8000030517578125</ele>
        <time>2024-07-24T08:44:16.000Z</time>
        <extensions>
          <ns3:TrackPointExtension>
            <ns3:hr>128</ns3:hr>
          </ns3:TrackPointExtension>
        </extensions>
      </trkpt>
      <trkpt lat="46.765231825411319732666015625" lon="17.2441438771784305572509765625">
        <ele>122.40000152587890625</ele>
        <time>2024-07-24T08:44:25.000Z</time>
        <extensions>
          <ns3:TrackPointExtension>
            <ns3:hr>130</ns3:hr>
          </ns3:TrackPointExtension>
        </extensions>
      </trkpt>
      <trkpt lat="46.76523895002901554107666015625" lon="17.24414169788360595703125">
        <ele>122.40000152587890625</ele>
        <time>2024-07-24T08:44:26.000Z</time>
        <extensions>
          <ns3:TrackPointExtension>
            <ns3:hr>130</ns3:hr>
          </ns3:TrackPointExtension>
        </extensions>
      </trkpt>
      <trkpt lat="46.76528580486774444580078125" lon="17.24408746697008609771728515625">
        <ele>122.8000030517578125</ele>
        <time>2024-07-24T08:44:30.000Z</time>
        <extensions>
          <ns3:TrackPointExtension>
            <ns3:hr>130</ns3:hr>
          </ns3:TrackPointExtension>
        </extensions>
      </trkpt>
      <trkpt lat="46.7653218470513820648193359375" lon="17.2440754808485507965087890625">
        <ele>123.1999969482421875</ele>
        <time>2024-07-24T08:44:32.000Z</time>
        <extensions>
          <ns3:TrackPointExtension>
            <ns3:hr>129</ns3:hr>
          </ns3:TrackPointExtension>
        </extensions>
      </trkpt>
      <trkpt lat="46.76533869467675685882568359375" lon="17.2440305538475513458251953125">
        <ele>123.40000152587890625</ele>
        <time>2024-07-24T08:44:35.000Z</time>
        <extensions>
          <ns3:TrackPointExtension>
            <ns3:hr>129</ns3:hr>
          </ns3:TrackPointExtension>
        </extensions>
      </trkpt>
      <trkpt lat="46.7653231881558895111083984375" lon="17.24397598765790462493896484375">
        <ele>123.8000030517578125</ele>
        <time>2024-07-24T08:44:37.000Z</time>
        <extensions>
          <ns3:TrackPointExtension>
            <ns3:hr>128</ns3:hr>
          </ns3:TrackPointExtension>
        </extensions>
      </trkpt>
      <trkpt lat="46.76531941629946231842041015625" lon="17.24395419470965862274169921875">
        <ele>124</ele>
        <time>2024-07-24T08:44:39.000Z</time>
        <extensions>
          <ns3:TrackPointExtension>
            <ns3:hr>128</ns3:hr>
          </ns3:TrackPointExtension>
        </extensions>
      </trkpt>
      <trkpt lat="46.76532268524169921875" lon="17.24395486526191234588623046875">
        <ele>124</ele>
        <time>2024-07-24T08:44:44.000Z</time>
        <extensions>
          <ns3:TrackPointExtension>
            <ns3:hr>128</ns3:hr>
          </ns3:TrackPointExtension>
        </extensions>
      </trkpt>
      <trkpt lat="46.7653151415288448333740234375" lon="17.24395000375807285308837890625">
        <ele>124</ele>
        <time>2024-07-24T08:44:51.000Z</time>
        <extensions>
          <ns3:TrackPointExtension>
            <ns3:hr>126</ns3:hr>
          </ns3:TrackPointExtension>
        </extensions>
      </trkpt>
      <trkpt lat="46.765310280025005340576171875" lon="17.2439443878829479217529296875">
        <ele>124</ele>
        <time>2024-07-24T08:44:58.000Z</time>
        <extensions>
          <ns3:TrackPointExtension>
            <ns3:hr>124</ns3:hr>
          </ns3:TrackPointExtension>
        </extensions>
      </trkpt>
      <trkpt lat="46.765310280025005340576171875" lon="17.2439443878829479217529296875">
        <ele>124</ele>
        <time>2024-07-24T08:45:01.000Z</time>
        <extensions>
          <ns3:TrackPointExtension>
            <ns3:hr>121</ns3:hr>
          </ns3:TrackPointExtension>
        </extensions>
      </trkpt>
      <trkpt lat="46.7653476633131504058837890625" lon="17.2439043223857879638671875">
        <ele>124.40000152587890625</ele>
        <time>2024-07-24T08:45:06.000Z</time>
        <extensions>
          <ns3:TrackPointExtension>
            <ns3:hr>120</ns3:hr>
          </ns3:TrackPointExtension>
        </extensions>
      </trkpt>
      <trkpt lat="46.7653989605605602264404296875" lon="17.2438153065741062164306640625">
        <ele>125</ele>
        <time>2024-07-24T08:45:14.000Z</time>
        <extensions>
          <ns3:TrackPointExtension>
            <ns3:hr>118</ns3:hr>
          </ns3:TrackPointExtension>
        </extensions>
      </trkpt>
      <trkpt lat="46.765410862863063812255859375" lon="17.24378622137010097503662109375">
        <ele>125.40000152587890625</ele>
        <time>2024-07-24T08:45:19.000Z</time>
        <extensions>
          <ns3:TrackPointExtension>
            <ns3:hr>120</ns3:hr>
          </ns3:TrackPointExtension>
        </extensions>
      </trkpt>
      <trkpt lat="46.7654247768223285675048828125" lon="17.24378270097076892852783203125">
        <ele>125.40000152587890625</ele>
        <time>2024-07-24T08:45:20.000Z</time>
        <extensions>
          <ns3:TrackPointExtension>
            <ns3:hr>121</ns3:hr>
          </ns3:TrackPointExtension>
        </extensions>
      </trkpt>
      <trkpt lat="46.76550733856856822967529296875" lon="17.24377465434372425079345703125">
        <ele>125.40000152587890625</ele>
        <time>2024-07-24T08:45:25.000Z</time>
        <extensions>
          <ns3:TrackPointExtension>
            <ns3:hr>121</ns3:hr>
          </ns3:TrackPointExtension>
        </extensions>
      </trkpt>
      <trkpt lat="46.76556902937591075897216796875" lon="17.24378286860883235931396484375">
        <ele>125.40000152587890625</ele>
        <time>2024-07-24T08:45:32.000Z</time>
        <extensions>
          <ns3:TrackPointExtension>
            <ns3:hr>121</ns3:hr>
          </ns3:TrackPointExtension>
        </extensions>
      </trkpt>
      <trkpt lat="46.765597276389598846435546875" lon="17.24377079866826534271240234375">
        <ele>125.40000152587890625</ele>
        <time>2024-07-24T08:45:36.000Z</time>
        <extensions>
          <ns3:TrackPointExtension>
            <ns3:hr>117</ns3:hr>
          </ns3:TrackPointExtension>
        </extensions>
      </trkpt>
      <trkpt lat="46.765606664121150970458984375" lon="17.2437683679163455963134765625">
        <ele>125.40000152587890625</ele>
        <time>2024-07-24T08:45:38.000Z</time>
        <extensions>
          <ns3:TrackPointExtension>
            <ns3:hr>116</ns3:hr>
          </ns3:TrackPointExtension>
        </extensions>
      </trkpt>
      <trkpt lat="46.7655873857438564300537109375" lon="17.243725955486297607421875">
        <ele>125.8000030517578125</ele>
        <time>2024-07-24T08:45:44.000Z</time>
        <extensions>
          <ns3:TrackPointExtension>
            <ns3:hr>116</ns3:hr>
          </ns3:TrackPointExtension>
        </extensions>
      </trkpt>
      <trkpt lat="46.76557816565036773681640625" lon="17.2437153942883014678955078125">
        <ele>126</ele>
        <time>2024-07-24T08:45:45.000Z</time>
        <extensions>
          <ns3:TrackPointExtension>
            <ns3:hr>116</ns3:hr>
          </ns3:TrackPointExtension>
        </extensions>
      </trkpt>
      <trkpt lat="46.765548326075077056884765625" lon="17.24369016475975513458251953125">
        <ele>126.1999969482421875</ele>
        <time>2024-07-24T08:45:48.000Z</time>
        <extensions>
          <ns3:TrackPointExtension>
            <ns3:hr>113</ns3:hr>
          </ns3:TrackPointExtension>
        </extensions>
      </trkpt>
      <trkpt lat="46.7655085958540439605712890625" lon="17.24360785447061061859130859375">
        <ele>127</ele>
        <time>2024-07-24T08:45:53.000Z</time>
        <extensions>
          <ns3:TrackPointExtension>
            <ns3:hr>114</ns3:hr>
          </ns3:TrackPointExtension>
        </extensions>
      </trkpt>
      <trkpt lat="46.76548236049711704254150390625" lon="17.2434109635651111602783203125">
        <ele>128</ele>
        <time>2024-07-24T08:46:04.000Z</time>
        <extensions>
          <ns3:TrackPointExtension>
            <ns3:hr>114</ns3:hr>
          </ns3:TrackPointExtension>
        </extensions>
      </trkpt>
      <trkpt lat="46.76544648595154285430908203125" lon="17.243232764303684234619140625">
        <ele>128.600006103515625</ele>
        <time>2024-07-24T08:46:15.000Z</time>
        <extensions>
          <ns3:TrackPointExtension>
            <ns3:hr>113</ns3:hr>
          </ns3:TrackPointExtension>
        </extensions>
      </trkpt>
      <trkpt lat="46.7654576338827610015869140625" lon="17.243187166750431060791015625">
        <ele>128.600006103515625</ele>
        <time>2024-07-24T08:46:19.000Z</time>
        <extensions>
          <ns3:TrackPointExtension>
            <ns3:hr>112</ns3:hr>
          </ns3:TrackPointExtension>
        </extensions>
      </trkpt>
      <trkpt lat="46.76547347567975521087646484375" lon="17.24315623752772808074951171875">
        <ele>128.600006103515625</ele>
        <time>2024-07-24T08:46:21.000Z</time>
        <extensions>
          <ns3:TrackPointExtension>
            <ns3:hr>112</ns3:hr>
          </ns3:TrackPointExtension>
        </extensions>
      </trkpt>
      <trkpt lat="46.76548521034419536590576171875" lon="17.24310527555644512176513671875">
        <ele>128.600006103515625</ele>
        <time>2024-07-24T08:46:24.000Z</time>
        <extensions>
          <ns3:TrackPointExtension>
            <ns3:hr>112</ns3:hr>
          </ns3:TrackPointExtension>
        </extensions>
      </trkpt>
      <trkpt lat="46.76546962000429630279541015625" lon="17.243070490658283233642578125">
        <ele>128.600006103515625</ele>
        <time>2024-07-24T08:46:27.000Z</time>
        <extensions>
          <ns3:TrackPointExtension>
            <ns3:hr>113</ns3:hr>
          </ns3:TrackPointExtension>
        </extensions>
      </trkpt>
      <trkpt lat="46.76546073518693447113037109375" lon="17.2430674731731414794921875">
        <ele>128.8000030517578125</ele>
        <time>2024-07-24T08:46:28.000Z</time>
        <extensions>
          <ns3:TrackPointExtension>
            <ns3:hr>113</ns3:hr>
          </ns3:TrackPointExtension>
        </extensions>
      </trkpt>
      <trkpt lat="46.76546459086239337921142578125" lon="17.2430662997066974639892578125">
        <ele>128.8000030517578125</ele>
        <time>2024-07-24T08:46:33.000Z</time>
        <extensions>
          <ns3:TrackPointExtension>
            <ns3:hr>113</ns3:hr>
          </ns3:TrackPointExtension>
        </extensions>
      </trkpt>
      <trkpt lat="46.76548831164836883544921875" lon="17.24305598996579647064208984375">
        <ele>128.8000030517578125</ele>
        <time>2024-07-24T08:46:39.000Z</time>
        <extensions>
          <ns3:TrackPointExtension>
            <ns3:hr>115</ns3:hr>
          </ns3:TrackPointExtension>
        </extensions>
      </trkpt>
      <trkpt lat="46.76552527584135532379150390625" lon="17.24300569854676723480224609375">
        <ele>129</ele>
        <time>2024-07-24T08:46:49.000Z</time>
        <extensions>
          <ns3:TrackPointExtension>
            <ns3:hr>117</ns3:hr>
          </ns3:TrackPointExtension>
        </extensions>
      </trkpt>
      <trkpt lat="46.76556609570980072021484375" lon="17.24296353757381439208984375">
        <ele>129</ele>
        <time>2024-07-24T08:46:53.000Z</time>
        <extensions>
          <ns3:TrackPointExtension>
            <ns3:hr>119</ns3:hr>
          </ns3:TrackPointExtension>
        </extensions>
      </trkpt>
      <trkpt lat="46.76559149287641048431396484375" lon="17.24295557476580142974853515625">
        <ele>128.8000030517578125</ele>
        <time>2024-07-24T08:46:55.000Z</time>
        <extensions>
          <ns3:TrackPointExtension>
            <ns3:hr>117</ns3:hr>
          </ns3:TrackPointExtension>
        </extensions>
      </trkpt>
      <trkpt lat="46.7656259424984455108642578125" lon="17.24293596111238002777099609375">
        <ele>129</ele>
        <time>2024-07-24T08:46:58.000Z</time>
        <extensions>
          <ns3:TrackPointExtension>
            <ns3:hr>119</ns3:hr>
          </ns3:TrackPointExtension>
        </extensions>
      </trkpt>
      <trkpt lat="46.7656433768570423126220703125" lon="17.242920286953449249267578125">
        <ele>129</ele>
        <time>2024-07-24T08:47:00.000Z</time>
        <extensions>
          <ns3:TrackPointExtension>
            <ns3:hr>119</ns3:hr>
          </ns3:TrackPointExtension>
        </extensions>
      </trkpt>
      <trkpt lat="46.7656539380550384521484375" lon="17.24292020313441753387451171875">
        <ele>129</ele>
        <time>2024-07-24T08:47:01.000Z</time>
        <extensions>
          <ns3:TrackPointExtension>
            <ns3:hr>118</ns3:hr>
          </ns3:TrackPointExtension>
        </extensions>
      </trkpt>
      <trkpt lat="46.76567212678492069244384765625" lon="17.24292137660086154937744140625">
        <ele>129.1999969482421875</ele>
        <time>2024-07-24T08:47:03.000Z</time>
        <extensions>
          <ns3:TrackPointExtension>
            <ns3:hr>118</ns3:hr>
          </ns3:TrackPointExtension>
        </extensions>
      </trkpt>
      <trkpt lat="46.7656846158206462860107421875" lon="17.242907546460628509521484375">
        <ele>129.1999969482421875</ele>
        <time>2024-07-24T08:47:05.000Z</time>
        <extensions>
          <ns3:TrackPointExtension>
            <ns3:hr>117</ns3:hr>
          </ns3:TrackPointExtension>
        </extensions>
      </trkpt>
      <trkpt lat="46.7656960152089595794677734375" lon="17.2429092228412628173828125">
        <ele>129.1999969482421875</ele>
        <time>2024-07-24T08:47:06.000Z</time>
        <extensions>
          <ns3:TrackPointExtension>
            <ns3:hr>121</ns3:hr>
          </ns3:TrackPointExtension>
        </extensions>
      </trkpt>
      <trkpt lat="46.76570682786405086517333984375" lon="17.24291165359318256378173828125">
        <ele>129.1999969482421875</ele>
        <time>2024-07-24T08:47:07.000Z</time>
        <extensions>
          <ns3:TrackPointExtension>
            <ns3:hr>120</ns3:hr>
          </ns3:TrackPointExtension>
        </extensions>
      </trkpt>
      <trkpt lat="46.76571856252849102020263671875" lon="17.24291215650737285614013671875">
        <ele>129.399993896484375</ele>
        <time>2024-07-24T08:47:08.000Z</time>
        <extensions>
          <ns3:TrackPointExtension>
            <ns3:hr>117</ns3:hr>
          </ns3:TrackPointExtension>
        </extensions>
      </trkpt>
      <trkpt lat="46.765775978565216064453125" lon="17.24284350872039794921875">
        <ele>129.600006103515625</ele>
        <time>2024-07-24T08:47:14.000Z</time>
        <extensions>
          <ns3:TrackPointExtension>
            <ns3:hr>116</ns3:hr>
          </ns3:TrackPointExtension>
        </extensions>
      </trkpt>
      <trkpt lat="46.76581093110144138336181640625" lon="17.24281609989702701568603515625">
        <ele>129.600006103515625</ele>
        <time>2024-07-24T08:47:17.000Z</time>
        <extensions>
          <ns3:TrackPointExtension>
            <ns3:hr>115</ns3:hr>
          </ns3:TrackPointExtension>
        </extensions>
      </trkpt>
      <trkpt lat="46.76586759276688098907470703125" lon="17.24280989728868007659912109375">
        <ele>129.8000030517578125</ele>
        <time>2024-07-24T08:47:21.000Z</time>
        <extensions>
          <ns3:TrackPointExtension>
            <ns3:hr>116</ns3:hr>
          </ns3:TrackPointExtension>
        </extensions>
      </trkpt>
      <trkpt lat="46.765910424292087554931640625" lon="17.242800928652286529541015625">
        <ele>130</ele>
        <time>2024-07-24T08:47:25.000Z</time>
        <extensions>
          <ns3:TrackPointExtension>
            <ns3:hr>119</ns3:hr>
          </ns3:TrackPointExtension>
        </extensions>
      </trkpt>
      <trkpt lat="46.76597773097455501556396484375" lon="17.2427823208272457122802734375">
        <ele>130.1999969482421875</ele>
        <time>2024-07-24T08:47:30.000Z</time>
        <extensions>
          <ns3:TrackPointExtension>
            <ns3:hr>119</ns3:hr>
          </ns3:TrackPointExtension>
        </extensions>
      </trkpt>
      <trkpt lat="46.76611033268272876739501953125" lon="17.24276865832507610321044921875">
        <ele>130.8000030517578125</ele>
        <time>2024-07-24T08:47:38.000Z</time>
        <extensions>
          <ns3:TrackPointExtension>
            <ns3:hr>121</ns3:hr>
          </ns3:TrackPointExtension>
        </extensions>
      </trkpt>
      <trkpt lat="46.766207478940486907958984375" lon="17.24276782013475894927978515625">
        <ele>131</ele>
        <time>2024-07-24T08:47:45.000Z</time>
        <extensions>
          <ns3:TrackPointExtension>
            <ns3:hr>120</ns3:hr>
          </ns3:TrackPointExtension>
        </extensions>
      </trkpt>
      <trkpt lat="46.76624762825667858123779296875" lon="17.2427591867744922637939453125">
        <ele>131.1999969482421875</ele>
        <time>2024-07-24T08:47:48.000Z</time>
        <extensions>
          <ns3:TrackPointExtension>
            <ns3:hr>121</ns3:hr>
          </ns3:TrackPointExtension>
        </extensions>
      </trkpt>
      <trkpt lat="46.7662656493484973907470703125" lon="17.24273244850337505340576171875">
        <ele>131</ele>
        <time>2024-07-24T08:47:50.000Z</time>
        <extensions>
          <ns3:TrackPointExtension>
            <ns3:hr>120</ns3:hr>
          </ns3:TrackPointExtension>
        </extensions>
      </trkpt>
      <trkpt lat="46.76639431156218051910400390625" lon="17.24271886982023715972900390625">
        <ele>131</ele>
        <time>2024-07-24T08:47:58.000Z</time>
        <extensions>
          <ns3:TrackPointExtension>
            <ns3:hr>123</ns3:hr>
          </ns3:TrackPointExtension>
        </extensions>
      </trkpt>
      <trkpt lat="46.7664114944636821746826171875" lon="17.24272054620087146759033203125">
        <ele>131</ele>
        <time>2024-07-24T08:47:59.000Z</time>
        <extensions>
          <ns3:TrackPointExtension>
            <ns3:hr>123</ns3:hr>
          </ns3:TrackPointExtension>
        </extensions>
      </trkpt>
      <trkpt lat="46.76650646142661571502685546875" lon="17.2427001781761646270751953125">
        <ele>131.1999969482421875</ele>
        <time>2024-07-24T08:48:05.000Z</time>
        <extensions>
          <ns3:TrackPointExtension>
            <ns3:hr>121</ns3:hr>
          </ns3:TrackPointExtension>
        </extensions>
      </trkpt>
      <trkpt lat="46.76660452969372272491455078125" lon="17.24271132610738277435302734375">
        <ele>131.600006103515625</ele>
        <time>2024-07-24T08:48:13.000Z</time>
        <extensions>
          <ns3:TrackPointExtension>
            <ns3:hr>123</ns3:hr>
          </ns3:TrackPointExtension>
        </extensions>
      </trkpt>
      <trkpt lat="46.76669337786734104156494140625" lon="17.24268936552107334136962890625">
        <ele>131.8000030517578125</ele>
        <time>2024-07-24T08:48:20.000Z</time>
        <extensions>
          <ns3:TrackPointExtension>
            <ns3:hr>120</ns3:hr>
          </ns3:TrackPointExtension>
        </extensions>
      </trkpt>
      <trkpt lat="46.766721792519092559814453125" lon="17.24269221536815166473388671875">
        <ele>132</ele>
        <time>2024-07-24T08:48:23.000Z</time>
        <extensions>
          <ns3:TrackPointExtension>
            <ns3:hr>119</ns3:hr>
          </ns3:TrackPointExtension>
        </extensions>
      </trkpt>
      <trkpt lat="46.76682882942259311676025390625" lon="17.242662794888019561767578125">
        <ele>132.1999969482421875</ele>
        <time>2024-07-24T08:48:31.000Z</time>
        <extensions>
          <ns3:TrackPointExtension>
            <ns3:hr>120</ns3:hr>
          </ns3:TrackPointExtension>
        </extensions>
      </trkpt>
      <trkpt lat="46.7669351957738399505615234375" lon="17.2426410019397735595703125">
        <ele>132.399993896484375</ele>
        <time>2024-07-24T08:48:38.000Z</time>
        <extensions>
          <ns3:TrackPointExtension>
            <ns3:hr>121</ns3:hr>
          </ns3:TrackPointExtension>
        </extensions>
      </trkpt>
      <trkpt lat="46.76707886159420013427734375" lon="17.24261258728802204132080078125">
        <ele>133.399993896484375</ele>
        <time>2024-07-24T08:48:47.000Z</time>
        <extensions>
          <ns3:TrackPointExtension>
            <ns3:hr>122</ns3:hr>
          </ns3:TrackPointExtension>
        </extensions>
      </trkpt>
      <trkpt lat="46.7672091163694858551025390625" lon="17.24259833805263042449951171875">
        <ele>134.600006103515625</ele>
        <time>2024-07-24T08:48:57.000Z</time>
        <extensions>
          <ns3:TrackPointExtension>
            <ns3:hr>124</ns3:hr>
          </ns3:TrackPointExtension>
        </extensions>
      </trkpt>
      <trkpt lat="46.76732654683291912078857421875" lon="17.2425841726362705230712890625">
        <ele>135.600006103515625</ele>
        <time>2024-07-24T08:49:05.000Z</time>
        <extensions>
          <ns3:TrackPointExtension>
            <ns3:hr>124</ns3:hr>
          </ns3:TrackPointExtension>
        </extensions>
      </trkpt>
      <trkpt lat="46.7673656903207302093505859375" lon="17.242591381072998046875">
        <ele>135.600006103515625</ele>
        <time>2024-07-24T08:49:09.000Z</time>
        <extensions>
          <ns3:TrackPointExtension>
            <ns3:hr>124</ns3:hr>
          </ns3:TrackPointExtension>
        </extensions>
      </trkpt>
      <trkpt lat="46.767388992011547088623046875" lon="17.24260839633643627166748046875">
        <ele>135.600006103515625</ele>
        <time>2024-07-24T08:49:11.000Z</time>
        <extensions>
          <ns3:TrackPointExtension>
            <ns3:hr>125</ns3:hr>
          </ns3:TrackPointExtension>
        </extensions>
      </trkpt>
      <trkpt lat="46.76748387515544891357421875" lon="17.24257805384695529937744140625">
        <ele>135.600006103515625</ele>
        <time>2024-07-24T08:49:19.000Z</time>
        <extensions>
          <ns3:TrackPointExtension>
            <ns3:hr>127</ns3:hr>
          </ns3:TrackPointExtension>
        </extensions>
      </trkpt>
      <trkpt lat="46.76756526343524456024169921875" lon="17.2425603680312633514404296875">
        <ele>135.399993896484375</ele>
        <time>2024-07-24T08:49:24.000Z</time>
        <extensions>
          <ns3:TrackPointExtension>
            <ns3:hr>126</ns3:hr>
          </ns3:TrackPointExtension>
        </extensions>
      </trkpt>
      <trkpt lat="46.7675990425050258636474609375" lon="17.24259045906364917755126953125">
        <ele>135.399993896484375</ele>
        <time>2024-07-24T08:49:27.000Z</time>
        <extensions>
          <ns3:TrackPointExtension>
            <ns3:hr>127</ns3:hr>
          </ns3:TrackPointExtension>
        </extensions>
      </trkpt>
      <trkpt lat="46.7676251940429210662841796875" lon="17.24258132278919219970703125">
        <ele>135.1999969482421875</ele>
        <time>2024-07-24T08:49:29.000Z</time>
        <extensions>
          <ns3:TrackPointExtension>
            <ns3:hr>128</ns3:hr>
          </ns3:TrackPointExtension>
        </extensions>
      </trkpt>
      <trkpt lat="46.76768261007964611053466796875" lon="17.24255676381289958953857421875">
        <ele>134.600006103515625</ele>
        <time>2024-07-24T08:49:33.000Z</time>
        <extensions>
          <ns3:TrackPointExtension>
            <ns3:hr>128</ns3:hr>
          </ns3:TrackPointExtension>
        </extensions>
      </trkpt>
      <trkpt lat="46.76778755150735378265380859375" lon="17.24251384846866130828857421875">
        <ele>133.8000030517578125</ele>
        <time>2024-07-24T08:49:41.000Z</time>
        <extensions>
          <ns3:TrackPointExtension>
            <ns3:hr>125</ns3:hr>
          </ns3:TrackPointExtension>
        </extensions>
      </trkpt>
      <trkpt lat="46.76780079491436481475830078125" lon="17.24251133389770984649658203125">
        <ele>133.600006103515625</ele>
        <time>2024-07-24T08:49:42.000Z</time>
        <extensions>
          <ns3:TrackPointExtension>
            <ns3:hr>124</ns3:hr>
          </ns3:TrackPointExtension>
        </extensions>
      </trkpt>
      <trkpt lat="46.7679123580455780029296875" lon="17.242424748837947845458984375">
        <ele>133</ele>
        <time>2024-07-24T08:49:51.000Z</time>
        <extensions>
          <ns3:TrackPointExtension>
            <ns3:hr>121</ns3:hr>
          </ns3:TrackPointExtension>
        </extensions>
      </trkpt>
      <trkpt lat="46.76792736165225505828857421875" lon="17.24241594783961772918701171875">
        <ele>133</ele>
        <time>2024-07-24T08:49:52.000Z</time>
        <extensions>
          <ns3:TrackPointExtension>
            <ns3:hr>121</ns3:hr>
          </ns3:TrackPointExtension>
        </extensions>
      </trkpt>
      <trkpt lat="46.76801051013171672821044921875" lon="17.2424286045134067535400390625">
        <ele>133</ele>
        <time>2024-07-24T08:49:56.000Z</time>
        <extensions>
          <ns3:TrackPointExtension>
            <ns3:hr>121</ns3:hr>
          </ns3:TrackPointExtension>
        </extensions>
      </trkpt>
      <trkpt lat="46.76803884096443653106689453125" lon="17.24241376854479312896728515625">
        <ele>133</ele>
        <time>2024-07-24T08:49:59.000Z</time>
        <extensions>
          <ns3:TrackPointExtension>
            <ns3:hr>121</ns3:hr>
          </ns3:TrackPointExtension>
        </extensions>
      </trkpt>
      <trkpt lat="46.76808225922286510467529296875" lon="17.24238024093210697174072265625">
        <ele>132.8000030517578125</ele>
        <time>2024-07-24T08:50:02.000Z</time>
        <extensions>
          <ns3:TrackPointExtension>
            <ns3:hr>122</ns3:hr>
          </ns3:TrackPointExtension>
        </extensions>
      </trkpt>
      <trkpt lat="46.7681076563894748687744140625" lon="17.24235811270773410797119140625">
        <ele>132.8000030517578125</ele>
        <time>2024-07-24T08:50:04.000Z</time>
        <extensions>
          <ns3:TrackPointExtension>
            <ns3:hr>122</ns3:hr>
          </ns3:TrackPointExtension>
        </extensions>
      </trkpt>
      <trkpt lat="46.76819139160215854644775390625" lon="17.2423488087952136993408203125">
        <ele>132.8000030517578125</ele>
        <time>2024-07-24T08:50:09.000Z</time>
        <extensions>
          <ns3:TrackPointExtension>
            <ns3:hr>125</ns3:hr>
          </ns3:TrackPointExtension>
        </extensions>
      </trkpt>
      <trkpt lat="46.76821519620716571807861328125" lon="17.24234822206199169158935546875">
        <ele>132.8000030517578125</ele>
        <time>2024-07-24T08:50:10.000Z</time>
        <extensions>
          <ns3:TrackPointExtension>
            <ns3:hr>126</ns3:hr>
          </ns3:TrackPointExtension>
        </extensions>
      </trkpt>
      <trkpt lat="46.7683172039687633514404296875" lon="17.2423659078776836395263671875">
        <ele>132.8000030517578125</ele>
        <time>2024-07-24T08:50:16.000Z</time>
        <extensions>
          <ns3:TrackPointExtension>
            <ns3:hr>129</ns3:hr>
          </ns3:TrackPointExtension>
        </extensions>
      </trkpt>
      <trkpt lat="46.76833639852702617645263671875" lon="17.24234369583427906036376953125">
        <ele>132.600006103515625</ele>
        <time>2024-07-24T08:50:18.000Z</time>
        <extensions>
          <ns3:TrackPointExtension>
            <ns3:hr>129</ns3:hr>
          </ns3:TrackPointExtension>
        </extensions>
      </trkpt>
      <trkpt lat="46.76842507906258106231689453125" lon="17.2422891296446323394775390625">
        <ele>132.600006103515625</ele>
        <time>2024-07-24T08:50:25.000Z</time>
        <extensions>
          <ns3:TrackPointExtension>
            <ns3:hr>131</ns3:hr>
          </ns3:TrackPointExtension>
        </extensions>
      </trkpt>
      <trkpt lat="46.76847185008227825164794921875" lon="17.2422737069427967071533203125">
        <ele>132.600006103515625</ele>
        <time>2024-07-24T08:50:28.000Z</time>
        <extensions>
          <ns3:TrackPointExtension>
            <ns3:hr>128</ns3:hr>
          </ns3:TrackPointExtension>
        </extensions>
      </trkpt>
      <trkpt lat="46.76855181343853473663330078125" lon="17.24223037250339984893798828125">
        <ele>132.8000030517578125</ele>
        <time>2024-07-24T08:50:35.000Z</time>
        <extensions>
          <ns3:TrackPointExtension>
            <ns3:hr>131</ns3:hr>
          </ns3:TrackPointExtension>
        </extensions>
      </trkpt>
      <trkpt lat="46.768563799560070037841796875" lon="17.242208831012248992919921875">
        <ele>132.8000030517578125</ele>
        <time>2024-07-24T08:50:37.000Z</time>
        <extensions>
          <ns3:TrackPointExtension>
            <ns3:hr>132</ns3:hr>
          </ns3:TrackPointExtension>
        </extensions>
      </trkpt>
      <trkpt lat="46.76860964857041835784912109375" lon="17.24217362701892852783203125">
        <ele>132.8000030517578125</ele>
        <time>2024-07-24T08:50:42.000Z</time>
        <extensions>
          <ns3:TrackPointExtension>
            <ns3:hr>129</ns3:hr>
          </ns3:TrackPointExtension>
        </extensions>
      </trkpt>
      <trkpt lat="46.7686192877590656280517578125" lon="17.24217991344630718231201171875">
        <ele>132.8000030517578125</ele>
        <time>2024-07-24T08:50:43.000Z</time>
        <extensions>
          <ns3:TrackPointExtension>
            <ns3:hr>128</ns3:hr>
          </ns3:TrackPointExtension>
        </extensions>
      </trkpt>
      <trkpt lat="46.76863160915672779083251953125" lon="17.24218301475048065185546875">
        <ele>133</ele>
        <time>2024-07-24T08:50:44.000Z</time>
        <extensions>
          <ns3:TrackPointExtension>
            <ns3:hr>127</ns3:hr>
          </ns3:TrackPointExtension>
        </extensions>
      </trkpt>
      <trkpt lat="46.76867217756807804107666015625" lon="17.24218460731208324432373046875">
        <ele>133</ele>
        <time>2024-07-24T08:50:47.000Z</time>
        <extensions>
          <ns3:TrackPointExtension>
            <ns3:hr>124</ns3:hr>
          </ns3:TrackPointExtension>
        </extensions>
      </trkpt>
      <trkpt lat="46.76874392665922641754150390625" lon="17.24222282879054546356201171875">
        <ele>133.1999969482421875</ele>
        <time>2024-07-24T08:50:53.000Z</time>
        <extensions>
          <ns3:TrackPointExtension>
            <ns3:hr>124</ns3:hr>
          </ns3:TrackPointExtension>
        </extensions>
      </trkpt>
      <trkpt lat="46.768810562789440155029296875" lon="17.242230959236621856689453125">
        <ele>133.1999969482421875</ele>
        <time>2024-07-24T08:50:58.000Z</time>
        <extensions>
          <ns3:TrackPointExtension>
            <ns3:hr>121</ns3:hr>
          </ns3:TrackPointExtension>
        </extensions>
      </trkpt>
      <trkpt lat="46.7688499577343463897705078125" lon="17.24221117794513702392578125">
        <ele>133.1999969482421875</ele>
        <time>2024-07-24T08:51:01.000Z</time>
        <extensions>
          <ns3:TrackPointExtension>
            <ns3:hr>119</ns3:hr>
          </ns3:TrackPointExtension>
        </extensions>
      </trkpt>
      <trkpt lat="46.76900762133300304412841796875" lon="17.24219533614814281463623046875">
        <ele>133</ele>
        <time>2024-07-24T08:51:11.000Z</time>
        <extensions>
          <ns3:TrackPointExtension>
            <ns3:hr>122</ns3:hr>
          </ns3:TrackPointExtension>
        </extensions>
      </trkpt>
      <trkpt lat="46.769122369587421417236328125" lon="17.24217605777084827423095703125">
        <ele>132.600006103515625</ele>
        <time>2024-07-24T08:51:19.000Z</time>
        <extensions>
          <ns3:TrackPointExtension>
            <ns3:hr>123</ns3:hr>
          </ns3:TrackPointExtension>
        </extensions>
      </trkpt>
      <trkpt lat="46.76916964352130889892578125" lon="17.242179997265338897705078125">
        <ele>132.399993896484375</ele>
        <time>2024-07-24T08:51:22.000Z</time>
        <extensions>
          <ns3:TrackPointExtension>
            <ns3:hr>124</ns3:hr>
          </ns3:TrackPointExtension>
        </extensions>
      </trkpt>
      <trkpt lat="46.76922957412898540496826171875" lon="17.24216482602059841156005859375">
        <ele>132</ele>
        <time>2024-07-24T08:51:26.000Z</time>
        <extensions>
          <ns3:TrackPointExtension>
            <ns3:hr>125</ns3:hr>
          </ns3:TrackPointExtension>
        </extensions>
      </trkpt>
      <trkpt lat="46.7692781053483486175537109375" lon="17.24215753376483917236328125">
        <ele>132</ele>
        <time>2024-07-24T08:51:29.000Z</time>
        <extensions>
          <ns3:TrackPointExtension>
            <ns3:hr>125</ns3:hr>
          </ns3:TrackPointExtension>
        </extensions>
      </trkpt>
      <trkpt lat="46.7693307437002658843994140625" lon="17.2421412728726863861083984375">
        <ele>132</ele>
        <time>2024-07-24T08:51:33.000Z</time>
        <extensions>
          <ns3:TrackPointExtension>
            <ns3:hr>125</ns3:hr>
          </ns3:TrackPointExtension>
        </extensions>
      </trkpt>
      <trkpt lat="46.76944582723081111907958984375" lon="17.2421754710376262664794921875">
        <ele>132</ele>
        <time>2024-07-24T08:51:42.000Z</time>
        <extensions>
          <ns3:TrackPointExtension>
            <ns3:hr>124</ns3:hr>
          </ns3:TrackPointExtension>
        </extensions>
      </trkpt>
      <trkpt lat="46.769563592970371246337890625" lon="17.24215242080390453338623046875">
        <ele>132.1999969482421875</ele>
        <time>2024-07-24T08:51:50.000Z</time>
        <extensions>
          <ns3:TrackPointExtension>
            <ns3:hr>121</ns3:hr>
          </ns3:TrackPointExtension>
        </extensions>
      </trkpt>
      <trkpt lat="46.76958932541310787200927734375" lon="17.2421315498650074005126953125">
        <ele>132.1999969482421875</ele>
        <time>2024-07-24T08:51:52.000Z</time>
        <extensions>
          <ns3:TrackPointExtension>
            <ns3:hr>116</ns3:hr>
          </ns3:TrackPointExtension>
        </extensions>
      </trkpt>
      <trkpt lat="46.76960416138172149658203125" lon="17.2421268559992313385009765625">
        <ele>132.1999969482421875</ele>
        <time>2024-07-24T08:51:53.000Z</time>
        <extensions>
          <ns3:TrackPointExtension>
            <ns3:hr>120</ns3:hr>
          </ns3:TrackPointExtension>
        </extensions>
      </trkpt>
      <trkpt lat="46.76971639506518840789794921875" lon="17.242116294801235198974609375">
        <ele>132.600006103515625</ele>
        <time>2024-07-24T08:52:00.000Z</time>
        <extensions>
          <ns3:TrackPointExtension>
            <ns3:hr>121</ns3:hr>
          </ns3:TrackPointExtension>
        </extensions>
      </trkpt>
      <trkpt lat="46.76976752467453479766845703125" lon="17.2421533428132534027099609375">
        <ele>132.8000030517578125</ele>
        <time>2024-07-24T08:52:08.000Z</time>
        <extensions>
          <ns3:TrackPointExtension>
            <ns3:hr>119</ns3:hr>
          </ns3:TrackPointExtension>
        </extensions>
      </trkpt>
      <trkpt lat="46.7697894014418125152587890625" lon="17.2422260977327823638916015625">
        <ele>133</ele>
        <time>2024-07-24T08:52:14.000Z</time>
        <extensions>
          <ns3:TrackPointExtension>
            <ns3:hr>119</ns3:hr>
          </ns3:TrackPointExtension>
        </extensions>
      </trkpt>
      <trkpt lat="46.76979199983179569244384765625" lon="17.24226884543895721435546875">
        <ele>133</ele>
        <time>2024-07-24T08:52:17.000Z</time>
        <extensions>
          <ns3:TrackPointExtension>
            <ns3:hr>118</ns3:hr>
          </ns3:TrackPointExtension>
        </extensions>
      </trkpt>
      <trkpt lat="46.76980130374431610107421875" lon="17.24236515350639820098876953125">
        <ele>133</ele>
        <time>2024-07-24T08:52:23.000Z</time>
        <extensions>
          <ns3:TrackPointExtension>
            <ns3:hr>118</ns3:hr>
          </ns3:TrackPointExtension>
        </extensions>
      </trkpt>
      <trkpt lat="46.769813708961009979248046875" lon="17.24247537553310394287109375">
        <ele>133</ele>
        <time>2024-07-24T08:52:29.000Z</time>
        <extensions>
          <ns3:TrackPointExtension>
            <ns3:hr>121</ns3:hr>
          </ns3:TrackPointExtension>
        </extensions>
      </trkpt>
      <trkpt lat="46.76983558572828769683837890625" lon="17.242548801004886627197265625">
        <ele>133</ele>
        <time>2024-07-24T08:52:33.000Z</time>
        <extensions>
          <ns3:TrackPointExtension>
            <ns3:hr>121</ns3:hr>
          </ns3:TrackPointExtension>
        </extensions>
      </trkpt>
      <trkpt lat="46.7698497511446475982666015625" lon="17.2426839172840118408203125">
        <ele>133</ele>
        <time>2024-07-24T08:52:40.000Z</time>
        <extensions>
          <ns3:TrackPointExtension>
            <ns3:hr>118</ns3:hr>
          </ns3:TrackPointExtension>
        </extensions>
      </trkpt>
      <trkpt lat="46.769841201603412628173828125" lon="17.242802940309047698974609375">
        <ele>132.600006103515625</ele>
        <time>2024-07-24T08:52:47.000Z</time>
        <extensions>
          <ns3:TrackPointExtension>
            <ns3:hr>116</ns3:hr>
          </ns3:TrackPointExtension>
        </extensions>
      </trkpt>
      <trkpt lat="46.76987095735967159271240234375" lon="17.24303059279918670654296875">
        <ele>131.600006103515625</ele>
        <time>2024-07-24T08:52:56.000Z</time>
        <extensions>
          <ns3:TrackPointExtension>
            <ns3:hr>117</ns3:hr>
          </ns3:TrackPointExtension>
        </extensions>
      </trkpt>
      <trkpt lat="46.769973970949649810791015625" lon="17.2432258911430835723876953125">
        <ele>130.1999969482421875</ele>
        <time>2024-07-24T08:53:06.000Z</time>
        <extensions>
          <ns3:TrackPointExtension>
            <ns3:hr>117</ns3:hr>
          </ns3:TrackPointExtension>
        </extensions>
      </trkpt>
      <trkpt lat="46.7700287885963916778564453125" lon="17.24331893026828765869140625">
        <ele>129.600006103515625</ele>
        <time>2024-07-24T08:53:13.000Z</time>
        <extensions>
          <ns3:TrackPointExtension>
            <ns3:hr>114</ns3:hr>
          </ns3:TrackPointExtension>
        </extensions>
      </trkpt>
      <trkpt lat="46.77003758959472179412841796875" lon="17.2433372028172016143798828125">
        <ele>129.399993896484375</ele>
        <time>2024-07-24T08:53:15.000Z</time>
        <extensions>
          <ns3:TrackPointExtension>
            <ns3:hr>115</ns3:hr>
          </ns3:TrackPointExtension>
        </extensions>
      </trkpt>
      <trkpt lat="46.77010112442076206207275390625" lon="17.2434099577367305755615234375">
        <ele>129</ele>
        <time>2024-07-24T08:53:22.000Z</time>
        <extensions>
          <ns3:TrackPointExtension>
            <ns3:hr>115</ns3:hr>
          </ns3:TrackPointExtension>
        </extensions>
      </trkpt>
      <trkpt lat="46.77018041722476482391357421875" lon="17.2434858977794647216796875">
        <ele>128.8000030517578125</ele>
        <time>2024-07-24T08:53:27.000Z</time>
        <extensions>
          <ns3:TrackPointExtension>
            <ns3:hr>118</ns3:hr>
          </ns3:TrackPointExtension>
        </extensions>
      </trkpt>
      <trkpt lat="46.77020321600139141082763671875" lon="17.24350743927061557769775390625">
        <ele>128.600006103515625</ele>
        <time>2024-07-24T08:53:30.000Z</time>
        <extensions>
          <ns3:TrackPointExtension>
            <ns3:hr>118</ns3:hr>
          </ns3:TrackPointExtension>
        </extensions>
      </trkpt>
      <trkpt lat="46.77027613855898380279541015625" lon="17.243528477847576141357421875">
        <ele>128.8000030517578125</ele>
        <time>2024-07-24T08:53:35.000Z</time>
        <extensions>
          <ns3:TrackPointExtension>
            <ns3:hr>119</ns3:hr>
          </ns3:TrackPointExtension>
        </extensions>
      </trkpt>
      <trkpt lat="46.77031704224646091461181640625" lon="17.2435356862843036651611328125">
        <ele>129</ele>
        <time>2024-07-24T08:53:38.000Z</time>
        <extensions>
          <ns3:TrackPointExtension>
            <ns3:hr>120</ns3:hr>
          </ns3:TrackPointExtension>
        </extensions>
      </trkpt>
      <trkpt lat="46.77041879855096340179443359375" lon="17.24358857609331607818603515625">
        <ele>128.8000030517578125</ele>
        <time>2024-07-24T08:53:46.000Z</time>
        <extensions>
          <ns3:TrackPointExtension>
            <ns3:hr>119</ns3:hr>
          </ns3:TrackPointExtension>
        </extensions>
      </trkpt>
      <trkpt lat="46.7705052159726619720458984375" lon="17.24359075538814067840576171875">
        <ele>128.8000030517578125</ele>
        <time>2024-07-24T08:53:52.000Z</time>
        <extensions>
          <ns3:TrackPointExtension>
            <ns3:hr>116</ns3:hr>
          </ns3:TrackPointExtension>
        </extensions>
      </trkpt>
      <trkpt lat="46.77054603584110736846923828125" lon="17.2435933537781238555908203125">
        <ele>128.8000030517578125</ele>
        <time>2024-07-24T08:53:55.000Z</time>
        <extensions>
          <ns3:TrackPointExtension>
            <ns3:hr>115</ns3:hr>
          </ns3:TrackPointExtension>
        </extensions>
      </trkpt>
      <trkpt lat="46.77068769000470638275146484375" lon="17.243616990745067596435546875">
        <ele>129.1999969482421875</ele>
        <time>2024-07-24T08:54:04.000Z</time>
        <extensions>
          <ns3:TrackPointExtension>
            <ns3:hr>115</ns3:hr>
          </ns3:TrackPointExtension>
        </extensions>
      </trkpt>
      <trkpt lat="46.77073613740503787994384765625" lon="17.243600897490978240966796875">
        <ele>129.600006103515625</ele>
        <time>2024-07-24T08:54:12.000Z</time>
        <extensions>
          <ns3:TrackPointExtension>
            <ns3:hr>116</ns3:hr>
          </ns3:TrackPointExtension>
        </extensions>
      </trkpt>
      <trkpt lat="46.7707368917763233184814453125" lon="17.243600897490978240966796875">
        <ele>129.600006103515625</ele>
        <time>2024-07-24T08:54:18.000Z</time>
        <extensions>
          <ns3:TrackPointExtension>
            <ns3:hr>113</ns3:hr>
          </ns3:TrackPointExtension>
        </extensions>
      </trkpt>
      <trkpt lat="46.77078458480536937713623046875" lon="17.2435960359871387481689453125">
        <ele>130</ele>
        <time>2024-07-24T08:54:29.000Z</time>
        <extensions>
          <ns3:TrackPointExtension>
            <ns3:hr>112</ns3:hr>
          </ns3:TrackPointExtension>
        </extensions>
      </trkpt>
      <trkpt lat="46.7709217965602874755859375" lon="17.24356862716376781463623046875">
        <ele>131</ele>
        <time>2024-07-24T08:54:39.000Z</time>
        <extensions>
          <ns3:TrackPointExtension>
            <ns3:hr>112</ns3:hr>
          </ns3:TrackPointExtension>
        </extensions>
      </trkpt>
      <trkpt lat="46.770952977240085601806640625" lon="17.24356862716376781463623046875">
        <ele>131.1999969482421875</ele>
        <time>2024-07-24T08:54:42.000Z</time>
        <extensions>
          <ns3:TrackPointExtension>
            <ns3:hr>115</ns3:hr>
          </ns3:TrackPointExtension>
        </extensions>
      </trkpt>
      <trkpt lat="46.7709695734083652496337890625" lon="17.243570052087306976318359375">
        <ele>131.399993896484375</ele>
        <time>2024-07-24T08:54:44.000Z</time>
        <extensions>
          <ns3:TrackPointExtension>
            <ns3:hr>116</ns3:hr>
          </ns3:TrackPointExtension>
        </extensions>
      </trkpt>
      <trkpt lat="46.77100871689617633819580078125" lon="17.2435427270829677581787109375">
        <ele>131.8000030517578125</ele>
        <time>2024-07-24T08:54:47.000Z</time>
        <extensions>
          <ns3:TrackPointExtension>
            <ns3:hr>119</ns3:hr>
          </ns3:TrackPointExtension>
        </extensions>
      </trkpt>
      <trkpt lat="46.7710899375379085540771484375" lon="17.24344373680651187896728515625">
        <ele>132.600006103515625</ele>
        <time>2024-07-24T08:54:53.000Z</time>
        <extensions>
          <ns3:TrackPointExtension>
            <ns3:hr>121</ns3:hr>
          </ns3:TrackPointExtension>
        </extensions>
      </trkpt>
      <trkpt lat="46.77110460586845874786376953125" lon="17.2434280626475811004638671875">
        <ele>132.8000030517578125</ele>
        <time>2024-07-24T08:54:54.000Z</time>
        <extensions>
          <ns3:TrackPointExtension>
            <ns3:hr>122</ns3:hr>
          </ns3:TrackPointExtension>
        </extensions>
      </trkpt>
      <trkpt lat="46.7711492814123630523681640625" lon="17.24335203878581523895263671875">
        <ele>132.8000030517578125</ele>
        <time>2024-07-24T08:54:58.000Z</time>
        <extensions>
          <ns3:TrackPointExtension>
            <ns3:hr>125</ns3:hr>
          </ns3:TrackPointExtension>
        </extensions>
      </trkpt>
      <trkpt lat="46.7711995728313922882080078125" lon="17.2433026693761348724365234375">
        <ele>133</ele>
        <time>2024-07-24T08:55:02.000Z</time>
        <extensions>
          <ns3:TrackPointExtension>
            <ns3:hr>128</ns3:hr>
          </ns3:TrackPointExtension>
        </extensions>
      </trkpt>
      <trkpt lat="46.77124106325209140777587890625" lon="17.2432721592485904693603515625">
        <ele>133</ele>
        <time>2024-07-24T08:55:05.000Z</time>
        <extensions>
          <ns3:TrackPointExtension>
            <ns3:hr>128</ns3:hr>
          </ns3:TrackPointExtension>
        </extensions>
      </trkpt>
      <trkpt lat="46.77130174823105335235595703125" lon="17.24317937158048152923583984375">
        <ele>133</ele>
        <time>2024-07-24T08:55:11.000Z</time>
        <extensions>
          <ns3:TrackPointExtension>
            <ns3:hr>125</ns3:hr>
          </ns3:TrackPointExtension>
        </extensions>
      </trkpt>
      <trkpt lat="46.7713192664086818695068359375" lon="17.24314433522522449493408203125">
        <ele>133</ele>
        <time>2024-07-24T08:55:13.000Z</time>
        <extensions>
          <ns3:TrackPointExtension>
            <ns3:hr>124</ns3:hr>
          </ns3:TrackPointExtension>
        </extensions>
      </trkpt>
      <trkpt lat="46.77135271020233631134033203125" lon="17.24310091696679592132568359375">
        <ele>132.8000030517578125</ele>
        <time>2024-07-24T08:55:16.000Z</time>
        <extensions>
          <ns3:TrackPointExtension>
            <ns3:hr>121</ns3:hr>
          </ns3:TrackPointExtension>
        </extensions>
      </trkpt>
      <trkpt lat="46.77138824947178363800048828125" lon="17.24305498413741588592529296875">
        <ele>132.600006103515625</ele>
        <time>2024-07-24T08:55:19.000Z</time>
        <extensions>
          <ns3:TrackPointExtension>
            <ns3:hr>121</ns3:hr>
          </ns3:TrackPointExtension>
        </extensions>
      </trkpt>
      <trkpt lat="46.771399565041065216064453125" lon="17.2429767809808254241943359375">
        <ele>132.1999969482421875</ele>
        <time>2024-07-24T08:55:23.000Z</time>
        <extensions>
          <ns3:TrackPointExtension>
            <ns3:hr>124</ns3:hr>
          </ns3:TrackPointExtension>
        </extensions>
      </trkpt>
      <trkpt lat="46.77140870131552219390869140625" lon="17.24288885481655597686767578125">
        <ele>132.399993896484375</ele>
        <time>2024-07-24T08:55:27.000Z</time>
        <extensions>
          <ns3:TrackPointExtension>
            <ns3:hr>125</ns3:hr>
          </ns3:TrackPointExtension>
        </extensions>
      </trkpt>
      <trkpt lat="46.77139596082270145416259765625" lon="17.24277553148567676544189453125">
        <ele>132.8000030517578125</ele>
        <time>2024-07-24T08:55:33.000Z</time>
        <extensions>
          <ns3:TrackPointExtension>
            <ns3:hr>122</ns3:hr>
          </ns3:TrackPointExtension>
        </extensions>
      </trkpt>
      <trkpt lat="46.77140300162136554718017578125" lon="17.24275390617549419403076171875">
        <ele>132.8000030517578125</ele>
        <time>2024-07-24T08:55:34.000Z</time>
        <extensions>
          <ns3:TrackPointExtension>
            <ns3:hr>121</ns3:hr>
          </ns3:TrackPointExtension>
        </extensions>
      </trkpt>
      <trkpt lat="46.7713967151939868927001953125" lon="17.242705710232257843017578125">
        <ele>133</ele>
        <time>2024-07-24T08:55:36.000Z</time>
        <extensions>
          <ns3:TrackPointExtension>
            <ns3:hr>120</ns3:hr>
          </ns3:TrackPointExtension>
        </extensions>
      </trkpt>
      <trkpt lat="46.771394200623035430908203125" lon="17.24259951151907444000244140625">
        <ele>133.8000030517578125</ele>
        <time>2024-07-24T08:55:40.000Z</time>
        <extensions>
          <ns3:TrackPointExtension>
            <ns3:hr>118</ns3:hr>
          </ns3:TrackPointExtension>
        </extensions>
      </trkpt>
      <trkpt lat="46.7713806219398975372314453125" lon="17.24247043021023273468017578125">
        <ele>134.600006103515625</ele>
        <time>2024-07-24T08:55:46.000Z</time>
        <extensions>
          <ns3:TrackPointExtension>
            <ns3:hr>117</ns3:hr>
          </ns3:TrackPointExtension>
        </extensions>
      </trkpt>
      <trkpt lat="46.77138254977762699127197265625" lon="17.24233062006533145904541015625">
        <ele>136</ele>
        <time>2024-07-24T08:55:54.000Z</time>
        <extensions>
          <ns3:TrackPointExtension>
            <ns3:hr>120</ns3:hr>
          </ns3:TrackPointExtension>
        </extensions>
      </trkpt>
      <trkpt lat="46.771376095712184906005859375" lon="17.24217857234179973602294921875">
        <ele>137.1999969482421875</ele>
        <time>2024-07-24T08:56:00.000Z</time>
        <extensions>
          <ns3:TrackPointExtension>
            <ns3:hr>119</ns3:hr>
          </ns3:TrackPointExtension>
        </extensions>
      </trkpt>
      <trkpt lat="46.7713749222457408905029296875" lon="17.24214789457619190216064453125">
        <ele>137.399993896484375</ele>
        <time>2024-07-24T08:56:02.000Z</time>
        <extensions>
          <ns3:TrackPointExtension>
            <ns3:hr>118</ns3:hr>
          </ns3:TrackPointExtension>
        </extensions>
      </trkpt>
      <trkpt lat="46.7713474296033382415771484375" lon="17.24211956374347209930419921875">
        <ele>137.600006103515625</ele>
        <time>2024-07-24T08:56:09.000Z</time>
        <extensions>
          <ns3:TrackPointExtension>
            <ns3:hr>118</ns3:hr>
          </ns3:TrackPointExtension>
        </extensions>
      </trkpt>
      <trkpt lat="46.77131566219031810760498046875" lon="17.24213716574013233184814453125">
        <ele>137.600006103515625</ele>
        <time>2024-07-24T08:56:12.000Z</time>
        <extensions>
          <ns3:TrackPointExtension>
            <ns3:hr>118</ns3:hr>
          </ns3:TrackPointExtension>
        </extensions>
      </trkpt>
      <trkpt lat="46.77124567329883575439453125" lon="17.24218896590173244476318359375">
        <ele>137.600006103515625</ele>
        <time>2024-07-24T08:56:17.000Z</time>
        <extensions>
          <ns3:TrackPointExtension>
            <ns3:hr>118</ns3:hr>
          </ns3:TrackPointExtension>
        </extensions>
      </trkpt>
      <trkpt lat="46.77120334468781948089599609375" lon="17.2422016225755214691162109375">
        <ele>137.399993896484375</ele>
        <time>2024-07-24T08:56:23.000Z</time>
        <extensions>
          <ns3:TrackPointExtension>
            <ns3:hr>115</ns3:hr>
          </ns3:TrackPointExtension>
        </extensions>
      </trkpt>
      <trkpt lat="46.77120317704975605010986328125" lon="17.24220003001391887664794921875">
        <ele>137.399993896484375</ele>
        <time>2024-07-24T08:56:24.000Z</time>
        <extensions>
          <ns3:TrackPointExtension>
            <ns3:hr>115</ns3:hr>
          </ns3:TrackPointExtension>
        </extensions>
      </trkpt>
      <trkpt lat="46.7712170071899890899658203125" lon="17.24218125455081462860107421875">
        <ele>137.600006103515625</ele>
        <time>2024-07-24T08:56:31.000Z</time>
        <extensions>
          <ns3:TrackPointExtension>
            <ns3:hr>112</ns3:hr>
          </ns3:TrackPointExtension>
        </extensions>
      </trkpt>
      <trkpt lat="46.77125464193522930145263671875" lon="17.24216197617352008819580078125">
        <ele>137.600006103515625</ele>
        <time>2024-07-24T08:56:34.000Z</time>
        <extensions>
          <ns3:TrackPointExtension>
            <ns3:hr>112</ns3:hr>
          </ns3:TrackPointExtension>
        </extensions>
      </trkpt>
      <trkpt lat="46.77133913151919841766357421875" lon="17.24213683046400547027587890625">
        <ele>137.600006103515625</ele>
        <time>2024-07-24T08:56:40.000Z</time>
        <extensions>
          <ns3:TrackPointExtension>
            <ns3:hr>114</ns3:hr>
          </ns3:TrackPointExtension>
        </extensions>
      </trkpt>
      <trkpt lat="46.7713460884988307952880859375" lon="17.24212107248604297637939453125">
        <ele>137.600006103515625</ele>
        <time>2024-07-24T08:56:41.000Z</time>
        <extensions>
          <ns3:TrackPointExtension>
            <ns3:hr>115</ns3:hr>
          </ns3:TrackPointExtension>
        </extensions>
      </trkpt>
      <trkpt lat="46.7713755927979946136474609375" lon="17.24207212217152118682861328125">
        <ele>137.8000030517578125</ele>
        <time>2024-07-24T08:56:44.000Z</time>
        <extensions>
          <ns3:TrackPointExtension>
            <ns3:hr>115</ns3:hr>
          </ns3:TrackPointExtension>
        </extensions>
      </trkpt>
      <trkpt lat="46.7714161612093448638916015625" lon="17.24203842692077159881591796875">
        <ele>138</ele>
        <time>2024-07-24T08:56:48.000Z</time>
        <extensions>
          <ns3:TrackPointExtension>
            <ns3:hr>116</ns3:hr>
          </ns3:TrackPointExtension>
        </extensions>
      </trkpt>
      <trkpt lat="46.77145086228847503662109375" lon="17.24201730452477931976318359375">
        <ele>138</ele>
        <time>2024-07-24T08:56:51.000Z</time>
        <extensions>
          <ns3:TrackPointExtension>
            <ns3:hr>116</ns3:hr>
          </ns3:TrackPointExtension>
        </extensions>
      </trkpt>
      <trkpt lat="46.771463938057422637939453125" lon="17.2420101799070835113525390625">
        <ele>138</ele>
        <time>2024-07-24T08:56:52.000Z</time>
        <extensions>
          <ns3:TrackPointExtension>
            <ns3:hr>116</ns3:hr>
          </ns3:TrackPointExtension>
        </extensions>
      </trkpt>
      <trkpt lat="46.7714852280914783477783203125" lon="17.24199634976685047149658203125">
        <ele>138</ele>
        <time>2024-07-24T08:56:54.000Z</time>
        <extensions>
          <ns3:TrackPointExtension>
            <ns3:hr>117</ns3:hr>
          </ns3:TrackPointExtension>
        </extensions>
      </trkpt>
      <trkpt lat="46.7715237848460674285888671875" lon="17.2419391013681888580322265625">
        <ele>138</ele>
        <time>2024-07-24T08:56:58.000Z</time>
        <extensions>
          <ns3:TrackPointExtension>
            <ns3:hr>119</ns3:hr>
          </ns3:TrackPointExtension>
        </extensions>
      </trkpt>
      <trkpt lat="46.77163601852953433990478515625" lon="17.24181513302028179168701171875">
        <ele>137.1999969482421875</ele>
        <time>2024-07-24T08:57:07.000Z</time>
        <extensions>
          <ns3:TrackPointExtension>
            <ns3:hr>121</ns3:hr>
          </ns3:TrackPointExtension>
        </extensions>
      </trkpt>
      <trkpt lat="46.77176040597259998321533203125" lon="17.24174849689006805419921875">
        <ele>136.399993896484375</ele>
        <time>2024-07-24T08:57:16.000Z</time>
        <extensions>
          <ns3:TrackPointExtension>
            <ns3:hr>122</ns3:hr>
          </ns3:TrackPointExtension>
        </extensions>
      </trkpt>
      <trkpt lat="46.77186685614287853240966796875" lon="17.241676747798919677734375">
        <ele>135.8000030517578125</ele>
        <time>2024-07-24T08:57:24.000Z</time>
        <extensions>
          <ns3:TrackPointExtension>
            <ns3:hr>119</ns3:hr>
          </ns3:TrackPointExtension>
        </extensions>
      </trkpt>
      <trkpt lat="46.77188848145306110382080078125" lon="17.24166937172412872314453125">
        <ele>135.600006103515625</ele>
        <time>2024-07-24T08:57:26.000Z</time>
        <extensions>
          <ns3:TrackPointExtension>
            <ns3:hr>119</ns3:hr>
          </ns3:TrackPointExtension>
        </extensions>
      </trkpt>
      <trkpt lat="46.7720146290957927703857421875" lon="17.24160055629909038543701171875">
        <ele>135</ele>
        <time>2024-07-24T08:57:35.000Z</time>
        <extensions>
          <ns3:TrackPointExtension>
            <ns3:hr>116</ns3:hr>
          </ns3:TrackPointExtension>
        </extensions>
      </trkpt>
      <trkpt lat="46.77205829881131649017333984375" lon="17.24157289601862430572509765625">
        <ele>134.8000030517578125</ele>
        <time>2024-07-24T08:57:39.000Z</time>
        <extensions>
          <ns3:TrackPointExtension>
            <ns3:hr>117</ns3:hr>
          </ns3:TrackPointExtension>
        </extensions>
      </trkpt>
      <trkpt lat="46.77209082059562206268310546875" lon="17.24154976196587085723876953125">
        <ele>134.8000030517578125</ele>
        <time>2024-07-24T08:57:42.000Z</time>
        <extensions>
          <ns3:TrackPointExtension>
            <ns3:hr>116</ns3:hr>
          </ns3:TrackPointExtension>
        </extensions>
      </trkpt>
      <trkpt lat="46.7721229232847690582275390625" lon="17.24153283052146434783935546875">
        <ele>134.600006103515625</ele>
        <time>2024-07-24T08:57:45.000Z</time>
        <extensions>
          <ns3:TrackPointExtension>
            <ns3:hr>116</ns3:hr>
          </ns3:TrackPointExtension>
        </extensions>
      </trkpt>
      <trkpt lat="46.77219425328075885772705078125" lon="17.24150449968874454498291015625">
        <ele>134.399993896484375</ele>
        <time>2024-07-24T08:57:49.000Z</time>
        <extensions>
          <ns3:TrackPointExtension>
            <ns3:hr>115</ns3:hr>
          </ns3:TrackPointExtension>
        </extensions>
      </trkpt>
      <trkpt lat="46.77228963933885097503662109375" lon="17.2414848022162914276123046875">
        <ele>134.399993896484375</ele>
        <time>2024-07-24T08:57:57.000Z</time>
        <extensions>
          <ns3:TrackPointExtension>
            <ns3:hr>118</ns3:hr>
          </ns3:TrackPointExtension>
        </extensions>
      </trkpt>
      <trkpt lat="46.772355772554874420166015625" lon="17.24146661348640918731689453125">
        <ele>134.399993896484375</ele>
        <time>2024-07-24T08:58:03.000Z</time>
        <extensions>
          <ns3:TrackPointExtension>
            <ns3:hr>119</ns3:hr>
          </ns3:TrackPointExtension>
        </extensions>
      </trkpt>
      <trkpt lat="46.77237614057958126068115234375" lon="17.241463847458362579345703125">
        <ele>134.399993896484375</ele>
        <time>2024-07-24T08:58:05.000Z</time>
        <extensions>
          <ns3:TrackPointExtension>
            <ns3:hr>119</ns3:hr>
          </ns3:TrackPointExtension>
        </extensions>
      </trkpt>
      <trkpt lat="46.77252718247473239898681640625" lon="17.2413795255124568939208984375">
        <ele>134.1999969482421875</ele>
        <time>2024-07-24T08:58:16.000Z</time>
        <extensions>
          <ns3:TrackPointExtension>
            <ns3:hr>119</ns3:hr>
          </ns3:TrackPointExtension>
        </extensions>
      </trkpt>
      <trkpt lat="46.7726395837962627410888671875" lon="17.24141112528741359710693359375">
        <ele>133.600006103515625</ele>
        <time>2024-07-24T08:58:24.000Z</time>
        <extensions>
          <ns3:TrackPointExtension>
            <ns3:hr>117</ns3:hr>
          </ns3:TrackPointExtension>
        </extensions>
      </trkpt>
      <trkpt lat="46.7727981694042682647705078125" lon="17.24139654077589511871337890625">
        <ele>133</ele>
        <time>2024-07-24T08:58:35.000Z</time>
        <extensions>
          <ns3:TrackPointExtension>
            <ns3:hr>119</ns3:hr>
          </ns3:TrackPointExtension>
        </extensions>
      </trkpt>
      <trkpt lat="46.77290000952780246734619140625" lon="17.24138095043599605560302734375">
        <ele>133</ele>
        <time>2024-07-24T08:58:42.000Z</time>
        <extensions>
          <ns3:TrackPointExtension>
            <ns3:hr>116</ns3:hr>
          </ns3:TrackPointExtension>
        </extensions>
      </trkpt>
      <trkpt lat="46.77294761873781681060791015625" lon="17.2413790225982666015625">
        <ele>133.1999969482421875</ele>
        <time>2024-07-24T08:58:45.000Z</time>
        <extensions>
          <ns3:TrackPointExtension>
            <ns3:hr>116</ns3:hr>
          </ns3:TrackPointExtension>
        </extensions>
      </trkpt>
      <trkpt lat="46.77306680940091609954833984375" lon="17.24136418662965297698974609375">
        <ele>133.600006103515625</ele>
        <time>2024-07-24T08:58:53.000Z</time>
        <extensions>
          <ns3:TrackPointExtension>
            <ns3:hr>117</ns3:hr>
          </ns3:TrackPointExtension>
        </extensions>
      </trkpt>
      <trkpt lat="46.77318616770207881927490234375" lon="17.2413617558777332305908203125">
        <ele>134</ele>
        <time>2024-07-24T08:59:02.000Z</time>
        <extensions>
          <ns3:TrackPointExtension>
            <ns3:hr>118</ns3:hr>
          </ns3:TrackPointExtension>
        </extensions>
      </trkpt>
      <trkpt lat="46.77321902476251125335693359375" lon="17.2413805313408374786376953125">
        <ele>134.1999969482421875</ele>
        <time>2024-07-24T08:59:05.000Z</time>
        <extensions>
          <ns3:TrackPointExtension>
            <ns3:hr>119</ns3:hr>
          </ns3:TrackPointExtension>
        </extensions>
      </trkpt>
      <trkpt lat="46.77323964424431324005126953125" lon="17.24140341393649578094482421875">
        <ele>134.1999969482421875</ele>
        <time>2024-07-24T08:59:07.000Z</time>
        <extensions>
          <ns3:TrackPointExtension>
            <ns3:hr>119</ns3:hr>
          </ns3:TrackPointExtension>
        </extensions>
      </trkpt>
      <trkpt lat="46.7732682265341281890869140625" lon="17.24140911363065242767333984375">
        <ele>134.399993896484375</ele>
        <time>2024-07-24T08:59:09.000Z</time>
        <extensions>
          <ns3:TrackPointExtension>
            <ns3:hr>119</ns3:hr>
          </ns3:TrackPointExtension>
        </extensions>
      </trkpt>
      <trkpt lat="46.773326732218265533447265625" lon="17.24139067344367504119873046875">
        <ele>134.8000030517578125</ele>
        <time>2024-07-24T08:59:13.000Z</time>
        <extensions>
          <ns3:TrackPointExtension>
            <ns3:hr>119</ns3:hr>
          </ns3:TrackPointExtension>
        </extensions>
      </trkpt>
      <trkpt lat="46.77347031421959400177001953125" lon="17.24135111086070537567138671875">
        <ele>135.8000030517578125</ele>
        <time>2024-07-24T08:59:22.000Z</time>
        <extensions>
          <ns3:TrackPointExtension>
            <ns3:hr>121</ns3:hr>
          </ns3:TrackPointExtension>
        </extensions>
      </trkpt>
      <trkpt lat="46.77360467612743377685546875" lon="17.241308949887752532958984375">
        <ele>136</ele>
        <time>2024-07-24T08:59:32.000Z</time>
        <extensions>
          <ns3:TrackPointExtension>
            <ns3:hr>122</ns3:hr>
          </ns3:TrackPointExtension>
        </extensions>
      </trkpt>
      <trkpt lat="46.77372747100889682769775390625" lon="17.241300232708454132080078125">
        <ele>136.1999969482421875</ele>
        <time>2024-07-24T08:59:41.000Z</time>
        <extensions>
          <ns3:TrackPointExtension>
            <ns3:hr>124</ns3:hr>
          </ns3:TrackPointExtension>
        </extensions>
      </trkpt>
      <trkpt lat="46.7738231085240840911865234375" lon="17.2412836365401744842529296875">
        <ele>136.600006103515625</ele>
        <time>2024-07-24T08:59:50.000Z</time>
        <extensions>
          <ns3:TrackPointExtension>
            <ns3:hr>125</ns3:hr>
          </ns3:TrackPointExtension>
        </extensions>
      </trkpt>
      <trkpt lat="46.77383542992174625396728515625" lon="17.241302914917469024658203125">
        <ele>136.600006103515625</ele>
        <time>2024-07-24T08:59:51.000Z</time>
        <extensions>
          <ns3:TrackPointExtension>
            <ns3:hr>125</ns3:hr>
          </ns3:TrackPointExtension>
        </extensions>
      </trkpt>
      <trkpt lat="46.773908436298370361328125" lon="17.24133904092013835906982421875">
        <ele>136.8000030517578125</ele>
        <time>2024-07-24T08:59:56.000Z</time>
        <extensions>
          <ns3:TrackPointExtension>
            <ns3:hr>124</ns3:hr>
          </ns3:TrackPointExtension>
        </extensions>
      </trkpt>
      <trkpt lat="46.7740510962903499603271484375" lon="17.24132412113249301910400390625">
        <ele>137</ele>
        <time>2024-07-24T09:00:05.000Z</time>
        <extensions>
          <ns3:TrackPointExtension>
            <ns3:hr>124</ns3:hr>
          </ns3:TrackPointExtension>
        </extensions>
      </trkpt>
      <trkpt lat="46.77411169745028018951416015625" lon="17.24123946391046047210693359375">
        <ele>137</ele>
        <time>2024-07-24T09:00:09.000Z</time>
        <extensions>
          <ns3:TrackPointExtension>
            <ns3:hr>124</ns3:hr>
          </ns3:TrackPointExtension>
        </extensions>
      </trkpt>
      <trkpt lat="46.77415796555578708648681640625" lon="17.2412650287151336669921875">
        <ele>137</ele>
        <time>2024-07-24T09:00:12.000Z</time>
        <extensions>
          <ns3:TrackPointExtension>
            <ns3:hr>123</ns3:hr>
          </ns3:TrackPointExtension>
        </extensions>
      </trkpt>
      <trkpt lat="46.774209849536418914794921875" lon="17.24125706590712070465087890625">
        <ele>137</ele>
        <time>2024-07-24T09:00:16.000Z</time>
        <extensions>
          <ns3:TrackPointExtension>
            <ns3:hr>126</ns3:hr>
          </ns3:TrackPointExtension>
        </extensions>
      </trkpt>
      <trkpt lat="46.7742691934108734130859375" lon="17.2412561438977718353271484375">
        <ele>136.600006103515625</ele>
        <time>2024-07-24T09:00:21.000Z</time>
        <extensions>
          <ns3:TrackPointExtension>
            <ns3:hr>127</ns3:hr>
          </ns3:TrackPointExtension>
        </extensions>
      </trkpt>
      <trkpt lat="46.7742941714823246002197265625" lon="17.2412551380693912506103515625">
        <ele>136.399993896484375</ele>
        <time>2024-07-24T09:00:23.000Z</time>
        <extensions>
          <ns3:TrackPointExtension>
            <ns3:hr>127</ns3:hr>
          </ns3:TrackPointExtension>
        </extensions>
      </trkpt>
      <trkpt lat="46.77432744763791561126708984375" lon="17.2412521205842494964599609375">
        <ele>136.1999969482421875</ele>
        <time>2024-07-24T09:00:25.000Z</time>
        <extensions>
          <ns3:TrackPointExtension>
            <ns3:hr>127</ns3:hr>
          </ns3:TrackPointExtension>
        </extensions>
      </trkpt>
      <trkpt lat="46.7743622325360774993896484375" lon="17.24125740118324756622314453125">
        <ele>136</ele>
        <time>2024-07-24T09:00:27.000Z</time>
        <extensions>
          <ns3:TrackPointExtension>
            <ns3:hr>127</ns3:hr>
          </ns3:TrackPointExtension>
        </extensions>
      </trkpt>
      <trkpt lat="46.7744167149066925048828125" lon="17.24126142449676990509033203125">
        <ele>135.600006103515625</ele>
        <time>2024-07-24T09:00:31.000Z</time>
        <extensions>
          <ns3:TrackPointExtension>
            <ns3:hr>123</ns3:hr>
          </ns3:TrackPointExtension>
        </extensions>
      </trkpt>
      <trkpt lat="46.77443004213273525238037109375" lon="17.24125564098358154296875">
        <ele>135.399993896484375</ele>
        <time>2024-07-24T09:00:32.000Z</time>
        <extensions>
          <ns3:TrackPointExtension>
            <ns3:hr>127</ns3:hr>
          </ns3:TrackPointExtension>
        </extensions>
      </trkpt>
      <trkpt lat="46.7745159566402435302734375" lon="17.24122353829443454742431640625">
        <ele>135</ele>
        <time>2024-07-24T09:00:38.000Z</time>
        <extensions>
          <ns3:TrackPointExtension>
            <ns3:hr>125</ns3:hr>
          </ns3:TrackPointExtension>
        </extensions>
      </trkpt>
      <trkpt lat="46.7746247537434101104736328125" lon="17.24117710255086421966552734375">
        <ele>134.600006103515625</ele>
        <time>2024-07-24T09:00:46.000Z</time>
        <extensions>
          <ns3:TrackPointExtension>
            <ns3:hr>125</ns3:hr>
          </ns3:TrackPointExtension>
        </extensions>
      </trkpt>
      <trkpt lat="46.77470169961452484130859375" lon="17.2411880828440189361572265625">
        <ele>134.399993896484375</ele>
        <time>2024-07-24T09:00:52.000Z</time>
        <extensions>
          <ns3:TrackPointExtension>
            <ns3:hr>128</ns3:hr>
          </ns3:TrackPointExtension>
        </extensions>
      </trkpt>
      <trkpt lat="46.77471871487796306610107421875" lon="17.24120124243199825286865234375">
        <ele>134.1999969482421875</ele>
        <time>2024-07-24T09:00:53.000Z</time>
        <extensions>
          <ns3:TrackPointExtension>
            <ns3:hr>128</ns3:hr>
          </ns3:TrackPointExtension>
        </extensions>
      </trkpt>
      <trkpt lat="46.77487260662019252777099609375" lon="17.24114625714719295501708984375">
        <ele>134.1999969482421875</ele>
        <time>2024-07-24T09:01:04.000Z</time>
        <extensions>
          <ns3:TrackPointExtension>
            <ns3:hr>129</ns3:hr>
          </ns3:TrackPointExtension>
        </extensions>
      </trkpt>
      <trkpt lat="46.77490420639514923095703125" lon="17.24114575423300266265869140625">
        <ele>134.399993896484375</ele>
        <time>2024-07-24T09:01:06.000Z</time>
        <extensions>
          <ns3:TrackPointExtension>
            <ns3:hr>126</ns3:hr>
          </ns3:TrackPointExtension>
        </extensions>
      </trkpt>
      <trkpt lat="46.77493211813271045684814453125" lon="17.24114005453884601593017578125">
        <ele>134.399993896484375</ele>
        <time>2024-07-24T09:01:08.000Z</time>
        <extensions>
          <ns3:TrackPointExtension>
            <ns3:hr>123</ns3:hr>
          </ns3:TrackPointExtension>
        </extensions>
      </trkpt>
      <trkpt lat="46.77501476369798183441162109375" lon="17.24114902317523956298828125">
        <ele>134.8000030517578125</ele>
        <time>2024-07-24T09:01:14.000Z</time>
        <extensions>
          <ns3:TrackPointExtension>
            <ns3:hr>122</ns3:hr>
          </ns3:TrackPointExtension>
        </extensions>
      </trkpt>
      <trkpt lat="46.77509942092001438140869140625" lon="17.2411461733281612396240234375">
        <ele>135</ele>
        <time>2024-07-24T09:01:20.000Z</time>
        <extensions>
          <ns3:TrackPointExtension>
            <ns3:hr>123</ns3:hr>
          </ns3:TrackPointExtension>
        </extensions>
      </trkpt>
      <trkpt lat="46.77511903457343578338623046875" lon="17.2411468438804149627685546875">
        <ele>135.1999969482421875</ele>
        <time>2024-07-24T09:01:21.000Z</time>
        <extensions>
          <ns3:TrackPointExtension>
            <ns3:hr>123</ns3:hr>
          </ns3:TrackPointExtension>
        </extensions>
      </trkpt>
      <trkpt lat="46.77520218305289745330810546875" lon="17.2411505319178104400634765625">
        <ele>135.399993896484375</ele>
        <time>2024-07-24T09:01:28.000Z</time>
        <extensions>
          <ns3:TrackPointExtension>
            <ns3:hr>123</ns3:hr>
          </ns3:TrackPointExtension>
        </extensions>
      </trkpt>
      <trkpt lat="46.77537216804921627044677734375" lon="17.24107249639928340911865234375">
        <ele>135.1999969482421875</ele>
        <time>2024-07-24T09:01:41.000Z</time>
        <extensions>
          <ns3:TrackPointExtension>
            <ns3:hr>123</ns3:hr>
          </ns3:TrackPointExtension>
        </extensions>
      </trkpt>
      <trkpt lat="46.77544559352099895477294921875" lon="17.24105916917324066162109375">
        <ele>135</ele>
        <time>2024-07-24T09:01:46.000Z</time>
        <extensions>
          <ns3:TrackPointExtension>
            <ns3:hr>120</ns3:hr>
          </ns3:TrackPointExtension>
        </extensions>
      </trkpt>
      <trkpt lat="46.775506027042865753173828125" lon="17.2410563193261623382568359375">
        <ele>135</ele>
        <time>2024-07-24T09:01:50.000Z</time>
        <extensions>
          <ns3:TrackPointExtension>
            <ns3:hr>123</ns3:hr>
          </ns3:TrackPointExtension>
        </extensions>
      </trkpt>
      <trkpt lat="46.7755320109426975250244140625" lon="17.24106377921998500823974609375">
        <ele>135</ele>
        <time>2024-07-24T09:01:52.000Z</time>
        <extensions>
          <ns3:TrackPointExtension>
            <ns3:hr>124</ns3:hr>
          </ns3:TrackPointExtension>
        </extensions>
      </trkpt>
      <trkpt lat="46.77565698511898517608642578125" lon="17.24099840037524700164794921875">
        <ele>135</ele>
        <time>2024-07-24T09:02:04.000Z</time>
        <extensions>
          <ns3:TrackPointExtension>
            <ns3:hr>126</ns3:hr>
          </ns3:TrackPointExtension>
        </extensions>
      </trkpt>
      <trkpt lat="46.775677017867565155029296875" lon="17.24097945727407932281494140625">
        <ele>135</ele>
        <time>2024-07-24T09:02:10.000Z</time>
        <extensions>
          <ns3:TrackPointExtension>
            <ns3:hr>129</ns3:hr>
          </ns3:TrackPointExtension>
        </extensions>
      </trkpt>
      <trkpt lat="46.7757043428719043731689453125" lon="17.2409453429281711578369140625">
        <ele>135</ele>
        <time>2024-07-24T09:02:13.000Z</time>
        <extensions>
          <ns3:TrackPointExtension>
            <ns3:hr>128</ns3:hr>
          </ns3:TrackPointExtension>
        </extensions>
      </trkpt>
      <trkpt lat="46.7757633514702320098876953125" lon="17.24084652028977870941162109375">
        <ele>134.8000030517578125</ele>
        <time>2024-07-24T09:02:21.000Z</time>
        <extensions>
          <ns3:TrackPointExtension>
            <ns3:hr>129</ns3:hr>
          </ns3:TrackPointExtension>
        </extensions>
      </trkpt>
      <trkpt lat="46.77582395263016223907470703125" lon="17.24068374373018741607666015625">
        <ele>134.399993896484375</ele>
        <time>2024-07-24T09:02:31.000Z</time>
        <extensions>
          <ns3:TrackPointExtension>
            <ns3:hr>128</ns3:hr>
          </ns3:TrackPointExtension>
        </extensions>
      </trkpt>
      <trkpt lat="46.7758961208164691925048828125" lon="17.24049934186041355133056640625">
        <ele>135</ele>
        <time>2024-07-24T09:02:41.000Z</time>
        <extensions>
          <ns3:TrackPointExtension>
            <ns3:hr>130</ns3:hr>
          </ns3:TrackPointExtension>
        </extensions>
      </trkpt>
      <trkpt lat="46.7759376950562000274658203125" lon="17.24034226499497890472412109375">
        <ele>135</ele>
        <time>2024-07-24T09:02:50.000Z</time>
        <extensions>
          <ns3:TrackPointExtension>
            <ns3:hr>129</ns3:hr>
          </ns3:TrackPointExtension>
        </extensions>
      </trkpt>
      <trkpt lat="46.77594264037907123565673828125" lon="17.24016725085675716400146484375">
        <ele>135</ele>
        <time>2024-07-24T09:02:59.000Z</time>
        <extensions>
          <ns3:TrackPointExtension>
            <ns3:hr>130</ns3:hr>
          </ns3:TrackPointExtension>
        </extensions>
      </trkpt>
      <trkpt lat="46.775909699499607086181640625" lon="17.23996826447546482086181640625">
        <ele>135.8000030517578125</ele>
        <time>2024-07-24T09:03:09.000Z</time>
        <extensions>
          <ns3:TrackPointExtension>
            <ns3:hr>131</ns3:hr>
          </ns3:TrackPointExtension>
        </extensions>
      </trkpt>
      <trkpt lat="46.775904335081577301025390625" lon="17.239869944751262664794921875">
        <ele>136.399993896484375</ele>
        <time>2024-07-24T09:03:14.000Z</time>
        <extensions>
          <ns3:TrackPointExtension>
            <ns3:hr>130</ns3:hr>
          </ns3:TrackPointExtension>
        </extensions>
      </trkpt>
      <trkpt lat="46.77589000202715396881103515625" lon="17.239700965583324432373046875">
        <ele>137.600006103515625</ele>
        <time>2024-07-24T09:03:23.000Z</time>
        <extensions>
          <ns3:TrackPointExtension>
            <ns3:hr>129</ns3:hr>
          </ns3:TrackPointExtension>
        </extensions>
      </trkpt>
      <trkpt lat="46.7758785188198089599609375" lon="17.239552773535251617431640625">
        <ele>137.8000030517578125</ele>
        <time>2024-07-24T09:03:32.000Z</time>
        <extensions>
          <ns3:TrackPointExtension>
            <ns3:hr>129</ns3:hr>
          </ns3:TrackPointExtension>
        </extensions>
      </trkpt>
      <trkpt lat="46.77586301229894161224365234375" lon="17.23941690288484096527099609375">
        <ele>137.8000030517578125</ele>
        <time>2024-07-24T09:03:39.000Z</time>
        <extensions>
          <ns3:TrackPointExtension>
            <ns3:hr>126</ns3:hr>
          </ns3:TrackPointExtension>
        </extensions>
      </trkpt>
      <trkpt lat="46.77584658376872539520263671875" lon="17.23936828784644603729248046875">
        <ele>137.8000030517578125</ele>
        <time>2024-07-24T09:03:42.000Z</time>
        <extensions>
          <ns3:TrackPointExtension>
            <ns3:hr>126</ns3:hr>
          </ns3:TrackPointExtension>
        </extensions>
      </trkpt>
      <trkpt lat="46.7758022435009479522705078125" lon="17.239188663661479949951171875">
        <ele>137.600006103515625</ele>
        <time>2024-07-24T09:03:52.000Z</time>
        <extensions>
          <ns3:TrackPointExtension>
            <ns3:hr>126</ns3:hr>
          </ns3:TrackPointExtension>
        </extensions>
      </trkpt>
      <trkpt lat="46.77576611749827861785888671875" lon="17.23905564285814762115478515625">
        <ele>137.600006103515625</ele>
        <time>2024-07-24T09:04:00.000Z</time>
        <extensions>
          <ns3:TrackPointExtension>
            <ns3:hr>126</ns3:hr>
          </ns3:TrackPointExtension>
        </extensions>
      </trkpt>
      <trkpt lat="46.7757268063724040985107421875" lon="17.2389132343232631683349609375">
        <ele>138</ele>
        <time>2024-07-24T09:04:07.000Z</time>
        <extensions>
          <ns3:TrackPointExtension>
            <ns3:hr>126</ns3:hr>
          </ns3:TrackPointExtension>
        </extensions>
      </trkpt>
      <trkpt lat="46.7756758444011211395263671875" lon="17.23870125599205493927001953125">
        <ele>138.1999969482421875</ele>
        <time>2024-07-24T09:04:17.000Z</time>
        <extensions>
          <ns3:TrackPointExtension>
            <ns3:hr>126</ns3:hr>
          </ns3:TrackPointExtension>
        </extensions>
      </trkpt>
      <trkpt lat="46.77563435398042201995849609375" lon="17.23855876363813877105712890625">
        <ele>138</ele>
        <time>2024-07-24T09:04:24.000Z</time>
        <extensions>
          <ns3:TrackPointExtension>
            <ns3:hr>123</ns3:hr>
          </ns3:TrackPointExtension>
        </extensions>
      </trkpt>
      <trkpt lat="46.77563988603651523590087890625" lon="17.2385048680007457733154296875">
        <ele>138.1999969482421875</ele>
        <time>2024-07-24T09:04:26.000Z</time>
        <extensions>
          <ns3:TrackPointExtension>
            <ns3:hr>123</ns3:hr>
          </ns3:TrackPointExtension>
        </extensions>
      </trkpt>
      <trkpt lat="46.7756181769073009490966796875" lon="17.23833530209958553314208984375">
        <ele>138.600006103515625</ele>
        <time>2024-07-24T09:04:34.000Z</time>
        <extensions>
          <ns3:TrackPointExtension>
            <ns3:hr>122</ns3:hr>
          </ns3:TrackPointExtension>
        </extensions>
      </trkpt>
      <trkpt lat="46.7755065299570560455322265625" lon="17.23833538591861724853515625">
        <ele>138.1999969482421875</ele>
        <time>2024-07-24T09:04:41.000Z</time>
        <extensions>
          <ns3:TrackPointExtension>
            <ns3:hr>125</ns3:hr>
          </ns3:TrackPointExtension>
        </extensions>
      </trkpt>
      <trkpt lat="46.7754854075610637664794921875" lon="17.23831367678940296173095703125">
        <ele>138.1999969482421875</ele>
        <time>2024-07-24T09:04:43.000Z</time>
        <extensions>
          <ns3:TrackPointExtension>
            <ns3:hr>124</ns3:hr>
          </ns3:TrackPointExtension>
        </extensions>
      </trkpt>
      <trkpt lat="46.77547677420079708099365234375" lon="17.23825399763882160186767578125">
        <ele>138.399993896484375</ele>
        <time>2024-07-24T09:04:46.000Z</time>
        <extensions>
          <ns3:TrackPointExtension>
            <ns3:hr>125</ns3:hr>
          </ns3:TrackPointExtension>
        </extensions>
      </trkpt>
      <trkpt lat="46.7754817195236682891845703125" lon="17.23816129378974437713623046875">
        <ele>138.399993896484375</ele>
        <time>2024-07-24T09:04:51.000Z</time>
        <extensions>
          <ns3:TrackPointExtension>
            <ns3:hr>128</ns3:hr>
          </ns3:TrackPointExtension>
        </extensions>
      </trkpt>
      <trkpt lat="46.77550904452800750732421875" lon="17.238125503063201904296875">
        <ele>138.600006103515625</ele>
        <time>2024-07-24T09:04:54.000Z</time>
        <extensions>
          <ns3:TrackPointExtension>
            <ns3:hr>127</ns3:hr>
          </ns3:TrackPointExtension>
        </extensions>
      </trkpt>
      <trkpt lat="46.77552220411598682403564453125" lon="17.23809876479208469390869140625">
        <ele>138.600006103515625</ele>
        <time>2024-07-24T09:04:56.000Z</time>
        <extensions>
          <ns3:TrackPointExtension>
            <ns3:hr>127</ns3:hr>
          </ns3:TrackPointExtension>
        </extensions>
      </trkpt>
      <trkpt lat="46.77551843225955963134765625" lon="17.23806875757873058319091796875">
        <ele>138.600006103515625</ele>
        <time>2024-07-24T09:04:58.000Z</time>
        <extensions>
          <ns3:TrackPointExtension>
            <ns3:hr>128</ns3:hr>
          </ns3:TrackPointExtension>
        </extensions>
      </trkpt>
      <trkpt lat="46.7755226232111454010009765625" lon="17.23804780282080173492431640625">
        <ele>138.600006103515625</ele>
        <time>2024-07-24T09:04:59.000Z</time>
        <extensions>
          <ns3:TrackPointExtension>
            <ns3:hr>128</ns3:hr>
          </ns3:TrackPointExtension>
        </extensions>
      </trkpt>
      <trkpt lat="46.77550678141415119171142578125" lon="17.23792626522481441497802734375">
        <ele>138.600006103515625</ele>
        <time>2024-07-24T09:05:05.000Z</time>
        <extensions>
          <ns3:TrackPointExtension>
            <ns3:hr>128</ns3:hr>
          </ns3:TrackPointExtension>
        </extensions>
      </trkpt>
      <trkpt lat="46.77548750303685665130615234375" lon="17.237880416214466094970703125">
        <ele>138.399993896484375</ele>
        <time>2024-07-24T09:05:07.000Z</time>
        <extensions>
          <ns3:TrackPointExtension>
            <ns3:hr>127</ns3:hr>
          </ns3:TrackPointExtension>
        </extensions>
      </trkpt>
      <trkpt lat="46.77549672313034534454345703125" lon="17.237828113138675689697265625">
        <ele>138.600006103515625</ele>
        <time>2024-07-24T09:05:10.000Z</time>
        <extensions>
          <ns3:TrackPointExtension>
            <ns3:hr>129</ns3:hr>
          </ns3:TrackPointExtension>
        </extensions>
      </trkpt>
      <trkpt lat="46.77550611086189746856689453125" lon="17.2378101758658885955810546875">
        <ele>138.600006103515625</ele>
        <time>2024-07-24T09:05:11.000Z</time>
        <extensions>
          <ns3:TrackPointExtension>
            <ns3:hr>129</ns3:hr>
          </ns3:TrackPointExtension>
        </extensions>
      </trkpt>
      <trkpt lat="46.775513403117656707763671875" lon="17.2377716191112995147705078125">
        <ele>138.600006103515625</ele>
        <time>2024-07-24T09:05:13.000Z</time>
        <extensions>
          <ns3:TrackPointExtension>
            <ns3:hr>129</ns3:hr>
          </ns3:TrackPointExtension>
        </extensions>
      </trkpt>
      <trkpt lat="46.775512397289276123046875" lon="17.23774806596338748931884765625">
        <ele>138.600006103515625</ele>
        <time>2024-07-24T09:05:14.000Z</time>
        <extensions>
          <ns3:TrackPointExtension>
            <ns3:hr>128</ns3:hr>
          </ns3:TrackPointExtension>
        </extensions>
      </trkpt>
      <trkpt lat="46.77548800595104694366455078125" lon="17.23757590167224407196044921875">
        <ele>138.399993896484375</ele>
        <time>2024-07-24T09:05:22.000Z</time>
        <extensions>
          <ns3:TrackPointExtension>
            <ns3:hr>126</ns3:hr>
          </ns3:TrackPointExtension>
        </extensions>
      </trkpt>
      <trkpt lat="46.775470487773418426513671875" lon="17.237431816756725311279296875">
        <ele>138.399993896484375</ele>
        <time>2024-07-24T09:05:29.000Z</time>
        <extensions>
          <ns3:TrackPointExtension>
            <ns3:hr>126</ns3:hr>
          </ns3:TrackPointExtension>
        </extensions>
      </trkpt>
      <trkpt lat="46.77547995932400226593017578125" lon="17.23739032633602619171142578125">
        <ele>138.399993896484375</ele>
        <time>2024-07-24T09:05:31.000Z</time>
        <extensions>
          <ns3:TrackPointExtension>
            <ns3:hr>125</ns3:hr>
          </ns3:TrackPointExtension>
        </extensions>
      </trkpt>
      <trkpt lat="46.775485575199127197265625" lon="17.23727189004421234130859375">
        <ele>138.399993896484375</ele>
        <time>2024-07-24T09:05:35.000Z</time>
        <extensions>
          <ns3:TrackPointExtension>
            <ns3:hr>126</ns3:hr>
          </ns3:TrackPointExtension>
        </extensions>
      </trkpt>
      <trkpt lat="46.7754220403730869293212890625" lon="17.23706259392201900482177734375">
        <ele>138.1999969482421875</ele>
        <time>2024-07-24T09:05:45.000Z</time>
        <extensions>
          <ns3:TrackPointExtension>
            <ns3:hr>125</ns3:hr>
          </ns3:TrackPointExtension>
        </extensions>
      </trkpt>
      <trkpt lat="46.7753881774842739105224609375" lon="17.2369595803320407867431640625">
        <ele>138.1999969482421875</ele>
        <time>2024-07-24T09:05:50.000Z</time>
        <extensions>
          <ns3:TrackPointExtension>
            <ns3:hr>125</ns3:hr>
          </ns3:TrackPointExtension>
        </extensions>
      </trkpt>
      <trkpt lat="46.7753876745700836181640625" lon="17.2369320876896381378173828125">
        <ele>138.1999969482421875</ele>
        <time>2024-07-24T09:05:52.000Z</time>
        <extensions>
          <ns3:TrackPointExtension>
            <ns3:hr>125</ns3:hr>
          </ns3:TrackPointExtension>
        </extensions>
      </trkpt>
      <trkpt lat="46.775400750339031219482421875" lon="17.23691356368362903594970703125">
        <ele>138.1999969482421875</ele>
        <time>2024-07-24T09:05:53.000Z</time>
        <extensions>
          <ns3:TrackPointExtension>
            <ns3:hr>125</ns3:hr>
          </ns3:TrackPointExtension>
        </extensions>
      </trkpt>
      <trkpt lat="46.775415837764739990234375" lon="17.23684919066727161407470703125">
        <ele>138</ele>
        <time>2024-07-24T09:05:56.000Z</time>
        <extensions>
          <ns3:TrackPointExtension>
            <ns3:hr>125</ns3:hr>
          </ns3:TrackPointExtension>
        </extensions>
      </trkpt>
      <trkpt lat="46.7754166759550571441650390625" lon="17.2367711551487445831298828125">
        <ele>138</ele>
        <time>2024-07-24T09:06:00.000Z</time>
        <extensions>
          <ns3:TrackPointExtension>
            <ns3:hr>125</ns3:hr>
          </ns3:TrackPointExtension>
        </extensions>
      </trkpt>
      <trkpt lat="46.77539261989295482635498046875" lon="17.236706949770450592041015625">
        <ele>138</ele>
        <time>2024-07-24T09:06:03.000Z</time>
        <extensions>
          <ns3:TrackPointExtension>
            <ns3:hr>125</ns3:hr>
          </ns3:TrackPointExtension>
        </extensions>
      </trkpt>
      <trkpt lat="46.77535372786223888397216796875" lon="17.2366135753691196441650390625">
        <ele>138</ele>
        <time>2024-07-24T09:06:08.000Z</time>
        <extensions>
          <ns3:TrackPointExtension>
            <ns3:hr>128</ns3:hr>
          </ns3:TrackPointExtension>
        </extensions>
      </trkpt>
      <trkpt lat="46.77534635178744792938232421875" lon="17.23655481822788715362548828125">
        <ele>138</ele>
        <time>2024-07-24T09:06:11.000Z</time>
        <extensions>
          <ns3:TrackPointExtension>
            <ns3:hr>131</ns3:hr>
          </ns3:TrackPointExtension>
        </extensions>
      </trkpt>
      <trkpt lat="46.77534886635839939117431640625" lon="17.23653118126094341278076171875">
        <ele>138</ele>
        <time>2024-07-24T09:06:12.000Z</time>
        <extensions>
          <ns3:TrackPointExtension>
            <ns3:hr>132</ns3:hr>
          </ns3:TrackPointExtension>
        </extensions>
      </trkpt>
      <trkpt lat="46.7753549851477146148681640625" lon="17.2364435903728008270263671875">
        <ele>138</ele>
        <time>2024-07-24T09:06:16.000Z</time>
        <extensions>
          <ns3:TrackPointExtension>
            <ns3:hr>131</ns3:hr>
          </ns3:TrackPointExtension>
        </extensions>
      </trkpt>
      <trkpt lat="46.775351129472255706787109375" lon="17.236407883465290069580078125">
        <ele>138</ele>
        <time>2024-07-24T09:06:18.000Z</time>
        <extensions>
          <ns3:TrackPointExtension>
            <ns3:hr>130</ns3:hr>
          </ns3:TrackPointExtension>
        </extensions>
      </trkpt>
      <trkpt lat="46.77533109672367572784423828125" lon="17.236346192657947540283203125">
        <ele>138</ele>
        <time>2024-07-24T09:06:21.000Z</time>
        <extensions>
          <ns3:TrackPointExtension>
            <ns3:hr>128</ns3:hr>
          </ns3:TrackPointExtension>
        </extensions>
      </trkpt>
      <trkpt lat="46.7753258161246776580810546875" lon="17.23631031811237335205078125">
        <ele>138</ele>
        <time>2024-07-24T09:06:23.000Z</time>
        <extensions>
          <ns3:TrackPointExtension>
            <ns3:hr>127</ns3:hr>
          </ns3:TrackPointExtension>
        </extensions>
      </trkpt>
      <trkpt lat="46.77530947141349315643310546875" lon="17.2362117469310760498046875">
        <ele>137.600006103515625</ele>
        <time>2024-07-24T09:06:29.000Z</time>
        <extensions>
          <ns3:TrackPointExtension>
            <ns3:hr>124</ns3:hr>
          </ns3:TrackPointExtension>
        </extensions>
      </trkpt>
      <trkpt lat="46.775307543575763702392578125" lon="17.23615818656980991363525390625">
        <ele>137.399993896484375</ele>
        <time>2024-07-24T09:06:32.000Z</time>
        <extensions>
          <ns3:TrackPointExtension>
            <ns3:hr>123</ns3:hr>
          </ns3:TrackPointExtension>
        </extensions>
      </trkpt>
      <trkpt lat="46.77527996711432933807373046875" lon="17.2359852679073810577392578125">
        <ele>137</ele>
        <time>2024-07-24T09:06:41.000Z</time>
        <extensions>
          <ns3:TrackPointExtension>
            <ns3:hr>123</ns3:hr>
          </ns3:TrackPointExtension>
        </extensions>
      </trkpt>
      <trkpt lat="46.7752751894295215606689453125" lon="17.23596632480621337890625">
        <ele>137</ele>
        <time>2024-07-24T09:06:42.000Z</time>
        <extensions>
          <ns3:TrackPointExtension>
            <ns3:hr>122</ns3:hr>
          </ns3:TrackPointExtension>
        </extensions>
      </trkpt>
      <trkpt lat="46.7752674780786037445068359375" lon="17.23590354435145854949951171875">
        <ele>137</ele>
        <time>2024-07-24T09:06:45.000Z</time>
        <extensions>
          <ns3:TrackPointExtension>
            <ns3:hr>119</ns3:hr>
          </ns3:TrackPointExtension>
        </extensions>
      </trkpt>
      <trkpt lat="46.77526353858411312103271484375" lon="17.2358635626733303070068359375">
        <ele>137</ele>
        <time>2024-07-24T09:06:47.000Z</time>
        <extensions>
          <ns3:TrackPointExtension>
            <ns3:hr>118</ns3:hr>
          </ns3:TrackPointExtension>
        </extensions>
      </trkpt>
      <trkpt lat="46.77526202984154224395751953125" lon="17.23579910583794116973876953125">
        <ele>137</ele>
        <time>2024-07-24T09:06:50.000Z</time>
        <extensions>
          <ns3:TrackPointExtension>
            <ns3:hr>118</ns3:hr>
          </ns3:TrackPointExtension>
        </extensions>
      </trkpt>
      <trkpt lat="46.7752570845186710357666015625" lon="17.2356419451534748077392578125">
        <ele>136.600006103515625</ele>
        <time>2024-07-24T09:06:58.000Z</time>
        <extensions>
          <ns3:TrackPointExtension>
            <ns3:hr>117</ns3:hr>
          </ns3:TrackPointExtension>
        </extensions>
      </trkpt>
      <trkpt lat="46.77524576894938945770263671875" lon="17.23552979528903961181640625">
        <ele>136.600006103515625</ele>
        <time>2024-07-24T09:07:04.000Z</time>
        <extensions>
          <ns3:TrackPointExtension>
            <ns3:hr>113</ns3:hr>
          </ns3:TrackPointExtension>
        </extensions>
      </trkpt>
      <trkpt lat="46.7752493731677532196044921875" lon="17.23546366207301616668701171875">
        <ele>136.600006103515625</ele>
        <time>2024-07-24T09:07:07.000Z</time>
        <extensions>
          <ns3:TrackPointExtension>
            <ns3:hr>115</ns3:hr>
          </ns3:TrackPointExtension>
        </extensions>
      </trkpt>
      <trkpt lat="46.77524459548294544219970703125" lon="17.23537020385265350341796875">
        <ele>136.600006103515625</ele>
        <time>2024-07-24T09:07:12.000Z</time>
        <extensions>
          <ns3:TrackPointExtension>
            <ns3:hr>113</ns3:hr>
          </ns3:TrackPointExtension>
        </extensions>
      </trkpt>
      <trkpt lat="46.77524224855005741119384765625" lon="17.23533189855515956878662109375">
        <ele>136.600006103515625</ele>
        <time>2024-07-24T09:07:14.000Z</time>
        <extensions>
          <ns3:TrackPointExtension>
            <ns3:hr>114</ns3:hr>
          </ns3:TrackPointExtension>
        </extensions>
      </trkpt>
      <trkpt lat="46.77525649778544902801513671875" lon="17.23526350222527980804443359375">
        <ele>136.600006103515625</ele>
        <time>2024-07-24T09:07:17.000Z</time>
        <extensions>
          <ns3:TrackPointExtension>
            <ns3:hr>114</ns3:hr>
          </ns3:TrackPointExtension>
        </extensions>
      </trkpt>
      <trkpt lat="46.77524895407259464263916015625" lon="17.23521438427269458770751953125">
        <ele>136.600006103515625</ele>
        <time>2024-07-24T09:07:20.000Z</time>
        <extensions>
          <ns3:TrackPointExtension>
            <ns3:hr>115</ns3:hr>
          </ns3:TrackPointExtension>
        </extensions>
      </trkpt>
      <trkpt lat="46.7752208746969699859619140625" lon="17.2351212613284587860107421875">
        <ele>136.600006103515625</ele>
        <time>2024-07-24T09:07:25.000Z</time>
        <extensions>
          <ns3:TrackPointExtension>
            <ns3:hr>118</ns3:hr>
          </ns3:TrackPointExtension>
        </extensions>
      </trkpt>
      <trkpt lat="46.77520461380481719970703125" lon="17.2350686229765415191650390625">
        <ele>136.399993896484375</ele>
        <time>2024-07-24T09:07:28.000Z</time>
        <extensions>
          <ns3:TrackPointExtension>
            <ns3:hr>120</ns3:hr>
          </ns3:TrackPointExtension>
        </extensions>
      </trkpt>
      <trkpt lat="46.7751766182482242584228515625" lon="17.23496242426335811614990234375">
        <ele>136.399993896484375</ele>
        <time>2024-07-24T09:07:34.000Z</time>
        <extensions>
          <ns3:TrackPointExtension>
            <ns3:hr>120</ns3:hr>
          </ns3:TrackPointExtension>
        </extensions>
      </trkpt>
      <trkpt lat="46.77514317445456981658935546875" lon="17.234804928302764892578125">
        <ele>136.600006103515625</ele>
        <time>2024-07-24T09:07:43.000Z</time>
        <extensions>
          <ns3:TrackPointExtension>
            <ns3:hr>121</ns3:hr>
          </ns3:TrackPointExtension>
        </extensions>
      </trkpt>
      <trkpt lat="46.77511836402118206024169921875" lon="17.23466436378657817840576171875">
        <ele>137</ele>
        <time>2024-07-24T09:07:51.000Z</time>
        <extensions>
          <ns3:TrackPointExtension>
            <ns3:hr>121</ns3:hr>
          </ns3:TrackPointExtension>
        </extensions>
      </trkpt>
      <trkpt lat="46.77510134875774383544921875" lon="17.23448105156421661376953125">
        <ele>136.399993896484375</ele>
        <time>2024-07-24T09:08:01.000Z</time>
        <extensions>
          <ns3:TrackPointExtension>
            <ns3:hr>120</ns3:hr>
          </ns3:TrackPointExtension>
        </extensions>
      </trkpt>
      <trkpt lat="46.77509254775941371917724609375" lon="17.234402932226657867431640625">
        <ele>136</ele>
        <time>2024-07-24T09:08:05.000Z</time>
        <extensions>
          <ns3:TrackPointExtension>
            <ns3:hr>123</ns3:hr>
          </ns3:TrackPointExtension>
        </extensions>
      </trkpt>
      <trkpt lat="46.77509061992168426513671875" lon="17.2343849949538707733154296875">
        <ele>136</ele>
        <time>2024-07-24T09:08:06.000Z</time>
        <extensions>
          <ns3:TrackPointExtension>
            <ns3:hr>120</ns3:hr>
          </ns3:TrackPointExtension>
        </extensions>
      </trkpt>
      <trkpt lat="46.7750767059624195098876953125" lon="17.23428189754486083984375">
        <ele>135.600006103515625</ele>
        <time>2024-07-24T09:08:12.000Z</time>
        <extensions>
          <ns3:TrackPointExtension>
            <ns3:hr>120</ns3:hr>
          </ns3:TrackPointExtension>
        </extensions>
      </trkpt>
      <trkpt lat="46.77504678256809711456298828125" lon="17.2340577654540538787841796875">
        <ele>135</ele>
        <time>2024-07-24T09:08:24.000Z</time>
        <extensions>
          <ns3:TrackPointExtension>
            <ns3:hr>121</ns3:hr>
          </ns3:TrackPointExtension>
        </extensions>
      </trkpt>
      <trkpt lat="46.7750451900064945220947265625" lon="17.233904711902141571044921875">
        <ele>135</ele>
        <time>2024-07-24T09:08:32.000Z</time>
        <extensions>
          <ns3:TrackPointExtension>
            <ns3:hr>124</ns3:hr>
          </ns3:TrackPointExtension>
        </extensions>
      </trkpt>
      <trkpt lat="46.7750435136258602142333984375" lon="17.23388166166841983795166015625">
        <ele>135</ele>
        <time>2024-07-24T09:08:33.000Z</time>
        <extensions>
          <ns3:TrackPointExtension>
            <ns3:hr>124</ns3:hr>
          </ns3:TrackPointExtension>
        </extensions>
      </trkpt>
      <trkpt lat="46.77501308731734752655029296875" lon="17.23367144353687763214111328125">
        <ele>135</ele>
        <time>2024-07-24T09:08:43.000Z</time>
        <extensions>
          <ns3:TrackPointExtension>
            <ns3:hr>123</ns3:hr>
          </ns3:TrackPointExtension>
        </extensions>
      </trkpt>
      <trkpt lat="46.77500084973871707916259765625" lon="17.2335038892924785614013671875">
        <ele>135</ele>
        <time>2024-07-24T09:08:51.000Z</time>
        <extensions>
          <ns3:TrackPointExtension>
            <ns3:hr>121</ns3:hr>
          </ns3:TrackPointExtension>
        </extensions>
      </trkpt>
      <trkpt lat="46.7749788053333759307861328125" lon="17.23332979716360569000244140625">
        <ele>135</ele>
        <time>2024-07-24T09:09:00.000Z</time>
        <extensions>
          <ns3:TrackPointExtension>
            <ns3:hr>123</ns3:hr>
          </ns3:TrackPointExtension>
        </extensions>
      </trkpt>
      <trkpt lat="46.7749714292585849761962890625" lon="17.23322418518364429473876953125">
        <ele>135</ele>
        <time>2024-07-24T09:09:10.000Z</time>
        <extensions>
          <ns3:TrackPointExtension>
            <ns3:hr>121</ns3:hr>
          </ns3:TrackPointExtension>
        </extensions>
      </trkpt>
      <trkpt lat="46.77497126162052154541015625" lon="17.23322334699332714080810546875">
        <ele>135</ele>
        <time>2024-07-24T09:09:12.000Z</time>
        <extensions>
          <ns3:TrackPointExtension>
            <ns3:hr>118</ns3:hr>
          </ns3:TrackPointExtension>
        </extensions>
      </trkpt>
      <trkpt lat="46.7749707587063312530517578125" lon="17.23320423625409603118896484375">
        <ele>135</ele>
        <time>2024-07-24T09:09:14.000Z</time>
        <extensions>
          <ns3:TrackPointExtension>
            <ns3:hr>115</ns3:hr>
          </ns3:TrackPointExtension>
        </extensions>
      </trkpt>
      <trkpt lat="46.77497302182018756866455078125" lon="17.2331246919929981231689453125">
        <ele>135</ele>
        <time>2024-07-24T09:09:19.000Z</time>
        <extensions>
          <ns3:TrackPointExtension>
            <ns3:hr>114</ns3:hr>
          </ns3:TrackPointExtension>
        </extensions>
      </trkpt>
      <trkpt lat="46.774957515299320220947265625" lon="17.2329716384410858154296875">
        <ele>135</ele>
        <time>2024-07-24T09:09:27.000Z</time>
        <extensions>
          <ns3:TrackPointExtension>
            <ns3:hr>113</ns3:hr>
          </ns3:TrackPointExtension>
        </extensions>
      </trkpt>
      <trkpt lat="46.77494402043521404266357421875" lon="17.2328755818307399749755859375">
        <ele>135</ele>
        <time>2024-07-24T09:09:32.000Z</time>
        <extensions>
          <ns3:TrackPointExtension>
            <ns3:hr>116</ns3:hr>
          </ns3:TrackPointExtension>
        </extensions>
      </trkpt>
      <trkpt lat="46.774936057627201080322265625" lon="17.23277089186012744903564453125">
        <ele>135.1999969482421875</ele>
        <time>2024-07-24T09:09:36.000Z</time>
        <extensions>
          <ns3:TrackPointExtension>
            <ns3:hr>119</ns3:hr>
          </ns3:TrackPointExtension>
        </extensions>
      </trkpt>
      <trkpt lat="46.77494251169264316558837890625" lon="17.23275261931121349334716796875">
        <ele>135.399993896484375</ele>
        <time>2024-07-24T09:09:37.000Z</time>
        <extensions>
          <ns3:TrackPointExtension>
            <ns3:hr>119</ns3:hr>
          </ns3:TrackPointExtension>
        </extensions>
      </trkpt>
      <trkpt lat="46.7749301902949810028076171875" lon="17.23260291852056980133056640625">
        <ele>135.399993896484375</ele>
        <time>2024-07-24T09:09:46.000Z</time>
        <extensions>
          <ns3:TrackPointExtension>
            <ns3:hr>122</ns3:hr>
          </ns3:TrackPointExtension>
        </extensions>
      </trkpt>
      <trkpt lat="46.774927675724029541015625" lon="17.23247283138334751129150390625">
        <ele>135.8000030517578125</ele>
        <time>2024-07-24T09:09:53.000Z</time>
        <extensions>
          <ns3:TrackPointExtension>
            <ns3:hr>120</ns3:hr>
          </ns3:TrackPointExtension>
        </extensions>
      </trkpt>
      <trkpt lat="46.77490546368062496185302734375" lon="17.23231843672692775726318359375">
        <ele>135.8000030517578125</ele>
        <time>2024-07-24T09:10:00.000Z</time>
        <extensions>
          <ns3:TrackPointExtension>
            <ns3:hr>117</ns3:hr>
          </ns3:TrackPointExtension>
        </extensions>
      </trkpt>
      <trkpt lat="46.7749030329287052154541015625" lon="17.232300080358982086181640625">
        <ele>135.8000030517578125</ele>
        <time>2024-07-24T09:10:01.000Z</time>
        <extensions>
          <ns3:TrackPointExtension>
            <ns3:hr>118</ns3:hr>
          </ns3:TrackPointExtension>
        </extensions>
      </trkpt>
      <trkpt lat="46.7748943157494068145751953125" lon="17.232190780341625213623046875">
        <ele>135.600006103515625</ele>
        <time>2024-07-24T09:10:06.000Z</time>
        <extensions>
          <ns3:TrackPointExtension>
            <ns3:hr>121</ns3:hr>
          </ns3:TrackPointExtension>
        </extensions>
      </trkpt>
      <trkpt lat="46.7748819105327129364013671875" lon="17.2321245633065700531005859375">
        <ele>135.600006103515625</ele>
        <time>2024-07-24T09:10:09.000Z</time>
        <extensions>
          <ns3:TrackPointExtension>
            <ns3:hr>124</ns3:hr>
          </ns3:TrackPointExtension>
        </extensions>
      </trkpt>
      <trkpt lat="46.77486238069832324981689453125" lon="17.23193672485649585723876953125">
        <ele>135.399993896484375</ele>
        <time>2024-07-24T09:10:17.000Z</time>
        <extensions>
          <ns3:TrackPointExtension>
            <ns3:hr>126</ns3:hr>
          </ns3:TrackPointExtension>
        </extensions>
      </trkpt>
      <trkpt lat="46.77484226413071155548095703125" lon="17.2317473776638507843017578125">
        <ele>135.1999969482421875</ele>
        <time>2024-07-24T09:10:26.000Z</time>
        <extensions>
          <ns3:TrackPointExtension>
            <ns3:hr>127</ns3:hr>
          </ns3:TrackPointExtension>
        </extensions>
      </trkpt>
      <trkpt lat="46.77484125830233097076416015625" lon="17.23166665993630886077880859375">
        <ele>135.1999969482421875</ele>
        <time>2024-07-24T09:10:32.000Z</time>
        <extensions>
          <ns3:TrackPointExtension>
            <ns3:hr>128</ns3:hr>
          </ns3:TrackPointExtension>
        </extensions>
      </trkpt>
      <trkpt lat="46.774841509759426116943359375" lon="17.23151125945150852203369140625">
        <ele>135.1999969482421875</ele>
        <time>2024-07-24T09:10:40.000Z</time>
        <extensions>
          <ns3:TrackPointExtension>
            <ns3:hr>129</ns3:hr>
          </ns3:TrackPointExtension>
        </extensions>
      </trkpt>
      <trkpt lat="46.77484159357845783233642578125" lon="17.2314902208745479583740234375">
        <ele>135.399993896484375</ele>
        <time>2024-07-24T09:10:42.000Z</time>
        <extensions>
          <ns3:TrackPointExtension>
            <ns3:hr>128</ns3:hr>
          </ns3:TrackPointExtension>
        </extensions>
      </trkpt>
      <trkpt lat="46.77482885308563709259033203125" lon="17.23139517009258270263671875">
        <ele>135.8000030517578125</ele>
        <time>2024-07-24T09:10:49.000Z</time>
        <extensions>
          <ns3:TrackPointExtension>
            <ns3:hr>125</ns3:hr>
          </ns3:TrackPointExtension>
        </extensions>
      </trkpt>
      <trkpt lat="46.77481225691735744476318359375" lon="17.23130187951028347015380859375">
        <ele>136</ele>
        <time>2024-07-24T09:10:54.000Z</time>
        <extensions>
          <ns3:TrackPointExtension>
            <ns3:hr>124</ns3:hr>
          </ns3:TrackPointExtension>
        </extensions>
      </trkpt>
      <trkpt lat="46.77480764687061309814453125" lon="17.231258042156696319580078125">
        <ele>136.1999969482421875</ele>
        <time>2024-07-24T09:10:56.000Z</time>
        <extensions>
          <ns3:TrackPointExtension>
            <ns3:hr>123</ns3:hr>
          </ns3:TrackPointExtension>
        </extensions>
      </trkpt>
      <trkpt lat="46.77478577010333538055419921875" lon="17.2310687787830829620361328125">
        <ele>137</ele>
        <time>2024-07-24T09:11:05.000Z</time>
        <extensions>
          <ns3:TrackPointExtension>
            <ns3:hr>124</ns3:hr>
          </ns3:TrackPointExtension>
        </extensions>
      </trkpt>
      <trkpt lat="46.774785518646240234375" lon="17.23087691701948642730712890625">
        <ele>138.1999969482421875</ele>
        <time>2024-07-24T09:11:12.000Z</time>
        <extensions>
          <ns3:TrackPointExtension>
            <ns3:hr>125</ns3:hr>
          </ns3:TrackPointExtension>
        </extensions>
      </trkpt>
      <trkpt lat="46.77478577010333538055419921875" lon="17.2308017313480377197265625">
        <ele>138.8000030517578125</ele>
        <time>2024-07-24T09:11:15.000Z</time>
        <extensions>
          <ns3:TrackPointExtension>
            <ns3:hr>123</ns3:hr>
          </ns3:TrackPointExtension>
        </extensions>
      </trkpt>
      <trkpt lat="46.77479348145425319671630859375" lon="17.2307532839477062225341796875">
        <ele>139</ele>
        <time>2024-07-24T09:11:18.000Z</time>
        <extensions>
          <ns3:TrackPointExtension>
            <ns3:hr>122</ns3:hr>
          </ns3:TrackPointExtension>
        </extensions>
      </trkpt>
      <trkpt lat="46.7748245783150196075439453125" lon="17.230552621185779571533203125">
        <ele>140.399993896484375</ele>
        <time>2024-07-24T09:11:29.000Z</time>
        <extensions>
          <ns3:TrackPointExtension>
            <ns3:hr>124</ns3:hr>
          </ns3:TrackPointExtension>
        </extensions>
      </trkpt>
      <trkpt lat="46.77481326274573802947998046875" lon="17.2304330952465534210205078125">
        <ele>141.1999969482421875</ele>
        <time>2024-07-24T09:11:37.000Z</time>
        <extensions>
          <ns3:TrackPointExtension>
            <ns3:hr>124</ns3:hr>
          </ns3:TrackPointExtension>
        </extensions>
      </trkpt>
      <trkpt lat="46.7748034559190273284912109375" lon="17.2303771041333675384521484375">
        <ele>141.8000030517578125</ele>
        <time>2024-07-24T09:11:44.000Z</time>
        <extensions>
          <ns3:TrackPointExtension>
            <ns3:hr>125</ns3:hr>
          </ns3:TrackPointExtension>
        </extensions>
      </trkpt>
      <trkpt lat="46.774791218340396881103515625" lon="17.2301957197487354278564453125">
        <ele>143</ele>
        <time>2024-07-24T09:11:54.000Z</time>
        <extensions>
          <ns3:TrackPointExtension>
            <ns3:hr>124</ns3:hr>
          </ns3:TrackPointExtension>
        </extensions>
      </trkpt>
      <trkpt lat="46.77478610537946224212646484375" lon="17.23005230538547039031982421875">
        <ele>143</ele>
        <time>2024-07-24T09:12:02.000Z</time>
        <extensions>
          <ns3:TrackPointExtension>
            <ns3:hr>121</ns3:hr>
          </ns3:TrackPointExtension>
        </extensions>
      </trkpt>
      <trkpt lat="46.7747870273888111114501953125" lon="17.2300083003938198089599609375">
        <ele>143</ele>
        <time>2024-07-24T09:12:04.000Z</time>
        <extensions>
          <ns3:TrackPointExtension>
            <ns3:hr>120</ns3:hr>
          </ns3:TrackPointExtension>
        </extensions>
      </trkpt>
      <trkpt lat="46.7747692577540874481201171875" lon="17.22990922629833221435546875">
        <ele>143</ele>
        <time>2024-07-24T09:12:09.000Z</time>
        <extensions>
          <ns3:TrackPointExtension>
            <ns3:hr>123</ns3:hr>
          </ns3:TrackPointExtension>
        </extensions>
      </trkpt>
      <trkpt lat="46.774761378765106201171875" lon="17.22984007559716701507568359375">
        <ele>142.600006103515625</ele>
        <time>2024-07-24T09:12:13.000Z</time>
        <extensions>
          <ns3:TrackPointExtension>
            <ns3:hr>125</ns3:hr>
          </ns3:TrackPointExtension>
        </extensions>
      </trkpt>
      <trkpt lat="46.77475106902420520782470703125" lon="17.22969288937747478485107421875">
        <ele>142.1999969482421875</ele>
        <time>2024-07-24T09:12:21.000Z</time>
        <extensions>
          <ns3:TrackPointExtension>
            <ns3:hr>124</ns3:hr>
          </ns3:TrackPointExtension>
        </extensions>
      </trkpt>
      <trkpt lat="46.77474821917712688446044921875" lon="17.22956984303891658782958984375">
        <ele>142</ele>
        <time>2024-07-24T09:12:28.000Z</time>
        <extensions>
          <ns3:TrackPointExtension>
            <ns3:hr>127</ns3:hr>
          </ns3:TrackPointExtension>
        </extensions>
      </trkpt>
      <trkpt lat="46.77474000491201877593994140625" lon="17.22953765653073787689208984375">
        <ele>142</ele>
        <time>2024-07-24T09:12:30.000Z</time>
        <extensions>
          <ns3:TrackPointExtension>
            <ns3:hr>128</ns3:hr>
          </ns3:TrackPointExtension>
        </extensions>
      </trkpt>
      <trkpt lat="46.774729527533054351806640625" lon="17.22945149056613445281982421875">
        <ele>142</ele>
        <time>2024-07-24T09:12:35.000Z</time>
        <extensions>
          <ns3:TrackPointExtension>
            <ns3:hr>131</ns3:hr>
          </ns3:TrackPointExtension>
        </extensions>
      </trkpt>
      <trkpt lat="46.77471871487796306610107421875" lon="17.22938292659819126129150390625">
        <ele>142</ele>
        <time>2024-07-24T09:12:39.000Z</time>
        <extensions>
          <ns3:TrackPointExtension>
            <ns3:hr>131</ns3:hr>
          </ns3:TrackPointExtension>
        </extensions>
      </trkpt>
      <trkpt lat="46.77470714785158634185791015625" lon="17.22921612672507762908935546875">
        <ele>141.399993896484375</ele>
        <time>2024-07-24T09:12:47.000Z</time>
        <extensions>
          <ns3:TrackPointExtension>
            <ns3:hr>128</ns3:hr>
          </ns3:TrackPointExtension>
        </extensions>
      </trkpt>
      <trkpt lat="46.77470580674707889556884765625" lon="17.229193747043609619140625">
        <ele>141.399993896484375</ele>
        <time>2024-07-24T09:12:48.000Z</time>
        <extensions>
          <ns3:TrackPointExtension>
            <ns3:hr>127</ns3:hr>
          </ns3:TrackPointExtension>
        </extensions>
      </trkpt>
      <trkpt lat="46.77468133158981800079345703125" lon="17.22901781089603900909423828125">
        <ele>141</ele>
        <time>2024-07-24T09:12:57.000Z</time>
        <extensions>
          <ns3:TrackPointExtension>
            <ns3:hr>127</ns3:hr>
          </ns3:TrackPointExtension>
        </extensions>
      </trkpt>
      <trkpt lat="46.7746710218489170074462890625" lon="17.22879552282392978668212890625">
        <ele>141</ele>
        <time>2024-07-24T09:13:08.000Z</time>
        <extensions>
          <ns3:TrackPointExtension>
            <ns3:hr>127</ns3:hr>
          </ns3:TrackPointExtension>
        </extensions>
      </trkpt>
      <trkpt lat="46.77465551532804965972900390625" lon="17.2286511026322841644287109375">
        <ele>141.600006103515625</ele>
        <time>2024-07-24T09:13:15.000Z</time>
        <extensions>
          <ns3:TrackPointExtension>
            <ns3:hr>124</ns3:hr>
          </ns3:TrackPointExtension>
        </extensions>
      </trkpt>
      <trkpt lat="46.7746411822736263275146484375" lon="17.22855881787836551666259765625">
        <ele>142</ele>
        <time>2024-07-24T09:13:19.000Z</time>
        <extensions>
          <ns3:TrackPointExtension>
            <ns3:hr>124</ns3:hr>
          </ns3:TrackPointExtension>
        </extensions>
      </trkpt>
      <trkpt lat="46.774629615247249603271484375" lon="17.22841213457286357879638671875">
        <ele>142</ele>
        <time>2024-07-24T09:13:27.000Z</time>
        <extensions>
          <ns3:TrackPointExtension>
            <ns3:hr>124</ns3:hr>
          </ns3:TrackPointExtension>
        </extensions>
      </trkpt>
      <trkpt lat="46.77461721003055572509765625" lon="17.22828783094882965087890625">
        <ele>142</ele>
        <time>2024-07-24T09:13:33.000Z</time>
        <extensions>
          <ns3:TrackPointExtension>
            <ns3:hr>122</ns3:hr>
          </ns3:TrackPointExtension>
        </extensions>
      </trkpt>
      <trkpt lat="46.774624921381473541259765625" lon="17.228259332478046417236328125">
        <ele>142</ele>
        <time>2024-07-24T09:13:39.000Z</time>
        <extensions>
          <ns3:TrackPointExtension>
            <ns3:hr>120</ns3:hr>
          </ns3:TrackPointExtension>
        </extensions>
      </trkpt>
      <trkpt lat="46.77462835796177387237548828125" lon="17.22826377488672733306884765625">
        <ele>142</ele>
        <time>2024-07-24T09:13:47.000Z</time>
        <extensions>
          <ns3:TrackPointExtension>
            <ns3:hr>123</ns3:hr>
          </ns3:TrackPointExtension>
        </extensions>
      </trkpt>
      <trkpt lat="46.77462835796177387237548828125" lon="17.22826377488672733306884765625">
        <ele>142</ele>
        <time>2024-07-24T09:13:50.000Z</time>
        <extensions>
          <ns3:TrackPointExtension>
            <ns3:hr>126</ns3:hr>
          </ns3:TrackPointExtension>
        </extensions>
      </trkpt>
      <trkpt lat="46.77460975013673305511474609375" lon="17.2281894274055957794189453125">
        <ele>142</ele>
        <time>2024-07-24T09:14:05.000Z</time>
        <extensions>
          <ns3:TrackPointExtension>
            <ns3:hr>128</ns3:hr>
          </ns3:TrackPointExtension>
        </extensions>
      </trkpt>
      <trkpt lat="46.774568594992160797119140625" lon="17.22799555398523807525634765625">
        <ele>142</ele>
        <time>2024-07-24T09:14:13.000Z</time>
        <extensions>
          <ns3:TrackPointExtension>
            <ns3:hr>125</ns3:hr>
          </ns3:TrackPointExtension>
        </extensions>
      </trkpt>
      <trkpt lat="46.774549148976802825927734375" lon="17.22782121039927005767822265625">
        <ele>142</ele>
        <time>2024-07-24T09:14:21.000Z</time>
        <extensions>
          <ns3:TrackPointExtension>
            <ns3:hr>123</ns3:hr>
          </ns3:TrackPointExtension>
        </extensions>
      </trkpt>
      <trkpt lat="46.77455090917646884918212890625" lon="17.22774007357656955718994140625">
        <ele>142</ele>
        <time>2024-07-24T09:14:25.000Z</time>
        <extensions>
          <ns3:TrackPointExtension>
            <ns3:hr>126</ns3:hr>
          </ns3:TrackPointExtension>
        </extensions>
      </trkpt>
      <trkpt lat="46.77453883923590183258056640625" lon="17.22763412632048130035400390625">
        <ele>142</ele>
        <time>2024-07-24T09:14:30.000Z</time>
        <extensions>
          <ns3:TrackPointExtension>
            <ns3:hr>126</ns3:hr>
          </ns3:TrackPointExtension>
        </extensions>
      </trkpt>
      <trkpt lat="46.77451821975409984588623046875" lon="17.2274746187031269073486328125">
        <ele>142</ele>
        <time>2024-07-24T09:14:37.000Z</time>
        <extensions>
          <ns3:TrackPointExtension>
            <ns3:hr>123</ns3:hr>
          </ns3:TrackPointExtension>
        </extensions>
      </trkpt>
      <trkpt lat="46.77450858056545257568359375" lon="17.22737789154052734375">
        <ele>142.1999969482421875</ele>
        <time>2024-07-24T09:14:42.000Z</time>
        <extensions>
          <ns3:TrackPointExtension>
            <ns3:hr>120</ns3:hr>
          </ns3:TrackPointExtension>
        </extensions>
      </trkpt>
      <trkpt lat="46.77449625916779041290283203125" lon="17.2272375784814357757568359375">
        <ele>142.8000030517578125</ele>
        <time>2024-07-24T09:14:50.000Z</time>
        <extensions>
          <ns3:TrackPointExtension>
            <ns3:hr>120</ns3:hr>
          </ns3:TrackPointExtension>
        </extensions>
      </trkpt>
      <trkpt lat="46.774493157863616943359375" lon="17.22718435339629650115966796875">
        <ele>143</ele>
        <time>2024-07-24T09:14:53.000Z</time>
        <extensions>
          <ns3:TrackPointExtension>
            <ns3:hr>121</ns3:hr>
          </ns3:TrackPointExtension>
        </extensions>
      </trkpt>
      <trkpt lat="46.7744757235050201416015625" lon="17.2270474769175052642822265625">
        <ele>143.600006103515625</ele>
        <time>2024-07-24T09:15:00.000Z</time>
        <extensions>
          <ns3:TrackPointExtension>
            <ns3:hr>123</ns3:hr>
          </ns3:TrackPointExtension>
        </extensions>
      </trkpt>
      <trkpt lat="46.77445200271904468536376953125" lon="17.22681772895157337188720703125">
        <ele>145</ele>
        <time>2024-07-24T09:15:12.000Z</time>
        <extensions>
          <ns3:TrackPointExtension>
            <ns3:hr>126</ns3:hr>
          </ns3:TrackPointExtension>
        </extensions>
      </trkpt>
      <trkpt lat="46.77445091307163238525390625" lon="17.226794846355915069580078125">
        <ele>145</ele>
        <time>2024-07-24T09:15:13.000Z</time>
        <extensions>
          <ns3:TrackPointExtension>
            <ns3:hr>126</ns3:hr>
          </ns3:TrackPointExtension>
        </extensions>
      </trkpt>
      <trkpt lat="46.77444898523390293121337890625" lon="17.2266498394310474395751953125">
        <ele>145.600006103515625</ele>
        <time>2024-07-24T09:15:21.000Z</time>
        <extensions>
          <ns3:TrackPointExtension>
            <ns3:hr>129</ns3:hr>
          </ns3:TrackPointExtension>
        </extensions>
      </trkpt>
      <trkpt lat="46.7744235880672931671142578125" lon="17.22648580558598041534423828125">
        <ele>146</ele>
        <time>2024-07-24T09:15:29.000Z</time>
        <extensions>
          <ns3:TrackPointExtension>
            <ns3:hr>130</ns3:hr>
          </ns3:TrackPointExtension>
        </extensions>
      </trkpt>
      <trkpt lat="46.77440489642322063446044921875" lon="17.22630970180034637451171875">
        <ele>146.600006103515625</ele>
        <time>2024-07-24T09:15:38.000Z</time>
        <extensions>
          <ns3:TrackPointExtension>
            <ns3:hr>130</ns3:hr>
          </ns3:TrackPointExtension>
        </extensions>
      </trkpt>
      <trkpt lat="46.7743779905140399932861328125" lon="17.22613443620502948760986328125">
        <ele>146.399993896484375</ele>
        <time>2024-07-24T09:15:48.000Z</time>
        <extensions>
          <ns3:TrackPointExtension>
            <ns3:hr>130</ns3:hr>
          </ns3:TrackPointExtension>
        </extensions>
      </trkpt>
      <trkpt lat="46.77437623031437397003173828125" lon="17.22611431963741779327392578125">
        <ele>146.399993896484375</ele>
        <time>2024-07-24T09:15:49.000Z</time>
        <extensions>
          <ns3:TrackPointExtension>
            <ns3:hr>130</ns3:hr>
          </ns3:TrackPointExtension>
        </extensions>
      </trkpt>
      <trkpt lat="46.77435494028031826019287109375" lon="17.2259253077208995819091796875">
        <ele>146.399993896484375</ele>
        <time>2024-07-24T09:15:59.000Z</time>
        <extensions>
          <ns3:TrackPointExtension>
            <ns3:hr>129</ns3:hr>
          </ns3:TrackPointExtension>
        </extensions>
      </trkpt>
      <trkpt lat="46.77434991113841533660888671875" lon="17.22585079260170459747314453125">
        <ele>146.399993896484375</ele>
        <time>2024-07-24T09:16:03.000Z</time>
        <extensions>
          <ns3:TrackPointExtension>
            <ns3:hr>130</ns3:hr>
          </ns3:TrackPointExtension>
        </extensions>
      </trkpt>
      <trkpt lat="46.77434655837714672088623046875" lon="17.22576194442808628082275390625">
        <ele>146.399993896484375</ele>
        <time>2024-07-24T09:16:07.000Z</time>
        <extensions>
          <ns3:TrackPointExtension>
            <ns3:hr>127</ns3:hr>
          </ns3:TrackPointExtension>
        </extensions>
      </trkpt>
      <trkpt lat="46.77434203214943408966064453125" lon="17.2255729325115680694580078125">
        <ele>146.399993896484375</ele>
        <time>2024-07-24T09:16:17.000Z</time>
        <extensions>
          <ns3:TrackPointExtension>
            <ns3:hr>126</ns3:hr>
          </ns3:TrackPointExtension>
        </extensions>
      </trkpt>
      <trkpt lat="46.7743354104459285736083984375" lon="17.22547679208219051361083984375">
        <ele>146.399993896484375</ele>
        <time>2024-07-24T09:16:22.000Z</time>
        <extensions>
          <ns3:TrackPointExtension>
            <ns3:hr>129</ns3:hr>
          </ns3:TrackPointExtension>
        </extensions>
      </trkpt>
      <trkpt lat="46.77432753145694732666015625" lon="17.2254156880080699920654296875">
        <ele>146.600006103515625</ele>
        <time>2024-07-24T09:16:25.000Z</time>
        <extensions>
          <ns3:TrackPointExtension>
            <ns3:hr>131</ns3:hr>
          </ns3:TrackPointExtension>
        </extensions>
      </trkpt>
      <trkpt lat="46.77431571297347545623779296875" lon="17.22527378238737583160400390625">
        <ele>147</ele>
        <time>2024-07-24T09:16:31.000Z</time>
        <extensions>
          <ns3:TrackPointExtension>
            <ns3:hr>128</ns3:hr>
          </ns3:TrackPointExtension>
        </extensions>
      </trkpt>
      <trkpt lat="46.7743173055350780487060546875" lon="17.22523212432861328125">
        <ele>147</ele>
        <time>2024-07-24T09:16:33.000Z</time>
        <extensions>
          <ns3:TrackPointExtension>
            <ns3:hr>125</ns3:hr>
          </ns3:TrackPointExtension>
        </extensions>
      </trkpt>
      <trkpt lat="46.77431839518249034881591796875" lon="17.22521536052227020263671875">
        <ele>147</ele>
        <time>2024-07-24T09:16:34.000Z</time>
        <extensions>
          <ns3:TrackPointExtension>
            <ns3:hr>124</ns3:hr>
          </ns3:TrackPointExtension>
        </extensions>
      </trkpt>
      <trkpt lat="46.77432090975344181060791015625" lon="17.225117795169353485107421875">
        <ele>146.600006103515625</ele>
        <time>2024-07-24T09:16:39.000Z</time>
        <extensions>
          <ns3:TrackPointExtension>
            <ns3:hr>121</ns3:hr>
          </ns3:TrackPointExtension>
        </extensions>
      </trkpt>
      <trkpt lat="46.77430900745093822479248046875" lon="17.2250173799693584442138671875">
        <ele>146.399993896484375</ele>
        <time>2024-07-24T09:16:44.000Z</time>
        <extensions>
          <ns3:TrackPointExtension>
            <ns3:hr>119</ns3:hr>
          </ns3:TrackPointExtension>
        </extensions>
      </trkpt>
      <trkpt lat="46.77429006434977054595947265625" lon="17.22485451959073543548583984375">
        <ele>146.1999969482421875</ele>
        <time>2024-07-24T09:16:52.000Z</time>
        <extensions>
          <ns3:TrackPointExtension>
            <ns3:hr>120</ns3:hr>
          </ns3:TrackPointExtension>
        </extensions>
      </trkpt>
      <trkpt lat="46.7742841131985187530517578125" lon="17.2246472351253032684326171875">
        <ele>146</ele>
        <time>2024-07-24T09:17:01.000Z</time>
        <extensions>
          <ns3:TrackPointExtension>
            <ns3:hr>123</ns3:hr>
          </ns3:TrackPointExtension>
        </extensions>
      </trkpt>
      <trkpt lat="46.77426315844058990478515625" lon="17.2244556248188018798828125">
        <ele>145.399993896484375</ele>
        <time>2024-07-24T09:17:10.000Z</time>
        <extensions>
          <ns3:TrackPointExtension>
            <ns3:hr>122</ns3:hr>
          </ns3:TrackPointExtension>
        </extensions>
      </trkpt>
      <trkpt lat="46.7742445506155490875244140625" lon="17.2243438102304935455322265625">
        <ele>145</ele>
        <time>2024-07-24T09:17:15.000Z</time>
        <extensions>
          <ns3:TrackPointExtension>
            <ns3:hr>119</ns3:hr>
          </ns3:TrackPointExtension>
        </extensions>
      </trkpt>
      <trkpt lat="46.77424346096813678741455078125" lon="17.2242851369082927703857421875">
        <ele>145</ele>
        <time>2024-07-24T09:17:18.000Z</time>
        <extensions>
          <ns3:TrackPointExtension>
            <ns3:hr>120</ns3:hr>
          </ns3:TrackPointExtension>
        </extensions>
      </trkpt>
      <trkpt lat="46.77422904409468173980712890625" lon="17.224105261266231536865234375">
        <ele>145</ele>
        <time>2024-07-24T09:17:27.000Z</time>
        <extensions>
          <ns3:TrackPointExtension>
            <ns3:hr>121</ns3:hr>
          </ns3:TrackPointExtension>
        </extensions>
      </trkpt>
      <trkpt lat="46.7742036469280719757080078125" lon="17.2239116393029689788818359375">
        <ele>144.8000030517578125</ele>
        <time>2024-07-24T09:17:37.000Z</time>
        <extensions>
          <ns3:TrackPointExtension>
            <ns3:hr>123</ns3:hr>
          </ns3:TrackPointExtension>
        </extensions>
      </trkpt>
      <trkpt lat="46.7742019705474376678466796875" lon="17.22390535287559032440185546875">
        <ele>144.8000030517578125</ele>
        <time>2024-07-24T09:17:43.000Z</time>
        <extensions>
          <ns3:TrackPointExtension>
            <ns3:hr>125</ns3:hr>
          </ns3:TrackPointExtension>
        </extensions>
      </trkpt>
      <trkpt lat="46.77419132553040981292724609375" lon="17.22382128238677978515625">
        <ele>144.600006103515625</ele>
        <time>2024-07-24T09:17:49.000Z</time>
        <extensions>
          <ns3:TrackPointExtension>
            <ns3:hr>123</ns3:hr>
          </ns3:TrackPointExtension>
        </extensions>
      </trkpt>
      <trkpt lat="46.77418881095945835113525390625" lon="17.22376151941716670989990234375">
        <ele>144.600006103515625</ele>
        <time>2024-07-24T09:17:52.000Z</time>
        <extensions>
          <ns3:TrackPointExtension>
            <ns3:hr>120</ns3:hr>
          </ns3:TrackPointExtension>
        </extensions>
      </trkpt>
      <trkpt lat="46.77417355589568614959716796875" lon="17.22362489439547061920166015625">
        <ele>144</ele>
        <time>2024-07-24T09:17:59.000Z</time>
        <extensions>
          <ns3:TrackPointExtension>
            <ns3:hr>121</ns3:hr>
          </ns3:TrackPointExtension>
        </extensions>
      </trkpt>
      <trkpt lat="46.77415410988032817840576171875" lon="17.2235411591827869415283203125">
        <ele>143.8000030517578125</ele>
        <time>2024-07-24T09:18:08.000Z</time>
        <extensions>
          <ns3:TrackPointExtension>
            <ns3:hr>120</ns3:hr>
          </ns3:TrackPointExtension>
        </extensions>
      </trkpt>
      <trkpt lat="46.774151511490345001220703125" lon="17.22352414391934871673583984375">
        <ele>143.600006103515625</ele>
        <time>2024-07-24T09:18:11.000Z</time>
        <extensions>
          <ns3:TrackPointExtension>
            <ns3:hr>117</ns3:hr>
          </ns3:TrackPointExtension>
        </extensions>
      </trkpt>
      <trkpt lat="46.774133406579494476318359375" lon="17.2234469465911388397216796875">
        <ele>143.1999969482421875</ele>
        <time>2024-07-24T09:18:15.000Z</time>
        <extensions>
          <ns3:TrackPointExtension>
            <ns3:hr>115</ns3:hr>
          </ns3:TrackPointExtension>
        </extensions>
      </trkpt>
      <trkpt lat="46.77411152981221675872802734375" lon="17.2232685796916484832763671875">
        <ele>143</ele>
        <time>2024-07-24T09:18:25.000Z</time>
        <extensions>
          <ns3:TrackPointExtension>
            <ns3:hr>116</ns3:hr>
          </ns3:TrackPointExtension>
        </extensions>
      </trkpt>
      <trkpt lat="46.77410448901355266571044921875" lon="17.22315953113138675689697265625">
        <ele>143</ele>
        <time>2024-07-24T09:18:31.000Z</time>
        <extensions>
          <ns3:TrackPointExtension>
            <ns3:hr>120</ns3:hr>
          </ns3:TrackPointExtension>
        </extensions>
      </trkpt>
      <trkpt lat="46.77410080097615718841552734375" lon="17.223089374601840972900390625">
        <ele>143</ele>
        <time>2024-07-24T09:18:35.000Z</time>
        <extensions>
          <ns3:TrackPointExtension>
            <ns3:hr>122</ns3:hr>
          </ns3:TrackPointExtension>
        </extensions>
      </trkpt>
      <trkpt lat="46.7740806005895137786865234375" lon="17.22292986698448657989501953125">
        <ele>142.8000030517578125</ele>
        <time>2024-07-24T09:18:44.000Z</time>
        <extensions>
          <ns3:TrackPointExtension>
            <ns3:hr>125</ns3:hr>
          </ns3:TrackPointExtension>
        </extensions>
      </trkpt>
      <trkpt lat="46.77408101968467235565185546875" lon="17.22292668186128139495849609375">
        <ele>142.8000030517578125</ele>
        <time>2024-07-24T09:18:50.000Z</time>
        <extensions>
          <ns3:TrackPointExtension>
            <ns3:hr>121</ns3:hr>
          </ns3:TrackPointExtension>
        </extensions>
      </trkpt>
      <trkpt lat="46.77408269606530666351318359375" lon="17.22291612066328525543212890625">
        <ele>142.8000030517578125</ele>
        <time>2024-07-24T09:18:51.000Z</time>
        <extensions>
          <ns3:TrackPointExtension>
            <ns3:hr>119</ns3:hr>
          </ns3:TrackPointExtension>
        </extensions>
      </trkpt>
      <trkpt lat="46.7741402797400951385498046875" lon="17.22284789197146892547607421875">
        <ele>143.1999969482421875</ele>
        <time>2024-07-24T09:18:57.000Z</time>
        <extensions>
          <ns3:TrackPointExtension>
            <ns3:hr>118</ns3:hr>
          </ns3:TrackPointExtension>
        </extensions>
      </trkpt>
      <trkpt lat="46.77422024309635162353515625" lon="17.22279123030602931976318359375">
        <ele>143.8000030517578125</ele>
        <time>2024-07-24T09:19:03.000Z</time>
        <extensions>
          <ns3:TrackPointExtension>
            <ns3:hr>118</ns3:hr>
          </ns3:TrackPointExtension>
        </extensions>
      </trkpt>
      <trkpt lat="46.77424932830035686492919921875" lon="17.22274730913341045379638671875">
        <ele>144</ele>
        <time>2024-07-24T09:19:07.000Z</time>
        <extensions>
          <ns3:TrackPointExtension>
            <ns3:hr>121</ns3:hr>
          </ns3:TrackPointExtension>
        </extensions>
      </trkpt>
      <trkpt lat="46.77425268106162548065185546875" lon="17.222740352153778076171875">
        <ele>144</ele>
        <time>2024-07-24T09:19:08.000Z</time>
        <extensions>
          <ns3:TrackPointExtension>
            <ns3:hr>121</ns3:hr>
          </ns3:TrackPointExtension>
        </extensions>
      </trkpt>
      <trkpt lat="46.774255447089672088623046875" lon="17.2227314673364162445068359375">
        <ele>144</ele>
        <time>2024-07-24T09:19:10.000Z</time>
        <extensions>
          <ns3:TrackPointExtension>
            <ns3:hr>122</ns3:hr>
          </ns3:TrackPointExtension>
        </extensions>
      </trkpt>
      <trkpt lat="46.77429559640586376190185546875" lon="17.2226558625698089599609375">
        <ele>143.8000030517578125</ele>
        <time>2024-07-24T09:19:18.000Z</time>
        <extensions>
          <ns3:TrackPointExtension>
            <ns3:hr>122</ns3:hr>
          </ns3:TrackPointExtension>
        </extensions>
      </trkpt>
      <trkpt lat="46.774327866733074188232421875" lon="17.22260414622724056243896484375">
        <ele>143.600006103515625</ele>
        <time>2024-07-24T09:19:24.000Z</time>
        <extensions>
          <ns3:TrackPointExtension>
            <ns3:hr>123</ns3:hr>
          </ns3:TrackPointExtension>
        </extensions>
      </trkpt>
      <trkpt lat="46.7743612267076969146728515625" lon="17.2225088439881801605224609375">
        <ele>143.600006103515625</ele>
        <time>2024-07-24T09:19:30.000Z</time>
        <extensions>
          <ns3:TrackPointExtension>
            <ns3:hr>125</ns3:hr>
          </ns3:TrackPointExtension>
        </extensions>
      </trkpt>
      <trkpt lat="46.774385534226894378662109375" lon="17.22248747013509273529052734375">
        <ele>143.8000030517578125</ele>
        <time>2024-07-24T09:19:32.000Z</time>
        <extensions>
          <ns3:TrackPointExtension>
            <ns3:hr>125</ns3:hr>
          </ns3:TrackPointExtension>
        </extensions>
      </trkpt>
      <trkpt lat="46.774415709078311920166015625" lon="17.222359143197536468505859375">
        <ele>144.1999969482421875</ele>
        <time>2024-07-24T09:19:40.000Z</time>
        <extensions>
          <ns3:TrackPointExtension>
            <ns3:hr>123</ns3:hr>
          </ns3:TrackPointExtension>
        </extensions>
      </trkpt>
      <trkpt lat="46.77440288476645946502685546875" lon="17.2222138009965419769287109375">
        <ele>144.1999969482421875</ele>
        <time>2024-07-24T09:19:48.000Z</time>
        <extensions>
          <ns3:TrackPointExtension>
            <ns3:hr>120</ns3:hr>
          </ns3:TrackPointExtension>
        </extensions>
      </trkpt>
      <trkpt lat="46.7743979394435882568359375" lon="17.222180776298046112060546875">
        <ele>144.1999969482421875</ele>
        <time>2024-07-24T09:19:50.000Z</time>
        <extensions>
          <ns3:TrackPointExtension>
            <ns3:hr>119</ns3:hr>
          </ns3:TrackPointExtension>
        </extensions>
      </trkpt>
      <trkpt lat="46.77441109903156757354736328125" lon="17.22201908938586711883544921875">
        <ele>144.1999969482421875</ele>
        <time>2024-07-24T09:19:58.000Z</time>
        <extensions>
          <ns3:TrackPointExtension>
            <ns3:hr>120</ns3:hr>
          </ns3:TrackPointExtension>
        </extensions>
      </trkpt>
      <trkpt lat="46.77446943707764148712158203125" lon="17.22190626896917819976806640625">
        <ele>145.399993896484375</ele>
        <time>2024-07-24T09:20:05.000Z</time>
        <extensions>
          <ns3:TrackPointExtension>
            <ns3:hr>119</ns3:hr>
          </ns3:TrackPointExtension>
        </extensions>
      </trkpt>
      <trkpt lat="46.77451788447797298431396484375" lon="17.22177945077419281005859375">
        <ele>145.600006103515625</ele>
        <time>2024-07-24T09:20:12.000Z</time>
        <extensions>
          <ns3:TrackPointExtension>
            <ns3:hr>118</ns3:hr>
          </ns3:TrackPointExtension>
        </extensions>
      </trkpt>
      <trkpt lat="46.7745481431484222412109375" lon="17.2217108868062496185302734375">
        <ele>145.600006103515625</ele>
        <time>2024-07-24T09:20:16.000Z</time>
        <extensions>
          <ns3:TrackPointExtension>
            <ns3:hr>118</ns3:hr>
          </ns3:TrackPointExtension>
        </extensions>
      </trkpt>
      <trkpt lat="46.77456800825893878936767578125" lon="17.2216642834246158599853515625">
        <ele>145.399993896484375</ele>
        <time>2024-07-24T09:20:19.000Z</time>
        <extensions>
          <ns3:TrackPointExtension>
            <ns3:hr>119</ns3:hr>
          </ns3:TrackPointExtension>
        </extensions>
      </trkpt>
      <trkpt lat="46.77457957528531551361083984375" lon="17.22162782214581966400146484375">
        <ele>145.399993896484375</ele>
        <time>2024-07-24T09:20:21.000Z</time>
        <extensions>
          <ns3:TrackPointExtension>
            <ns3:hr>119</ns3:hr>
          </ns3:TrackPointExtension>
        </extensions>
      </trkpt>
      <trkpt lat="46.77458795718848705291748046875" lon="17.2215885110199451446533203125">
        <ele>145.1999969482421875</ele>
        <time>2024-07-24T09:20:23.000Z</time>
        <extensions>
          <ns3:TrackPointExtension>
            <ns3:hr>119</ns3:hr>
          </ns3:TrackPointExtension>
        </extensions>
      </trkpt>
      <trkpt lat="46.7745922319591045379638671875" lon="17.22156696952879428863525390625">
        <ele>145.1999969482421875</ele>
        <time>2024-07-24T09:20:24.000Z</time>
        <extensions>
          <ns3:TrackPointExtension>
            <ns3:hr>119</ns3:hr>
          </ns3:TrackPointExtension>
        </extensions>
      </trkpt>
      <trkpt lat="46.77462014369666576385498046875" lon="17.22151651047170162200927734375">
        <ele>145</ele>
        <time>2024-07-24T09:20:27.000Z</time>
        <extensions>
          <ns3:TrackPointExtension>
            <ns3:hr>119</ns3:hr>
          </ns3:TrackPointExtension>
        </extensions>
      </trkpt>
      <trkpt lat="46.77464495413005352020263671875" lon="17.22144677303731441497802734375">
        <ele>145</ele>
        <time>2024-07-24T09:20:30.000Z</time>
        <extensions>
          <ns3:TrackPointExtension>
            <ns3:hr>118</ns3:hr>
          </ns3:TrackPointExtension>
        </extensions>
      </trkpt>
      <trkpt lat="46.77465786226093769073486328125" lon="17.2214027680456638336181640625">
        <ele>144.8000030517578125</ele>
        <time>2024-07-24T09:20:37.000Z</time>
        <extensions>
          <ns3:TrackPointExtension>
            <ns3:hr>121</ns3:hr>
          </ns3:TrackPointExtension>
        </extensions>
      </trkpt>
      <trkpt lat="46.774655766785144805908203125" lon="17.22140603698790073394775390625">
        <ele>144.8000030517578125</ele>
        <time>2024-07-24T09:20:44.000Z</time>
        <extensions>
          <ns3:TrackPointExtension>
            <ns3:hr>118</ns3:hr>
          </ns3:TrackPointExtension>
        </extensions>
      </trkpt>
      <trkpt lat="46.77468082867562770843505859375" lon="17.22136513330042362213134765625">
        <ele>144.8000030517578125</ele>
        <time>2024-07-24T09:20:48.000Z</time>
        <extensions>
          <ns3:TrackPointExtension>
            <ns3:hr>117</ns3:hr>
          </ns3:TrackPointExtension>
        </extensions>
      </trkpt>
      <trkpt lat="46.77470438182353973388671875" lon="17.2213263250887393951416015625">
        <ele>144.8000030517578125</ele>
        <time>2024-07-24T09:20:51.000Z</time>
        <extensions>
          <ns3:TrackPointExtension>
            <ns3:hr>117</ns3:hr>
          </ns3:TrackPointExtension>
        </extensions>
      </trkpt>
      <trkpt lat="46.7747216485440731048583984375" lon="17.22130344249308109283447265625">
        <ele>144.8000030517578125</ele>
        <time>2024-07-24T09:20:53.000Z</time>
        <extensions>
          <ns3:TrackPointExtension>
            <ns3:hr>118</ns3:hr>
          </ns3:TrackPointExtension>
        </extensions>
      </trkpt>
      <trkpt lat="46.77472257055342197418212890625" lon="17.2212852537631988525390625">
        <ele>144.8000030517578125</ele>
        <time>2024-07-24T09:20:54.000Z</time>
        <extensions>
          <ns3:TrackPointExtension>
            <ns3:hr>118</ns3:hr>
          </ns3:TrackPointExtension>
        </extensions>
      </trkpt>
      <trkpt lat="46.77472793497145175933837890625" lon="17.2212659753859043121337890625">
        <ele>144.8000030517578125</ele>
        <time>2024-07-24T09:20:55.000Z</time>
        <extensions>
          <ns3:TrackPointExtension>
            <ns3:hr>119</ns3:hr>
          </ns3:TrackPointExtension>
        </extensions>
      </trkpt>
      <trkpt lat="46.77474796772003173828125" lon="17.2212046198546886444091796875">
        <ele>144.8000030517578125</ele>
        <time>2024-07-24T09:20:59.000Z</time>
        <extensions>
          <ns3:TrackPointExtension>
            <ns3:hr>120</ns3:hr>
          </ns3:TrackPointExtension>
        </extensions>
      </trkpt>
      <trkpt lat="46.77476163022220134735107421875" lon="17.22117000259459018707275390625">
        <ele>144.8000030517578125</ele>
        <time>2024-07-24T09:21:01.000Z</time>
        <extensions>
          <ns3:TrackPointExtension>
            <ns3:hr>121</ns3:hr>
          </ns3:TrackPointExtension>
        </extensions>
      </trkpt>
      <trkpt lat="46.7748155258595943450927734375" lon="17.221039831638336181640625">
        <ele>145</ele>
        <time>2024-07-24T09:21:09.000Z</time>
        <extensions>
          <ns3:TrackPointExtension>
            <ns3:hr>123</ns3:hr>
          </ns3:TrackPointExtension>
        </extensions>
      </trkpt>
      <trkpt lat="46.774844191968441009521484375" lon="17.2209467925131320953369140625">
        <ele>145</ele>
        <time>2024-07-24T09:21:14.000Z</time>
        <extensions>
          <ns3:TrackPointExtension>
            <ns3:hr>120</ns3:hr>
          </ns3:TrackPointExtension>
        </extensions>
      </trkpt>
      <trkpt lat="46.77485232241451740264892578125" lon="17.22091150470077991485595703125">
        <ele>145</ele>
        <time>2024-07-24T09:21:16.000Z</time>
        <extensions>
          <ns3:TrackPointExtension>
            <ns3:hr>120</ns3:hr>
          </ns3:TrackPointExtension>
        </extensions>
      </trkpt>
      <trkpt lat="46.77486740984022617340087890625" lon="17.220877893269062042236328125">
        <ele>145</ele>
        <time>2024-07-24T09:21:18.000Z</time>
        <extensions>
          <ns3:TrackPointExtension>
            <ns3:hr>120</ns3:hr>
          </ns3:TrackPointExtension>
        </extensions>
      </trkpt>
      <trkpt lat="46.774874366819858551025390625" lon="17.2208445332944393157958984375">
        <ele>145</ele>
        <time>2024-07-24T09:21:20.000Z</time>
        <extensions>
          <ns3:TrackPointExtension>
            <ns3:hr>119</ns3:hr>
          </ns3:TrackPointExtension>
        </extensions>
      </trkpt>
      <trkpt lat="46.774886436760425567626953125" lon="17.220799438655376434326171875">
        <ele>145</ele>
        <time>2024-07-24T09:21:22.000Z</time>
        <extensions>
          <ns3:TrackPointExtension>
            <ns3:hr>119</ns3:hr>
          </ns3:TrackPointExtension>
        </extensions>
      </trkpt>
      <trkpt lat="46.77490529604256153106689453125" lon="17.22075677476823329925537109375">
        <ele>145</ele>
        <time>2024-07-24T09:21:25.000Z</time>
        <extensions>
          <ns3:TrackPointExtension>
            <ns3:hr>119</ns3:hr>
          </ns3:TrackPointExtension>
        </extensions>
      </trkpt>
      <trkpt lat="46.7749124206602573394775390625" lon="17.2207144461572170257568359375">
        <ele>145</ele>
        <time>2024-07-24T09:21:27.000Z</time>
        <extensions>
          <ns3:TrackPointExtension>
            <ns3:hr>119</ns3:hr>
          </ns3:TrackPointExtension>
        </extensions>
      </trkpt>
      <trkpt lat="46.77493815310299396514892578125" lon="17.22063305787742137908935546875">
        <ele>145</ele>
        <time>2024-07-24T09:21:31.000Z</time>
        <extensions>
          <ns3:TrackPointExtension>
            <ns3:hr>122</ns3:hr>
          </ns3:TrackPointExtension>
        </extensions>
      </trkpt>
      <trkpt lat="46.774948127567768096923828125" lon="17.2205997817218303680419921875">
        <ele>145</ele>
        <time>2024-07-24T09:21:33.000Z</time>
        <extensions>
          <ns3:TrackPointExtension>
            <ns3:hr>125</ns3:hr>
          </ns3:TrackPointExtension>
        </extensions>
      </trkpt>
      <trkpt lat="46.77495759911835193634033203125" lon="17.2205833531916141510009765625">
        <ele>145</ele>
        <time>2024-07-24T09:21:34.000Z</time>
        <extensions>
          <ns3:TrackPointExtension>
            <ns3:hr>127</ns3:hr>
          </ns3:TrackPointExtension>
        </extensions>
      </trkpt>
      <trkpt lat="46.774966903030872344970703125" lon="17.22057103179395198822021484375">
        <ele>145</ele>
        <time>2024-07-24T09:21:35.000Z</time>
        <extensions>
          <ns3:TrackPointExtension>
            <ns3:hr>125</ns3:hr>
          </ns3:TrackPointExtension>
        </extensions>
      </trkpt>
      <trkpt lat="46.77498743869364261627197265625" lon="17.2204966843128204345703125">
        <ele>145</ele>
        <time>2024-07-24T09:21:38.000Z</time>
        <extensions>
          <ns3:TrackPointExtension>
            <ns3:hr>127</ns3:hr>
          </ns3:TrackPointExtension>
        </extensions>
      </trkpt>
      <trkpt lat="46.77499473094940185546875" lon="17.2203798405826091766357421875">
        <ele>145</ele>
        <time>2024-07-24T09:21:42.000Z</time>
        <extensions>
          <ns3:TrackPointExtension>
            <ns3:hr>130</ns3:hr>
          </ns3:TrackPointExtension>
        </extensions>
      </trkpt>
      <trkpt lat="46.77501392550766468048095703125" lon="17.22030079923570156097412109375">
        <ele>144.600006103515625</ele>
        <time>2024-07-24T09:21:45.000Z</time>
        <extensions>
          <ns3:TrackPointExtension>
            <ns3:hr>129</ns3:hr>
          </ns3:TrackPointExtension>
        </extensions>
      </trkpt>
      <trkpt lat="46.77504904568195343017578125" lon="17.2202423773705959320068359375">
        <ele>144.1999969482421875</ele>
        <time>2024-07-24T09:21:48.000Z</time>
        <extensions>
          <ns3:TrackPointExtension>
            <ns3:hr>127</ns3:hr>
          </ns3:TrackPointExtension>
        </extensions>
      </trkpt>
      <trkpt lat="46.77509120665490627288818359375" lon="17.2201545350253582000732421875">
        <ele>143.8000030517578125</ele>
        <time>2024-07-24T09:21:55.000Z</time>
        <extensions>
          <ns3:TrackPointExtension>
            <ns3:hr>126</ns3:hr>
          </ns3:TrackPointExtension>
        </extensions>
      </trkpt>
      <trkpt lat="46.7751015163958072662353515625" lon="17.2201384417712688446044921875">
        <ele>143.8000030517578125</ele>
        <time>2024-07-24T09:22:05.000Z</time>
        <extensions>
          <ns3:TrackPointExtension>
            <ns3:hr>123</ns3:hr>
          </ns3:TrackPointExtension>
        </extensions>
      </trkpt>
      <trkpt lat="46.77514585666358470916748046875" lon="17.22007448785006999969482421875">
        <ele>143.600006103515625</ele>
        <time>2024-07-24T09:22:11.000Z</time>
        <extensions>
          <ns3:TrackPointExtension>
            <ns3:hr>122</ns3:hr>
          </ns3:TrackPointExtension>
        </extensions>
      </trkpt>
      <trkpt lat="46.77518877200782299041748046875" lon="17.2199922613799571990966796875">
        <ele>143.399993896484375</ele>
        <time>2024-07-24T09:22:17.000Z</time>
        <extensions>
          <ns3:TrackPointExtension>
            <ns3:hr>121</ns3:hr>
          </ns3:TrackPointExtension>
        </extensions>
      </trkpt>
      <trkpt lat="46.77519296295940876007080078125" lon="17.21993970684707164764404296875">
        <ele>143.399993896484375</ele>
        <time>2024-07-24T09:22:20.000Z</time>
        <extensions>
          <ns3:TrackPointExtension>
            <ns3:hr>119</ns3:hr>
          </ns3:TrackPointExtension>
        </extensions>
      </trkpt>
      <trkpt lat="46.775214336812496185302734375" lon="17.21990860998630523681640625">
        <ele>143.399993896484375</ele>
        <time>2024-07-24T09:22:22.000Z</time>
        <extensions>
          <ns3:TrackPointExtension>
            <ns3:hr>120</ns3:hr>
          </ns3:TrackPointExtension>
        </extensions>
      </trkpt>
      <trkpt lat="46.77522665821015834808349609375" lon="17.21989452838897705078125">
        <ele>143.600006103515625</ele>
        <time>2024-07-24T09:22:23.000Z</time>
        <extensions>
          <ns3:TrackPointExtension>
            <ns3:hr>120</ns3:hr>
          </ns3:TrackPointExtension>
        </extensions>
      </trkpt>
      <trkpt lat="46.77525029517710208892822265625" lon="17.2198403812944889068603515625">
        <ele>143.600006103515625</ele>
        <time>2024-07-24T09:22:26.000Z</time>
        <extensions>
          <ns3:TrackPointExtension>
            <ns3:hr>123</ns3:hr>
          </ns3:TrackPointExtension>
        </extensions>
      </trkpt>
      <trkpt lat="46.7752704955637454986572265625" lon="17.21979620866477489471435546875">
        <ele>143.600006103515625</ele>
        <time>2024-07-24T09:22:28.000Z</time>
        <extensions>
          <ns3:TrackPointExtension>
            <ns3:hr>124</ns3:hr>
          </ns3:TrackPointExtension>
        </extensions>
      </trkpt>
      <trkpt lat="46.7752825655043125152587890625" lon="17.21977290697395801544189453125">
        <ele>143.8000030517578125</ele>
        <time>2024-07-24T09:22:29.000Z</time>
        <extensions>
          <ns3:TrackPointExtension>
            <ns3:hr>125</ns3:hr>
          </ns3:TrackPointExtension>
        </extensions>
      </trkpt>
      <trkpt lat="46.77536261267960071563720703125" lon="17.21958230249583721160888671875">
        <ele>144</ele>
        <time>2024-07-24T09:22:35.000Z</time>
        <extensions>
          <ns3:TrackPointExtension>
            <ns3:hr>126</ns3:hr>
          </ns3:TrackPointExtension>
        </extensions>
      </trkpt>
      <trkpt lat="46.77543260157108306884765625" lon="17.2193699888885021209716796875">
        <ele>144.600006103515625</ele>
        <time>2024-07-24T09:22:41.000Z</time>
        <extensions>
          <ns3:TrackPointExtension>
            <ns3:hr>129</ns3:hr>
          </ns3:TrackPointExtension>
        </extensions>
      </trkpt>
      <trkpt lat="46.77544961683452129364013671875" lon="17.21930452622473239898681640625">
        <ele>144.399993896484375</ele>
        <time>2024-07-24T09:22:43.000Z</time>
        <extensions>
          <ns3:TrackPointExtension>
            <ns3:hr>132</ns3:hr>
          </ns3:TrackPointExtension>
        </extensions>
      </trkpt>
      <trkpt lat="46.77547090686857700347900390625" lon="17.21924233250319957733154296875">
        <ele>144.399993896484375</ele>
        <time>2024-07-24T09:22:45.000Z</time>
        <extensions>
          <ns3:TrackPointExtension>
            <ns3:hr>135</ns3:hr>
          </ns3:TrackPointExtension>
        </extensions>
      </trkpt>
      <trkpt lat="46.775485910475254058837890625" lon="17.21920930780470371246337890625">
        <ele>144.399993896484375</ele>
        <time>2024-07-24T09:22:46.000Z</time>
        <extensions>
          <ns3:TrackPointExtension>
            <ns3:hr>136</ns3:hr>
          </ns3:TrackPointExtension>
        </extensions>
      </trkpt>
      <trkpt lat="46.77551650442183017730712890625" lon="17.2191368043422698974609375">
        <ele>144.399993896484375</ele>
        <time>2024-07-24T09:22:50.000Z</time>
        <extensions>
          <ns3:TrackPointExtension>
            <ns3:hr>139</ns3:hr>
          </ns3:TrackPointExtension>
        </extensions>
      </trkpt>
      <trkpt lat="46.77551633678376674652099609375" lon="17.2190970741212368011474609375">
        <ele>144.1999969482421875</ele>
        <time>2024-07-24T09:22:52.000Z</time>
        <extensions>
          <ns3:TrackPointExtension>
            <ns3:hr>140</ns3:hr>
          </ns3:TrackPointExtension>
        </extensions>
      </trkpt>
      <trkpt lat="46.775542907416820526123046875" lon="17.2190092317759990692138671875">
        <ele>144</ele>
        <time>2024-07-24T09:22:57.000Z</time>
        <extensions>
          <ns3:TrackPointExtension>
            <ns3:hr>140</ns3:hr>
          </ns3:TrackPointExtension>
        </extensions>
      </trkpt>
      <trkpt lat="46.7755620181560516357421875" lon="17.2189812362194061279296875">
        <ele>144</ele>
        <time>2024-07-24T09:22:59.000Z</time>
        <extensions>
          <ns3:TrackPointExtension>
            <ns3:hr>139</ns3:hr>
          </ns3:TrackPointExtension>
        </extensions>
      </trkpt>
      <trkpt lat="46.7755980603396892547607421875" lon="17.21881485544145107269287109375">
        <ele>143</ele>
        <time>2024-07-24T09:23:05.000Z</time>
        <extensions>
          <ns3:TrackPointExtension>
            <ns3:hr>139</ns3:hr>
          </ns3:TrackPointExtension>
        </extensions>
      </trkpt>
      <trkpt lat="46.77560585550963878631591796875" lon="17.21874444745481014251708984375">
        <ele>142.600006103515625</ele>
        <time>2024-07-24T09:23:08.000Z</time>
        <extensions>
          <ns3:TrackPointExtension>
            <ns3:hr>139</ns3:hr>
          </ns3:TrackPointExtension>
        </extensions>
      </trkpt>
      <trkpt lat="46.775644160807132720947265625" lon="17.21869784407317638397216796875">
        <ele>142.1999969482421875</ele>
        <time>2024-07-24T09:23:11.000Z</time>
        <extensions>
          <ns3:TrackPointExtension>
            <ns3:hr>136</ns3:hr>
          </ns3:TrackPointExtension>
        </extensions>
      </trkpt>
      <trkpt lat="46.7756778560578823089599609375" lon="17.2186250053346157073974609375">
        <ele>141.8000030517578125</ele>
        <time>2024-07-24T09:23:15.000Z</time>
        <extensions>
          <ns3:TrackPointExtension>
            <ns3:hr>133</ns3:hr>
          </ns3:TrackPointExtension>
        </extensions>
      </trkpt>
      <trkpt lat="46.775694787502288818359375" lon="17.21859005279839038848876953125">
        <ele>141.600006103515625</ele>
        <time>2024-07-24T09:23:17.000Z</time>
        <extensions>
          <ns3:TrackPointExtension>
            <ns3:hr>133</ns3:hr>
          </ns3:TrackPointExtension>
        </extensions>
      </trkpt>
      <trkpt lat="46.77575983107089996337890625" lon="17.218421660363674163818359375">
        <ele>140.1999969482421875</ele>
        <time>2024-07-24T09:23:25.000Z</time>
        <extensions>
          <ns3:TrackPointExtension>
            <ns3:hr>131</ns3:hr>
          </ns3:TrackPointExtension>
        </extensions>
      </trkpt>
      <trkpt lat="46.77582412026822566986083984375" lon="17.2183078341186046600341796875">
        <ele>139.399993896484375</ele>
        <time>2024-07-24T09:23:32.000Z</time>
        <extensions>
          <ns3:TrackPointExtension>
            <ns3:hr>131</ns3:hr>
          </ns3:TrackPointExtension>
        </extensions>
      </trkpt>
      <trkpt lat="46.77582847885787487030029296875" lon="17.21829350106418132781982421875">
        <ele>139.1999969482421875</ele>
        <time>2024-07-24T09:23:33.000Z</time>
        <extensions>
          <ns3:TrackPointExtension>
            <ns3:hr>131</ns3:hr>
          </ns3:TrackPointExtension>
        </extensions>
      </trkpt>
      <trkpt lat="46.775879524648189544677734375" lon="17.2182109393179416656494140625">
        <ele>138.600006103515625</ele>
        <time>2024-07-24T09:23:39.000Z</time>
        <extensions>
          <ns3:TrackPointExtension>
            <ns3:hr>128</ns3:hr>
          </ns3:TrackPointExtension>
        </extensions>
      </trkpt>
      <trkpt lat="46.7758887447416782379150390625" lon="17.2181888110935688018798828125">
        <ele>138.1999969482421875</ele>
        <time>2024-07-24T09:23:40.000Z</time>
        <extensions>
          <ns3:TrackPointExtension>
            <ns3:hr>126</ns3:hr>
          </ns3:TrackPointExtension>
        </extensions>
      </trkpt>
      <trkpt lat="46.775901652872562408447265625" lon="17.21817414276301860809326171875">
        <ele>138.1999969482421875</ele>
        <time>2024-07-24T09:23:41.000Z</time>
        <extensions>
          <ns3:TrackPointExtension>
            <ns3:hr>129</ns3:hr>
          </ns3:TrackPointExtension>
        </extensions>
      </trkpt>
      <trkpt lat="46.77595051936805248260498046875" lon="17.21812385134398937225341796875">
        <ele>137.399993896484375</ele>
        <time>2024-07-24T09:23:45.000Z</time>
        <extensions>
          <ns3:TrackPointExtension>
            <ns3:hr>129</ns3:hr>
          </ns3:TrackPointExtension>
        </extensions>
      </trkpt>
      <trkpt lat="46.77597331814467906951904296875" lon="17.2180714644491672515869140625">
        <ele>136.8000030517578125</ele>
        <time>2024-07-24T09:23:47.000Z</time>
        <extensions>
          <ns3:TrackPointExtension>
            <ns3:hr>128</ns3:hr>
          </ns3:TrackPointExtension>
        </extensions>
      </trkpt>
      <trkpt lat="46.77603718824684619903564453125" lon="17.2179122082889080047607421875">
        <ele>134.600006103515625</ele>
        <time>2024-07-24T09:23:55.000Z</time>
        <extensions>
          <ns3:TrackPointExtension>
            <ns3:hr>129</ns3:hr>
          </ns3:TrackPointExtension>
        </extensions>
      </trkpt>
      <trkpt lat="46.776048839092254638671875" lon="17.21785948611795902252197265625">
        <ele>133.8000030517578125</ele>
        <time>2024-07-24T09:23:57.000Z</time>
        <extensions>
          <ns3:TrackPointExtension>
            <ns3:hr>129</ns3:hr>
          </ns3:TrackPointExtension>
        </extensions>
      </trkpt>
      <trkpt lat="46.7760748229920864105224609375" lon="17.21779779531061649322509765625">
        <ele>133</ele>
        <time>2024-07-24T09:24:01.000Z</time>
        <extensions>
          <ns3:TrackPointExtension>
            <ns3:hr>128</ns3:hr>
          </ns3:TrackPointExtension>
        </extensions>
      </trkpt>
      <trkpt lat="46.7760999687016010284423828125" lon="17.217747084796428680419921875">
        <ele>132.600006103515625</ele>
        <time>2024-07-24T09:24:04.000Z</time>
        <extensions>
          <ns3:TrackPointExtension>
            <ns3:hr>128</ns3:hr>
          </ns3:TrackPointExtension>
        </extensions>
      </trkpt>
      <trkpt lat="46.77611530758440494537353515625" lon="17.217686735093593597412109375">
        <ele>131.8000030517578125</ele>
        <time>2024-07-24T09:24:07.000Z</time>
        <extensions>
          <ns3:TrackPointExtension>
            <ns3:hr>128</ns3:hr>
          </ns3:TrackPointExtension>
        </extensions>
      </trkpt>
      <trkpt lat="46.77612972445785999298095703125" lon="17.217655889689922332763671875">
        <ele>131.600006103515625</ele>
        <time>2024-07-24T09:24:09.000Z</time>
        <extensions>
          <ns3:TrackPointExtension>
            <ns3:hr>128</ns3:hr>
          </ns3:TrackPointExtension>
        </extensions>
      </trkpt>
      <trkpt lat="46.7761462368071079254150390625" lon="17.21756570041179656982421875">
        <ele>130.600006103515625</ele>
        <time>2024-07-24T09:24:13.000Z</time>
        <extensions>
          <ns3:TrackPointExtension>
            <ns3:hr>126</ns3:hr>
          </ns3:TrackPointExtension>
        </extensions>
      </trkpt>
      <trkpt lat="46.77614338696002960205078125" lon="17.21752655692398548126220703125">
        <ele>130.1999969482421875</ele>
        <time>2024-07-24T09:24:14.000Z</time>
        <extensions>
          <ns3:TrackPointExtension>
            <ns3:hr>128</ns3:hr>
          </ns3:TrackPointExtension>
        </extensions>
      </trkpt>
      <trkpt lat="46.77615554071962833404541015625" lon="17.2174451686441898345947265625">
        <ele>129.1999969482421875</ele>
        <time>2024-07-24T09:24:18.000Z</time>
        <extensions>
          <ns3:TrackPointExtension>
            <ns3:hr>125</ns3:hr>
          </ns3:TrackPointExtension>
        </extensions>
      </trkpt>
      <trkpt lat="46.77616325207054615020751953125" lon="17.21743293106555938720703125">
        <ele>129.1999969482421875</ele>
        <time>2024-07-24T09:24:19.000Z</time>
        <extensions>
          <ns3:TrackPointExtension>
            <ns3:hr>125</ns3:hr>
          </ns3:TrackPointExtension>
        </extensions>
      </trkpt>
      <trkpt lat="46.7761992104351520538330078125" lon="17.21740342676639556884765625">
        <ele>128.8000030517578125</ele>
        <time>2024-07-24T09:24:22.000Z</time>
        <extensions>
          <ns3:TrackPointExtension>
            <ns3:hr>124</ns3:hr>
          </ns3:TrackPointExtension>
        </extensions>
      </trkpt>
      <trkpt lat="46.776219494640827178955078125" lon="17.217345423996448516845703125">
        <ele>128</ele>
        <time>2024-07-24T09:24:26.000Z</time>
        <extensions>
          <ns3:TrackPointExtension>
            <ns3:hr>126</ns3:hr>
          </ns3:TrackPointExtension>
        </extensions>
      </trkpt>
      <trkpt lat="46.7762857116758823394775390625" lon="17.21719044260680675506591796875">
        <ele>126.1999969482421875</ele>
        <time>2024-07-24T09:24:34.000Z</time>
        <extensions>
          <ns3:TrackPointExtension>
            <ns3:hr>126</ns3:hr>
          </ns3:TrackPointExtension>
        </extensions>
      </trkpt>
      <trkpt lat="46.776303313672542572021484375" lon="17.2171343676745891571044921875">
        <ele>125.59999847412109375</ele>
        <time>2024-07-24T09:24:37.000Z</time>
        <extensions>
          <ns3:TrackPointExtension>
            <ns3:hr>123</ns3:hr>
          </ns3:TrackPointExtension>
        </extensions>
      </trkpt>
      <trkpt lat="46.776338852941989898681640625" lon="17.21703520976006984710693359375">
        <ele>124.59999847412109375</ele>
        <time>2024-07-24T09:24:42.000Z</time>
        <extensions>
          <ns3:TrackPointExtension>
            <ns3:hr>125</ns3:hr>
          </ns3:TrackPointExtension>
        </extensions>
      </trkpt>
      <trkpt lat="46.77637531422078609466552734375" lon="17.21695725806057453155517578125">
        <ele>124</ele>
        <time>2024-07-24T09:24:46.000Z</time>
        <extensions>
          <ns3:TrackPointExtension>
            <ns3:hr>124</ns3:hr>
          </ns3:TrackPointExtension>
        </extensions>
      </trkpt>
      <trkpt lat="46.7764003761112689971923828125" lon="17.21690679900348186492919921875">
        <ele>123.59999847412109375</ele>
        <time>2024-07-24T09:24:49.000Z</time>
        <extensions>
          <ns3:TrackPointExtension>
            <ns3:hr>124</ns3:hr>
          </ns3:TrackPointExtension>
        </extensions>
      </trkpt>
      <trkpt lat="46.7764650844037532806396484375" lon="17.216761372983455657958984375">
        <ele>122.1999969482421875</ele>
        <time>2024-07-24T09:24:57.000Z</time>
        <extensions>
          <ns3:TrackPointExtension>
            <ns3:hr>123</ns3:hr>
          </ns3:TrackPointExtension>
        </extensions>
      </trkpt>
      <trkpt lat="46.77650204859673976898193359375" lon="17.21667411737143993377685546875">
        <ele>121.40000152587890625</ele>
        <time>2024-07-24T09:25:02.000Z</time>
        <extensions>
          <ns3:TrackPointExtension>
            <ns3:hr>121</ns3:hr>
          </ns3:TrackPointExtension>
        </extensions>
      </trkpt>
      <trkpt lat="46.776505820453166961669921875" lon="17.2166240774095058441162109375">
        <ele>121.1999969482421875</ele>
        <time>2024-07-24T09:25:04.000Z</time>
        <extensions>
          <ns3:TrackPointExtension>
            <ns3:hr>120</ns3:hr>
          </ns3:TrackPointExtension>
        </extensions>
      </trkpt>
      <trkpt lat="46.77650908939540386199951171875" lon="17.21660622395575046539306640625">
        <ele>121</ele>
        <time>2024-07-24T09:25:05.000Z</time>
        <extensions>
          <ns3:TrackPointExtension>
            <ns3:hr>121</ns3:hr>
          </ns3:TrackPointExtension>
        </extensions>
      </trkpt>
      <trkpt lat="46.776517890393733978271484375" lon="17.21659465692937374114990234375">
        <ele>121</ele>
        <time>2024-07-24T09:25:06.000Z</time>
        <extensions>
          <ns3:TrackPointExtension>
            <ns3:hr>119</ns3:hr>
          </ns3:TrackPointExtension>
        </extensions>
      </trkpt>
      <trkpt lat="46.776550076901912689208984375" lon="17.21650664694607257843017578125">
        <ele>120.8000030517578125</ele>
        <time>2024-07-24T09:25:11.000Z</time>
        <extensions>
          <ns3:TrackPointExtension>
            <ns3:hr>121</ns3:hr>
          </ns3:TrackPointExtension>
        </extensions>
      </trkpt>
      <trkpt lat="46.7765988595783710479736328125" lon="17.21634319983422756195068359375">
        <ele>120.1999969482421875</ele>
        <time>2024-07-24T09:25:19.000Z</time>
        <extensions>
          <ns3:TrackPointExtension>
            <ns3:hr>121</ns3:hr>
          </ns3:TrackPointExtension>
        </extensions>
      </trkpt>
      <trkpt lat="46.7766414396464824676513671875" lon="17.21618997864425182342529296875">
        <ele>119.59999847412109375</ele>
        <time>2024-07-24T09:25:26.000Z</time>
        <extensions>
          <ns3:TrackPointExtension>
            <ns3:hr>121</ns3:hr>
          </ns3:TrackPointExtension>
        </extensions>
      </trkpt>
      <trkpt lat="46.77666482515633106231689453125" lon="17.2161513380706310272216796875">
        <ele>119.40000152587890625</ele>
        <time>2024-07-24T09:25:28.000Z</time>
        <extensions>
          <ns3:TrackPointExtension>
            <ns3:hr>122</ns3:hr>
          </ns3:TrackPointExtension>
        </extensions>
      </trkpt>
      <trkpt lat="46.77670690231025218963623046875" lon="17.2160495817661285400390625">
        <ele>119</ele>
        <time>2024-07-24T09:25:33.000Z</time>
        <extensions>
          <ns3:TrackPointExtension>
            <ns3:hr>125</ns3:hr>
          </ns3:TrackPointExtension>
        </extensions>
      </trkpt>
      <trkpt lat="46.77672869525849819183349609375" lon="17.2159877233207225799560546875">
        <ele>118.59999847412109375</ele>
        <time>2024-07-24T09:25:36.000Z</time>
        <extensions>
          <ns3:TrackPointExtension>
            <ns3:hr>125</ns3:hr>
          </ns3:TrackPointExtension>
        </extensions>
      </trkpt>
      <trkpt lat="46.7767341434955596923828125" lon="17.215966098010540008544921875">
        <ele>118.59999847412109375</ele>
        <time>2024-07-24T09:25:37.000Z</time>
        <extensions>
          <ns3:TrackPointExtension>
            <ns3:hr>125</ns3:hr>
          </ns3:TrackPointExtension>
        </extensions>
      </trkpt>
      <trkpt lat="46.77676297724246978759765625" lon="17.2158958576619625091552734375">
        <ele>118</ele>
        <time>2024-07-24T09:25:41.000Z</time>
        <extensions>
          <ns3:TrackPointExtension>
            <ns3:hr>122</ns3:hr>
          </ns3:TrackPointExtension>
        </extensions>
      </trkpt>
      <trkpt lat="46.77676993422210216522216796875" lon="17.2158811055123805999755859375">
        <ele>118</ele>
        <time>2024-07-24T09:25:42.000Z</time>
        <extensions>
          <ns3:TrackPointExtension>
            <ns3:hr>120</ns3:hr>
          </ns3:TrackPointExtension>
        </extensions>
      </trkpt>
      <trkpt lat="46.77681662142276763916015625" lon="17.21574473194777965545654296875">
        <ele>117.1999969482421875</ele>
        <time>2024-07-24T09:25:50.000Z</time>
        <extensions>
          <ns3:TrackPointExtension>
            <ns3:hr>119</ns3:hr>
          </ns3:TrackPointExtension>
        </extensions>
      </trkpt>
      <trkpt lat="46.77685224451124668121337890625" lon="17.215635515749454498291015625">
        <ele>117</ele>
        <time>2024-07-24T09:25:57.000Z</time>
        <extensions>
          <ns3:TrackPointExtension>
            <ns3:hr>118</ns3:hr>
          </ns3:TrackPointExtension>
        </extensions>
      </trkpt>
      <trkpt lat="46.7768898792564868927001953125" lon="17.21555194817483425140380859375">
        <ele>116.59999847412109375</ele>
        <time>2024-07-24T09:26:02.000Z</time>
        <extensions>
          <ns3:TrackPointExtension>
            <ns3:hr>120</ns3:hr>
          </ns3:TrackPointExtension>
        </extensions>
      </trkpt>
      <trkpt lat="46.77691477350890636444091796875" lon="17.2155270539224147796630859375">
        <ele>116.40000152587890625</ele>
        <time>2024-07-24T09:26:04.000Z</time>
        <extensions>
          <ns3:TrackPointExtension>
            <ns3:hr>120</ns3:hr>
          </ns3:TrackPointExtension>
        </extensions>
      </trkpt>
      <trkpt lat="46.776924245059490203857421875" lon="17.215510793030261993408203125">
        <ele>116.1999969482421875</ele>
        <time>2024-07-24T09:26:05.000Z</time>
        <extensions>
          <ns3:TrackPointExtension>
            <ns3:hr>120</ns3:hr>
          </ns3:TrackPointExtension>
        </extensions>
      </trkpt>
      <trkpt lat="46.77697621285915374755859375" lon="17.2154378704726696014404296875">
        <ele>115.8000030517578125</ele>
        <time>2024-07-24T09:26:10.000Z</time>
        <extensions>
          <ns3:TrackPointExtension>
            <ns3:hr>123</ns3:hr>
          </ns3:TrackPointExtension>
        </extensions>
      </trkpt>
      <trkpt lat="46.77702558226883411407470703125" lon="17.21534508280456066131591796875">
        <ele>115</ele>
        <time>2024-07-24T09:26:16.000Z</time>
        <extensions>
          <ns3:TrackPointExtension>
            <ns3:hr>126</ns3:hr>
          </ns3:TrackPointExtension>
        </extensions>
      </trkpt>
      <trkpt lat="46.77703924477100372314453125" lon="17.21530862152576446533203125">
        <ele>114.8000030517578125</ele>
        <time>2024-07-24T09:26:18.000Z</time>
        <extensions>
          <ns3:TrackPointExtension>
            <ns3:hr>126</ns3:hr>
          </ns3:TrackPointExtension>
        </extensions>
      </trkpt>
      <trkpt lat="46.77704871632158756256103515625" lon="17.2152682207524776458740234375">
        <ele>114.59999847412109375</ele>
        <time>2024-07-24T09:26:20.000Z</time>
        <extensions>
          <ns3:TrackPointExtension>
            <ns3:hr>125</ns3:hr>
          </ns3:TrackPointExtension>
        </extensions>
      </trkpt>
      <trkpt lat="46.77705408073961734771728515625" lon="17.21524827182292938232421875">
        <ele>114.40000152587890625</ele>
        <time>2024-07-24T09:26:21.000Z</time>
        <extensions>
          <ns3:TrackPointExtension>
            <ns3:hr>125</ns3:hr>
          </ns3:TrackPointExtension>
        </extensions>
      </trkpt>
      <trkpt lat="46.77708358503878116607666015625" lon="17.21517409197986125946044921875">
        <ele>114</ele>
        <time>2024-07-24T09:26:25.000Z</time>
        <extensions>
          <ns3:TrackPointExtension>
            <ns3:hr>124</ns3:hr>
          </ns3:TrackPointExtension>
        </extensions>
      </trkpt>
      <trkpt lat="46.7770883627235889434814453125" lon="17.21514291130006313323974609375">
        <ele>113.8000030517578125</ele>
        <time>2024-07-24T09:26:27.000Z</time>
        <extensions>
          <ns3:TrackPointExtension>
            <ns3:hr>124</ns3:hr>
          </ns3:TrackPointExtension>
        </extensions>
      </trkpt>
      <trkpt lat="46.7771016061305999755859375" lon="17.21511282026767730712890625">
        <ele>113.59999847412109375</ele>
        <time>2024-07-24T09:26:29.000Z</time>
        <extensions>
          <ns3:TrackPointExtension>
            <ns3:hr>123</ns3:hr>
          </ns3:TrackPointExtension>
        </extensions>
      </trkpt>
      <trkpt lat="46.77711241878569126129150390625" lon="17.21507987938821315765380859375">
        <ele>113.59999847412109375</ele>
        <time>2024-07-24T09:26:31.000Z</time>
        <extensions>
          <ns3:TrackPointExtension>
            <ns3:hr>123</ns3:hr>
          </ns3:TrackPointExtension>
        </extensions>
      </trkpt>
      <trkpt lat="46.7771530710160732269287109375" lon="17.21487284637987613677978515625">
        <ele>113</ele>
        <time>2024-07-24T09:26:41.000Z</time>
        <extensions>
          <ns3:TrackPointExtension>
            <ns3:hr>121</ns3:hr>
          </ns3:TrackPointExtension>
        </extensions>
      </trkpt>
      <trkpt lat="46.7771943099796772003173828125" lon="17.21479657106101512908935546875">
        <ele>113</ele>
        <time>2024-07-24T09:26:45.000Z</time>
        <extensions>
          <ns3:TrackPointExtension>
            <ns3:hr>120</ns3:hr>
          </ns3:TrackPointExtension>
        </extensions>
      </trkpt>
      <trkpt lat="46.7772154323756694793701171875" lon="17.21475969068706035614013671875">
        <ele>112.8000030517578125</ele>
        <time>2024-07-24T09:26:48.000Z</time>
        <extensions>
          <ns3:TrackPointExtension>
            <ns3:hr>119</ns3:hr>
          </ns3:TrackPointExtension>
        </extensions>
      </trkpt>
      <trkpt lat="46.7772486247122287750244140625" lon="17.214641757309436798095703125">
        <ele>112.1999969482421875</ele>
        <time>2024-07-24T09:26:56.000Z</time>
        <extensions>
          <ns3:TrackPointExtension>
            <ns3:hr>122</ns3:hr>
          </ns3:TrackPointExtension>
        </extensions>
      </trkpt>
      <trkpt lat="46.7772479541599750518798828125" lon="17.21464016474783420562744140625">
        <ele>112.1999969482421875</ele>
        <time>2024-07-24T09:26:57.000Z</time>
        <extensions>
          <ns3:TrackPointExtension>
            <ns3:hr>122</ns3:hr>
          </ns3:TrackPointExtension>
        </extensions>
      </trkpt>
      <trkpt lat="46.77729950286448001861572265625" lon="17.214517705142498016357421875">
        <ele>112</ele>
        <time>2024-07-24T09:27:04.000Z</time>
        <extensions>
          <ns3:TrackPointExtension>
            <ns3:hr>123</ns3:hr>
          </ns3:TrackPointExtension>
        </extensions>
      </trkpt>
      <trkpt lat="46.77736069075763225555419921875" lon="17.2143383324146270751953125">
        <ele>112</ele>
        <time>2024-07-24T09:27:12.000Z</time>
        <extensions>
          <ns3:TrackPointExtension>
            <ns3:hr>123</ns3:hr>
          </ns3:TrackPointExtension>
        </extensions>
      </trkpt>
      <trkpt lat="46.77737276069819927215576171875" lon="17.2143207304179668426513671875">
        <ele>112</ele>
        <time>2024-07-24T09:27:13.000Z</time>
        <extensions>
          <ns3:TrackPointExtension>
            <ns3:hr>123</ns3:hr>
          </ns3:TrackPointExtension>
        </extensions>
      </trkpt>
      <trkpt lat="46.77742221392691135406494140625" lon="17.2141970135271549224853515625">
        <ele>112</ele>
        <time>2024-07-24T09:27:21.000Z</time>
        <extensions>
          <ns3:TrackPointExtension>
            <ns3:hr>123</ns3:hr>
          </ns3:TrackPointExtension>
        </extensions>
      </trkpt>
      <trkpt lat="46.7774799652397632598876953125" lon="17.21409014426171779632568359375">
        <ele>111.40000152587890625</ele>
        <time>2024-07-24T09:27:29.000Z</time>
        <extensions>
          <ns3:TrackPointExtension>
            <ns3:hr>123</ns3:hr>
          </ns3:TrackPointExtension>
        </extensions>
      </trkpt>
      <trkpt lat="46.7775215394794940948486328125" lon="17.21402510069310665130615234375">
        <ele>111.1999969482421875</ele>
        <time>2024-07-24T09:27:34.000Z</time>
        <extensions>
          <ns3:TrackPointExtension>
            <ns3:hr>126</ns3:hr>
          </ns3:TrackPointExtension>
        </extensions>
      </trkpt>
      <trkpt lat="46.77756168879568576812744140625" lon="17.2139629907906055450439453125">
        <ele>111.40000152587890625</ele>
        <time>2024-07-24T09:27:39.000Z</time>
        <extensions>
          <ns3:TrackPointExtension>
            <ns3:hr>128</ns3:hr>
          </ns3:TrackPointExtension>
        </extensions>
      </trkpt>
      <trkpt lat="46.7776016704738140106201171875" lon="17.2137938439846038818359375">
        <ele>112</ele>
        <time>2024-07-24T09:27:48.000Z</time>
        <extensions>
          <ns3:TrackPointExtension>
            <ns3:hr>127</ns3:hr>
          </ns3:TrackPointExtension>
        </extensions>
      </trkpt>
      <trkpt lat="46.7776351980865001678466796875" lon="17.21364472992718219757080078125">
        <ele>112</ele>
        <time>2024-07-24T09:27:54.000Z</time>
        <extensions>
          <ns3:TrackPointExtension>
            <ns3:hr>127</ns3:hr>
          </ns3:TrackPointExtension>
        </extensions>
      </trkpt>
      <trkpt lat="46.77764232270419597625732421875" lon="17.21361019648611545562744140625">
        <ele>112</ele>
        <time>2024-07-24T09:27:55.000Z</time>
        <extensions>
          <ns3:TrackPointExtension>
            <ns3:hr>127</ns3:hr>
          </ns3:TrackPointExtension>
        </extensions>
      </trkpt>
      <trkpt lat="46.77768171764910221099853515625" lon="17.2135336697101593017578125">
        <ele>112</ele>
        <time>2024-07-24T09:27:59.000Z</time>
        <extensions>
          <ns3:TrackPointExtension>
            <ns3:hr>124</ns3:hr>
          </ns3:TrackPointExtension>
        </extensions>
      </trkpt>
      <trkpt lat="46.77770267240703105926513671875" lon="17.21350089646875858306884765625">
        <ele>112.1999969482421875</ele>
        <time>2024-07-24T09:28:01.000Z</time>
        <extensions>
          <ns3:TrackPointExtension>
            <ns3:hr>123</ns3:hr>
          </ns3:TrackPointExtension>
        </extensions>
      </trkpt>
      <trkpt lat="46.7777614295482635498046875" lon="17.2132890857756137847900390625">
        <ele>112.40000152587890625</ele>
        <time>2024-07-24T09:28:10.000Z</time>
        <extensions>
          <ns3:TrackPointExtension>
            <ns3:hr>122</ns3:hr>
          </ns3:TrackPointExtension>
        </extensions>
      </trkpt>
      <trkpt lat="46.7777773551642894744873046875" lon="17.2132320888340473175048828125">
        <ele>112.1999969482421875</ele>
        <time>2024-07-24T09:28:13.000Z</time>
        <extensions>
          <ns3:TrackPointExtension>
            <ns3:hr>119</ns3:hr>
          </ns3:TrackPointExtension>
        </extensions>
      </trkpt>
      <trkpt lat="46.77778732962906360626220703125" lon="17.21320501528680324554443359375">
        <ele>112</ele>
        <time>2024-07-24T09:28:15.000Z</time>
        <extensions>
          <ns3:TrackPointExtension>
            <ns3:hr>124</ns3:hr>
          </ns3:TrackPointExtension>
        </extensions>
      </trkpt>
      <trkpt lat="46.77779101766645908355712890625" lon="17.21319043077528476715087890625">
        <ele>112</ele>
        <time>2024-07-24T09:28:16.000Z</time>
        <extensions>
          <ns3:TrackPointExtension>
            <ns3:hr>127</ns3:hr>
          </ns3:TrackPointExtension>
        </extensions>
      </trkpt>
      <trkpt lat="46.77780543453991413116455078125" lon="17.21316285431385040283203125">
        <ele>112</ele>
        <time>2024-07-24T09:28:18.000Z</time>
        <extensions>
          <ns3:TrackPointExtension>
            <ns3:hr>125</ns3:hr>
          </ns3:TrackPointExtension>
        </extensions>
      </trkpt>
      <trkpt lat="46.777812726795673370361328125" lon="17.21314919181168079376220703125">
        <ele>112</ele>
        <time>2024-07-24T09:28:19.000Z</time>
        <extensions>
          <ns3:TrackPointExtension>
            <ns3:hr>125</ns3:hr>
          </ns3:TrackPointExtension>
        </extensions>
      </trkpt>
      <trkpt lat="46.7778615094721317291259765625" lon="17.213017679750919342041015625">
        <ele>112</ele>
        <time>2024-07-24T09:28:25.000Z</time>
        <extensions>
          <ns3:TrackPointExtension>
            <ns3:hr>123</ns3:hr>
          </ns3:TrackPointExtension>
        </extensions>
      </trkpt>
      <trkpt lat="46.77791632711887359619140625" lon="17.21291868947446346282958984375">
        <ele>111.59999847412109375</ele>
        <time>2024-07-24T09:28:32.000Z</time>
        <extensions>
          <ns3:TrackPointExtension>
            <ns3:hr>126</ns3:hr>
          </ns3:TrackPointExtension>
        </extensions>
      </trkpt>
      <trkpt lat="46.77793032489717006683349609375" lon="17.21290544606745243072509765625">
        <ele>111.40000152587890625</ele>
        <time>2024-07-24T09:28:33.000Z</time>
        <extensions>
          <ns3:TrackPointExtension>
            <ns3:hr>126</ns3:hr>
          </ns3:TrackPointExtension>
        </extensions>
      </trkpt>
      <trkpt lat="46.77796821109950542449951171875" lon="17.2128069587051868438720703125">
        <ele>111</ele>
        <time>2024-07-24T09:28:37.000Z</time>
        <extensions>
          <ns3:TrackPointExtension>
            <ns3:hr>129</ns3:hr>
          </ns3:TrackPointExtension>
        </extensions>
      </trkpt>
      <trkpt lat="46.77800341509282588958740234375" lon="17.21273529343307018280029296875">
        <ele>111</ele>
        <time>2024-07-24T09:28:42.000Z</time>
        <extensions>
          <ns3:TrackPointExtension>
            <ns3:hr>130</ns3:hr>
          </ns3:TrackPointExtension>
        </extensions>
      </trkpt>
      <trkpt lat="46.7780093662440776824951171875" lon="17.2127224691212177276611328125">
        <ele>111</ele>
        <time>2024-07-24T09:28:43.000Z</time>
        <extensions>
          <ns3:TrackPointExtension>
            <ns3:hr>130</ns3:hr>
          </ns3:TrackPointExtension>
        </extensions>
      </trkpt>
      <trkpt lat="46.77804180420935153961181640625" lon="17.2126185335218906402587890625">
        <ele>111</ele>
        <time>2024-07-24T09:28:48.000Z</time>
        <extensions>
          <ns3:TrackPointExtension>
            <ns3:hr>128</ns3:hr>
          </ns3:TrackPointExtension>
        </extensions>
      </trkpt>
      <trkpt lat="46.7780955322086811065673828125" lon="17.21249339170753955841064453125">
        <ele>111</ele>
        <time>2024-07-24T09:28:56.000Z</time>
        <extensions>
          <ns3:TrackPointExtension>
            <ns3:hr>124</ns3:hr>
          </ns3:TrackPointExtension>
        </extensions>
      </trkpt>
      <trkpt lat="46.77810265682637691497802734375" lon="17.2124795615673065185546875">
        <ele>111</ele>
        <time>2024-07-24T09:28:57.000Z</time>
        <extensions>
          <ns3:TrackPointExtension>
            <ns3:hr>128</ns3:hr>
          </ns3:TrackPointExtension>
        </extensions>
      </trkpt>
      <trkpt lat="46.7781696282327175140380859375" lon="17.21231393516063690185546875">
        <ele>111</ele>
        <time>2024-07-24T09:29:07.000Z</time>
        <extensions>
          <ns3:TrackPointExtension>
            <ns3:hr>129</ns3:hr>
          </ns3:TrackPointExtension>
        </extensions>
      </trkpt>
      <trkpt lat="46.77821028046309947967529296875" lon="17.212216369807720184326171875">
        <ele>111</ele>
        <time>2024-07-24T09:29:12.000Z</time>
        <extensions>
          <ns3:TrackPointExtension>
            <ns3:hr>126</ns3:hr>
          </ns3:TrackPointExtension>
        </extensions>
      </trkpt>
      <trkpt lat="46.7782174050807952880859375" lon="17.21220069564878940582275390625">
        <ele>111</ele>
        <time>2024-07-24T09:29:13.000Z</time>
        <extensions>
          <ns3:TrackPointExtension>
            <ns3:hr>124</ns3:hr>
          </ns3:TrackPointExtension>
        </extensions>
      </trkpt>
      <trkpt lat="46.77823953330516815185546875" lon="17.21213950775563716888427734375">
        <ele>111</ele>
        <time>2024-07-24T09:29:16.000Z</time>
        <extensions>
          <ns3:TrackPointExtension>
            <ns3:hr>121</ns3:hr>
          </ns3:TrackPointExtension>
        </extensions>
      </trkpt>
      <trkpt lat="46.7782849632203578948974609375" lon="17.2120264358818531036376953125">
        <ele>111</ele>
        <time>2024-07-24T09:29:22.000Z</time>
        <extensions>
          <ns3:TrackPointExtension>
            <ns3:hr>123</ns3:hr>
          </ns3:TrackPointExtension>
        </extensions>
      </trkpt>
      <trkpt lat="46.77829896099865436553955078125" lon="17.2119670920073986053466796875">
        <ele>111</ele>
        <time>2024-07-24T09:29:26.000Z</time>
        <extensions>
          <ns3:TrackPointExtension>
            <ns3:hr>126</ns3:hr>
          </ns3:TrackPointExtension>
        </extensions>
      </trkpt>
      <trkpt lat="46.77830499596893787384033203125" lon="17.2119479812681674957275390625">
        <ele>111</ele>
        <time>2024-07-24T09:29:27.000Z</time>
        <extensions>
          <ns3:TrackPointExtension>
            <ns3:hr>126</ns3:hr>
          </ns3:TrackPointExtension>
        </extensions>
      </trkpt>
      <trkpt lat="46.7783178202807903289794921875" lon="17.2119124419987201690673828125">
        <ele>111</ele>
        <time>2024-07-24T09:29:29.000Z</time>
        <extensions>
          <ns3:TrackPointExtension>
            <ns3:hr>127</ns3:hr>
          </ns3:TrackPointExtension>
        </extensions>
      </trkpt>
      <trkpt lat="46.77836584858596324920654296875" lon="17.2118128649890422821044921875">
        <ele>110.8000030517578125</ele>
        <time>2024-07-24T09:29:35.000Z</time>
        <extensions>
          <ns3:TrackPointExtension>
            <ns3:hr>124</ns3:hr>
          </ns3:TrackPointExtension>
        </extensions>
      </trkpt>
      <trkpt lat="46.77837607450783252716064453125" lon="17.2117964364588260650634765625">
        <ele>110.8000030517578125</ele>
        <time>2024-07-24T09:29:36.000Z</time>
        <extensions>
          <ns3:TrackPointExtension>
            <ns3:hr>127</ns3:hr>
          </ns3:TrackPointExtension>
        </extensions>
      </trkpt>
      <trkpt lat="46.77841630764305591583251953125" lon="17.2116891480982303619384765625">
        <ele>110.40000152587890625</ele>
        <time>2024-07-24T09:29:43.000Z</time>
        <extensions>
          <ns3:TrackPointExtension>
            <ns3:hr>124</ns3:hr>
          </ns3:TrackPointExtension>
        </extensions>
      </trkpt>
      <trkpt lat="46.7784274555742740631103515625" lon="17.21165084280073642730712890625">
        <ele>110.1999969482421875</ele>
        <time>2024-07-24T09:29:45.000Z</time>
        <extensions>
          <ns3:TrackPointExtension>
            <ns3:hr>124</ns3:hr>
          </ns3:TrackPointExtension>
        </extensions>
      </trkpt>
      <trkpt lat="46.77847984246909618377685546875" lon="17.21148974262177944183349609375">
        <ele>109.8000030517578125</ele>
        <time>2024-07-24T09:29:53.000Z</time>
        <extensions>
          <ns3:TrackPointExtension>
            <ns3:hr>124</ns3:hr>
          </ns3:TrackPointExtension>
        </extensions>
      </trkpt>
      <trkpt lat="46.77848738618195056915283203125" lon="17.2114551253616809844970703125">
        <ele>109.8000030517578125</ele>
        <time>2024-07-24T09:29:54.000Z</time>
        <extensions>
          <ns3:TrackPointExtension>
            <ns3:hr>125</ns3:hr>
          </ns3:TrackPointExtension>
        </extensions>
      </trkpt>
      <trkpt lat="46.778558380901813507080078125" lon="17.211255133152008056640625">
        <ele>109.1999969482421875</ele>
        <time>2024-07-24T09:30:03.000Z</time>
        <extensions>
          <ns3:TrackPointExtension>
            <ns3:hr>126</ns3:hr>
          </ns3:TrackPointExtension>
        </extensions>
      </trkpt>
      <trkpt lat="46.778609342873096466064453125" lon="17.21114373765885829925537109375">
        <ele>109</ele>
        <time>2024-07-24T09:30:10.000Z</time>
        <extensions>
          <ns3:TrackPointExtension>
            <ns3:hr>126</ns3:hr>
          </ns3:TrackPointExtension>
        </extensions>
      </trkpt>
      <trkpt lat="46.77862040698528289794921875" lon="17.21111088059842586517333984375">
        <ele>109</ele>
        <time>2024-07-24T09:30:12.000Z</time>
        <extensions>
          <ns3:TrackPointExtension>
            <ns3:hr>126</ns3:hr>
          </ns3:TrackPointExtension>
        </extensions>
      </trkpt>
      <trkpt lat="46.7786735482513904571533203125" lon="17.2109706513583660125732421875">
        <ele>109.1999969482421875</ele>
        <time>2024-07-24T09:30:20.000Z</time>
        <extensions>
          <ns3:TrackPointExtension>
            <ns3:hr>125</ns3:hr>
          </ns3:TrackPointExtension>
        </extensions>
      </trkpt>
      <trkpt lat="46.77873381413519382476806640625" lon="17.21076739020645618438720703125">
        <ele>110</ele>
        <time>2024-07-24T09:30:30.000Z</time>
        <extensions>
          <ns3:TrackPointExtension>
            <ns3:hr>124</ns3:hr>
          </ns3:TrackPointExtension>
        </extensions>
      </trkpt>
      <trkpt lat="46.7787892185151576995849609375" lon="17.21064400859177112579345703125">
        <ele>110</ele>
        <time>2024-07-24T09:30:37.000Z</time>
        <extensions>
          <ns3:TrackPointExtension>
            <ns3:hr>123</ns3:hr>
          </ns3:TrackPointExtension>
        </extensions>
      </trkpt>
      <trkpt lat="46.77879483439028263092041015625" lon="17.21062959171831607818603515625">
        <ele>110</ele>
        <time>2024-07-24T09:30:38.000Z</time>
        <extensions>
          <ns3:TrackPointExtension>
            <ns3:hr>123</ns3:hr>
          </ns3:TrackPointExtension>
        </extensions>
      </trkpt>
      <trkpt lat="46.77882802672684192657470703125" lon="17.2105488739907741546630859375">
        <ele>110</ele>
        <time>2024-07-24T09:30:44.000Z</time>
        <extensions>
          <ns3:TrackPointExtension>
            <ns3:hr>124</ns3:hr>
          </ns3:TrackPointExtension>
        </extensions>
      </trkpt>
      <trkpt lat="46.77884043194353580474853515625" lon="17.21051626838743686676025390625">
        <ele>110</ele>
        <time>2024-07-24T09:30:46.000Z</time>
        <extensions>
          <ns3:TrackPointExtension>
            <ns3:hr>122</ns3:hr>
          </ns3:TrackPointExtension>
        </extensions>
      </trkpt>
      <trkpt lat="46.77885836921632289886474609375" lon="17.21047184430062770843505859375">
        <ele>110</ele>
        <time>2024-07-24T09:30:49.000Z</time>
        <extensions>
          <ns3:TrackPointExtension>
            <ns3:hr>125</ns3:hr>
          </ns3:TrackPointExtension>
        </extensions>
      </trkpt>
      <trkpt lat="46.778889633715152740478515625" lon="17.21040780656039714813232421875">
        <ele>110</ele>
        <time>2024-07-24T09:30:53.000Z</time>
        <extensions>
          <ns3:TrackPointExtension>
            <ns3:hr>126</ns3:hr>
          </ns3:TrackPointExtension>
        </extensions>
      </trkpt>
      <trkpt lat="46.7789115943014621734619140625" lon="17.21035969443619251251220703125">
        <ele>110</ele>
        <time>2024-07-24T09:30:56.000Z</time>
        <extensions>
          <ns3:TrackPointExtension>
            <ns3:hr>126</ns3:hr>
          </ns3:TrackPointExtension>
        </extensions>
      </trkpt>
      <trkpt lat="46.7789414338767528533935546875" lon="17.210300602018833160400390625">
        <ele>110</ele>
        <time>2024-07-24T09:31:00.000Z</time>
        <extensions>
          <ns3:TrackPointExtension>
            <ns3:hr>126</ns3:hr>
          </ns3:TrackPointExtension>
        </extensions>
      </trkpt>
      <trkpt lat="46.7789923958480358123779296875" lon="17.21018535085022449493408203125">
        <ele>110</ele>
        <time>2024-07-24T09:31:07.000Z</time>
        <extensions>
          <ns3:TrackPointExtension>
            <ns3:hr>125</ns3:hr>
          </ns3:TrackPointExtension>
        </extensions>
      </trkpt>
      <trkpt lat="46.77904629148542881011962890625" lon="17.21003539860248565673828125">
        <ele>110</ele>
        <time>2024-07-24T09:31:15.000Z</time>
        <extensions>
          <ns3:TrackPointExtension>
            <ns3:hr>127</ns3:hr>
          </ns3:TrackPointExtension>
        </extensions>
      </trkpt>
      <trkpt lat="46.7791224829852581024169921875" lon="17.20983632840216159820556640625">
        <ele>109.40000152587890625</ele>
        <time>2024-07-24T09:31:25.000Z</time>
        <extensions>
          <ns3:TrackPointExtension>
            <ns3:hr>124</ns3:hr>
          </ns3:TrackPointExtension>
        </extensions>
      </trkpt>
      <trkpt lat="46.77914075553417205810546875" lon="17.209805063903331756591796875">
        <ele>109.40000152587890625</ele>
        <time>2024-07-24T09:31:27.000Z</time>
        <extensions>
          <ns3:TrackPointExtension>
            <ns3:hr>123</ns3:hr>
          </ns3:TrackPointExtension>
        </extensions>
      </trkpt>
      <trkpt lat="46.77920890040695667266845703125" lon="17.20968268811702728271484375">
        <ele>109.1999969482421875</ele>
        <time>2024-07-24T09:31:35.000Z</time>
        <extensions>
          <ns3:TrackPointExtension>
            <ns3:hr>123</ns3:hr>
          </ns3:TrackPointExtension>
        </extensions>
      </trkpt>
      <trkpt lat="46.77924267947673797607421875" lon="17.20958210527896881103515625">
        <ele>109</ele>
        <time>2024-07-24T09:31:40.000Z</time>
        <extensions>
          <ns3:TrackPointExtension>
            <ns3:hr>126</ns3:hr>
          </ns3:TrackPointExtension>
        </extensions>
      </trkpt>
      <trkpt lat="46.77925935946404933929443359375" lon="17.20953910611569881439208984375">
        <ele>109</ele>
        <time>2024-07-24T09:31:42.000Z</time>
        <extensions>
          <ns3:TrackPointExtension>
            <ns3:hr>130</ns3:hr>
          </ns3:TrackPointExtension>
        </extensions>
      </trkpt>
      <trkpt lat="46.7792797274887561798095703125" lon="17.2094674408435821533203125">
        <ele>108.8000030517578125</ele>
        <time>2024-07-24T09:31:45.000Z</time>
        <extensions>
          <ns3:TrackPointExtension>
            <ns3:hr>131</ns3:hr>
          </ns3:TrackPointExtension>
        </extensions>
      </trkpt>
      <trkpt lat="46.7793176136910915374755859375" lon="17.209337018430233001708984375">
        <ele>108.8000030517578125</ele>
        <time>2024-07-24T09:31:51.000Z</time>
        <extensions>
          <ns3:TrackPointExtension>
            <ns3:hr>128</ns3:hr>
          </ns3:TrackPointExtension>
        </extensions>
      </trkpt>
      <trkpt lat="46.77934728562831878662109375" lon="17.20927792601287364959716796875">
        <ele>108.59999847412109375</ele>
        <time>2024-07-24T09:31:54.000Z</time>
        <extensions>
          <ns3:TrackPointExtension>
            <ns3:hr>127</ns3:hr>
          </ns3:TrackPointExtension>
        </extensions>
      </trkpt>
      <trkpt lat="46.7794131673872470855712890625" lon="17.20910240896046161651611328125">
        <ele>108.40000152587890625</ele>
        <time>2024-07-24T09:32:03.000Z</time>
        <extensions>
          <ns3:TrackPointExtension>
            <ns3:hr>127</ns3:hr>
          </ns3:TrackPointExtension>
        </extensions>
      </trkpt>
      <trkpt lat="46.7794624529778957366943359375" lon="17.208959497511386871337890625">
        <ele>108.40000152587890625</ele>
        <time>2024-07-24T09:32:11.000Z</time>
        <extensions>
          <ns3:TrackPointExtension>
            <ns3:hr>127</ns3:hr>
          </ns3:TrackPointExtension>
        </extensions>
      </trkpt>
      <trkpt lat="46.77948751486837863922119140625" lon="17.208907864987850189208984375">
        <ele>108.59999847412109375</ele>
        <time>2024-07-24T09:32:14.000Z</time>
        <extensions>
          <ns3:TrackPointExtension>
            <ns3:hr>130</ns3:hr>
          </ns3:TrackPointExtension>
        </extensions>
      </trkpt>
      <trkpt lat="46.77952657453715801239013671875" lon="17.20877937041223049163818359375">
        <ele>109</ele>
        <time>2024-07-24T09:32:21.000Z</time>
        <extensions>
          <ns3:TrackPointExtension>
            <ns3:hr>128</ns3:hr>
          </ns3:TrackPointExtension>
        </extensions>
      </trkpt>
      <trkpt lat="46.7795717529952526092529296875" lon="17.2086730040609836578369140625">
        <ele>109.40000152587890625</ele>
        <time>2024-07-24T09:32:26.000Z</time>
        <extensions>
          <ns3:TrackPointExtension>
            <ns3:hr>125</ns3:hr>
          </ns3:TrackPointExtension>
        </extensions>
      </trkpt>
      <trkpt lat="46.7795905284583568572998046875" lon="17.2086394764482975006103515625">
        <ele>109.40000152587890625</ele>
        <time>2024-07-24T09:32:29.000Z</time>
        <extensions>
          <ns3:TrackPointExtension>
            <ns3:hr>125</ns3:hr>
          </ns3:TrackPointExtension>
        </extensions>
      </trkpt>
      <trkpt lat="46.77964459173381328582763671875" lon="17.20848374068737030029296875">
        <ele>109.1999969482421875</ele>
        <time>2024-07-24T09:32:37.000Z</time>
        <extensions>
          <ns3:TrackPointExtension>
            <ns3:hr>127</ns3:hr>
          </ns3:TrackPointExtension>
        </extensions>
      </trkpt>
      <trkpt lat="46.77967778407037258148193359375" lon="17.2083531506359577178955078125">
        <ele>109</ele>
        <time>2024-07-24T09:32:44.000Z</time>
        <extensions>
          <ns3:TrackPointExtension>
            <ns3:hr>127</ns3:hr>
          </ns3:TrackPointExtension>
        </extensions>
      </trkpt>
      <trkpt lat="46.7797585017979145050048828125" lon="17.20822532661259174346923828125">
        <ele>109.1999969482421875</ele>
        <time>2024-07-24T09:32:53.000Z</time>
        <extensions>
          <ns3:TrackPointExtension>
            <ns3:hr>126</ns3:hr>
          </ns3:TrackPointExtension>
        </extensions>
      </trkpt>
      <trkpt lat="46.77980787120759487152099609375" lon="17.20811854116618633270263671875">
        <ele>109.40000152587890625</ele>
        <time>2024-07-24T09:33:00.000Z</time>
        <extensions>
          <ns3:TrackPointExtension>
            <ns3:hr>127</ns3:hr>
          </ns3:TrackPointExtension>
        </extensions>
      </trkpt>
      <trkpt lat="46.77982027642428874969482421875" lon="17.208009324967861175537109375">
        <ele>109.8000030517578125</ele>
        <time>2024-07-24T09:33:04.000Z</time>
        <extensions>
          <ns3:TrackPointExtension>
            <ns3:hr>124</ns3:hr>
          </ns3:TrackPointExtension>
        </extensions>
      </trkpt>
      <trkpt lat="46.77981608547270298004150390625" lon="17.20789742656052112579345703125">
        <ele>110</ele>
        <time>2024-07-24T09:33:08.000Z</time>
        <extensions>
          <ns3:TrackPointExtension>
            <ns3:hr>122</ns3:hr>
          </ns3:TrackPointExtension>
        </extensions>
      </trkpt>
      <trkpt lat="46.779868640005588531494140625" lon="17.207754515111446380615234375">
        <ele>109.8000030517578125</ele>
        <time>2024-07-24T09:33:16.000Z</time>
        <extensions>
          <ns3:TrackPointExtension>
            <ns3:hr>125</ns3:hr>
          </ns3:TrackPointExtension>
        </extensions>
      </trkpt>
      <trkpt lat="46.77993494085967540740966796875" lon="17.20763976685702800750732421875">
        <ele>109.40000152587890625</ele>
        <time>2024-07-24T09:33:24.000Z</time>
        <extensions>
          <ns3:TrackPointExtension>
            <ns3:hr>125</ns3:hr>
          </ns3:TrackPointExtension>
        </extensions>
      </trkpt>
      <trkpt lat="46.77998355589807033538818359375" lon="17.20755460672080516815185546875">
        <ele>109</ele>
        <time>2024-07-24T09:33:31.000Z</time>
        <extensions>
          <ns3:TrackPointExtension>
            <ns3:hr>123</ns3:hr>
          </ns3:TrackPointExtension>
        </extensions>
      </trkpt>
      <trkpt lat="46.7800002358853816986083984375" lon="17.2075277008116245269775390625">
        <ele>109</ele>
        <time>2024-07-24T09:33:33.000Z</time>
        <extensions>
          <ns3:TrackPointExtension>
            <ns3:hr>123</ns3:hr>
          </ns3:TrackPointExtension>
        </extensions>
      </trkpt>
      <trkpt lat="46.780024208128452301025390625" lon="17.20747196115553379058837890625">
        <ele>109</ele>
        <time>2024-07-24T09:33:37.000Z</time>
        <extensions>
          <ns3:TrackPointExtension>
            <ns3:hr>122</ns3:hr>
          </ns3:TrackPointExtension>
        </extensions>
      </trkpt>
      <trkpt lat="46.780044324696063995361328125" lon="17.2074445523321628570556640625">
        <ele>109</ele>
        <time>2024-07-24T09:33:40.000Z</time>
        <extensions>
          <ns3:TrackPointExtension>
            <ns3:hr>122</ns3:hr>
          </ns3:TrackPointExtension>
        </extensions>
      </trkpt>
      <trkpt lat="46.78011230193078517913818359375" lon="17.20730633474886417388916015625">
        <ele>109</ele>
        <time>2024-07-24T09:33:50.000Z</time>
        <extensions>
          <ns3:TrackPointExtension>
            <ns3:hr>124</ns3:hr>
          </ns3:TrackPointExtension>
        </extensions>
      </trkpt>
      <trkpt lat="46.78018136881291866302490234375" lon="17.2071649320423603057861328125">
        <ele>109.1999969482421875</ele>
        <time>2024-07-24T09:33:58.000Z</time>
        <extensions>
          <ns3:TrackPointExtension>
            <ns3:hr>125</ns3:hr>
          </ns3:TrackPointExtension>
        </extensions>
      </trkpt>
      <trkpt lat="46.78019779734313488006591796875" lon="17.2071231901645660400390625">
        <ele>109.40000152587890625</ele>
        <time>2024-07-24T09:34:01.000Z</time>
        <extensions>
          <ns3:TrackPointExtension>
            <ns3:hr>125</ns3:hr>
          </ns3:TrackPointExtension>
        </extensions>
      </trkpt>
      <trkpt lat="46.78021405823528766632080078125" lon="17.20707398839294910430908203125">
        <ele>109.40000152587890625</ele>
        <time>2024-07-24T09:34:04.000Z</time>
        <extensions>
          <ns3:TrackPointExtension>
            <ns3:hr>125</ns3:hr>
          </ns3:TrackPointExtension>
        </extensions>
      </trkpt>
      <trkpt lat="46.78022629581391811370849609375" lon="17.207010872662067413330078125">
        <ele>109.59999847412109375</ele>
        <time>2024-07-24T09:34:07.000Z</time>
        <extensions>
          <ns3:TrackPointExtension>
            <ns3:hr>124</ns3:hr>
          </ns3:TrackPointExtension>
        </extensions>
      </trkpt>
      <trkpt lat="46.78026460111141204833984375" lon="17.2069168277084827423095703125">
        <ele>109.59999847412109375</ele>
        <time>2024-07-24T09:34:11.000Z</time>
        <extensions>
          <ns3:TrackPointExtension>
            <ns3:hr>123</ns3:hr>
          </ns3:TrackPointExtension>
        </extensions>
      </trkpt>
      <trkpt lat="46.78033006377518177032470703125" lon="17.2067099623382091522216796875">
        <ele>110</ele>
        <time>2024-07-24T09:34:21.000Z</time>
        <extensions>
          <ns3:TrackPointExtension>
            <ns3:hr>117</ns3:hr>
          </ns3:TrackPointExtension>
        </extensions>
      </trkpt>
      <trkpt lat="46.78034246899187564849853515625" lon="17.2066992335021495819091796875">
        <ele>110</ele>
        <time>2024-07-24T09:34:22.000Z</time>
        <extensions>
          <ns3:TrackPointExtension>
            <ns3:hr>121</ns3:hr>
          </ns3:TrackPointExtension>
        </extensions>
      </trkpt>
      <trkpt lat="46.78034850396215915679931640625" lon="17.2066881693899631500244140625">
        <ele>110</ele>
        <time>2024-07-24T09:34:23.000Z</time>
        <extensions>
          <ns3:TrackPointExtension>
            <ns3:hr>121</ns3:hr>
          </ns3:TrackPointExtension>
        </extensions>
      </trkpt>
      <trkpt lat="46.7803685367107391357421875" lon="17.20664885826408863067626953125">
        <ele>110</ele>
        <time>2024-07-24T09:34:26.000Z</time>
        <extensions>
          <ns3:TrackPointExtension>
            <ns3:hr>121</ns3:hr>
          </ns3:TrackPointExtension>
        </extensions>
      </trkpt>
      <trkpt lat="46.7803873121738433837890625" lon="17.20659253187477588653564453125">
        <ele>110.1999969482421875</ele>
        <time>2024-07-24T09:34:30.000Z</time>
        <extensions>
          <ns3:TrackPointExtension>
            <ns3:hr>122</ns3:hr>
          </ns3:TrackPointExtension>
        </extensions>
      </trkpt>
      <trkpt lat="46.78041187115013599395751953125" lon="17.206463031470775604248046875">
        <ele>110.8000030517578125</ele>
        <time>2024-07-24T09:34:37.000Z</time>
        <extensions>
          <ns3:TrackPointExtension>
            <ns3:hr>118</ns3:hr>
          </ns3:TrackPointExtension>
        </extensions>
      </trkpt>
      <trkpt lat="46.780415475368499755859375" lon="17.20644660294055938720703125">
        <ele>111</ele>
        <time>2024-07-24T09:34:38.000Z</time>
        <extensions>
          <ns3:TrackPointExtension>
            <ns3:hr>121</ns3:hr>
          </ns3:TrackPointExtension>
        </extensions>
      </trkpt>
      <trkpt lat="46.780445314943790435791015625" lon="17.2063565813004970550537109375">
        <ele>111.40000152587890625</ele>
        <time>2024-07-24T09:34:43.000Z</time>
        <extensions>
          <ns3:TrackPointExtension>
            <ns3:hr>118</ns3:hr>
          </ns3:TrackPointExtension>
        </extensions>
      </trkpt>
      <trkpt lat="46.780472137033939361572265625" lon="17.20628793351352214813232421875">
        <ele>111.40000152587890625</ele>
        <time>2024-07-24T09:34:47.000Z</time>
        <extensions>
          <ns3:TrackPointExtension>
            <ns3:hr>116</ns3:hr>
          </ns3:TrackPointExtension>
        </extensions>
      </trkpt>
      <trkpt lat="46.78055654279887676239013671875" lon="17.20608525909483432769775390625">
        <ele>111.40000152587890625</ele>
        <time>2024-07-24T09:34:58.000Z</time>
        <extensions>
          <ns3:TrackPointExtension>
            <ns3:hr>114</ns3:hr>
          </ns3:TrackPointExtension>
        </extensions>
      </trkpt>
      <trkpt lat="46.78061169572174549102783203125" lon="17.2059757076203823089599609375">
        <ele>111.8000030517578125</ele>
        <time>2024-07-24T09:35:04.000Z</time>
        <extensions>
          <ns3:TrackPointExtension>
            <ns3:hr>117</ns3:hr>
          </ns3:TrackPointExtension>
        </extensions>
      </trkpt>
      <trkpt lat="46.78063667379319667816162109375" lon="17.20593472011387348175048828125">
        <ele>111.59999847412109375</ele>
        <time>2024-07-24T09:35:06.000Z</time>
        <extensions>
          <ns3:TrackPointExtension>
            <ns3:hr>119</ns3:hr>
          </ns3:TrackPointExtension>
        </extensions>
      </trkpt>
      <trkpt lat="46.78065620362758636474609375" lon="17.205840758979320526123046875">
        <ele>111.40000152587890625</ele>
        <time>2024-07-24T09:35:10.000Z</time>
        <extensions>
          <ns3:TrackPointExtension>
            <ns3:hr>122</ns3:hr>
          </ns3:TrackPointExtension>
        </extensions>
      </trkpt>
      <trkpt lat="46.78065695799887180328369140625" lon="17.20582164824008941650390625">
        <ele>111.40000152587890625</ele>
        <time>2024-07-24T09:35:11.000Z</time>
        <extensions>
          <ns3:TrackPointExtension>
            <ns3:hr>118</ns3:hr>
          </ns3:TrackPointExtension>
        </extensions>
      </trkpt>
      <trkpt lat="46.78066768683493137359619140625" lon="17.20578501932322978973388671875">
        <ele>111.1999969482421875</ele>
        <time>2024-07-24T09:35:13.000Z</time>
        <extensions>
          <ns3:TrackPointExtension>
            <ns3:hr>122</ns3:hr>
          </ns3:TrackPointExtension>
        </extensions>
      </trkpt>
      <trkpt lat="46.78068344481289386749267578125" lon="17.2057591192424297332763671875">
        <ele>111.1999969482421875</ele>
        <time>2024-07-24T09:35:15.000Z</time>
        <extensions>
          <ns3:TrackPointExtension>
            <ns3:hr>120</ns3:hr>
          </ns3:TrackPointExtension>
        </extensions>
      </trkpt>
      <trkpt lat="46.780690066516399383544921875" lon="17.20574378035962581634521484375">
        <ele>111.1999969482421875</ele>
        <time>2024-07-24T09:35:16.000Z</time>
        <extensions>
          <ns3:TrackPointExtension>
            <ns3:hr>123</ns3:hr>
          </ns3:TrackPointExtension>
        </extensions>
      </trkpt>
      <trkpt lat="46.78074027411639690399169921875" lon="17.20556759275496006011962890625">
        <ele>110.59999847412109375</ele>
        <time>2024-07-24T09:35:25.000Z</time>
        <extensions>
          <ns3:TrackPointExtension>
            <ns3:hr>123</ns3:hr>
          </ns3:TrackPointExtension>
        </extensions>
      </trkpt>
      <trkpt lat="46.78075955249369144439697265625" lon="17.20552836544811725616455078125">
        <ele>110.40000152587890625</ele>
        <time>2024-07-24T09:35:32.000Z</time>
        <extensions>
          <ns3:TrackPointExtension>
            <ns3:hr>124</ns3:hr>
          </ns3:TrackPointExtension>
        </extensions>
      </trkpt>
      <trkpt lat="46.7807629890739917755126953125" lon="17.20551428385078907012939453125">
        <ele>110.1999969482421875</ele>
        <time>2024-07-24T09:35:38.000Z</time>
        <extensions>
          <ns3:TrackPointExtension>
            <ns3:hr>124</ns3:hr>
          </ns3:TrackPointExtension>
        </extensions>
      </trkpt>
      <trkpt lat="46.7807606421411037445068359375" lon="17.20550606958568096160888671875">
        <ele>110.1999969482421875</ele>
        <time>2024-07-24T09:35:49.000Z</time>
        <extensions>
          <ns3:TrackPointExtension>
            <ns3:hr>123</ns3:hr>
          </ns3:TrackPointExtension>
        </extensions>
      </trkpt>
      <trkpt lat="46.78079341538250446319580078125" lon="17.20543381758034229278564453125">
        <ele>110</ele>
        <time>2024-07-24T09:35:54.000Z</time>
        <extensions>
          <ns3:TrackPointExtension>
            <ns3:hr>123</ns3:hr>
          </ns3:TrackPointExtension>
        </extensions>
      </trkpt>
      <trkpt lat="46.78085845895111560821533203125" lon="17.20531194470822811126708984375">
        <ele>110</ele>
        <time>2024-07-24T09:36:02.000Z</time>
        <extensions>
          <ns3:TrackPointExtension>
            <ns3:hr>124</ns3:hr>
          </ns3:TrackPointExtension>
        </extensions>
      </trkpt>
      <trkpt lat="46.78092936985194683074951171875" lon="17.20514464192092418670654296875">
        <ele>110</ele>
        <time>2024-07-24T09:36:12.000Z</time>
        <extensions>
          <ns3:TrackPointExtension>
            <ns3:hr>122</ns3:hr>
          </ns3:TrackPointExtension>
        </extensions>
      </trkpt>
      <trkpt lat="46.78097278811037540435791015625" lon="17.20501321367919445037841796875">
        <ele>109.8000030517578125</ele>
        <time>2024-07-24T09:36:19.000Z</time>
        <extensions>
          <ns3:TrackPointExtension>
            <ns3:hr>120</ns3:hr>
          </ns3:TrackPointExtension>
        </extensions>
      </trkpt>
      <trkpt lat="46.78102090023458003997802734375" lon="17.20491774380207061767578125">
        <ele>109.59999847412109375</ele>
        <time>2024-07-24T09:36:24.000Z</time>
        <extensions>
          <ns3:TrackPointExtension>
            <ns3:hr>119</ns3:hr>
          </ns3:TrackPointExtension>
        </extensions>
      </trkpt>
      <trkpt lat="46.7810452915728092193603515625" lon="17.20482445321977138519287109375">
        <ele>109.1999969482421875</ele>
        <time>2024-07-24T09:36:27.000Z</time>
        <extensions>
          <ns3:TrackPointExtension>
            <ns3:hr>118</ns3:hr>
          </ns3:TrackPointExtension>
        </extensions>
      </trkpt>
      <trkpt lat="46.78109399043023586273193359375" lon="17.20476343296468257904052734375">
        <ele>108.8000030517578125</ele>
        <time>2024-07-24T09:36:32.000Z</time>
        <extensions>
          <ns3:TrackPointExtension>
            <ns3:hr>120</ns3:hr>
          </ns3:TrackPointExtension>
        </extensions>
      </trkpt>
      <trkpt lat="46.78110337816178798675537109375" lon="17.20472672022879123687744140625">
        <ele>108.59999847412109375</ele>
        <time>2024-07-24T09:36:34.000Z</time>
        <extensions>
          <ns3:TrackPointExtension>
            <ns3:hr>121</ns3:hr>
          </ns3:TrackPointExtension>
        </extensions>
      </trkpt>
      <trkpt lat="46.78116071037948131561279296875" lon="17.2045082040131092071533203125">
        <ele>108</ele>
        <time>2024-07-24T09:36:45.000Z</time>
        <extensions>
          <ns3:TrackPointExtension>
            <ns3:hr>122</ns3:hr>
          </ns3:TrackPointExtension>
        </extensions>
      </trkpt>
      <trkpt lat="46.781194992363452911376953125" lon="17.20445229671895503997802734375">
        <ele>108</ele>
        <time>2024-07-24T09:36:49.000Z</time>
        <extensions>
          <ns3:TrackPointExtension>
            <ns3:hr>125</ns3:hr>
          </ns3:TrackPointExtension>
        </extensions>
      </trkpt>
      <trkpt lat="46.78119977004826068878173828125" lon="17.204433269798755645751953125">
        <ele>108</ele>
        <time>2024-07-24T09:36:50.000Z</time>
        <extensions>
          <ns3:TrackPointExtension>
            <ns3:hr>125</ns3:hr>
          </ns3:TrackPointExtension>
        </extensions>
      </trkpt>
      <trkpt lat="46.7812112532556056976318359375" lon="17.2044009156525135040283203125">
        <ele>108</ele>
        <time>2024-07-24T09:36:52.000Z</time>
        <extensions>
          <ns3:TrackPointExtension>
            <ns3:hr>126</ns3:hr>
          </ns3:TrackPointExtension>
        </extensions>
      </trkpt>
      <trkpt lat="46.78124486468732357025146484375" lon="17.20430351793766021728515625">
        <ele>108</ele>
        <time>2024-07-24T09:36:58.000Z</time>
        <extensions>
          <ns3:TrackPointExtension>
            <ns3:hr>127</ns3:hr>
          </ns3:TrackPointExtension>
        </extensions>
      </trkpt>
      <trkpt lat="46.7812454514205455780029296875" lon="17.20428214408457279205322265625">
        <ele>108</ele>
        <time>2024-07-24T09:36:59.000Z</time>
        <extensions>
          <ns3:TrackPointExtension>
            <ns3:hr>127</ns3:hr>
          </ns3:TrackPointExtension>
        </extensions>
      </trkpt>
      <trkpt lat="46.7813001014292240142822265625" lon="17.20416261814534664154052734375">
        <ele>108.1999969482421875</ele>
        <time>2024-07-24T09:37:06.000Z</time>
        <extensions>
          <ns3:TrackPointExtension>
            <ns3:hr>124</ns3:hr>
          </ns3:TrackPointExtension>
        </extensions>
      </trkpt>
      <trkpt lat="46.781317032873630523681640625" lon="17.2041095606982707977294921875">
        <ele>108.40000152587890625</ele>
        <time>2024-07-24T09:37:08.000Z</time>
        <extensions>
          <ns3:TrackPointExtension>
            <ns3:hr>123</ns3:hr>
          </ns3:TrackPointExtension>
        </extensions>
      </trkpt>
      <trkpt lat="46.7813829146325588226318359375" lon="17.2039861790835857391357421875">
        <ele>109</ele>
        <time>2024-07-24T09:37:16.000Z</time>
        <extensions>
          <ns3:TrackPointExtension>
            <ns3:hr>121</ns3:hr>
          </ns3:TrackPointExtension>
        </extensions>
      </trkpt>
      <trkpt lat="46.78143295459449291229248046875" lon="17.20387637615203857421875">
        <ele>109.59999847412109375</ele>
        <time>2024-07-24T09:37:23.000Z</time>
        <extensions>
          <ns3:TrackPointExtension>
            <ns3:hr>122</ns3:hr>
          </ns3:TrackPointExtension>
        </extensions>
      </trkpt>
      <trkpt lat="46.78146229125559329986572265625" lon="17.20381560735404491424560546875">
        <ele>110</ele>
        <time>2024-07-24T09:37:27.000Z</time>
        <extensions>
          <ns3:TrackPointExtension>
            <ns3:hr>125</ns3:hr>
          </ns3:TrackPointExtension>
        </extensions>
      </trkpt>
      <trkpt lat="46.78149062208831310272216796875" lon="17.20373698510229587554931640625">
        <ele>110.1999969482421875</ele>
        <time>2024-07-24T09:37:32.000Z</time>
        <extensions>
          <ns3:TrackPointExtension>
            <ns3:hr>125</ns3:hr>
          </ns3:TrackPointExtension>
        </extensions>
      </trkpt>
      <trkpt lat="46.7814975790679454803466796875" lon="17.20371720381081104278564453125">
        <ele>110.40000152587890625</ele>
        <time>2024-07-24T09:37:33.000Z</time>
        <extensions>
          <ns3:TrackPointExtension>
            <ns3:hr>125</ns3:hr>
          </ns3:TrackPointExtension>
        </extensions>
      </trkpt>
      <trkpt lat="46.78151124157011508941650390625" lon="17.20365920104086399078369140625">
        <ele>110.59999847412109375</ele>
        <time>2024-07-24T09:37:36.000Z</time>
        <extensions>
          <ns3:TrackPointExtension>
            <ns3:hr>125</ns3:hr>
          </ns3:TrackPointExtension>
        </extensions>
      </trkpt>
      <trkpt lat="46.78153554908931255340576171875" lon="17.2036068141460418701171875">
        <ele>110.8000030517578125</ele>
        <time>2024-07-24T09:37:39.000Z</time>
        <extensions>
          <ns3:TrackPointExtension>
            <ns3:hr>125</ns3:hr>
          </ns3:TrackPointExtension>
        </extensions>
      </trkpt>
      <trkpt lat="46.78159631788730621337890625" lon="17.20345820300281047821044921875">
        <ele>110.59999847412109375</ele>
        <time>2024-07-24T09:37:47.000Z</time>
        <extensions>
          <ns3:TrackPointExtension>
            <ns3:hr>124</ns3:hr>
          </ns3:TrackPointExtension>
        </extensions>
      </trkpt>
      <trkpt lat="46.7816561646759510040283203125" lon="17.2033173032104969024658203125">
        <ele>110.40000152587890625</ele>
        <time>2024-07-24T09:37:56.000Z</time>
        <extensions>
          <ns3:TrackPointExtension>
            <ns3:hr>122</ns3:hr>
          </ns3:TrackPointExtension>
        </extensions>
      </trkpt>
      <trkpt lat="46.78169463761150836944580078125" lon="17.203229628503322601318359375">
        <ele>110.1999969482421875</ele>
        <time>2024-07-24T09:38:02.000Z</time>
        <extensions>
          <ns3:TrackPointExtension>
            <ns3:hr>124</ns3:hr>
          </ns3:TrackPointExtension>
        </extensions>
      </trkpt>
      <trkpt lat="46.78172196261584758758544921875" lon="17.2031412832438945770263671875">
        <ele>110.40000152587890625</ele>
        <time>2024-07-24T09:38:06.000Z</time>
        <extensions>
          <ns3:TrackPointExtension>
            <ns3:hr>125</ns3:hr>
          </ns3:TrackPointExtension>
        </extensions>
      </trkpt>
      <trkpt lat="46.78178465925157070159912109375" lon="17.20297523774206638336181640625">
        <ele>110.59999847412109375</ele>
        <time>2024-07-24T09:38:15.000Z</time>
        <extensions>
          <ns3:TrackPointExtension>
            <ns3:hr>125</ns3:hr>
          </ns3:TrackPointExtension>
        </extensions>
      </trkpt>
      <trkpt lat="46.7817999981343746185302734375" lon="17.2029335796833038330078125">
        <ele>110.40000152587890625</ele>
        <time>2024-07-24T09:38:17.000Z</time>
        <extensions>
          <ns3:TrackPointExtension>
            <ns3:hr>126</ns3:hr>
          </ns3:TrackPointExtension>
        </extensions>
      </trkpt>
      <trkpt lat="46.78181332536041736602783203125" lon="17.2028197534382343292236328125">
        <ele>110.1999969482421875</ele>
        <time>2024-07-24T09:38:22.000Z</time>
        <extensions>
          <ns3:TrackPointExtension>
            <ns3:hr>126</ns3:hr>
          </ns3:TrackPointExtension>
        </extensions>
      </trkpt>
      <trkpt lat="46.78185406140983104705810546875" lon="17.20263778232038021087646484375">
        <ele>110.40000152587890625</ele>
        <time>2024-07-24T09:38:31.000Z</time>
        <extensions>
          <ns3:TrackPointExtension>
            <ns3:hr>126</ns3:hr>
          </ns3:TrackPointExtension>
        </extensions>
      </trkpt>
      <trkpt lat="46.78191441111266613006591796875" lon="17.20252915285527706146240234375">
        <ele>110.40000152587890625</ele>
        <time>2024-07-24T09:38:38.000Z</time>
        <extensions>
          <ns3:TrackPointExtension>
            <ns3:hr>127</ns3:hr>
          </ns3:TrackPointExtension>
        </extensions>
      </trkpt>
      <trkpt lat="46.78195246495306491851806640625" lon="17.20242060720920562744140625">
        <ele>110.40000152587890625</ele>
        <time>2024-07-24T09:38:43.000Z</time>
        <extensions>
          <ns3:TrackPointExtension>
            <ns3:hr>124</ns3:hr>
          </ns3:TrackPointExtension>
        </extensions>
      </trkpt>
      <trkpt lat="46.7819617688655853271484375" lon="17.20240007154643535614013671875">
        <ele>110.40000152587890625</ele>
        <time>2024-07-24T09:38:45.000Z</time>
        <extensions>
          <ns3:TrackPointExtension>
            <ns3:hr>123</ns3:hr>
          </ns3:TrackPointExtension>
        </extensions>
      </trkpt>
      <trkpt lat="46.78198800422251224517822265625" lon="17.20236905850470066070556640625">
        <ele>110.1999969482421875</ele>
        <time>2024-07-24T09:38:48.000Z</time>
        <extensions>
          <ns3:TrackPointExtension>
            <ns3:hr>120</ns3:hr>
          </ns3:TrackPointExtension>
        </extensions>
      </trkpt>
      <trkpt lat="46.782037876546382904052734375" lon="17.20224919728934764862060546875">
        <ele>110.59999847412109375</ele>
        <time>2024-07-24T09:38:55.000Z</time>
        <extensions>
          <ns3:TrackPointExtension>
            <ns3:hr>118</ns3:hr>
          </ns3:TrackPointExtension>
        </extensions>
      </trkpt>
      <trkpt lat="46.782098896801471710205078125" lon="17.20208591781556606292724609375">
        <ele>111</ele>
        <time>2024-07-24T09:39:04.000Z</time>
        <extensions>
          <ns3:TrackPointExtension>
            <ns3:hr>118</ns3:hr>
          </ns3:TrackPointExtension>
        </extensions>
      </trkpt>
      <trkpt lat="46.7821403034031391143798828125" lon="17.2020228020846843719482421875">
        <ele>111</ele>
        <time>2024-07-24T09:39:09.000Z</time>
        <extensions>
          <ns3:TrackPointExtension>
            <ns3:hr>121</ns3:hr>
          </ns3:TrackPointExtension>
        </extensions>
      </trkpt>
      <trkpt lat="46.78216628730297088623046875" lon="17.2019718401134014129638671875">
        <ele>111</ele>
        <time>2024-07-24T09:39:12.000Z</time>
        <extensions>
          <ns3:TrackPointExtension>
            <ns3:hr>122</ns3:hr>
          </ns3:TrackPointExtension>
        </extensions>
      </trkpt>
      <trkpt lat="46.7822200991213321685791015625" lon="17.2018467821180820465087890625">
        <ele>111.1999969482421875</ele>
        <time>2024-07-24T09:39:20.000Z</time>
        <extensions>
          <ns3:TrackPointExtension>
            <ns3:hr>120</ns3:hr>
          </ns3:TrackPointExtension>
        </extensions>
      </trkpt>
      <trkpt lat="46.78222806192934513092041015625" lon="17.20183798111975193023681640625">
        <ele>111.1999969482421875</ele>
        <time>2024-07-24T09:39:21.000Z</time>
        <extensions>
          <ns3:TrackPointExtension>
            <ns3:hr>121</ns3:hr>
          </ns3:TrackPointExtension>
        </extensions>
      </trkpt>
      <trkpt lat="46.7822918482124805450439453125" lon="17.2016809880733489990234375">
        <ele>111</ele>
        <time>2024-07-24T09:39:31.000Z</time>
        <extensions>
          <ns3:TrackPointExtension>
            <ns3:hr>123</ns3:hr>
          </ns3:TrackPointExtension>
        </extensions>
      </trkpt>
      <trkpt lat="46.782359741628170013427734375" lon="17.20147646963596343994140625">
        <ele>110.59999847412109375</ele>
        <time>2024-07-24T09:39:40.000Z</time>
        <extensions>
          <ns3:TrackPointExtension>
            <ns3:hr>124</ns3:hr>
          </ns3:TrackPointExtension>
        </extensions>
      </trkpt>
      <trkpt lat="46.7823827080428600311279296875" lon="17.2013510763645172119140625">
        <ele>110.59999847412109375</ele>
        <time>2024-07-24T09:39:45.000Z</time>
        <extensions>
          <ns3:TrackPointExtension>
            <ns3:hr>127</ns3:hr>
          </ns3:TrackPointExtension>
        </extensions>
      </trkpt>
      <trkpt lat="46.78241196088492870330810546875" lon="17.2013203985989093780517578125">
        <ele>110.59999847412109375</ele>
        <time>2024-07-24T09:39:47.000Z</time>
        <extensions>
          <ns3:TrackPointExtension>
            <ns3:hr>127</ns3:hr>
          </ns3:TrackPointExtension>
        </extensions>
      </trkpt>
      <trkpt lat="46.7824283055961132049560546875" lon="17.2012332268059253692626953125">
        <ele>110.8000030517578125</ele>
        <time>2024-07-24T09:39:51.000Z</time>
        <extensions>
          <ns3:TrackPointExtension>
            <ns3:hr>128</ns3:hr>
          </ns3:TrackPointExtension>
        </extensions>
      </trkpt>
      <trkpt lat="46.78245973773300647735595703125" lon="17.20115301199257373809814453125">
        <ele>110.8000030517578125</ele>
        <time>2024-07-24T09:39:55.000Z</time>
        <extensions>
          <ns3:TrackPointExtension>
            <ns3:hr>128</ns3:hr>
          </ns3:TrackPointExtension>
        </extensions>
      </trkpt>
      <trkpt lat="46.78252075798809528350830078125" lon="17.20103566534817218780517578125">
        <ele>110.40000152587890625</ele>
        <time>2024-07-24T09:40:03.000Z</time>
        <extensions>
          <ns3:TrackPointExtension>
            <ns3:hr>127</ns3:hr>
          </ns3:TrackPointExtension>
        </extensions>
      </trkpt>
      <trkpt lat="46.78255260922014713287353515625" lon="17.200961820781230926513671875">
        <ele>110.40000152587890625</ele>
        <time>2024-07-24T09:40:08.000Z</time>
        <extensions>
          <ns3:TrackPointExtension>
            <ns3:hr>124</ns3:hr>
          </ns3:TrackPointExtension>
        </extensions>
      </trkpt>
      <trkpt lat="46.7825557105243206024169921875" lon="17.2009448893368244171142578125">
        <ele>110.59999847412109375</ele>
        <time>2024-07-24T09:40:09.000Z</time>
        <extensions>
          <ns3:TrackPointExtension>
            <ns3:hr>123</ns3:hr>
          </ns3:TrackPointExtension>
        </extensions>
      </trkpt>
      <trkpt lat="46.78261547349393367767333984375" lon="17.2008226811885833740234375">
        <ele>111.40000152587890625</ele>
        <time>2024-07-24T09:40:17.000Z</time>
        <extensions>
          <ns3:TrackPointExtension>
            <ns3:hr>121</ns3:hr>
          </ns3:TrackPointExtension>
        </extensions>
      </trkpt>
      <trkpt lat="46.7826562933623790740966796875" lon="17.2006605751812458038330078125">
        <ele>111.8000030517578125</ele>
        <time>2024-07-24T09:40:25.000Z</time>
        <extensions>
          <ns3:TrackPointExtension>
            <ns3:hr>118</ns3:hr>
          </ns3:TrackPointExtension>
        </extensions>
      </trkpt>
      <trkpt lat="46.7826931737363338470458984375" lon="17.2006136365234851837158203125">
        <ele>111.59999847412109375</ele>
        <time>2024-07-24T09:40:28.000Z</time>
        <extensions>
          <ns3:TrackPointExtension>
            <ns3:hr>117</ns3:hr>
          </ns3:TrackPointExtension>
        </extensions>
      </trkpt>
      <trkpt lat="46.78272376768290996551513671875" lon="17.20055286772549152374267578125">
        <ele>111.59999847412109375</ele>
        <time>2024-07-24T09:40:32.000Z</time>
        <extensions>
          <ns3:TrackPointExtension>
            <ns3:hr>115</ns3:hr>
          </ns3:TrackPointExtension>
        </extensions>
      </trkpt>
      <trkpt lat="46.78272225894033908843994140625" lon="17.20052026212215423583984375">
        <ele>111.8000030517578125</ele>
        <time>2024-07-24T09:40:34.000Z</time>
        <extensions>
          <ns3:TrackPointExtension>
            <ns3:hr>114</ns3:hr>
          </ns3:TrackPointExtension>
        </extensions>
      </trkpt>
      <trkpt lat="46.78272812627255916595458984375" lon="17.20050727017223834991455078125">
        <ele>111.8000030517578125</ele>
        <time>2024-07-24T09:40:35.000Z</time>
        <extensions>
          <ns3:TrackPointExtension>
            <ns3:hr>114</ns3:hr>
          </ns3:TrackPointExtension>
        </extensions>
      </trkpt>
      <trkpt lat="46.78277489729225635528564453125" lon="17.20040132291615009307861328125">
        <ele>111.8000030517578125</ele>
        <time>2024-07-24T09:40:41.000Z</time>
        <extensions>
          <ns3:TrackPointExtension>
            <ns3:hr>114</ns3:hr>
          </ns3:TrackPointExtension>
        </extensions>
      </trkpt>
      <trkpt lat="46.7828128673136234283447265625" lon="17.20033007673919200897216796875">
        <ele>112.1999969482421875</ele>
        <time>2024-07-24T09:40:44.000Z</time>
        <extensions>
          <ns3:TrackPointExtension>
            <ns3:hr>117</ns3:hr>
          </ns3:TrackPointExtension>
        </extensions>
      </trkpt>
      <trkpt lat="46.7828390188515186309814453125" lon="17.2002612613141536712646484375">
        <ele>112.59999847412109375</ele>
        <time>2024-07-24T09:40:49.000Z</time>
        <extensions>
          <ns3:TrackPointExtension>
            <ns3:hr>118</ns3:hr>
          </ns3:TrackPointExtension>
        </extensions>
      </trkpt>
      <trkpt lat="46.78284664638340473175048828125" lon="17.2001965530216693878173828125">
        <ele>113</ele>
        <time>2024-07-24T09:40:53.000Z</time>
        <extensions>
          <ns3:TrackPointExtension>
            <ns3:hr>121</ns3:hr>
          </ns3:TrackPointExtension>
        </extensions>
      </trkpt>
      <trkpt lat="46.78287548013031482696533203125" lon="17.20014651305973529815673828125">
        <ele>112.8000030517578125</ele>
        <time>2024-07-24T09:40:57.000Z</time>
        <extensions>
          <ns3:TrackPointExtension>
            <ns3:hr>122</ns3:hr>
          </ns3:TrackPointExtension>
        </extensions>
      </trkpt>
      <trkpt lat="46.782926358282566070556640625" lon="17.20000284723937511444091796875">
        <ele>112.1999969482421875</ele>
        <time>2024-07-24T09:41:05.000Z</time>
        <extensions>
          <ns3:TrackPointExtension>
            <ns3:hr>122</ns3:hr>
          </ns3:TrackPointExtension>
        </extensions>
      </trkpt>
      <trkpt lat="46.78297354839742183685302734375" lon="17.19990176148712635040283203125">
        <ele>112.1999969482421875</ele>
        <time>2024-07-24T09:41:12.000Z</time>
        <extensions>
          <ns3:TrackPointExtension>
            <ns3:hr>123</ns3:hr>
          </ns3:TrackPointExtension>
        </extensions>
      </trkpt>
      <trkpt lat="46.7829848639667034149169921875" lon="17.19988524913787841796875">
        <ele>112</ele>
        <time>2024-07-24T09:41:13.000Z</time>
        <extensions>
          <ns3:TrackPointExtension>
            <ns3:hr>123</ns3:hr>
          </ns3:TrackPointExtension>
        </extensions>
      </trkpt>
      <trkpt lat="46.783021576702594757080078125" lon="17.19982347451150417327880859375">
        <ele>111.8000030517578125</ele>
        <time>2024-07-24T09:41:18.000Z</time>
        <extensions>
          <ns3:TrackPointExtension>
            <ns3:hr>123</ns3:hr>
          </ns3:TrackPointExtension>
        </extensions>
      </trkpt>
      <trkpt lat="46.7830710299313068389892578125" lon="17.1996523998677730560302734375">
        <ele>112.1999969482421875</ele>
        <time>2024-07-24T09:41:25.000Z</time>
        <extensions>
          <ns3:TrackPointExtension>
            <ns3:hr>124</ns3:hr>
          </ns3:TrackPointExtension>
        </extensions>
      </trkpt>
      <trkpt lat="46.783143617212772369384765625" lon="17.199473194777965545654296875">
        <ele>112.59999847412109375</ele>
        <time>2024-07-24T09:41:34.000Z</time>
        <extensions>
          <ns3:TrackPointExtension>
            <ns3:hr>126</ns3:hr>
          </ns3:TrackPointExtension>
        </extensions>
      </trkpt>
      <trkpt lat="46.78316297940909862518310546875" lon="17.19940178096294403076171875">
        <ele>112.8000030517578125</ele>
        <time>2024-07-24T09:41:38.000Z</time>
        <extensions>
          <ns3:TrackPointExtension>
            <ns3:hr>123</ns3:hr>
          </ns3:TrackPointExtension>
        </extensions>
      </trkpt>
      <trkpt lat="46.78318686783313751220703125" lon="17.19935593195259571075439453125">
        <ele>113</ele>
        <time>2024-07-24T09:41:41.000Z</time>
        <extensions>
          <ns3:TrackPointExtension>
            <ns3:hr>121</ns3:hr>
          </ns3:TrackPointExtension>
        </extensions>
      </trkpt>
      <trkpt lat="46.783239841461181640625" lon="17.1992306225001811981201171875">
        <ele>114</ele>
        <time>2024-07-24T09:41:49.000Z</time>
        <extensions>
          <ns3:TrackPointExtension>
            <ns3:hr>122</ns3:hr>
          </ns3:TrackPointExtension>
        </extensions>
      </trkpt>
      <trkpt lat="46.78327932022511959075927734375" lon="17.1990968473255634307861328125">
        <ele>115</ele>
        <time>2024-07-24T09:41:56.000Z</time>
        <extensions>
          <ns3:TrackPointExtension>
            <ns3:hr>121</ns3:hr>
          </ns3:TrackPointExtension>
        </extensions>
      </trkpt>
      <trkpt lat="46.783282756805419921875" lon="17.199076898396015167236328125">
        <ele>115</ele>
        <time>2024-07-24T09:41:57.000Z</time>
        <extensions>
          <ns3:TrackPointExtension>
            <ns3:hr>121</ns3:hr>
          </ns3:TrackPointExtension>
        </extensions>
      </trkpt>
      <trkpt lat="46.78332709707319736480712890625" lon="17.1989600546658039093017578125">
        <ele>115.1999969482421875</ele>
        <time>2024-07-24T09:42:03.000Z</time>
        <extensions>
          <ns3:TrackPointExtension>
            <ns3:hr>118</ns3:hr>
          </ns3:TrackPointExtension>
        </extensions>
      </trkpt>
      <trkpt lat="46.78333782590925693511962890625" lon="17.19892526976764202117919921875">
        <ele>115.40000152587890625</ele>
        <time>2024-07-24T09:42:05.000Z</time>
        <extensions>
          <ns3:TrackPointExtension>
            <ns3:hr>122</ns3:hr>
          </ns3:TrackPointExtension>
        </extensions>
      </trkpt>
      <trkpt lat="46.78335643373429775238037109375" lon="17.1988713741302490234375">
        <ele>115.59999847412109375</ele>
        <time>2024-07-24T09:42:08.000Z</time>
        <extensions>
          <ns3:TrackPointExtension>
            <ns3:hr>123</ns3:hr>
          </ns3:TrackPointExtension>
        </extensions>
      </trkpt>
      <trkpt lat="46.78337152116000652313232421875" lon="17.1988284587860107421875">
        <ele>115.8000030517578125</ele>
        <time>2024-07-24T09:42:11.000Z</time>
        <extensions>
          <ns3:TrackPointExtension>
            <ns3:hr>122</ns3:hr>
          </ns3:TrackPointExtension>
        </extensions>
      </trkpt>
      <trkpt lat="46.78342063911259174346923828125" lon="17.198660485446453094482421875">
        <ele>115.40000152587890625</ele>
        <time>2024-07-24T09:42:19.000Z</time>
        <extensions>
          <ns3:TrackPointExtension>
            <ns3:hr>123</ns3:hr>
          </ns3:TrackPointExtension>
        </extensions>
      </trkpt>
      <trkpt lat="46.783449389040470123291015625" lon="17.19857591204345226287841796875">
        <ele>115</ele>
        <time>2024-07-24T09:42:24.000Z</time>
        <extensions>
          <ns3:TrackPointExtension>
            <ns3:hr>122</ns3:hr>
          </ns3:TrackPointExtension>
        </extensions>
      </trkpt>
      <trkpt lat="46.78347260691225528717041015625" lon="17.1985540352761745452880859375">
        <ele>114.8000030517578125</ele>
        <time>2024-07-24T09:42:26.000Z</time>
        <extensions>
          <ns3:TrackPointExtension>
            <ns3:hr>123</ns3:hr>
          </ns3:TrackPointExtension>
        </extensions>
      </trkpt>
      <trkpt lat="46.78351719863712787628173828125" lon="17.198463343083858489990234375">
        <ele>114.1999969482421875</ele>
        <time>2024-07-24T09:42:34.000Z</time>
        <extensions>
          <ns3:TrackPointExtension>
            <ns3:hr>125</ns3:hr>
          </ns3:TrackPointExtension>
        </extensions>
      </trkpt>
      <trkpt lat="46.783534549176692962646484375" lon="17.19838581047952175140380859375">
        <ele>113.59999847412109375</ele>
        <time>2024-07-24T09:42:37.000Z</time>
        <extensions>
          <ns3:TrackPointExtension>
            <ns3:hr>126</ns3:hr>
          </ns3:TrackPointExtension>
        </extensions>
      </trkpt>
      <trkpt lat="46.78355575539171695709228515625" lon="17.19830811023712158203125">
        <ele>113.1999969482421875</ele>
        <time>2024-07-24T09:42:41.000Z</time>
        <extensions>
          <ns3:TrackPointExtension>
            <ns3:hr>124</ns3:hr>
          </ns3:TrackPointExtension>
        </extensions>
      </trkpt>
      <trkpt lat="46.78356246091425418853759765625" lon="17.19830500893294811248779296875">
        <ele>113.1999969482421875</ele>
        <time>2024-07-24T09:42:48.000Z</time>
        <extensions>
          <ns3:TrackPointExtension>
            <ns3:hr>123</ns3:hr>
          </ns3:TrackPointExtension>
        </extensions>
      </trkpt>
      <trkpt lat="46.7835752852261066436767578125" lon="17.1982811205089092254638671875">
        <ele>113.1999969482421875</ele>
        <time>2024-07-24T09:43:03.000Z</time>
        <extensions>
          <ns3:TrackPointExtension>
            <ns3:hr>122</ns3:hr>
          </ns3:TrackPointExtension>
        </extensions>
      </trkpt>
      <trkpt lat="46.78366019390523433685302734375" lon="17.1981349401175975799560546875">
        <ele>112.8000030517578125</ele>
        <time>2024-07-24T09:43:11.000Z</time>
        <extensions>
          <ns3:TrackPointExtension>
            <ns3:hr>123</ns3:hr>
          </ns3:TrackPointExtension>
        </extensions>
      </trkpt>
      <trkpt lat="46.7837093956768512725830078125" lon="17.1980098821222782135009765625">
        <ele>113</ele>
        <time>2024-07-24T09:43:18.000Z</time>
        <extensions>
          <ns3:TrackPointExtension>
            <ns3:hr>123</ns3:hr>
          </ns3:TrackPointExtension>
        </extensions>
      </trkpt>
      <trkpt lat="46.7837124131619930267333984375" lon="17.19799303449690341949462890625">
        <ele>113</ele>
        <time>2024-07-24T09:43:19.000Z</time>
        <extensions>
          <ns3:TrackPointExtension>
            <ns3:hr>123</ns3:hr>
          </ns3:TrackPointExtension>
        </extensions>
      </trkpt>
      <trkpt lat="46.78373135626316070556640625" lon="17.19792664982378482818603515625">
        <ele>113</ele>
        <time>2024-07-24T09:43:23.000Z</time>
        <extensions>
          <ns3:TrackPointExtension>
            <ns3:hr>120</ns3:hr>
          </ns3:TrackPointExtension>
        </extensions>
      </trkpt>
      <trkpt lat="46.78373831324279308319091796875" lon="17.1978687308728694915771484375">
        <ele>113.1999969482421875</ele>
        <time>2024-07-24T09:43:25.000Z</time>
        <extensions>
          <ns3:TrackPointExtension>
            <ns3:hr>119</ns3:hr>
          </ns3:TrackPointExtension>
        </extensions>
      </trkpt>
      <trkpt lat="46.783761195838451385498046875" lon="17.19781852327287197113037109375">
        <ele>113.1999969482421875</ele>
        <time>2024-07-24T09:43:32.000Z</time>
        <extensions>
          <ns3:TrackPointExtension>
            <ns3:hr>118</ns3:hr>
          </ns3:TrackPointExtension>
        </extensions>
      </trkpt>
      <trkpt lat="46.783762536942958831787109375" lon="17.19781097956001758575439453125">
        <ele>113.40000152587890625</ele>
        <time>2024-07-24T09:43:50.000Z</time>
        <extensions>
          <ns3:TrackPointExtension>
            <ns3:hr>116</ns3:hr>
          </ns3:TrackPointExtension>
        </extensions>
      </trkpt>
      <trkpt lat="46.7838098108768463134765625" lon="17.19765239395201206207275390625">
        <ele>113.8000030517578125</ele>
        <time>2024-07-24T09:43:56.000Z</time>
        <extensions>
          <ns3:TrackPointExtension>
            <ns3:hr>119</ns3:hr>
          </ns3:TrackPointExtension>
        </extensions>
      </trkpt>
      <trkpt lat="46.783829592168331146240234375" lon="17.197611741721630096435546875">
        <ele>113.8000030517578125</ele>
        <time>2024-07-24T09:43:58.000Z</time>
        <extensions>
          <ns3:TrackPointExtension>
            <ns3:hr>119</ns3:hr>
          </ns3:TrackPointExtension>
        </extensions>
      </trkpt>
      <trkpt lat="46.78385616280138492584228515625" lon="17.19755331985652446746826171875">
        <ele>114</ele>
        <time>2024-07-24T09:44:02.000Z</time>
        <extensions>
          <ns3:TrackPointExtension>
            <ns3:hr>119</ns3:hr>
          </ns3:TrackPointExtension>
        </extensions>
      </trkpt>
      <trkpt lat="46.78386873565614223480224609375" lon="17.1975307725369930267333984375">
        <ele>114</ele>
        <time>2024-07-24T09:44:04.000Z</time>
        <extensions>
          <ns3:TrackPointExtension>
            <ns3:hr>118</ns3:hr>
          </ns3:TrackPointExtension>
        </extensions>
      </trkpt>
      <trkpt lat="46.78392489440739154815673828125" lon="17.1974318660795688629150390625">
        <ele>114</ele>
        <time>2024-07-24T09:44:10.000Z</time>
        <extensions>
          <ns3:TrackPointExtension>
            <ns3:hr>119</ns3:hr>
          </ns3:TrackPointExtension>
        </extensions>
      </trkpt>
      <trkpt lat="46.78392849862575531005859375" lon="17.197408564388751983642578125">
        <ele>114.1999969482421875</ele>
        <time>2024-07-24T09:44:11.000Z</time>
        <extensions>
          <ns3:TrackPointExtension>
            <ns3:hr>120</ns3:hr>
          </ns3:TrackPointExtension>
        </extensions>
      </trkpt>
      <trkpt lat="46.78397350944578647613525390625" lon="17.1972823329269886016845703125">
        <ele>114.40000152587890625</ele>
        <time>2024-07-24T09:44:18.000Z</time>
        <extensions>
          <ns3:TrackPointExtension>
            <ns3:hr>122</ns3:hr>
          </ns3:TrackPointExtension>
        </extensions>
      </trkpt>
      <trkpt lat="46.78404777310788631439208984375" lon="17.19714847393333911895751953125">
        <ele>114.1999969482421875</ele>
        <time>2024-07-24T09:44:28.000Z</time>
        <extensions>
          <ns3:TrackPointExtension>
            <ns3:hr>122</ns3:hr>
          </ns3:TrackPointExtension>
        </extensions>
      </trkpt>
      <trkpt lat="46.7840815521776676177978515625" lon="17.1970382519066333770751953125">
        <ele>113.8000030517578125</ele>
        <time>2024-07-24T09:44:35.000Z</time>
        <extensions>
          <ns3:TrackPointExtension>
            <ns3:hr>122</ns3:hr>
          </ns3:TrackPointExtension>
        </extensions>
      </trkpt>
      <trkpt lat="46.7841579951345920562744140625" lon="17.1967988647520542144775390625">
        <ele>113.59999847412109375</ele>
        <time>2024-07-24T09:44:44.000Z</time>
        <extensions>
          <ns3:TrackPointExtension>
            <ns3:hr>121</ns3:hr>
          </ns3:TrackPointExtension>
        </extensions>
      </trkpt>
      <trkpt lat="46.7842009104788303375244140625" lon="17.19667003490030765533447265625">
        <ele>113.40000152587890625</ele>
        <time>2024-07-24T09:44:51.000Z</time>
        <extensions>
          <ns3:TrackPointExtension>
            <ns3:hr>118</ns3:hr>
          </ns3:TrackPointExtension>
        </extensions>
      </trkpt>
      <trkpt lat="46.78421574644744396209716796875" lon="17.196619324386119842529296875">
        <ele>113.1999969482421875</ele>
        <time>2024-07-24T09:44:53.000Z</time>
        <extensions>
          <ns3:TrackPointExtension>
            <ns3:hr>119</ns3:hr>
          </ns3:TrackPointExtension>
        </extensions>
      </trkpt>
      <trkpt lat="46.784243322908878326416015625" lon="17.1965262852609157562255859375">
        <ele>113.1999969482421875</ele>
        <time>2024-07-24T09:44:58.000Z</time>
        <extensions>
          <ns3:TrackPointExtension>
            <ns3:hr>122</ns3:hr>
          </ns3:TrackPointExtension>
        </extensions>
      </trkpt>
      <trkpt lat="46.784266792237758636474609375" lon="17.1964763291180133819580078125">
        <ele>113.1999969482421875</ele>
        <time>2024-07-24T09:45:01.000Z</time>
        <extensions>
          <ns3:TrackPointExtension>
            <ns3:hr>125</ns3:hr>
          </ns3:TrackPointExtension>
        </extensions>
      </trkpt>
      <trkpt lat="46.784309707581996917724609375" lon="17.1963755786418914794921875">
        <ele>113.1999969482421875</ele>
        <time>2024-07-24T09:45:06.000Z</time>
        <extensions>
          <ns3:TrackPointExtension>
            <ns3:hr>128</ns3:hr>
          </ns3:TrackPointExtension>
        </extensions>
      </trkpt>
      <trkpt lat="46.78431532345712184906005859375" lon="17.1963616646826267242431640625">
        <ele>113.1999969482421875</ele>
        <time>2024-07-24T09:45:07.000Z</time>
        <extensions>
          <ns3:TrackPointExtension>
            <ns3:hr>129</ns3:hr>
          </ns3:TrackPointExtension>
        </extensions>
      </trkpt>
      <trkpt lat="46.78439025767147541046142578125" lon="17.1962020732462406158447265625">
        <ele>113</ele>
        <time>2024-07-24T09:45:16.000Z</time>
        <extensions>
          <ns3:TrackPointExtension>
            <ns3:hr>127</ns3:hr>
          </ns3:TrackPointExtension>
        </extensions>
      </trkpt>
      <trkpt lat="46.7844406329095363616943359375" lon="17.19613485038280487060546875">
        <ele>113</ele>
        <time>2024-07-24T09:45:21.000Z</time>
        <extensions>
          <ns3:TrackPointExtension>
            <ns3:hr>124</ns3:hr>
          </ns3:TrackPointExtension>
        </extensions>
      </trkpt>
      <trkpt lat="46.7844600789248943328857421875" lon="17.19607206992805004119873046875">
        <ele>113</ele>
        <time>2024-07-24T09:45:25.000Z</time>
        <extensions>
          <ns3:TrackPointExtension>
            <ns3:hr>125</ns3:hr>
          </ns3:TrackPointExtension>
        </extensions>
      </trkpt>
      <trkpt lat="46.7844905890524387359619140625" lon="17.195932008326053619384765625">
        <ele>113.40000152587890625</ele>
        <time>2024-07-24T09:45:33.000Z</time>
        <extensions>
          <ns3:TrackPointExtension>
            <ns3:hr>122</ns3:hr>
          </ns3:TrackPointExtension>
        </extensions>
      </trkpt>
      <trkpt lat="46.7845123820006847381591796875" lon="17.19589118845760822296142578125">
        <ele>113.40000152587890625</ele>
        <time>2024-07-24T09:45:35.000Z</time>
        <extensions>
          <ns3:TrackPointExtension>
            <ns3:hr>119</ns3:hr>
          </ns3:TrackPointExtension>
        </extensions>
      </trkpt>
      <trkpt lat="46.7845608294010162353515625" lon="17.19580820761620998382568359375">
        <ele>113.59999847412109375</ele>
        <time>2024-07-24T09:45:41.000Z</time>
        <extensions>
          <ns3:TrackPointExtension>
            <ns3:hr>117</ns3:hr>
          </ns3:TrackPointExtension>
        </extensions>
      </trkpt>
      <trkpt lat="46.78457348607480525970458984375" lon="17.19574266113340854644775390625">
        <ele>113.8000030517578125</ele>
        <time>2024-07-24T09:45:46.000Z</time>
        <extensions>
          <ns3:TrackPointExtension>
            <ns3:hr>115</ns3:hr>
          </ns3:TrackPointExtension>
        </extensions>
      </trkpt>
      <trkpt lat="46.78458698093891143798828125" lon="17.1957077085971832275390625">
        <ele>113.8000030517578125</ele>
        <time>2024-07-24T09:45:48.000Z</time>
        <extensions>
          <ns3:TrackPointExtension>
            <ns3:hr>115</ns3:hr>
          </ns3:TrackPointExtension>
        </extensions>
      </trkpt>
      <trkpt lat="46.78465210832655429840087890625" lon="17.19553864561021327972412109375">
        <ele>113.8000030517578125</ele>
        <time>2024-07-24T09:45:57.000Z</time>
        <extensions>
          <ns3:TrackPointExtension>
            <ns3:hr>116</ns3:hr>
          </ns3:TrackPointExtension>
        </extensions>
      </trkpt>
      <trkpt lat="46.78469158709049224853515625" lon="17.19546874053776264190673828125">
        <ele>114</ele>
        <time>2024-07-24T09:46:03.000Z</time>
        <extensions>
          <ns3:TrackPointExtension>
            <ns3:hr>118</ns3:hr>
          </ns3:TrackPointExtension>
        </extensions>
      </trkpt>
      <trkpt lat="46.7847313173115253448486328125" lon="17.1953025273978710174560546875">
        <ele>113.40000152587890625</ele>
        <time>2024-07-24T09:46:10.000Z</time>
        <extensions>
          <ns3:TrackPointExtension>
            <ns3:hr>118</ns3:hr>
          </ns3:TrackPointExtension>
        </extensions>
      </trkpt>
      <trkpt lat="46.7847537808120250701904296875" lon="17.19521912746131420135498046875">
        <ele>113</ele>
        <time>2024-07-24T09:46:15.000Z</time>
        <extensions>
          <ns3:TrackPointExtension>
            <ns3:hr>121</ns3:hr>
          </ns3:TrackPointExtension>
        </extensions>
      </trkpt>
      <trkpt lat="46.78476744331419467926025390625" lon="17.19514871947467327117919921875">
        <ele>113</ele>
        <time>2024-07-24T09:46:19.000Z</time>
        <extensions>
          <ns3:TrackPointExtension>
            <ns3:hr>121</ns3:hr>
          </ns3:TrackPointExtension>
        </extensions>
      </trkpt>
      <trkpt lat="46.78476844914257526397705078125" lon="17.195100523531436920166015625">
        <ele>113</ele>
        <time>2024-07-24T09:46:22.000Z</time>
        <extensions>
          <ns3:TrackPointExtension>
            <ns3:hr>122</ns3:hr>
          </ns3:TrackPointExtension>
        </extensions>
      </trkpt>
      <trkpt lat="46.78477951325476169586181640625" lon="17.195077054202556610107421875">
        <ele>113</ele>
        <time>2024-07-24T09:46:24.000Z</time>
        <extensions>
          <ns3:TrackPointExtension>
            <ns3:hr>122</ns3:hr>
          </ns3:TrackPointExtension>
        </extensions>
      </trkpt>
      <trkpt lat="46.78482879884541034698486328125" lon="17.1949340589344501495361328125">
        <ele>113</ele>
        <time>2024-07-24T09:46:31.000Z</time>
        <extensions>
          <ns3:TrackPointExtension>
            <ns3:hr>120</ns3:hr>
          </ns3:TrackPointExtension>
        </extensions>
      </trkpt>
      <trkpt lat="46.78488395176827907562255859375" lon="17.1947794966399669647216796875">
        <ele>112.8000030517578125</ele>
        <time>2024-07-24T09:46:38.000Z</time>
        <extensions>
          <ns3:TrackPointExtension>
            <ns3:hr>123</ns3:hr>
          </ns3:TrackPointExtension>
        </extensions>
      </trkpt>
      <trkpt lat="46.78491555154323577880859375" lon="17.1947372518479824066162109375">
        <ele>112.59999847412109375</ele>
        <time>2024-07-24T09:46:41.000Z</time>
        <extensions>
          <ns3:TrackPointExtension>
            <ns3:hr>123</ns3:hr>
          </ns3:TrackPointExtension>
        </extensions>
      </trkpt>
      <trkpt lat="46.78502309136092662811279296875" lon="17.19465150497853755950927734375">
        <ele>113</ele>
        <time>2024-07-24T09:46:50.000Z</time>
        <extensions>
          <ns3:TrackPointExtension>
            <ns3:hr>123</ns3:hr>
          </ns3:TrackPointExtension>
        </extensions>
      </trkpt>
      <trkpt lat="46.78512987680733203887939453125" lon="17.19457120634615421295166015625">
        <ele>112.59999847412109375</ele>
        <time>2024-07-24T09:46:58.000Z</time>
        <extensions>
          <ns3:TrackPointExtension>
            <ns3:hr>126</ns3:hr>
          </ns3:TrackPointExtension>
        </extensions>
      </trkpt>
      <trkpt lat="46.7851836048066616058349609375" lon="17.1945116110146045684814453125">
        <ele>112.1999969482421875</ele>
        <time>2024-07-24T09:47:04.000Z</time>
        <extensions>
          <ns3:TrackPointExtension>
            <ns3:hr>125</ns3:hr>
          </ns3:TrackPointExtension>
        </extensions>
      </trkpt>
      <trkpt lat="46.78527857176959514617919921875" lon="17.194407843053340911865234375">
        <ele>112.1999969482421875</ele>
        <time>2024-07-24T09:47:13.000Z</time>
        <extensions>
          <ns3:TrackPointExtension>
            <ns3:hr>123</ns3:hr>
          </ns3:TrackPointExtension>
        </extensions>
      </trkpt>
      <trkpt lat="46.78536750376224517822265625" lon="17.19429544173181056976318359375">
        <ele>112</ele>
        <time>2024-07-24T09:47:22.000Z</time>
        <extensions>
          <ns3:TrackPointExtension>
            <ns3:hr>122</ns3:hr>
          </ns3:TrackPointExtension>
        </extensions>
      </trkpt>
      <trkpt lat="46.785484850406646728515625" lon="17.19410198740661144256591796875">
        <ele>112</ele>
        <time>2024-07-24T09:47:33.000Z</time>
        <extensions>
          <ns3:TrackPointExtension>
            <ns3:hr>124</ns3:hr>
          </ns3:TrackPointExtension>
        </extensions>
      </trkpt>
      <trkpt lat="46.785594485700130462646484375" lon="17.19395765103399753570556640625">
        <ele>111.8000030517578125</ele>
        <time>2024-07-24T09:47:44.000Z</time>
        <extensions>
          <ns3:TrackPointExtension>
            <ns3:hr>124</ns3:hr>
          </ns3:TrackPointExtension>
        </extensions>
      </trkpt>
      <trkpt lat="46.78560144267976284027099609375" lon="17.19394742511212825775146484375">
        <ele>111.8000030517578125</ele>
        <time>2024-07-24T09:47:45.000Z</time>
        <extensions>
          <ns3:TrackPointExtension>
            <ns3:hr>124</ns3:hr>
          </ns3:TrackPointExtension>
        </extensions>
      </trkpt>
      <trkpt lat="46.78563664667308330535888671875" lon="17.1938980557024478912353515625">
        <ele>112</ele>
        <time>2024-07-24T09:47:50.000Z</time>
        <extensions>
          <ns3:TrackPointExtension>
            <ns3:hr>124</ns3:hr>
          </ns3:TrackPointExtension>
        </extensions>
      </trkpt>
      <trkpt lat="46.7857270874083042144775390625" lon="17.193778194487094879150390625">
        <ele>112</ele>
        <time>2024-07-24T09:48:00.000Z</time>
        <extensions>
          <ns3:TrackPointExtension>
            <ns3:hr>123</ns3:hr>
          </ns3:TrackPointExtension>
        </extensions>
      </trkpt>
      <trkpt lat="46.78574762307107448577880859375" lon="17.193759419023990631103515625">
        <ele>112</ele>
        <time>2024-07-24T09:48:04.000Z</time>
        <extensions>
          <ns3:TrackPointExtension>
            <ns3:hr>122</ns3:hr>
          </ns3:TrackPointExtension>
        </extensions>
      </trkpt>
      <trkpt lat="46.78574712015688419342041015625" lon="17.19375908374786376953125">
        <ele>112</ele>
        <time>2024-07-24T09:48:05.000Z</time>
        <extensions>
          <ns3:TrackPointExtension>
            <ns3:hr>122</ns3:hr>
          </ns3:TrackPointExtension>
        </extensions>
      </trkpt>
      <trkpt lat="46.78575332276523113250732421875" lon="17.1937416493892669677734375">
        <ele>112</ele>
        <time>2024-07-24T09:48:11.000Z</time>
        <extensions>
          <ns3:TrackPointExtension>
            <ns3:hr>120</ns3:hr>
          </ns3:TrackPointExtension>
        </extensions>
      </trkpt>
      <trkpt lat="46.7857901193201541900634765625" lon="17.19368540681898593902587890625">
        <ele>112</ele>
        <time>2024-07-24T09:48:17.000Z</time>
        <extensions>
          <ns3:TrackPointExtension>
            <ns3:hr>120</ns3:hr>
          </ns3:TrackPointExtension>
        </extensions>
      </trkpt>
      <trkpt lat="46.785809062421321868896484375" lon="17.19364031217992305755615234375">
        <ele>112.1999969482421875</ele>
        <time>2024-07-24T09:48:24.000Z</time>
        <extensions>
          <ns3:TrackPointExtension>
            <ns3:hr>120</ns3:hr>
          </ns3:TrackPointExtension>
        </extensions>
      </trkpt>
      <trkpt lat="46.7857785522937774658203125" lon="17.1936077065765857696533203125">
        <ele>112.1999969482421875</ele>
        <time>2024-07-24T09:48:30.000Z</time>
        <extensions>
          <ns3:TrackPointExtension>
            <ns3:hr>119</ns3:hr>
          </ns3:TrackPointExtension>
        </extensions>
      </trkpt>
      <trkpt lat="46.7857793904840946197509765625" lon="17.19360527582466602325439453125">
        <ele>112.1999969482421875</ele>
        <time>2024-07-24T09:48:38.000Z</time>
        <extensions>
          <ns3:TrackPointExtension>
            <ns3:hr>116</ns3:hr>
          </ns3:TrackPointExtension>
        </extensions>
      </trkpt>
      <trkpt lat="46.785798333585262298583984375" lon="17.1936284936964511871337890625">
        <ele>112.1999969482421875</ele>
        <time>2024-07-24T09:48:40.000Z</time>
        <extensions>
          <ns3:TrackPointExtension>
            <ns3:hr>115</ns3:hr>
          </ns3:TrackPointExtension>
        </extensions>
      </trkpt>
      <trkpt lat="46.785912998020648956298828125" lon="17.19372094608843326568603515625">
        <ele>112.1999969482421875</ele>
        <time>2024-07-24T09:48:49.000Z</time>
        <extensions>
          <ns3:TrackPointExtension>
            <ns3:hr>114</ns3:hr>
          </ns3:TrackPointExtension>
        </extensions>
      </trkpt>
      <trkpt lat="46.78591744042932987213134765625" lon="17.1936826407909393310546875">
        <ele>112.40000152587890625</ele>
        <time>2024-07-24T09:48:55.000Z</time>
        <extensions>
          <ns3:TrackPointExtension>
            <ns3:hr>116</ns3:hr>
          </ns3:TrackPointExtension>
        </extensions>
      </trkpt>
      <trkpt lat="46.78593336604535579681396484375" lon="17.1937501989305019378662109375">
        <ele>112.1999969482421875</ele>
        <time>2024-07-24T09:49:00.000Z</time>
        <extensions>
          <ns3:TrackPointExtension>
            <ns3:hr>118</ns3:hr>
          </ns3:TrackPointExtension>
        </extensions>
      </trkpt>
      <trkpt lat="46.78601835854351520538330078125" lon="17.19382689334452152252197265625">
        <ele>111.59999847412109375</ele>
        <time>2024-07-24T09:49:07.000Z</time>
        <extensions>
          <ns3:TrackPointExtension>
            <ns3:hr>118</ns3:hr>
          </ns3:TrackPointExtension>
        </extensions>
      </trkpt>
      <trkpt lat="46.78614266216754913330078125" lon="17.1939111314713954925537109375">
        <ele>110.8000030517578125</ele>
        <time>2024-07-24T09:49:18.000Z</time>
        <extensions>
          <ns3:TrackPointExtension>
            <ns3:hr>118</ns3:hr>
          </ns3:TrackPointExtension>
        </extensions>
      </trkpt>
      <trkpt lat="46.7862008325755596160888671875" lon="17.19397366046905517578125">
        <ele>110.40000152587890625</ele>
        <time>2024-07-24T09:49:24.000Z</time>
        <extensions>
          <ns3:TrackPointExtension>
            <ns3:hr>115</ns3:hr>
          </ns3:TrackPointExtension>
        </extensions>
      </trkpt>
      <trkpt lat="46.78621508181095123291015625" lon="17.19399855472147464752197265625">
        <ele>110.1999969482421875</ele>
        <time>2024-07-24T09:49:26.000Z</time>
        <extensions>
          <ns3:TrackPointExtension>
            <ns3:hr>113</ns3:hr>
          </ns3:TrackPointExtension>
        </extensions>
      </trkpt>
      <trkpt lat="46.7862712405622005462646484375" lon="17.1940707229077816009521484375">
        <ele>110</ele>
        <time>2024-07-24T09:49:34.000Z</time>
        <extensions>
          <ns3:TrackPointExtension>
            <ns3:hr>112</ns3:hr>
          </ns3:TrackPointExtension>
        </extensions>
      </trkpt>
      <trkpt lat="46.78637341596186161041259765625" lon="17.1941495127975940704345703125">
        <ele>110</ele>
        <time>2024-07-24T09:49:42.000Z</time>
        <extensions>
          <ns3:TrackPointExtension>
            <ns3:hr>113</ns3:hr>
          </ns3:TrackPointExtension>
        </extensions>
      </trkpt>
      <trkpt lat="46.78648657165467739105224609375" lon="17.19424447976052761077880859375">
        <ele>110</ele>
        <time>2024-07-24T09:49:51.000Z</time>
        <extensions>
          <ns3:TrackPointExtension>
            <ns3:hr>114</ns3:hr>
          </ns3:TrackPointExtension>
        </extensions>
      </trkpt>
      <trkpt lat="46.78648858331143856048583984375" lon="17.19424816779792308807373046875">
        <ele>110</ele>
        <time>2024-07-24T09:49:52.000Z</time>
        <extensions>
          <ns3:TrackPointExtension>
            <ns3:hr>113</ns3:hr>
          </ns3:TrackPointExtension>
        </extensions>
      </trkpt>
      <trkpt lat="46.78649545647203922271728515625" lon="17.19425386749207973480224609375">
        <ele>110</ele>
        <time>2024-07-24T09:49:56.000Z</time>
        <extensions>
          <ns3:TrackPointExtension>
            <ns3:hr>112</ns3:hr>
          </ns3:TrackPointExtension>
        </extensions>
      </trkpt>
      <trkpt lat="46.78651657886803150177001953125" lon="17.19425252638757228851318359375">
        <ele>110.1999969482421875</ele>
        <time>2024-07-24T09:50:04.000Z</time>
        <extensions>
          <ns3:TrackPointExtension>
            <ns3:hr>115</ns3:hr>
          </ns3:TrackPointExtension>
        </extensions>
      </trkpt>
      <trkpt lat="46.7865944467484951019287109375" lon="17.19433064572513103485107421875">
        <ele>110.40000152587890625</ele>
        <time>2024-07-24T09:50:11.000Z</time>
        <extensions>
          <ns3:TrackPointExtension>
            <ns3:hr>116</ns3:hr>
          </ns3:TrackPointExtension>
        </extensions>
      </trkpt>
      <trkpt lat="46.78664297796785831451416015625" lon="17.19437439925968647003173828125">
        <ele>110.59999847412109375</ele>
        <time>2024-07-24T09:50:16.000Z</time>
        <extensions>
          <ns3:TrackPointExtension>
            <ns3:hr>119</ns3:hr>
          </ns3:TrackPointExtension>
        </extensions>
      </trkpt>
      <trkpt lat="46.7866636812686920166015625" lon="17.19439543783664703369140625">
        <ele>110.8000030517578125</ele>
        <time>2024-07-24T09:50:18.000Z</time>
        <extensions>
          <ns3:TrackPointExtension>
            <ns3:hr>120</ns3:hr>
          </ns3:TrackPointExtension>
        </extensions>
      </trkpt>
      <trkpt lat="46.786734759807586669921875" lon="17.1944505907595157623291015625">
        <ele>111.1999969482421875</ele>
        <time>2024-07-24T09:50:25.000Z</time>
        <extensions>
          <ns3:TrackPointExtension>
            <ns3:hr>122</ns3:hr>
          </ns3:TrackPointExtension>
        </extensions>
      </trkpt>
      <trkpt lat="46.786822937428951263427734375" lon="17.1945223398506641387939453125">
        <ele>111.59999847412109375</ele>
        <time>2024-07-24T09:50:33.000Z</time>
        <extensions>
          <ns3:TrackPointExtension>
            <ns3:hr>123</ns3:hr>
          </ns3:TrackPointExtension>
        </extensions>
      </trkpt>
      <trkpt lat="46.786906421184539794921875" lon="17.19457447528839111328125">
        <ele>111.8000030517578125</ele>
        <time>2024-07-24T09:50:40.000Z</time>
        <extensions>
          <ns3:TrackPointExtension>
            <ns3:hr>124</ns3:hr>
          </ns3:TrackPointExtension>
        </extensions>
      </trkpt>
      <trkpt lat="46.78695361129939556121826171875" lon="17.19458562321960926055908203125">
        <ele>111.8000030517578125</ele>
        <time>2024-07-24T09:50:43.000Z</time>
        <extensions>
          <ns3:TrackPointExtension>
            <ns3:hr>124</ns3:hr>
          </ns3:TrackPointExtension>
        </extensions>
      </trkpt>
      <trkpt lat="46.7870688624680042266845703125" lon="17.19460657797753810882568359375">
        <ele>111.59999847412109375</ele>
        <time>2024-07-24T09:50:52.000Z</time>
        <extensions>
          <ns3:TrackPointExtension>
            <ns3:hr>125</ns3:hr>
          </ns3:TrackPointExtension>
        </extensions>
      </trkpt>
      <trkpt lat="46.78717975504696369171142578125" lon="17.1945999562740325927734375">
        <ele>111.1999969482421875</ele>
        <time>2024-07-24T09:51:02.000Z</time>
        <extensions>
          <ns3:TrackPointExtension>
            <ns3:hr>123</ns3:hr>
          </ns3:TrackPointExtension>
        </extensions>
      </trkpt>
      <trkpt lat="46.78726072423160076141357421875" lon="17.19459467567503452301025390625">
        <ele>110.8000030517578125</ele>
        <time>2024-07-24T09:51:08.000Z</time>
        <extensions>
          <ns3:TrackPointExtension>
            <ns3:hr>120</ns3:hr>
          </ns3:TrackPointExtension>
        </extensions>
      </trkpt>
      <trkpt lat="46.78727723658084869384765625" lon="17.19459283165633678436279296875">
        <ele>110.8000030517578125</ele>
        <time>2024-07-24T09:51:10.000Z</time>
        <extensions>
          <ns3:TrackPointExtension>
            <ns3:hr>119</ns3:hr>
          </ns3:TrackPointExtension>
        </extensions>
      </trkpt>
      <trkpt lat="46.78735761903226375579833984375" lon="17.19458319246768951416015625">
        <ele>110.59999847412109375</ele>
        <time>2024-07-24T09:51:16.000Z</time>
        <extensions>
          <ns3:TrackPointExtension>
            <ns3:hr>118</ns3:hr>
          </ns3:TrackPointExtension>
        </extensions>
      </trkpt>
      <trkpt lat="46.7874380014836788177490234375" lon="17.19458210282027721405029296875">
        <ele>110.40000152587890625</ele>
        <time>2024-07-24T09:51:22.000Z</time>
        <extensions>
          <ns3:TrackPointExtension>
            <ns3:hr>118</ns3:hr>
          </ns3:TrackPointExtension>
        </extensions>
      </trkpt>
      <trkpt lat="46.7875637300312519073486328125" lon="17.194540612399578094482421875">
        <ele>109.40000152587890625</ele>
        <time>2024-07-24T09:51:31.000Z</time>
        <extensions>
          <ns3:TrackPointExtension>
            <ns3:hr>120</ns3:hr>
          </ns3:TrackPointExtension>
        </extensions>
      </trkpt>
      <trkpt lat="46.78766204975545406341552734375" lon="17.194497026503086090087890625">
        <ele>108.59999847412109375</ele>
        <time>2024-07-24T09:51:38.000Z</time>
        <extensions>
          <ns3:TrackPointExtension>
            <ns3:hr>122</ns3:hr>
          </ns3:TrackPointExtension>
        </extensions>
      </trkpt>
      <trkpt lat="46.78775156848132610321044921875" lon="17.19445436261594295501708984375">
        <ele>108.40000152587890625</ele>
        <time>2024-07-24T09:51:46.000Z</time>
        <extensions>
          <ns3:TrackPointExtension>
            <ns3:hr>118</ns3:hr>
          </ns3:TrackPointExtension>
        </extensions>
      </trkpt>
      <trkpt lat="46.7877608723938465118408203125" lon="17.19445335678756237030029296875">
        <ele>108.40000152587890625</ele>
        <time>2024-07-24T09:51:47.000Z</time>
        <extensions>
          <ns3:TrackPointExtension>
            <ns3:hr>121</ns3:hr>
          </ns3:TrackPointExtension>
        </extensions>
      </trkpt>
      <trkpt lat="46.78779758512973785400390625" lon="17.19442016445100307464599609375">
        <ele>108.1999969482421875</ele>
        <time>2024-07-24T09:51:52.000Z</time>
        <extensions>
          <ns3:TrackPointExtension>
            <ns3:hr>123</ns3:hr>
          </ns3:TrackPointExtension>
        </extensions>
      </trkpt>
      <trkpt lat="46.787795908749103546142578125" lon="17.1944143809378147125244140625">
        <ele>108.1999969482421875</ele>
        <time>2024-07-24T09:52:00.000Z</time>
        <extensions>
          <ns3:TrackPointExtension>
            <ns3:hr>124</ns3:hr>
          </ns3:TrackPointExtension>
        </extensions>
      </trkpt>
      <trkpt lat="46.78781770169734954833984375" lon="17.19440608285367488861083984375">
        <ele>108.1999969482421875</ele>
        <time>2024-07-24T09:52:05.000Z</time>
        <extensions>
          <ns3:TrackPointExtension>
            <ns3:hr>121</ns3:hr>
          </ns3:TrackPointExtension>
        </extensions>
      </trkpt>
      <trkpt lat="46.78787075914442539215087890625" lon="17.19437372870743274688720703125">
        <ele>108</ele>
        <time>2024-07-24T09:52:10.000Z</time>
        <extensions>
          <ns3:TrackPointExtension>
            <ns3:hr>118</ns3:hr>
          </ns3:TrackPointExtension>
        </extensions>
      </trkpt>
      <trkpt lat="46.78795449435710906982421875" lon="17.194327376782894134521484375">
        <ele>107.8000030517578125</ele>
        <time>2024-07-24T09:52:16.000Z</time>
        <extensions>
          <ns3:TrackPointExtension>
            <ns3:hr>115</ns3:hr>
          </ns3:TrackPointExtension>
        </extensions>
      </trkpt>
      <trkpt lat="46.7879717610776424407958984375" lon="17.19431455247104167938232421875">
        <ele>107.8000030517578125</ele>
        <time>2024-07-24T09:52:17.000Z</time>
        <extensions>
          <ns3:TrackPointExtension>
            <ns3:hr>115</ns3:hr>
          </ns3:TrackPointExtension>
        </extensions>
      </trkpt>
      <trkpt lat="46.78804376162588596343994140625" lon="17.19425923191010951995849609375">
        <ele>107.59999847412109375</ele>
        <time>2024-07-24T09:52:22.000Z</time>
        <extensions>
          <ns3:TrackPointExtension>
            <ns3:hr>112</ns3:hr>
          </ns3:TrackPointExtension>
        </extensions>
      </trkpt>
      <trkpt lat="46.78807745687663555145263671875" lon="17.19422352500259876251220703125">
        <ele>107.8000030517578125</ele>
        <time>2024-07-24T09:52:25.000Z</time>
        <extensions>
          <ns3:TrackPointExtension>
            <ns3:hr>112</ns3:hr>
          </ns3:TrackPointExtension>
        </extensions>
      </trkpt>
      <trkpt lat="46.78816974163055419921875" lon="17.19411958940327167510986328125">
        <ele>108</ele>
        <time>2024-07-24T09:52:33.000Z</time>
        <extensions>
          <ns3:TrackPointExtension>
            <ns3:hr>115</ns3:hr>
          </ns3:TrackPointExtension>
        </extensions>
      </trkpt>
      <trkpt lat="46.7881813086569309234619140625" lon="17.194105088710784912109375">
        <ele>108</ele>
        <time>2024-07-24T09:52:34.000Z</time>
        <extensions>
          <ns3:TrackPointExtension>
            <ns3:hr>116</ns3:hr>
          </ns3:TrackPointExtension>
        </extensions>
      </trkpt>
      <trkpt lat="46.7882292531430721282958984375" lon="17.19405890442430973052978515625">
        <ele>108.40000152587890625</ele>
        <time>2024-07-24T09:52:38.000Z</time>
        <extensions>
          <ns3:TrackPointExtension>
            <ns3:hr>119</ns3:hr>
          </ns3:TrackPointExtension>
        </extensions>
      </trkpt>
      <trkpt lat="46.7882976494729518890380859375" lon="17.193954885005950927734375">
        <ele>108.59999847412109375</ele>
        <time>2024-07-24T09:52:45.000Z</time>
        <extensions>
          <ns3:TrackPointExtension>
            <ns3:hr>121</ns3:hr>
          </ns3:TrackPointExtension>
        </extensions>
      </trkpt>
      <trkpt lat="46.78837082348763942718505859375" lon="17.19385941512882709503173828125">
        <ele>109.40000152587890625</ele>
        <time>2024-07-24T09:52:52.000Z</time>
        <extensions>
          <ns3:TrackPointExtension>
            <ns3:hr>124</ns3:hr>
          </ns3:TrackPointExtension>
        </extensions>
      </trkpt>
      <trkpt lat="46.7884250544011592864990234375" lon="17.193790264427661895751953125">
        <ele>110</ele>
        <time>2024-07-24T09:52:57.000Z</time>
        <extensions>
          <ns3:TrackPointExtension>
            <ns3:hr>125</ns3:hr>
          </ns3:TrackPointExtension>
        </extensions>
      </trkpt>
      <trkpt lat="46.7884830571711063385009765625" lon="17.1937029249966144561767578125">
        <ele>110.59999847412109375</ele>
        <time>2024-07-24T09:53:03.000Z</time>
        <extensions>
          <ns3:TrackPointExtension>
            <ns3:hr>128</ns3:hr>
          </ns3:TrackPointExtension>
        </extensions>
      </trkpt>
      <trkpt lat="46.788499318063259124755859375" lon="17.19368574209511280059814453125">
        <ele>110.8000030517578125</ele>
        <time>2024-07-24T09:53:05.000Z</time>
        <extensions>
          <ns3:TrackPointExtension>
            <ns3:hr>125</ns3:hr>
          </ns3:TrackPointExtension>
        </extensions>
      </trkpt>
      <trkpt lat="46.7885172553360462188720703125" lon="17.19364969991147518157958984375">
        <ele>111</ele>
        <time>2024-07-24T09:53:08.000Z</time>
        <extensions>
          <ns3:TrackPointExtension>
            <ns3:hr>123</ns3:hr>
          </ns3:TrackPointExtension>
        </extensions>
      </trkpt>
      <trkpt lat="46.78851348347961902618408203125" lon="17.193642742931842803955078125">
        <ele>111</ele>
        <time>2024-07-24T09:53:10.000Z</time>
        <extensions>
          <ns3:TrackPointExtension>
            <ns3:hr>122</ns3:hr>
          </ns3:TrackPointExtension>
        </extensions>
      </trkpt>
      <trkpt lat="46.78851599805057048797607421875" lon="17.1936512924730777740478515625">
        <ele>111</ele>
        <time>2024-07-24T09:53:20.000Z</time>
        <extensions>
          <ns3:TrackPointExtension>
            <ns3:hr>121</ns3:hr>
          </ns3:TrackPointExtension>
        </extensions>
      </trkpt>
      <trkpt lat="46.78853921592235565185546875" lon="17.19362405128777027130126953125">
        <ele>111</ele>
        <time>2024-07-24T09:53:26.000Z</time>
        <extensions>
          <ns3:TrackPointExtension>
            <ns3:hr>120</ns3:hr>
          </ns3:TrackPointExtension>
        </extensions>
      </trkpt>
      <trkpt lat="46.7885385453701019287109375" lon="17.19362405128777027130126953125">
        <ele>111</ele>
        <time>2024-07-24T09:53:36.000Z</time>
        <extensions>
          <ns3:TrackPointExtension>
            <ns3:hr>117</ns3:hr>
          </ns3:TrackPointExtension>
        </extensions>
      </trkpt>
      <trkpt lat="46.788558661937713623046875" lon="17.19360996969044208526611328125">
        <ele>111.1999969482421875</ele>
        <time>2024-07-24T09:53:39.000Z</time>
        <extensions>
          <ns3:TrackPointExtension>
            <ns3:hr>114</ns3:hr>
          </ns3:TrackPointExtension>
        </extensions>
      </trkpt>
      <trkpt lat="46.78858892060816287994384765625" lon="17.1935835666954517364501953125">
        <ele>111.40000152587890625</ele>
        <time>2024-07-24T09:53:41.000Z</time>
        <extensions>
          <ns3:TrackPointExtension>
            <ns3:hr>114</ns3:hr>
          </ns3:TrackPointExtension>
        </extensions>
      </trkpt>
      <trkpt lat="46.78867307491600513458251953125" lon="17.19342540018260478973388671875">
        <ele>112.1999969482421875</ele>
        <time>2024-07-24T09:53:48.000Z</time>
        <extensions>
          <ns3:TrackPointExtension>
            <ns3:hr>114</ns3:hr>
          </ns3:TrackPointExtension>
        </extensions>
      </trkpt>
      <trkpt lat="46.78870148956775665283203125" lon="17.1933699958026409149169921875">
        <ele>112.59999847412109375</ele>
        <time>2024-07-24T09:53:51.000Z</time>
        <extensions>
          <ns3:TrackPointExtension>
            <ns3:hr>115</ns3:hr>
          </ns3:TrackPointExtension>
        </extensions>
      </trkpt>
      <trkpt lat="46.78872085176408290863037109375" lon="17.19333730638027191162109375">
        <ele>112.59999847412109375</ele>
        <time>2024-07-24T09:53:53.000Z</time>
        <extensions>
          <ns3:TrackPointExtension>
            <ns3:hr>116</ns3:hr>
          </ns3:TrackPointExtension>
        </extensions>
      </trkpt>
      <trkpt lat="46.7887556366622447967529296875" lon="17.193308807909488677978515625">
        <ele>112.8000030517578125</ele>
        <time>2024-07-24T09:53:55.000Z</time>
        <extensions>
          <ns3:TrackPointExtension>
            <ns3:hr>117</ns3:hr>
          </ns3:TrackPointExtension>
        </extensions>
      </trkpt>
      <trkpt lat="46.78881221450865268707275390625" lon="17.19321451149880886077880859375">
        <ele>113.1999969482421875</ele>
        <time>2024-07-24T09:54:01.000Z</time>
        <extensions>
          <ns3:TrackPointExtension>
            <ns3:hr>120</ns3:hr>
          </ns3:TrackPointExtension>
        </extensions>
      </trkpt>
      <trkpt lat="46.7888475023210048675537109375" lon="17.1931433491408824920654296875">
        <ele>113.40000152587890625</ele>
        <time>2024-07-24T09:54:05.000Z</time>
        <extensions>
          <ns3:TrackPointExtension>
            <ns3:hr>121</ns3:hr>
          </ns3:TrackPointExtension>
        </extensions>
      </trkpt>
      <trkpt lat="46.7888998053967952728271484375" lon="17.19301016069948673248291015625">
        <ele>113.8000030517578125</ele>
        <time>2024-07-24T09:54:12.000Z</time>
        <extensions>
          <ns3:TrackPointExtension>
            <ns3:hr>121</ns3:hr>
          </ns3:TrackPointExtension>
        </extensions>
      </trkpt>
      <trkpt lat="46.78891363553702831268310546875" lon="17.19290706329047679901123046875">
        <ele>114.1999969482421875</ele>
        <time>2024-07-24T09:54:19.000Z</time>
        <extensions>
          <ns3:TrackPointExtension>
            <ns3:hr>121</ns3:hr>
          </ns3:TrackPointExtension>
        </extensions>
      </trkpt>
      <trkpt lat="46.78892302326858043670654296875" lon="17.19275501556694507598876953125">
        <ele>114.8000030517578125</ele>
        <time>2024-07-24T09:54:27.000Z</time>
        <extensions>
          <ns3:TrackPointExtension>
            <ns3:hr>121</ns3:hr>
          </ns3:TrackPointExtension>
        </extensions>
      </trkpt>
      <trkpt lat="46.78891832940280437469482421875" lon="17.19272903166711330413818359375">
        <ele>114.8000030517578125</ele>
        <time>2024-07-24T09:54:28.000Z</time>
        <extensions>
          <ns3:TrackPointExtension>
            <ns3:hr>121</ns3:hr>
          </ns3:TrackPointExtension>
        </extensions>
      </trkpt>
      <trkpt lat="46.7889101989567279815673828125" lon="17.19260062091052532196044921875">
        <ele>115.59999847412109375</ele>
        <time>2024-07-24T09:54:34.000Z</time>
        <extensions>
          <ns3:TrackPointExtension>
            <ns3:hr>119</ns3:hr>
          </ns3:TrackPointExtension>
        </extensions>
      </trkpt>
      <trkpt lat="46.7889086902141571044921875" lon="17.19256960786879062652587890625">
        <ele>115.8000030517578125</ele>
        <time>2024-07-24T09:54:36.000Z</time>
        <extensions>
          <ns3:TrackPointExtension>
            <ns3:hr>119</ns3:hr>
          </ns3:TrackPointExtension>
        </extensions>
      </trkpt>
      <trkpt lat="46.7889125458896160125732421875" lon="17.19257011078298091888427734375">
        <ele>115.8000030517578125</ele>
        <time>2024-07-24T09:54:42.000Z</time>
        <extensions>
          <ns3:TrackPointExtension>
            <ns3:hr>119</ns3:hr>
          </ns3:TrackPointExtension>
        </extensions>
      </trkpt>
      <trkpt lat="46.78891430608928203582763671875" lon="17.19256483018398284912109375">
        <ele>116</ele>
        <time>2024-07-24T09:54:49.000Z</time>
        <extensions>
          <ns3:TrackPointExtension>
            <ns3:hr>119</ns3:hr>
          </ns3:TrackPointExtension>
        </extensions>
      </trkpt>
      <trkpt lat="46.788914389908313751220703125" lon="17.1925663389265537261962890625">
        <ele>116</ele>
        <time>2024-07-24T09:54:56.000Z</time>
        <extensions>
          <ns3:TrackPointExtension>
            <ns3:hr>116</ns3:hr>
          </ns3:TrackPointExtension>
        </extensions>
      </trkpt>
      <trkpt lat="46.7888947762548923492431640625" lon="17.1925240941345691680908203125">
        <ele>116.1999969482421875</ele>
        <time>2024-07-24T09:54:59.000Z</time>
        <extensions>
          <ns3:TrackPointExtension>
            <ns3:hr>116</ns3:hr>
          </ns3:TrackPointExtension>
        </extensions>
      </trkpt>
      <trkpt lat="46.78884104825556278228759765625" lon="17.1923629939556121826171875">
        <ele>117.1999969482421875</ele>
        <time>2024-07-24T09:55:07.000Z</time>
        <extensions>
          <ns3:TrackPointExtension>
            <ns3:hr>119</ns3:hr>
          </ns3:TrackPointExtension>
        </extensions>
      </trkpt>
      <trkpt lat="46.78883266635239124298095703125" lon="17.1923185698688030242919921875">
        <ele>117.40000152587890625</ele>
        <time>2024-07-24T09:55:10.000Z</time>
        <extensions>
          <ns3:TrackPointExtension>
            <ns3:hr>120</ns3:hr>
          </ns3:TrackPointExtension>
        </extensions>
      </trkpt>
      <trkpt lat="46.7888129688799381256103515625" lon="17.19226517714560031890869140625">
        <ele>117.59999847412109375</ele>
        <time>2024-07-24T09:55:13.000Z</time>
        <extensions>
          <ns3:TrackPointExtension>
            <ns3:hr>120</ns3:hr>
          </ns3:TrackPointExtension>
        </extensions>
      </trkpt>
      <trkpt lat="46.78877734579145908355712890625" lon="17.1921475790441036224365234375">
        <ele>117.59999847412109375</ele>
        <time>2024-07-24T09:55:21.000Z</time>
        <extensions>
          <ns3:TrackPointExtension>
            <ns3:hr>120</ns3:hr>
          </ns3:TrackPointExtension>
        </extensions>
      </trkpt>
      <trkpt lat="46.7887405492365360260009765625" lon="17.19203509390354156494140625">
        <ele>117.40000152587890625</ele>
        <time>2024-07-24T09:55:29.000Z</time>
        <extensions>
          <ns3:TrackPointExtension>
            <ns3:hr>122</ns3:hr>
          </ns3:TrackPointExtension>
        </extensions>
      </trkpt>
      <trkpt lat="46.78870056755840778350830078125" lon="17.1919115446507930755615234375">
        <ele>117.1999969482421875</ele>
        <time>2024-07-24T09:55:37.000Z</time>
        <extensions>
          <ns3:TrackPointExtension>
            <ns3:hr>120</ns3:hr>
          </ns3:TrackPointExtension>
        </extensions>
      </trkpt>
      <trkpt lat="46.7886902578175067901611328125" lon="17.19190500676631927490234375">
        <ele>117.1999969482421875</ele>
        <time>2024-07-24T09:55:43.000Z</time>
        <extensions>
          <ns3:TrackPointExtension>
            <ns3:hr>119</ns3:hr>
          </ns3:TrackPointExtension>
        </extensions>
      </trkpt>
      <trkpt lat="46.7886914312839508056640625" lon="17.1919311583042144775390625">
        <ele>117.1999969482421875</ele>
        <time>2024-07-24T09:55:49.000Z</time>
        <extensions>
          <ns3:TrackPointExtension>
            <ns3:hr>116</ns3:hr>
          </ns3:TrackPointExtension>
        </extensions>
      </trkpt>
      <trkpt lat="46.78868313319981098175048828125" lon="17.19182814471423625946044921875">
        <ele>117</ele>
        <time>2024-07-24T09:55:58.000Z</time>
        <extensions>
          <ns3:TrackPointExtension>
            <ns3:hr>116</ns3:hr>
          </ns3:TrackPointExtension>
        </extensions>
      </trkpt>
      <trkpt lat="46.7886684648692607879638671875" lon="17.19168699346482753753662109375">
        <ele>116.40000152587890625</ele>
        <time>2024-07-24T09:56:03.000Z</time>
        <extensions>
          <ns3:TrackPointExtension>
            <ns3:hr>119</ns3:hr>
          </ns3:TrackPointExtension>
        </extensions>
      </trkpt>
      <trkpt lat="46.7886553891003131866455078125" lon="17.1916441619396209716796875">
        <ele>116.40000152587890625</ele>
        <time>2024-07-24T09:56:05.000Z</time>
        <extensions>
          <ns3:TrackPointExtension>
            <ns3:hr>119</ns3:hr>
          </ns3:TrackPointExtension>
        </extensions>
      </trkpt>
      <trkpt lat="46.7886124737560749053955078125" lon="17.19146311283111572265625">
        <ele>116.1999969482421875</ele>
        <time>2024-07-24T09:56:15.000Z</time>
        <extensions>
          <ns3:TrackPointExtension>
            <ns3:hr>119</ns3:hr>
          </ns3:TrackPointExtension>
        </extensions>
      </trkpt>
      <trkpt lat="46.78858707658946514129638671875" lon="17.19132296741008758544921875">
        <ele>115.8000030517578125</ele>
        <time>2024-07-24T09:56:23.000Z</time>
        <extensions>
          <ns3:TrackPointExtension>
            <ns3:hr>120</ns3:hr>
          </ns3:TrackPointExtension>
        </extensions>
      </trkpt>
      <trkpt lat="46.78853276185691356658935546875" lon="17.1911372244358062744140625">
        <ele>116.1999969482421875</ele>
        <time>2024-07-24T09:56:32.000Z</time>
        <extensions>
          <ns3:TrackPointExtension>
            <ns3:hr>117</ns3:hr>
          </ns3:TrackPointExtension>
        </extensions>
      </trkpt>
      <trkpt lat="46.7885014973580837249755859375" lon="17.19107880257070064544677734375">
        <ele>116.40000152587890625</ele>
        <time>2024-07-24T09:56:40.000Z</time>
        <extensions>
          <ns3:TrackPointExtension>
            <ns3:hr>119</ns3:hr>
          </ns3:TrackPointExtension>
        </extensions>
      </trkpt>
      <trkpt lat="46.7885336838662624359130859375" lon="17.191106043756008148193359375">
        <ele>116.1999969482421875</ele>
        <time>2024-07-24T09:56:42.000Z</time>
        <extensions>
          <ns3:TrackPointExtension>
            <ns3:hr>119</ns3:hr>
          </ns3:TrackPointExtension>
        </extensions>
      </trkpt>
      <trkpt lat="46.78855857811868190765380859375" lon="17.19114837236702442169189453125">
        <ele>116</ele>
        <time>2024-07-24T09:56:45.000Z</time>
        <extensions>
          <ns3:TrackPointExtension>
            <ns3:hr>118</ns3:hr>
          </ns3:TrackPointExtension>
        </extensions>
      </trkpt>
      <trkpt lat="46.78854298777878284454345703125" lon="17.19118751585483551025390625">
        <ele>116</ele>
        <time>2024-07-24T09:56:50.000Z</time>
        <extensions>
          <ns3:TrackPointExtension>
            <ns3:hr>117</ns3:hr>
          </ns3:TrackPointExtension>
        </extensions>
      </trkpt>
      <trkpt lat="46.78853443823754787445068359375" lon="17.1911920420825481414794921875">
        <ele>116.1999969482421875</ele>
        <time>2024-07-24T09:56:56.000Z</time>
        <extensions>
          <ns3:TrackPointExtension>
            <ns3:hr>116</ns3:hr>
          </ns3:TrackPointExtension>
        </extensions>
      </trkpt>
      <trkpt lat="46.78853443823754787445068359375" lon="17.1911920420825481414794921875">
        <ele>116.1999969482421875</ele>
        <time>2024-07-24T09:56:59.000Z</time>
        <extensions>
          <ns3:TrackPointExtension>
            <ns3:hr>113</ns3:hr>
          </ns3:TrackPointExtension>
        </extensions>
      </trkpt>
      <trkpt lat="46.78853443823754787445068359375" lon="17.191185839474201202392578125">
        <ele>116.1999969482421875</ele>
        <time>2024-07-24T09:57:08.000Z</time>
        <extensions>
          <ns3:TrackPointExtension>
            <ns3:hr>110</ns3:hr>
          </ns3:TrackPointExtension>
        </extensions>
      </trkpt>
      <trkpt lat="46.7885356955230236053466796875" lon="17.1911736018955707550048828125">
        <ele>116.1999969482421875</ele>
        <time>2024-07-24T09:57:57.000Z</time>
        <extensions>
          <ns3:TrackPointExtension>
            <ns3:hr>114</ns3:hr>
          </ns3:TrackPointExtension>
        </extensions>
      </trkpt>
      <trkpt lat="46.78853594698011875152587890625" lon="17.19117536209523677825927734375">
        <ele>116.1999969482421875</ele>
        <time>2024-07-24T09:58:08.000Z</time>
        <extensions>
          <ns3:TrackPointExtension>
            <ns3:hr>111</ns3:hr>
          </ns3:TrackPointExtension>
        </extensions>
      </trkpt>
      <trkpt lat="46.788538210093975067138671875" lon="17.19117536209523677825927734375">
        <ele>116.1999969482421875</ele>
        <time>2024-07-24T09:58:14.000Z</time>
        <extensions>
          <ns3:TrackPointExtension>
            <ns3:hr>108</ns3:hr>
          </ns3:TrackPointExtension>
        </extensions>
      </trkpt>
      <trkpt lat="46.7885393835604190826416015625" lon="17.19117284752428531646728515625">
        <ele>116</ele>
        <time>2024-07-24T09:58:26.000Z</time>
        <extensions>
          <ns3:TrackPointExtension>
            <ns3:hr>105</ns3:hr>
          </ns3:TrackPointExtension>
        </extensions>
      </trkpt>
      <trkpt lat="46.7885450832545757293701171875" lon="17.19118055887520313262939453125">
        <ele>116</ele>
        <time>2024-07-24T09:58:51.000Z</time>
        <extensions>
          <ns3:TrackPointExtension>
            <ns3:hr>108</ns3:hr>
          </ns3:TrackPointExtension>
        </extensions>
      </trkpt>
      <trkpt lat="46.78854533471167087554931640625" lon="17.19118081033229827880859375">
        <ele>116</ele>
        <time>2024-07-24T09:58:53.000Z</time>
        <extensions>
          <ns3:TrackPointExtension>
            <ns3:hr>111</ns3:hr>
          </ns3:TrackPointExtension>
        </extensions>
      </trkpt>
      <trkpt lat="46.7885454185307025909423828125" lon="17.19118156470358371734619140625">
        <ele>116</ele>
        <time>2024-07-24T09:58:55.000Z</time>
        <extensions>
          <ns3:TrackPointExtension>
            <ns3:hr>114</ns3:hr>
          </ns3:TrackPointExtension>
        </extensions>
      </trkpt>
      <trkpt lat="46.7885501123964786529541015625" lon="17.19119044952094554901123046875">
        <ele>116</ele>
        <time>2024-07-24T09:59:45.000Z</time>
        <extensions>
          <ns3:TrackPointExtension>
            <ns3:hr>111</ns3:hr>
          </ns3:TrackPointExtension>
        </extensions>
      </trkpt>
      <trkpt lat="46.78853628225624561309814453125" lon="17.19107259996235370635986328125">
        <ele>116.1999969482421875</ele>
        <time>2024-07-24T10:00:17.000Z</time>
        <extensions>
          <ns3:TrackPointExtension>
            <ns3:hr>112</ns3:hr>
          </ns3:TrackPointExtension>
        </extensions>
      </trkpt>
      <trkpt lat="46.78853795863687992095947265625" lon="17.19106187112629413604736328125">
        <ele>116.1999969482421875</ele>
        <time>2024-07-24T10:00:22.000Z</time>
        <extensions>
          <ns3:TrackPointExtension>
            <ns3:hr>112</ns3:hr>
          </ns3:TrackPointExtension>
        </extensions>
      </trkpt>
      <trkpt lat="46.78855505771934986114501953125" lon="17.19112104736268520355224609375">
        <ele>116</ele>
        <time>2024-07-24T10:00:26.000Z</time>
        <extensions>
          <ns3:TrackPointExtension>
            <ns3:hr>115</ns3:hr>
          </ns3:TrackPointExtension>
        </extensions>
      </trkpt>
      <trkpt lat="46.78856830112636089324951171875" lon="17.19115407206118106842041015625">
        <ele>115.8000030517578125</ele>
        <time>2024-07-24T10:00:29.000Z</time>
        <extensions>
          <ns3:TrackPointExtension>
            <ns3:hr>116</ns3:hr>
          </ns3:TrackPointExtension>
        </extensions>
      </trkpt>
      <trkpt lat="46.78860836662352085113525390625" lon="17.19128734432160854339599609375">
        <ele>115.59999847412109375</ele>
        <time>2024-07-24T10:00:36.000Z</time>
        <extensions>
          <ns3:TrackPointExtension>
            <ns3:hr>116</ns3:hr>
          </ns3:TrackPointExtension>
        </extensions>
      </trkpt>
      <trkpt lat="46.7886265553534030914306640625" lon="17.19137116335332393646240234375">
        <ele>115.8000030517578125</ele>
        <time>2024-07-24T10:00:43.000Z</time>
        <extensions>
          <ns3:TrackPointExtension>
            <ns3:hr>114</ns3:hr>
          </ns3:TrackPointExtension>
        </extensions>
      </trkpt>
      <trkpt lat="46.788630075752735137939453125" lon="17.19133713282644748687744140625">
        <ele>115.59999847412109375</ele>
        <time>2024-07-24T10:00:50.000Z</time>
        <extensions>
          <ns3:TrackPointExtension>
            <ns3:hr>114</ns3:hr>
          </ns3:TrackPointExtension>
        </extensions>
      </trkpt>
      <trkpt lat="46.78862999193370342254638671875" lon="17.19133503735065460205078125">
        <ele>115.59999847412109375</ele>
        <time>2024-07-24T10:00:59.000Z</time>
        <extensions>
          <ns3:TrackPointExtension>
            <ns3:hr>115</ns3:hr>
          </ns3:TrackPointExtension>
        </extensions>
      </trkpt>
      <trkpt lat="46.78862714208662509918212890625" lon="17.19133713282644748687744140625">
        <ele>115.59999847412109375</ele>
        <time>2024-07-24T10:01:13.000Z</time>
        <extensions>
          <ns3:TrackPointExtension>
            <ns3:hr>118</ns3:hr>
          </ns3:TrackPointExtension>
        </extensions>
      </trkpt>
      <trkpt lat="46.7886225320398807525634765625" lon="17.191338054835796356201171875">
        <ele>115.59999847412109375</ele>
        <time>2024-07-24T10:01:21.000Z</time>
        <extensions>
          <ns3:TrackPointExtension>
            <ns3:hr>121</ns3:hr>
          </ns3:TrackPointExtension>
        </extensions>
      </trkpt>
      <trkpt lat="46.7886228673160076141357421875" lon="17.1913392283022403717041015625">
        <ele>115.59999847412109375</ele>
        <time>2024-07-24T10:01:38.000Z</time>
        <extensions>
          <ns3:TrackPointExtension>
            <ns3:hr>118</ns3:hr>
          </ns3:TrackPointExtension>
        </extensions>
      </trkpt>
      <trkpt lat="46.78863083012402057647705078125" lon="17.19132958911359310150146484375">
        <ele>115.59999847412109375</ele>
        <time>2024-07-24T10:01:56.000Z</time>
        <extensions>
          <ns3:TrackPointExtension>
            <ns3:hr>115</ns3:hr>
          </ns3:TrackPointExtension>
        </extensions>
      </trkpt>
      <trkpt lat="46.78863108158111572265625" lon="17.19132900238037109375">
        <ele>115.59999847412109375</ele>
        <time>2024-07-24T10:01:59.000Z</time>
        <extensions>
          <ns3:TrackPointExtension>
            <ns3:hr>112</ns3:hr>
          </ns3:TrackPointExtension>
        </extensions>
      </trkpt>
      <trkpt lat="46.78863116540014743804931640625" lon="17.191328667104244232177734375">
        <ele>115.59999847412109375</ele>
        <time>2024-07-24T10:02:01.000Z</time>
        <extensions>
          <ns3:TrackPointExtension>
            <ns3:hr>109</ns3:hr>
          </ns3:TrackPointExtension>
        </extensions>
      </trkpt>
      <trkpt lat="46.78862906992435455322265625" lon="17.1913201175630092620849609375">
        <ele>115.59999847412109375</ele>
        <time>2024-07-24T10:02:21.000Z</time>
        <extensions>
          <ns3:TrackPointExtension>
            <ns3:hr>113</ns3:hr>
          </ns3:TrackPointExtension>
        </extensions>
      </trkpt>
      <trkpt lat="46.78862865082919597625732421875" lon="17.1913124062120914459228515625">
        <ele>115.40000152587890625</ele>
        <time>2024-07-24T10:02:28.000Z</time>
        <extensions>
          <ns3:TrackPointExtension>
            <ns3:hr>110</ns3:hr>
          </ns3:TrackPointExtension>
        </extensions>
      </trkpt>
      <trkpt lat="46.7886275611817836761474609375" lon="17.1913115680217742919921875">
        <ele>115.40000152587890625</ele>
        <time>2024-07-24T10:02:42.000Z</time>
        <extensions>
          <ns3:TrackPointExtension>
            <ns3:hr>107</ns3:hr>
          </ns3:TrackPointExtension>
        </extensions>
      </trkpt>
      <trkpt lat="46.78862504661083221435546875" lon="17.19131081365048885345458984375">
        <ele>115.59999847412109375</ele>
        <time>2024-07-24T10:02:45.000Z</time>
        <extensions>
          <ns3:TrackPointExtension>
            <ns3:hr>104</ns3:hr>
          </ns3:TrackPointExtension>
        </extensions>
      </trkpt>
      <trkpt lat="46.78859747014939785003662109375" lon="17.19123872928321361541748046875">
        <ele>115.59999847412109375</ele>
        <time>2024-07-24T10:02:51.000Z</time>
        <extensions>
          <ns3:TrackPointExtension>
            <ns3:hr>102</ns3:hr>
          </ns3:TrackPointExtension>
        </extensions>
      </trkpt>
      <trkpt lat="46.788548268377780914306640625" lon="17.1910753659904003143310546875">
        <ele>116</ele>
        <time>2024-07-24T10:03:01.000Z</time>
        <extensions>
          <ns3:TrackPointExtension>
            <ns3:hr>106</ns3:hr>
          </ns3:TrackPointExtension>
        </extensions>
      </trkpt>
      <trkpt lat="46.7885450832545757293701171875" lon="17.19106136821210384368896484375">
        <ele>116</ele>
        <time>2024-07-24T10:03:02.000Z</time>
        <extensions>
          <ns3:TrackPointExtension>
            <ns3:hr>104</ns3:hr>
          </ns3:TrackPointExtension>
        </extensions>
      </trkpt>
      <trkpt lat="46.78850526921451091766357421875" lon="17.19096958637237548828125">
        <ele>116.40000152587890625</ele>
        <time>2024-07-24T10:03:09.000Z</time>
        <extensions>
          <ns3:TrackPointExtension>
            <ns3:hr>106</ns3:hr>
          </ns3:TrackPointExtension>
        </extensions>
      </trkpt>
      <trkpt lat="46.7885011620819568634033203125" lon="17.190972603857517242431640625">
        <ele>116.40000152587890625</ele>
        <time>2024-07-24T10:03:11.000Z</time>
        <extensions>
          <ns3:TrackPointExtension>
            <ns3:hr>106</ns3:hr>
          </ns3:TrackPointExtension>
        </extensions>
      </trkpt>
      <trkpt lat="46.7884860746562480926513671875" lon="17.190934382379055023193359375">
        <ele>116.40000152587890625</ele>
        <time>2024-07-24T10:03:19.000Z</time>
        <extensions>
          <ns3:TrackPointExtension>
            <ns3:hr>107</ns3:hr>
          </ns3:TrackPointExtension>
        </extensions>
      </trkpt>
      <trkpt lat="46.7884688079357147216796875" lon="17.1908725239336490631103515625">
        <ele>116.59999847412109375</ele>
        <time>2024-07-24T10:03:25.000Z</time>
        <extensions>
          <ns3:TrackPointExtension>
            <ns3:hr>110</ns3:hr>
          </ns3:TrackPointExtension>
        </extensions>
      </trkpt>
      <trkpt lat="46.7884719930589199066162109375" lon="17.1908483840525150299072265625">
        <ele>116.59999847412109375</ele>
        <time>2024-07-24T10:03:27.000Z</time>
        <extensions>
          <ns3:TrackPointExtension>
            <ns3:hr>110</ns3:hr>
          </ns3:TrackPointExtension>
        </extensions>
      </trkpt>
      <trkpt lat="46.788481213152408599853515625" lon="17.190832458436489105224609375">
        <ele>116.59999847412109375</ele>
        <time>2024-07-24T10:03:31.000Z</time>
        <extensions>
          <ns3:TrackPointExtension>
            <ns3:hr>114</ns3:hr>
          </ns3:TrackPointExtension>
        </extensions>
      </trkpt>
      <trkpt lat="46.78847744129598140716552734375" lon="17.1908272616565227508544921875">
        <ele>116.59999847412109375</ele>
        <time>2024-07-24T10:03:35.000Z</time>
        <extensions>
          <ns3:TrackPointExtension>
            <ns3:hr>116</ns3:hr>
          </ns3:TrackPointExtension>
        </extensions>
      </trkpt>
      <trkpt lat="46.78847844712436199188232421875" lon="17.1908225677907466888427734375">
        <ele>116.59999847412109375</ele>
        <time>2024-07-24T10:03:44.000Z</time>
        <extensions>
          <ns3:TrackPointExtension>
            <ns3:hr>118</ns3:hr>
          </ns3:TrackPointExtension>
        </extensions>
      </trkpt>
      <trkpt lat="46.788466461002826690673828125" lon="17.19072139821946620941162109375">
        <ele>116.40000152587890625</ele>
        <time>2024-07-24T10:03:52.000Z</time>
        <extensions>
          <ns3:TrackPointExtension>
            <ns3:hr>120</ns3:hr>
          </ns3:TrackPointExtension>
        </extensions>
      </trkpt>
      <trkpt lat="46.78846151567995548248291015625" lon="17.19067697413265705108642578125">
        <ele>116.40000152587890625</ele>
        <time>2024-07-24T10:03:54.000Z</time>
        <extensions>
          <ns3:TrackPointExtension>
            <ns3:hr>120</ns3:hr>
          </ns3:TrackPointExtension>
        </extensions>
      </trkpt>
      <trkpt lat="46.78843854926526546478271484375" lon="17.19053816981613636016845703125">
        <ele>116.8000030517578125</ele>
        <time>2024-07-24T10:04:00.000Z</time>
        <extensions>
          <ns3:TrackPointExtension>
            <ns3:hr>121</ns3:hr>
          </ns3:TrackPointExtension>
        </extensions>
      </trkpt>
      <trkpt lat="46.78840510547161102294921875" lon="17.19037874601781368255615234375">
        <ele>117</ele>
        <time>2024-07-24T10:04:09.000Z</time>
        <extensions>
          <ns3:TrackPointExtension>
            <ns3:hr>121</ns3:hr>
          </ns3:TrackPointExtension>
        </extensions>
      </trkpt>
      <trkpt lat="46.788359843194484710693359375" lon="17.19022217206656932830810546875">
        <ele>117.40000152587890625</ele>
        <time>2024-07-24T10:04:18.000Z</time>
        <extensions>
          <ns3:TrackPointExtension>
            <ns3:hr>120</ns3:hr>
          </ns3:TrackPointExtension>
        </extensions>
      </trkpt>
      <trkpt lat="46.788357160985469818115234375" lon="17.19012108631432056427001953125">
        <ele>117.40000152587890625</ele>
        <time>2024-07-24T10:04:27.000Z</time>
        <extensions>
          <ns3:TrackPointExtension>
            <ns3:hr>118</ns3:hr>
          </ns3:TrackPointExtension>
        </extensions>
      </trkpt>
      <trkpt lat="46.7883512936532497406005859375" lon="17.190123684704303741455078125">
        <ele>117.40000152587890625</ele>
        <time>2024-07-24T10:04:33.000Z</time>
        <extensions>
          <ns3:TrackPointExtension>
            <ns3:hr>119</ns3:hr>
          </ns3:TrackPointExtension>
        </extensions>
      </trkpt>
      <trkpt lat="46.788354478776454925537109375" lon="17.1901171468198299407958984375">
        <ele>117.40000152587890625</ele>
        <time>2024-07-24T10:04:43.000Z</time>
        <extensions>
          <ns3:TrackPointExtension>
            <ns3:hr>120</ns3:hr>
          </ns3:TrackPointExtension>
        </extensions>
      </trkpt>
      <trkpt lat="46.78835758008062839508056640625" lon="17.190113626420497894287109375">
        <ele>117.40000152587890625</ele>
        <time>2024-07-24T10:04:52.000Z</time>
        <extensions>
          <ns3:TrackPointExtension>
            <ns3:hr>116</ns3:hr>
          </ns3:TrackPointExtension>
        </extensions>
      </trkpt>
      <trkpt lat="46.7883576638996601104736328125" lon="17.19011186622083187103271484375">
        <ele>117.40000152587890625</ele>
        <time>2024-07-24T10:05:10.000Z</time>
        <extensions>
          <ns3:TrackPointExtension>
            <ns3:hr>115</ns3:hr>
          </ns3:TrackPointExtension>
        </extensions>
      </trkpt>
      <trkpt lat="46.78835741244256496429443359375" lon="17.1900175698101520538330078125">
        <ele>117.40000152587890625</ele>
        <time>2024-07-24T10:05:20.000Z</time>
        <extensions>
          <ns3:TrackPointExtension>
            <ns3:hr>116</ns3:hr>
          </ns3:TrackPointExtension>
        </extensions>
      </trkpt>
      <trkpt lat="46.78833193145692348480224609375" lon="17.18987415544688701629638671875">
        <ele>117.59999847412109375</ele>
        <time>2024-07-24T10:05:28.000Z</time>
        <extensions>
          <ns3:TrackPointExtension>
            <ns3:hr>116</ns3:hr>
          </ns3:TrackPointExtension>
        </extensions>
      </trkpt>
      <trkpt lat="46.78832598030567169189453125" lon="17.1897532045841217041015625">
        <ele>117.8000030517578125</ele>
        <time>2024-07-24T10:05:35.000Z</time>
        <extensions>
          <ns3:TrackPointExtension>
            <ns3:hr>118</ns3:hr>
          </ns3:TrackPointExtension>
        </extensions>
      </trkpt>
      <trkpt lat="46.788320280611515045166015625" lon="17.18971255235373973846435546875">
        <ele>118</ele>
        <time>2024-07-24T10:05:37.000Z</time>
        <extensions>
          <ns3:TrackPointExtension>
            <ns3:hr>117</ns3:hr>
          </ns3:TrackPointExtension>
        </extensions>
      </trkpt>
      <trkpt lat="46.788318939507007598876953125" lon="17.1896055154502391815185546875">
        <ele>118.40000152587890625</ele>
        <time>2024-07-24T10:05:42.000Z</time>
        <extensions>
          <ns3:TrackPointExtension>
            <ns3:hr>115</ns3:hr>
          </ns3:TrackPointExtension>
        </extensions>
      </trkpt>
      <trkpt lat="46.78832489065825939178466796875" lon="17.18958850018680095672607421875">
        <ele>118.40000152587890625</ele>
        <time>2024-07-24T10:05:43.000Z</time>
        <extensions>
          <ns3:TrackPointExtension>
            <ns3:hr>115</ns3:hr>
          </ns3:TrackPointExtension>
        </extensions>
      </trkpt>
      <trkpt lat="46.78832824341952800750732421875" lon="17.1895424835383892059326171875">
        <ele>118.40000152587890625</ele>
        <time>2024-07-24T10:05:46.000Z</time>
        <extensions>
          <ns3:TrackPointExtension>
            <ns3:hr>114</ns3:hr>
          </ns3:TrackPointExtension>
        </extensions>
      </trkpt>
      <trkpt lat="46.78834232501685619354248046875" lon="17.189506776630878448486328125">
        <ele>118.1999969482421875</ele>
        <time>2024-07-24T10:05:48.000Z</time>
        <extensions>
          <ns3:TrackPointExtension>
            <ns3:hr>114</ns3:hr>
          </ns3:TrackPointExtension>
        </extensions>
      </trkpt>
      <trkpt lat="46.78840988315641880035400390625" lon="17.1893788687884807586669921875">
        <ele>118</ele>
        <time>2024-07-24T10:05:58.000Z</time>
        <extensions>
          <ns3:TrackPointExtension>
            <ns3:hr>115</ns3:hr>
          </ns3:TrackPointExtension>
        </extensions>
      </trkpt>
      <trkpt lat="46.7884438298642635345458984375" lon="17.18933586962521076202392578125">
        <ele>118</ele>
        <time>2024-07-24T10:06:02.000Z</time>
        <extensions>
          <ns3:TrackPointExtension>
            <ns3:hr>119</ns3:hr>
          </ns3:TrackPointExtension>
        </extensions>
      </trkpt>
      <trkpt lat="46.78847618401050567626953125" lon="17.1893051080405712127685546875">
        <ele>118.1999969482421875</ele>
        <time>2024-07-24T10:06:05.000Z</time>
        <extensions>
          <ns3:TrackPointExtension>
            <ns3:hr>122</ns3:hr>
          </ns3:TrackPointExtension>
        </extensions>
      </trkpt>
      <trkpt lat="46.78850158117711544036865234375" lon="17.1892963908612728118896484375">
        <ele>118.1999969482421875</ele>
        <time>2024-07-24T10:06:07.000Z</time>
        <extensions>
          <ns3:TrackPointExtension>
            <ns3:hr>121</ns3:hr>
          </ns3:TrackPointExtension>
        </extensions>
      </trkpt>
      <trkpt lat="46.788591854274272918701171875" lon="17.18923428095877170562744140625">
        <ele>118.40000152587890625</ele>
        <time>2024-07-24T10:06:15.000Z</time>
        <extensions>
          <ns3:TrackPointExtension>
            <ns3:hr>123</ns3:hr>
          </ns3:TrackPointExtension>
        </extensions>
      </trkpt>
      <trkpt lat="46.78862663917243480682373046875" lon="17.1892165951430797576904296875">
        <ele>118.59999847412109375</ele>
        <time>2024-07-24T10:06:20.000Z</time>
        <extensions>
          <ns3:TrackPointExtension>
            <ns3:hr>123</ns3:hr>
          </ns3:TrackPointExtension>
        </extensions>
      </trkpt>
      <trkpt lat="46.7887102067470550537109375" lon="17.1891978196799755096435546875">
        <ele>118.59999847412109375</ele>
        <time>2024-07-24T10:06:27.000Z</time>
        <extensions>
          <ns3:TrackPointExtension>
            <ns3:hr>123</ns3:hr>
          </ns3:TrackPointExtension>
        </extensions>
      </trkpt>
      <trkpt lat="46.7887879908084869384765625" lon="17.18921097926795482635498046875">
        <ele>118.1999969482421875</ele>
        <time>2024-07-24T10:06:34.000Z</time>
        <extensions>
          <ns3:TrackPointExtension>
            <ns3:hr>125</ns3:hr>
          </ns3:TrackPointExtension>
        </extensions>
      </trkpt>
      <trkpt lat="46.78893509320914745330810546875" lon="17.18911643140017986297607421875">
        <ele>118.8000030517578125</ele>
        <time>2024-07-24T10:06:43.000Z</time>
        <extensions>
          <ns3:TrackPointExtension>
            <ns3:hr>126</ns3:hr>
          </ns3:TrackPointExtension>
        </extensions>
      </trkpt>
      <trkpt lat="46.78908378817141056060791015625" lon="17.1891344524919986724853515625">
        <ele>118.40000152587890625</ele>
        <time>2024-07-24T10:06:54.000Z</time>
        <extensions>
          <ns3:TrackPointExtension>
            <ns3:hr>128</ns3:hr>
          </ns3:TrackPointExtension>
        </extensions>
      </trkpt>
      <trkpt lat="46.78918831050395965576171875" lon="17.18910838477313518524169921875">
        <ele>118.1999969482421875</ele>
        <time>2024-07-24T10:07:01.000Z</time>
        <extensions>
          <ns3:TrackPointExtension>
            <ns3:hr>132</ns3:hr>
          </ns3:TrackPointExtension>
        </extensions>
      </trkpt>
      <trkpt lat="46.78919367492198944091796875" lon="17.18909815885126590728759765625">
        <ele>118.1999969482421875</ele>
        <time>2024-07-24T10:07:02.000Z</time>
        <extensions>
          <ns3:TrackPointExtension>
            <ns3:hr>129</ns3:hr>
          </ns3:TrackPointExtension>
        </extensions>
      </trkpt>
      <trkpt lat="46.7892008833587169647216796875" lon="17.1890851669013500213623046875">
        <ele>118.1999969482421875</ele>
        <time>2024-07-24T10:07:03.000Z</time>
        <extensions>
          <ns3:TrackPointExtension>
            <ns3:hr>130</ns3:hr>
          </ns3:TrackPointExtension>
        </extensions>
      </trkpt>
      <trkpt lat="46.789198033511638641357421875" lon="17.1890798024833202362060546875">
        <ele>118.1999969482421875</ele>
        <time>2024-07-24T10:07:06.000Z</time>
        <extensions>
          <ns3:TrackPointExtension>
            <ns3:hr>133</ns3:hr>
          </ns3:TrackPointExtension>
        </extensions>
      </trkpt>
      <trkpt lat="46.78919912315905094146728515625" lon="17.18907770700752735137939453125">
        <ele>118.1999969482421875</ele>
        <time>2024-07-24T10:07:08.000Z</time>
        <extensions>
          <ns3:TrackPointExtension>
            <ns3:hr>134</ns3:hr>
          </ns3:TrackPointExtension>
        </extensions>
      </trkpt>
      <trkpt lat="46.78926073014736175537109375" lon="17.1890697441995143890380859375">
        <ele>118</ele>
        <time>2024-07-24T10:07:18.000Z</time>
        <extensions>
          <ns3:TrackPointExtension>
            <ns3:hr>134</ns3:hr>
          </ns3:TrackPointExtension>
        </extensions>
      </trkpt>
      <trkpt lat="46.789377741515636444091796875" lon="17.18906479887664318084716796875">
        <ele>117.59999847412109375</ele>
        <time>2024-07-24T10:07:26.000Z</time>
        <extensions>
          <ns3:TrackPointExtension>
            <ns3:hr>132</ns3:hr>
          </ns3:TrackPointExtension>
        </extensions>
      </trkpt>
      <trkpt lat="46.789404563605785369873046875" lon="17.1890502981841564178466796875">
        <ele>117.40000152587890625</ele>
        <time>2024-07-24T10:07:28.000Z</time>
        <extensions>
          <ns3:TrackPointExtension>
            <ns3:hr>132</ns3:hr>
          </ns3:TrackPointExtension>
        </extensions>
      </trkpt>
      <trkpt lat="46.789450161159038543701171875" lon="17.18901501037180423736572265625">
        <ele>117.1999969482421875</ele>
        <time>2024-07-24T10:07:32.000Z</time>
        <extensions>
          <ns3:TrackPointExtension>
            <ns3:hr>131</ns3:hr>
          </ns3:TrackPointExtension>
        </extensions>
      </trkpt>
      <trkpt lat="46.789529621601104736328125" lon="17.1889983303844928741455078125">
        <ele>117.1999969482421875</ele>
        <time>2024-07-24T10:07:38.000Z</time>
        <extensions>
          <ns3:TrackPointExtension>
            <ns3:hr>128</ns3:hr>
          </ns3:TrackPointExtension>
        </extensions>
      </trkpt>
      <trkpt lat="46.7895532585680484771728515625" lon="17.18899640254676342010498046875">
        <ele>117.40000152587890625</ele>
        <time>2024-07-24T10:07:40.000Z</time>
        <extensions>
          <ns3:TrackPointExtension>
            <ns3:hr>126</ns3:hr>
          </ns3:TrackPointExtension>
        </extensions>
      </trkpt>
      <trkpt lat="46.7896008677780628204345703125" lon="17.1890194527804851531982421875">
        <ele>117.1999969482421875</ele>
        <time>2024-07-24T10:07:44.000Z</time>
        <extensions>
          <ns3:TrackPointExtension>
            <ns3:hr>123</ns3:hr>
          </ns3:TrackPointExtension>
        </extensions>
      </trkpt>
      <trkpt lat="46.7896541766822338104248046875" lon="17.1890419162809848785400390625">
        <ele>117.1999969482421875</ele>
        <time>2024-07-24T10:07:48.000Z</time>
        <extensions>
          <ns3:TrackPointExtension>
            <ns3:hr>122</ns3:hr>
          </ns3:TrackPointExtension>
        </extensions>
      </trkpt>
      <trkpt lat="46.78974755108356475830078125" lon="17.1890097297728061676025390625">
        <ele>117.1999969482421875</ele>
        <time>2024-07-24T10:07:56.000Z</time>
        <extensions>
          <ns3:TrackPointExtension>
            <ns3:hr>119</ns3:hr>
          </ns3:TrackPointExtension>
        </extensions>
      </trkpt>
      <trkpt lat="46.789758615195751190185546875" lon="17.1890114061534404754638671875">
        <ele>117.1999969482421875</ele>
        <time>2024-07-24T10:07:57.000Z</time>
        <extensions>
          <ns3:TrackPointExtension>
            <ns3:hr>119</ns3:hr>
          </ns3:TrackPointExtension>
        </extensions>
      </trkpt>
      <trkpt lat="46.7898808233439922332763671875" lon="17.18897402286529541015625">
        <ele>117.59999847412109375</ele>
        <time>2024-07-24T10:08:07.000Z</time>
        <extensions>
          <ns3:TrackPointExtension>
            <ns3:hr>119</ns3:hr>
          </ns3:TrackPointExtension>
        </extensions>
      </trkpt>
      <trkpt lat="46.78996087051928043365478515625" lon="17.188940830528736114501953125">
        <ele>118</ele>
        <time>2024-07-24T10:08:14.000Z</time>
        <extensions>
          <ns3:TrackPointExtension>
            <ns3:hr>122</ns3:hr>
          </ns3:TrackPointExtension>
        </extensions>
      </trkpt>
      <trkpt lat="46.789973862469196319580078125" lon="17.18893714249134063720703125">
        <ele>118</ele>
        <time>2024-07-24T10:08:15.000Z</time>
        <extensions>
          <ns3:TrackPointExtension>
            <ns3:hr>123</ns3:hr>
          </ns3:TrackPointExtension>
        </extensions>
      </trkpt>
      <trkpt lat="46.79001870565116405487060546875" lon="17.18889917246997356414794921875">
        <ele>118</ele>
        <time>2024-07-24T10:08:19.000Z</time>
        <extensions>
          <ns3:TrackPointExtension>
            <ns3:hr>126</ns3:hr>
          </ns3:TrackPointExtension>
        </extensions>
      </trkpt>
      <trkpt lat="46.79006447084248065948486328125" lon="17.18887771479785442352294921875">
        <ele>118</ele>
        <time>2024-07-24T10:08:23.000Z</time>
        <extensions>
          <ns3:TrackPointExtension>
            <ns3:hr>129</ns3:hr>
          </ns3:TrackPointExtension>
        </extensions>
      </trkpt>
      <trkpt lat="46.79007436148822307586669921875" lon="17.18887067399919033050537109375">
        <ele>118</ele>
        <time>2024-07-24T10:08:24.000Z</time>
        <extensions>
          <ns3:TrackPointExtension>
            <ns3:hr>129</ns3:hr>
          </ns3:TrackPointExtension>
        </extensions>
      </trkpt>
      <trkpt lat="46.79020076058804988861083984375" lon="17.1888612024486064910888671875">
        <ele>118</ele>
        <time>2024-07-24T10:08:33.000Z</time>
        <extensions>
          <ns3:TrackPointExtension>
            <ns3:hr>130</ns3:hr>
          </ns3:TrackPointExtension>
        </extensions>
      </trkpt>
      <trkpt lat="46.790217272937297821044921875" lon="17.18886899761855602264404296875">
        <ele>118</ele>
        <time>2024-07-24T10:08:34.000Z</time>
        <extensions>
          <ns3:TrackPointExtension>
            <ns3:hr>129</ns3:hr>
          </ns3:TrackPointExtension>
        </extensions>
      </trkpt>
      <trkpt lat="46.79025046527385711669921875" lon="17.1888514794409275054931640625">
        <ele>118</ele>
        <time>2024-07-24T10:08:37.000Z</time>
        <extensions>
          <ns3:TrackPointExtension>
            <ns3:hr>130</ns3:hr>
          </ns3:TrackPointExtension>
        </extensions>
      </trkpt>
      <trkpt lat="46.79028776474297046661376953125" lon="17.18881107866764068603515625">
        <ele>118</ele>
        <time>2024-07-24T10:08:41.000Z</time>
        <extensions>
          <ns3:TrackPointExtension>
            <ns3:hr>130</ns3:hr>
          </ns3:TrackPointExtension>
        </extensions>
      </trkpt>
      <trkpt lat="46.79031081497669219970703125" lon="17.1888011880218982696533203125">
        <ele>118</ele>
        <time>2024-07-24T10:08:43.000Z</time>
        <extensions>
          <ns3:TrackPointExtension>
            <ns3:hr>130</ns3:hr>
          </ns3:TrackPointExtension>
        </extensions>
      </trkpt>
      <trkpt lat="46.79038331843912601470947265625" lon="17.188802026212215423583984375">
        <ele>118</ele>
        <time>2024-07-24T10:08:48.000Z</time>
        <extensions>
          <ns3:TrackPointExtension>
            <ns3:hr>130</ns3:hr>
          </ns3:TrackPointExtension>
        </extensions>
      </trkpt>
      <trkpt lat="46.7904155887663364410400390625" lon="17.1887944824993610382080078125">
        <ele>117.8000030517578125</ele>
        <time>2024-07-24T10:08:50.000Z</time>
        <extensions>
          <ns3:TrackPointExtension>
            <ns3:hr>130</ns3:hr>
          </ns3:TrackPointExtension>
        </extensions>
      </trkpt>
      <trkpt lat="46.79043956100940704345703125" lon="17.18881300650537014007568359375">
        <ele>117.8000030517578125</ele>
        <time>2024-07-24T10:08:51.000Z</time>
        <extensions>
          <ns3:TrackPointExtension>
            <ns3:hr>130</ns3:hr>
          </ns3:TrackPointExtension>
        </extensions>
      </trkpt>
      <trkpt lat="46.79048239253461360931396484375" lon="17.18884058296680450439453125">
        <ele>117.59999847412109375</ele>
        <time>2024-07-24T10:08:54.000Z</time>
        <extensions>
          <ns3:TrackPointExtension>
            <ns3:hr>127</ns3:hr>
          </ns3:TrackPointExtension>
        </extensions>
      </trkpt>
      <trkpt lat="46.79049546830356121063232421875" lon="17.18883463181555271148681640625">
        <ele>117.59999847412109375</ele>
        <time>2024-07-24T10:08:56.000Z</time>
        <extensions>
          <ns3:TrackPointExtension>
            <ns3:hr>123</ns3:hr>
          </ns3:TrackPointExtension>
        </extensions>
      </trkpt>
      <trkpt lat="46.79052061401307582855224609375" lon="17.18882876448333263397216796875">
        <ele>117.40000152587890625</ele>
        <time>2024-07-24T10:08:59.000Z</time>
        <extensions>
          <ns3:TrackPointExtension>
            <ns3:hr>122</ns3:hr>
          </ns3:TrackPointExtension>
        </extensions>
      </trkpt>
      <trkpt lat="46.790557913482189178466796875" lon="17.18881133012473583221435546875">
        <ele>117.1999969482421875</ele>
        <time>2024-07-24T10:09:02.000Z</time>
        <extensions>
          <ns3:TrackPointExtension>
            <ns3:hr>122</ns3:hr>
          </ns3:TrackPointExtension>
        </extensions>
      </trkpt>
      <trkpt lat="46.7905869148671627044677734375" lon="17.188724577426910400390625">
        <ele>117.1999969482421875</ele>
        <time>2024-07-24T10:09:07.000Z</time>
        <extensions>
          <ns3:TrackPointExtension>
            <ns3:hr>119</ns3:hr>
          </ns3:TrackPointExtension>
        </extensions>
      </trkpt>
      <trkpt lat="46.79059512913227081298828125" lon="17.18868979252874851226806640625">
        <ele>117.1999969482421875</ele>
        <time>2024-07-24T10:09:09.000Z</time>
        <extensions>
          <ns3:TrackPointExtension>
            <ns3:hr>118</ns3:hr>
          </ns3:TrackPointExtension>
        </extensions>
      </trkpt>
      <trkpt lat="46.79060024209320545196533203125" lon="17.18866364099085330963134765625">
        <ele>117.40000152587890625</ele>
        <time>2024-07-24T10:09:11.000Z</time>
        <extensions>
          <ns3:TrackPointExtension>
            <ns3:hr>118</ns3:hr>
          </ns3:TrackPointExtension>
        </extensions>
      </trkpt>
      <trkpt lat="46.790599822998046875" lon="17.18853321857750415802001953125">
        <ele>117.8000030517578125</ele>
        <time>2024-07-24T10:09:19.000Z</time>
        <extensions>
          <ns3:TrackPointExtension>
            <ns3:hr>117</ns3:hr>
          </ns3:TrackPointExtension>
        </extensions>
      </trkpt>
      <trkpt lat="46.790603511035442352294921875" lon="17.1885125152766704559326171875">
        <ele>118</ele>
        <time>2024-07-24T10:09:20.000Z</time>
        <extensions>
          <ns3:TrackPointExtension>
            <ns3:hr>117</ns3:hr>
          </ns3:TrackPointExtension>
        </extensions>
      </trkpt>
      <trkpt lat="46.7906254716217517852783203125" lon="17.188401706516742706298828125">
        <ele>118.40000152587890625</ele>
        <time>2024-07-24T10:09:26.000Z</time>
        <extensions>
          <ns3:TrackPointExtension>
            <ns3:hr>116</ns3:hr>
          </ns3:TrackPointExtension>
        </extensions>
      </trkpt>
      <trkpt lat="46.79064248688519001007080078125" lon="17.18831059522926807403564453125">
        <ele>118.8000030517578125</ele>
        <time>2024-07-24T10:09:31.000Z</time>
        <extensions>
          <ns3:TrackPointExtension>
            <ns3:hr>116</ns3:hr>
          </ns3:TrackPointExtension>
        </extensions>
      </trkpt>
      <trkpt lat="46.79066360928118228912353515625" lon="17.18825996853411197662353515625">
        <ele>119</ele>
        <time>2024-07-24T10:09:34.000Z</time>
        <extensions>
          <ns3:TrackPointExtension>
            <ns3:hr>116</ns3:hr>
          </ns3:TrackPointExtension>
        </extensions>
      </trkpt>
      <trkpt lat="46.79067199118435382843017578125" lon="17.18820733018219470977783203125">
        <ele>119.1999969482421875</ele>
        <time>2024-07-24T10:09:38.000Z</time>
        <extensions>
          <ns3:TrackPointExtension>
            <ns3:hr>117</ns3:hr>
          </ns3:TrackPointExtension>
        </extensions>
      </trkpt>
      <trkpt lat="46.790673248469829559326171875" lon="17.1881859563291072845458984375">
        <ele>119.1999969482421875</ele>
        <time>2024-07-24T10:09:39.000Z</time>
        <extensions>
          <ns3:TrackPointExtension>
            <ns3:hr>117</ns3:hr>
          </ns3:TrackPointExtension>
        </extensions>
      </trkpt>
      <trkpt lat="46.79067165590822696685791015625" lon="17.1881725452840328216552734375">
        <ele>119.1999969482421875</ele>
        <time>2024-07-24T10:09:40.000Z</time>
        <extensions>
          <ns3:TrackPointExtension>
            <ns3:hr>116</ns3:hr>
          </ns3:TrackPointExtension>
        </extensions>
      </trkpt>
      <trkpt lat="46.79068406112492084503173828125" lon="17.188145555555820465087890625">
        <ele>119.40000152587890625</ele>
        <time>2024-07-24T10:09:42.000Z</time>
        <extensions>
          <ns3:TrackPointExtension>
            <ns3:hr>116</ns3:hr>
          </ns3:TrackPointExtension>
        </extensions>
      </trkpt>
      <trkpt lat="46.79069428704679012298583984375" lon="17.18808981589972972869873046875">
        <ele>119.59999847412109375</ele>
        <time>2024-07-24T10:09:46.000Z</time>
        <extensions>
          <ns3:TrackPointExtension>
            <ns3:hr>118</ns3:hr>
          </ns3:TrackPointExtension>
        </extensions>
      </trkpt>
      <trkpt lat="46.7907277308404445648193359375" lon="17.18805612064898014068603515625">
        <ele>119.59999847412109375</ele>
        <time>2024-07-24T10:09:49.000Z</time>
        <extensions>
          <ns3:TrackPointExtension>
            <ns3:hr>121</ns3:hr>
          </ns3:TrackPointExtension>
        </extensions>
      </trkpt>
      <trkpt lat="46.79075044579803943634033203125" lon="17.18803298659622669219970703125">
        <ele>119.59999847412109375</ele>
        <time>2024-07-24T10:09:51.000Z</time>
        <extensions>
          <ns3:TrackPointExtension>
            <ns3:hr>123</ns3:hr>
          </ns3:TrackPointExtension>
        </extensions>
      </trkpt>
      <trkpt lat="46.79077290929853916168212890625" lon="17.1879978664219379425048828125">
        <ele>119.59999847412109375</ele>
        <time>2024-07-24T10:09:53.000Z</time>
        <extensions>
          <ns3:TrackPointExtension>
            <ns3:hr>125</ns3:hr>
          </ns3:TrackPointExtension>
        </extensions>
      </trkpt>
      <trkpt lat="46.79079604335129261016845703125" lon="17.1879096888005733489990234375">
        <ele>119.59999847412109375</ele>
        <time>2024-07-24T10:09:58.000Z</time>
        <extensions>
          <ns3:TrackPointExtension>
            <ns3:hr>126</ns3:hr>
          </ns3:TrackPointExtension>
        </extensions>
      </trkpt>
      <trkpt lat="46.79079906083643436431884765625" lon="17.1878664381802082061767578125">
        <ele>119.8000030517578125</ele>
        <time>2024-07-24T10:10:00.000Z</time>
        <extensions>
          <ns3:TrackPointExtension>
            <ns3:hr>127</ns3:hr>
          </ns3:TrackPointExtension>
        </extensions>
      </trkpt>
      <trkpt lat="46.79078598506748676300048828125" lon="17.18779779039323329925537109375">
        <ele>120</ele>
        <time>2024-07-24T10:10:03.000Z</time>
        <extensions>
          <ns3:TrackPointExtension>
            <ns3:hr>128</ns3:hr>
          </ns3:TrackPointExtension>
        </extensions>
      </trkpt>
      <trkpt lat="46.7907589115202426910400390625" lon="17.18764758668839931488037109375">
        <ele>120.8000030517578125</ele>
        <time>2024-07-24T10:10:11.000Z</time>
        <extensions>
          <ns3:TrackPointExtension>
            <ns3:hr>130</ns3:hr>
          </ns3:TrackPointExtension>
        </extensions>
      </trkpt>
      <trkpt lat="46.7907639406621456146240234375" lon="17.18763333745300769805908203125">
        <ele>120.8000030517578125</ele>
        <time>2024-07-24T10:10:12.000Z</time>
        <extensions>
          <ns3:TrackPointExtension>
            <ns3:hr>131</ns3:hr>
          </ns3:TrackPointExtension>
        </extensions>
      </trkpt>
      <trkpt lat="46.79079252295196056365966796875" lon="17.18760182149708271026611328125">
        <ele>120.8000030517578125</ele>
        <time>2024-07-24T10:10:16.000Z</time>
        <extensions>
          <ns3:TrackPointExtension>
            <ns3:hr>131</ns3:hr>
          </ns3:TrackPointExtension>
        </extensions>
      </trkpt>
      <trkpt lat="46.79080224595963954925537109375" lon="17.18758908100426197052001953125">
        <ele>120.8000030517578125</ele>
        <time>2024-07-24T10:10:18.000Z</time>
        <extensions>
          <ns3:TrackPointExtension>
            <ns3:hr>131</ns3:hr>
          </ns3:TrackPointExtension>
        </extensions>
      </trkpt>
      <trkpt lat="46.7908050119876861572265625" lon="17.18757516704499721527099609375">
        <ele>120.8000030517578125</ele>
        <time>2024-07-24T10:10:19.000Z</time>
        <extensions>
          <ns3:TrackPointExtension>
            <ns3:hr>130</ns3:hr>
          </ns3:TrackPointExtension>
        </extensions>
      </trkpt>
      <trkpt lat="46.79079704917967319488525390625" lon="17.187492437660694122314453125">
        <ele>121.40000152587890625</ele>
        <time>2024-07-24T10:10:24.000Z</time>
        <extensions>
          <ns3:TrackPointExtension>
            <ns3:hr>129</ns3:hr>
          </ns3:TrackPointExtension>
        </extensions>
      </trkpt>
      <trkpt lat="46.79080492816865444183349609375" lon="17.18739646486937999725341796875">
        <ele>122.1999969482421875</ele>
        <time>2024-07-24T10:10:29.000Z</time>
        <extensions>
          <ns3:TrackPointExtension>
            <ns3:hr>127</ns3:hr>
          </ns3:TrackPointExtension>
        </extensions>
      </trkpt>
      <trkpt lat="46.79080031812191009521484375" lon="17.18731214292347431182861328125">
        <ele>122.8000030517578125</ele>
        <time>2024-07-24T10:10:33.000Z</time>
        <extensions>
          <ns3:TrackPointExtension>
            <ns3:hr>126</ns3:hr>
          </ns3:TrackPointExtension>
        </extensions>
      </trkpt>
      <trkpt lat="46.79080777801573276519775390625" lon="17.18714148737490177154541015625">
        <ele>124</ele>
        <time>2024-07-24T10:10:42.000Z</time>
        <extensions>
          <ns3:TrackPointExtension>
            <ns3:hr>128</ns3:hr>
          </ns3:TrackPointExtension>
        </extensions>
      </trkpt>
      <trkpt lat="46.79080124013125896453857421875" lon="17.18701106496155261993408203125">
        <ele>124.8000030517578125</ele>
        <time>2024-07-24T10:10:49.000Z</time>
        <extensions>
          <ns3:TrackPointExtension>
            <ns3:hr>128</ns3:hr>
          </ns3:TrackPointExtension>
        </extensions>
      </trkpt>
      <trkpt lat="46.79080526344478130340576171875" lon="17.18699547462165355682373046875">
        <ele>124.8000030517578125</ele>
        <time>2024-07-24T10:10:50.000Z</time>
        <extensions>
          <ns3:TrackPointExtension>
            <ns3:hr>128</ns3:hr>
          </ns3:TrackPointExtension>
        </extensions>
      </trkpt>
      <trkpt lat="46.79080962203443050384521484375" lon="17.18692992813885211944580078125">
        <ele>125.1999969482421875</ele>
        <time>2024-07-24T10:10:54.000Z</time>
        <extensions>
          <ns3:TrackPointExtension>
            <ns3:hr>126</ns3:hr>
          </ns3:TrackPointExtension>
        </extensions>
      </trkpt>
      <trkpt lat="46.79080727510154247283935546875" lon="17.18676044605672359466552734375">
        <ele>125.8000030517578125</ele>
        <time>2024-07-24T10:11:04.000Z</time>
        <extensions>
          <ns3:TrackPointExtension>
            <ns3:hr>125</ns3:hr>
          </ns3:TrackPointExtension>
        </extensions>
      </trkpt>
      <trkpt lat="46.7908071912825107574462890625" lon="17.186595238745212554931640625">
        <ele>126.8000030517578125</ele>
        <time>2024-07-24T10:11:13.000Z</time>
        <extensions>
          <ns3:TrackPointExtension>
            <ns3:hr>127</ns3:hr>
          </ns3:TrackPointExtension>
        </extensions>
      </trkpt>
      <trkpt lat="46.79080811329185962677001953125" lon="17.186519466340541839599609375">
        <ele>127.40000152587890625</ele>
        <time>2024-07-24T10:11:18.000Z</time>
        <extensions>
          <ns3:TrackPointExtension>
            <ns3:hr>130</ns3:hr>
          </ns3:TrackPointExtension>
        </extensions>
      </trkpt>
      <trkpt lat="46.790806353092193603515625" lon="17.18648158013820648193359375">
        <ele>127.8000030517578125</ele>
        <time>2024-07-24T10:11:20.000Z</time>
        <extensions>
          <ns3:TrackPointExtension>
            <ns3:hr>130</ns3:hr>
          </ns3:TrackPointExtension>
        </extensions>
      </trkpt>
      <trkpt lat="46.7908061854541301727294921875" lon="17.1864629723131656646728515625">
        <ele>127.8000030517578125</ele>
        <time>2024-07-24T10:11:21.000Z</time>
        <extensions>
          <ns3:TrackPointExtension>
            <ns3:hr>132</ns3:hr>
          </ns3:TrackPointExtension>
        </extensions>
      </trkpt>
      <trkpt lat="46.7908068560063838958740234375" lon="17.18641326762735843658447265625">
        <ele>128.1999969482421875</ele>
        <time>2024-07-24T10:11:24.000Z</time>
        <extensions>
          <ns3:TrackPointExtension>
            <ns3:hr>135</ns3:hr>
          </ns3:TrackPointExtension>
        </extensions>
      </trkpt>
      <trkpt lat="46.7908095382153987884521484375" lon="17.18636850826442241668701171875">
        <ele>128.600006103515625</ele>
        <time>2024-07-24T10:11:27.000Z</time>
        <extensions>
          <ns3:TrackPointExtension>
            <ns3:hr>139</ns3:hr>
          </ns3:TrackPointExtension>
        </extensions>
      </trkpt>
      <trkpt lat="46.7908138968050479888916015625" lon="17.18631134368479251861572265625">
        <ele>129</ele>
        <time>2024-07-24T10:11:30.000Z</time>
        <extensions>
          <ns3:TrackPointExtension>
            <ns3:hr>142</ns3:hr>
          </ns3:TrackPointExtension>
        </extensions>
      </trkpt>
      <trkpt lat="46.7908157408237457275390625" lon="17.18627161346375942230224609375">
        <ele>129.1999969482421875</ele>
        <time>2024-07-24T10:11:32.000Z</time>
        <extensions>
          <ns3:TrackPointExtension>
            <ns3:hr>145</ns3:hr>
          </ns3:TrackPointExtension>
        </extensions>
      </trkpt>
      <trkpt lat="46.7908055149018764495849609375" lon="17.18617983162403106689453125">
        <ele>129.399993896484375</ele>
        <time>2024-07-24T10:11:36.000Z</time>
        <extensions>
          <ns3:TrackPointExtension>
            <ns3:hr>148</ns3:hr>
          </ns3:TrackPointExtension>
        </extensions>
      </trkpt>
      <trkpt lat="46.790808700025081634521484375" lon="17.186135239899158477783203125">
        <ele>129.600006103515625</ele>
        <time>2024-07-24T10:11:38.000Z</time>
        <extensions>
          <ns3:TrackPointExtension>
            <ns3:hr>148</ns3:hr>
          </ns3:TrackPointExtension>
        </extensions>
      </trkpt>
      <trkpt lat="46.7908055149018764495849609375" lon="17.1860874630510807037353515625">
        <ele>129.8000030517578125</ele>
        <time>2024-07-24T10:11:41.000Z</time>
        <extensions>
          <ns3:TrackPointExtension>
            <ns3:hr>148</ns3:hr>
          </ns3:TrackPointExtension>
        </extensions>
      </trkpt>
      <trkpt lat="46.790815405547618865966796875" lon="17.18603675253689289093017578125">
        <ele>130</ele>
        <time>2024-07-24T10:11:44.000Z</time>
        <extensions>
          <ns3:TrackPointExtension>
            <ns3:hr>149</ns3:hr>
          </ns3:TrackPointExtension>
        </extensions>
      </trkpt>
      <trkpt lat="46.79082806222140789031982421875" lon="17.18592728488147258758544921875">
        <ele>130.399993896484375</ele>
        <time>2024-07-24T10:11:51.000Z</time>
        <extensions>
          <ns3:TrackPointExtension>
            <ns3:hr>148</ns3:hr>
          </ns3:TrackPointExtension>
        </extensions>
      </trkpt>
      <trkpt lat="46.79083711467683315277099609375" lon="17.18571220524609088897705078125">
        <ele>131.1999969482421875</ele>
        <time>2024-07-24T10:12:01.000Z</time>
        <extensions>
          <ns3:TrackPointExtension>
            <ns3:hr>147</ns3:hr>
          </ns3:TrackPointExtension>
        </extensions>
      </trkpt>
      <trkpt lat="46.7908524535596370697021484375" lon="17.185543812811374664306640625">
        <ele>132.399993896484375</ele>
        <time>2024-07-24T10:12:10.000Z</time>
        <extensions>
          <ns3:TrackPointExtension>
            <ns3:hr>146</ns3:hr>
          </ns3:TrackPointExtension>
        </extensions>
      </trkpt>
      <trkpt lat="46.7908558063209056854248046875" lon="17.18539821915328502655029296875">
        <ele>133.600006103515625</ele>
        <time>2024-07-24T10:12:18.000Z</time>
        <extensions>
          <ns3:TrackPointExtension>
            <ns3:hr>146</ns3:hr>
          </ns3:TrackPointExtension>
        </extensions>
      </trkpt>
      <trkpt lat="46.79086494259536266326904296875" lon="17.18534893356263637542724609375">
        <ele>133.8000030517578125</ele>
        <time>2024-07-24T10:12:24.000Z</time>
        <extensions>
          <ns3:TrackPointExtension>
            <ns3:hr>146</ns3:hr>
          </ns3:TrackPointExtension>
        </extensions>
      </trkpt>
      <trkpt lat="46.7908661998808383941650390625" lon="17.1853384561836719512939453125">
        <ele>134</ele>
        <time>2024-07-24T10:12:35.000Z</time>
        <extensions>
          <ns3:TrackPointExtension>
            <ns3:hr>145</ns3:hr>
          </ns3:TrackPointExtension>
        </extensions>
      </trkpt>
      <trkpt lat="46.7908665351569652557373046875" lon="17.1853394620120525360107421875">
        <ele>134</ele>
        <time>2024-07-24T10:12:51.000Z</time>
        <extensions>
          <ns3:TrackPointExtension>
            <ns3:hr>142</ns3:hr>
          </ns3:TrackPointExtension>
        </extensions>
      </trkpt>
      <trkpt lat="46.79086695425212383270263671875" lon="17.1853418089449405670166015625">
        <ele>134</ele>
        <time>2024-07-24T10:12:57.000Z</time>
        <extensions>
          <ns3:TrackPointExtension>
            <ns3:hr>139</ns3:hr>
          </ns3:TrackPointExtension>
        </extensions>
      </trkpt>
      <trkpt lat="46.79086871445178985595703125" lon="17.18534164130687713623046875">
        <ele>134</ele>
        <time>2024-07-24T10:13:00.000Z</time>
        <extensions>
          <ns3:TrackPointExtension>
            <ns3:hr>136</ns3:hr>
          </ns3:TrackPointExtension>
        </extensions>
      </trkpt>
      <trkpt lat="46.7908702231943607330322265625" lon="17.185341976583003997802734375">
        <ele>134</ele>
        <time>2024-07-24T10:13:03.000Z</time>
        <extensions>
          <ns3:TrackPointExtension>
            <ns3:hr>133</ns3:hr>
          </ns3:TrackPointExtension>
        </extensions>
      </trkpt>
      <trkpt lat="46.79087080992758274078369140625" lon="17.185342311859130859375">
        <ele>134</ele>
        <time>2024-07-24T10:13:08.000Z</time>
        <extensions>
          <ns3:TrackPointExtension>
            <ns3:hr>130</ns3:hr>
          </ns3:TrackPointExtension>
        </extensions>
      </trkpt>
      <trkpt lat="46.79087215103209018707275390625" lon="17.18534306623041629791259765625">
        <ele>134</ele>
        <time>2024-07-24T10:13:16.000Z</time>
        <extensions>
          <ns3:TrackPointExtension>
            <ns3:hr>127</ns3:hr>
          </ns3:TrackPointExtension>
        </extensions>
      </trkpt>
      <trkpt lat="46.79087231867015361785888671875" lon="17.18534306623041629791259765625">
        <ele>134</ele>
        <time>2024-07-24T10:13:19.000Z</time>
        <extensions>
          <ns3:TrackPointExtension>
            <ns3:hr>124</ns3:hr>
          </ns3:TrackPointExtension>
        </extensions>
      </trkpt>
      <trkpt lat="46.790861673653125762939453125" lon="17.18526880256831645965576171875">
        <ele>134.399993896484375</ele>
        <time>2024-07-24T10:13:28.000Z</time>
        <extensions>
          <ns3:TrackPointExtension>
            <ns3:hr>125</ns3:hr>
          </ns3:TrackPointExtension>
        </extensions>
      </trkpt>
      <trkpt lat="46.79085806943476200103759765625" lon="17.18523569405078887939453125">
        <ele>134.600006103515625</ele>
        <time>2024-07-24T10:13:30.000Z</time>
        <extensions>
          <ns3:TrackPointExtension>
            <ns3:hr>123</ns3:hr>
          </ns3:TrackPointExtension>
        </extensions>
      </trkpt>
      <trkpt lat="46.79087935946881771087646484375" lon="17.1852234564721584320068359375">
        <ele>134.8000030517578125</ele>
        <time>2024-07-24T10:13:32.000Z</time>
        <extensions>
          <ns3:TrackPointExtension>
            <ns3:hr>122</ns3:hr>
          </ns3:TrackPointExtension>
        </extensions>
      </trkpt>
      <trkpt lat="46.7909121327102184295654296875" lon="17.185228653252124786376953125">
        <ele>134.8000030517578125</ele>
        <time>2024-07-24T10:13:34.000Z</time>
        <extensions>
          <ns3:TrackPointExtension>
            <ns3:hr>119</ns3:hr>
          </ns3:TrackPointExtension>
        </extensions>
      </trkpt>
      <trkpt lat="46.79099000059068202972412109375" lon="17.185253798961639404296875">
        <ele>134.8000030517578125</ele>
        <time>2024-07-24T10:13:39.000Z</time>
        <extensions>
          <ns3:TrackPointExtension>
            <ns3:hr>118</ns3:hr>
          </ns3:TrackPointExtension>
        </extensions>
      </trkpt>
      <trkpt lat="46.79104733280837535858154296875" lon="17.18527986668050289154052734375">
        <ele>134.8000030517578125</ele>
        <time>2024-07-24T10:13:44.000Z</time>
        <extensions>
          <ns3:TrackPointExtension>
            <ns3:hr>120</ns3:hr>
          </ns3:TrackPointExtension>
        </extensions>
      </trkpt>
      <trkpt lat="46.7910650186240673065185546875" lon="17.18529746867716312408447265625">
        <ele>134.8000030517578125</ele>
        <time>2024-07-24T10:13:46.000Z</time>
        <extensions>
          <ns3:TrackPointExtension>
            <ns3:hr>121</ns3:hr>
          </ns3:TrackPointExtension>
        </extensions>
      </trkpt>
      <trkpt lat="46.7911391146481037139892578125" lon="17.18533166684210300445556640625">
        <ele>134.8000030517578125</ele>
        <time>2024-07-24T10:13:51.000Z</time>
        <extensions>
          <ns3:TrackPointExtension>
            <ns3:hr>122</ns3:hr>
          </ns3:TrackPointExtension>
        </extensions>
      </trkpt>
      <trkpt lat="46.79116434417665004730224609375" lon="17.18534206040203571319580078125">
        <ele>134.8000030517578125</ele>
        <time>2024-07-24T10:13:53.000Z</time>
        <extensions>
          <ns3:TrackPointExtension>
            <ns3:hr>121</ns3:hr>
          </ns3:TrackPointExtension>
        </extensions>
      </trkpt>
      <trkpt lat="46.7912755720317363739013671875" lon="17.18536309897899627685546875">
        <ele>135.399993896484375</ele>
        <time>2024-07-24T10:14:00.000Z</time>
        <extensions>
          <ns3:TrackPointExtension>
            <ns3:hr>119</ns3:hr>
          </ns3:TrackPointExtension>
        </extensions>
      </trkpt>
      <trkpt lat="46.79133466444909572601318359375" lon="17.1853766776621341705322265625">
        <ele>135.600006103515625</ele>
        <time>2024-07-24T10:14:06.000Z</time>
        <extensions>
          <ns3:TrackPointExtension>
            <ns3:hr>120</ns3:hr>
          </ns3:TrackPointExtension>
        </extensions>
      </trkpt>
      <trkpt lat="46.7913432978093624114990234375" lon="17.1853810362517833709716796875">
        <ele>135.8000030517578125</ele>
        <time>2024-07-24T10:14:07.000Z</time>
        <extensions>
          <ns3:TrackPointExtension>
            <ns3:hr>120</ns3:hr>
          </ns3:TrackPointExtension>
        </extensions>
      </trkpt>
      <trkpt lat="46.7913945950567722320556640625" lon="17.1854340098798274993896484375">
        <ele>135.8000030517578125</ele>
        <time>2024-07-24T10:14:11.000Z</time>
        <extensions>
          <ns3:TrackPointExtension>
            <ns3:hr>124</ns3:hr>
          </ns3:TrackPointExtension>
        </extensions>
      </trkpt>
      <trkpt lat="46.791417561471462249755859375" lon="17.18545295298099517822265625">
        <ele>135.8000030517578125</ele>
        <time>2024-07-24T10:14:13.000Z</time>
        <extensions>
          <ns3:TrackPointExtension>
            <ns3:hr>121</ns3:hr>
          </ns3:TrackPointExtension>
        </extensions>
      </trkpt>
      <trkpt lat="46.7914425395429134368896484375" lon="17.1854692138731479644775390625">
        <ele>135.8000030517578125</ele>
        <time>2024-07-24T10:14:15.000Z</time>
        <extensions>
          <ns3:TrackPointExtension>
            <ns3:hr>121</ns3:hr>
          </ns3:TrackPointExtension>
        </extensions>
      </trkpt>
      <trkpt lat="46.79151856340467929840087890625" lon="17.1854658611118793487548828125">
        <ele>136.1999969482421875</ele>
        <time>2024-07-24T10:14:20.000Z</time>
        <extensions>
          <ns3:TrackPointExtension>
            <ns3:hr>120</ns3:hr>
          </ns3:TrackPointExtension>
        </extensions>
      </trkpt>
      <trkpt lat="46.79161093197762966156005859375" lon="17.1854641847312450408935546875">
        <ele>136.600006103515625</ele>
        <time>2024-07-24T10:14:27.000Z</time>
        <extensions>
          <ns3:TrackPointExtension>
            <ns3:hr>120</ns3:hr>
          </ns3:TrackPointExtension>
        </extensions>
      </trkpt>
      <trkpt lat="46.79166541434824466705322265625" lon="17.18550768680870532989501953125">
        <ele>136.399993896484375</ele>
        <time>2024-07-24T10:14:33.000Z</time>
        <extensions>
          <ns3:TrackPointExtension>
            <ns3:hr>122</ns3:hr>
          </ns3:TrackPointExtension>
        </extensions>
      </trkpt>
      <trkpt lat="46.79167471826076507568359375" lon="17.1855107881128787994384765625">
        <ele>136.399993896484375</ele>
        <time>2024-07-24T10:14:34.000Z</time>
        <extensions>
          <ns3:TrackPointExtension>
            <ns3:hr>122</ns3:hr>
          </ns3:TrackPointExtension>
        </extensions>
      </trkpt>
      <trkpt lat="46.791686117649078369140625" lon="17.185511291027069091796875">
        <ele>136.399993896484375</ele>
        <time>2024-07-24T10:14:35.000Z</time>
        <extensions>
          <ns3:TrackPointExtension>
            <ns3:hr>122</ns3:hr>
          </ns3:TrackPointExtension>
        </extensions>
      </trkpt>
      <trkpt lat="46.7917332239449024200439453125" lon="17.1855272166430950164794921875">
        <ele>136.600006103515625</ele>
        <time>2024-07-24T10:14:39.000Z</time>
        <extensions>
          <ns3:TrackPointExtension>
            <ns3:hr>123</ns3:hr>
          </ns3:TrackPointExtension>
        </extensions>
      </trkpt>
      <trkpt lat="46.791736744344234466552734375" lon="17.18554574064910411834716796875">
        <ele>136.399993896484375</ele>
        <time>2024-07-24T10:14:40.000Z</time>
        <extensions>
          <ns3:TrackPointExtension>
            <ns3:hr>123</ns3:hr>
          </ns3:TrackPointExtension>
        </extensions>
      </trkpt>
      <trkpt lat="46.7917623929679393768310546875" lon="17.185567282140254974365234375">
        <ele>136.1999969482421875</ele>
        <time>2024-07-24T10:14:43.000Z</time>
        <extensions>
          <ns3:TrackPointExtension>
            <ns3:hr>120</ns3:hr>
          </ns3:TrackPointExtension>
        </extensions>
      </trkpt>
      <trkpt lat="46.791793070733547210693359375" lon="17.18557407148182392120361328125">
        <ele>136.1999969482421875</ele>
        <time>2024-07-24T10:14:46.000Z</time>
        <extensions>
          <ns3:TrackPointExtension>
            <ns3:hr>123</ns3:hr>
          </ns3:TrackPointExtension>
        </extensions>
      </trkpt>
      <trkpt lat="46.79188652895390987396240234375" lon="17.1856060065329074859619140625">
        <ele>136</ele>
        <time>2024-07-24T10:14:53.000Z</time>
        <extensions>
          <ns3:TrackPointExtension>
            <ns3:hr>124</ns3:hr>
          </ns3:TrackPointExtension>
        </extensions>
      </trkpt>
      <trkpt lat="46.79191921837627887725830078125" lon="17.1856308169662952423095703125">
        <ele>135.8000030517578125</ele>
        <time>2024-07-24T10:14:56.000Z</time>
        <extensions>
          <ns3:TrackPointExtension>
            <ns3:hr>124</ns3:hr>
          </ns3:TrackPointExtension>
        </extensions>
      </trkpt>
      <trkpt lat="46.79196842014789581298828125" lon="17.18565135262906551361083984375">
        <ele>135.600006103515625</ele>
        <time>2024-07-24T10:14:59.000Z</time>
        <extensions>
          <ns3:TrackPointExtension>
            <ns3:hr>126</ns3:hr>
          </ns3:TrackPointExtension>
        </extensions>
      </trkpt>
      <trkpt lat="46.79208450950682163238525390625" lon="17.18568471260368824005126953125">
        <ele>135.399993896484375</ele>
        <time>2024-07-24T10:15:06.000Z</time>
        <extensions>
          <ns3:TrackPointExtension>
            <ns3:hr>128</ns3:hr>
          </ns3:TrackPointExtension>
        </extensions>
      </trkpt>
      <trkpt lat="46.79218433797359466552734375" lon="17.18572377227246761322021484375">
        <ele>135.1999969482421875</ele>
        <time>2024-07-24T10:15:14.000Z</time>
        <extensions>
          <ns3:TrackPointExtension>
            <ns3:hr>126</ns3:hr>
          </ns3:TrackPointExtension>
        </extensions>
      </trkpt>
      <trkpt lat="46.7922478727996349334716796875" lon="17.18574506230652332305908203125">
        <ele>135</ele>
        <time>2024-07-24T10:15:18.000Z</time>
        <extensions>
          <ns3:TrackPointExtension>
            <ns3:hr>123</ns3:hr>
          </ns3:TrackPointExtension>
        </extensions>
      </trkpt>
      <trkpt lat="46.7923045344650745391845703125" lon="17.18575998209416866302490234375">
        <ele>134.8000030517578125</ele>
        <time>2024-07-24T10:15:22.000Z</time>
        <extensions>
          <ns3:TrackPointExtension>
            <ns3:hr>122</ns3:hr>
          </ns3:TrackPointExtension>
        </extensions>
      </trkpt>
      <trkpt lat="46.79239547811448574066162109375" lon="17.18578412197530269622802734375">
        <ele>134.8000030517578125</ele>
        <time>2024-07-24T10:15:28.000Z</time>
        <extensions>
          <ns3:TrackPointExtension>
            <ns3:hr>125</ns3:hr>
          </ns3:TrackPointExtension>
        </extensions>
      </trkpt>
      <trkpt lat="46.79240905679762363433837890625" lon="17.18579501844942569732666015625">
        <ele>134.600006103515625</ele>
        <time>2024-07-24T10:15:29.000Z</time>
        <extensions>
          <ns3:TrackPointExtension>
            <ns3:hr>125</ns3:hr>
          </ns3:TrackPointExtension>
        </extensions>
      </trkpt>
      <trkpt lat="46.79242028854787349700927734375" lon="17.185799963772296905517578125">
        <ele>134.600006103515625</ele>
        <time>2024-07-24T10:15:30.000Z</time>
        <extensions>
          <ns3:TrackPointExtension>
            <ns3:hr>125</ns3:hr>
          </ns3:TrackPointExtension>
        </extensions>
      </trkpt>
      <trkpt lat="46.7925189435482025146484375" lon="17.18586224131286144256591796875">
        <ele>134.1999969482421875</ele>
        <time>2024-07-24T10:15:38.000Z</time>
        <extensions>
          <ns3:TrackPointExtension>
            <ns3:hr>125</ns3:hr>
          </ns3:TrackPointExtension>
        </extensions>
      </trkpt>
      <trkpt lat="46.792598068714141845703125" lon="17.1859104372560977935791015625">
        <ele>133.8000030517578125</ele>
        <time>2024-07-24T10:15:45.000Z</time>
        <extensions>
          <ns3:TrackPointExtension>
            <ns3:hr>125</ns3:hr>
          </ns3:TrackPointExtension>
        </extensions>
      </trkpt>
      <trkpt lat="46.79269219748675823211669921875" lon="17.18594522215425968170166015625">
        <ele>133.600006103515625</ele>
        <time>2024-07-24T10:15:53.000Z</time>
        <extensions>
          <ns3:TrackPointExtension>
            <ns3:hr>126</ns3:hr>
          </ns3:TrackPointExtension>
        </extensions>
      </trkpt>
      <trkpt lat="46.79280929267406463623046875" lon="17.1859855391085147857666015625">
        <ele>133.1999969482421875</ele>
        <time>2024-07-24T10:16:02.000Z</time>
        <extensions>
          <ns3:TrackPointExtension>
            <ns3:hr>126</ns3:hr>
          </ns3:TrackPointExtension>
        </extensions>
      </trkpt>
      <trkpt lat="46.792892776429653167724609375" lon="17.18602786771953105926513671875">
        <ele>133</ele>
        <time>2024-07-24T10:16:08.000Z</time>
        <extensions>
          <ns3:TrackPointExtension>
            <ns3:hr>124</ns3:hr>
          </ns3:TrackPointExtension>
        </extensions>
      </trkpt>
      <trkpt lat="46.79291850887238979339599609375" lon="17.18602937646210193634033203125">
        <ele>133.1999969482421875</ele>
        <time>2024-07-24T10:16:10.000Z</time>
        <extensions>
          <ns3:TrackPointExtension>
            <ns3:hr>123</ns3:hr>
          </ns3:TrackPointExtension>
        </extensions>
      </trkpt>
      <trkpt lat="46.7930186726152896881103515625" lon="17.186047397553920745849609375">
        <ele>133.399993896484375</ele>
        <time>2024-07-24T10:16:18.000Z</time>
        <extensions>
          <ns3:TrackPointExtension>
            <ns3:hr>120</ns3:hr>
          </ns3:TrackPointExtension>
        </extensions>
      </trkpt>
      <trkpt lat="46.79306468926370143890380859375" lon="17.186048738658428192138671875">
        <ele>133.600006103515625</ele>
        <time>2024-07-24T10:16:20.000Z</time>
        <extensions>
          <ns3:TrackPointExtension>
            <ns3:hr>120</ns3:hr>
          </ns3:TrackPointExtension>
        </extensions>
      </trkpt>
      <trkpt lat="46.79321522824466228485107421875" lon="17.18608737923204898834228515625">
        <ele>133.8000030517578125</ele>
        <time>2024-07-24T10:16:31.000Z</time>
        <extensions>
          <ns3:TrackPointExtension>
            <ns3:hr>120</ns3:hr>
          </ns3:TrackPointExtension>
        </extensions>
      </trkpt>
      <trkpt lat="46.793317906558513641357421875" lon="17.18612082302570343017578125">
        <ele>134</ele>
        <time>2024-07-24T10:16:40.000Z</time>
        <extensions>
          <ns3:TrackPointExtension>
            <ns3:hr>120</ns3:hr>
          </ns3:TrackPointExtension>
        </extensions>
      </trkpt>
      <trkpt lat="46.7934049107134342193603515625" lon="17.18617253936827182769775390625">
        <ele>133.8000030517578125</ele>
        <time>2024-07-24T10:16:48.000Z</time>
        <extensions>
          <ns3:TrackPointExtension>
            <ns3:hr>120</ns3:hr>
          </ns3:TrackPointExtension>
        </extensions>
      </trkpt>
      <trkpt lat="46.79342829622328281402587890625" lon="17.18618377111852169036865234375">
        <ele>133.8000030517578125</ele>
        <time>2024-07-24T10:16:53.000Z</time>
        <extensions>
          <ns3:TrackPointExtension>
            <ns3:hr>121</ns3:hr>
          </ns3:TrackPointExtension>
        </extensions>
      </trkpt>
      <trkpt lat="46.7934424616396427154541015625" lon="17.18617974780499935150146484375">
        <ele>134</ele>
        <time>2024-07-24T10:17:00.000Z</time>
        <extensions>
          <ns3:TrackPointExtension>
            <ns3:hr>118</ns3:hr>
          </ns3:TrackPointExtension>
        </extensions>
      </trkpt>
      <trkpt lat="46.79351882077753543853759765625" lon="17.186190225183963775634765625">
        <ele>134.1999969482421875</ele>
        <time>2024-07-24T10:17:06.000Z</time>
        <extensions>
          <ns3:TrackPointExtension>
            <ns3:hr>121</ns3:hr>
          </ns3:TrackPointExtension>
        </extensions>
      </trkpt>
      <trkpt lat="46.7936355806887149810791015625" lon="17.1862212382256984710693359375">
        <ele>134.1999969482421875</ele>
        <time>2024-07-24T10:17:15.000Z</time>
        <extensions>
          <ns3:TrackPointExtension>
            <ns3:hr>121</ns3:hr>
          </ns3:TrackPointExtension>
        </extensions>
      </trkpt>
      <trkpt lat="46.79374496452510356903076171875" lon="17.18626071698963642120361328125">
        <ele>134.1999969482421875</ele>
        <time>2024-07-24T10:17:23.000Z</time>
        <extensions>
          <ns3:TrackPointExtension>
            <ns3:hr>124</ns3:hr>
          </ns3:TrackPointExtension>
        </extensions>
      </trkpt>
      <trkpt lat="46.79380598478019237518310546875" lon="17.18628703616559505462646484375">
        <ele>134</ele>
        <time>2024-07-24T10:17:28.000Z</time>
        <extensions>
          <ns3:TrackPointExtension>
            <ns3:hr>124</ns3:hr>
          </ns3:TrackPointExtension>
        </extensions>
      </trkpt>
      <trkpt lat="46.7938753031194210052490234375" lon="17.18630857765674591064453125">
        <ele>134</ele>
        <time>2024-07-24T10:17:33.000Z</time>
        <extensions>
          <ns3:TrackPointExtension>
            <ns3:hr>121</ns3:hr>
          </ns3:TrackPointExtension>
        </extensions>
      </trkpt>
      <trkpt lat="46.793910004198551177978515625" lon="17.186330370604991912841796875">
        <ele>133.8000030517578125</ele>
        <time>2024-07-24T10:17:36.000Z</time>
        <extensions>
          <ns3:TrackPointExtension>
            <ns3:hr>124</ns3:hr>
          </ns3:TrackPointExtension>
        </extensions>
      </trkpt>
      <trkpt lat="46.79396742023527622222900390625" lon="17.18636163510382175445556640625">
        <ele>133.8000030517578125</ele>
        <time>2024-07-24T10:17:41.000Z</time>
        <extensions>
          <ns3:TrackPointExtension>
            <ns3:hr>125</ns3:hr>
          </ns3:TrackPointExtension>
        </extensions>
      </trkpt>
      <trkpt lat="46.794021986424922943115234375" lon="17.186399437487125396728515625">
        <ele>133.600006103515625</ele>
        <time>2024-07-24T10:17:46.000Z</time>
        <extensions>
          <ns3:TrackPointExtension>
            <ns3:hr>128</ns3:hr>
          </ns3:TrackPointExtension>
        </extensions>
      </trkpt>
      <trkpt lat="46.7940486408770084381103515625" lon="17.18643489293754100799560546875">
        <ele>133.600006103515625</ele>
        <time>2024-07-24T10:17:49.000Z</time>
        <extensions>
          <ns3:TrackPointExtension>
            <ns3:hr>129</ns3:hr>
          </ns3:TrackPointExtension>
        </extensions>
      </trkpt>
      <trkpt lat="46.7940898798406124114990234375" lon="17.1864555962383747100830078125">
        <ele>133.399993896484375</ele>
        <time>2024-07-24T10:17:52.000Z</time>
        <extensions>
          <ns3:TrackPointExtension>
            <ns3:hr>129</ns3:hr>
          </ns3:TrackPointExtension>
        </extensions>
      </trkpt>
      <trkpt lat="46.79414344020187854766845703125" lon="17.1864674985408782958984375">
        <ele>133.399993896484375</ele>
        <time>2024-07-24T10:17:56.000Z</time>
        <extensions>
          <ns3:TrackPointExtension>
            <ns3:hr>127</ns3:hr>
          </ns3:TrackPointExtension>
        </extensions>
      </trkpt>
      <trkpt lat="46.7942779697477817535400390625" lon="17.18650949187576770782470703125">
        <ele>133.1999969482421875</ele>
        <time>2024-07-24T10:18:05.000Z</time>
        <extensions>
          <ns3:TrackPointExtension>
            <ns3:hr>128</ns3:hr>
          </ns3:TrackPointExtension>
        </extensions>
      </trkpt>
      <trkpt lat="46.79440679959952831268310546875" lon="17.1865533292293548583984375">
        <ele>132</ele>
        <time>2024-07-24T10:18:15.000Z</time>
        <extensions>
          <ns3:TrackPointExtension>
            <ns3:hr>128</ns3:hr>
          </ns3:TrackPointExtension>
        </extensions>
      </trkpt>
      <trkpt lat="46.79456488229334354400634765625" lon="17.18661208637058734893798828125">
        <ele>130.8000030517578125</ele>
        <time>2024-07-24T10:18:27.000Z</time>
        <extensions>
          <ns3:TrackPointExtension>
            <ns3:hr>126</ns3:hr>
          </ns3:TrackPointExtension>
        </extensions>
      </trkpt>
      <trkpt lat="46.79470452480018138885498046875" lon="17.186660952866077423095703125">
        <ele>130.8000030517578125</ele>
        <time>2024-07-24T10:18:38.000Z</time>
        <extensions>
          <ns3:TrackPointExtension>
            <ns3:hr>125</ns3:hr>
          </ns3:TrackPointExtension>
        </extensions>
      </trkpt>
      <trkpt lat="46.7948077060282230377197265625" lon="17.18670646660029888153076171875">
        <ele>130.600006103515625</ele>
        <time>2024-07-24T10:18:47.000Z</time>
        <extensions>
          <ns3:TrackPointExtension>
            <ns3:hr>127</ns3:hr>
          </ns3:TrackPointExtension>
        </extensions>
      </trkpt>
      <trkpt lat="46.79486453533172607421875" lon="17.18671954236924648284912109375">
        <ele>130.8000030517578125</ele>
        <time>2024-07-24T10:18:51.000Z</time>
        <extensions>
          <ns3:TrackPointExtension>
            <ns3:hr>130</ns3:hr>
          </ns3:TrackPointExtension>
        </extensions>
      </trkpt>
      <trkpt lat="46.79493963718414306640625" lon="17.1867392398416996002197265625">
        <ele>131</ele>
        <time>2024-07-24T10:18:57.000Z</time>
        <extensions>
          <ns3:TrackPointExtension>
            <ns3:hr>129</ns3:hr>
          </ns3:TrackPointExtension>
        </extensions>
      </trkpt>
      <trkpt lat="46.7950118891894817352294921875" lon="17.1867456100881099700927734375">
        <ele>131.1999969482421875</ele>
        <time>2024-07-24T10:19:02.000Z</time>
        <extensions>
          <ns3:TrackPointExtension>
            <ns3:hr>126</ns3:hr>
          </ns3:TrackPointExtension>
        </extensions>
      </trkpt>
      <trkpt lat="46.79504684172570705413818359375" lon="17.18676916323602199554443359375">
        <ele>131.1999969482421875</ele>
        <time>2024-07-24T10:19:05.000Z</time>
        <extensions>
          <ns3:TrackPointExtension>
            <ns3:hr>126</ns3:hr>
          </ns3:TrackPointExtension>
        </extensions>
      </trkpt>
      <trkpt lat="46.79517860524356365203857421875" lon="17.18682616017758846282958984375">
        <ele>131.399993896484375</ele>
        <time>2024-07-24T10:19:15.000Z</time>
        <extensions>
          <ns3:TrackPointExtension>
            <ns3:hr>128</ns3:hr>
          </ns3:TrackPointExtension>
        </extensions>
      </trkpt>
      <trkpt lat="46.79529570043087005615234375" lon="17.1868813969194889068603515625">
        <ele>131.600006103515625</ele>
        <time>2024-07-24T10:19:24.000Z</time>
        <extensions>
          <ns3:TrackPointExtension>
            <ns3:hr>131</ns3:hr>
          </ns3:TrackPointExtension>
        </extensions>
      </trkpt>
      <trkpt lat="46.79535060189664363861083984375" lon="17.18689891509711742401123046875">
        <ele>131.8000030517578125</ele>
        <time>2024-07-24T10:19:28.000Z</time>
        <extensions>
          <ns3:TrackPointExtension>
            <ns3:hr>130</ns3:hr>
          </ns3:TrackPointExtension>
        </extensions>
      </trkpt>
      <trkpt lat="46.79547901265323162078857421875" lon="17.1869544871151447296142578125">
        <ele>132.1999969482421875</ele>
        <time>2024-07-24T10:19:38.000Z</time>
        <extensions>
          <ns3:TrackPointExtension>
            <ns3:hr>128</ns3:hr>
          </ns3:TrackPointExtension>
        </extensions>
      </trkpt>
      <trkpt lat="46.7956552840769290924072265625" lon="17.18701877631247043609619140625">
        <ele>132.8000030517578125</ele>
        <time>2024-07-24T10:19:52.000Z</time>
        <extensions>
          <ns3:TrackPointExtension>
            <ns3:hr>128</ns3:hr>
          </ns3:TrackPointExtension>
        </extensions>
      </trkpt>
      <trkpt lat="46.7958266101777553558349609375" lon="17.1870714984834194183349609375">
        <ele>132.399993896484375</ele>
        <time>2024-07-24T10:20:05.000Z</time>
        <extensions>
          <ns3:TrackPointExtension>
            <ns3:hr>131</ns3:hr>
          </ns3:TrackPointExtension>
        </extensions>
      </trkpt>
      <trkpt lat="46.79595728404819965362548828125" lon="17.18712187372148036956787109375">
        <ele>132</ele>
        <time>2024-07-24T10:20:15.000Z</time>
        <extensions>
          <ns3:TrackPointExtension>
            <ns3:hr>133</ns3:hr>
          </ns3:TrackPointExtension>
        </extensions>
      </trkpt>
      <trkpt lat="46.79602886550128459930419921875" lon="17.18714601360261440277099609375">
        <ele>132</ele>
        <time>2024-07-24T10:20:21.000Z</time>
        <extensions>
          <ns3:TrackPointExtension>
            <ns3:hr>131</ns3:hr>
          </ns3:TrackPointExtension>
        </extensions>
      </trkpt>
      <trkpt lat="46.79606876336038112640380859375" lon="17.18715255148708820343017578125">
        <ele>131.8000030517578125</ele>
        <time>2024-07-24T10:20:24.000Z</time>
        <extensions>
          <ns3:TrackPointExtension>
            <ns3:hr>131</ns3:hr>
          </ns3:TrackPointExtension>
        </extensions>
      </trkpt>
      <trkpt lat="46.7962445318698883056640625" lon="17.18718440271914005279541015625">
        <ele>131.600006103515625</ele>
        <time>2024-07-24T10:20:38.000Z</time>
        <extensions>
          <ns3:TrackPointExtension>
            <ns3:hr>131</ns3:hr>
          </ns3:TrackPointExtension>
        </extensions>
      </trkpt>
      <trkpt lat="46.796431951224803924560546875" lon="17.18719228170812129974365234375">
        <ele>131.600006103515625</ele>
        <time>2024-07-24T10:20:52.000Z</time>
        <extensions>
          <ns3:TrackPointExtension>
            <ns3:hr>129</ns3:hr>
          </ns3:TrackPointExtension>
        </extensions>
      </trkpt>
      <trkpt lat="46.796460449695587158203125" lon="17.18719462864100933074951171875">
        <ele>131.600006103515625</ele>
        <time>2024-07-24T10:20:54.000Z</time>
        <extensions>
          <ns3:TrackPointExtension>
            <ns3:hr>129</ns3:hr>
          </ns3:TrackPointExtension>
        </extensions>
      </trkpt>
      <trkpt lat="46.79663487710058689117431640625" lon="17.1872666291892528533935546875">
        <ele>131</ele>
        <time>2024-07-24T10:21:08.000Z</time>
        <extensions>
          <ns3:TrackPointExtension>
            <ns3:hr>131</ns3:hr>
          </ns3:TrackPointExtension>
        </extensions>
      </trkpt>
      <trkpt lat="46.796738393604755401611328125" lon="17.18730677850544452667236328125">
        <ele>130.8000030517578125</ele>
        <time>2024-07-24T10:21:16.000Z</time>
        <extensions>
          <ns3:TrackPointExtension>
            <ns3:hr>134</ns3:hr>
          </ns3:TrackPointExtension>
        </extensions>
      </trkpt>
      <trkpt lat="46.79678441025316715240478515625" lon="17.18732739798724651336669921875">
        <ele>130.8000030517578125</ele>
        <time>2024-07-24T10:21:20.000Z</time>
        <extensions>
          <ns3:TrackPointExtension>
            <ns3:hr>134</ns3:hr>
          </ns3:TrackPointExtension>
        </extensions>
      </trkpt>
      <trkpt lat="46.79694953374564647674560546875" lon="17.18739311210811138153076171875">
        <ele>130.8000030517578125</ele>
        <time>2024-07-24T10:21:33.000Z</time>
        <extensions>
          <ns3:TrackPointExtension>
            <ns3:hr>134</ns3:hr>
          </ns3:TrackPointExtension>
        </extensions>
      </trkpt>
      <trkpt lat="46.79704760201275348663330078125" lon="17.1874262206256389617919921875">
        <ele>131</ele>
        <time>2024-07-24T10:21:41.000Z</time>
        <extensions>
          <ns3:TrackPointExtension>
            <ns3:hr>133</ns3:hr>
          </ns3:TrackPointExtension>
        </extensions>
      </trkpt>
      <trkpt lat="46.79705296643078327178955078125" lon="17.18743150122463703155517578125">
        <ele>131</ele>
        <time>2024-07-24T10:21:42.000Z</time>
        <extensions>
          <ns3:TrackPointExtension>
            <ns3:hr>133</ns3:hr>
          </ns3:TrackPointExtension>
        </extensions>
      </trkpt>
      <trkpt lat="46.79706319235265254974365234375" lon="17.1874384582042694091796875">
        <ele>131</ele>
        <time>2024-07-24T10:21:43.000Z</time>
        <extensions>
          <ns3:TrackPointExtension>
            <ns3:hr>133</ns3:hr>
          </ns3:TrackPointExtension>
        </extensions>
      </trkpt>
      <trkpt lat="46.79712035693228244781494140625" lon="17.18747156672179698944091796875">
        <ele>131.1999969482421875</ele>
        <time>2024-07-24T10:21:48.000Z</time>
        <extensions>
          <ns3:TrackPointExtension>
            <ns3:hr>133</ns3:hr>
          </ns3:TrackPointExtension>
        </extensions>
      </trkpt>
      <trkpt lat="46.79728548042476177215576171875" lon="17.18754314817488193511962890625">
        <ele>131.399993896484375</ele>
        <time>2024-07-24T10:22:00.000Z</time>
        <extensions>
          <ns3:TrackPointExtension>
            <ns3:hr>134</ns3:hr>
          </ns3:TrackPointExtension>
        </extensions>
      </trkpt>
      <trkpt lat="46.7974107898771762847900390625" lon="17.18760701827704906463623046875">
        <ele>132</ele>
        <time>2024-07-24T10:22:10.000Z</time>
        <extensions>
          <ns3:TrackPointExtension>
            <ns3:hr>135</ns3:hr>
          </ns3:TrackPointExtension>
        </extensions>
      </trkpt>
      <trkpt lat="46.797523610293865203857421875" lon="17.187660746276378631591796875">
        <ele>132.600006103515625</ele>
        <time>2024-07-24T10:22:19.000Z</time>
        <extensions>
          <ns3:TrackPointExtension>
            <ns3:hr>136</ns3:hr>
          </ns3:TrackPointExtension>
        </extensions>
      </trkpt>
      <trkpt lat="46.79754531942307949066162109375" lon="17.187673486769199371337890625">
        <ele>132.8000030517578125</ele>
        <time>2024-07-24T10:22:21.000Z</time>
        <extensions>
          <ns3:TrackPointExtension>
            <ns3:hr>136</ns3:hr>
          </ns3:TrackPointExtension>
        </extensions>
      </trkpt>
      <trkpt lat="46.7976149730384349822998046875" lon="17.1877044998109340667724609375">
        <ele>133</ele>
        <time>2024-07-24T10:22:26.000Z</time>
        <extensions>
          <ns3:TrackPointExtension>
            <ns3:hr>133</ns3:hr>
          </ns3:TrackPointExtension>
        </extensions>
      </trkpt>
      <trkpt lat="46.79764104075729846954345703125" lon="17.18771380372345447540283203125">
        <ele>133</ele>
        <time>2024-07-24T10:22:28.000Z</time>
        <extensions>
          <ns3:TrackPointExtension>
            <ns3:hr>134</ns3:hr>
          </ns3:TrackPointExtension>
        </extensions>
      </trkpt>
      <trkpt lat="46.79777632467448711395263671875" lon="17.18778035603463649749755859375">
        <ele>133</ele>
        <time>2024-07-24T10:22:38.000Z</time>
        <extensions>
          <ns3:TrackPointExtension>
            <ns3:hr>134</ns3:hr>
          </ns3:TrackPointExtension>
        </extensions>
      </trkpt>
      <trkpt lat="46.7979227565228939056396484375" lon="17.1878805197775363922119140625">
        <ele>132.600006103515625</ele>
        <time>2024-07-24T10:22:50.000Z</time>
        <extensions>
          <ns3:TrackPointExtension>
            <ns3:hr>134</ns3:hr>
          </ns3:TrackPointExtension>
        </extensions>
      </trkpt>
      <trkpt lat="46.79803046397864818572998046875" lon="17.18795687891542911529541015625">
        <ele>132</ele>
        <time>2024-07-24T10:22:59.000Z</time>
        <extensions>
          <ns3:TrackPointExtension>
            <ns3:hr>135</ns3:hr>
          </ns3:TrackPointExtension>
        </extensions>
      </trkpt>
      <trkpt lat="46.79811378009617328643798828125" lon="17.187996692955493927001953125">
        <ele>131.8000030517578125</ele>
        <time>2024-07-24T10:23:06.000Z</time>
        <extensions>
          <ns3:TrackPointExtension>
            <ns3:hr>136</ns3:hr>
          </ns3:TrackPointExtension>
        </extensions>
      </trkpt>
      <trkpt lat="46.79827152751386165618896484375" lon="17.18809115700423717498779296875">
        <ele>131.600006103515625</ele>
        <time>2024-07-24T10:23:18.000Z</time>
        <extensions>
          <ns3:TrackPointExtension>
            <ns3:hr>136</ns3:hr>
          </ns3:TrackPointExtension>
        </extensions>
      </trkpt>
      <trkpt lat="46.79844193160533905029296875" lon="17.18817631714046001434326171875">
        <ele>131.600006103515625</ele>
        <time>2024-07-24T10:23:32.000Z</time>
        <extensions>
          <ns3:TrackPointExtension>
            <ns3:hr>134</ns3:hr>
          </ns3:TrackPointExtension>
        </extensions>
      </trkpt>
      <trkpt lat="46.7985664866864681243896484375" lon="17.18824446201324462890625">
        <ele>132</ele>
        <time>2024-07-24T10:23:41.000Z</time>
        <extensions>
          <ns3:TrackPointExtension>
            <ns3:hr>133</ns3:hr>
          </ns3:TrackPointExtension>
        </extensions>
      </trkpt>
      <trkpt lat="46.798650808632373809814453125" lon="17.18830682337284088134765625">
        <ele>132.1999969482421875</ele>
        <time>2024-07-24T10:23:49.000Z</time>
        <extensions>
          <ns3:TrackPointExtension>
            <ns3:hr>131</ns3:hr>
          </ns3:TrackPointExtension>
        </extensions>
      </trkpt>
      <trkpt lat="46.7987368069589138031005859375" lon="17.18836826272308826446533203125">
        <ele>132.1999969482421875</ele>
        <time>2024-07-24T10:23:57.000Z</time>
        <extensions>
          <ns3:TrackPointExtension>
            <ns3:hr>131</ns3:hr>
          </ns3:TrackPointExtension>
        </extensions>
      </trkpt>
      <trkpt lat="46.79885767400264739990234375" lon="17.1884384192526340484619140625">
        <ele>132.1999969482421875</ele>
        <time>2024-07-24T10:24:07.000Z</time>
        <extensions>
          <ns3:TrackPointExtension>
            <ns3:hr>133</ns3:hr>
          </ns3:TrackPointExtension>
        </extensions>
      </trkpt>
      <trkpt lat="46.798990778625011444091796875" lon="17.18853891827166080474853515625">
        <ele>132</ele>
        <time>2024-07-24T10:24:18.000Z</time>
        <extensions>
          <ns3:TrackPointExtension>
            <ns3:hr>135</ns3:hr>
          </ns3:TrackPointExtension>
        </extensions>
      </trkpt>
      <trkpt lat="46.7990975640714168548583984375" lon="17.18864872120320796966552734375">
        <ele>131.1999969482421875</ele>
        <time>2024-07-24T10:24:28.000Z</time>
        <extensions>
          <ns3:TrackPointExtension>
            <ns3:hr>134</ns3:hr>
          </ns3:TrackPointExtension>
        </extensions>
      </trkpt>
      <trkpt lat="46.79914307780563831329345703125" lon="17.1886888705193996429443359375">
        <ele>130.8000030517578125</ele>
        <time>2024-07-24T10:24:32.000Z</time>
        <extensions>
          <ns3:TrackPointExtension>
            <ns3:hr>133</ns3:hr>
          </ns3:TrackPointExtension>
        </extensions>
      </trkpt>
      <trkpt lat="46.799181215465068817138671875" lon="17.18871175311505794525146484375">
        <ele>130.8000030517578125</ele>
        <time>2024-07-24T10:24:35.000Z</time>
        <extensions>
          <ns3:TrackPointExtension>
            <ns3:hr>133</ns3:hr>
          </ns3:TrackPointExtension>
        </extensions>
      </trkpt>
      <trkpt lat="46.79928171448409557342529296875" lon="17.1887928061187267303466796875">
        <ele>130.399993896484375</ele>
        <time>2024-07-24T10:24:44.000Z</time>
        <extensions>
          <ns3:TrackPointExtension>
            <ns3:hr>134</ns3:hr>
          </ns3:TrackPointExtension>
        </extensions>
      </trkpt>
      <trkpt lat="46.7993654496967792510986328125" lon="17.1888766251504421234130859375">
        <ele>130.1999969482421875</ele>
        <time>2024-07-24T10:24:52.000Z</time>
        <extensions>
          <ns3:TrackPointExtension>
            <ns3:hr>134</ns3:hr>
          </ns3:TrackPointExtension>
        </extensions>
      </trkpt>
      <trkpt lat="46.7994811199605464935302734375" lon="17.18897276557981967926025390625">
        <ele>130.399993896484375</ele>
        <time>2024-07-24T10:25:02.000Z</time>
        <extensions>
          <ns3:TrackPointExtension>
            <ns3:hr>134</ns3:hr>
          </ns3:TrackPointExtension>
        </extensions>
      </trkpt>
      <trkpt lat="46.7996226064860820770263671875" lon="17.18904116190969944000244140625">
        <ele>130.600006103515625</ele>
        <time>2024-07-24T10:25:13.000Z</time>
        <extensions>
          <ns3:TrackPointExtension>
            <ns3:hr>133</ns3:hr>
          </ns3:TrackPointExtension>
        </extensions>
      </trkpt>
      <trkpt lat="46.79973852820694446563720703125" lon="17.1890834905207157135009765625">
        <ele>130.8000030517578125</ele>
        <time>2024-07-24T10:25:22.000Z</time>
        <extensions>
          <ns3:TrackPointExtension>
            <ns3:hr>133</ns3:hr>
          </ns3:TrackPointExtension>
        </extensions>
      </trkpt>
      <trkpt lat="46.79980809800326824188232421875" lon="17.18912280164659023284912109375">
        <ele>130.600006103515625</ele>
        <time>2024-07-24T10:25:28.000Z</time>
        <extensions>
          <ns3:TrackPointExtension>
            <ns3:hr>131</ns3:hr>
          </ns3:TrackPointExtension>
        </extensions>
      </trkpt>
      <trkpt lat="46.79992360062897205352783203125" lon="17.1891793794929981231689453125">
        <ele>130.1999969482421875</ele>
        <time>2024-07-24T10:25:38.000Z</time>
        <extensions>
          <ns3:TrackPointExtension>
            <ns3:hr>130</ns3:hr>
          </ns3:TrackPointExtension>
        </extensions>
      </trkpt>
      <trkpt lat="46.800069697201251983642578125" lon="17.1892068721354007720947265625">
        <ele>130</ele>
        <time>2024-07-24T10:25:50.000Z</time>
        <extensions>
          <ns3:TrackPointExtension>
            <ns3:hr>130</ns3:hr>
          </ns3:TrackPointExtension>
        </extensions>
      </trkpt>
      <trkpt lat="46.80024948902428150177001953125" lon="17.1892310120165348052978515625">
        <ele>130</ele>
        <time>2024-07-24T10:26:04.000Z</time>
        <extensions>
          <ns3:TrackPointExtension>
            <ns3:hr>128</ns3:hr>
          </ns3:TrackPointExtension>
        </extensions>
      </trkpt>
      <trkpt lat="46.8003699369728565216064453125" lon="17.189237885177135467529296875">
        <ele>129.8000030517578125</ele>
        <time>2024-07-24T10:26:14.000Z</time>
        <extensions>
          <ns3:TrackPointExtension>
            <ns3:hr>131</ns3:hr>
          </ns3:TrackPointExtension>
        </extensions>
      </trkpt>
      <trkpt lat="46.80039499886333942413330078125" lon="17.18923578970134258270263671875">
        <ele>129.8000030517578125</ele>
        <time>2024-07-24T10:26:16.000Z</time>
        <extensions>
          <ns3:TrackPointExtension>
            <ns3:hr>131</ns3:hr>
          </ns3:TrackPointExtension>
        </extensions>
      </trkpt>
      <trkpt lat="46.80051670409739017486572265625" lon="17.189221121370792388916015625">
        <ele>129.399993896484375</ele>
        <time>2024-07-24T10:26:26.000Z</time>
        <extensions>
          <ns3:TrackPointExtension>
            <ns3:hr>131</ns3:hr>
          </ns3:TrackPointExtension>
        </extensions>
      </trkpt>
      <trkpt lat="46.80065684951841831207275390625" lon="17.189191281795501708984375">
        <ele>129.8000030517578125</ele>
        <time>2024-07-24T10:26:38.000Z</time>
        <extensions>
          <ns3:TrackPointExtension>
            <ns3:hr>130</ns3:hr>
          </ns3:TrackPointExtension>
        </extensions>
      </trkpt>
      <trkpt lat="46.8007256649434566497802734375" lon="17.189175523817539215087890625">
        <ele>130</ele>
        <time>2024-07-24T10:26:46.000Z</time>
        <extensions>
          <ns3:TrackPointExtension>
            <ns3:hr>129</ns3:hr>
          </ns3:TrackPointExtension>
        </extensions>
      </trkpt>
      <trkpt lat="46.8007635511457920074462890625" lon="17.18917342834174633026123046875">
        <ele>129.8000030517578125</ele>
        <time>2024-07-24T10:26:53.000Z</time>
        <extensions>
          <ns3:TrackPointExtension>
            <ns3:hr>129</ns3:hr>
          </ns3:TrackPointExtension>
        </extensions>
      </trkpt>
      <trkpt lat="46.80085734464228153228759765625" lon="17.1891550719738006591796875">
        <ele>129.600006103515625</ele>
        <time>2024-07-24T10:27:01.000Z</time>
        <extensions>
          <ns3:TrackPointExtension>
            <ns3:hr>131</ns3:hr>
          </ns3:TrackPointExtension>
        </extensions>
      </trkpt>
      <trkpt lat="46.8008808977901935577392578125" lon="17.1891552396118640899658203125">
        <ele>129.600006103515625</ele>
        <time>2024-07-24T10:27:03.000Z</time>
        <extensions>
          <ns3:TrackPointExtension>
            <ns3:hr>131</ns3:hr>
          </ns3:TrackPointExtension>
        </extensions>
      </trkpt>
      <trkpt lat="46.80093177594244480133056640625" lon="17.18914769589900970458984375">
        <ele>129.399993896484375</ele>
        <time>2024-07-24T10:27:07.000Z</time>
        <extensions>
          <ns3:TrackPointExtension>
            <ns3:hr>131</ns3:hr>
          </ns3:TrackPointExtension>
        </extensions>
      </trkpt>
      <trkpt lat="46.8010175228118896484375" lon="17.18914233148097991943359375">
        <ele>128.8000030517578125</ele>
        <time>2024-07-24T10:27:15.000Z</time>
        <extensions>
          <ns3:TrackPointExtension>
            <ns3:hr>131</ns3:hr>
          </ns3:TrackPointExtension>
        </extensions>
      </trkpt>
      <trkpt lat="46.80113076232373714447021484375" lon="17.18914124183356761932373046875">
        <ele>128</ele>
        <time>2024-07-24T10:27:24.000Z</time>
        <extensions>
          <ns3:TrackPointExtension>
            <ns3:hr>132</ns3:hr>
          </ns3:TrackPointExtension>
        </extensions>
      </trkpt>
      <trkpt lat="46.801262609660625457763671875" lon="17.189123891294002532958984375">
        <ele>127.40000152587890625</ele>
        <time>2024-07-24T10:27:33.000Z</time>
        <extensions>
          <ns3:TrackPointExtension>
            <ns3:hr>135</ns3:hr>
          </ns3:TrackPointExtension>
        </extensions>
      </trkpt>
      <trkpt lat="46.80127568542957305908203125" lon="17.1891190297901630401611328125">
        <ele>127.1999969482421875</ele>
        <time>2024-07-24T10:27:34.000Z</time>
        <extensions>
          <ns3:TrackPointExtension>
            <ns3:hr>133</ns3:hr>
          </ns3:TrackPointExtension>
        </extensions>
      </trkpt>
      <trkpt lat="46.80139143951237201690673828125" lon="17.1890680678188800811767578125">
        <ele>126.59999847412109375</ele>
        <time>2024-07-24T10:27:42.000Z</time>
        <extensions>
          <ns3:TrackPointExtension>
            <ns3:hr>130</ns3:hr>
          </ns3:TrackPointExtension>
        </extensions>
      </trkpt>
      <trkpt lat="46.801404766738414764404296875" lon="17.18906848691403865814208984375">
        <ele>126.59999847412109375</ele>
        <time>2024-07-24T10:27:43.000Z</time>
        <extensions>
          <ns3:TrackPointExtension>
            <ns3:hr>130</ns3:hr>
          </ns3:TrackPointExtension>
        </extensions>
      </trkpt>
      <trkpt lat="46.80149738676846027374267578125" lon="17.1890908665955066680908203125">
        <ele>125.8000030517578125</ele>
        <time>2024-07-24T10:27:51.000Z</time>
        <extensions>
          <ns3:TrackPointExtension>
            <ns3:hr>130</ns3:hr>
          </ns3:TrackPointExtension>
        </extensions>
      </trkpt>
      <trkpt lat="46.801614649593830108642578125" lon="17.18913805671036243438720703125">
        <ele>125.1999969482421875</ele>
        <time>2024-07-24T10:28:01.000Z</time>
        <extensions>
          <ns3:TrackPointExtension>
            <ns3:hr>130</ns3:hr>
          </ns3:TrackPointExtension>
        </extensions>
      </trkpt>
      <trkpt lat="46.80165077559649944305419921875" lon="17.18915465287864208221435546875">
        <ele>125</ele>
        <time>2024-07-24T10:28:04.000Z</time>
        <extensions>
          <ns3:TrackPointExtension>
            <ns3:hr>129</ns3:hr>
          </ns3:TrackPointExtension>
        </extensions>
      </trkpt>
      <trkpt lat="46.801668964326381683349609375" lon="17.1891793794929981231689453125">
        <ele>125</ele>
        <time>2024-07-24T10:28:06.000Z</time>
        <extensions>
          <ns3:TrackPointExtension>
            <ns3:hr>128</ns3:hr>
          </ns3:TrackPointExtension>
        </extensions>
      </trkpt>
      <trkpt lat="46.80174767039716243743896484375" lon="17.18926127068698406219482421875">
        <ele>124.40000152587890625</ele>
        <time>2024-07-24T10:28:13.000Z</time>
        <extensions>
          <ns3:TrackPointExtension>
            <ns3:hr>128</ns3:hr>
          </ns3:TrackPointExtension>
        </extensions>
      </trkpt>
      <trkpt lat="46.80183668620884418487548828125" lon="17.18930167146027088165283203125">
        <ele>124.59999847412109375</ele>
        <time>2024-07-24T10:28:20.000Z</time>
        <extensions>
          <ns3:TrackPointExtension>
            <ns3:hr>128</ns3:hr>
          </ns3:TrackPointExtension>
        </extensions>
      </trkpt>
      <trkpt lat="46.80190265178680419921875" lon="17.189341150224208831787109375">
        <ele>124.59999847412109375</ele>
        <time>2024-07-24T10:28:25.000Z</time>
        <extensions>
          <ns3:TrackPointExtension>
            <ns3:hr>131</ns3:hr>
          </ns3:TrackPointExtension>
        </extensions>
      </trkpt>
      <trkpt lat="46.80194355547428131103515625" lon="17.1893587522208690643310546875">
        <ele>124.59999847412109375</ele>
        <time>2024-07-24T10:28:29.000Z</time>
        <extensions>
          <ns3:TrackPointExtension>
            <ns3:hr>132</ns3:hr>
          </ns3:TrackPointExtension>
        </extensions>
      </trkpt>
      <trkpt lat="46.80195269174873828887939453125" lon="17.189351879060268402099609375">
        <ele>124.8000030517578125</ele>
        <time>2024-07-24T10:28:30.000Z</time>
        <extensions>
          <ns3:TrackPointExtension>
            <ns3:hr>132</ns3:hr>
          </ns3:TrackPointExtension>
        </extensions>
      </trkpt>
      <trkpt lat="46.80205612443387508392333984375" lon="17.1892799623310565948486328125">
        <ele>125.40000152587890625</ele>
        <time>2024-07-24T10:28:40.000Z</time>
        <extensions>
          <ns3:TrackPointExtension>
            <ns3:hr>132</ns3:hr>
          </ns3:TrackPointExtension>
        </extensions>
      </trkpt>
      <trkpt lat="46.8021485768258571624755859375" lon="17.18919086270034313201904296875">
        <ele>126.40000152587890625</ele>
        <time>2024-07-24T10:28:49.000Z</time>
        <extensions>
          <ns3:TrackPointExtension>
            <ns3:hr>132</ns3:hr>
          </ns3:TrackPointExtension>
        </extensions>
      </trkpt>
      <trkpt lat="46.80215737782418727874755859375" lon="17.18917787075042724609375">
        <ele>126.40000152587890625</ele>
        <time>2024-07-24T10:28:50.000Z</time>
        <extensions>
          <ns3:TrackPointExtension>
            <ns3:hr>131</ns3:hr>
          </ns3:TrackPointExtension>
        </extensions>
      </trkpt>
      <trkpt lat="46.80221186019480228424072265625" lon="17.18909648247063159942626953125">
        <ele>126.59999847412109375</ele>
        <time>2024-07-24T10:28:56.000Z</time>
        <extensions>
          <ns3:TrackPointExtension>
            <ns3:hr>131</ns3:hr>
          </ns3:TrackPointExtension>
        </extensions>
      </trkpt>
      <trkpt lat="46.8022639118134975433349609375" lon="17.18898684717714786529541015625">
        <ele>127.1999969482421875</ele>
        <time>2024-07-24T10:29:03.000Z</time>
        <extensions>
          <ns3:TrackPointExtension>
            <ns3:hr>134</ns3:hr>
          </ns3:TrackPointExtension>
        </extensions>
      </trkpt>
      <trkpt lat="46.8022766523063182830810546875" lon="17.1889550797641277313232421875">
        <ele>127.40000152587890625</ele>
        <time>2024-07-24T10:29:05.000Z</time>
        <extensions>
          <ns3:TrackPointExtension>
            <ns3:hr>134</ns3:hr>
          </ns3:TrackPointExtension>
        </extensions>
      </trkpt>
      <trkpt lat="46.8023413605988025665283203125" lon="17.18887050636112689971923828125">
        <ele>128</ele>
        <time>2024-07-24T10:29:12.000Z</time>
        <extensions>
          <ns3:TrackPointExtension>
            <ns3:hr>133</ns3:hr>
          </ns3:TrackPointExtension>
        </extensions>
      </trkpt>
      <trkpt lat="46.802440099418163299560546875" lon="17.1887661516666412353515625">
        <ele>128.600006103515625</ele>
        <time>2024-07-24T10:29:19.000Z</time>
        <extensions>
          <ns3:TrackPointExtension>
            <ns3:hr>134</ns3:hr>
          </ns3:TrackPointExtension>
        </extensions>
      </trkpt>
      <trkpt lat="46.8024811707437038421630859375" lon="17.18873656354844570159912109375">
        <ele>128.8000030517578125</ele>
        <time>2024-07-24T10:29:24.000Z</time>
        <extensions>
          <ns3:TrackPointExtension>
            <ns3:hr>134</ns3:hr>
          </ns3:TrackPointExtension>
        </extensions>
      </trkpt>
      <trkpt lat="46.80250086821615695953369140625" lon="17.1887314505875110626220703125">
        <ele>129</ele>
        <time>2024-07-24T10:29:26.000Z</time>
        <extensions>
          <ns3:TrackPointExtension>
            <ns3:hr>133</ns3:hr>
          </ns3:TrackPointExtension>
        </extensions>
      </trkpt>
      <trkpt lat="46.8025852739810943603515625" lon="17.18883681111037731170654296875">
        <ele>129</ele>
        <time>2024-07-24T10:29:34.000Z</time>
        <extensions>
          <ns3:TrackPointExtension>
            <ns3:hr>133</ns3:hr>
          </ns3:TrackPointExtension>
        </extensions>
      </trkpt>
      <trkpt lat="46.80268057622015476226806640625" lon="17.1889285929501056671142578125">
        <ele>129</ele>
        <time>2024-07-24T10:29:43.000Z</time>
        <extensions>
          <ns3:TrackPointExtension>
            <ns3:hr>135</ns3:hr>
          </ns3:TrackPointExtension>
        </extensions>
      </trkpt>
      <trkpt lat="46.80275894701480865478515625" lon="17.188937477767467498779296875">
        <ele>129.1999969482421875</ele>
        <time>2024-07-24T10:29:51.000Z</time>
        <extensions>
          <ns3:TrackPointExtension>
            <ns3:hr>137</ns3:hr>
          </ns3:TrackPointExtension>
        </extensions>
      </trkpt>
      <trkpt lat="46.8028588593006134033203125" lon="17.18895415775477886199951171875">
        <ele>129.399993896484375</ele>
        <time>2024-07-24T10:29:59.000Z</time>
        <extensions>
          <ns3:TrackPointExtension>
            <ns3:hr>137</ns3:hr>
          </ns3:TrackPointExtension>
        </extensions>
      </trkpt>
      <trkpt lat="46.80293136276304721832275390625" lon="17.18903797678649425506591796875">
        <ele>129.600006103515625</ele>
        <time>2024-07-24T10:30:07.000Z</time>
        <extensions>
          <ns3:TrackPointExtension>
            <ns3:hr>140</ns3:hr>
          </ns3:TrackPointExtension>
        </extensions>
      </trkpt>
      <trkpt lat="46.80294276215136051177978515625" lon="17.18904803507030010223388671875">
        <ele>129.600006103515625</ele>
        <time>2024-07-24T10:30:08.000Z</time>
        <extensions>
          <ns3:TrackPointExtension>
            <ns3:hr>140</ns3:hr>
          </ns3:TrackPointExtension>
        </extensions>
      </trkpt>
      <trkpt lat="46.80301803164184093475341796875" lon="17.1891217119991779327392578125">
        <ele>130.1999969482421875</ele>
        <time>2024-07-24T10:30:15.000Z</time>
        <extensions>
          <ns3:TrackPointExtension>
            <ns3:hr>143</ns3:hr>
          </ns3:TrackPointExtension>
        </extensions>
      </trkpt>
      <trkpt lat="46.80304418317973613739013671875" lon="17.1891448460519313812255859375">
        <ele>130.399993896484375</ele>
        <time>2024-07-24T10:30:18.000Z</time>
        <extensions>
          <ns3:TrackPointExtension>
            <ns3:hr>143</ns3:hr>
          </ns3:TrackPointExtension>
        </extensions>
      </trkpt>
      <trkpt lat="46.80313889868557453155517578125" lon="17.1891736797988414764404296875">
        <ele>131</ele>
        <time>2024-07-24T10:30:27.000Z</time>
        <extensions>
          <ns3:TrackPointExtension>
            <ns3:hr>146</ns3:hr>
          </ns3:TrackPointExtension>
        </extensions>
      </trkpt>
      <trkpt lat="46.80318114347755908966064453125" lon="17.1891850791871547698974609375">
        <ele>131.399993896484375</ele>
        <time>2024-07-24T10:30:31.000Z</time>
        <extensions>
          <ns3:TrackPointExtension>
            <ns3:hr>149</ns3:hr>
          </ns3:TrackPointExtension>
        </extensions>
      </trkpt>
      <trkpt lat="46.80322607047855854034423828125" lon="17.18917225487530231475830078125">
        <ele>132</ele>
        <time>2024-07-24T10:30:35.000Z</time>
        <extensions>
          <ns3:TrackPointExtension>
            <ns3:hr>152</ns3:hr>
          </ns3:TrackPointExtension>
        </extensions>
      </trkpt>
      <trkpt lat="46.80333956144750118255615234375" lon="17.1892011724412441253662109375">
        <ele>133.399993896484375</ele>
        <time>2024-07-24T10:30:45.000Z</time>
        <extensions>
          <ns3:TrackPointExtension>
            <ns3:hr>154</ns3:hr>
          </ns3:TrackPointExtension>
        </extensions>
      </trkpt>
      <trkpt lat="46.80341449566185474395751953125" lon="17.189229838550090789794921875">
        <ele>134.399993896484375</ele>
        <time>2024-07-24T10:30:52.000Z</time>
        <extensions>
          <ns3:TrackPointExtension>
            <ns3:hr>157</ns3:hr>
          </ns3:TrackPointExtension>
        </extensions>
      </trkpt>
      <trkpt lat="46.80345741100609302520751953125" lon="17.1892497874796390533447265625">
        <ele>134.8000030517578125</ele>
        <time>2024-07-24T10:30:56.000Z</time>
        <extensions>
          <ns3:TrackPointExtension>
            <ns3:hr>158</ns3:hr>
          </ns3:TrackPointExtension>
        </extensions>
      </trkpt>
      <trkpt lat="46.80355899967253208160400390625" lon="17.1893386356532573699951171875">
        <ele>135.600006103515625</ele>
        <time>2024-07-24T10:31:07.000Z</time>
        <extensions>
          <ns3:TrackPointExtension>
            <ns3:hr>158</ns3:hr>
          </ns3:TrackPointExtension>
        </extensions>
      </trkpt>
      <trkpt lat="46.8036727420985698699951171875" lon="17.1894388832151889801025390625">
        <ele>136.399993896484375</ele>
        <time>2024-07-24T10:31:18.000Z</time>
        <extensions>
          <ns3:TrackPointExtension>
            <ns3:hr>157</ns3:hr>
          </ns3:TrackPointExtension>
        </extensions>
      </trkpt>
      <trkpt lat="46.803785897791385650634765625" lon="17.189502418041229248046875">
        <ele>137.1999969482421875</ele>
        <time>2024-07-24T10:31:28.000Z</time>
        <extensions>
          <ns3:TrackPointExtension>
            <ns3:hr>157</ns3:hr>
          </ns3:TrackPointExtension>
        </extensions>
      </trkpt>
      <trkpt lat="46.80391539819538593292236328125" lon="17.1895870752632617950439453125">
        <ele>137.8000030517578125</ele>
        <time>2024-07-24T10:31:39.000Z</time>
        <extensions>
          <ns3:TrackPointExtension>
            <ns3:hr>156</ns3:hr>
          </ns3:TrackPointExtension>
        </extensions>
      </trkpt>
      <trkpt lat="46.80404816754162311553955078125" lon="17.18964348547160625457763671875">
        <ele>138.399993896484375</ele>
        <time>2024-07-24T10:31:49.000Z</time>
        <extensions>
          <ns3:TrackPointExtension>
            <ns3:hr>155</ns3:hr>
          </ns3:TrackPointExtension>
        </extensions>
      </trkpt>
      <trkpt lat="46.80413399823009967803955078125" lon="17.1896786056458950042724609375">
        <ele>138.8000030517578125</ele>
        <time>2024-07-24T10:31:57.000Z</time>
        <extensions>
          <ns3:TrackPointExtension>
            <ns3:hr>152</ns3:hr>
          </ns3:TrackPointExtension>
        </extensions>
      </trkpt>
      <trkpt lat="46.8041484989225864410400390625" lon="17.18968137167394161224365234375">
        <ele>139</ele>
        <time>2024-07-24T10:31:59.000Z</time>
        <extensions>
          <ns3:TrackPointExtension>
            <ns3:hr>151</ns3:hr>
          </ns3:TrackPointExtension>
        </extensions>
      </trkpt>
      <trkpt lat="46.80417758412659168243408203125" lon="17.18969109468162059783935546875">
        <ele>139</ele>
        <time>2024-07-24T10:32:04.000Z</time>
        <extensions>
          <ns3:TrackPointExtension>
            <ns3:hr>152</ns3:hr>
          </ns3:TrackPointExtension>
        </extensions>
      </trkpt>
      <trkpt lat="46.8041930906474590301513671875" lon="17.18969847075641155242919921875">
        <ele>139.1999969482421875</ele>
        <time>2024-07-24T10:32:07.000Z</time>
        <extensions>
          <ns3:TrackPointExtension>
            <ns3:hr>149</ns3:hr>
          </ns3:TrackPointExtension>
        </extensions>
      </trkpt>
      <trkpt lat="46.80417272262275218963623046875" lon="17.18969344161450862884521484375">
        <ele>139</ele>
        <time>2024-07-24T10:32:09.000Z</time>
        <extensions>
          <ns3:TrackPointExtension>
            <ns3:hr>147</ns3:hr>
          </ns3:TrackPointExtension>
        </extensions>
      </trkpt>
      <trkpt lat="46.80413600988686084747314453125" lon="17.18969243578612804412841796875">
        <ele>138.8000030517578125</ele>
        <time>2024-07-24T10:32:13.000Z</time>
        <extensions>
          <ns3:TrackPointExtension>
            <ns3:hr>144</ns3:hr>
          </ns3:TrackPointExtension>
        </extensions>
      </trkpt>
      <trkpt lat="46.80413165129721164703369140625" lon="17.1896957047283649444580078125">
        <ele>138.8000030517578125</ele>
        <time>2024-07-24T10:32:15.000Z</time>
        <extensions>
          <ns3:TrackPointExtension>
            <ns3:hr>141</ns3:hr>
          </ns3:TrackPointExtension>
        </extensions>
      </trkpt>
      <trkpt lat="46.8041307292878627777099609375" lon="17.18969578854739665985107421875">
        <ele>138.8000030517578125</ele>
        <time>2024-07-24T10:32:16.000Z</time>
        <extensions>
          <ns3:TrackPointExtension>
            <ns3:hr>140</ns3:hr>
          </ns3:TrackPointExtension>
        </extensions>
      </trkpt>
      <trkpt lat="46.8041803501546382904052734375" lon="17.18970433808863162994384765625">
        <ele>139</ele>
        <time>2024-07-24T10:32:25.000Z</time>
        <extensions>
          <ns3:TrackPointExtension>
            <ns3:hr>140</ns3:hr>
          </ns3:TrackPointExtension>
        </extensions>
      </trkpt>
      <trkpt lat="46.80434639565646648406982421875" lon="17.189748845994472503662109375">
        <ele>139.8000030517578125</ele>
        <time>2024-07-24T10:32:36.000Z</time>
        <extensions>
          <ns3:TrackPointExtension>
            <ns3:hr>140</ns3:hr>
          </ns3:TrackPointExtension>
        </extensions>
      </trkpt>
      <trkpt lat="46.80442434735596179962158203125" lon="17.18980257399380207061767578125">
        <ele>140</ele>
        <time>2024-07-24T10:32:44.000Z</time>
        <extensions>
          <ns3:TrackPointExtension>
            <ns3:hr>140</ns3:hr>
          </ns3:TrackPointExtension>
        </extensions>
      </trkpt>
      <trkpt lat="46.80445837788283824920654296875" lon="17.18980357982218265533447265625">
        <ele>140.1999969482421875</ele>
        <time>2024-07-24T10:32:50.000Z</time>
        <extensions>
          <ns3:TrackPointExtension>
            <ns3:hr>137</ns3:hr>
          </ns3:TrackPointExtension>
        </extensions>
      </trkpt>
      <trkpt lat="46.80449794046580791473388671875" lon="17.1898117102682590484619140625">
        <ele>140.600006103515625</ele>
        <time>2024-07-24T10:32:53.000Z</time>
        <extensions>
          <ns3:TrackPointExtension>
            <ns3:hr>134</ns3:hr>
          </ns3:TrackPointExtension>
        </extensions>
      </trkpt>
      <trkpt lat="46.80457924492657184600830078125" lon="17.1898304857313632965087890625">
        <ele>141</ele>
        <time>2024-07-24T10:32:59.000Z</time>
        <extensions>
          <ns3:TrackPointExtension>
            <ns3:hr>133</ns3:hr>
          </ns3:TrackPointExtension>
        </extensions>
      </trkpt>
      <trkpt lat="46.8047198094427585601806640625" lon="17.1898589842021465301513671875">
        <ele>141.8000030517578125</ele>
        <time>2024-07-24T10:33:10.000Z</time>
        <extensions>
          <ns3:TrackPointExtension>
            <ns3:hr>135</ns3:hr>
          </ns3:TrackPointExtension>
        </extensions>
      </trkpt>
      <trkpt lat="46.80484168231487274169921875" lon="17.18988974578678607940673828125">
        <ele>142.1999969482421875</ele>
        <time>2024-07-24T10:33:20.000Z</time>
        <extensions>
          <ns3:TrackPointExtension>
            <ns3:hr>137</ns3:hr>
          </ns3:TrackPointExtension>
        </extensions>
      </trkpt>
      <trkpt lat="46.80491200648248195648193359375" lon="17.18993492424488067626953125">
        <ele>142.1999969482421875</ele>
        <time>2024-07-24T10:33:28.000Z</time>
        <extensions>
          <ns3:TrackPointExtension>
            <ns3:hr>136</ns3:hr>
          </ns3:TrackPointExtension>
        </extensions>
      </trkpt>
      <trkpt lat="46.8049766309559345245361328125" lon="17.18995730392634868621826171875">
        <ele>142.1999969482421875</ele>
        <time>2024-07-24T10:34:10.000Z</time>
        <extensions>
          <ns3:TrackPointExtension>
            <ns3:hr>137</ns3:hr>
          </ns3:TrackPointExtension>
        </extensions>
      </trkpt>
      <trkpt lat="46.8051506392657756805419921875" lon="17.1900309808552265167236328125">
        <ele>142.600006103515625</ele>
        <time>2024-07-24T10:34:21.000Z</time>
        <extensions>
          <ns3:TrackPointExtension>
            <ns3:hr>137</ns3:hr>
          </ns3:TrackPointExtension>
        </extensions>
      </trkpt>
      <trkpt lat="46.8052837438881397247314453125" lon="17.190085463225841522216796875">
        <ele>143.1999969482421875</ele>
        <time>2024-07-24T10:34:32.000Z</time>
        <extensions>
          <ns3:TrackPointExtension>
            <ns3:hr>137</ns3:hr>
          </ns3:TrackPointExtension>
        </extensions>
      </trkpt>
      <trkpt lat="46.80537351407110691070556640625" lon="17.19015377573668956756591796875">
        <ele>143.399993896484375</ele>
        <time>2024-07-24T10:34:41.000Z</time>
        <extensions>
          <ns3:TrackPointExtension>
            <ns3:hr>136</ns3:hr>
          </ns3:TrackPointExtension>
        </extensions>
      </trkpt>
      <trkpt lat="46.80547392927110195159912109375" lon="17.19023323617875576019287109375">
        <ele>143.1999969482421875</ele>
        <time>2024-07-24T10:34:50.000Z</time>
        <extensions>
          <ns3:TrackPointExtension>
            <ns3:hr>135</ns3:hr>
          </ns3:TrackPointExtension>
        </extensions>
      </trkpt>
      <trkpt lat="46.8056183494627475738525390625" lon="17.1903199888765811920166015625">
        <ele>143</ele>
        <time>2024-07-24T10:35:00.000Z</time>
        <extensions>
          <ns3:TrackPointExtension>
            <ns3:hr>133</ns3:hr>
          </ns3:TrackPointExtension>
        </extensions>
      </trkpt>
      <trkpt lat="46.8057031743228435516357421875" lon="17.190369777381420135498046875">
        <ele>143</ele>
        <time>2024-07-24T10:35:06.000Z</time>
        <extensions>
          <ns3:TrackPointExtension>
            <ns3:hr>134</ns3:hr>
          </ns3:TrackPointExtension>
        </extensions>
      </trkpt>
      <trkpt lat="46.80576796643435955047607421875" lon="17.19039752148091793060302734375">
        <ele>143</ele>
        <time>2024-07-24T10:35:10.000Z</time>
        <extensions>
          <ns3:TrackPointExtension>
            <ns3:hr>134</ns3:hr>
          </ns3:TrackPointExtension>
        </extensions>
      </trkpt>
      <trkpt lat="46.805892772972583770751953125" lon="17.19047480262815952301025390625">
        <ele>142.8000030517578125</ele>
        <time>2024-07-24T10:35:20.000Z</time>
        <extensions>
          <ns3:TrackPointExtension>
            <ns3:hr>135</ns3:hr>
          </ns3:TrackPointExtension>
        </extensions>
      </trkpt>
      <trkpt lat="46.80599763058125972747802734375" lon="17.190519310534000396728515625">
        <ele>143</ele>
        <time>2024-07-24T10:35:28.000Z</time>
        <extensions>
          <ns3:TrackPointExtension>
            <ns3:hr>137</ns3:hr>
          </ns3:TrackPointExtension>
        </extensions>
      </trkpt>
      <trkpt lat="46.80611229501664638519287109375" lon="17.19054990448057651519775390625">
        <ele>143.600006103515625</ele>
        <time>2024-07-24T10:35:36.000Z</time>
        <extensions>
          <ns3:TrackPointExtension>
            <ns3:hr>137</ns3:hr>
          </ns3:TrackPointExtension>
        </extensions>
      </trkpt>
      <trkpt lat="46.8062198348343372344970703125" lon="17.19060145318508148193359375">
        <ele>143.600006103515625</ele>
        <time>2024-07-24T10:35:46.000Z</time>
        <extensions>
          <ns3:TrackPointExtension>
            <ns3:hr>137</ns3:hr>
          </ns3:TrackPointExtension>
        </extensions>
      </trkpt>
      <trkpt lat="46.8062479980289936065673828125" lon="17.19061754643917083740234375">
        <ele>143.600006103515625</ele>
        <time>2024-07-24T10:35:50.000Z</time>
        <extensions>
          <ns3:TrackPointExtension>
            <ns3:hr>135</ns3:hr>
          </ns3:TrackPointExtension>
        </extensions>
      </trkpt>
      <trkpt lat="46.80626601912081241607666015625" lon="17.19062232412397861480712890625">
        <ele>143.600006103515625</ele>
        <time>2024-07-24T10:35:52.000Z</time>
        <extensions>
          <ns3:TrackPointExtension>
            <ns3:hr>134</ns3:hr>
          </ns3:TrackPointExtension>
        </extensions>
      </trkpt>
      <trkpt lat="46.8063348345458507537841796875" lon="17.190646044909954071044921875">
        <ele>143.600006103515625</ele>
        <time>2024-07-24T10:35:59.000Z</time>
        <extensions>
          <ns3:TrackPointExtension>
            <ns3:hr>133</ns3:hr>
          </ns3:TrackPointExtension>
        </extensions>
      </trkpt>
      <trkpt lat="46.806354783475399017333984375" lon="17.19064780510962009429931640625">
        <ele>143.600006103515625</ele>
        <time>2024-07-24T10:36:01.000Z</time>
        <extensions>
          <ns3:TrackPointExtension>
            <ns3:hr>132</ns3:hr>
          </ns3:TrackPointExtension>
        </extensions>
      </trkpt>
      <trkpt lat="46.8063966929912567138671875" lon="17.19065384007990360260009765625">
        <ele>143.600006103515625</ele>
        <time>2024-07-24T10:36:04.000Z</time>
        <extensions>
          <ns3:TrackPointExtension>
            <ns3:hr>129</ns3:hr>
          </ns3:TrackPointExtension>
        </extensions>
      </trkpt>
      <trkpt lat="46.80641882121562957763671875" lon="17.19065400771796703338623046875">
        <ele>143.600006103515625</ele>
        <time>2024-07-24T10:36:06.000Z</time>
        <extensions>
          <ns3:TrackPointExtension>
            <ns3:hr>127</ns3:hr>
          </ns3:TrackPointExtension>
        </extensions>
      </trkpt>
      <trkpt lat="46.80655938573181629180908203125" lon="17.19066205434501171112060546875">
        <ele>144</ele>
        <time>2024-07-24T10:36:17.000Z</time>
        <extensions>
          <ns3:TrackPointExtension>
            <ns3:hr>127</ns3:hr>
          </ns3:TrackPointExtension>
        </extensions>
      </trkpt>
      <trkpt lat="46.80672098882496356964111328125" lon="17.190690301358699798583984375">
        <ele>144.399993896484375</ele>
        <time>2024-07-24T10:36:30.000Z</time>
        <extensions>
          <ns3:TrackPointExtension>
            <ns3:hr>125</ns3:hr>
          </ns3:TrackPointExtension>
        </extensions>
      </trkpt>
      <trkpt lat="46.80681520141661167144775390625" lon="17.19070740044116973876953125">
        <ele>144</ele>
        <time>2024-07-24T10:36:38.000Z</time>
        <extensions>
          <ns3:TrackPointExtension>
            <ns3:hr>128</ns3:hr>
          </ns3:TrackPointExtension>
        </extensions>
      </trkpt>
      <trkpt lat="46.8068293668329715728759765625" lon="17.19070530496537685394287109375">
        <ele>144</ele>
        <time>2024-07-24T10:36:39.000Z</time>
        <extensions>
          <ns3:TrackPointExtension>
            <ns3:hr>128</ns3:hr>
          </ns3:TrackPointExtension>
        </extensions>
      </trkpt>
      <trkpt lat="46.8069480545818805694580078125" lon="17.19070203602313995361328125">
        <ele>143.600006103515625</ele>
        <time>2024-07-24T10:36:48.000Z</time>
        <extensions>
          <ns3:TrackPointExtension>
            <ns3:hr>130</ns3:hr>
          </ns3:TrackPointExtension>
        </extensions>
      </trkpt>
      <trkpt lat="46.80702558718621730804443359375" lon="17.19073447398841381072998046875">
        <ele>143.1999969482421875</ele>
        <time>2024-07-24T10:36:57.000Z</time>
        <extensions>
          <ns3:TrackPointExtension>
            <ns3:hr>131</ns3:hr>
          </ns3:TrackPointExtension>
        </extensions>
      </trkpt>
      <trkpt lat="46.807083003222942352294921875" lon="17.19073732383549213409423828125">
        <ele>143</ele>
        <time>2024-07-24T10:37:05.000Z</time>
        <extensions>
          <ns3:TrackPointExtension>
            <ns3:hr>130</ns3:hr>
          </ns3:TrackPointExtension>
        </extensions>
      </trkpt>
      <trkpt lat="46.807243935763835906982421875" lon="17.190754003822803497314453125">
        <ele>142.1999969482421875</ele>
        <time>2024-07-24T10:37:15.000Z</time>
        <extensions>
          <ns3:TrackPointExtension>
            <ns3:hr>129</ns3:hr>
          </ns3:TrackPointExtension>
        </extensions>
      </trkpt>
      <trkpt lat="46.8073837459087371826171875" lon="17.1907724440097808837890625">
        <ele>141.600006103515625</ele>
        <time>2024-07-24T10:37:25.000Z</time>
        <extensions>
          <ns3:TrackPointExtension>
            <ns3:hr>131</ns3:hr>
          </ns3:TrackPointExtension>
        </extensions>
      </trkpt>
      <trkpt lat="46.80751207284629344940185546875" lon="17.19078518450260162353515625">
        <ele>141.399993896484375</ele>
        <time>2024-07-24T10:37:36.000Z</time>
        <extensions>
          <ns3:TrackPointExtension>
            <ns3:hr>130</ns3:hr>
          </ns3:TrackPointExtension>
        </extensions>
      </trkpt>
      <trkpt lat="46.8076197803020477294921875" lon="17.1908141858875751495361328125">
        <ele>141</ele>
        <time>2024-07-24T10:37:45.000Z</time>
        <extensions>
          <ns3:TrackPointExtension>
            <ns3:hr>129</ns3:hr>
          </ns3:TrackPointExtension>
        </extensions>
      </trkpt>
      <trkpt lat="46.807729415595531463623046875" lon="17.19082047231495380401611328125">
        <ele>141.1999969482421875</ele>
        <time>2024-07-24T10:37:55.000Z</time>
        <extensions>
          <ns3:TrackPointExtension>
            <ns3:hr>126</ns3:hr>
          </ns3:TrackPointExtension>
        </extensions>
      </trkpt>
      <trkpt lat="46.8077235482633113861083984375" lon="17.1908386610448360443115234375">
        <ele>141</ele>
        <time>2024-07-24T10:37:59.000Z</time>
        <extensions>
          <ns3:TrackPointExtension>
            <ns3:hr>126</ns3:hr>
          </ns3:TrackPointExtension>
        </extensions>
      </trkpt>
      <trkpt lat="46.80775078944861888885498046875" lon="17.19084897078573703765869140625">
        <ele>141</ele>
        <time>2024-07-24T10:38:04.000Z</time>
        <extensions>
          <ns3:TrackPointExtension>
            <ns3:hr>126</ns3:hr>
          </ns3:TrackPointExtension>
        </extensions>
      </trkpt>
      <trkpt lat="46.8077577464282512664794921875" lon="17.1908507309854030609130859375">
        <ele>140.8000030517578125</ele>
        <time>2024-07-24T10:38:10.000Z</time>
        <extensions>
          <ns3:TrackPointExtension>
            <ns3:hr>125</ns3:hr>
          </ns3:TrackPointExtension>
        </extensions>
      </trkpt>
      <trkpt lat="46.80775933898985385894775390625" lon="17.19086028635501861572265625">
        <ele>140.8000030517578125</ele>
        <time>2024-07-24T10:38:18.000Z</time>
        <extensions>
          <ns3:TrackPointExtension>
            <ns3:hr>124</ns3:hr>
          </ns3:TrackPointExtension>
        </extensions>
      </trkpt>
      <trkpt lat="46.80776839144527912139892578125" lon="17.1908628009259700775146484375">
        <ele>140.8000030517578125</ele>
        <time>2024-07-24T10:38:47.000Z</time>
        <extensions>
          <ns3:TrackPointExtension>
            <ns3:hr>127</ns3:hr>
          </ns3:TrackPointExtension>
        </extensions>
      </trkpt>
      <trkpt lat="46.80776839144527912139892578125" lon="17.190851904451847076416015625">
        <ele>140.8000030517578125</ele>
        <time>2024-07-24T10:38:51.000Z</time>
        <extensions>
          <ns3:TrackPointExtension>
            <ns3:hr>130</ns3:hr>
          </ns3:TrackPointExtension>
        </extensions>
      </trkpt>
      <trkpt lat="46.80774391628801822662353515625" lon="17.190836481750011444091796875">
        <ele>141</ele>
        <time>2024-07-24T10:38:59.000Z</time>
        <extensions>
          <ns3:TrackPointExtension>
            <ns3:hr>129</ns3:hr>
          </ns3:TrackPointExtension>
        </extensions>
      </trkpt>
      <trkpt lat="46.80781046859920024871826171875" lon="17.19081996940076351165771484375">
        <ele>141.1999969482421875</ele>
        <time>2024-07-24T10:39:07.000Z</time>
        <extensions>
          <ns3:TrackPointExtension>
            <ns3:hr>127</ns3:hr>
          </ns3:TrackPointExtension>
        </extensions>
      </trkpt>
      <trkpt lat="46.80792328901588916778564453125" lon="17.19077822752296924591064453125">
        <ele>142.1999969482421875</ele>
        <time>2024-07-24T10:39:16.000Z</time>
        <extensions>
          <ns3:TrackPointExtension>
            <ns3:hr>126</ns3:hr>
          </ns3:TrackPointExtension>
        </extensions>
      </trkpt>
      <trkpt lat="46.80802236311137676239013671875" lon="17.19074503518640995025634765625">
        <ele>143.8000030517578125</ele>
        <time>2024-07-24T10:39:26.000Z</time>
        <extensions>
          <ns3:TrackPointExtension>
            <ns3:hr>126</ns3:hr>
          </ns3:TrackPointExtension>
        </extensions>
      </trkpt>
      <trkpt lat="46.80804348550736904144287109375" lon="17.19074905849993228912353515625">
        <ele>144</ele>
        <time>2024-07-24T10:39:29.000Z</time>
        <extensions>
          <ns3:TrackPointExtension>
            <ns3:hr>130</ns3:hr>
          </ns3:TrackPointExtension>
        </extensions>
      </trkpt>
      <trkpt lat="46.80805220268666744232177734375" lon="17.190759368240833282470703125">
        <ele>143.8000030517578125</ele>
        <time>2024-07-24T10:39:33.000Z</time>
        <extensions>
          <ns3:TrackPointExtension>
            <ns3:hr>132</ns3:hr>
          </ns3:TrackPointExtension>
        </extensions>
      </trkpt>
      <trkpt lat="46.80810182355344295501708984375" lon="17.19071117229759693145751953125">
        <ele>145</ele>
        <time>2024-07-24T10:39:41.000Z</time>
        <extensions>
          <ns3:TrackPointExtension>
            <ns3:hr>135</ns3:hr>
          </ns3:TrackPointExtension>
        </extensions>
      </trkpt>
      <trkpt lat="46.808180697262287139892578125" lon="17.19065685756504535675048828125">
        <ele>145.600006103515625</ele>
        <time>2024-07-24T10:39:49.000Z</time>
        <extensions>
          <ns3:TrackPointExtension>
            <ns3:hr>136</ns3:hr>
          </ns3:TrackPointExtension>
        </extensions>
      </trkpt>
      <trkpt lat="46.808259487152099609375" lon="17.1905969269573688507080078125">
        <ele>146</ele>
        <time>2024-07-24T10:39:56.000Z</time>
        <extensions>
          <ns3:TrackPointExtension>
            <ns3:hr>133</ns3:hr>
          </ns3:TrackPointExtension>
        </extensions>
      </trkpt>
      <trkpt lat="46.80830583907663822174072265625" lon="17.190537750720977783203125">
        <ele>146.8000030517578125</ele>
        <time>2024-07-24T10:40:01.000Z</time>
        <extensions>
          <ns3:TrackPointExtension>
            <ns3:hr>132</ns3:hr>
          </ns3:TrackPointExtension>
        </extensions>
      </trkpt>
      <trkpt lat="46.808406673371791839599609375" lon="17.190423421561717987060546875">
        <ele>148.399993896484375</ele>
        <time>2024-07-24T10:40:11.000Z</time>
        <extensions>
          <ns3:TrackPointExtension>
            <ns3:hr>133</ns3:hr>
          </ns3:TrackPointExtension>
        </extensions>
      </trkpt>
      <trkpt lat="46.80846191011369228363037109375" lon="17.19029392115771770477294921875">
        <ele>149.600006103515625</ele>
        <time>2024-07-24T10:40:20.000Z</time>
        <extensions>
          <ns3:TrackPointExtension>
            <ns3:hr>132</ns3:hr>
          </ns3:TrackPointExtension>
        </extensions>
      </trkpt>
      <trkpt lat="46.8084755726158618927001953125" lon="17.1902710385620594024658203125">
        <ele>149.8000030517578125</ele>
        <time>2024-07-24T10:40:22.000Z</time>
        <extensions>
          <ns3:TrackPointExtension>
            <ns3:hr>135</ns3:hr>
          </ns3:TrackPointExtension>
        </extensions>
      </trkpt>
      <trkpt lat="46.80851086042821407318115234375" lon="17.1901825256645679473876953125">
        <ele>150.8000030517578125</ele>
        <time>2024-07-24T10:40:28.000Z</time>
        <extensions>
          <ns3:TrackPointExtension>
            <ns3:hr>138</ns3:hr>
          </ns3:TrackPointExtension>
        </extensions>
      </trkpt>
      <trkpt lat="46.8085156381130218505859375" lon="17.190164588391780853271484375">
        <ele>151</ele>
        <time>2024-07-24T10:40:29.000Z</time>
        <extensions>
          <ns3:TrackPointExtension>
            <ns3:hr>140</ns3:hr>
          </ns3:TrackPointExtension>
        </extensions>
      </trkpt>
      <trkpt lat="46.808540783822536468505859375" lon="17.19005830585956573486328125">
        <ele>152</ele>
        <time>2024-07-24T10:40:36.000Z</time>
        <extensions>
          <ns3:TrackPointExtension>
            <ns3:hr>143</ns3:hr>
          </ns3:TrackPointExtension>
        </extensions>
      </trkpt>
      <trkpt lat="46.8085560388863086700439453125" lon="17.189972810447216033935546875">
        <ele>153.1999969482421875</ele>
        <time>2024-07-24T10:40:41.000Z</time>
        <extensions>
          <ns3:TrackPointExtension>
            <ns3:hr>144</ns3:hr>
          </ns3:TrackPointExtension>
        </extensions>
      </trkpt>
      <trkpt lat="46.80858260951936244964599609375" lon="17.18983509577810764312744140625">
        <ele>154.8000030517578125</ele>
        <time>2024-07-24T10:40:49.000Z</time>
        <extensions>
          <ns3:TrackPointExtension>
            <ns3:hr>145</ns3:hr>
          </ns3:TrackPointExtension>
        </extensions>
      </trkpt>
      <trkpt lat="46.80859543383121490478515625" lon="17.18975194729864597320556640625">
        <ele>156.1999969482421875</ele>
        <time>2024-07-24T10:40:53.000Z</time>
        <extensions>
          <ns3:TrackPointExtension>
            <ns3:hr>142</ns3:hr>
          </ns3:TrackPointExtension>
        </extensions>
      </trkpt>
      <trkpt lat="46.80860876105725765228271484375" lon="17.18966829590499401092529296875">
        <ele>157.8000030517578125</ele>
        <time>2024-07-24T10:40:58.000Z</time>
        <extensions>
          <ns3:TrackPointExtension>
            <ns3:hr>143</ns3:hr>
          </ns3:TrackPointExtension>
        </extensions>
      </trkpt>
      <trkpt lat="46.80862200446426868438720703125" lon="17.1894975565373897552490234375">
        <ele>159.600006103515625</ele>
        <time>2024-07-24T10:41:08.000Z</time>
        <extensions>
          <ns3:TrackPointExtension>
            <ns3:hr>142</ns3:hr>
          </ns3:TrackPointExtension>
        </extensions>
      </trkpt>
      <trkpt lat="46.8086175620555877685546875" lon="17.18947517685592174530029296875">
        <ele>159.8000030517578125</ele>
        <time>2024-07-24T10:41:10.000Z</time>
        <extensions>
          <ns3:TrackPointExtension>
            <ns3:hr>139</ns3:hr>
          </ns3:TrackPointExtension>
        </extensions>
      </trkpt>
      <trkpt lat="46.8086207471787929534912109375" lon="17.18945824541151523590087890625">
        <ele>160</ele>
        <time>2024-07-24T10:41:11.000Z</time>
        <extensions>
          <ns3:TrackPointExtension>
            <ns3:hr>138</ns3:hr>
          </ns3:TrackPointExtension>
        </extensions>
      </trkpt>
      <trkpt lat="46.80863273330032825469970703125" lon="17.189398147165775299072265625">
        <ele>160.8000030517578125</ele>
        <time>2024-07-24T10:41:15.000Z</time>
        <extensions>
          <ns3:TrackPointExtension>
            <ns3:hr>137</ns3:hr>
          </ns3:TrackPointExtension>
        </extensions>
      </trkpt>
      <trkpt lat="46.8086807616055011749267578125" lon="17.1892631985247135162353515625">
        <ele>162.600006103515625</ele>
        <time>2024-07-24T10:41:24.000Z</time>
        <extensions>
          <ns3:TrackPointExtension>
            <ns3:hr>140</ns3:hr>
          </ns3:TrackPointExtension>
        </extensions>
      </trkpt>
      <trkpt lat="46.80869492702186107635498046875" lon="17.18924366869032382965087890625">
        <ele>162.8000030517578125</ele>
        <time>2024-07-24T10:41:26.000Z</time>
        <extensions>
          <ns3:TrackPointExtension>
            <ns3:hr>136</ns3:hr>
          </ns3:TrackPointExtension>
        </extensions>
      </trkpt>
      <trkpt lat="46.808735914528369903564453125" lon="17.18919371254742145538330078125">
        <ele>163.1999969482421875</ele>
        <time>2024-07-24T10:41:31.000Z</time>
        <extensions>
          <ns3:TrackPointExtension>
            <ns3:hr>134</ns3:hr>
          </ns3:TrackPointExtension>
        </extensions>
      </trkpt>
      <trkpt lat="46.80874639190733432769775390625" lon="17.18917854130268096923828125">
        <ele>163.1999969482421875</ele>
        <time>2024-07-24T10:41:34.000Z</time>
        <extensions>
          <ns3:TrackPointExtension>
            <ns3:hr>130</ns3:hr>
          </ns3:TrackPointExtension>
        </extensions>
      </trkpt>
      <trkpt lat="46.80874764919281005859375" lon="17.18917854130268096923828125">
        <ele>163.1999969482421875</ele>
        <time>2024-07-24T10:41:35.000Z</time>
        <extensions>
          <ns3:TrackPointExtension>
            <ns3:hr>130</ns3:hr>
          </ns3:TrackPointExtension>
        </extensions>
      </trkpt>
      <trkpt lat="46.80875007994472980499267578125" lon="17.18917879275977611541748046875">
        <ele>163.1999969482421875</ele>
        <time>2024-07-24T10:41:37.000Z</time>
        <extensions>
          <ns3:TrackPointExtension>
            <ns3:hr>127</ns3:hr>
          </ns3:TrackPointExtension>
        </extensions>
      </trkpt>
      <trkpt lat="46.80874153040349483489990234375" lon="17.1891901083290576934814453125">
        <ele>163.1999969482421875</ele>
        <time>2024-07-24T10:41:43.000Z</time>
        <extensions>
          <ns3:TrackPointExtension>
            <ns3:hr>129</ns3:hr>
          </ns3:TrackPointExtension>
        </extensions>
      </trkpt>
      <trkpt lat="46.808741949498653411865234375" lon="17.1891921199858188629150390625">
        <ele>163.1999969482421875</ele>
        <time>2024-07-24T10:41:56.000Z</time>
        <extensions>
          <ns3:TrackPointExtension>
            <ns3:hr>133</ns3:hr>
          </ns3:TrackPointExtension>
        </extensions>
      </trkpt>
      <trkpt lat="46.808741949498653411865234375" lon="17.18919195234775543212890625">
        <ele>163.1999969482421875</ele>
        <time>2024-07-24T10:41:58.000Z</time>
        <extensions>
          <ns3:TrackPointExtension>
            <ns3:hr>131</ns3:hr>
          </ns3:TrackPointExtension>
        </extensions>
      </trkpt>
      <trkpt lat="46.808741949498653411865234375" lon="17.18919186852872371673583984375">
        <ele>163.1999969482421875</ele>
        <time>2024-07-24T10:42:06.000Z</time>
        <extensions>
          <ns3:TrackPointExtension>
            <ns3:hr>128</ns3:hr>
          </ns3:TrackPointExtension>
        </extensions>
      </trkpt>
      <trkpt lat="46.80875477381050586700439453125" lon="17.18920846469700336456298828125">
        <ele>163</ele>
        <time>2024-07-24T10:42:32.000Z</time>
        <extensions>
          <ns3:TrackPointExtension>
            <ns3:hr>125</ns3:hr>
          </ns3:TrackPointExtension>
        </extensions>
      </trkpt>
      <trkpt lat="46.808760054409503936767578125" lon="17.1892088837921619415283203125">
        <ele>163</ele>
        <time>2024-07-24T10:42:38.000Z</time>
        <extensions>
          <ns3:TrackPointExtension>
            <ns3:hr>128</ns3:hr>
          </ns3:TrackPointExtension>
        </extensions>
      </trkpt>
      <trkpt lat="46.80876298807561397552490234375" lon="17.189224474132061004638671875">
        <ele>163</ele>
        <time>2024-07-24T10:42:49.000Z</time>
        <extensions>
          <ns3:TrackPointExtension>
            <ns3:hr>130</ns3:hr>
          </ns3:TrackPointExtension>
        </extensions>
      </trkpt>
      <trkpt lat="46.80880456231534481048583984375" lon="17.18910888768732547760009765625">
        <ele>164</ele>
        <time>2024-07-24T10:43:05.000Z</time>
        <extensions>
          <ns3:TrackPointExtension>
            <ns3:hr>131</ns3:hr>
          </ns3:TrackPointExtension>
        </extensions>
      </trkpt>
      <trkpt lat="46.80886155925691127777099609375" lon="17.18902355991303920745849609375">
        <ele>165.399993896484375</ele>
        <time>2024-07-24T10:43:13.000Z</time>
        <extensions>
          <ns3:TrackPointExtension>
            <ns3:hr>132</ns3:hr>
          </ns3:TrackPointExtension>
        </extensions>
      </trkpt>
      <trkpt lat="46.808900535106658935546875" lon="17.1889721788465976715087890625">
        <ele>166</ele>
        <time>2024-07-24T10:43:18.000Z</time>
        <extensions>
          <ns3:TrackPointExtension>
            <ns3:hr>135</ns3:hr>
          </ns3:TrackPointExtension>
        </extensions>
      </trkpt>
      <trkpt lat="46.8089107610285282135009765625" lon="17.18896396458148956298828125">
        <ele>166</ele>
        <time>2024-07-24T10:43:20.000Z</time>
        <extensions>
          <ns3:TrackPointExtension>
            <ns3:hr>136</ns3:hr>
          </ns3:TrackPointExtension>
        </extensions>
      </trkpt>
      <trkpt lat="46.80896549485623836517333984375" lon="17.18889196403324604034423828125">
        <ele>166.399993896484375</ele>
        <time>2024-07-24T10:43:27.000Z</time>
        <extensions>
          <ns3:TrackPointExtension>
            <ns3:hr>135</ns3:hr>
          </ns3:TrackPointExtension>
        </extensions>
      </trkpt>
      <trkpt lat="46.8090153671801090240478515625" lon="17.1888608671724796295166015625">
        <ele>166.399993896484375</ele>
        <time>2024-07-24T10:43:32.000Z</time>
        <extensions>
          <ns3:TrackPointExtension>
            <ns3:hr>136</ns3:hr>
          </ns3:TrackPointExtension>
        </extensions>
      </trkpt>
      <trkpt lat="46.8090116791427135467529296875" lon="17.1888682432472705841064453125">
        <ele>166.399993896484375</ele>
        <time>2024-07-24T10:43:39.000Z</time>
        <extensions>
          <ns3:TrackPointExtension>
            <ns3:hr>136</ns3:hr>
          </ns3:TrackPointExtension>
        </extensions>
      </trkpt>
      <trkpt lat="46.80906591005623340606689453125" lon="17.1888742782175540924072265625">
        <ele>166.1999969482421875</ele>
        <time>2024-07-24T10:43:45.000Z</time>
        <extensions>
          <ns3:TrackPointExtension>
            <ns3:hr>136</ns3:hr>
          </ns3:TrackPointExtension>
        </extensions>
      </trkpt>
      <trkpt lat="46.80906591005623340606689453125" lon="17.1888742782175540924072265625">
        <ele>166.1999969482421875</ele>
        <time>2024-07-24T10:43:58.000Z</time>
        <extensions>
          <ns3:TrackPointExtension>
            <ns3:hr>141</ns3:hr>
          </ns3:TrackPointExtension>
        </extensions>
      </trkpt>
      <trkpt lat="46.80906591005623340606689453125" lon="17.1888742782175540924072265625">
        <ele>166.1999969482421875</ele>
        <time>2024-07-24T10:43:59.000Z</time>
        <extensions>
          <ns3:TrackPointExtension>
            <ns3:hr>138</ns3:hr>
          </ns3:TrackPointExtension>
        </extensions>
      </trkpt>
      <trkpt lat="46.80910295806825160980224609375" lon="17.188850305974483489990234375">
        <ele>166.1999969482421875</ele>
        <time>2024-07-24T10:44:05.000Z</time>
        <extensions>
          <ns3:TrackPointExtension>
            <ns3:hr>138</ns3:hr>
          </ns3:TrackPointExtension>
        </extensions>
      </trkpt>
      <trkpt lat="46.80912089534103870391845703125" lon="17.18881719745695590972900390625">
        <ele>166.399993896484375</ele>
        <time>2024-07-24T10:44:09.000Z</time>
        <extensions>
          <ns3:TrackPointExtension>
            <ns3:hr>137</ns3:hr>
          </ns3:TrackPointExtension>
        </extensions>
      </trkpt>
      <trkpt lat="46.80912927724421024322509765625" lon="17.1887793950736522674560546875">
        <ele>166.600006103515625</ele>
        <time>2024-07-24T10:44:12.000Z</time>
        <extensions>
          <ns3:TrackPointExtension>
            <ns3:hr>133</ns3:hr>
          </ns3:TrackPointExtension>
        </extensions>
      </trkpt>
      <trkpt lat="46.8091307021677494049072265625" lon="17.18872524797916412353515625">
        <ele>167</ele>
        <time>2024-07-24T10:44:16.000Z</time>
        <extensions>
          <ns3:TrackPointExtension>
            <ns3:hr>130</ns3:hr>
          </ns3:TrackPointExtension>
        </extensions>
      </trkpt>
      <trkpt lat="46.809135563671588897705078125" lon="17.1887004375457763671875">
        <ele>167.1999969482421875</ele>
        <time>2024-07-24T10:44:18.000Z</time>
        <extensions>
          <ns3:TrackPointExtension>
            <ns3:hr>128</ns3:hr>
          </ns3:TrackPointExtension>
        </extensions>
      </trkpt>
      <trkpt lat="46.809144280850887298583984375" lon="17.1886472962796688079833984375">
        <ele>167.600006103515625</ele>
        <time>2024-07-24T10:44:23.000Z</time>
        <extensions>
          <ns3:TrackPointExtension>
            <ns3:hr>127</ns3:hr>
          </ns3:TrackPointExtension>
        </extensions>
      </trkpt>
      <trkpt lat="46.8091538362205028533935546875" lon="17.18861737288534641265869140625">
        <ele>167.600006103515625</ele>
        <time>2024-07-24T10:44:26.000Z</time>
        <extensions>
          <ns3:TrackPointExtension>
            <ns3:hr>129</ns3:hr>
          </ns3:TrackPointExtension>
        </extensions>
      </trkpt>
      <trkpt lat="46.8091649003326892852783203125" lon="17.1885473839938640594482421875">
        <ele>168.1999969482421875</ele>
        <time>2024-07-24T10:44:30.000Z</time>
        <extensions>
          <ns3:TrackPointExtension>
            <ns3:hr>125</ns3:hr>
          </ns3:TrackPointExtension>
        </extensions>
      </trkpt>
      <trkpt lat="46.809189878404140472412109375" lon="17.1884657442569732666015625">
        <ele>168.600006103515625</ele>
        <time>2024-07-24T10:44:35.000Z</time>
        <extensions>
          <ns3:TrackPointExtension>
            <ns3:hr>128</ns3:hr>
          </ns3:TrackPointExtension>
        </extensions>
      </trkpt>
      <trkpt lat="46.80920102633535861968994140625" lon="17.18840933404862880706787109375">
        <ele>169</ele>
        <time>2024-07-24T10:44:38.000Z</time>
        <extensions>
          <ns3:TrackPointExtension>
            <ns3:hr>129</ns3:hr>
          </ns3:TrackPointExtension>
        </extensions>
      </trkpt>
      <trkpt lat="46.80920102633535861968994140625" lon="17.18829802237451076507568359375">
        <ele>169.8000030517578125</ele>
        <time>2024-07-24T10:44:45.000Z</time>
        <extensions>
          <ns3:TrackPointExtension>
            <ns3:hr>127</ns3:hr>
          </ns3:TrackPointExtension>
        </extensions>
      </trkpt>
      <trkpt lat="46.8092014454305171966552734375" lon="17.18823448754847049713134765625">
        <ele>170.1999969482421875</ele>
        <time>2024-07-24T10:44:48.000Z</time>
        <extensions>
          <ns3:TrackPointExtension>
            <ns3:hr>124</ns3:hr>
          </ns3:TrackPointExtension>
        </extensions>
      </trkpt>
      <trkpt lat="46.80919247679412364959716796875" lon="17.18814714811742305755615234375">
        <ele>170.600006103515625</ele>
        <time>2024-07-24T10:44:53.000Z</time>
        <extensions>
          <ns3:TrackPointExtension>
            <ns3:hr>123</ns3:hr>
          </ns3:TrackPointExtension>
        </extensions>
      </trkpt>
      <trkpt lat="46.8091759644448757171630859375" lon="17.18799996189773082733154296875">
        <ele>171.1999969482421875</ele>
        <time>2024-07-24T10:45:01.000Z</time>
        <extensions>
          <ns3:TrackPointExtension>
            <ns3:hr>123</ns3:hr>
          </ns3:TrackPointExtension>
        </extensions>
      </trkpt>
      <trkpt lat="46.8091766349971294403076171875" lon="17.18798018060624599456787109375">
        <ele>171.1999969482421875</ele>
        <time>2024-07-24T10:45:02.000Z</time>
        <extensions>
          <ns3:TrackPointExtension>
            <ns3:hr>123</ns3:hr>
          </ns3:TrackPointExtension>
        </extensions>
      </trkpt>
      <trkpt lat="46.8091990984976291656494140625" lon="17.187859229743480682373046875">
        <ele>172</ele>
        <time>2024-07-24T10:45:08.000Z</time>
        <extensions>
          <ns3:TrackPointExtension>
            <ns3:hr>121</ns3:hr>
          </ns3:TrackPointExtension>
        </extensions>
      </trkpt>
      <trkpt lat="46.80920421145856380462646484375" lon="17.18781438656151294708251953125">
        <ele>172.1999969482421875</ele>
        <time>2024-07-24T10:45:11.000Z</time>
        <extensions>
          <ns3:TrackPointExtension>
            <ns3:hr>118</ns3:hr>
          </ns3:TrackPointExtension>
        </extensions>
      </trkpt>
      <trkpt lat="46.80920672602951526641845703125" lon="17.18779494054615497589111328125">
        <ele>172.399993896484375</ele>
        <time>2024-07-24T10:45:12.000Z</time>
        <extensions>
          <ns3:TrackPointExtension>
            <ns3:hr>117</ns3:hr>
          </ns3:TrackPointExtension>
        </extensions>
      </trkpt>
      <trkpt lat="46.809224076569080352783203125" lon="17.18772570602595806121826171875">
        <ele>172.8000030517578125</ele>
        <time>2024-07-24T10:45:16.000Z</time>
        <extensions>
          <ns3:TrackPointExtension>
            <ns3:hr>115</ns3:hr>
          </ns3:TrackPointExtension>
        </extensions>
      </trkpt>
      <trkpt lat="46.8093214742839336395263671875" lon="17.187613137066364288330078125">
        <ele>173.600006103515625</ele>
        <time>2024-07-24T10:45:26.000Z</time>
        <extensions>
          <ns3:TrackPointExtension>
            <ns3:hr>112</ns3:hr>
          </ns3:TrackPointExtension>
        </extensions>
      </trkpt>
      <trkpt lat="46.8094173632562160491943359375" lon="17.187545411288738250732421875">
        <ele>174</ele>
        <time>2024-07-24T10:45:33.000Z</time>
        <extensions>
          <ns3:TrackPointExtension>
            <ns3:hr>109</ns3:hr>
          </ns3:TrackPointExtension>
        </extensions>
      </trkpt>
      <trkpt lat="46.8094240687787532806396484375" lon="17.18753568828105926513671875">
        <ele>174.1999969482421875</ele>
        <time>2024-07-24T10:45:34.000Z</time>
        <extensions>
          <ns3:TrackPointExtension>
            <ns3:hr>109</ns3:hr>
          </ns3:TrackPointExtension>
        </extensions>
      </trkpt>
      <trkpt lat="46.8094321154057979583740234375" lon="17.18751959502696990966796875">
        <ele>174.1999969482421875</ele>
        <time>2024-07-24T10:45:35.000Z</time>
        <extensions>
          <ns3:TrackPointExtension>
            <ns3:hr>109</ns3:hr>
          </ns3:TrackPointExtension>
        </extensions>
      </trkpt>
      <trkpt lat="46.80946958251297473907470703125" lon="17.1874151565134525299072265625">
        <ele>175</ele>
        <time>2024-07-24T10:45:41.000Z</time>
        <extensions>
          <ns3:TrackPointExtension>
            <ns3:hr>109</ns3:hr>
          </ns3:TrackPointExtension>
        </extensions>
      </trkpt>
      <trkpt lat="46.8094743601977825164794921875" lon="17.18725983984768390655517578125">
        <ele>176</ele>
        <time>2024-07-24T10:45:49.000Z</time>
        <extensions>
          <ns3:TrackPointExtension>
            <ns3:hr>112</ns3:hr>
          </ns3:TrackPointExtension>
        </extensions>
      </trkpt>
      <trkpt lat="46.80947679094970226287841796875" lon="17.18719781376421451568603515625">
        <ele>176.399993896484375</ele>
        <time>2024-07-24T10:45:52.000Z</time>
        <extensions>
          <ns3:TrackPointExtension>
            <ns3:hr>113</ns3:hr>
          </ns3:TrackPointExtension>
        </extensions>
      </trkpt>
      <trkpt lat="46.80946991778910160064697265625" lon="17.1870088018476963043212890625">
        <ele>177</ele>
        <time>2024-07-24T10:46:03.000Z</time>
        <extensions>
          <ns3:TrackPointExtension>
            <ns3:hr>116</ns3:hr>
          </ns3:TrackPointExtension>
        </extensions>
      </trkpt>
      <trkpt lat="46.80946187116205692291259765625" lon="17.186830937862396240234375">
        <ele>177.600006103515625</ele>
        <time>2024-07-24T10:46:13.000Z</time>
        <extensions>
          <ns3:TrackPointExtension>
            <ns3:hr>119</ns3:hr>
          </ns3:TrackPointExtension>
        </extensions>
      </trkpt>
      <trkpt lat="46.809457428753376007080078125" lon="17.186794392764568328857421875">
        <ele>177.399993896484375</ele>
        <time>2024-07-24T10:46:15.000Z</time>
        <extensions>
          <ns3:TrackPointExtension>
            <ns3:hr>116</ns3:hr>
          </ns3:TrackPointExtension>
        </extensions>
      </trkpt>
      <trkpt lat="46.80944879539310932159423828125" lon="17.1867610327899456024169921875">
        <ele>177.399993896484375</ele>
        <time>2024-07-24T10:46:17.000Z</time>
        <extensions>
          <ns3:TrackPointExtension>
            <ns3:hr>117</ns3:hr>
          </ns3:TrackPointExtension>
        </extensions>
      </trkpt>
      <trkpt lat="46.8094425089657306671142578125" lon="17.18671987764537334442138671875">
        <ele>177.399993896484375</ele>
        <time>2024-07-24T10:46:19.000Z</time>
        <extensions>
          <ns3:TrackPointExtension>
            <ns3:hr>117</ns3:hr>
          </ns3:TrackPointExtension>
        </extensions>
      </trkpt>
      <trkpt lat="46.8094294331967830657958984375" lon="17.18667126260697841644287109375">
        <ele>177.1999969482421875</ele>
        <time>2024-07-24T10:46:22.000Z</time>
        <extensions>
          <ns3:TrackPointExtension>
            <ns3:hr>118</ns3:hr>
          </ns3:TrackPointExtension>
        </extensions>
      </trkpt>
      <trkpt lat="46.809418536722660064697265625" lon="17.186597920954227447509765625">
        <ele>177.1999969482421875</ele>
        <time>2024-07-24T10:46:26.000Z</time>
        <extensions>
          <ns3:TrackPointExtension>
            <ns3:hr>118</ns3:hr>
          </ns3:TrackPointExtension>
        </extensions>
      </trkpt>
      <trkpt lat="46.80940152145922183990478515625" lon="17.18647755682468414306640625">
        <ele>176.8000030517578125</ele>
        <time>2024-07-24T10:46:33.000Z</time>
        <extensions>
          <ns3:TrackPointExtension>
            <ns3:hr>119</ns3:hr>
          </ns3:TrackPointExtension>
        </extensions>
      </trkpt>
      <trkpt lat="46.8093737773597240447998046875" lon="17.18632257543504238128662109375">
        <ele>176</ele>
        <time>2024-07-24T10:46:41.000Z</time>
        <extensions>
          <ns3:TrackPointExtension>
            <ns3:hr>119</ns3:hr>
          </ns3:TrackPointExtension>
        </extensions>
      </trkpt>
      <trkpt lat="46.80937335826456546783447265625" lon="17.1862587891519069671630859375">
        <ele>175.8000030517578125</ele>
        <time>2024-07-24T10:46:48.000Z</time>
        <extensions>
          <ns3:TrackPointExtension>
            <ns3:hr>119</ns3:hr>
          </ns3:TrackPointExtension>
        </extensions>
      </trkpt>
      <trkpt lat="46.80936145596206188201904296875" lon="17.18614722602069377899169921875">
        <ele>175.8000030517578125</ele>
        <time>2024-07-24T10:46:55.000Z</time>
        <extensions>
          <ns3:TrackPointExtension>
            <ns3:hr>120</ns3:hr>
          </ns3:TrackPointExtension>
        </extensions>
      </trkpt>
      <trkpt lat="46.8093553371727466583251953125" lon="17.18607480637729167938232421875">
        <ele>175.8000030517578125</ele>
        <time>2024-07-24T10:46:58.000Z</time>
        <extensions>
          <ns3:TrackPointExtension>
            <ns3:hr>120</ns3:hr>
          </ns3:TrackPointExtension>
        </extensions>
      </trkpt>
      <trkpt lat="46.80934754200279712677001953125" lon="17.18600456602871417999267578125">
        <ele>175.600006103515625</ele>
        <time>2024-07-24T10:47:01.000Z</time>
        <extensions>
          <ns3:TrackPointExtension>
            <ns3:hr>119</ns3:hr>
          </ns3:TrackPointExtension>
        </extensions>
      </trkpt>
      <trkpt lat="46.80934016592800617218017578125" lon="17.1858465671539306640625">
        <ele>175</ele>
        <time>2024-07-24T10:47:09.000Z</time>
        <extensions>
          <ns3:TrackPointExtension>
            <ns3:hr>118</ns3:hr>
          </ns3:TrackPointExtension>
        </extensions>
      </trkpt>
      <trkpt lat="46.8093224801123142242431640625" lon="17.1856542862951755523681640625">
        <ele>174.8000030517578125</ele>
        <time>2024-07-24T10:47:18.000Z</time>
        <extensions>
          <ns3:TrackPointExtension>
            <ns3:hr>120</ns3:hr>
          </ns3:TrackPointExtension>
        </extensions>
      </trkpt>
      <trkpt lat="46.8093229830265045166015625" lon="17.185606844723224639892578125">
        <ele>174.8000030517578125</ele>
        <time>2024-07-24T10:47:20.000Z</time>
        <extensions>
          <ns3:TrackPointExtension>
            <ns3:hr>117</ns3:hr>
          </ns3:TrackPointExtension>
        </extensions>
      </trkpt>
      <trkpt lat="46.8093251623213291168212890625" lon="17.18559645116329193115234375">
        <ele>174.8000030517578125</ele>
        <time>2024-07-24T10:47:21.000Z</time>
        <extensions>
          <ns3:TrackPointExtension>
            <ns3:hr>120</ns3:hr>
          </ns3:TrackPointExtension>
        </extensions>
      </trkpt>
      <trkpt lat="46.8093278445303440093994140625" lon="17.1854665316641330718994140625">
        <ele>174.600006103515625</ele>
        <time>2024-07-24T10:47:27.000Z</time>
        <extensions>
          <ns3:TrackPointExtension>
            <ns3:hr>120</ns3:hr>
          </ns3:TrackPointExtension>
        </extensions>
      </trkpt>
      <trkpt lat="46.80933211930096149444580078125" lon="17.18542185612022876739501953125">
        <ele>174.399993896484375</ele>
        <time>2024-07-24T10:47:29.000Z</time>
        <extensions>
          <ns3:TrackPointExtension>
            <ns3:hr>123</ns3:hr>
          </ns3:TrackPointExtension>
        </extensions>
      </trkpt>
      <trkpt lat="46.8093214742839336395263671875" lon="17.18529964797198772430419921875">
        <ele>173.8000030517578125</ele>
        <time>2024-07-24T10:47:36.000Z</time>
        <extensions>
          <ns3:TrackPointExtension>
            <ns3:hr>122</ns3:hr>
          </ns3:TrackPointExtension>
        </extensions>
      </trkpt>
      <trkpt lat="46.8093328736722469329833984375" lon="17.1850754320621490478515625">
        <ele>173</ele>
        <time>2024-07-24T10:47:47.000Z</time>
        <extensions>
          <ns3:TrackPointExtension>
            <ns3:hr>125</ns3:hr>
          </ns3:TrackPointExtension>
        </extensions>
      </trkpt>
      <trkpt lat="46.80933731608092784881591796875" lon="17.1850568242371082305908203125">
        <ele>173</ele>
        <time>2024-07-24T10:47:48.000Z</time>
        <extensions>
          <ns3:TrackPointExtension>
            <ns3:hr>124</ns3:hr>
          </ns3:TrackPointExtension>
        </extensions>
      </trkpt>
      <trkpt lat="46.80935047566890716552734375" lon="17.184898070991039276123046875">
        <ele>172.399993896484375</ele>
        <time>2024-07-24T10:47:56.000Z</time>
        <extensions>
          <ns3:TrackPointExtension>
            <ns3:hr>127</ns3:hr>
          </ns3:TrackPointExtension>
        </extensions>
      </trkpt>
      <trkpt lat="46.809362210333347320556640625" lon="17.1848234720528125762939453125">
        <ele>172.1999969482421875</ele>
        <time>2024-07-24T10:48:00.000Z</time>
        <extensions>
          <ns3:TrackPointExtension>
            <ns3:hr>130</ns3:hr>
          </ns3:TrackPointExtension>
        </extensions>
      </trkpt>
      <trkpt lat="46.8093761242926120758056640625" lon="17.18476421199738979339599609375">
        <ele>172.1999969482421875</ele>
        <time>2024-07-24T10:48:03.000Z</time>
        <extensions>
          <ns3:TrackPointExtension>
            <ns3:hr>133</ns3:hr>
          </ns3:TrackPointExtension>
        </extensions>
      </trkpt>
      <trkpt lat="46.80937997996807098388671875" lon="17.18474023975431919097900390625">
        <ele>172.1999969482421875</ele>
        <time>2024-07-24T10:48:04.000Z</time>
        <extensions>
          <ns3:TrackPointExtension>
            <ns3:hr>134</ns3:hr>
          </ns3:TrackPointExtension>
        </extensions>
      </trkpt>
      <trkpt lat="46.80937939323484897613525390625" lon="17.18472070991992950439453125">
        <ele>172.1999969482421875</ele>
        <time>2024-07-24T10:48:05.000Z</time>
        <extensions>
          <ns3:TrackPointExtension>
            <ns3:hr>135</ns3:hr>
          </ns3:TrackPointExtension>
        </extensions>
      </trkpt>
      <trkpt lat="46.809404455125331878662109375" lon="17.18463010154664516448974609375">
        <ele>172.1999969482421875</ele>
        <time>2024-07-24T10:48:10.000Z</time>
        <extensions>
          <ns3:TrackPointExtension>
            <ns3:hr>137</ns3:hr>
          </ns3:TrackPointExtension>
        </extensions>
      </trkpt>
      <trkpt lat="46.809436976909637451171875" lon="17.18452063389122486114501953125">
        <ele>172.600006103515625</ele>
        <time>2024-07-24T10:48:16.000Z</time>
        <extensions>
          <ns3:TrackPointExtension>
            <ns3:hr>138</ns3:hr>
          </ns3:TrackPointExtension>
        </extensions>
      </trkpt>
      <trkpt lat="46.8094418384134769439697265625" lon="17.18448626808822154998779296875">
        <ele>172.1999969482421875</ele>
        <time>2024-07-24T10:48:18.000Z</time>
        <extensions>
          <ns3:TrackPointExtension>
            <ns3:hr>139</ns3:hr>
          </ns3:TrackPointExtension>
        </extensions>
      </trkpt>
      <trkpt lat="46.80949104018509387969970703125" lon="17.18436171300709247589111328125">
        <ele>171.8000030517578125</ele>
        <time>2024-07-24T10:48:25.000Z</time>
        <extensions>
          <ns3:TrackPointExtension>
            <ns3:hr>139</ns3:hr>
          </ns3:TrackPointExtension>
        </extensions>
      </trkpt>
      <trkpt lat="46.80953110568225383758544921875" lon="17.184198014438152313232421875">
        <ele>171.399993896484375</ele>
        <time>2024-07-24T10:48:33.000Z</time>
        <extensions>
          <ns3:TrackPointExtension>
            <ns3:hr>140</ns3:hr>
          </ns3:TrackPointExtension>
        </extensions>
      </trkpt>
      <trkpt lat="46.8095347099006175994873046875" lon="17.18402174301445484161376953125">
        <ele>170.8000030517578125</ele>
        <time>2024-07-24T10:48:40.000Z</time>
        <extensions>
          <ns3:TrackPointExtension>
            <ns3:hr>137</ns3:hr>
          </ns3:TrackPointExtension>
        </extensions>
      </trkpt>
      <trkpt lat="46.80954761803150177001953125" lon="17.183981426060199737548828125">
        <ele>170.8000030517578125</ele>
        <time>2024-07-24T10:48:42.000Z</time>
        <extensions>
          <ns3:TrackPointExtension>
            <ns3:hr>137</ns3:hr>
          </ns3:TrackPointExtension>
        </extensions>
      </trkpt>
      <trkpt lat="46.8095536530017852783203125" lon="17.18396742828190326690673828125">
        <ele>170.8000030517578125</ele>
        <time>2024-07-24T10:48:43.000Z</time>
        <extensions>
          <ns3:TrackPointExtension>
            <ns3:hr>137</ns3:hr>
          </ns3:TrackPointExtension>
        </extensions>
      </trkpt>
      <trkpt lat="46.809555329382419586181640625" lon="17.18394362367689609527587890625">
        <ele>170.600006103515625</ele>
        <time>2024-07-24T10:48:44.000Z</time>
        <extensions>
          <ns3:TrackPointExtension>
            <ns3:hr>137</ns3:hr>
          </ns3:TrackPointExtension>
        </extensions>
      </trkpt>
      <trkpt lat="46.80956563912332057952880859375" lon="17.1838786639273166656494140625">
        <ele>170.600006103515625</ele>
        <time>2024-07-24T10:48:47.000Z</time>
        <extensions>
          <ns3:TrackPointExtension>
            <ns3:hr>137</ns3:hr>
          </ns3:TrackPointExtension>
        </extensions>
      </trkpt>
      <trkpt lat="46.809578128159046173095703125" lon="17.183848656713962554931640625">
        <ele>170.600006103515625</ele>
        <time>2024-07-24T10:48:49.000Z</time>
        <extensions>
          <ns3:TrackPointExtension>
            <ns3:hr>136</ns3:hr>
          </ns3:TrackPointExtension>
        </extensions>
      </trkpt>
      <trkpt lat="46.8096124939620494842529296875" lon="17.18370239250361919403076171875">
        <ele>170</ele>
        <time>2024-07-24T10:48:57.000Z</time>
        <extensions>
          <ns3:TrackPointExtension>
            <ns3:hr>137</ns3:hr>
          </ns3:TrackPointExtension>
        </extensions>
      </trkpt>
      <trkpt lat="46.80962263606488704681396484375" lon="17.18369074165821075439453125">
        <ele>170</ele>
        <time>2024-07-24T10:48:58.000Z</time>
        <extensions>
          <ns3:TrackPointExtension>
            <ns3:hr>137</ns3:hr>
          </ns3:TrackPointExtension>
        </extensions>
      </trkpt>
      <trkpt lat="46.8096352927386760711669921875" lon="17.1836573816835880279541015625">
        <ele>169.8000030517578125</ele>
        <time>2024-07-24T10:49:00.000Z</time>
        <extensions>
          <ns3:TrackPointExtension>
            <ns3:hr>138</ns3:hr>
          </ns3:TrackPointExtension>
        </extensions>
      </trkpt>
      <trkpt lat="46.8096421658992767333984375" lon="17.1835792623460292816162109375">
        <ele>169.399993896484375</ele>
        <time>2024-07-24T10:49:04.000Z</time>
        <extensions>
          <ns3:TrackPointExtension>
            <ns3:hr>138</ns3:hr>
          </ns3:TrackPointExtension>
        </extensions>
      </trkpt>
      <trkpt lat="46.80965733714401721954345703125" lon="17.183387316763401031494140625">
        <ele>169</ele>
        <time>2024-07-24T10:49:13.000Z</time>
        <extensions>
          <ns3:TrackPointExtension>
            <ns3:hr>135</ns3:hr>
          </ns3:TrackPointExtension>
        </extensions>
      </trkpt>
      <trkpt lat="46.80967611260712146759033203125" lon="17.183307521045207977294921875">
        <ele>169</ele>
        <time>2024-07-24T10:49:17.000Z</time>
        <extensions>
          <ns3:TrackPointExtension>
            <ns3:hr>138</ns3:hr>
          </ns3:TrackPointExtension>
        </extensions>
      </trkpt>
      <trkpt lat="46.80967812426388263702392578125" lon="17.1832473389804363250732421875">
        <ele>169</ele>
        <time>2024-07-24T10:49:20.000Z</time>
        <extensions>
          <ns3:TrackPointExtension>
            <ns3:hr>139</ns3:hr>
          </ns3:TrackPointExtension>
        </extensions>
      </trkpt>
      <trkpt lat="46.80968734435737133026123046875" lon="17.1831603348255157470703125">
        <ele>169</ele>
        <time>2024-07-24T10:49:25.000Z</time>
        <extensions>
          <ns3:TrackPointExtension>
            <ns3:hr>142</ns3:hr>
          </ns3:TrackPointExtension>
        </extensions>
      </trkpt>
      <trkpt lat="46.809691451489925384521484375" lon="17.183083556592464447021484375">
        <ele>169</ele>
        <time>2024-07-24T10:49:30.000Z</time>
        <extensions>
          <ns3:TrackPointExtension>
            <ns3:hr>140</ns3:hr>
          </ns3:TrackPointExtension>
        </extensions>
      </trkpt>
      <trkpt lat="46.8096946366131305694580078125" lon="17.1830666251480579376220703125">
        <ele>169</ele>
        <time>2024-07-24T10:49:35.000Z</time>
        <extensions>
          <ns3:TrackPointExtension>
            <ns3:hr>140</ns3:hr>
          </ns3:TrackPointExtension>
        </extensions>
      </trkpt>
      <trkpt lat="46.80975758470594882965087890625" lon="17.1831249631941318511962890625">
        <ele>169</ele>
        <time>2024-07-24T10:49:43.000Z</time>
        <extensions>
          <ns3:TrackPointExtension>
            <ns3:hr>140</ns3:hr>
          </ns3:TrackPointExtension>
        </extensions>
      </trkpt>
      <trkpt lat="46.8098280765116214752197265625" lon="17.1832004003226757049560546875">
        <ele>169</ele>
        <time>2024-07-24T10:49:50.000Z</time>
        <extensions>
          <ns3:TrackPointExtension>
            <ns3:hr>141</ns3:hr>
          </ns3:TrackPointExtension>
        </extensions>
      </trkpt>
      <trkpt lat="46.80990644730627536773681640625" lon="17.18326485715806484222412109375">
        <ele>169.399993896484375</ele>
        <time>2024-07-24T10:49:57.000Z</time>
        <extensions>
          <ns3:TrackPointExtension>
            <ns3:hr>142</ns3:hr>
          </ns3:TrackPointExtension>
        </extensions>
      </trkpt>
      <trkpt lat="46.8100141547620296478271484375" lon="17.1833254583179950714111328125">
        <ele>169.8000030517578125</ele>
        <time>2024-07-24T10:50:06.000Z</time>
        <extensions>
          <ns3:TrackPointExtension>
            <ns3:hr>144</ns3:hr>
          </ns3:TrackPointExtension>
        </extensions>
      </trkpt>
      <trkpt lat="46.8100808747112751007080078125" lon="17.18333400785923004150390625">
        <ele>170</ele>
        <time>2024-07-24T10:50:12.000Z</time>
        <extensions>
          <ns3:TrackPointExtension>
            <ns3:hr>144</ns3:hr>
          </ns3:TrackPointExtension>
        </extensions>
      </trkpt>
      <trkpt lat="46.8100926093757152557373046875" lon="17.183339037001132965087890625">
        <ele>170</ele>
        <time>2024-07-24T10:50:13.000Z</time>
        <extensions>
          <ns3:TrackPointExtension>
            <ns3:hr>144</ns3:hr>
          </ns3:TrackPointExtension>
        </extensions>
      </trkpt>
      <trkpt lat="46.81017148308455944061279296875" lon="17.18335068784654140472412109375">
        <ele>170.600006103515625</ele>
        <time>2024-07-24T10:50:20.000Z</time>
        <extensions>
          <ns3:TrackPointExtension>
            <ns3:hr>144</ns3:hr>
          </ns3:TrackPointExtension>
        </extensions>
      </trkpt>
      <trkpt lat="46.8101839721202850341796875" lon="17.18335152603685855865478515625">
        <ele>170.8000030517578125</ele>
        <time>2024-07-24T10:50:21.000Z</time>
        <extensions>
          <ns3:TrackPointExtension>
            <ns3:hr>144</ns3:hr>
          </ns3:TrackPointExtension>
        </extensions>
      </trkpt>
      <trkpt lat="46.81029285304248332977294921875" lon="17.18334213830530643463134765625">
        <ele>171</ele>
        <time>2024-07-24T10:50:28.000Z</time>
        <extensions>
          <ns3:TrackPointExtension>
            <ns3:hr>146</ns3:hr>
          </ns3:TrackPointExtension>
        </extensions>
      </trkpt>
      <trkpt lat="46.81030492298305034637451171875" lon="17.18334699980914592742919921875">
        <ele>171.1999969482421875</ele>
        <time>2024-07-24T10:50:29.000Z</time>
        <extensions>
          <ns3:TrackPointExtension>
            <ns3:hr>146</ns3:hr>
          </ns3:TrackPointExtension>
        </extensions>
      </trkpt>
      <trkpt lat="46.81035554967820644378662109375" lon="17.18335940502583980560302734375">
        <ele>171.399993896484375</ele>
        <time>2024-07-24T10:50:34.000Z</time>
        <extensions>
          <ns3:TrackPointExtension>
            <ns3:hr>147</ns3:hr>
          </ns3:TrackPointExtension>
        </extensions>
      </trkpt>
      <trkpt lat="46.8104731477797031402587890625" lon="17.18338673003017902374267578125">
        <ele>172.1999969482421875</ele>
        <time>2024-07-24T10:50:43.000Z</time>
        <extensions>
          <ns3:TrackPointExtension>
            <ns3:hr>145</ns3:hr>
          </ns3:TrackPointExtension>
        </extensions>
      </trkpt>
      <trkpt lat="46.810537688434123992919921875" lon="17.183414138853549957275390625">
        <ele>172.8000030517578125</ele>
        <time>2024-07-24T10:50:48.000Z</time>
        <extensions>
          <ns3:TrackPointExtension>
            <ns3:hr>142</ns3:hr>
          </ns3:TrackPointExtension>
        </extensions>
      </trkpt>
      <trkpt lat="46.81059099733829498291015625" lon="17.18343853019177913665771484375">
        <ele>173.399993896484375</ele>
        <time>2024-07-24T10:50:52.000Z</time>
        <extensions>
          <ns3:TrackPointExtension>
            <ns3:hr>144</ns3:hr>
          </ns3:TrackPointExtension>
        </extensions>
      </trkpt>
      <trkpt lat="46.8107520975172519683837890625" lon="17.18347792513668537139892578125">
        <ele>175</ele>
        <time>2024-07-24T10:51:03.000Z</time>
        <extensions>
          <ns3:TrackPointExtension>
            <ns3:hr>142</ns3:hr>
          </ns3:TrackPointExtension>
        </extensions>
      </trkpt>
      <trkpt lat="46.81085762567818164825439453125" lon="17.18350298702716827392578125">
        <ele>176.1999969482421875</ele>
        <time>2024-07-24T10:51:12.000Z</time>
        <extensions>
          <ns3:TrackPointExtension>
            <ns3:hr>141</ns3:hr>
          </ns3:TrackPointExtension>
        </extensions>
      </trkpt>
      <trkpt lat="46.81090942583978176116943359375" lon="17.18349234201014041900634765625">
        <ele>176.8000030517578125</ele>
        <time>2024-07-24T10:51:16.000Z</time>
        <extensions>
          <ns3:TrackPointExtension>
            <ns3:hr>141</ns3:hr>
          </ns3:TrackPointExtension>
        </extensions>
      </trkpt>
      <trkpt lat="46.8109376728534698486328125" lon="17.1834954433143138885498046875">
        <ele>177</ele>
        <time>2024-07-24T10:51:19.000Z</time>
        <extensions>
          <ns3:TrackPointExtension>
            <ns3:hr>141</ns3:hr>
          </ns3:TrackPointExtension>
        </extensions>
      </trkpt>
      <trkpt lat="46.8110303767025470733642578125" lon="17.18352310359477996826171875">
        <ele>177.8000030517578125</ele>
        <time>2024-07-24T10:51:28.000Z</time>
        <extensions>
          <ns3:TrackPointExtension>
            <ns3:hr>142</ns3:hr>
          </ns3:TrackPointExtension>
        </extensions>
      </trkpt>
      <trkpt lat="46.811104975640773773193359375" lon="17.1835291385650634765625">
        <ele>178.399993896484375</ele>
        <time>2024-07-24T10:51:34.000Z</time>
        <extensions>
          <ns3:TrackPointExtension>
            <ns3:hr>142</ns3:hr>
          </ns3:TrackPointExtension>
        </extensions>
      </trkpt>
      <trkpt lat="46.8111286126077175140380859375" lon="17.1835329942405223846435546875">
        <ele>178.600006103515625</ele>
        <time>2024-07-24T10:51:36.000Z</time>
        <extensions>
          <ns3:TrackPointExtension>
            <ns3:hr>142</ns3:hr>
          </ns3:TrackPointExtension>
        </extensions>
      </trkpt>
      <trkpt lat="46.81118309497833251953125" lon="17.18354933895170688629150390625">
        <ele>179</ele>
        <time>2024-07-24T10:51:40.000Z</time>
        <extensions>
          <ns3:TrackPointExtension>
            <ns3:hr>144</ns3:hr>
          </ns3:TrackPointExtension>
        </extensions>
      </trkpt>
      <trkpt lat="46.8112218193709850311279296875" lon="17.18354866839945316314697265625">
        <ele>179.1999969482421875</ele>
        <time>2024-07-24T10:51:43.000Z</time>
        <extensions>
          <ns3:TrackPointExtension>
            <ns3:hr>145</ns3:hr>
          </ns3:TrackPointExtension>
        </extensions>
      </trkpt>
      <trkpt lat="46.8112939037382602691650390625" lon="17.1835329942405223846435546875">
        <ele>179.8000030517578125</ele>
        <time>2024-07-24T10:51:49.000Z</time>
        <extensions>
          <ns3:TrackPointExtension>
            <ns3:hr>148</ns3:hr>
          </ns3:TrackPointExtension>
        </extensions>
      </trkpt>
      <trkpt lat="46.8113542534410953521728515625" lon="17.183534167706966400146484375">
        <ele>180.1999969482421875</ele>
        <time>2024-07-24T10:51:53.000Z</time>
        <extensions>
          <ns3:TrackPointExtension>
            <ns3:hr>150</ns3:hr>
          </ns3:TrackPointExtension>
        </extensions>
      </trkpt>
      <trkpt lat="46.811464726924896240234375" lon="17.1835829503834247589111328125">
        <ele>181.1999969482421875</ele>
        <time>2024-07-24T10:52:01.000Z</time>
        <extensions>
          <ns3:TrackPointExtension>
            <ns3:hr>150</ns3:hr>
          </ns3:TrackPointExtension>
        </extensions>
      </trkpt>
      <trkpt lat="46.81153790093958377838134765625" lon="17.1836389414966106414794921875">
        <ele>181.8000030517578125</ele>
        <time>2024-07-24T10:52:07.000Z</time>
        <extensions>
          <ns3:TrackPointExtension>
            <ns3:hr>149</ns3:hr>
          </ns3:TrackPointExtension>
        </extensions>
      </trkpt>
      <trkpt lat="46.8115500546991825103759765625" lon="17.1836389414966106414794921875">
        <ele>182</ele>
        <time>2024-07-24T10:52:08.000Z</time>
        <extensions>
          <ns3:TrackPointExtension>
            <ns3:hr>149</ns3:hr>
          </ns3:TrackPointExtension>
        </extensions>
      </trkpt>
      <trkpt lat="46.81159456260502338409423828125" lon="17.183642126619815826416015625">
        <ele>182.1999969482421875</ele>
        <time>2024-07-24T10:52:11.000Z</time>
        <extensions>
          <ns3:TrackPointExtension>
            <ns3:hr>148</ns3:hr>
          </ns3:TrackPointExtension>
        </extensions>
      </trkpt>
      <trkpt lat="46.81164644658565521240234375" lon="17.18365226872265338897705078125">
        <ele>182.600006103515625</ele>
        <time>2024-07-24T10:52:14.000Z</time>
        <extensions>
          <ns3:TrackPointExtension>
            <ns3:hr>147</ns3:hr>
          </ns3:TrackPointExtension>
        </extensions>
      </trkpt>
      <trkpt lat="46.811774186789989471435546875" lon="17.183717899024486541748046875">
        <ele>183.8000030517578125</ele>
        <time>2024-07-24T10:52:24.000Z</time>
        <extensions>
          <ns3:TrackPointExtension>
            <ns3:hr>148</ns3:hr>
          </ns3:TrackPointExtension>
        </extensions>
      </trkpt>
      <trkpt lat="46.81186504662036895751953125" lon="17.18377816490828990936279296875">
        <ele>184.399993896484375</ele>
        <time>2024-07-24T10:52:31.000Z</time>
        <extensions>
          <ns3:TrackPointExtension>
            <ns3:hr>149</ns3:hr>
          </ns3:TrackPointExtension>
        </extensions>
      </trkpt>
      <trkpt lat="46.81193117983639240264892578125" lon="17.1838471479713916778564453125">
        <ele>184.600006103515625</ele>
        <time>2024-07-24T10:52:38.000Z</time>
        <extensions>
          <ns3:TrackPointExtension>
            <ns3:hr>150</ns3:hr>
          </ns3:TrackPointExtension>
        </extensions>
      </trkpt>
      <trkpt lat="46.81202958337962627410888671875" lon="17.1838857047259807586669921875">
        <ele>185</ele>
        <time>2024-07-24T10:52:46.000Z</time>
        <extensions>
          <ns3:TrackPointExtension>
            <ns3:hr>149</ns3:hr>
          </ns3:TrackPointExtension>
        </extensions>
      </trkpt>
      <trkpt lat="46.81206847541034221649169921875" lon="17.183926105499267578125">
        <ele>185</ele>
        <time>2024-07-24T10:52:49.000Z</time>
        <extensions>
          <ns3:TrackPointExtension>
            <ns3:hr>149</ns3:hr>
          </ns3:TrackPointExtension>
        </extensions>
      </trkpt>
      <trkpt lat="46.81211021728813648223876953125" lon="17.1839346550405025482177734375">
        <ele>185</ele>
        <time>2024-07-24T10:52:52.000Z</time>
        <extensions>
          <ns3:TrackPointExtension>
            <ns3:hr>148</ns3:hr>
          </ns3:TrackPointExtension>
        </extensions>
      </trkpt>
      <trkpt lat="46.8121968023478984832763671875" lon="17.18395954929292201995849609375">
        <ele>185</ele>
        <time>2024-07-24T10:52:57.000Z</time>
        <extensions>
          <ns3:TrackPointExtension>
            <ns3:hr>148</ns3:hr>
          </ns3:TrackPointExtension>
        </extensions>
      </trkpt>
      <trkpt lat="46.812244914472103118896484375" lon="17.1839809231460094451904296875">
        <ele>185.1999969482421875</ele>
        <time>2024-07-24T10:53:00.000Z</time>
        <extensions>
          <ns3:TrackPointExtension>
            <ns3:hr>148</ns3:hr>
          </ns3:TrackPointExtension>
        </extensions>
      </trkpt>
      <trkpt lat="46.81230224668979644775390625" lon="17.18401503749191761016845703125">
        <ele>185.399993896484375</ele>
        <time>2024-07-24T10:53:05.000Z</time>
        <extensions>
          <ns3:TrackPointExtension>
            <ns3:hr>149</ns3:hr>
          </ns3:TrackPointExtension>
        </extensions>
      </trkpt>
      <trkpt lat="46.81235463358461856842041015625" lon="17.18404873274266719818115234375">
        <ele>185.8000030517578125</ele>
        <time>2024-07-24T10:53:10.000Z</time>
        <extensions>
          <ns3:TrackPointExtension>
            <ns3:hr>150</ns3:hr>
          </ns3:TrackPointExtension>
        </extensions>
      </trkpt>
      <trkpt lat="46.8123780190944671630859375" lon="17.184063903987407684326171875">
        <ele>185.8000030517578125</ele>
        <time>2024-07-24T10:53:12.000Z</time>
        <extensions>
          <ns3:TrackPointExtension>
            <ns3:hr>150</ns3:hr>
          </ns3:TrackPointExtension>
        </extensions>
      </trkpt>
      <trkpt lat="46.81251682341098785400390625" lon="17.18405879102647304534912109375">
        <ele>187.399993896484375</ele>
        <time>2024-07-24T10:53:23.000Z</time>
        <extensions>
          <ns3:TrackPointExtension>
            <ns3:hr>151</ns3:hr>
          </ns3:TrackPointExtension>
        </extensions>
      </trkpt>
      <trkpt lat="46.81263324804604053497314453125" lon="17.18411176465451717376708984375">
        <ele>188.1999969482421875</ele>
        <time>2024-07-24T10:53:32.000Z</time>
        <extensions>
          <ns3:TrackPointExtension>
            <ns3:hr>148</ns3:hr>
          </ns3:TrackPointExtension>
        </extensions>
      </trkpt>
      <trkpt lat="46.8127382732927799224853515625" lon="17.1841448731720447540283203125">
        <ele>189.1999969482421875</ele>
        <time>2024-07-24T10:53:40.000Z</time>
        <extensions>
          <ns3:TrackPointExtension>
            <ns3:hr>148</ns3:hr>
          </ns3:TrackPointExtension>
        </extensions>
      </trkpt>
      <trkpt lat="46.81283273734152317047119140625" lon="17.1842179633677005767822265625">
        <ele>189.600006103515625</ele>
        <time>2024-07-24T10:53:48.000Z</time>
        <extensions>
          <ns3:TrackPointExtension>
            <ns3:hr>147</ns3:hr>
          </ns3:TrackPointExtension>
        </extensions>
      </trkpt>
      <trkpt lat="46.812849082052707672119140625" lon="17.18422927893698215484619140625">
        <ele>189.8000030517578125</ele>
        <time>2024-07-24T10:53:49.000Z</time>
        <extensions>
          <ns3:TrackPointExtension>
            <ns3:hr>144</ns3:hr>
          </ns3:TrackPointExtension>
        </extensions>
      </trkpt>
      <trkpt lat="46.812886632978916168212890625" lon="17.18425375409424304962158203125">
        <ele>189.8000030517578125</ele>
        <time>2024-07-24T10:53:52.000Z</time>
        <extensions>
          <ns3:TrackPointExtension>
            <ns3:hr>146</ns3:hr>
          </ns3:TrackPointExtension>
        </extensions>
      </trkpt>
      <trkpt lat="46.81290096603333950042724609375" lon="17.18426884151995182037353515625">
        <ele>189.8000030517578125</ele>
        <time>2024-07-24T10:53:53.000Z</time>
        <extensions>
          <ns3:TrackPointExtension>
            <ns3:hr>146</ns3:hr>
          </ns3:TrackPointExtension>
        </extensions>
      </trkpt>
      <trkpt lat="46.81295896880328655242919921875" lon="17.184315025806427001953125">
        <ele>190</ele>
        <time>2024-07-24T10:53:59.000Z</time>
        <extensions>
          <ns3:TrackPointExtension>
            <ns3:hr>143</ns3:hr>
          </ns3:TrackPointExtension>
        </extensions>
      </trkpt>
      <trkpt lat="46.812961734831333160400390625" lon="17.18432106077671051025390625">
        <ele>190</ele>
        <time>2024-07-24T10:54:06.000Z</time>
        <extensions>
          <ns3:TrackPointExtension>
            <ns3:hr>143</ns3:hr>
          </ns3:TrackPointExtension>
        </extensions>
      </trkpt>
      <trkpt lat="46.81295880116522312164306640625" lon="17.18432030640542507171630859375">
        <ele>190</ele>
        <time>2024-07-24T10:54:15.000Z</time>
        <extensions>
          <ns3:TrackPointExtension>
            <ns3:hr>144</ns3:hr>
          </ns3:TrackPointExtension>
        </extensions>
      </trkpt>
      <trkpt lat="46.81295880116522312164306640625" lon="17.18432030640542507171630859375">
        <ele>190</ele>
        <time>2024-07-24T10:54:20.000Z</time>
        <extensions>
          <ns3:TrackPointExtension>
            <ns3:hr>147</ns3:hr>
          </ns3:TrackPointExtension>
        </extensions>
      </trkpt>
      <trkpt lat="46.81295880116522312164306640625" lon="17.1843205578625202178955078125">
        <ele>190</ele>
        <time>2024-07-24T10:54:23.000Z</time>
        <extensions>
          <ns3:TrackPointExtension>
            <ns3:hr>150</ns3:hr>
          </ns3:TrackPointExtension>
        </extensions>
      </trkpt>
      <trkpt lat="46.81298327632248401641845703125" lon="17.18437881208956241607666015625">
        <ele>189.8000030517578125</ele>
        <time>2024-07-24T10:54:46.000Z</time>
        <extensions>
          <ns3:TrackPointExtension>
            <ns3:hr>147</ns3:hr>
          </ns3:TrackPointExtension>
        </extensions>
      </trkpt>
      <trkpt lat="46.81302468292415142059326171875" lon="17.18447939492762088775634765625">
        <ele>189.8000030517578125</ele>
        <time>2024-07-24T10:54:53.000Z</time>
        <extensions>
          <ns3:TrackPointExtension>
            <ns3:hr>146</ns3:hr>
          </ns3:TrackPointExtension>
        </extensions>
      </trkpt>
      <trkpt lat="46.8130849488079547882080078125" lon="17.18465005047619342803955078125">
        <ele>189.399993896484375</ele>
        <time>2024-07-24T10:55:01.000Z</time>
        <extensions>
          <ns3:TrackPointExtension>
            <ns3:hr>143</ns3:hr>
          </ns3:TrackPointExtension>
        </extensions>
      </trkpt>
      <trkpt lat="46.81312157772481441497802734375" lon="17.18480176292359828948974609375">
        <ele>188.600006103515625</ele>
        <time>2024-07-24T10:55:09.000Z</time>
        <extensions>
          <ns3:TrackPointExtension>
            <ns3:hr>141</ns3:hr>
          </ns3:TrackPointExtension>
        </extensions>
      </trkpt>
      <trkpt lat="46.81314990855753421783447265625" lon="17.184878624975681304931640625">
        <ele>188.1999969482421875</ele>
        <time>2024-07-24T10:55:15.000Z</time>
        <extensions>
          <ns3:TrackPointExtension>
            <ns3:hr>138</ns3:hr>
          </ns3:TrackPointExtension>
        </extensions>
      </trkpt>
      <trkpt lat="46.81314907036721706390380859375" lon="17.1848734281957149505615234375">
        <ele>188.399993896484375</ele>
        <time>2024-07-24T10:55:16.000Z</time>
        <extensions>
          <ns3:TrackPointExtension>
            <ns3:hr>138</ns3:hr>
          </ns3:TrackPointExtension>
        </extensions>
      </trkpt>
      <trkpt lat="46.81312895379960536956787109375" lon="17.18479002825915813446044921875">
        <ele>188.8000030517578125</ele>
        <time>2024-07-24T10:55:21.000Z</time>
        <extensions>
          <ns3:TrackPointExtension>
            <ns3:hr>135</ns3:hr>
          </ns3:TrackPointExtension>
        </extensions>
      </trkpt>
      <trkpt lat="46.8131003715097904205322265625" lon="17.1846913732588291168212890625">
        <ele>189.1999969482421875</ele>
        <time>2024-07-24T10:55:27.000Z</time>
        <extensions>
          <ns3:TrackPointExtension>
            <ns3:hr>133</ns3:hr>
          </ns3:TrackPointExtension>
        </extensions>
      </trkpt>
      <trkpt lat="46.81303557939827442169189453125" lon="17.18445491977035999298095703125">
        <ele>189.8000030517578125</ele>
        <time>2024-07-24T10:55:40.000Z</time>
        <extensions>
          <ns3:TrackPointExtension>
            <ns3:hr>136</ns3:hr>
          </ns3:TrackPointExtension>
        </extensions>
      </trkpt>
      <trkpt lat="46.8130279518663883209228515625" lon="17.1844209730625152587890625">
        <ele>190</ele>
        <time>2024-07-24T10:55:42.000Z</time>
        <extensions>
          <ns3:TrackPointExtension>
            <ns3:hr>135</ns3:hr>
          </ns3:TrackPointExtension>
        </extensions>
      </trkpt>
      <trkpt lat="46.81301948614418506622314453125" lon="17.18440194614231586456298828125">
        <ele>190</ele>
        <time>2024-07-24T10:55:43.000Z</time>
        <extensions>
          <ns3:TrackPointExtension>
            <ns3:hr>135</ns3:hr>
          </ns3:TrackPointExtension>
        </extensions>
      </trkpt>
      <trkpt lat="46.81300590746104717254638671875" lon="17.18434142880141735076904296875">
        <ele>190.1999969482421875</ele>
        <time>2024-07-24T10:55:47.000Z</time>
        <extensions>
          <ns3:TrackPointExtension>
            <ns3:hr>135</ns3:hr>
          </ns3:TrackPointExtension>
        </extensions>
      </trkpt>
      <trkpt lat="46.813008002936840057373046875" lon="17.18432315625250339508056640625">
        <ele>190.1999969482421875</ele>
        <time>2024-07-24T10:55:48.000Z</time>
        <extensions>
          <ns3:TrackPointExtension>
            <ns3:hr>135</ns3:hr>
          </ns3:TrackPointExtension>
        </extensions>
      </trkpt>
      <trkpt lat="46.81301839649677276611328125" lon="17.1842977590858936309814453125">
        <ele>190.600006103515625</ele>
        <time>2024-07-24T10:55:50.000Z</time>
        <extensions>
          <ns3:TrackPointExtension>
            <ns3:hr>135</ns3:hr>
          </ns3:TrackPointExtension>
        </extensions>
      </trkpt>
      <trkpt lat="46.81304924190044403076171875" lon="17.18428476713597774505615234375">
        <ele>190.8000030517578125</ele>
        <time>2024-07-24T10:55:53.000Z</time>
        <extensions>
          <ns3:TrackPointExtension>
            <ns3:hr>135</ns3:hr>
          </ns3:TrackPointExtension>
        </extensions>
      </trkpt>
      <trkpt lat="46.8131960928440093994140625" lon="17.1841978468000888824462890625">
        <ele>191</ele>
        <time>2024-07-24T10:56:05.000Z</time>
        <extensions>
          <ns3:TrackPointExtension>
            <ns3:hr>137</ns3:hr>
          </ns3:TrackPointExtension>
        </extensions>
      </trkpt>
      <trkpt lat="46.81320958770811557769775390625" lon="17.18420379795134067535400390625">
        <ele>191</ele>
        <time>2024-07-24T10:56:11.000Z</time>
        <extensions>
          <ns3:TrackPointExtension>
            <ns3:hr>139</ns3:hr>
          </ns3:TrackPointExtension>
        </extensions>
      </trkpt>
      <trkpt lat="46.8132462166249752044677734375" lon="17.18421167694032192230224609375">
        <ele>191</ele>
        <time>2024-07-24T10:56:18.000Z</time>
        <extensions>
          <ns3:TrackPointExtension>
            <ns3:hr>140</ns3:hr>
          </ns3:TrackPointExtension>
        </extensions>
      </trkpt>
      <trkpt lat="46.8132958374917507171630859375" lon="17.18417647294700145721435546875">
        <ele>191.1999969482421875</ele>
        <time>2024-07-24T10:56:24.000Z</time>
        <extensions>
          <ns3:TrackPointExtension>
            <ns3:hr>141</ns3:hr>
          </ns3:TrackPointExtension>
        </extensions>
      </trkpt>
      <trkpt lat="46.813351325690746307373046875" lon="17.184166498482227325439453125">
        <ele>191.399993896484375</ele>
        <time>2024-07-24T10:56:29.000Z</time>
        <extensions>
          <ns3:TrackPointExtension>
            <ns3:hr>144</ns3:hr>
          </ns3:TrackPointExtension>
        </extensions>
      </trkpt>
      <trkpt lat="46.81337722577154636383056640625" lon="17.18416607938706874847412109375">
        <ele>191.600006103515625</ele>
        <time>2024-07-24T10:56:31.000Z</time>
        <extensions>
          <ns3:TrackPointExtension>
            <ns3:hr>145</ns3:hr>
          </ns3:TrackPointExtension>
        </extensions>
      </trkpt>
      <trkpt lat="46.81347705423831939697265625" lon="17.184152416884899139404296875">
        <ele>191.8000030517578125</ele>
        <time>2024-07-24T10:56:39.000Z</time>
        <extensions>
          <ns3:TrackPointExtension>
            <ns3:hr>145</ns3:hr>
          </ns3:TrackPointExtension>
        </extensions>
      </trkpt>
      <trkpt lat="46.813594400882720947265625" lon="17.18414160422980785369873046875">
        <ele>191.399993896484375</ele>
        <time>2024-07-24T10:56:48.000Z</time>
        <extensions>
          <ns3:TrackPointExtension>
            <ns3:hr>145</ns3:hr>
          </ns3:TrackPointExtension>
        </extensions>
      </trkpt>
      <trkpt lat="46.8137511424720287322998046875" lon="17.18409667722880840301513671875">
        <ele>191</ele>
        <time>2024-07-24T10:56:58.000Z</time>
        <extensions>
          <ns3:TrackPointExtension>
            <ns3:hr>143</ns3:hr>
          </ns3:TrackPointExtension>
        </extensions>
      </trkpt>
      <trkpt lat="46.813909225165843963623046875" lon="17.18409952707588672637939453125">
        <ele>191</ele>
        <time>2024-07-24T10:57:09.000Z</time>
        <extensions>
          <ns3:TrackPointExtension>
            <ns3:hr>141</ns3:hr>
          </ns3:TrackPointExtension>
        </extensions>
      </trkpt>
      <trkpt lat="46.8140260688960552215576171875" lon="17.184096761047840118408203125">
        <ele>191.399993896484375</ele>
        <time>2024-07-24T10:57:18.000Z</time>
        <extensions>
          <ns3:TrackPointExtension>
            <ns3:hr>140</ns3:hr>
          </ns3:TrackPointExtension>
        </extensions>
      </trkpt>
      <trkpt lat="46.8141226284205913543701171875" lon="17.18408980406820774078369140625">
        <ele>192</ele>
        <time>2024-07-24T10:57:26.000Z</time>
        <extensions>
          <ns3:TrackPointExtension>
            <ns3:hr>139</ns3:hr>
          </ns3:TrackPointExtension>
        </extensions>
      </trkpt>
      <trkpt lat="46.814246512949466705322265625" lon="17.18410204164683818817138671875">
        <ele>193</ele>
        <time>2024-07-24T10:57:35.000Z</time>
        <extensions>
          <ns3:TrackPointExtension>
            <ns3:hr>141</ns3:hr>
          </ns3:TrackPointExtension>
        </extensions>
      </trkpt>
      <trkpt lat="46.8143020011484622955322265625" lon="17.184108830988407135009765625">
        <ele>193.1999969482421875</ele>
        <time>2024-07-24T10:57:40.000Z</time>
        <extensions>
          <ns3:TrackPointExtension>
            <ns3:hr>142</ns3:hr>
          </ns3:TrackPointExtension>
        </extensions>
      </trkpt>
      <trkpt lat="46.8143360316753387451171875" lon="17.184115536510944366455078125">
        <ele>193.1999969482421875</ele>
        <time>2024-07-24T10:57:43.000Z</time>
        <extensions>
          <ns3:TrackPointExtension>
            <ns3:hr>143</ns3:hr>
          </ns3:TrackPointExtension>
        </extensions>
      </trkpt>
      <trkpt lat="46.8144284002482891082763671875" lon="17.18408846296370029449462890625">
        <ele>193</ele>
        <time>2024-07-24T10:57:51.000Z</time>
        <extensions>
          <ns3:TrackPointExtension>
            <ns3:hr>144</ns3:hr>
          </ns3:TrackPointExtension>
        </extensions>
      </trkpt>
      <trkpt lat="46.81454231031239032745361328125" lon="17.18406683765351772308349609375">
        <ele>193</ele>
        <time>2024-07-24T10:57:59.000Z</time>
        <extensions>
          <ns3:TrackPointExtension>
            <ns3:hr>141</ns3:hr>
          </ns3:TrackPointExtension>
        </extensions>
      </trkpt>
      <trkpt lat="46.81455236859619617462158203125" lon="17.18406314961612224578857421875">
        <ele>193</ele>
        <time>2024-07-24T10:58:00.000Z</time>
        <extensions>
          <ns3:TrackPointExtension>
            <ns3:hr>140</ns3:hr>
          </ns3:TrackPointExtension>
        </extensions>
      </trkpt>
      <trkpt lat="46.8146409653127193450927734375" lon="17.1840265206992626190185546875">
        <ele>193.1999969482421875</ele>
        <time>2024-07-24T10:58:08.000Z</time>
        <extensions>
          <ns3:TrackPointExtension>
            <ns3:hr>138</ns3:hr>
          </ns3:TrackPointExtension>
        </extensions>
      </trkpt>
      <trkpt lat="46.814760826528072357177734375" lon="17.184047810733318328857421875">
        <ele>193.8000030517578125</ele>
        <time>2024-07-24T10:58:16.000Z</time>
        <extensions>
          <ns3:TrackPointExtension>
            <ns3:hr>138</ns3:hr>
          </ns3:TrackPointExtension>
        </extensions>
      </trkpt>
      <trkpt lat="46.814841963350772857666015625" lon="17.18405627645552158355712890625">
        <ele>194</ele>
        <time>2024-07-24T10:58:21.000Z</time>
        <extensions>
          <ns3:TrackPointExtension>
            <ns3:hr>141</ns3:hr>
          </ns3:TrackPointExtension>
        </extensions>
      </trkpt>
      <trkpt lat="46.814857386052608489990234375" lon="17.184056527912616729736328125">
        <ele>194</ele>
        <time>2024-07-24T10:58:22.000Z</time>
        <extensions>
          <ns3:TrackPointExtension>
            <ns3:hr>138</ns3:hr>
          </ns3:TrackPointExtension>
        </extensions>
      </trkpt>
      <trkpt lat="46.81486283428966999053955078125" lon="17.184057869017124176025390625">
        <ele>194.1999969482421875</ele>
        <time>2024-07-24T10:58:25.000Z</time>
        <extensions>
          <ns3:TrackPointExtension>
            <ns3:hr>139</ns3:hr>
          </ns3:TrackPointExtension>
        </extensions>
      </trkpt>
      <trkpt lat="46.8149118684232234954833984375" lon="17.1840305440127849578857421875">
        <ele>194.1999969482421875</ele>
        <time>2024-07-24T10:58:34.000Z</time>
        <extensions>
          <ns3:TrackPointExtension>
            <ns3:hr>138</ns3:hr>
          </ns3:TrackPointExtension>
        </extensions>
      </trkpt>
      <trkpt lat="46.81502242572605609893798828125" lon="17.18402576632797718048095703125">
        <ele>194.600006103515625</ele>
        <time>2024-07-24T10:58:42.000Z</time>
        <extensions>
          <ns3:TrackPointExtension>
            <ns3:hr>140</ns3:hr>
          </ns3:TrackPointExtension>
        </extensions>
      </trkpt>
      <trkpt lat="46.8151328153908252716064453125" lon="17.18404211103916168212890625">
        <ele>194.8000030517578125</ele>
        <time>2024-07-24T10:58:51.000Z</time>
        <extensions>
          <ns3:TrackPointExtension>
            <ns3:hr>139</ns3:hr>
          </ns3:TrackPointExtension>
        </extensions>
      </trkpt>
      <trkpt lat="46.8152575381100177764892578125" lon="17.18403448350727558135986328125">
        <ele>194.1999969482421875</ele>
        <time>2024-07-24T10:59:01.000Z</time>
        <extensions>
          <ns3:TrackPointExtension>
            <ns3:hr>140</ns3:hr>
          </ns3:TrackPointExtension>
        </extensions>
      </trkpt>
      <trkpt lat="46.8153359927237033843994140625" lon="17.18403012491762638092041015625">
        <ele>194</ele>
        <time>2024-07-24T10:59:07.000Z</time>
        <extensions>
          <ns3:TrackPointExtension>
            <ns3:hr>140</ns3:hr>
          </ns3:TrackPointExtension>
        </extensions>
      </trkpt>
      <trkpt lat="46.815354265272617340087890625" lon="17.18404906801879405975341796875">
        <ele>194</ele>
        <time>2024-07-24T10:59:09.000Z</time>
        <extensions>
          <ns3:TrackPointExtension>
            <ns3:hr>139</ns3:hr>
          </ns3:TrackPointExtension>
        </extensions>
      </trkpt>
      <trkpt lat="46.8154070712625980377197265625" lon="17.1842045523226261138916015625">
        <ele>194</ele>
        <time>2024-07-24T10:59:17.000Z</time>
        <extensions>
          <ns3:TrackPointExtension>
            <ns3:hr>138</ns3:hr>
          </ns3:TrackPointExtension>
        </extensions>
      </trkpt>
      <trkpt lat="46.8154241703450679779052734375" lon="17.18437210656702518463134765625">
        <ele>194.399993896484375</ele>
        <time>2024-07-24T10:59:25.000Z</time>
        <extensions>
          <ns3:TrackPointExtension>
            <ns3:hr>139</ns3:hr>
          </ns3:TrackPointExtension>
        </extensions>
      </trkpt>
      <trkpt lat="46.8154493160545825958251953125" lon="17.18450345098972320556640625">
        <ele>194.399993896484375</ele>
        <time>2024-07-24T10:59:32.000Z</time>
        <extensions>
          <ns3:TrackPointExtension>
            <ns3:hr>140</ns3:hr>
          </ns3:TrackPointExtension>
        </extensions>
      </trkpt>
      <trkpt lat="46.815450824797153472900390625" lon="17.18454728834331035614013671875">
        <ele>194.399993896484375</ele>
        <time>2024-07-24T10:59:34.000Z</time>
        <extensions>
          <ns3:TrackPointExtension>
            <ns3:hr>141</ns3:hr>
          </ns3:TrackPointExtension>
        </extensions>
      </trkpt>
      <trkpt lat="46.81547421030700206756591796875" lon="17.18467636965215206146240234375">
        <ele>194.399993896484375</ele>
        <time>2024-07-24T10:59:41.000Z</time>
        <extensions>
          <ns3:TrackPointExtension>
            <ns3:hr>142</ns3:hr>
          </ns3:TrackPointExtension>
        </extensions>
      </trkpt>
      <trkpt lat="46.81549365632236003875732421875" lon="17.18484006822109222412109375">
        <ele>193.8000030517578125</ele>
        <time>2024-07-24T10:59:50.000Z</time>
        <extensions>
          <ns3:TrackPointExtension>
            <ns3:hr>145</ns3:hr>
          </ns3:TrackPointExtension>
        </extensions>
      </trkpt>
      <trkpt lat="46.815501116216182708740234375" lon="17.18487703241407871246337890625">
        <ele>193.600006103515625</ele>
        <time>2024-07-24T10:59:52.000Z</time>
        <extensions>
          <ns3:TrackPointExtension>
            <ns3:hr>145</ns3:hr>
          </ns3:TrackPointExtension>
        </extensions>
      </trkpt>
      <trkpt lat="46.815536655485630035400390625" lon="17.18506210483610630035400390625">
        <ele>193.600006103515625</ele>
        <time>2024-07-24T11:00:01.000Z</time>
        <extensions>
          <ns3:TrackPointExtension>
            <ns3:hr>146</ns3:hr>
          </ns3:TrackPointExtension>
        </extensions>
      </trkpt>
      <trkpt lat="46.81555308401584625244140625" lon="17.1851369552314281463623046875">
        <ele>193.600006103515625</ele>
        <time>2024-07-24T11:00:05.000Z</time>
        <extensions>
          <ns3:TrackPointExtension>
            <ns3:hr>146</ns3:hr>
          </ns3:TrackPointExtension>
        </extensions>
      </trkpt>
      <trkpt lat="46.81555031798779964447021484375" lon="17.18519018031656742095947265625">
        <ele>193.399993896484375</ele>
        <time>2024-07-24T11:00:08.000Z</time>
        <extensions>
          <ns3:TrackPointExtension>
            <ns3:hr>145</ns3:hr>
          </ns3:TrackPointExtension>
        </extensions>
      </trkpt>
      <trkpt lat="46.81558719836175441741943359375" lon="17.1853397972881793975830078125">
        <ele>192.600006103515625</ele>
        <time>2024-07-24T11:00:16.000Z</time>
        <extensions>
          <ns3:TrackPointExtension>
            <ns3:hr>146</ns3:hr>
          </ns3:TrackPointExtension>
        </extensions>
      </trkpt>
      <trkpt lat="46.8156082369387149810791015625" lon="17.185468040406703948974609375">
        <ele>192.1999969482421875</ele>
        <time>2024-07-24T11:00:24.000Z</time>
        <extensions>
          <ns3:TrackPointExtension>
            <ns3:hr>145</ns3:hr>
          </ns3:TrackPointExtension>
        </extensions>
      </trkpt>
      <trkpt lat="46.81564293801784515380859375" lon="17.1855972893536090850830078125">
        <ele>192.399993896484375</ele>
        <time>2024-07-24T11:00:32.000Z</time>
        <extensions>
          <ns3:TrackPointExtension>
            <ns3:hr>144</ns3:hr>
          </ns3:TrackPointExtension>
        </extensions>
      </trkpt>
      <trkpt lat="46.8156571872532367706298828125" lon="17.18575310893356800079345703125">
        <ele>193</ele>
        <time>2024-07-24T11:00:41.000Z</time>
        <extensions>
          <ns3:TrackPointExtension>
            <ns3:hr>143</ns3:hr>
          </ns3:TrackPointExtension>
        </extensions>
      </trkpt>
      <trkpt lat="46.81566230021417140960693359375" lon="17.1858128719031810760498046875">
        <ele>193.399993896484375</ele>
        <time>2024-07-24T11:00:44.000Z</time>
        <extensions>
          <ns3:TrackPointExtension>
            <ns3:hr>143</ns3:hr>
          </ns3:TrackPointExtension>
        </extensions>
      </trkpt>
      <trkpt lat="46.8156632222235202789306640625" lon="17.1858812682330608367919921875">
        <ele>193.8000030517578125</ele>
        <time>2024-07-24T11:00:47.000Z</time>
        <extensions>
          <ns3:TrackPointExtension>
            <ns3:hr>143</ns3:hr>
          </ns3:TrackPointExtension>
        </extensions>
      </trkpt>
      <trkpt lat="46.81569431908428668975830078125" lon="17.1860271133482456207275390625">
        <ele>194.600006103515625</ele>
        <time>2024-07-24T11:00:55.000Z</time>
        <extensions>
          <ns3:TrackPointExtension>
            <ns3:hr>142</ns3:hr>
          </ns3:TrackPointExtension>
        </extensions>
      </trkpt>
      <trkpt lat="46.81570731103420257568359375" lon="17.18608637340366840362548828125">
        <ele>194.600006103515625</ele>
        <time>2024-07-24T11:00:59.000Z</time>
        <extensions>
          <ns3:TrackPointExtension>
            <ns3:hr>140</ns3:hr>
          </ns3:TrackPointExtension>
        </extensions>
      </trkpt>
      <trkpt lat="46.81570974178612232208251953125" lon="17.18612308613955974578857421875">
        <ele>194.600006103515625</ele>
        <time>2024-07-24T11:01:01.000Z</time>
        <extensions>
          <ns3:TrackPointExtension>
            <ns3:hr>140</ns3:hr>
          </ns3:TrackPointExtension>
        </extensions>
      </trkpt>
      <trkpt lat="46.81571778841316699981689453125" lon="17.18616306781768798828125">
        <ele>194.399993896484375</ele>
        <time>2024-07-24T11:01:03.000Z</time>
        <extensions>
          <ns3:TrackPointExtension>
            <ns3:hr>140</ns3:hr>
          </ns3:TrackPointExtension>
        </extensions>
      </trkpt>
      <trkpt lat="46.8157433532178401947021484375" lon="17.1862611360847949981689453125">
        <ele>194.1999969482421875</ele>
        <time>2024-07-24T11:01:08.000Z</time>
        <extensions>
          <ns3:TrackPointExtension>
            <ns3:hr>139</ns3:hr>
          </ns3:TrackPointExtension>
        </extensions>
      </trkpt>
      <trkpt lat="46.8157728575170040130615234375" lon="17.18647663481533527374267578125">
        <ele>193.399993896484375</ele>
        <time>2024-07-24T11:01:19.000Z</time>
        <extensions>
          <ns3:TrackPointExtension>
            <ns3:hr>138</ns3:hr>
          </ns3:TrackPointExtension>
        </extensions>
      </trkpt>
      <trkpt lat="46.81578568182885646820068359375" lon="17.18662507832050323486328125">
        <ele>192.8000030517578125</ele>
        <time>2024-07-24T11:01:27.000Z</time>
        <extensions>
          <ns3:TrackPointExtension>
            <ns3:hr>137</ns3:hr>
          </ns3:TrackPointExtension>
        </extensions>
      </trkpt>
      <trkpt lat="46.8157943151891231536865234375" lon="17.18672373332083225250244140625">
        <ele>192.399993896484375</ele>
        <time>2024-07-24T11:01:33.000Z</time>
        <extensions>
          <ns3:TrackPointExtension>
            <ns3:hr>134</ns3:hr>
          </ns3:TrackPointExtension>
        </extensions>
      </trkpt>
      <trkpt lat="46.8158013559877872467041015625" lon="17.1867560036480426788330078125">
        <ele>192.1999969482421875</ele>
        <time>2024-07-24T11:01:35.000Z</time>
        <extensions>
          <ns3:TrackPointExtension>
            <ns3:hr>137</ns3:hr>
          </ns3:TrackPointExtension>
        </extensions>
      </trkpt>
      <trkpt lat="46.815810240805149078369140625" lon="17.1867845021188259124755859375">
        <ele>192</ele>
        <time>2024-07-24T11:01:40.000Z</time>
        <extensions>
          <ns3:TrackPointExtension>
            <ns3:hr>137</ns3:hr>
          </ns3:TrackPointExtension>
        </extensions>
      </trkpt>
      <trkpt lat="46.81581837125122547149658203125" lon="17.186838649213314056396484375">
        <ele>191.8000030517578125</ele>
        <time>2024-07-24T11:01:44.000Z</time>
        <extensions>
          <ns3:TrackPointExtension>
            <ns3:hr>134</ns3:hr>
          </ns3:TrackPointExtension>
        </extensions>
      </trkpt>
      <trkpt lat="46.81582172401249408721923828125" lon="17.186890281736850738525390625">
        <ele>191.8000030517578125</ele>
        <time>2024-07-24T11:01:47.000Z</time>
        <extensions>
          <ns3:TrackPointExtension>
            <ns3:hr>131</ns3:hr>
          </ns3:TrackPointExtension>
        </extensions>
      </trkpt>
      <trkpt lat="46.815823651850223541259765625" lon="17.18690947629511356353759765625">
        <ele>191.8000030517578125</ele>
        <time>2024-07-24T11:01:48.000Z</time>
        <extensions>
          <ns3:TrackPointExtension>
            <ns3:hr>130</ns3:hr>
          </ns3:TrackPointExtension>
        </extensions>
      </trkpt>
      <trkpt lat="46.815850473940372467041015625" lon="17.187039144337177276611328125">
        <ele>191.600006103515625</ele>
        <time>2024-07-24T11:01:55.000Z</time>
        <extensions>
          <ns3:TrackPointExtension>
            <ns3:hr>129</ns3:hr>
          </ns3:TrackPointExtension>
        </extensions>
      </trkpt>
      <trkpt lat="46.81586095131933689117431640625" lon="17.187224216759204864501953125">
        <ele>190.8000030517578125</ele>
        <time>2024-07-24T11:02:04.000Z</time>
        <extensions>
          <ns3:TrackPointExtension>
            <ns3:hr>130</ns3:hr>
          </ns3:TrackPointExtension>
        </extensions>
      </trkpt>
      <trkpt lat="46.8158506415784358978271484375" lon="17.187283895909786224365234375">
        <ele>190.8000030517578125</ele>
        <time>2024-07-24T11:02:07.000Z</time>
        <extensions>
          <ns3:TrackPointExtension>
            <ns3:hr>131</ns3:hr>
          </ns3:TrackPointExtension>
        </extensions>
      </trkpt>
      <trkpt lat="46.81586665101349353790283203125" lon="17.1873608417809009552001953125">
        <ele>190.399993896484375</ele>
        <time>2024-07-24T11:02:11.000Z</time>
        <extensions>
          <ns3:TrackPointExtension>
            <ns3:hr>133</ns3:hr>
          </ns3:TrackPointExtension>
        </extensions>
      </trkpt>
      <trkpt lat="46.815895736217498779296875" lon="17.1874372847378253936767578125">
        <ele>190</ele>
        <time>2024-07-24T11:02:15.000Z</time>
        <extensions>
          <ns3:TrackPointExtension>
            <ns3:hr>136</ns3:hr>
          </ns3:TrackPointExtension>
        </extensions>
      </trkpt>
      <trkpt lat="46.81587737984955310821533203125" lon="17.1875130571424961090087890625">
        <ele>189.8000030517578125</ele>
        <time>2024-07-24T11:02:19.000Z</time>
        <extensions>
          <ns3:TrackPointExtension>
            <ns3:hr>134</ns3:hr>
          </ns3:TrackPointExtension>
        </extensions>
      </trkpt>
      <trkpt lat="46.815881319344043731689453125" lon="17.187527306377887725830078125">
        <ele>189.8000030517578125</ele>
        <time>2024-07-24T11:02:20.000Z</time>
        <extensions>
          <ns3:TrackPointExtension>
            <ns3:hr>134</ns3:hr>
          </ns3:TrackPointExtension>
        </extensions>
      </trkpt>
      <trkpt lat="46.8159103207290172576904296875" lon="17.18767516314983367919921875">
        <ele>189</ele>
        <time>2024-07-24T11:02:29.000Z</time>
        <extensions>
          <ns3:TrackPointExtension>
            <ns3:hr>133</ns3:hr>
          </ns3:TrackPointExtension>
        </extensions>
      </trkpt>
      <trkpt lat="46.81591451168060302734375" lon="17.18769117258489131927490234375">
        <ele>189</ele>
        <time>2024-07-24T11:02:30.000Z</time>
        <extensions>
          <ns3:TrackPointExtension>
            <ns3:hr>133</ns3:hr>
          </ns3:TrackPointExtension>
        </extensions>
      </trkpt>
      <trkpt lat="46.8159190379083156585693359375" lon="17.18777935020625591278076171875">
        <ele>188.600006103515625</ele>
        <time>2024-07-24T11:02:36.000Z</time>
        <extensions>
          <ns3:TrackPointExtension>
            <ns3:hr>133</ns3:hr>
          </ns3:TrackPointExtension>
        </extensions>
      </trkpt>
      <trkpt lat="46.81593135930597782135009765625" lon="17.18780349008738994598388671875">
        <ele>188.600006103515625</ele>
        <time>2024-07-24T11:02:38.000Z</time>
        <extensions>
          <ns3:TrackPointExtension>
            <ns3:hr>133</ns3:hr>
          </ns3:TrackPointExtension>
        </extensions>
      </trkpt>
      <trkpt lat="46.81597511284053325653076171875" lon="17.18796492554247379302978515625">
        <ele>187.8000030517578125</ele>
        <time>2024-07-24T11:02:48.000Z</time>
        <extensions>
          <ns3:TrackPointExtension>
            <ns3:hr>131</ns3:hr>
          </ns3:TrackPointExtension>
        </extensions>
      </trkpt>
      <trkpt lat="46.81597813032567501068115234375" lon="17.18798101879656314849853515625">
        <ele>187.8000030517578125</ele>
        <time>2024-07-24T11:02:49.000Z</time>
        <extensions>
          <ns3:TrackPointExtension>
            <ns3:hr>131</ns3:hr>
          </ns3:TrackPointExtension>
        </extensions>
      </trkpt>
      <trkpt lat="46.81598802097141742706298828125" lon="17.18805679120123386383056640625">
        <ele>187.1999969482421875</ele>
        <time>2024-07-24T11:02:54.000Z</time>
        <extensions>
          <ns3:TrackPointExtension>
            <ns3:hr>132</ns3:hr>
          </ns3:TrackPointExtension>
        </extensions>
      </trkpt>
      <trkpt lat="46.815993301570415496826171875" lon="17.1880833618342876434326171875">
        <ele>187</ele>
        <time>2024-07-24T11:02:56.000Z</time>
        <extensions>
          <ns3:TrackPointExtension>
            <ns3:hr>133</ns3:hr>
          </ns3:TrackPointExtension>
        </extensions>
      </trkpt>
      <trkpt lat="46.81599824689328670501708984375" lon="17.18809786252677440643310546875">
        <ele>186.8000030517578125</ele>
        <time>2024-07-24T11:02:57.000Z</time>
        <extensions>
          <ns3:TrackPointExtension>
            <ns3:hr>133</ns3:hr>
          </ns3:TrackPointExtension>
        </extensions>
      </trkpt>
      <trkpt lat="46.81600964628159999847412109375" lon="17.18814362771809101104736328125">
        <ele>186.399993896484375</ele>
        <time>2024-07-24T11:03:00.000Z</time>
        <extensions>
          <ns3:TrackPointExtension>
            <ns3:hr>136</ns3:hr>
          </ns3:TrackPointExtension>
        </extensions>
      </trkpt>
      <trkpt lat="46.81603848002851009368896484375" lon="17.18827874399721622467041015625">
        <ele>185.399993896484375</ele>
        <time>2024-07-24T11:03:06.000Z</time>
        <extensions>
          <ns3:TrackPointExtension>
            <ns3:hr>134</ns3:hr>
          </ns3:TrackPointExtension>
        </extensions>
      </trkpt>
      <trkpt lat="46.8160635419189929962158203125" lon="17.18843699432909488677978515625">
        <ele>184.1999969482421875</ele>
        <time>2024-07-24T11:03:15.000Z</time>
        <extensions>
          <ns3:TrackPointExtension>
            <ns3:hr>134</ns3:hr>
          </ns3:TrackPointExtension>
        </extensions>
      </trkpt>
      <trkpt lat="46.8160709179937839508056640625" lon="17.18852986581623554229736328125">
        <ele>183.399993896484375</ele>
        <time>2024-07-24T11:03:20.000Z</time>
        <extensions>
          <ns3:TrackPointExtension>
            <ns3:hr>134</ns3:hr>
          </ns3:TrackPointExtension>
        </extensions>
      </trkpt>
      <trkpt lat="46.8160792998969554901123046875" lon="17.18858988024294376373291015625">
        <ele>183</ele>
        <time>2024-07-24T11:03:23.000Z</time>
        <extensions>
          <ns3:TrackPointExtension>
            <ns3:hr>133</ns3:hr>
          </ns3:TrackPointExtension>
        </extensions>
      </trkpt>
      <trkpt lat="46.8160860054194927215576171875" lon="17.1887123398482799530029296875">
        <ele>182</ele>
        <time>2024-07-24T11:03:30.000Z</time>
        <extensions>
          <ns3:TrackPointExtension>
            <ns3:hr>132</ns3:hr>
          </ns3:TrackPointExtension>
        </extensions>
      </trkpt>
      <trkpt lat="46.81609363295137882232666015625" lon="17.18873597681522369384765625">
        <ele>181.8000030517578125</ele>
        <time>2024-07-24T11:03:32.000Z</time>
        <extensions>
          <ns3:TrackPointExtension>
            <ns3:hr>131</ns3:hr>
          </ns3:TrackPointExtension>
        </extensions>
      </trkpt>
      <trkpt lat="46.8161138333380222320556640625" lon="17.1888762898743152618408203125">
        <ele>180.399993896484375</ele>
        <time>2024-07-24T11:03:39.000Z</time>
        <extensions>
          <ns3:TrackPointExtension>
            <ns3:hr>128</ns3:hr>
          </ns3:TrackPointExtension>
        </extensions>
      </trkpt>
      <trkpt lat="46.81611022911965847015380859375" lon="17.18892331235110759735107421875">
        <ele>180.1999969482421875</ele>
        <time>2024-07-24T11:03:41.000Z</time>
        <extensions>
          <ns3:TrackPointExtension>
            <ns3:hr>128</ns3:hr>
          </ns3:TrackPointExtension>
        </extensions>
      </trkpt>
      <trkpt lat="46.816105283796787261962890625" lon="17.18905189074575901031494140625">
        <ele>179</ele>
        <time>2024-07-24T11:03:49.000Z</time>
        <extensions>
          <ns3:TrackPointExtension>
            <ns3:hr>127</ns3:hr>
          </ns3:TrackPointExtension>
        </extensions>
      </trkpt>
      <trkpt lat="46.81612011976540088653564453125" lon="17.18918113969266414642333984375">
        <ele>177.1999969482421875</ele>
        <time>2024-07-24T11:03:58.000Z</time>
        <extensions>
          <ns3:TrackPointExtension>
            <ns3:hr>127</ns3:hr>
          </ns3:TrackPointExtension>
        </extensions>
      </trkpt>
      <trkpt lat="46.81614392437040805816650390625" lon="17.18930200673639774322509765625">
        <ele>175.600006103515625</ele>
        <time>2024-07-24T11:04:07.000Z</time>
        <extensions>
          <ns3:TrackPointExtension>
            <ns3:hr>127</ns3:hr>
          </ns3:TrackPointExtension>
        </extensions>
      </trkpt>
      <trkpt lat="46.816154234111309051513671875" lon="17.18932480551302433013916015625">
        <ele>175.399993896484375</ele>
        <time>2024-07-24T11:04:09.000Z</time>
        <extensions>
          <ns3:TrackPointExtension>
            <ns3:hr>128</ns3:hr>
          </ns3:TrackPointExtension>
        </extensions>
      </trkpt>
      <trkpt lat="46.81618072092533111572265625" lon="17.189389765262603759765625">
        <ele>174.399993896484375</ele>
        <time>2024-07-24T11:04:14.000Z</time>
        <extensions>
          <ns3:TrackPointExtension>
            <ns3:hr>127</ns3:hr>
          </ns3:TrackPointExtension>
        </extensions>
      </trkpt>
      <trkpt lat="46.81618197821080684661865234375" lon="17.1894018352031707763671875">
        <ele>174.399993896484375</ele>
        <time>2024-07-24T11:04:15.000Z</time>
        <extensions>
          <ns3:TrackPointExtension>
            <ns3:hr>127</ns3:hr>
          </ns3:TrackPointExtension>
        </extensions>
      </trkpt>
      <trkpt lat="46.81618466041982173919677734375" lon="17.1894365362823009490966796875">
        <ele>173.8000030517578125</ele>
        <time>2024-07-24T11:04:17.000Z</time>
        <extensions>
          <ns3:TrackPointExtension>
            <ns3:hr>124</ns3:hr>
          </ns3:TrackPointExtension>
        </extensions>
      </trkpt>
      <trkpt lat="46.81618583388626575469970703125" lon="17.18945288099348545074462890625">
        <ele>173.600006103515625</ele>
        <time>2024-07-24T11:04:18.000Z</time>
        <extensions>
          <ns3:TrackPointExtension>
            <ns3:hr>127</ns3:hr>
          </ns3:TrackPointExtension>
        </extensions>
      </trkpt>
      <trkpt lat="46.81618918664753437042236328125" lon="17.18951792456209659576416015625">
        <ele>172.600006103515625</ele>
        <time>2024-07-24T11:04:22.000Z</time>
        <extensions>
          <ns3:TrackPointExtension>
            <ns3:hr>124</ns3:hr>
          </ns3:TrackPointExtension>
        </extensions>
      </trkpt>
      <trkpt lat="46.816197820007801055908203125" lon="17.18955405056476593017578125">
        <ele>172.1999969482421875</ele>
        <time>2024-07-24T11:04:25.000Z</time>
        <extensions>
          <ns3:TrackPointExtension>
            <ns3:hr>120</ns3:hr>
          </ns3:TrackPointExtension>
        </extensions>
      </trkpt>
      <trkpt lat="46.81620092131197452545166015625" lon="17.1895669586956501007080078125">
        <ele>172</ele>
        <time>2024-07-24T11:04:26.000Z</time>
        <extensions>
          <ns3:TrackPointExtension>
            <ns3:hr>119</ns3:hr>
          </ns3:TrackPointExtension>
        </extensions>
      </trkpt>
      <trkpt lat="46.8161989934742450714111328125" lon="17.1895790286362171173095703125">
        <ele>171.8000030517578125</ele>
        <time>2024-07-24T11:04:27.000Z</time>
        <extensions>
          <ns3:TrackPointExtension>
            <ns3:hr>121</ns3:hr>
          </ns3:TrackPointExtension>
        </extensions>
      </trkpt>
      <trkpt lat="46.816198490560054779052734375" lon="17.18959939666092395782470703125">
        <ele>171.600006103515625</ele>
        <time>2024-07-24T11:04:29.000Z</time>
        <extensions>
          <ns3:TrackPointExtension>
            <ns3:hr>118</ns3:hr>
          </ns3:TrackPointExtension>
        </extensions>
      </trkpt>
      <trkpt lat="46.816189773380756378173828125" lon="17.1896829642355442047119140625">
        <ele>170.600006103515625</ele>
        <time>2024-07-24T11:04:33.000Z</time>
        <extensions>
          <ns3:TrackPointExtension>
            <ns3:hr>118</ns3:hr>
          </ns3:TrackPointExtension>
        </extensions>
      </trkpt>
      <trkpt lat="46.81619086302816867828369140625" lon="17.1897148154675960540771484375">
        <ele>170.399993896484375</ele>
        <time>2024-07-24T11:04:35.000Z</time>
        <extensions>
          <ns3:TrackPointExtension>
            <ns3:hr>117</ns3:hr>
          </ns3:TrackPointExtension>
        </extensions>
      </trkpt>
      <trkpt lat="46.81619673036038875579833984375" lon="17.18981866724789142608642578125">
        <ele>169.600006103515625</ele>
        <time>2024-07-24T11:04:41.000Z</time>
        <extensions>
          <ns3:TrackPointExtension>
            <ns3:hr>118</ns3:hr>
          </ns3:TrackPointExtension>
        </extensions>
      </trkpt>
      <trkpt lat="46.8162368796765804290771484375" lon="17.189924530684947967529296875">
        <ele>168.8000030517578125</ele>
        <time>2024-07-24T11:04:50.000Z</time>
        <extensions>
          <ns3:TrackPointExtension>
            <ns3:hr>118</ns3:hr>
          </ns3:TrackPointExtension>
        </extensions>
      </trkpt>
      <trkpt lat="46.81624802760779857635498046875" lon="17.1899892389774322509765625">
        <ele>168.1999969482421875</ele>
        <time>2024-07-24T11:04:55.000Z</time>
        <extensions>
          <ns3:TrackPointExtension>
            <ns3:hr>118</ns3:hr>
          </ns3:TrackPointExtension>
        </extensions>
      </trkpt>
      <trkpt lat="46.81625288911163806915283203125" lon="17.1901087649166584014892578125">
        <ele>167.1999969482421875</ele>
        <time>2024-07-24T11:05:02.000Z</time>
        <extensions>
          <ns3:TrackPointExtension>
            <ns3:hr>121</ns3:hr>
          </ns3:TrackPointExtension>
        </extensions>
      </trkpt>
      <trkpt lat="46.81626110337674617767333984375" lon="17.1901600621640682220458984375">
        <ele>166.8000030517578125</ele>
        <time>2024-07-24T11:05:05.000Z</time>
        <extensions>
          <ns3:TrackPointExtension>
            <ns3:hr>122</ns3:hr>
          </ns3:TrackPointExtension>
        </extensions>
      </trkpt>
      <trkpt lat="46.81628021411597728729248046875" lon="17.19025938771665096282958984375">
        <ele>166</ele>
        <time>2024-07-24T11:05:13.000Z</time>
        <extensions>
          <ns3:TrackPointExtension>
            <ns3:hr>119</ns3:hr>
          </ns3:TrackPointExtension>
        </extensions>
      </trkpt>
      <trkpt lat="46.81629027239978313446044921875" lon="17.1903079189360141754150390625">
        <ele>165.600006103515625</ele>
        <time>2024-07-24T11:05:17.000Z</time>
        <extensions>
          <ns3:TrackPointExtension>
            <ns3:hr>122</ns3:hr>
          </ns3:TrackPointExtension>
        </extensions>
      </trkpt>
      <trkpt lat="46.81631390936672687530517578125" lon="17.1903754770755767822265625">
        <ele>164.8000030517578125</ele>
        <time>2024-07-24T11:05:21.000Z</time>
        <extensions>
          <ns3:TrackPointExtension>
            <ns3:hr>119</ns3:hr>
          </ns3:TrackPointExtension>
        </extensions>
      </trkpt>
      <trkpt lat="46.8163166753947734832763671875" lon="17.19041311182081699371337890625">
        <ele>164.600006103515625</ele>
        <time>2024-07-24T11:05:23.000Z</time>
        <extensions>
          <ns3:TrackPointExtension>
            <ns3:hr>121</ns3:hr>
          </ns3:TrackPointExtension>
        </extensions>
      </trkpt>
      <trkpt lat="46.81631558574736118316650390625" lon="17.19049575738608837127685546875">
        <ele>163.8000030517578125</ele>
        <time>2024-07-24T11:05:27.000Z</time>
        <extensions>
          <ns3:TrackPointExtension>
            <ns3:hr>125</ns3:hr>
          </ns3:TrackPointExtension>
        </extensions>
      </trkpt>
      <trkpt lat="46.81633436121046543121337890625" lon="17.1905546821653842926025390625">
        <ele>163.1999969482421875</ele>
        <time>2024-07-24T11:05:32.000Z</time>
        <extensions>
          <ns3:TrackPointExtension>
            <ns3:hr>124</ns3:hr>
          </ns3:TrackPointExtension>
        </extensions>
      </trkpt>
      <trkpt lat="46.81633335538208484649658203125" lon="17.1906892955303192138671875">
        <ele>162</ele>
        <time>2024-07-24T11:05:42.000Z</time>
        <extensions>
          <ns3:TrackPointExtension>
            <ns3:hr>126</ns3:hr>
          </ns3:TrackPointExtension>
        </extensions>
      </trkpt>
      <trkpt lat="46.816357076168060302734375" lon="17.19073983840644359588623046875">
        <ele>161.399993896484375</ele>
        <time>2024-07-24T11:05:46.000Z</time>
        <extensions>
          <ns3:TrackPointExtension>
            <ns3:hr>126</ns3:hr>
          </ns3:TrackPointExtension>
        </extensions>
      </trkpt>
      <trkpt lat="46.8163745105266571044921875" lon="17.19077722169458866119384765625">
        <ele>160.8000030517578125</ele>
        <time>2024-07-24T11:05:49.000Z</time>
        <extensions>
          <ns3:TrackPointExtension>
            <ns3:hr>129</ns3:hr>
          </ns3:TrackPointExtension>
        </extensions>
      </trkpt>
      <trkpt lat="46.81638683192431926727294921875" lon="17.1908172033727169036865234375">
        <ele>160.1999969482421875</ele>
        <time>2024-07-24T11:05:52.000Z</time>
        <extensions>
          <ns3:TrackPointExtension>
            <ns3:hr>129</ns3:hr>
          </ns3:TrackPointExtension>
        </extensions>
      </trkpt>
      <trkpt lat="46.81639772839844226837158203125" lon="17.19084679149091243743896484375">
        <ele>159.8000030517578125</ele>
        <time>2024-07-24T11:05:54.000Z</time>
        <extensions>
          <ns3:TrackPointExtension>
            <ns3:hr>126</ns3:hr>
          </ns3:TrackPointExtension>
        </extensions>
      </trkpt>
      <trkpt lat="46.81641818024218082427978515625" lon="17.190925665199756622314453125">
        <ele>158.8000030517578125</ele>
        <time>2024-07-24T11:05:59.000Z</time>
        <extensions>
          <ns3:TrackPointExtension>
            <ns3:hr>129</ns3:hr>
          </ns3:TrackPointExtension>
        </extensions>
      </trkpt>
      <trkpt lat="46.81642991490662097930908203125" lon="17.190977632999420166015625">
        <ele>158</ele>
        <time>2024-07-24T11:06:02.000Z</time>
        <extensions>
          <ns3:TrackPointExtension>
            <ns3:hr>129</ns3:hr>
          </ns3:TrackPointExtension>
        </extensions>
      </trkpt>
      <trkpt lat="46.8164527975022792816162109375" lon="17.19112372957170009613037109375">
        <ele>155.8000030517578125</ele>
        <time>2024-07-24T11:06:11.000Z</time>
        <extensions>
          <ns3:TrackPointExtension>
            <ns3:hr>131</ns3:hr>
          </ns3:TrackPointExtension>
        </extensions>
      </trkpt>
      <trkpt lat="46.81645606644451618194580078125" lon="17.19114032573997974395751953125">
        <ele>155.399993896484375</ele>
        <time>2024-07-24T11:06:12.000Z</time>
        <extensions>
          <ns3:TrackPointExtension>
            <ns3:hr>128</ns3:hr>
          </ns3:TrackPointExtension>
        </extensions>
      </trkpt>
      <trkpt lat="46.816455312073230743408203125" lon="17.19125180505216121673583984375">
        <ele>153.8000030517578125</ele>
        <time>2024-07-24T11:06:20.000Z</time>
        <extensions>
          <ns3:TrackPointExtension>
            <ns3:hr>127</ns3:hr>
          </ns3:TrackPointExtension>
        </extensions>
      </trkpt>
      <trkpt lat="46.81645388714969158172607421875" lon="17.191368229687213897705078125">
        <ele>152</ele>
        <time>2024-07-24T11:06:27.000Z</time>
        <extensions>
          <ns3:TrackPointExtension>
            <ns3:hr>130</ns3:hr>
          </ns3:TrackPointExtension>
        </extensions>
      </trkpt>
      <trkpt lat="46.81645120494067668914794921875" lon="17.19138868153095245361328125">
        <ele>151.600006103515625</ele>
        <time>2024-07-24T11:06:28.000Z</time>
        <extensions>
          <ns3:TrackPointExtension>
            <ns3:hr>130</ns3:hr>
          </ns3:TrackPointExtension>
        </extensions>
      </trkpt>
      <trkpt lat="46.8164524622261524200439453125" lon="17.1915611810982227325439453125">
        <ele>148.399993896484375</ele>
        <time>2024-07-24T11:06:38.000Z</time>
        <extensions>
          <ns3:TrackPointExtension>
            <ns3:hr>132</ns3:hr>
          </ns3:TrackPointExtension>
        </extensions>
      </trkpt>
      <trkpt lat="46.81646428070962429046630859375" lon="17.1917197667062282562255859375">
        <ele>145</ele>
        <time>2024-07-24T11:06:48.000Z</time>
        <extensions>
          <ns3:TrackPointExtension>
            <ns3:hr>133</ns3:hr>
          </ns3:TrackPointExtension>
        </extensions>
      </trkpt>
      <trkpt lat="46.81648775003850460052490234375" lon="17.19184624962508678436279296875">
        <ele>142.1999969482421875</ele>
        <time>2024-07-24T11:06:57.000Z</time>
        <extensions>
          <ns3:TrackPointExtension>
            <ns3:hr>134</ns3:hr>
          </ns3:TrackPointExtension>
        </extensions>
      </trkpt>
      <trkpt lat="46.81647970341145992279052734375" lon="17.1919812820851802825927734375">
        <ele>140.1999969482421875</ele>
        <time>2024-07-24T11:07:07.000Z</time>
        <extensions>
          <ns3:TrackPointExtension>
            <ns3:hr>136</ns3:hr>
          </ns3:TrackPointExtension>
        </extensions>
      </trkpt>
      <trkpt lat="46.81650015525519847869873046875" lon="17.19209737144410610198974609375">
        <ele>138.600006103515625</ele>
        <time>2024-07-24T11:07:14.000Z</time>
        <extensions>
          <ns3:TrackPointExtension>
            <ns3:hr>137</ns3:hr>
          </ns3:TrackPointExtension>
        </extensions>
      </trkpt>
      <trkpt lat="46.816502250730991363525390625" lon="17.1922213397920131683349609375">
        <ele>137.399993896484375</ele>
        <time>2024-07-24T11:07:23.000Z</time>
        <extensions>
          <ns3:TrackPointExtension>
            <ns3:hr>139</ns3:hr>
          </ns3:TrackPointExtension>
        </extensions>
      </trkpt>
      <trkpt lat="46.81652345694601535797119140625" lon="17.1923349983990192413330078125">
        <ele>136.399993896484375</ele>
        <time>2024-07-24T11:07:32.000Z</time>
        <extensions>
          <ns3:TrackPointExtension>
            <ns3:hr>138</ns3:hr>
          </ns3:TrackPointExtension>
        </extensions>
      </trkpt>
      <trkpt lat="46.816551201045513153076171875" lon="17.19245779328048229217529296875">
        <ele>135.600006103515625</ele>
        <time>2024-07-24T11:07:39.000Z</time>
        <extensions>
          <ns3:TrackPointExtension>
            <ns3:hr>138</ns3:hr>
          </ns3:TrackPointExtension>
        </extensions>
      </trkpt>
      <trkpt lat="46.81653343141078948974609375" lon="17.192594669759273529052734375">
        <ele>134</ele>
        <time>2024-07-24T11:07:47.000Z</time>
        <extensions>
          <ns3:TrackPointExtension>
            <ns3:hr>139</ns3:hr>
          </ns3:TrackPointExtension>
        </extensions>
      </trkpt>
      <trkpt lat="46.816531755030155181884765625" lon="17.1926219947636127471923828125">
        <ele>133.8000030517578125</ele>
        <time>2024-07-24T11:07:49.000Z</time>
        <extensions>
          <ns3:TrackPointExtension>
            <ns3:hr>139</ns3:hr>
          </ns3:TrackPointExtension>
        </extensions>
      </trkpt>
      <trkpt lat="46.81656704284250736236572265625" lon="17.1926702745258808135986328125">
        <ele>133.8000030517578125</ele>
        <time>2024-07-24T11:07:53.000Z</time>
        <extensions>
          <ns3:TrackPointExtension>
            <ns3:hr>139</ns3:hr>
          </ns3:TrackPointExtension>
        </extensions>
      </trkpt>
      <trkpt lat="46.816602833569049835205078125" lon="17.1927988529205322265625">
        <ele>133.600006103515625</ele>
        <time>2024-07-24T11:07:59.000Z</time>
        <extensions>
          <ns3:TrackPointExtension>
            <ns3:hr>139</ns3:hr>
          </ns3:TrackPointExtension>
        </extensions>
      </trkpt>
      <trkpt lat="46.8166144005954265594482421875" lon="17.19281452707946300506591796875">
        <ele>133.600006103515625</ele>
        <time>2024-07-24T11:08:00.000Z</time>
        <extensions>
          <ns3:TrackPointExtension>
            <ns3:hr>139</ns3:hr>
          </ns3:TrackPointExtension>
        </extensions>
      </trkpt>
      <trkpt lat="46.81668740697205066680908203125" lon="17.19289449043571949005126953125">
        <ele>134.399993896484375</ele>
        <time>2024-07-24T11:08:06.000Z</time>
        <extensions>
          <ns3:TrackPointExtension>
            <ns3:hr>139</ns3:hr>
          </ns3:TrackPointExtension>
        </extensions>
      </trkpt>
      <trkpt lat="46.81672663427889347076416015625" lon="17.1930281817913055419921875">
        <ele>134</ele>
        <time>2024-07-24T11:08:15.000Z</time>
        <extensions>
          <ns3:TrackPointExtension>
            <ns3:hr>139</ns3:hr>
          </ns3:TrackPointExtension>
        </extensions>
      </trkpt>
      <trkpt lat="46.81675949133932590484619140625" lon="17.19320462085306644439697265625">
        <ele>133.399993896484375</ele>
        <time>2024-07-24T11:08:25.000Z</time>
        <extensions>
          <ns3:TrackPointExtension>
            <ns3:hr>138</ns3:hr>
          </ns3:TrackPointExtension>
        </extensions>
      </trkpt>
      <trkpt lat="46.8167733214795589447021484375" lon="17.1933500468730926513671875">
        <ele>133</ele>
        <time>2024-07-24T11:08:34.000Z</time>
        <extensions>
          <ns3:TrackPointExtension>
            <ns3:hr>137</ns3:hr>
          </ns3:TrackPointExtension>
        </extensions>
      </trkpt>
      <trkpt lat="46.81684766896069049835205078125" lon="17.19351693056523799896240234375">
        <ele>133.8000030517578125</ele>
        <time>2024-07-24T11:08:45.000Z</time>
        <extensions>
          <ns3:TrackPointExtension>
            <ns3:hr>139</ns3:hr>
          </ns3:TrackPointExtension>
        </extensions>
      </trkpt>
      <trkpt lat="46.81688002310693264007568359375" lon="17.193606197834014892578125">
        <ele>133.600006103515625</ele>
        <time>2024-07-24T11:08:51.000Z</time>
        <extensions>
          <ns3:TrackPointExtension>
            <ns3:hr>142</ns3:hr>
          </ns3:TrackPointExtension>
        </extensions>
      </trkpt>
      <trkpt lat="46.816874407231807708740234375" lon="17.1936606802046298980712890625">
        <ele>133.1999969482421875</ele>
        <time>2024-07-24T11:08:54.000Z</time>
        <extensions>
          <ns3:TrackPointExtension>
            <ns3:hr>144</ns3:hr>
          </ns3:TrackPointExtension>
        </extensions>
      </trkpt>
      <trkpt lat="46.816877424716949462890625" lon="17.1937672980129718780517578125">
        <ele>132.8000030517578125</ele>
        <time>2024-07-24T11:09:00.000Z</time>
        <extensions>
          <ns3:TrackPointExtension>
            <ns3:hr>147</ns3:hr>
          </ns3:TrackPointExtension>
        </extensions>
      </trkpt>
      <trkpt lat="46.81687113828957080841064453125" lon="17.19382412731647491455078125">
        <ele>132.399993896484375</ele>
        <time>2024-07-24T11:09:03.000Z</time>
        <extensions>
          <ns3:TrackPointExtension>
            <ns3:hr>148</ns3:hr>
          </ns3:TrackPointExtension>
        </extensions>
      </trkpt>
      <trkpt lat="46.81688387878239154815673828125" lon="17.19396360218524932861328125">
        <ele>131.1999969482421875</ele>
        <time>2024-07-24T11:09:11.000Z</time>
        <extensions>
          <ns3:TrackPointExtension>
            <ns3:hr>148</ns3:hr>
          </ns3:TrackPointExtension>
        </extensions>
      </trkpt>
      <trkpt lat="46.81688823737204074859619140625" lon="17.19398044981062412261962890625">
        <ele>131.1999969482421875</ele>
        <time>2024-07-24T11:09:12.000Z</time>
        <extensions>
          <ns3:TrackPointExtension>
            <ns3:hr>148</ns3:hr>
          </ns3:TrackPointExtension>
        </extensions>
      </trkpt>
      <trkpt lat="46.8168849684298038482666015625" lon="17.194001488387584686279296875">
        <ele>131</ele>
        <time>2024-07-24T11:09:13.000Z</time>
        <extensions>
          <ns3:TrackPointExtension>
            <ns3:hr>149</ns3:hr>
          </ns3:TrackPointExtension>
        </extensions>
      </trkpt>
      <trkpt lat="46.81688019074499607086181640625" lon="17.19407348893582820892333984375">
        <ele>130.399993896484375</ele>
        <time>2024-07-24T11:09:17.000Z</time>
        <extensions>
          <ns3:TrackPointExtension>
            <ns3:hr>147</ns3:hr>
          </ns3:TrackPointExtension>
        </extensions>
      </trkpt>
      <trkpt lat="46.81692411191761493682861328125" lon="17.19415672123432159423828125">
        <ele>129.8000030517578125</ele>
        <time>2024-07-24T11:09:22.000Z</time>
        <extensions>
          <ns3:TrackPointExtension>
            <ns3:hr>144</ns3:hr>
          </ns3:TrackPointExtension>
        </extensions>
      </trkpt>
      <trkpt lat="46.81695613078773021697998046875" lon="17.19418915919959545135498046875">
        <ele>129.600006103515625</ele>
        <time>2024-07-24T11:09:25.000Z</time>
        <extensions>
          <ns3:TrackPointExtension>
            <ns3:hr>142</ns3:hr>
          </ns3:TrackPointExtension>
        </extensions>
      </trkpt>
      <trkpt lat="46.81703709997236728668212890625" lon="17.19432813115417957305908203125">
        <ele>128.399993896484375</ele>
        <time>2024-07-24T11:09:36.000Z</time>
        <extensions>
          <ns3:TrackPointExtension>
            <ns3:hr>142</ns3:hr>
          </ns3:TrackPointExtension>
        </extensions>
      </trkpt>
      <trkpt lat="46.81711605750024318695068359375" lon="17.1944475732743740081787109375">
        <ele>127</ele>
        <time>2024-07-24T11:09:45.000Z</time>
        <extensions>
          <ns3:TrackPointExtension>
            <ns3:hr>142</ns3:hr>
          </ns3:TrackPointExtension>
        </extensions>
      </trkpt>
      <trkpt lat="46.817149333655834197998046875" lon="17.1945642493665218353271484375">
        <ele>125.40000152587890625</ele>
        <time>2024-07-24T11:09:53.000Z</time>
        <extensions>
          <ns3:TrackPointExtension>
            <ns3:hr>143</ns3:hr>
          </ns3:TrackPointExtension>
        </extensions>
      </trkpt>
      <trkpt lat="46.81719300337135791778564453125" lon="17.19460104592144489288330078125">
        <ele>125.1999969482421875</ele>
        <time>2024-07-24T11:09:59.000Z</time>
        <extensions>
          <ns3:TrackPointExtension>
            <ns3:hr>143</ns3:hr>
          </ns3:TrackPointExtension>
        </extensions>
      </trkpt>
      <trkpt lat="46.81720121763646602630615234375" lon="17.19459635205566883087158203125">
        <ele>125.1999969482421875</ele>
        <time>2024-07-24T11:10:00.000Z</time>
        <extensions>
          <ns3:TrackPointExtension>
            <ns3:hr>145</ns3:hr>
          </ns3:TrackPointExtension>
        </extensions>
      </trkpt>
      <trkpt lat="46.817220747470855712890625" lon="17.1945853717625141143798828125">
        <ele>125.40000152587890625</ele>
        <time>2024-07-24T11:10:02.000Z</time>
        <extensions>
          <ns3:TrackPointExtension>
            <ns3:hr>142</ns3:hr>
          </ns3:TrackPointExtension>
        </extensions>
      </trkpt>
      <trkpt lat="46.81731906719505786895751953125" lon="17.19455712474882602691650390625">
        <ele>126.1999969482421875</ele>
        <time>2024-07-24T11:10:10.000Z</time>
        <extensions>
          <ns3:TrackPointExtension>
            <ns3:hr>142</ns3:hr>
          </ns3:TrackPointExtension>
        </extensions>
      </trkpt>
      <trkpt lat="46.81741990149021148681640625" lon="17.19454404897987842559814453125">
        <ele>126.8000030517578125</ele>
        <time>2024-07-24T11:10:18.000Z</time>
        <extensions>
          <ns3:TrackPointExtension>
            <ns3:hr>139</ns3:hr>
          </ns3:TrackPointExtension>
        </extensions>
      </trkpt>
      <trkpt lat="46.81746021844446659088134765625" lon="17.1945354156196117401123046875">
        <ele>127</ele>
        <time>2024-07-24T11:10:21.000Z</time>
        <extensions>
          <ns3:TrackPointExtension>
            <ns3:hr>139</ns3:hr>
          </ns3:TrackPointExtension>
        </extensions>
      </trkpt>
      <trkpt lat="46.817539595067501068115234375" lon="17.19450716860592365264892578125">
        <ele>127.8000030517578125</ele>
        <time>2024-07-24T11:10:32.000Z</time>
        <extensions>
          <ns3:TrackPointExtension>
            <ns3:hr>138</ns3:hr>
          </ns3:TrackPointExtension>
        </extensions>
      </trkpt>
      <trkpt lat="46.81759164668619632720947265625" lon="17.19448470510542392730712890625">
        <ele>128.1999969482421875</ele>
        <time>2024-07-24T11:10:39.000Z</time>
        <extensions>
          <ns3:TrackPointExtension>
            <ns3:hr>140</ns3:hr>
          </ns3:TrackPointExtension>
        </extensions>
      </trkpt>
      <trkpt lat="46.81768703274428844451904296875" lon="17.1944586373865604400634765625">
        <ele>129</ele>
        <time>2024-07-24T11:10:48.000Z</time>
        <extensions>
          <ns3:TrackPointExtension>
            <ns3:hr>143</ns3:hr>
          </ns3:TrackPointExtension>
        </extensions>
      </trkpt>
      <trkpt lat="46.81784444488584995269775390625" lon="17.19443122856318950653076171875">
        <ele>129.1999969482421875</ele>
        <time>2024-07-24T11:11:01.000Z</time>
        <extensions>
          <ns3:TrackPointExtension>
            <ns3:hr>145</ns3:hr>
          </ns3:TrackPointExtension>
        </extensions>
      </trkpt>
      <trkpt lat="46.8179152719676494598388671875" lon="17.19444162212312221527099609375">
        <ele>129.1999969482421875</ele>
        <time>2024-07-24T11:11:07.000Z</time>
        <extensions>
          <ns3:TrackPointExtension>
            <ns3:hr>142</ns3:hr>
          </ns3:TrackPointExtension>
        </extensions>
      </trkpt>
      <trkpt lat="46.81802733801305294036865234375" lon="17.19446542672812938690185546875">
        <ele>128.600006103515625</ele>
        <time>2024-07-24T11:11:16.000Z</time>
        <extensions>
          <ns3:TrackPointExtension>
            <ns3:hr>140</ns3:hr>
          </ns3:TrackPointExtension>
        </extensions>
      </trkpt>
      <trkpt lat="46.8181958980858325958251953125" lon="17.194523513317108154296875">
        <ele>127.40000152587890625</ele>
        <time>2024-07-24T11:11:29.000Z</time>
        <extensions>
          <ns3:TrackPointExtension>
            <ns3:hr>142</ns3:hr>
          </ns3:TrackPointExtension>
        </extensions>
      </trkpt>
      <trkpt lat="46.8182793818414211273193359375" lon="17.19455075450241565704345703125">
        <ele>126.59999847412109375</ele>
        <time>2024-07-24T11:11:36.000Z</time>
        <extensions>
          <ns3:TrackPointExtension>
            <ns3:hr>145</ns3:hr>
          </ns3:TrackPointExtension>
        </extensions>
      </trkpt>
      <trkpt lat="46.81830829940736293792724609375" lon="17.19455813057720661163330078125">
        <ele>126.40000152587890625</ele>
        <time>2024-07-24T11:11:39.000Z</time>
        <extensions>
          <ns3:TrackPointExtension>
            <ns3:hr>146</ns3:hr>
          </ns3:TrackPointExtension>
        </extensions>
      </trkpt>
      <trkpt lat="46.8184121511876583099365234375" lon="17.19456802122294902801513671875">
        <ele>125.59999847412109375</ele>
        <time>2024-07-24T11:11:47.000Z</time>
        <extensions>
          <ns3:TrackPointExtension>
            <ns3:hr>146</ns3:hr>
          </ns3:TrackPointExtension>
        </extensions>
      </trkpt>
      <trkpt lat="46.81855020113289356231689453125" lon="17.194570116698741912841796875">
        <ele>124.59999847412109375</ele>
        <time>2024-07-24T11:11:57.000Z</time>
        <extensions>
          <ns3:TrackPointExtension>
            <ns3:hr>149</ns3:hr>
          </ns3:TrackPointExtension>
        </extensions>
      </trkpt>
      <trkpt lat="46.8186431564390659332275390625" lon="17.19457036815583705902099609375">
        <ele>123.8000030517578125</ele>
        <time>2024-07-24T11:12:05.000Z</time>
        <extensions>
          <ns3:TrackPointExtension>
            <ns3:hr>152</ns3:hr>
          </ns3:TrackPointExtension>
        </extensions>
      </trkpt>
      <trkpt lat="46.81871012784540653228759765625" lon="17.19457724131643772125244140625">
        <ele>123.40000152587890625</ele>
        <time>2024-07-24T11:12:10.000Z</time>
        <extensions>
          <ns3:TrackPointExtension>
            <ns3:hr>152</ns3:hr>
          </ns3:TrackPointExtension>
        </extensions>
      </trkpt>
      <trkpt lat="46.8188231997191905975341796875" lon="17.19455645419657230377197265625">
        <ele>123.1999969482421875</ele>
        <time>2024-07-24T11:12:18.000Z</time>
        <extensions>
          <ns3:TrackPointExtension>
            <ns3:hr>152</ns3:hr>
          </ns3:TrackPointExtension>
        </extensions>
      </trkpt>
      <trkpt lat="46.8189268000423908233642578125" lon="17.19455896876752376556396484375">
        <ele>122.8000030517578125</ele>
        <time>2024-07-24T11:12:29.000Z</time>
        <extensions>
          <ns3:TrackPointExtension>
            <ns3:hr>153</ns3:hr>
          </ns3:TrackPointExtension>
        </extensions>
      </trkpt>
      <trkpt lat="46.81896150112152099609375" lon="17.19456349499523639678955078125">
        <ele>122.59999847412109375</ele>
        <time>2024-07-24T11:12:35.000Z</time>
        <extensions>
          <ns3:TrackPointExtension>
            <ns3:hr>150</ns3:hr>
          </ns3:TrackPointExtension>
        </extensions>
      </trkpt>
      <trkpt lat="46.8189737387001514434814453125" lon="17.19456265680491924285888671875">
        <ele>122.59999847412109375</ele>
        <time>2024-07-24T11:12:36.000Z</time>
        <extensions>
          <ns3:TrackPointExtension>
            <ns3:hr>150</ns3:hr>
          </ns3:TrackPointExtension>
        </extensions>
      </trkpt>
      <trkpt lat="46.81908898986876010894775390625" lon="17.194576822221279144287109375">
        <ele>122</ele>
        <time>2024-07-24T11:12:45.000Z</time>
        <extensions>
          <ns3:TrackPointExtension>
            <ns3:hr>151</ns3:hr>
          </ns3:TrackPointExtension>
        </extensions>
      </trkpt>
      <trkpt lat="46.8192050792276859283447265625" lon="17.1945709548890590667724609375">
        <ele>121.59999847412109375</ele>
        <time>2024-07-24T11:12:55.000Z</time>
        <extensions>
          <ns3:TrackPointExtension>
            <ns3:hr>152</ns3:hr>
          </ns3:TrackPointExtension>
        </extensions>
      </trkpt>
      <trkpt lat="46.81927464902400970458984375" lon="17.1945786662399768829345703125">
        <ele>121.40000152587890625</ele>
        <time>2024-07-24T11:13:01.000Z</time>
        <extensions>
          <ns3:TrackPointExtension>
            <ns3:hr>149</ns3:hr>
          </ns3:TrackPointExtension>
        </extensions>
      </trkpt>
      <trkpt lat="46.8193291313946247100830078125" lon="17.19458696432411670684814453125">
        <ele>121.40000152587890625</ele>
        <time>2024-07-24T11:13:05.000Z</time>
        <extensions>
          <ns3:TrackPointExtension>
            <ns3:hr>149</ns3:hr>
          </ns3:TrackPointExtension>
        </extensions>
      </trkpt>
      <trkpt lat="46.8194602243602275848388671875" lon="17.19459283165633678436279296875">
        <ele>121.40000152587890625</ele>
        <time>2024-07-24T11:13:14.000Z</time>
        <extensions>
          <ns3:TrackPointExtension>
            <ns3:hr>146</ns3:hr>
          </ns3:TrackPointExtension>
        </extensions>
      </trkpt>
      <trkpt lat="46.81948964484035968780517578125" lon="17.19459526240825653076171875">
        <ele>121.40000152587890625</ele>
        <time>2024-07-24T11:13:16.000Z</time>
        <extensions>
          <ns3:TrackPointExtension>
            <ns3:hr>145</ns3:hr>
          </ns3:TrackPointExtension>
        </extensions>
      </trkpt>
      <trkpt lat="46.8196134455502033233642578125" lon="17.1945950947701930999755859375">
        <ele>121.40000152587890625</ele>
        <time>2024-07-24T11:13:25.000Z</time>
        <extensions>
          <ns3:TrackPointExtension>
            <ns3:hr>142</ns3:hr>
          </ns3:TrackPointExtension>
        </extensions>
      </trkpt>
      <trkpt lat="46.819659210741519927978515625" lon="17.1945914067327976226806640625">
        <ele>121.59999847412109375</ele>
        <time>2024-07-24T11:13:28.000Z</time>
        <extensions>
          <ns3:TrackPointExtension>
            <ns3:hr>142</ns3:hr>
          </ns3:TrackPointExtension>
        </extensions>
      </trkpt>
      <trkpt lat="46.81984537281095981597900390625" lon="17.19459258019924163818359375">
        <ele>122.40000152587890625</ele>
        <time>2024-07-24T11:13:41.000Z</time>
        <extensions>
          <ns3:TrackPointExtension>
            <ns3:hr>143</ns3:hr>
          </ns3:TrackPointExtension>
        </extensions>
      </trkpt>
      <trkpt lat="46.8198716081678867340087890625" lon="17.19459316693246364593505859375">
        <ele>122.59999847412109375</ele>
        <time>2024-07-24T11:13:43.000Z</time>
        <extensions>
          <ns3:TrackPointExtension>
            <ns3:hr>143</ns3:hr>
          </ns3:TrackPointExtension>
        </extensions>
      </trkpt>
      <trkpt lat="46.8200157769024372100830078125" lon="17.1945865452289581298828125">
        <ele>123.1999969482421875</ele>
        <time>2024-07-24T11:13:55.000Z</time>
        <extensions>
          <ns3:TrackPointExtension>
            <ns3:hr>142</ns3:hr>
          </ns3:TrackPointExtension>
        </extensions>
      </trkpt>
      <trkpt lat="46.82014695368707180023193359375" lon="17.19460808672010898590087890625">
        <ele>123</ele>
        <time>2024-07-24T11:14:05.000Z</time>
        <extensions>
          <ns3:TrackPointExtension>
            <ns3:hr>141</ns3:hr>
          </ns3:TrackPointExtension>
        </extensions>
      </trkpt>
      <trkpt lat="46.8202856741845607757568359375" lon="17.19463172368705272674560546875">
        <ele>122.40000152587890625</ele>
        <time>2024-07-24T11:14:17.000Z</time>
        <extensions>
          <ns3:TrackPointExtension>
            <ns3:hr>140</ns3:hr>
          </ns3:TrackPointExtension>
        </extensions>
      </trkpt>
      <trkpt lat="46.820471920073032379150390625" lon="17.19466030597686767578125">
        <ele>121.8000030517578125</ele>
        <time>2024-07-24T11:14:32.000Z</time>
        <extensions>
          <ns3:TrackPointExtension>
            <ns3:hr>139</ns3:hr>
          </ns3:TrackPointExtension>
        </extensions>
      </trkpt>
      <trkpt lat="46.82048575021326541900634765625" lon="17.19466307200491428375244140625">
        <ele>121.8000030517578125</ele>
        <time>2024-07-24T11:14:33.000Z</time>
        <extensions>
          <ns3:TrackPointExtension>
            <ns3:hr>140</ns3:hr>
          </ns3:TrackPointExtension>
        </extensions>
      </trkpt>
      <trkpt lat="46.82061566971242427825927734375" lon="17.194666676223278045654296875">
        <ele>121.59999847412109375</ele>
        <time>2024-07-24T11:14:43.000Z</time>
        <extensions>
          <ns3:TrackPointExtension>
            <ns3:hr>141</ns3:hr>
          </ns3:TrackPointExtension>
        </extensions>
      </trkpt>
      <trkpt lat="46.82076193392276763916015625" lon="17.194684445858001708984375">
        <ele>122</ele>
        <time>2024-07-24T11:14:55.000Z</time>
        <extensions>
          <ns3:TrackPointExtension>
            <ns3:hr>143</ns3:hr>
          </ns3:TrackPointExtension>
        </extensions>
      </trkpt>
      <trkpt lat="46.82090618647634983062744140625" lon="17.1946852840483188629150390625">
        <ele>122.40000152587890625</ele>
        <time>2024-07-24T11:15:06.000Z</time>
        <extensions>
          <ns3:TrackPointExtension>
            <ns3:hr>143</ns3:hr>
          </ns3:TrackPointExtension>
        </extensions>
      </trkpt>
      <trkpt lat="46.82097927667200565338134765625" lon="17.19469240866601467132568359375">
        <ele>122.59999847412109375</ele>
        <time>2024-07-24T11:15:13.000Z</time>
        <extensions>
          <ns3:TrackPointExtension>
            <ns3:hr>143</ns3:hr>
          </ns3:TrackPointExtension>
        </extensions>
      </trkpt>
      <trkpt lat="46.82111690752208232879638671875" lon="17.19469307921826839447021484375">
        <ele>123</ele>
        <time>2024-07-24T11:15:23.000Z</time>
        <extensions>
          <ns3:TrackPointExtension>
            <ns3:hr>144</ns3:hr>
          </ns3:TrackPointExtension>
        </extensions>
      </trkpt>
      <trkpt lat="46.82125554420053958892822265625" lon="17.19469039700925350189208984375">
        <ele>123.40000152587890625</ele>
        <time>2024-07-24T11:15:33.000Z</time>
        <extensions>
          <ns3:TrackPointExtension>
            <ns3:hr>146</ns3:hr>
          </ns3:TrackPointExtension>
        </extensions>
      </trkpt>
      <trkpt lat="46.82126442901790142059326171875" lon="17.19469106756150722503662109375">
        <ele>123.40000152587890625</ele>
        <time>2024-07-24T11:15:34.000Z</time>
        <extensions>
          <ns3:TrackPointExtension>
            <ns3:hr>146</ns3:hr>
          </ns3:TrackPointExtension>
        </extensions>
      </trkpt>
      <trkpt lat="46.821375824511051177978515625" lon="17.19469827599823474884033203125">
        <ele>123</ele>
        <time>2024-07-24T11:15:43.000Z</time>
        <extensions>
          <ns3:TrackPointExtension>
            <ns3:hr>146</ns3:hr>
          </ns3:TrackPointExtension>
        </extensions>
      </trkpt>
      <trkpt lat="46.82142184115946292877197265625" lon="17.19469727016985416412353515625">
        <ele>122.8000030517578125</ele>
        <time>2024-07-24T11:15:47.000Z</time>
        <extensions>
          <ns3:TrackPointExtension>
            <ns3:hr>146</ns3:hr>
          </ns3:TrackPointExtension>
        </extensions>
      </trkpt>
      <trkpt lat="46.82148269377648830413818359375" lon="17.19470917247235774993896484375">
        <ele>122.40000152587890625</ele>
        <time>2024-07-24T11:15:51.000Z</time>
        <extensions>
          <ns3:TrackPointExtension>
            <ns3:hr>147</ns3:hr>
          </ns3:TrackPointExtension>
        </extensions>
      </trkpt>
      <trkpt lat="46.82157405652105808258056640625" lon="17.19470791518688201904296875">
        <ele>122.1999969482421875</ele>
        <time>2024-07-24T11:15:57.000Z</time>
        <extensions>
          <ns3:TrackPointExtension>
            <ns3:hr>144</ns3:hr>
          </ns3:TrackPointExtension>
        </extensions>
      </trkpt>
      <trkpt lat="46.82164597325026988983154296875" lon="17.19471788965165615081787109375">
        <ele>122.1999969482421875</ele>
        <time>2024-07-24T11:16:02.000Z</time>
        <extensions>
          <ns3:TrackPointExtension>
            <ns3:hr>143</ns3:hr>
          </ns3:TrackPointExtension>
        </extensions>
      </trkpt>
      <trkpt lat="46.82176566682755947113037109375" lon="17.194743789732456207275390625">
        <ele>121.8000030517578125</ele>
        <time>2024-07-24T11:16:12.000Z</time>
        <extensions>
          <ns3:TrackPointExtension>
            <ns3:hr>143</ns3:hr>
          </ns3:TrackPointExtension>
        </extensions>
      </trkpt>
      <trkpt lat="46.82185317389667034149169921875" lon="17.19473096542060375213623046875">
        <ele>122.40000152587890625</ele>
        <time>2024-07-24T11:16:20.000Z</time>
        <extensions>
          <ns3:TrackPointExtension>
            <ns3:hr>145</ns3:hr>
          </ns3:TrackPointExtension>
        </extensions>
      </trkpt>
      <trkpt lat="46.82196490466594696044921875" lon="17.194710262119770050048828125">
        <ele>122</ele>
        <time>2024-07-24T11:16:29.000Z</time>
        <extensions>
          <ns3:TrackPointExtension>
            <ns3:hr>145</ns3:hr>
          </ns3:TrackPointExtension>
        </extensions>
      </trkpt>
      <trkpt lat="46.8220864422619342803955078125" lon="17.19469089992344379425048828125">
        <ele>121.8000030517578125</ele>
        <time>2024-07-24T11:16:38.000Z</time>
        <extensions>
          <ns3:TrackPointExtension>
            <ns3:hr>148</ns3:hr>
          </ns3:TrackPointExtension>
        </extensions>
      </trkpt>
      <trkpt lat="46.8222244083881378173828125" lon="17.19466173090040683746337890625">
        <ele>122.59999847412109375</ele>
        <time>2024-07-24T11:16:48.000Z</time>
        <extensions>
          <ns3:TrackPointExtension>
            <ns3:hr>148</ns3:hr>
          </ns3:TrackPointExtension>
        </extensions>
      </trkpt>
      <trkpt lat="46.82230160571634769439697265625" lon="17.1946319751441478729248046875">
        <ele>123</ele>
        <time>2024-07-24T11:16:56.000Z</time>
        <extensions>
          <ns3:TrackPointExtension>
            <ns3:hr>148</ns3:hr>
          </ns3:TrackPointExtension>
        </extensions>
      </trkpt>
      <trkpt lat="46.8222995102405548095703125" lon="17.19463323242962360382080078125">
        <ele>123</ele>
        <time>2024-07-24T11:17:03.000Z</time>
        <extensions>
          <ns3:TrackPointExtension>
            <ns3:hr>147</ns3:hr>
          </ns3:TrackPointExtension>
        </extensions>
      </trkpt>
      <trkpt lat="46.8223368935286998748779296875" lon="17.194654941558837890625">
        <ele>123</ele>
        <time>2024-07-24T11:17:09.000Z</time>
        <extensions>
          <ns3:TrackPointExtension>
            <ns3:hr>147</ns3:hr>
          </ns3:TrackPointExtension>
        </extensions>
      </trkpt>
      <trkpt lat="46.8224334530532360076904296875" lon="17.194655947387218475341796875">
        <ele>123.40000152587890625</ele>
        <time>2024-07-24T11:17:17.000Z</time>
        <extensions>
          <ns3:TrackPointExtension>
            <ns3:hr>146</ns3:hr>
          </ns3:TrackPointExtension>
        </extensions>
      </trkpt>
      <trkpt lat="46.82253797538578510284423828125" lon="17.19464748166501522064208984375">
        <ele>123.8000030517578125</ele>
        <time>2024-07-24T11:17:26.000Z</time>
        <extensions>
          <ns3:TrackPointExtension>
            <ns3:hr>144</ns3:hr>
          </ns3:TrackPointExtension>
        </extensions>
      </trkpt>
      <trkpt lat="46.82267694734036922454833984375" lon="17.1946348249912261962890625">
        <ele>124</ele>
        <time>2024-07-24T11:17:37.000Z</time>
        <extensions>
          <ns3:TrackPointExtension>
            <ns3:hr>142</ns3:hr>
          </ns3:TrackPointExtension>
        </extensions>
      </trkpt>
      <trkpt lat="46.8227995745837688446044921875" lon="17.1946188993752002716064453125">
        <ele>124.1999969482421875</ele>
        <time>2024-07-24T11:17:48.000Z</time>
        <extensions>
          <ns3:TrackPointExtension>
            <ns3:hr>140</ns3:hr>
          </ns3:TrackPointExtension>
        </extensions>
      </trkpt>
      <trkpt lat="46.82297073304653167724609375" lon="17.1946135349571704864501953125">
        <ele>124.1999969482421875</ele>
        <time>2024-07-24T11:18:01.000Z</time>
        <extensions>
          <ns3:TrackPointExtension>
            <ns3:hr>139</ns3:hr>
          </ns3:TrackPointExtension>
        </extensions>
      </trkpt>
      <trkpt lat="46.8231328390538692474365234375" lon="17.1945977769792079925537109375">
        <ele>124.40000152587890625</ele>
        <time>2024-07-24T11:18:13.000Z</time>
        <extensions>
          <ns3:TrackPointExtension>
            <ns3:hr>139</ns3:hr>
          </ns3:TrackPointExtension>
        </extensions>
      </trkpt>
      <trkpt lat="46.82322311215102672576904296875" lon="17.1945813484489917755126953125">
        <ele>124.8000030517578125</ele>
        <time>2024-07-24T11:18:21.000Z</time>
        <extensions>
          <ns3:TrackPointExtension>
            <ns3:hr>140</ns3:hr>
          </ns3:TrackPointExtension>
        </extensions>
      </trkpt>
      <trkpt lat="46.823366023600101470947265625" lon="17.19453985802829265594482421875">
        <ele>125.8000030517578125</ele>
        <time>2024-07-24T11:18:32.000Z</time>
        <extensions>
          <ns3:TrackPointExtension>
            <ns3:hr>140</ns3:hr>
          </ns3:TrackPointExtension>
        </extensions>
      </trkpt>
      <trkpt lat="46.82345897890627384185791015625" lon="17.194493673741817474365234375">
        <ele>126</ele>
        <time>2024-07-24T11:18:40.000Z</time>
        <extensions>
          <ns3:TrackPointExtension>
            <ns3:hr>141</ns3:hr>
          </ns3:TrackPointExtension>
        </extensions>
      </trkpt>
      <trkpt lat="46.82347171939909458160400390625" lon="17.19448864459991455078125">
        <ele>126</ele>
        <time>2024-07-24T11:18:41.000Z</time>
        <extensions>
          <ns3:TrackPointExtension>
            <ns3:hr>141</ns3:hr>
          </ns3:TrackPointExtension>
        </extensions>
      </trkpt>
      <trkpt lat="46.82357029058039188385009765625" lon="17.1944631636142730712890625">
        <ele>126.40000152587890625</ele>
        <time>2024-07-24T11:18:49.000Z</time>
        <extensions>
          <ns3:TrackPointExtension>
            <ns3:hr>140</ns3:hr>
          </ns3:TrackPointExtension>
        </extensions>
      </trkpt>
      <trkpt lat="46.82368227280676364898681640625" lon="17.19443139620125293731689453125">
        <ele>127.1999969482421875</ele>
        <time>2024-07-24T11:18:59.000Z</time>
        <extensions>
          <ns3:TrackPointExtension>
            <ns3:hr>141</ns3:hr>
          </ns3:TrackPointExtension>
        </extensions>
      </trkpt>
      <trkpt lat="46.82378822006285190582275390625" lon="17.19440943561494350433349609375">
        <ele>127.1999969482421875</ele>
        <time>2024-07-24T11:19:07.000Z</time>
        <extensions>
          <ns3:TrackPointExtension>
            <ns3:hr>141</ns3:hr>
          </ns3:TrackPointExtension>
        </extensions>
      </trkpt>
      <trkpt lat="46.823917888104915618896484375" lon="17.19435981474816799163818359375">
        <ele>128</ele>
        <time>2024-07-24T11:19:16.000Z</time>
        <extensions>
          <ns3:TrackPointExtension>
            <ns3:hr>140</ns3:hr>
          </ns3:TrackPointExtension>
        </extensions>
      </trkpt>
      <trkpt lat="46.82402878068387508392333984375" lon="17.19433701597154140472412109375">
        <ele>128</ele>
        <time>2024-07-24T11:19:25.000Z</time>
        <extensions>
          <ns3:TrackPointExtension>
            <ns3:hr>137</ns3:hr>
          </ns3:TrackPointExtension>
        </extensions>
      </trkpt>
      <trkpt lat="46.82403766550123691558837890625" lon="17.19433785416185855865478515625">
        <ele>128</ele>
        <time>2024-07-24T11:19:26.000Z</time>
        <extensions>
          <ns3:TrackPointExtension>
            <ns3:hr>137</ns3:hr>
          </ns3:TrackPointExtension>
        </extensions>
      </trkpt>
      <trkpt lat="46.8241234123706817626953125" lon="17.19430281780660152435302734375">
        <ele>127.8000030517578125</ele>
        <time>2024-07-24T11:19:35.000Z</time>
        <extensions>
          <ns3:TrackPointExtension>
            <ns3:hr>135</ns3:hr>
          </ns3:TrackPointExtension>
        </extensions>
      </trkpt>
      <trkpt lat="46.82428233325481414794921875" lon="17.19427498988807201385498046875">
        <ele>127.8000030517578125</ele>
        <time>2024-07-24T11:19:46.000Z</time>
        <extensions>
          <ns3:TrackPointExtension>
            <ns3:hr>138</ns3:hr>
          </ns3:TrackPointExtension>
        </extensions>
      </trkpt>
      <trkpt lat="46.82434360496699810028076171875" lon="17.19424791634082794189453125">
        <ele>127.8000030517578125</ele>
        <time>2024-07-24T11:19:51.000Z</time>
        <extensions>
          <ns3:TrackPointExtension>
            <ns3:hr>134</ns3:hr>
          </ns3:TrackPointExtension>
        </extensions>
      </trkpt>
      <trkpt lat="46.82439004071056842803955078125" lon="17.1942306496202945709228515625">
        <ele>128</ele>
        <time>2024-07-24T11:19:54.000Z</time>
        <extensions>
          <ns3:TrackPointExtension>
            <ns3:hr>135</ns3:hr>
          </ns3:TrackPointExtension>
        </extensions>
      </trkpt>
      <trkpt lat="46.8244816549122333526611328125" lon="17.19417943619191646575927734375">
        <ele>127.59999847412109375</ele>
        <time>2024-07-24T11:20:02.000Z</time>
        <extensions>
          <ns3:TrackPointExtension>
            <ns3:hr>137</ns3:hr>
          </ns3:TrackPointExtension>
        </extensions>
      </trkpt>
      <trkpt lat="46.82462565600872039794921875" lon="17.19418228603899478912353515625">
        <ele>126.1999969482421875</ele>
        <time>2024-07-24T11:20:13.000Z</time>
        <extensions>
          <ns3:TrackPointExtension>
            <ns3:hr>138</ns3:hr>
          </ns3:TrackPointExtension>
        </extensions>
      </trkpt>
      <trkpt lat="46.8247518874704837799072265625" lon="17.1941599063575267791748046875">
        <ele>125.59999847412109375</ele>
        <time>2024-07-24T11:20:23.000Z</time>
        <extensions>
          <ns3:TrackPointExtension>
            <ns3:hr>140</ns3:hr>
          </ns3:TrackPointExtension>
        </extensions>
      </trkpt>
      <trkpt lat="46.82489253580570220947265625" lon="17.194100730121135711669921875">
        <ele>125.1999969482421875</ele>
        <time>2024-07-24T11:20:35.000Z</time>
        <extensions>
          <ns3:TrackPointExtension>
            <ns3:hr>139</ns3:hr>
          </ns3:TrackPointExtension>
        </extensions>
      </trkpt>
      <trkpt lat="46.82498817332088947296142578125" lon="17.194069214165210723876953125">
        <ele>124.8000030517578125</ele>
        <time>2024-07-24T11:20:44.000Z</time>
        <extensions>
          <ns3:TrackPointExtension>
            <ns3:hr>138</ns3:hr>
          </ns3:TrackPointExtension>
        </extensions>
      </trkpt>
      <trkpt lat="46.825109459459781646728515625" lon="17.1940375305712223052978515625">
        <ele>124.40000152587890625</ele>
        <time>2024-07-24T11:20:54.000Z</time>
        <extensions>
          <ns3:TrackPointExtension>
            <ns3:hr>138</ns3:hr>
          </ns3:TrackPointExtension>
        </extensions>
      </trkpt>
      <trkpt lat="46.8251404725015163421630859375" lon="17.19400844536721706390380859375">
        <ele>124.40000152587890625</ele>
        <time>2024-07-24T11:20:58.000Z</time>
        <extensions>
          <ns3:TrackPointExtension>
            <ns3:hr>137</ns3:hr>
          </ns3:TrackPointExtension>
        </extensions>
      </trkpt>
      <trkpt lat="46.82517014443874359130859375" lon="17.1940076909959316253662109375">
        <ele>124.1999969482421875</ele>
        <time>2024-07-24T11:21:00.000Z</time>
        <extensions>
          <ns3:TrackPointExtension>
            <ns3:hr>137</ns3:hr>
          </ns3:TrackPointExtension>
        </extensions>
      </trkpt>
      <trkpt lat="46.825259663164615631103515625" lon="17.193980701267719268798828125">
        <ele>123.8000030517578125</ele>
        <time>2024-07-24T11:21:08.000Z</time>
        <extensions>
          <ns3:TrackPointExtension>
            <ns3:hr>138</ns3:hr>
          </ns3:TrackPointExtension>
        </extensions>
      </trkpt>
      <trkpt lat="46.82535127736628055572509765625" lon="17.19393049366772174835205078125">
        <ele>123.8000030517578125</ele>
        <time>2024-07-24T11:21:18.000Z</time>
        <extensions>
          <ns3:TrackPointExtension>
            <ns3:hr>139</ns3:hr>
          </ns3:TrackPointExtension>
        </extensions>
      </trkpt>
      <trkpt lat="46.8254361860454082489013671875" lon="17.19390249811112880706787109375">
        <ele>123.59999847412109375</ele>
        <time>2024-07-24T11:21:25.000Z</time>
        <extensions>
          <ns3:TrackPointExtension>
            <ns3:hr>139</ns3:hr>
          </ns3:TrackPointExtension>
        </extensions>
      </trkpt>
      <trkpt lat="46.8254698812961578369140625" lon="17.19389227218925952911376953125">
        <ele>123.59999847412109375</ele>
        <time>2024-07-24T11:21:28.000Z</time>
        <extensions>
          <ns3:TrackPointExtension>
            <ns3:hr>138</ns3:hr>
          </ns3:TrackPointExtension>
        </extensions>
      </trkpt>
      <trkpt lat="46.8254894949495792388916015625" lon="17.1938735805451869964599609375">
        <ele>123.8000030517578125</ele>
        <time>2024-07-24T11:21:32.000Z</time>
        <extensions>
          <ns3:TrackPointExtension>
            <ns3:hr>139</ns3:hr>
          </ns3:TrackPointExtension>
        </extensions>
      </trkpt>
      <trkpt lat="46.82551212608814239501953125" lon="17.193861342966556549072265625">
        <ele>123.8000030517578125</ele>
        <time>2024-07-24T11:21:37.000Z</time>
        <extensions>
          <ns3:TrackPointExtension>
            <ns3:hr>139</ns3:hr>
          </ns3:TrackPointExtension>
        </extensions>
      </trkpt>
      <trkpt lat="46.825540624558925628662109375" lon="17.19385321252048015594482421875">
        <ele>123.8000030517578125</ele>
        <time>2024-07-24T11:21:40.000Z</time>
        <extensions>
          <ns3:TrackPointExtension>
            <ns3:hr>139</ns3:hr>
          </ns3:TrackPointExtension>
        </extensions>
      </trkpt>
      <trkpt lat="46.825661323964595794677734375" lon="17.1938182599842548370361328125">
        <ele>123.8000030517578125</ele>
        <time>2024-07-24T11:21:49.000Z</time>
        <extensions>
          <ns3:TrackPointExtension>
            <ns3:hr>142</ns3:hr>
          </ns3:TrackPointExtension>
        </extensions>
      </trkpt>
      <trkpt lat="46.82576551102101802825927734375" lon="17.1937840618193149566650390625">
        <ele>123.8000030517578125</ele>
        <time>2024-07-24T11:21:58.000Z</time>
        <extensions>
          <ns3:TrackPointExtension>
            <ns3:hr>143</ns3:hr>
          </ns3:TrackPointExtension>
        </extensions>
      </trkpt>
      <trkpt lat="46.8258720450103282928466796875" lon="17.19376453198492527008056640625">
        <ele>123.59999847412109375</ele>
        <time>2024-07-24T11:22:06.000Z</time>
        <extensions>
          <ns3:TrackPointExtension>
            <ns3:hr>142</ns3:hr>
          </ns3:TrackPointExtension>
        </extensions>
      </trkpt>
      <trkpt lat="46.8260034732520580291748046875" lon="17.19372061081230640411376953125">
        <ele>124.1999969482421875</ele>
        <time>2024-07-24T11:22:16.000Z</time>
        <extensions>
          <ns3:TrackPointExtension>
            <ns3:hr>142</ns3:hr>
          </ns3:TrackPointExtension>
        </extensions>
      </trkpt>
      <trkpt lat="46.82612425647675991058349609375" lon="17.19367903657257556915283203125">
        <ele>124.8000030517578125</ele>
        <time>2024-07-24T11:22:25.000Z</time>
        <extensions>
          <ns3:TrackPointExtension>
            <ns3:hr>142</ns3:hr>
          </ns3:TrackPointExtension>
        </extensions>
      </trkpt>
      <trkpt lat="46.82616717182099819183349609375" lon="17.19366529025137424468994140625">
        <ele>125</ele>
        <time>2024-07-24T11:22:31.000Z</time>
        <extensions>
          <ns3:TrackPointExtension>
            <ns3:hr>144</ns3:hr>
          </ns3:TrackPointExtension>
        </extensions>
      </trkpt>
      <trkpt lat="46.82619273662567138671875" lon="17.19368138350546360015869140625">
        <ele>124.8000030517578125</ele>
        <time>2024-07-24T11:22:39.000Z</time>
        <extensions>
          <ns3:TrackPointExtension>
            <ns3:hr>141</ns3:hr>
          </ns3:TrackPointExtension>
        </extensions>
      </trkpt>
      <trkpt lat="46.82624864391982555389404296875" lon="17.193659506738185882568359375">
        <ele>125</ele>
        <time>2024-07-24T11:22:44.000Z</time>
        <extensions>
          <ns3:TrackPointExtension>
            <ns3:hr>138</ns3:hr>
          </ns3:TrackPointExtension>
        </extensions>
      </trkpt>
      <trkpt lat="46.826302371919155120849609375" lon="17.19364249147474765777587890625">
        <ele>125.1999969482421875</ele>
        <time>2024-07-24T11:22:48.000Z</time>
        <extensions>
          <ns3:TrackPointExtension>
            <ns3:hr>138</ns3:hr>
          </ns3:TrackPointExtension>
        </extensions>
      </trkpt>
      <trkpt lat="46.82648182846605777740478515625" lon="17.1935590915381908416748046875">
        <ele>124.8000030517578125</ele>
        <time>2024-07-24T11:23:02.000Z</time>
        <extensions>
          <ns3:TrackPointExtension>
            <ns3:hr>137</ns3:hr>
          </ns3:TrackPointExtension>
        </extensions>
      </trkpt>
      <trkpt lat="46.82660579681396484375" lon="17.19348239712417125701904296875">
        <ele>124.59999847412109375</ele>
        <time>2024-07-24T11:23:13.000Z</time>
        <extensions>
          <ns3:TrackPointExtension>
            <ns3:hr>137</ns3:hr>
          </ns3:TrackPointExtension>
        </extensions>
      </trkpt>
      <trkpt lat="46.82673412375152111053466796875" lon="17.193404696881771087646484375">
        <ele>124.40000152587890625</ele>
        <time>2024-07-24T11:23:23.000Z</time>
        <extensions>
          <ns3:TrackPointExtension>
            <ns3:hr>137</ns3:hr>
          </ns3:TrackPointExtension>
        </extensions>
      </trkpt>
      <trkpt lat="46.82686530053615570068359375" lon="17.19331861473619937896728515625">
        <ele>125.1999969482421875</ele>
        <time>2024-07-24T11:23:34.000Z</time>
        <extensions>
          <ns3:TrackPointExtension>
            <ns3:hr>137</ns3:hr>
          </ns3:TrackPointExtension>
        </extensions>
      </trkpt>
      <trkpt lat="46.82696244679391384124755859375" lon="17.19328760169446468353271484375">
        <ele>125.59999847412109375</ele>
        <time>2024-07-24T11:23:43.000Z</time>
        <extensions>
          <ns3:TrackPointExtension>
            <ns3:hr>137</ns3:hr>
          </ns3:TrackPointExtension>
        </extensions>
      </trkpt>
      <trkpt lat="46.827095635235309600830078125" lon="17.1932454407215118408203125">
        <ele>125.8000030517578125</ele>
        <time>2024-07-24T11:23:54.000Z</time>
        <extensions>
          <ns3:TrackPointExtension>
            <ns3:hr>138</ns3:hr>
          </ns3:TrackPointExtension>
        </extensions>
      </trkpt>
      <trkpt lat="46.82722681201994419097900390625" lon="17.19321258366107940673828125">
        <ele>125.59999847412109375</ele>
        <time>2024-07-24T11:24:04.000Z</time>
        <extensions>
          <ns3:TrackPointExtension>
            <ns3:hr>139</ns3:hr>
          </ns3:TrackPointExtension>
        </extensions>
      </trkpt>
      <trkpt lat="46.82732127606868743896484375" lon="17.19319238327443599700927734375">
        <ele>125.40000152587890625</ele>
        <time>2024-07-24T11:24:11.000Z</time>
        <extensions>
          <ns3:TrackPointExtension>
            <ns3:hr>136</ns3:hr>
          </ns3:TrackPointExtension>
        </extensions>
      </trkpt>
      <trkpt lat="46.8273680470883846282958984375" lon="17.19317863695323467254638671875">
        <ele>125.40000152587890625</ele>
        <time>2024-07-24T11:24:15.000Z</time>
        <extensions>
          <ns3:TrackPointExtension>
            <ns3:hr>136</ns3:hr>
          </ns3:TrackPointExtension>
        </extensions>
      </trkpt>
      <trkpt lat="46.8274944461882114410400390625" lon="17.19316438771784305572509765625">
        <ele>125</ele>
        <time>2024-07-24T11:24:25.000Z</time>
        <extensions>
          <ns3:TrackPointExtension>
            <ns3:hr>136</ns3:hr>
          </ns3:TrackPointExtension>
        </extensions>
      </trkpt>
      <trkpt lat="46.82763182558119297027587890625" lon="17.19310722313821315765380859375">
        <ele>124.59999847412109375</ele>
        <time>2024-07-24T11:24:37.000Z</time>
        <extensions>
          <ns3:TrackPointExtension>
            <ns3:hr>135</ns3:hr>
          </ns3:TrackPointExtension>
        </extensions>
      </trkpt>
      <trkpt lat="46.827778927981853485107421875" lon="17.1930558420717716217041015625">
        <ele>125.40000152587890625</ele>
        <time>2024-07-24T11:24:48.000Z</time>
        <extensions>
          <ns3:TrackPointExtension>
            <ns3:hr>136</ns3:hr>
          </ns3:TrackPointExtension>
        </extensions>
      </trkpt>
      <trkpt lat="46.8278733082115650177001953125" lon="17.19304804690182209014892578125">
        <ele>125.8000030517578125</ele>
        <time>2024-07-24T11:24:57.000Z</time>
        <extensions>
          <ns3:TrackPointExtension>
            <ns3:hr>136</ns3:hr>
          </ns3:TrackPointExtension>
        </extensions>
      </trkpt>
      <trkpt lat="46.82800817303359508514404296875" lon="17.19302080571651458740234375">
        <ele>125.8000030517578125</ele>
        <time>2024-07-24T11:25:08.000Z</time>
        <extensions>
          <ns3:TrackPointExtension>
            <ns3:hr>136</ns3:hr>
          </ns3:TrackPointExtension>
        </extensions>
      </trkpt>
      <trkpt lat="46.8281655013561248779296875" lon="17.19298736192286014556884765625">
        <ele>125.8000030517578125</ele>
        <time>2024-07-24T11:25:21.000Z</time>
        <extensions>
          <ns3:TrackPointExtension>
            <ns3:hr>137</ns3:hr>
          </ns3:TrackPointExtension>
        </extensions>
      </trkpt>
      <trkpt lat="46.82824186049401760101318359375" lon="17.19297587871551513671875">
        <ele>125.59999847412109375</ele>
        <time>2024-07-24T11:25:27.000Z</time>
        <extensions>
          <ns3:TrackPointExtension>
            <ns3:hr>140</ns3:hr>
          </ns3:TrackPointExtension>
        </extensions>
      </trkpt>
      <trkpt lat="46.828303970396518707275390625" lon="17.192965485155582427978515625">
        <ele>125.40000152587890625</ele>
        <time>2024-07-24T11:25:33.000Z</time>
        <extensions>
          <ns3:TrackPointExtension>
            <ns3:hr>142</ns3:hr>
          </ns3:TrackPointExtension>
        </extensions>
      </trkpt>
      <trkpt lat="46.82834965176880359649658203125" lon="17.1929638087749481201171875">
        <ele>125.1999969482421875</ele>
        <time>2024-07-24T11:25:37.000Z</time>
        <extensions>
          <ns3:TrackPointExtension>
            <ns3:hr>139</ns3:hr>
          </ns3:TrackPointExtension>
        </extensions>
      </trkpt>
      <trkpt lat="46.8283701874315738677978515625" lon="17.1929664909839630126953125">
        <ele>125.1999969482421875</ele>
        <time>2024-07-24T11:25:39.000Z</time>
        <extensions>
          <ns3:TrackPointExtension>
            <ns3:hr>136</ns3:hr>
          </ns3:TrackPointExtension>
        </extensions>
      </trkpt>
      <trkpt lat="46.82844646275043487548828125" lon="17.19295182265341281890869140625">
        <ele>124.8000030517578125</ele>
        <time>2024-07-24T11:25:45.000Z</time>
        <extensions>
          <ns3:TrackPointExtension>
            <ns3:hr>135</ns3:hr>
          </ns3:TrackPointExtension>
        </extensions>
      </trkpt>
      <trkpt lat="46.82854981161653995513916015625" lon="17.19292717985808849334716796875">
        <ele>124</ele>
        <time>2024-07-24T11:25:53.000Z</time>
        <extensions>
          <ns3:TrackPointExtension>
            <ns3:hr>134</ns3:hr>
          </ns3:TrackPointExtension>
        </extensions>
      </trkpt>
      <trkpt lat="46.82868157513439655303955078125" lon="17.19290186651051044464111328125">
        <ele>123.40000152587890625</ele>
        <time>2024-07-24T11:26:04.000Z</time>
        <extensions>
          <ns3:TrackPointExtension>
            <ns3:hr>135</ns3:hr>
          </ns3:TrackPointExtension>
        </extensions>
      </trkpt>
      <trkpt lat="46.82878601364791393280029296875" lon="17.192870266735553741455078125">
        <ele>123.40000152587890625</ele>
        <time>2024-07-24T11:26:14.000Z</time>
        <extensions>
          <ns3:TrackPointExtension>
            <ns3:hr>136</ns3:hr>
          </ns3:TrackPointExtension>
        </extensions>
      </trkpt>
      <trkpt lat="46.82885139249265193939208984375" lon="17.19284369610249996185302734375">
        <ele>123.40000152587890625</ele>
        <time>2024-07-24T11:26:28.000Z</time>
        <extensions>
          <ns3:TrackPointExtension>
            <ns3:hr>135</ns3:hr>
          </ns3:TrackPointExtension>
        </extensions>
      </trkpt>
      <trkpt lat="46.8289270810782909393310546875" lon="17.19279776327311992645263671875">
        <ele>124</ele>
        <time>2024-07-24T11:26:35.000Z</time>
        <extensions>
          <ns3:TrackPointExtension>
            <ns3:hr>136</ns3:hr>
          </ns3:TrackPointExtension>
        </extensions>
      </trkpt>
      <trkpt lat="46.82897577993571758270263671875" lon="17.192764319479465484619140625">
        <ele>124.40000152587890625</ele>
        <time>2024-07-24T11:26:40.000Z</time>
        <extensions>
          <ns3:TrackPointExtension>
            <ns3:hr>137</ns3:hr>
          </ns3:TrackPointExtension>
        </extensions>
      </trkpt>
      <trkpt lat="46.8289857544004917144775390625" lon="17.19277882017195224761962890625">
        <ele>124.40000152587890625</ele>
        <time>2024-07-24T11:26:42.000Z</time>
        <extensions>
          <ns3:TrackPointExtension>
            <ns3:hr>137</ns3:hr>
          </ns3:TrackPointExtension>
        </extensions>
      </trkpt>
      <trkpt lat="46.8289881013333797454833984375" lon="17.192787788808345794677734375">
        <ele>124.40000152587890625</ele>
        <time>2024-07-24T11:26:48.000Z</time>
        <extensions>
          <ns3:TrackPointExtension>
            <ns3:hr>135</ns3:hr>
          </ns3:TrackPointExtension>
        </extensions>
      </trkpt>
      <trkpt lat="46.829005368053913116455078125" lon="17.192740179598331451416015625">
        <ele>124.59999847412109375</ele>
        <time>2024-07-24T11:26:55.000Z</time>
        <extensions>
          <ns3:TrackPointExtension>
            <ns3:hr>133</ns3:hr>
          </ns3:TrackPointExtension>
        </extensions>
      </trkpt>
      <trkpt lat="46.829075105488300323486328125" lon="17.192679159343242645263671875">
        <ele>124.8000030517578125</ele>
        <time>2024-07-24T11:27:02.000Z</time>
        <extensions>
          <ns3:TrackPointExtension>
            <ns3:hr>134</ns3:hr>
          </ns3:TrackPointExtension>
        </extensions>
      </trkpt>
      <trkpt lat="46.82911609299480915069580078125" lon="17.192650325596332550048828125">
        <ele>124.59999847412109375</ele>
        <time>2024-07-24T11:27:06.000Z</time>
        <extensions>
          <ns3:TrackPointExtension>
            <ns3:hr>138</ns3:hr>
          </ns3:TrackPointExtension>
        </extensions>
      </trkpt>
      <trkpt lat="46.82920661754906177520751953125" lon="17.19259299337863922119140625">
        <ele>124.59999847412109375</ele>
        <time>2024-07-24T11:27:14.000Z</time>
        <extensions>
          <ns3:TrackPointExtension>
            <ns3:hr>140</ns3:hr>
          </ns3:TrackPointExtension>
        </extensions>
      </trkpt>
      <trkpt lat="46.8293555639684200286865234375" lon="17.19248679466545581817626953125">
        <ele>123.8000030517578125</ele>
        <time>2024-07-24T11:27:25.000Z</time>
        <extensions>
          <ns3:TrackPointExtension>
            <ns3:hr>141</ns3:hr>
          </ns3:TrackPointExtension>
        </extensions>
      </trkpt>
      <trkpt lat="46.8294692225754261016845703125" lon="17.19242845661938190460205078125">
        <ele>123.40000152587890625</ele>
        <time>2024-07-24T11:27:35.000Z</time>
        <extensions>
          <ns3:TrackPointExtension>
            <ns3:hr>141</ns3:hr>
          </ns3:TrackPointExtension>
        </extensions>
      </trkpt>
      <trkpt lat="46.82955195195972919464111328125" lon="17.19237615354359149932861328125">
        <ele>123</ele>
        <time>2024-07-24T11:27:44.000Z</time>
        <extensions>
          <ns3:TrackPointExtension>
            <ns3:hr>139</ns3:hr>
          </ns3:TrackPointExtension>
        </extensions>
      </trkpt>
      <trkpt lat="46.82969327084720134735107421875" lon="17.19231580384075641632080078125">
        <ele>122.1999969482421875</ele>
        <time>2024-07-24T11:27:55.000Z</time>
        <extensions>
          <ns3:TrackPointExtension>
            <ns3:hr>141</ns3:hr>
          </ns3:TrackPointExtension>
        </extensions>
      </trkpt>
      <trkpt lat="46.8298222683370113372802734375" lon="17.1922624111175537109375">
        <ele>122.1999969482421875</ele>
        <time>2024-07-24T11:28:04.000Z</time>
        <extensions>
          <ns3:TrackPointExtension>
            <ns3:hr>141</ns3:hr>
          </ns3:TrackPointExtension>
        </extensions>
      </trkpt>
      <trkpt lat="46.82992612011730670928955078125" lon="17.1922136284410953521728515625">
        <ele>122.8000030517578125</ele>
        <time>2024-07-24T11:28:14.000Z</time>
        <extensions>
          <ns3:TrackPointExtension>
            <ns3:hr>141</ns3:hr>
          </ns3:TrackPointExtension>
        </extensions>
      </trkpt>
      <trkpt lat="46.82994422502815723419189453125" lon="17.19219845719635486602783203125">
        <ele>123</ele>
        <time>2024-07-24T11:28:16.000Z</time>
        <extensions>
          <ns3:TrackPointExtension>
            <ns3:hr>141</ns3:hr>
          </ns3:TrackPointExtension>
        </extensions>
      </trkpt>
      <trkpt lat="46.830035336315631866455078125" lon="17.1921633370220661163330078125">
        <ele>123.59999847412109375</ele>
        <time>2024-07-24T11:28:23.000Z</time>
        <extensions>
          <ns3:TrackPointExtension>
            <ns3:hr>141</ns3:hr>
          </ns3:TrackPointExtension>
        </extensions>
      </trkpt>
      <trkpt lat="46.8302021361887454986572265625" lon="17.19207641668617725372314453125">
        <ele>124.40000152587890625</ele>
        <time>2024-07-24T11:28:35.000Z</time>
        <extensions>
          <ns3:TrackPointExtension>
            <ns3:hr>143</ns3:hr>
          </ns3:TrackPointExtension>
        </extensions>
      </trkpt>
      <trkpt lat="46.8303184770047664642333984375" lon="17.19202662818133831024169921875">
        <ele>124.59999847412109375</ele>
        <time>2024-07-24T11:28:44.000Z</time>
        <extensions>
          <ns3:TrackPointExtension>
            <ns3:hr>142</ns3:hr>
          </ns3:TrackPointExtension>
        </extensions>
      </trkpt>
      <trkpt lat="46.8304069899022579193115234375" lon="17.19197650440037250518798828125">
        <ele>124.59999847412109375</ele>
        <time>2024-07-24T11:28:53.000Z</time>
        <extensions>
          <ns3:TrackPointExtension>
            <ns3:hr>141</ns3:hr>
          </ns3:TrackPointExtension>
        </extensions>
      </trkpt>
      <trkpt lat="46.83050598017871379852294921875" lon="17.1919353492558002471923828125">
        <ele>124.8000030517578125</ele>
        <time>2024-07-24T11:29:02.000Z</time>
        <extensions>
          <ns3:TrackPointExtension>
            <ns3:hr>139</ns3:hr>
          </ns3:TrackPointExtension>
        </extensions>
      </trkpt>
      <trkpt lat="46.83063841424882411956787109375" lon="17.19186435453593730926513671875">
        <ele>125</ele>
        <time>2024-07-24T11:29:12.000Z</time>
        <extensions>
          <ns3:TrackPointExtension>
            <ns3:hr>138</ns3:hr>
          </ns3:TrackPointExtension>
        </extensions>
      </trkpt>
      <trkpt lat="46.830709911882877349853515625" lon="17.19183736480772495269775390625">
        <ele>124.8000030517578125</ele>
        <time>2024-07-24T11:29:19.000Z</time>
        <extensions>
          <ns3:TrackPointExtension>
            <ns3:hr>135</ns3:hr>
          </ns3:TrackPointExtension>
        </extensions>
      </trkpt>
      <trkpt lat="46.8307431042194366455078125" lon="17.19182546250522136688232421875">
        <ele>124.8000030517578125</ele>
        <time>2024-07-24T11:29:22.000Z</time>
        <extensions>
          <ns3:TrackPointExtension>
            <ns3:hr>134</ns3:hr>
          </ns3:TrackPointExtension>
        </extensions>
      </trkpt>
      <trkpt lat="46.830866821110248565673828125" lon="17.1917514503002166748046875">
        <ele>124.59999847412109375</ele>
        <time>2024-07-24T11:29:33.000Z</time>
        <extensions>
          <ns3:TrackPointExtension>
            <ns3:hr>137</ns3:hr>
          </ns3:TrackPointExtension>
        </extensions>
      </trkpt>
      <trkpt lat="46.83088635094463825225830078125" lon="17.19173510558903217315673828125">
        <ele>124.59999847412109375</ele>
        <time>2024-07-24T11:29:35.000Z</time>
        <extensions>
          <ns3:TrackPointExtension>
            <ns3:hr>137</ns3:hr>
          </ns3:TrackPointExtension>
        </extensions>
      </trkpt>
      <trkpt lat="46.83089758269488811492919921875" lon="17.19173493795096874237060546875">
        <ele>124.59999847412109375</ele>
        <time>2024-07-24T11:29:41.000Z</time>
        <extensions>
          <ns3:TrackPointExtension>
            <ns3:hr>136</ns3:hr>
          </ns3:TrackPointExtension>
        </extensions>
      </trkpt>
      <trkpt lat="46.83096614666283130645751953125" lon="17.19171591103076934814453125">
        <ele>124.40000152587890625</ele>
        <time>2024-07-24T11:29:47.000Z</time>
        <extensions>
          <ns3:TrackPointExtension>
            <ns3:hr>136</ns3:hr>
          </ns3:TrackPointExtension>
        </extensions>
      </trkpt>
      <trkpt lat="46.8310783803462982177734375" lon="17.191659249365329742431640625">
        <ele>124.1999969482421875</ele>
        <time>2024-07-24T11:29:56.000Z</time>
        <extensions>
          <ns3:TrackPointExtension>
            <ns3:hr>136</ns3:hr>
          </ns3:TrackPointExtension>
        </extensions>
      </trkpt>
      <trkpt lat="46.83114342391490936279296875" lon="17.19163401983678340911865234375">
        <ele>124</ele>
        <time>2024-07-24T11:30:03.000Z</time>
        <extensions>
          <ns3:TrackPointExtension>
            <ns3:hr>139</ns3:hr>
          </ns3:TrackPointExtension>
        </extensions>
      </trkpt>
      <trkpt lat="46.83115624822676181793212890625" lon="17.19162966124713420867919921875">
        <ele>124</ele>
        <time>2024-07-24T11:30:04.000Z</time>
        <extensions>
          <ns3:TrackPointExtension>
            <ns3:hr>139</ns3:hr>
          </ns3:TrackPointExtension>
        </extensions>
      </trkpt>
      <trkpt lat="46.83125532232224941253662109375" lon="17.19156998209655284881591796875">
        <ele>124</ele>
        <time>2024-07-24T11:30:13.000Z</time>
        <extensions>
          <ns3:TrackPointExtension>
            <ns3:hr>139</ns3:hr>
          </ns3:TrackPointExtension>
        </extensions>
      </trkpt>
      <trkpt lat="46.83137836866080760955810546875" lon="17.19150066375732421875">
        <ele>124.1999969482421875</ele>
        <time>2024-07-24T11:30:23.000Z</time>
        <extensions>
          <ns3:TrackPointExtension>
            <ns3:hr>138</ns3:hr>
          </ns3:TrackPointExtension>
        </extensions>
      </trkpt>
      <trkpt lat="46.831500828266143798828125" lon="17.191430591046810150146484375">
        <ele>124.59999847412109375</ele>
        <time>2024-07-24T11:30:32.000Z</time>
        <extensions>
          <ns3:TrackPointExtension>
            <ns3:hr>138</ns3:hr>
          </ns3:TrackPointExtension>
        </extensions>
      </trkpt>
      <trkpt lat="46.83155690319836139678955078125" lon="17.1913973987102508544921875">
        <ele>125</ele>
        <time>2024-07-24T11:30:37.000Z</time>
        <extensions>
          <ns3:TrackPointExtension>
            <ns3:hr>141</ns3:hr>
          </ns3:TrackPointExtension>
        </extensions>
      </trkpt>
      <trkpt lat="46.83161524124443531036376953125" lon="17.1913678944110870361328125">
        <ele>125</ele>
        <time>2024-07-24T11:30:42.000Z</time>
        <extensions>
          <ns3:TrackPointExtension>
            <ns3:hr>141</ns3:hr>
          </ns3:TrackPointExtension>
        </extensions>
      </trkpt>
      <trkpt lat="46.8316753394901752471923828125" lon="17.19132791273295879364013671875">
        <ele>125</ele>
        <time>2024-07-24T11:30:48.000Z</time>
        <extensions>
          <ns3:TrackPointExtension>
            <ns3:hr>141</ns3:hr>
          </ns3:TrackPointExtension>
        </extensions>
      </trkpt>
      <trkpt lat="46.83170308358967304229736328125" lon="17.19131114892661571502685546875">
        <ele>125</ele>
        <time>2024-07-24T11:30:50.000Z</time>
        <extensions>
          <ns3:TrackPointExtension>
            <ns3:hr>141</ns3:hr>
          </ns3:TrackPointExtension>
        </extensions>
      </trkpt>
      <trkpt lat="46.8317252956330776214599609375" lon="17.1912922896444797515869140625">
        <ele>125</ele>
        <time>2024-07-24T11:30:52.000Z</time>
        <extensions>
          <ns3:TrackPointExtension>
            <ns3:hr>140</ns3:hr>
          </ns3:TrackPointExtension>
        </extensions>
      </trkpt>
      <trkpt lat="46.83178472332656383514404296875" lon="17.1912409923970699310302734375">
        <ele>125.1999969482421875</ele>
        <time>2024-07-24T11:30:57.000Z</time>
        <extensions>
          <ns3:TrackPointExtension>
            <ns3:hr>141</ns3:hr>
          </ns3:TrackPointExtension>
        </extensions>
      </trkpt>
      <trkpt lat="46.8318684585392475128173828125" lon="17.1912041120231151580810546875">
        <ele>125.40000152587890625</ele>
        <time>2024-07-24T11:31:04.000Z</time>
        <extensions>
          <ns3:TrackPointExtension>
            <ns3:hr>138</ns3:hr>
          </ns3:TrackPointExtension>
        </extensions>
      </trkpt>
      <trkpt lat="46.83187910355627536773681640625" lon="17.19119916670024394989013671875">
        <ele>125.40000152587890625</ele>
        <time>2024-07-24T11:31:05.000Z</time>
        <extensions>
          <ns3:TrackPointExtension>
            <ns3:hr>138</ns3:hr>
          </ns3:TrackPointExtension>
        </extensions>
      </trkpt>
      <trkpt lat="46.83198421262204647064208984375" lon="17.1911471150815486907958984375">
        <ele>125.59999847412109375</ele>
        <time>2024-07-24T11:31:14.000Z</time>
        <extensions>
          <ns3:TrackPointExtension>
            <ns3:hr>138</ns3:hr>
          </ns3:TrackPointExtension>
        </extensions>
      </trkpt>
      <trkpt lat="46.83206903748214244842529296875" lon="17.19109053723514080047607421875">
        <ele>125.59999847412109375</ele>
        <time>2024-07-24T11:31:21.000Z</time>
        <extensions>
          <ns3:TrackPointExtension>
            <ns3:hr>138</ns3:hr>
          </ns3:TrackPointExtension>
        </extensions>
      </trkpt>
      <trkpt lat="46.83219359256327152252197265625" lon="17.19102616421878337860107421875">
        <ele>125.40000152587890625</ele>
        <time>2024-07-24T11:31:30.000Z</time>
        <extensions>
          <ns3:TrackPointExtension>
            <ns3:hr>138</ns3:hr>
          </ns3:TrackPointExtension>
        </extensions>
      </trkpt>
      <trkpt lat="46.83229316957294940948486328125" lon="17.190970592200756072998046875">
        <ele>125.40000152587890625</ele>
        <time>2024-07-24T11:31:39.000Z</time>
        <extensions>
          <ns3:TrackPointExtension>
            <ns3:hr>140</ns3:hr>
          </ns3:TrackPointExtension>
        </extensions>
      </trkpt>
      <trkpt lat="46.83237028308212757110595703125" lon="17.19093211926519870758056640625">
        <ele>125.59999847412109375</ele>
        <time>2024-07-24T11:31:47.000Z</time>
        <extensions>
          <ns3:TrackPointExtension>
            <ns3:hr>140</ns3:hr>
          </ns3:TrackPointExtension>
        </extensions>
      </trkpt>
      <trkpt lat="46.83246902190148830413818359375" lon="17.19087730161845684051513671875">
        <ele>126</ele>
        <time>2024-07-24T11:31:56.000Z</time>
        <extensions>
          <ns3:TrackPointExtension>
            <ns3:hr>140</ns3:hr>
          </ns3:TrackPointExtension>
        </extensions>
      </trkpt>
      <trkpt lat="46.83258033357560634613037109375" lon="17.19084553420543670654296875">
        <ele>125.59999847412109375</ele>
        <time>2024-07-24T11:32:04.000Z</time>
        <extensions>
          <ns3:TrackPointExtension>
            <ns3:hr>140</ns3:hr>
          </ns3:TrackPointExtension>
        </extensions>
      </trkpt>
      <trkpt lat="46.832703463733196258544921875" lon="17.1907632239162921905517578125">
        <ele>126</ele>
        <time>2024-07-24T11:32:15.000Z</time>
        <extensions>
          <ns3:TrackPointExtension>
            <ns3:hr>140</ns3:hr>
          </ns3:TrackPointExtension>
        </extensions>
      </trkpt>
      <trkpt lat="46.83271117508411407470703125" lon="17.1907551772892475128173828125">
        <ele>126</ele>
        <time>2024-07-24T11:32:16.000Z</time>
        <extensions>
          <ns3:TrackPointExtension>
            <ns3:hr>141</ns3:hr>
          </ns3:TrackPointExtension>
        </extensions>
      </trkpt>
      <trkpt lat="46.8327783979475498199462890625" lon="17.19069424085319042205810546875">
        <ele>126.40000152587890625</ele>
        <time>2024-07-24T11:32:23.000Z</time>
        <extensions>
          <ns3:TrackPointExtension>
            <ns3:hr>140</ns3:hr>
          </ns3:TrackPointExtension>
        </extensions>
      </trkpt>
      <trkpt lat="46.83289096690714359283447265625" lon="17.19059877097606658935546875">
        <ele>127.1999969482421875</ele>
        <time>2024-07-24T11:32:35.000Z</time>
        <extensions>
          <ns3:TrackPointExtension>
            <ns3:hr>140</ns3:hr>
          </ns3:TrackPointExtension>
        </extensions>
      </trkpt>
      <trkpt lat="46.833007223904132843017578125" lon="17.19050615094602108001708984375">
        <ele>127.8000030517578125</ele>
        <time>2024-07-24T11:32:45.000Z</time>
        <extensions>
          <ns3:TrackPointExtension>
            <ns3:hr>140</ns3:hr>
          </ns3:TrackPointExtension>
        </extensions>
      </trkpt>
      <trkpt lat="46.83308090083301067352294921875" lon="17.1904540993273258209228515625">
        <ele>128</ele>
        <time>2024-07-24T11:32:53.000Z</time>
        <extensions>
          <ns3:TrackPointExtension>
            <ns3:hr>140</ns3:hr>
          </ns3:TrackPointExtension>
        </extensions>
      </trkpt>
      <trkpt lat="46.83310411870479583740234375" lon="17.1905593760311603546142578125">
        <ele>127.59999847412109375</ele>
        <time>2024-07-24T11:33:03.000Z</time>
        <extensions>
          <ns3:TrackPointExtension>
            <ns3:hr>142</ns3:hr>
          </ns3:TrackPointExtension>
        </extensions>
      </trkpt>
      <trkpt lat="46.8331441842019557952880859375" lon="17.190687619149684906005859375">
        <ele>127.1999969482421875</ele>
        <time>2024-07-24T11:33:11.000Z</time>
        <extensions>
          <ns3:TrackPointExtension>
            <ns3:hr>142</ns3:hr>
          </ns3:TrackPointExtension>
        </extensions>
      </trkpt>
      <trkpt lat="46.8331565894186496734619140625" lon="17.1907136030495166778564453125">
        <ele>127.1999969482421875</ele>
        <time>2024-07-24T11:33:13.000Z</time>
        <extensions>
          <ns3:TrackPointExtension>
            <ns3:hr>143</ns3:hr>
          </ns3:TrackPointExtension>
        </extensions>
      </trkpt>
      <trkpt lat="46.8331807292997837066650390625" lon="17.1907588653266429901123046875">
        <ele>127</ele>
        <time>2024-07-24T11:33:16.000Z</time>
        <extensions>
          <ns3:TrackPointExtension>
            <ns3:hr>145</ns3:hr>
          </ns3:TrackPointExtension>
        </extensions>
      </trkpt>
      <trkpt lat="46.83319992385804653167724609375" lon="17.1907873637974262237548828125">
        <ele>126.8000030517578125</ele>
        <time>2024-07-24T11:33:18.000Z</time>
        <extensions>
          <ns3:TrackPointExtension>
            <ns3:hr>148</ns3:hr>
          </ns3:TrackPointExtension>
        </extensions>
      </trkpt>
      <trkpt lat="46.83321534655988216400146484375" lon="17.19080932438373565673828125">
        <ele>126.8000030517578125</ele>
        <time>2024-07-24T11:33:20.000Z</time>
        <extensions>
          <ns3:TrackPointExtension>
            <ns3:hr>151</ns3:hr>
          </ns3:TrackPointExtension>
        </extensions>
      </trkpt>
      <trkpt lat="46.833275444805622100830078125" lon="17.19089909456670284271240234375">
        <ele>126.40000152587890625</ele>
        <time>2024-07-24T11:33:27.000Z</time>
        <extensions>
          <ns3:TrackPointExtension>
            <ns3:hr>152</ns3:hr>
          </ns3:TrackPointExtension>
        </extensions>
      </trkpt>
      <trkpt lat="46.8333416618406772613525390625" lon="17.19099129550158977508544921875">
        <ele>126.1999969482421875</ele>
        <time>2024-07-24T11:33:35.000Z</time>
        <extensions>
          <ns3:TrackPointExtension>
            <ns3:hr>152</ns3:hr>
          </ns3:TrackPointExtension>
        </extensions>
      </trkpt>
      <trkpt lat="46.83335448615252971649169921875" lon="17.19101845286786556243896484375">
        <ele>126</ele>
        <time>2024-07-24T11:33:37.000Z</time>
        <extensions>
          <ns3:TrackPointExtension>
            <ns3:hr>151</ns3:hr>
          </ns3:TrackPointExtension>
        </extensions>
      </trkpt>
      <trkpt lat="46.83342958800494670867919921875" lon="17.19113613478839397430419921875">
        <ele>126</ele>
        <time>2024-07-24T11:33:46.000Z</time>
        <extensions>
          <ns3:TrackPointExtension>
            <ns3:hr>150</ns3:hr>
          </ns3:TrackPointExtension>
        </extensions>
      </trkpt>
      <trkpt lat="46.83350770734250545501708984375" lon="17.191254235804080963134765625">
        <ele>125.40000152587890625</ele>
        <time>2024-07-24T11:33:56.000Z</time>
        <extensions>
          <ns3:TrackPointExtension>
            <ns3:hr>148</ns3:hr>
          </ns3:TrackPointExtension>
        </extensions>
      </trkpt>
      <trkpt lat="46.83355313725769519805908203125" lon="17.19132120721042156219482421875">
        <ele>125</ele>
        <time>2024-07-24T11:34:02.000Z</time>
        <extensions>
          <ns3:TrackPointExtension>
            <ns3:hr>145</ns3:hr>
          </ns3:TrackPointExtension>
        </extensions>
      </trkpt>
      <trkpt lat="46.83356973342597484588623046875" lon="17.19135381281375885009765625">
        <ele>124.8000030517578125</ele>
        <time>2024-07-24T11:34:05.000Z</time>
        <extensions>
          <ns3:TrackPointExtension>
            <ns3:hr>142</ns3:hr>
          </ns3:TrackPointExtension>
        </extensions>
      </trkpt>
      <trkpt lat="46.83358230628073215484619140625" lon="17.19138205982744693756103515625">
        <ele>124.59999847412109375</ele>
        <time>2024-07-24T11:34:11.000Z</time>
        <extensions>
          <ns3:TrackPointExtension>
            <ns3:hr>139</ns3:hr>
          </ns3:TrackPointExtension>
        </extensions>
      </trkpt>
      <trkpt lat="46.8335619382560253143310546875" lon="17.191444672644138336181640625">
        <ele>124.59999847412109375</ele>
        <time>2024-07-24T11:34:18.000Z</time>
        <extensions>
          <ns3:TrackPointExtension>
            <ns3:hr>139</ns3:hr>
          </ns3:TrackPointExtension>
        </extensions>
      </trkpt>
      <trkpt lat="46.8335347808897495269775390625" lon="17.19149253331124782562255859375">
        <ele>124.59999847412109375</ele>
        <time>2024-07-24T11:34:24.000Z</time>
        <extensions>
          <ns3:TrackPointExtension>
            <ns3:hr>141</ns3:hr>
          </ns3:TrackPointExtension>
        </extensions>
      </trkpt>
      <trkpt lat="46.8335280753672122955322265625" lon="17.1915020048618316650390625">
        <ele>124.59999847412109375</ele>
        <time>2024-07-24T11:34:28.000Z</time>
        <extensions>
          <ns3:TrackPointExtension>
            <ns3:hr>145</ns3:hr>
          </ns3:TrackPointExtension>
        </extensions>
      </trkpt>
      <trkpt lat="46.8335173465311527252197265625" lon="17.19151818193495273590087890625">
        <ele>124.59999847412109375</ele>
        <time>2024-07-24T11:34:31.000Z</time>
        <extensions>
          <ns3:TrackPointExtension>
            <ns3:hr>146</ns3:hr>
          </ns3:TrackPointExtension>
        </extensions>
      </trkpt>
      <trkpt lat="46.833457835018634796142578125" lon="17.19161256216466426849365234375">
        <ele>124.8000030517578125</ele>
        <time>2024-07-24T11:34:38.000Z</time>
        <extensions>
          <ns3:TrackPointExtension>
            <ns3:hr>146</ns3:hr>
          </ns3:TrackPointExtension>
        </extensions>
      </trkpt>
      <trkpt lat="46.833366639912128448486328125" lon="17.1917442418634891510009765625">
        <ele>124.1999969482421875</ele>
        <time>2024-07-24T11:34:48.000Z</time>
        <extensions>
          <ns3:TrackPointExtension>
            <ns3:hr>143</ns3:hr>
          </ns3:TrackPointExtension>
        </extensions>
      </trkpt>
      <trkpt lat="46.83335532434284687042236328125" lon="17.1917653642594814300537109375">
        <ele>124</ele>
        <time>2024-07-24T11:34:50.000Z</time>
        <extensions>
          <ns3:TrackPointExtension>
            <ns3:hr>143</ns3:hr>
          </ns3:TrackPointExtension>
        </extensions>
      </trkpt>
      <trkpt lat="46.83330168016254901885986328125" lon="17.19186334870755672454833984375">
        <ele>124</ele>
        <time>2024-07-24T11:34:58.000Z</time>
        <extensions>
          <ns3:TrackPointExtension>
            <ns3:hr>142</ns3:hr>
          </ns3:TrackPointExtension>
        </extensions>
      </trkpt>
      <trkpt lat="46.833208389580249786376953125" lon="17.19196426682174205780029296875">
        <ele>123.8000030517578125</ele>
        <time>2024-07-24T11:35:06.000Z</time>
        <extensions>
          <ns3:TrackPointExtension>
            <ns3:hr>139</ns3:hr>
          </ns3:TrackPointExtension>
        </extensions>
      </trkpt>
      <trkpt lat="46.8331813998520374298095703125" lon="17.1920003928244113922119140625">
        <ele>123.8000030517578125</ele>
        <time>2024-07-24T11:35:09.000Z</time>
        <extensions>
          <ns3:TrackPointExtension>
            <ns3:hr>138</ns3:hr>
          </ns3:TrackPointExtension>
        </extensions>
      </trkpt>
      <trkpt lat="46.83304385282099246978759765625" lon="17.19216727651655673980712890625">
        <ele>123.8000030517578125</ele>
        <time>2024-07-24T11:35:22.000Z</time>
        <extensions>
          <ns3:TrackPointExtension>
            <ns3:hr>139</ns3:hr>
          </ns3:TrackPointExtension>
        </extensions>
      </trkpt>
      <trkpt lat="46.83299289084970951080322265625" lon="17.1922449767589569091796875">
        <ele>123.59999847412109375</ele>
        <time>2024-07-24T11:35:29.000Z</time>
        <extensions>
          <ns3:TrackPointExtension>
            <ns3:hr>138</ns3:hr>
          </ns3:TrackPointExtension>
        </extensions>
      </trkpt>
      <trkpt lat="46.832873784005641937255859375" lon="17.1923956833779811859130859375">
        <ele>123</ele>
        <time>2024-07-24T11:35:41.000Z</time>
        <extensions>
          <ns3:TrackPointExtension>
            <ns3:hr>137</ns3:hr>
          </ns3:TrackPointExtension>
        </extensions>
      </trkpt>
      <trkpt lat="46.83277177624404430389404296875" lon="17.1925267763435840606689453125">
        <ele>123</ele>
        <time>2024-07-24T11:35:51.000Z</time>
        <extensions>
          <ns3:TrackPointExtension>
            <ns3:hr>139</ns3:hr>
          </ns3:TrackPointExtension>
        </extensions>
      </trkpt>
      <trkpt lat="46.83275802992284297943115234375" lon="17.19255133531987667083740234375">
        <ele>123</ele>
        <time>2024-07-24T11:35:53.000Z</time>
        <extensions>
          <ns3:TrackPointExtension>
            <ns3:hr>136</ns3:hr>
          </ns3:TrackPointExtension>
        </extensions>
      </trkpt>
      <trkpt lat="46.832681000232696533203125" lon="17.19265476800501346588134765625">
        <ele>123</ele>
        <time>2024-07-24T11:36:01.000Z</time>
        <extensions>
          <ns3:TrackPointExtension>
            <ns3:hr>137</ns3:hr>
          </ns3:TrackPointExtension>
        </extensions>
      </trkpt>
      <trkpt lat="46.83258720673620700836181640625" lon="17.19279273413121700286865234375">
        <ele>122.59999847412109375</ele>
        <time>2024-07-24T11:36:11.000Z</time>
        <extensions>
          <ns3:TrackPointExtension>
            <ns3:hr>138</ns3:hr>
          </ns3:TrackPointExtension>
        </extensions>
      </trkpt>
      <trkpt lat="46.83248813264071941375732421875" lon="17.1929220668971538543701171875">
        <ele>122.40000152587890625</ele>
        <time>2024-07-24T11:36:20.000Z</time>
        <extensions>
          <ns3:TrackPointExtension>
            <ns3:hr>138</ns3:hr>
          </ns3:TrackPointExtension>
        </extensions>
      </trkpt>
      <trkpt lat="46.83242325671017169952392578125" lon="17.1930032037198543548583984375">
        <ele>122.59999847412109375</ele>
        <time>2024-07-24T11:36:27.000Z</time>
        <extensions>
          <ns3:TrackPointExtension>
            <ns3:hr>138</ns3:hr>
          </ns3:TrackPointExtension>
        </extensions>
      </trkpt>
      <trkpt lat="46.83238520286977291107177734375" lon="17.19305877573788166046142578125">
        <ele>122.59999847412109375</ele>
        <time>2024-07-24T11:36:32.000Z</time>
        <extensions>
          <ns3:TrackPointExtension>
            <ns3:hr>135</ns3:hr>
          </ns3:TrackPointExtension>
        </extensions>
      </trkpt>
      <trkpt lat="46.8323385156691074371337890625" lon="17.1931155212223529815673828125">
        <ele>122.40000152587890625</ele>
        <time>2024-07-24T11:36:38.000Z</time>
        <extensions>
          <ns3:TrackPointExtension>
            <ns3:hr>135</ns3:hr>
          </ns3:TrackPointExtension>
        </extensions>
      </trkpt>
      <trkpt lat="46.83229937218129634857177734375" lon="17.1931651420891284942626953125">
        <ele>122.1999969482421875</ele>
        <time>2024-07-24T11:36:42.000Z</time>
        <extensions>
          <ns3:TrackPointExtension>
            <ns3:hr>132</ns3:hr>
          </ns3:TrackPointExtension>
        </extensions>
      </trkpt>
      <trkpt lat="46.8322778306901454925537109375" lon="17.19319255091249942779541015625">
        <ele>122.1999969482421875</ele>
        <time>2024-07-24T11:36:44.000Z</time>
        <extensions>
          <ns3:TrackPointExtension>
            <ns3:hr>133</ns3:hr>
          </ns3:TrackPointExtension>
        </extensions>
      </trkpt>
      <trkpt lat="46.83217045851051807403564453125" lon="17.19331408850848674774169921875">
        <ele>122.59999847412109375</ele>
        <time>2024-07-24T11:36:55.000Z</time>
        <extensions>
          <ns3:TrackPointExtension>
            <ns3:hr>134</ns3:hr>
          </ns3:TrackPointExtension>
        </extensions>
      </trkpt>
      <trkpt lat="46.8320428021252155303955078125" lon="17.1934707462787628173828125">
        <ele>123</ele>
        <time>2024-07-24T11:37:07.000Z</time>
        <extensions>
          <ns3:TrackPointExtension>
            <ns3:hr>133</ns3:hr>
          </ns3:TrackPointExtension>
        </extensions>
      </trkpt>
      <trkpt lat="46.8319194205105304718017578125" lon="17.19359613955020904541015625">
        <ele>123</ele>
        <time>2024-07-24T11:37:18.000Z</time>
        <extensions>
          <ns3:TrackPointExtension>
            <ns3:hr>134</ns3:hr>
          </ns3:TrackPointExtension>
        </extensions>
      </trkpt>
      <trkpt lat="46.8318107910454273223876953125" lon="17.19370870850980281829833984375">
        <ele>123</ele>
        <time>2024-07-24T11:37:29.000Z</time>
        <extensions>
          <ns3:TrackPointExtension>
            <ns3:hr>135</ns3:hr>
          </ns3:TrackPointExtension>
        </extensions>
      </trkpt>
      <trkpt lat="46.83166737668216228485107421875" lon="17.193872742354869842529296875">
        <ele>123</ele>
        <time>2024-07-24T11:37:43.000Z</time>
        <extensions>
          <ns3:TrackPointExtension>
            <ns3:hr>136</ns3:hr>
          </ns3:TrackPointExtension>
        </extensions>
      </trkpt>
      <trkpt lat="46.83165949769318103790283203125" lon="17.19388355500996112823486328125">
        <ele>123</ele>
        <time>2024-07-24T11:37:44.000Z</time>
        <extensions>
          <ns3:TrackPointExtension>
            <ns3:hr>136</ns3:hr>
          </ns3:TrackPointExtension>
        </extensions>
      </trkpt>
      <trkpt lat="46.8315710686147212982177734375" lon="17.19401322305202484130859375">
        <ele>123</ele>
        <time>2024-07-24T11:37:53.000Z</time>
        <extensions>
          <ns3:TrackPointExtension>
            <ns3:hr>137</ns3:hr>
          </ns3:TrackPointExtension>
        </extensions>
      </trkpt>
      <trkpt lat="46.83144475333392620086669921875" lon="17.19415781088173389434814453125">
        <ele>123</ele>
        <time>2024-07-24T11:38:06.000Z</time>
        <extensions>
          <ns3:TrackPointExtension>
            <ns3:hr>140</ns3:hr>
          </ns3:TrackPointExtension>
        </extensions>
      </trkpt>
      <trkpt lat="46.831396557390689849853515625" lon="17.19423173926770687103271484375">
        <ele>123</ele>
        <time>2024-07-24T11:38:11.000Z</time>
        <extensions>
          <ns3:TrackPointExtension>
            <ns3:hr>142</ns3:hr>
          </ns3:TrackPointExtension>
        </extensions>
      </trkpt>
      <trkpt lat="46.83137141168117523193359375" lon="17.1942789293825626373291015625">
        <ele>123</ele>
        <time>2024-07-24T11:38:15.000Z</time>
        <extensions>
          <ns3:TrackPointExtension>
            <ns3:hr>142</ns3:hr>
          </ns3:TrackPointExtension>
        </extensions>
      </trkpt>
      <trkpt lat="46.83124509640038013458251953125" lon="17.19443391077220439910888671875">
        <ele>123.1999969482421875</ele>
        <time>2024-07-24T11:38:28.000Z</time>
        <extensions>
          <ns3:TrackPointExtension>
            <ns3:hr>140</ns3:hr>
          </ns3:TrackPointExtension>
        </extensions>
      </trkpt>
      <trkpt lat="46.831151805818080902099609375" lon="17.19454430043697357177734375">
        <ele>123.8000030517578125</ele>
        <time>2024-07-24T11:38:38.000Z</time>
        <extensions>
          <ns3:TrackPointExtension>
            <ns3:hr>139</ns3:hr>
          </ns3:TrackPointExtension>
        </extensions>
      </trkpt>
      <trkpt lat="46.83110076002776622772216796875" lon="17.1946108527481555938720703125">
        <ele>124</ele>
        <time>2024-07-24T11:38:43.000Z</time>
        <extensions>
          <ns3:TrackPointExtension>
            <ns3:hr>136</ns3:hr>
          </ns3:TrackPointExtension>
        </extensions>
      </trkpt>
      <trkpt lat="46.8310413323342800140380859375" lon="17.19469475559890270233154296875">
        <ele>124.1999969482421875</ele>
        <time>2024-07-24T11:38:50.000Z</time>
        <extensions>
          <ns3:TrackPointExtension>
            <ns3:hr>137</ns3:hr>
          </ns3:TrackPointExtension>
        </extensions>
      </trkpt>
      <trkpt lat="46.83095340617001056671142578125" lon="17.194820232689380645751953125">
        <ele>124.1999969482421875</ele>
        <time>2024-07-24T11:39:01.000Z</time>
        <extensions>
          <ns3:TrackPointExtension>
            <ns3:hr>139</ns3:hr>
          </ns3:TrackPointExtension>
        </extensions>
      </trkpt>
      <trkpt lat="46.830869503319263458251953125" lon="17.194935567677021026611328125">
        <ele>124</ele>
        <time>2024-07-24T11:39:11.000Z</time>
        <extensions>
          <ns3:TrackPointExtension>
            <ns3:hr>139</ns3:hr>
          </ns3:TrackPointExtension>
        </extensions>
      </trkpt>
      <trkpt lat="46.83076397515833377838134765625" lon="17.1950758807361125946044921875">
        <ele>124</ele>
        <time>2024-07-24T11:39:22.000Z</time>
        <extensions>
          <ns3:TrackPointExtension>
            <ns3:hr>137</ns3:hr>
          </ns3:TrackPointExtension>
        </extensions>
      </trkpt>
      <trkpt lat="46.83069105260074138641357421875" lon="17.19519741833209991455078125">
        <ele>124</ele>
        <time>2024-07-24T11:39:32.000Z</time>
        <extensions>
          <ns3:TrackPointExtension>
            <ns3:hr>136</ns3:hr>
          </ns3:TrackPointExtension>
        </extensions>
      </trkpt>
      <trkpt lat="46.8305997736752033233642578125" lon="17.195328176021575927734375">
        <ele>124</ele>
        <time>2024-07-24T11:39:42.000Z</time>
        <extensions>
          <ns3:TrackPointExtension>
            <ns3:hr>137</ns3:hr>
          </ns3:TrackPointExtension>
        </extensions>
      </trkpt>
      <trkpt lat="46.830574460327625274658203125" lon="17.19536396674811840057373046875">
        <ele>124</ele>
        <time>2024-07-24T11:39:46.000Z</time>
        <extensions>
          <ns3:TrackPointExtension>
            <ns3:hr>138</ns3:hr>
          </ns3:TrackPointExtension>
        </extensions>
      </trkpt>
      <trkpt lat="46.8305726163089275360107421875" lon="17.1954010985791683197021484375">
        <ele>124</ele>
        <time>2024-07-24T11:39:48.000Z</time>
        <extensions>
          <ns3:TrackPointExtension>
            <ns3:hr>138</ns3:hr>
          </ns3:TrackPointExtension>
        </extensions>
      </trkpt>
      <trkpt lat="46.830573789775371551513671875" lon="17.1954242326319217681884765625">
        <ele>124</ele>
        <time>2024-07-24T11:39:49.000Z</time>
        <extensions>
          <ns3:TrackPointExtension>
            <ns3:hr>138</ns3:hr>
          </ns3:TrackPointExtension>
        </extensions>
      </trkpt>
      <trkpt lat="46.83051771484315395355224609375" lon="17.19556488096714019775390625">
        <ele>124</ele>
        <time>2024-07-24T11:39:57.000Z</time>
        <extensions>
          <ns3:TrackPointExtension>
            <ns3:hr>137</ns3:hr>
          </ns3:TrackPointExtension>
        </extensions>
      </trkpt>
      <trkpt lat="46.83041696436703205108642578125" lon="17.1956797130405902862548828125">
        <ele>124.59999847412109375</ele>
        <time>2024-07-24T11:40:06.000Z</time>
        <extensions>
          <ns3:TrackPointExtension>
            <ns3:hr>138</ns3:hr>
          </ns3:TrackPointExtension>
        </extensions>
      </trkpt>
      <trkpt lat="46.8303151242434978485107421875" lon="17.19581357203423976898193359375">
        <ele>124.8000030517578125</ele>
        <time>2024-07-24T11:40:18.000Z</time>
        <extensions>
          <ns3:TrackPointExtension>
            <ns3:hr>137</ns3:hr>
          </ns3:TrackPointExtension>
        </extensions>
      </trkpt>
      <trkpt lat="46.8302162177860736846923828125" lon="17.19591817818582057952880859375">
        <ele>124.59999847412109375</ele>
        <time>2024-07-24T11:40:27.000Z</time>
        <extensions>
          <ns3:TrackPointExtension>
            <ns3:hr>139</ns3:hr>
          </ns3:TrackPointExtension>
        </extensions>
      </trkpt>
      <trkpt lat="46.8301226757466793060302734375" lon="17.1960456669330596923828125">
        <ele>125</ele>
        <time>2024-07-24T11:40:37.000Z</time>
        <extensions>
          <ns3:TrackPointExtension>
            <ns3:hr>138</ns3:hr>
          </ns3:TrackPointExtension>
        </extensions>
      </trkpt>
      <trkpt lat="46.83008789084851741790771484375" lon="17.19608481042087078094482421875">
        <ele>125</ele>
        <time>2024-07-24T11:40:40.000Z</time>
        <extensions>
          <ns3:TrackPointExtension>
            <ns3:hr>138</ns3:hr>
          </ns3:TrackPointExtension>
        </extensions>
      </trkpt>
      <trkpt lat="46.83004346676170825958251953125" lon="17.1961393766105175018310546875">
        <ele>124.8000030517578125</ele>
        <time>2024-07-24T11:40:45.000Z</time>
        <extensions>
          <ns3:TrackPointExtension>
            <ns3:hr>134</ns3:hr>
          </ns3:TrackPointExtension>
        </extensions>
      </trkpt>
      <trkpt lat="46.83000616729259490966796875" lon="17.19619276933372020721435546875">
        <ele>124.59999847412109375</ele>
        <time>2024-07-24T11:40:50.000Z</time>
        <extensions>
          <ns3:TrackPointExtension>
            <ns3:hr>135</ns3:hr>
          </ns3:TrackPointExtension>
        </extensions>
      </trkpt>
      <trkpt lat="46.8298698775470256805419921875" lon="17.1963660232722759246826171875">
        <ele>125</ele>
        <time>2024-07-24T11:41:03.000Z</time>
        <extensions>
          <ns3:TrackPointExtension>
            <ns3:hr>137</ns3:hr>
          </ns3:TrackPointExtension>
        </extensions>
      </trkpt>
      <trkpt lat="46.8298055045306682586669921875" lon="17.1964786760509014129638671875">
        <ele>125</ele>
        <time>2024-07-24T11:41:12.000Z</time>
        <extensions>
          <ns3:TrackPointExtension>
            <ns3:hr>139</ns3:hr>
          </ns3:TrackPointExtension>
        </extensions>
      </trkpt>
      <trkpt lat="46.82969679124653339385986328125" lon="17.19660222530364990234375">
        <ele>124.59999847412109375</ele>
        <time>2024-07-24T11:41:22.000Z</time>
        <extensions>
          <ns3:TrackPointExtension>
            <ns3:hr>138</ns3:hr>
          </ns3:TrackPointExtension>
        </extensions>
      </trkpt>
      <trkpt lat="46.82967466302216053009033203125" lon="17.19663147814571857452392578125">
        <ele>124.40000152587890625</ele>
        <time>2024-07-24T11:41:24.000Z</time>
        <extensions>
          <ns3:TrackPointExtension>
            <ns3:hr>141</ns3:hr>
          </ns3:TrackPointExtension>
        </extensions>
      </trkpt>
      <trkpt lat="46.82966242544353008270263671875" lon="17.19664807431399822235107421875">
        <ele>124.40000152587890625</ele>
        <time>2024-07-24T11:41:26.000Z</time>
        <extensions>
          <ns3:TrackPointExtension>
            <ns3:hr>138</ns3:hr>
          </ns3:TrackPointExtension>
        </extensions>
      </trkpt>
      <trkpt lat="46.829618252813816070556640625" lon="17.19671630300581455230712890625">
        <ele>124.1999969482421875</ele>
        <time>2024-07-24T11:41:32.000Z</time>
        <extensions>
          <ns3:TrackPointExtension>
            <ns3:hr>137</ns3:hr>
          </ns3:TrackPointExtension>
        </extensions>
      </trkpt>
      <trkpt lat="46.82950727641582489013671875" lon="17.19684974290430545806884765625">
        <ele>123.8000030517578125</ele>
        <time>2024-07-24T11:41:43.000Z</time>
        <extensions>
          <ns3:TrackPointExtension>
            <ns3:hr>138</ns3:hr>
          </ns3:TrackPointExtension>
        </extensions>
      </trkpt>
      <trkpt lat="46.8294058553874492645263671875" lon="17.19697463326156139373779296875">
        <ele>123.59999847412109375</ele>
        <time>2024-07-24T11:41:54.000Z</time>
        <extensions>
          <ns3:TrackPointExtension>
            <ns3:hr>135</ns3:hr>
          </ns3:TrackPointExtension>
        </extensions>
      </trkpt>
      <trkpt lat="46.82939806021749973297119140625" lon="17.19698267988860607147216796875">
        <ele>123.59999847412109375</ele>
        <time>2024-07-24T11:41:55.000Z</time>
        <extensions>
          <ns3:TrackPointExtension>
            <ns3:hr>133</ns3:hr>
          </ns3:TrackPointExtension>
        </extensions>
      </trkpt>
      <trkpt lat="46.82931658811867237091064453125" lon="17.197100110352039337158203125">
        <ele>123.1999969482421875</ele>
        <time>2024-07-24T11:42:05.000Z</time>
        <extensions>
          <ns3:TrackPointExtension>
            <ns3:hr>136</ns3:hr>
          </ns3:TrackPointExtension>
        </extensions>
      </trkpt>
      <trkpt lat="46.829279959201812744140625" lon="17.1971374936401844024658203125">
        <ele>123</ele>
        <time>2024-07-24T11:42:08.000Z</time>
        <extensions>
          <ns3:TrackPointExtension>
            <ns3:hr>137</ns3:hr>
          </ns3:TrackPointExtension>
        </extensions>
      </trkpt>
      <trkpt lat="46.8292020075023174285888671875" lon="17.19724335707724094390869140625">
        <ele>122.8000030517578125</ele>
        <time>2024-07-24T11:42:17.000Z</time>
        <extensions>
          <ns3:TrackPointExtension>
            <ns3:hr>138</ns3:hr>
          </ns3:TrackPointExtension>
        </extensions>
      </trkpt>
      <trkpt lat="46.829188764095306396484375" lon="17.19726548530161380767822265625">
        <ele>122.8000030517578125</ele>
        <time>2024-07-24T11:42:20.000Z</time>
        <extensions>
          <ns3:TrackPointExtension>
            <ns3:hr>138</ns3:hr>
          </ns3:TrackPointExtension>
        </extensions>
      </trkpt>
      <trkpt lat="46.8291875906288623809814453125" lon="17.19727470539510250091552734375">
        <ele>122.8000030517578125</ele>
        <time>2024-07-24T11:42:23.000Z</time>
        <extensions>
          <ns3:TrackPointExtension>
            <ns3:hr>138</ns3:hr>
          </ns3:TrackPointExtension>
        </extensions>
      </trkpt>
      <trkpt lat="46.82915833778679370880126953125" lon="17.1972848474979400634765625">
        <ele>122.59999847412109375</ele>
        <time>2024-07-24T11:42:37.000Z</time>
        <extensions>
          <ns3:TrackPointExtension>
            <ns3:hr>137</ns3:hr>
          </ns3:TrackPointExtension>
        </extensions>
      </trkpt>
      <trkpt lat="46.82910838164389133453369140625" lon="17.197339832782745361328125">
        <ele>122.40000152587890625</ele>
        <time>2024-07-24T11:42:43.000Z</time>
        <extensions>
          <ns3:TrackPointExtension>
            <ns3:hr>139</ns3:hr>
          </ns3:TrackPointExtension>
        </extensions>
      </trkpt>
      <trkpt lat="46.82910352014005184173583984375" lon="17.197340168058872222900390625">
        <ele>122.40000152587890625</ele>
        <time>2024-07-24T11:42:48.000Z</time>
        <extensions>
          <ns3:TrackPointExtension>
            <ns3:hr>141</ns3:hr>
          </ns3:TrackPointExtension>
        </extensions>
      </trkpt>
      <trkpt lat="46.82909916155040264129638671875" lon="17.19735165126621723175048828125">
        <ele>122.40000152587890625</ele>
        <time>2024-07-24T11:42:54.000Z</time>
        <extensions>
          <ns3:TrackPointExtension>
            <ns3:hr>144</ns3:hr>
          </ns3:TrackPointExtension>
        </extensions>
      </trkpt>
      <trkpt lat="46.82907401584088802337646484375" lon="17.197383083403110504150390625">
        <ele>122.40000152587890625</ele>
        <time>2024-07-24T11:42:57.000Z</time>
        <extensions>
          <ns3:TrackPointExtension>
            <ns3:hr>144</ns3:hr>
          </ns3:TrackPointExtension>
        </extensions>
      </trkpt>
      <trkpt lat="46.82897661812603473663330078125" lon="17.19750202260911464691162109375">
        <ele>122.40000152587890625</ele>
        <time>2024-07-24T11:43:08.000Z</time>
        <extensions>
          <ns3:TrackPointExtension>
            <ns3:hr>141</ns3:hr>
          </ns3:TrackPointExtension>
        </extensions>
      </trkpt>
      <trkpt lat="46.8289431743323802947998046875" lon="17.19754359684884548187255859375">
        <ele>122.40000152587890625</ele>
        <time>2024-07-24T11:43:11.000Z</time>
        <extensions>
          <ns3:TrackPointExtension>
            <ns3:hr>140</ns3:hr>
          </ns3:TrackPointExtension>
        </extensions>
      </trkpt>
      <trkpt lat="46.82890604250133037567138671875" lon="17.1976239793002605438232421875">
        <ele>122.8000030517578125</ele>
        <time>2024-07-24T11:43:18.000Z</time>
        <extensions>
          <ns3:TrackPointExtension>
            <ns3:hr>138</ns3:hr>
          </ns3:TrackPointExtension>
        </extensions>
      </trkpt>
      <trkpt lat="46.828905455768108367919921875" lon="17.19763915054500102996826171875">
        <ele>122.8000030517578125</ele>
        <time>2024-07-24T11:43:19.000Z</time>
        <extensions>
          <ns3:TrackPointExtension>
            <ns3:hr>138</ns3:hr>
          </ns3:TrackPointExtension>
        </extensions>
      </trkpt>
      <trkpt lat="46.828902773559093475341796875" lon="17.197719700634479522705078125">
        <ele>123</ele>
        <time>2024-07-24T11:43:26.000Z</time>
        <extensions>
          <ns3:TrackPointExtension>
            <ns3:hr>135</ns3:hr>
          </ns3:TrackPointExtension>
        </extensions>
      </trkpt>
      <trkpt lat="46.82890369556844234466552734375" lon="17.1977205388247966766357421875">
        <ele>123</ele>
        <time>2024-07-24T11:43:27.000Z</time>
        <extensions>
          <ns3:TrackPointExtension>
            <ns3:hr>135</ns3:hr>
          </ns3:TrackPointExtension>
        </extensions>
      </trkpt>
      <trkpt lat="46.82890201918780803680419921875" lon="17.1977247297763824462890625">
        <ele>123.1999969482421875</ele>
        <time>2024-07-24T11:43:35.000Z</time>
        <extensions>
          <ns3:TrackPointExtension>
            <ns3:hr>135</ns3:hr>
          </ns3:TrackPointExtension>
        </extensions>
      </trkpt>
      <trkpt lat="46.8288798071444034576416015625" lon="17.197711654007434844970703125">
        <ele>123</ele>
        <time>2024-07-24T11:44:45.000Z</time>
        <extensions>
          <ns3:TrackPointExtension>
            <ns3:hr>138</ns3:hr>
          </ns3:TrackPointExtension>
        </extensions>
      </trkpt>
      <trkpt lat="46.8288704194128513336181640625" lon="17.19770352356135845184326171875">
        <ele>123</ele>
        <time>2024-07-24T11:44:53.000Z</time>
        <extensions>
          <ns3:TrackPointExtension>
            <ns3:hr>135</ns3:hr>
          </ns3:TrackPointExtension>
        </extensions>
      </trkpt>
      <trkpt lat="46.82886748574674129486083984375" lon="17.1977000869810581207275390625">
        <ele>123</ele>
        <time>2024-07-24T11:45:11.000Z</time>
        <extensions>
          <ns3:TrackPointExtension>
            <ns3:hr>138</ns3:hr>
          </ns3:TrackPointExtension>
        </extensions>
      </trkpt>
      <trkpt lat="46.82887519709765911102294921875" lon="17.1977010928094387054443359375">
        <ele>123</ele>
        <time>2024-07-24T11:45:28.000Z</time>
        <extensions>
          <ns3:TrackPointExtension>
            <ns3:hr>141</ns3:hr>
          </ns3:TrackPointExtension>
        </extensions>
      </trkpt>
      <trkpt lat="46.82888022623956203460693359375" lon="17.19770922325551509857177734375">
        <ele>123</ele>
        <time>2024-07-24T11:46:15.000Z</time>
        <extensions>
          <ns3:TrackPointExtension>
            <ns3:hr>144</ns3:hr>
          </ns3:TrackPointExtension>
        </extensions>
      </trkpt>
      <trkpt lat="46.8288821540772914886474609375" lon="17.19770821742713451385498046875">
        <ele>123</ele>
        <time>2024-07-24T11:46:49.000Z</time>
        <extensions>
          <ns3:TrackPointExtension>
            <ns3:hr>141</ns3:hr>
          </ns3:TrackPointExtension>
        </extensions>
      </trkpt>
      <trkpt lat="46.828882656991481781005859375" lon="17.197708301246166229248046875">
        <ele>123</ele>
        <time>2024-07-24T11:47:00.000Z</time>
        <extensions>
          <ns3:TrackPointExtension>
            <ns3:hr>138</ns3:hr>
          </ns3:TrackPointExtension>
        </extensions>
      </trkpt>
      <trkpt lat="46.82888274081051349639892578125" lon="17.1977088041603565216064453125">
        <ele>123</ele>
        <time>2024-07-24T11:47:08.000Z</time>
        <extensions>
          <ns3:TrackPointExtension>
            <ns3:hr>135</ns3:hr>
          </ns3:TrackPointExtension>
        </extensions>
      </trkpt>
      <trkpt lat="46.82888290844857692718505859375" lon="17.197708971798419952392578125">
        <ele>123</ele>
        <time>2024-07-24T11:47:15.000Z</time>
        <extensions>
          <ns3:TrackPointExtension>
            <ns3:hr>132</ns3:hr>
          </ns3:TrackPointExtension>
        </extensions>
      </trkpt>
      <trkpt lat="46.82888341136276721954345703125" lon="17.19771064817905426025390625">
        <ele>123</ele>
        <time>2024-07-24T11:47:47.000Z</time>
        <extensions>
          <ns3:TrackPointExtension>
            <ns3:hr>135</ns3:hr>
          </ns3:TrackPointExtension>
        </extensions>
      </trkpt>
      <trkpt lat="46.82888374663889408111572265625" lon="17.1977111510932445526123046875">
        <ele>123</ele>
        <time>2024-07-24T11:47:53.000Z</time>
        <extensions>
          <ns3:TrackPointExtension>
            <ns3:hr>136</ns3:hr>
          </ns3:TrackPointExtension>
        </extensions>
      </trkpt>
      <trkpt lat="46.82888366281986236572265625" lon="17.19771207310259342193603515625">
        <ele>123</ele>
        <time>2024-07-24T11:48:10.000Z</time>
        <extensions>
          <ns3:TrackPointExtension>
            <ns3:hr>139</ns3:hr>
          </ns3:TrackPointExtension>
        </extensions>
      </trkpt>
      <trkpt lat="46.82888374663889408111572265625" lon="17.1977121569216251373291015625">
        <ele>123</ele>
        <time>2024-07-24T11:48:15.000Z</time>
        <extensions>
          <ns3:TrackPointExtension>
            <ns3:hr>142</ns3:hr>
          </ns3:TrackPointExtension>
        </extensions>
      </trkpt>
      <trkpt lat="46.828883998095989227294921875" lon="17.19771207310259342193603515625">
        <ele>123</ele>
        <time>2024-07-24T11:48:31.000Z</time>
        <extensions>
          <ns3:TrackPointExtension>
            <ns3:hr>139</ns3:hr>
          </ns3:TrackPointExtension>
        </extensions>
      </trkpt>
      <trkpt lat="46.82888458482921123504638671875" lon="17.19771291129291057586669921875">
        <ele>123</ele>
        <time>2024-07-24T11:49:09.000Z</time>
        <extensions>
          <ns3:TrackPointExtension>
            <ns3:hr>142</ns3:hr>
          </ns3:TrackPointExtension>
        </extensions>
      </trkpt>
      <trkpt lat="46.82888492010533809661865234375" lon="17.1977131627500057220458984375">
        <ele>123</ele>
        <time>2024-07-24T11:49:55.000Z</time>
        <extensions>
          <ns3:TrackPointExtension>
            <ns3:hr>139</ns3:hr>
          </ns3:TrackPointExtension>
        </extensions>
      </trkpt>
      <trkpt lat="46.82888492010533809661865234375" lon="17.1977131627500057220458984375">
        <ele>123</ele>
        <time>2024-07-24T11:49:59.000Z</time>
        <extensions>
          <ns3:TrackPointExtension>
            <ns3:hr>136</ns3:hr>
          </ns3:TrackPointExtension>
        </extensions>
      </trkpt>
      <trkpt lat="46.82888475246727466583251953125" lon="17.1977131627500057220458984375">
        <ele>123</ele>
        <time>2024-07-24T11:50:03.000Z</time>
        <extensions>
          <ns3:TrackPointExtension>
            <ns3:hr>133</ns3:hr>
          </ns3:TrackPointExtension>
        </extensions>
      </trkpt>
      <trkpt lat="46.82891744188964366912841796875" lon="17.197744846343994140625">
        <ele>123.1999969482421875</ele>
        <time>2024-07-24T11:50:18.000Z</time>
        <extensions>
          <ns3:TrackPointExtension>
            <ns3:hr>135</ns3:hr>
          </ns3:TrackPointExtension>
        </extensions>
      </trkpt>
      <trkpt lat="46.82900629006326198577880859375" lon="17.19784182496368885040283203125">
        <ele>123.59999847412109375</ele>
        <time>2024-07-24T11:50:26.000Z</time>
        <extensions>
          <ns3:TrackPointExtension>
            <ns3:hr>136</ns3:hr>
          </ns3:TrackPointExtension>
        </extensions>
      </trkpt>
      <trkpt lat="46.82901483960449695587158203125" lon="17.19785682857036590576171875">
        <ele>123.59999847412109375</ele>
        <time>2024-07-24T11:50:27.000Z</time>
        <extensions>
          <ns3:TrackPointExtension>
            <ns3:hr>136</ns3:hr>
          </ns3:TrackPointExtension>
        </extensions>
      </trkpt>
      <trkpt lat="46.8290662206709384918212890625" lon="17.1979277394711971282958984375">
        <ele>123.8000030517578125</ele>
        <time>2024-07-24T11:50:33.000Z</time>
        <extensions>
          <ns3:TrackPointExtension>
            <ns3:hr>138</ns3:hr>
          </ns3:TrackPointExtension>
        </extensions>
      </trkpt>
      <trkpt lat="46.829152218997478485107421875" lon="17.19792815856635570526123046875">
        <ele>123.8000030517578125</ele>
        <time>2024-07-24T11:50:41.000Z</time>
        <extensions>
          <ns3:TrackPointExtension>
            <ns3:hr>139</ns3:hr>
          </ns3:TrackPointExtension>
        </extensions>
      </trkpt>
      <trkpt lat="46.829167306423187255859375" lon="17.197921536862850189208984375">
        <ele>123.8000030517578125</ele>
        <time>2024-07-24T11:50:43.000Z</time>
        <extensions>
          <ns3:TrackPointExtension>
            <ns3:hr>139</ns3:hr>
          </ns3:TrackPointExtension>
        </extensions>
      </trkpt>
      <trkpt lat="46.82920242659747600555419921875" lon="17.19790770672261714935302734375">
        <ele>123.8000030517578125</ele>
        <time>2024-07-24T11:50:47.000Z</time>
        <extensions>
          <ns3:TrackPointExtension>
            <ns3:hr>139</ns3:hr>
          </ns3:TrackPointExtension>
        </extensions>
      </trkpt>
      <trkpt lat="46.82921583764255046844482421875" lon="17.19789848662912845611572265625">
        <ele>123.8000030517578125</ele>
        <time>2024-07-24T11:50:54.000Z</time>
        <extensions>
          <ns3:TrackPointExtension>
            <ns3:hr>139</ns3:hr>
          </ns3:TrackPointExtension>
        </extensions>
      </trkpt>
      <trkpt lat="46.8292174302041530609130859375" lon="17.19790418632328510284423828125">
        <ele>123.8000030517578125</ele>
        <time>2024-07-24T11:51:03.000Z</time>
        <extensions>
          <ns3:TrackPointExtension>
            <ns3:hr>137</ns3:hr>
          </ns3:TrackPointExtension>
        </extensions>
      </trkpt>
      <trkpt lat="46.8292174302041530609130859375" lon="17.19790418632328510284423828125">
        <ele>123.8000030517578125</ele>
        <time>2024-07-24T11:51:09.000Z</time>
        <extensions>
          <ns3:TrackPointExtension>
            <ns3:hr>134</ns3:hr>
          </ns3:TrackPointExtension>
        </extensions>
      </trkpt>
      <trkpt lat="46.8291728384792804718017578125" lon="17.1979247219860553741455078125">
        <ele>123.8000030517578125</ele>
        <time>2024-07-24T11:51:16.000Z</time>
        <extensions>
          <ns3:TrackPointExtension>
            <ns3:hr>132</ns3:hr>
          </ns3:TrackPointExtension>
        </extensions>
      </trkpt>
      <trkpt lat="46.8291651271283626556396484375" lon="17.1979404799640178680419921875">
        <ele>123.8000030517578125</ele>
        <time>2024-07-24T11:51:17.000Z</time>
        <extensions>
          <ns3:TrackPointExtension>
            <ns3:hr>131</ns3:hr>
          </ns3:TrackPointExtension>
        </extensions>
      </trkpt>
      <trkpt lat="46.82915766723453998565673828125" lon="17.19800141640007495880126953125">
        <ele>124.1999969482421875</ele>
        <time>2024-07-24T11:51:20.000Z</time>
        <extensions>
          <ns3:TrackPointExtension>
            <ns3:hr>129</ns3:hr>
          </ns3:TrackPointExtension>
        </extensions>
      </trkpt>
      <trkpt lat="46.82917476631700992584228515625" lon="17.19805061817169189453125">
        <ele>124.59999847412109375</ele>
        <time>2024-07-24T11:51:23.000Z</time>
        <extensions>
          <ns3:TrackPointExtension>
            <ns3:hr>128</ns3:hr>
          </ns3:TrackPointExtension>
        </extensions>
      </trkpt>
      <trkpt lat="46.82927501387894153594970703125" lon="17.19818481244146823883056640625">
        <ele>125.59999847412109375</ele>
        <time>2024-07-24T11:51:34.000Z</time>
        <extensions>
          <ns3:TrackPointExtension>
            <ns3:hr>128</ns3:hr>
          </ns3:TrackPointExtension>
        </extensions>
      </trkpt>
      <trkpt lat="46.8293689750134944915771484375" lon="17.19830232672393321990966796875">
        <ele>126.59999847412109375</ele>
        <time>2024-07-24T11:51:44.000Z</time>
        <extensions>
          <ns3:TrackPointExtension>
            <ns3:hr>131</ns3:hr>
          </ns3:TrackPointExtension>
        </extensions>
      </trkpt>
      <trkpt lat="46.82939286343753337860107421875" lon="17.1983287297189235687255859375">
        <ele>126.8000030517578125</ele>
        <time>2024-07-24T11:51:46.000Z</time>
        <extensions>
          <ns3:TrackPointExtension>
            <ns3:hr>131</ns3:hr>
          </ns3:TrackPointExtension>
        </extensions>
      </trkpt>
      <trkpt lat="46.829427145421504974365234375" lon="17.19837047159671783447265625">
        <ele>127.40000152587890625</ele>
        <time>2024-07-24T11:51:49.000Z</time>
        <extensions>
          <ns3:TrackPointExtension>
            <ns3:hr>135</ns3:hr>
          </ns3:TrackPointExtension>
        </extensions>
      </trkpt>
      <trkpt lat="46.8294829688966274261474609375" lon="17.1984246186912059783935546875">
        <ele>127.8000030517578125</ele>
        <time>2024-07-24T11:51:54.000Z</time>
        <extensions>
          <ns3:TrackPointExtension>
            <ns3:hr>132</ns3:hr>
          </ns3:TrackPointExtension>
        </extensions>
      </trkpt>
      <trkpt lat="46.829519011080265045166015625" lon="17.198466695845127105712890625">
        <ele>128.399993896484375</ele>
        <time>2024-07-24T11:51:58.000Z</time>
        <extensions>
          <ns3:TrackPointExtension>
            <ns3:hr>129</ns3:hr>
          </ns3:TrackPointExtension>
        </extensions>
      </trkpt>
      <trkpt lat="46.8295282311737537384033203125" lon="17.1984755806624889373779296875">
        <ele>128.399993896484375</ele>
        <time>2024-07-24T11:51:59.000Z</time>
        <extensions>
          <ns3:TrackPointExtension>
            <ns3:hr>129</ns3:hr>
          </ns3:TrackPointExtension>
        </extensions>
      </trkpt>
      <trkpt lat="46.82961012236773967742919921875" lon="17.198541462421417236328125">
        <ele>129.399993896484375</ele>
        <time>2024-07-24T11:52:06.000Z</time>
        <extensions>
          <ns3:TrackPointExtension>
            <ns3:hr>126</ns3:hr>
          </ns3:TrackPointExtension>
        </extensions>
      </trkpt>
      <trkpt lat="46.829668544232845306396484375" lon="17.19860977493226528167724609375">
        <ele>130.399993896484375</ele>
        <time>2024-07-24T11:52:12.000Z</time>
        <extensions>
          <ns3:TrackPointExtension>
            <ns3:hr>126</ns3:hr>
          </ns3:TrackPointExtension>
        </extensions>
      </trkpt>
      <trkpt lat="46.8297371082007884979248046875" lon="17.198676578700542449951171875">
        <ele>131.399993896484375</ele>
        <time>2024-07-24T11:52:18.000Z</time>
        <extensions>
          <ns3:TrackPointExtension>
            <ns3:hr>123</ns3:hr>
          </ns3:TrackPointExtension>
        </extensions>
      </trkpt>
      <trkpt lat="46.82979871518909931182861328125" lon="17.1987387724220752716064453125">
        <ele>132.1999969482421875</ele>
        <time>2024-07-24T11:52:23.000Z</time>
        <extensions>
          <ns3:TrackPointExtension>
            <ns3:hr>122</ns3:hr>
          </ns3:TrackPointExtension>
        </extensions>
      </trkpt>
      <trkpt lat="46.8299062550067901611328125" lon="17.198865003883838653564453125">
        <ele>133.399993896484375</ele>
        <time>2024-07-24T11:52:32.000Z</time>
        <extensions>
          <ns3:TrackPointExtension>
            <ns3:hr>123</ns3:hr>
          </ns3:TrackPointExtension>
        </extensions>
      </trkpt>
      <trkpt lat="46.8299553729593753814697265625" lon="17.198933064937591552734375">
        <ele>133.8000030517578125</ele>
        <time>2024-07-24T11:52:38.000Z</time>
        <extensions>
          <ns3:TrackPointExtension>
            <ns3:hr>127</ns3:hr>
          </ns3:TrackPointExtension>
        </extensions>
      </trkpt>
      <trkpt lat="46.8299652636051177978515625" lon="17.19894555397331714630126953125">
        <ele>134</ele>
        <time>2024-07-24T11:52:39.000Z</time>
        <extensions>
          <ns3:TrackPointExtension>
            <ns3:hr>129</ns3:hr>
          </ns3:TrackPointExtension>
        </extensions>
      </trkpt>
      <trkpt lat="46.8300197459757328033447265625" lon="17.1990250982344150543212890625">
        <ele>134.600006103515625</ele>
        <time>2024-07-24T11:52:46.000Z</time>
        <extensions>
          <ns3:TrackPointExtension>
            <ns3:hr>132</ns3:hr>
          </ns3:TrackPointExtension>
        </extensions>
      </trkpt>
      <trkpt lat="46.83002620004117488861083984375" lon="17.1990381740033626556396484375">
        <ele>134.8000030517578125</ele>
        <time>2024-07-24T11:52:47.000Z</time>
        <extensions>
          <ns3:TrackPointExtension>
            <ns3:hr>132</ns3:hr>
          </ns3:TrackPointExtension>
        </extensions>
      </trkpt>
      <trkpt lat="46.8301025591790676116943359375" lon="17.1991102583706378936767578125">
        <ele>135.399993896484375</ele>
        <time>2024-07-24T11:52:53.000Z</time>
        <extensions>
          <ns3:TrackPointExtension>
            <ns3:hr>134</ns3:hr>
          </ns3:TrackPointExtension>
        </extensions>
      </trkpt>
      <trkpt lat="46.83014924637973308563232421875" lon="17.19918795861303806304931640625">
        <ele>136</ele>
        <time>2024-07-24T11:53:00.000Z</time>
        <extensions>
          <ns3:TrackPointExtension>
            <ns3:hr>134</ns3:hr>
          </ns3:TrackPointExtension>
        </extensions>
      </trkpt>
      <trkpt lat="46.8302242644131183624267578125" lon="17.19931972213089466094970703125">
        <ele>137.399993896484375</ele>
        <time>2024-07-24T11:53:08.000Z</time>
        <extensions>
          <ns3:TrackPointExtension>
            <ns3:hr>131</ns3:hr>
          </ns3:TrackPointExtension>
        </extensions>
      </trkpt>
      <trkpt lat="46.830253265798091888427734375" lon="17.19941996969282627105712890625">
        <ele>138.600006103515625</ele>
        <time>2024-07-24T11:53:15.000Z</time>
        <extensions>
          <ns3:TrackPointExtension>
            <ns3:hr>130</ns3:hr>
          </ns3:TrackPointExtension>
        </extensions>
      </trkpt>
      <trkpt lat="46.83029475621879100799560546875" lon="17.1995149366557598114013671875">
        <ele>139.8000030517578125</ele>
        <time>2024-07-24T11:53:21.000Z</time>
        <extensions>
          <ns3:TrackPointExtension>
            <ns3:hr>133</ns3:hr>
          </ns3:TrackPointExtension>
        </extensions>
      </trkpt>
      <trkpt lat="46.83030255138874053955078125" lon="17.19954133965075016021728515625">
        <ele>140</ele>
        <time>2024-07-24T11:53:23.000Z</time>
        <extensions>
          <ns3:TrackPointExtension>
            <ns3:hr>133</ns3:hr>
          </ns3:TrackPointExtension>
        </extensions>
      </trkpt>
      <trkpt lat="46.83034789748489856719970703125" lon="17.19961074180901050567626953125">
        <ele>140.8000030517578125</ele>
        <time>2024-07-24T11:53:29.000Z</time>
        <extensions>
          <ns3:TrackPointExtension>
            <ns3:hr>132</ns3:hr>
          </ns3:TrackPointExtension>
        </extensions>
      </trkpt>
      <trkpt lat="46.8303533457219600677490234375" lon="17.19962038099765777587890625">
        <ele>140.8000030517578125</ele>
        <time>2024-07-24T11:53:30.000Z</time>
        <extensions>
          <ns3:TrackPointExtension>
            <ns3:hr>132</ns3:hr>
          </ns3:TrackPointExtension>
        </extensions>
      </trkpt>
      <trkpt lat="46.8304453790187835693359375" lon="17.199727334082126617431640625">
        <ele>141.600006103515625</ele>
        <time>2024-07-24T11:53:38.000Z</time>
        <extensions>
          <ns3:TrackPointExtension>
            <ns3:hr>133</ns3:hr>
          </ns3:TrackPointExtension>
        </extensions>
      </trkpt>
      <trkpt lat="46.8305240012705326080322265625" lon="17.19982649199664592742919921875">
        <ele>142.399993896484375</ele>
        <time>2024-07-24T11:53:48.000Z</time>
        <extensions>
          <ns3:TrackPointExtension>
            <ns3:hr>133</ns3:hr>
          </ns3:TrackPointExtension>
        </extensions>
      </trkpt>
      <trkpt lat="46.83062014169991016387939453125" lon="17.19993964768946170806884765625">
        <ele>143.399993896484375</ele>
        <time>2024-07-24T11:53:58.000Z</time>
        <extensions>
          <ns3:TrackPointExtension>
            <ns3:hr>132</ns3:hr>
          </ns3:TrackPointExtension>
        </extensions>
      </trkpt>
      <trkpt lat="46.83070664294064044952392578125" lon="17.20009253360331058502197265625">
        <ele>144.8000030517578125</ele>
        <time>2024-07-24T11:54:08.000Z</time>
        <extensions>
          <ns3:TrackPointExtension>
            <ns3:hr>132</ns3:hr>
          </ns3:TrackPointExtension>
        </extensions>
      </trkpt>
      <trkpt lat="46.83075525797903537750244140625" lon="17.20015858300030231475830078125">
        <ele>145.600006103515625</ele>
        <time>2024-07-24T11:54:16.000Z</time>
        <extensions>
          <ns3:TrackPointExtension>
            <ns3:hr>132</ns3:hr>
          </ns3:TrackPointExtension>
        </extensions>
      </trkpt>
      <trkpt lat="46.83084712363779544830322265625" lon="17.20026268623769283294677734375">
        <ele>146.8000030517578125</ele>
        <time>2024-07-24T11:54:24.000Z</time>
        <extensions>
          <ns3:TrackPointExtension>
            <ns3:hr>129</ns3:hr>
          </ns3:TrackPointExtension>
        </extensions>
      </trkpt>
      <trkpt lat="46.83085869066417217254638671875" lon="17.20027752220630645751953125">
        <ele>146.8000030517578125</ele>
        <time>2024-07-24T11:54:25.000Z</time>
        <extensions>
          <ns3:TrackPointExtension>
            <ns3:hr>128</ns3:hr>
          </ns3:TrackPointExtension>
        </extensions>
      </trkpt>
      <trkpt lat="46.830884255468845367431640625" lon="17.20030367374420166015625">
        <ele>147.1999969482421875</ele>
        <time>2024-07-24T11:54:27.000Z</time>
        <extensions>
          <ns3:TrackPointExtension>
            <ns3:hr>125</ns3:hr>
          </ns3:TrackPointExtension>
        </extensions>
      </trkpt>
      <trkpt lat="46.83091677725315093994140625" lon="17.2003252990543842315673828125">
        <ele>147.399993896484375</ele>
        <time>2024-07-24T11:54:30.000Z</time>
        <extensions>
          <ns3:TrackPointExtension>
            <ns3:hr>122</ns3:hr>
          </ns3:TrackPointExtension>
        </extensions>
      </trkpt>
      <trkpt lat="46.83097419328987598419189453125" lon="17.200356982648372650146484375">
        <ele>148</ele>
        <time>2024-07-24T11:54:35.000Z</time>
        <extensions>
          <ns3:TrackPointExtension>
            <ns3:hr>119</ns3:hr>
          </ns3:TrackPointExtension>
        </extensions>
      </trkpt>
      <trkpt lat="46.830995567142963409423828125" lon="17.20037617720663547515869140625">
        <ele>148.1999969482421875</ele>
        <time>2024-07-24T11:54:37.000Z</time>
        <extensions>
          <ns3:TrackPointExtension>
            <ns3:hr>119</ns3:hr>
          </ns3:TrackPointExtension>
        </extensions>
      </trkpt>
      <trkpt lat="46.8310852535068988800048828125" lon="17.20040735788643360137939453125">
        <ele>148.8000030517578125</ele>
        <time>2024-07-24T11:54:45.000Z</time>
        <extensions>
          <ns3:TrackPointExtension>
            <ns3:hr>118</ns3:hr>
          </ns3:TrackPointExtension>
        </extensions>
      </trkpt>
      <trkpt lat="46.83116530068218708038330078125" lon="17.2004372812807559967041015625">
        <ele>149.399993896484375</ele>
        <time>2024-07-24T11:54:52.000Z</time>
        <extensions>
          <ns3:TrackPointExtension>
            <ns3:hr>118</ns3:hr>
          </ns3:TrackPointExtension>
        </extensions>
      </trkpt>
      <trkpt lat="46.83124006725847721099853515625" lon="17.2005090303719043731689453125">
        <ele>149.8000030517578125</ele>
        <time>2024-07-24T11:54:59.000Z</time>
        <extensions>
          <ns3:TrackPointExtension>
            <ns3:hr>119</ns3:hr>
          </ns3:TrackPointExtension>
        </extensions>
      </trkpt>
      <trkpt lat="46.8312455154955387115478515625" lon="17.20054850913584232330322265625">
        <ele>150.1999969482421875</ele>
        <time>2024-07-24T11:55:01.000Z</time>
        <extensions>
          <ns3:TrackPointExtension>
            <ns3:hr>118</ns3:hr>
          </ns3:TrackPointExtension>
        </extensions>
      </trkpt>
      <trkpt lat="46.83124694041907787322998046875" lon="17.20065034925937652587890625">
        <ele>151.1999969482421875</ele>
        <time>2024-07-24T11:55:06.000Z</time>
        <extensions>
          <ns3:TrackPointExtension>
            <ns3:hr>116</ns3:hr>
          </ns3:TrackPointExtension>
        </extensions>
      </trkpt>
      <trkpt lat="46.83124174363911151885986328125" lon="17.20072922296822071075439453125">
        <ele>152.1999969482421875</ele>
        <time>2024-07-24T11:55:11.000Z</time>
        <extensions>
          <ns3:TrackPointExtension>
            <ns3:hr>116</ns3:hr>
          </ns3:TrackPointExtension>
        </extensions>
      </trkpt>
      <trkpt lat="46.83125364594161510467529296875" lon="17.20074716024100780487060546875">
        <ele>152.1999969482421875</ele>
        <time>2024-07-24T11:55:12.000Z</time>
        <extensions>
          <ns3:TrackPointExtension>
            <ns3:hr>116</ns3:hr>
          </ns3:TrackPointExtension>
        </extensions>
      </trkpt>
      <trkpt lat="46.83128918521106243133544921875" lon="17.20084908418357372283935546875">
        <ele>152.8000030517578125</ele>
        <time>2024-07-24T11:55:18.000Z</time>
        <extensions>
          <ns3:TrackPointExtension>
            <ns3:hr>117</ns3:hr>
          </ns3:TrackPointExtension>
        </extensions>
      </trkpt>
      <trkpt lat="46.83129496872425079345703125" lon="17.20087976194918155670166015625">
        <ele>153</ele>
        <time>2024-07-24T11:55:20.000Z</time>
        <extensions>
          <ns3:TrackPointExtension>
            <ns3:hr>117</ns3:hr>
          </ns3:TrackPointExtension>
        </extensions>
      </trkpt>
      <trkpt lat="46.8313058651983737945556640625" lon="17.20091228373348712921142578125">
        <ele>153.1999969482421875</ele>
        <time>2024-07-24T11:55:23.000Z</time>
        <extensions>
          <ns3:TrackPointExtension>
            <ns3:hr>116</ns3:hr>
          </ns3:TrackPointExtension>
        </extensions>
      </trkpt>
      <trkpt lat="46.83135339058935642242431640625" lon="17.2009378485381603240966796875">
        <ele>152.8000030517578125</ele>
        <time>2024-07-24T11:55:27.000Z</time>
        <extensions>
          <ns3:TrackPointExtension>
            <ns3:hr>115</ns3:hr>
          </ns3:TrackPointExtension>
        </extensions>
      </trkpt>
      <trkpt lat="46.8313615210354328155517578125" lon="17.2009546123445034027099609375">
        <ele>153</ele>
        <time>2024-07-24T11:55:28.000Z</time>
        <extensions>
          <ns3:TrackPointExtension>
            <ns3:hr>115</ns3:hr>
          </ns3:TrackPointExtension>
        </extensions>
      </trkpt>
      <trkpt lat="46.831382811069488525390625" lon="17.201046310365200042724609375">
        <ele>153.600006103515625</ele>
        <time>2024-07-24T11:55:32.000Z</time>
        <extensions>
          <ns3:TrackPointExtension>
            <ns3:hr>116</ns3:hr>
          </ns3:TrackPointExtension>
        </extensions>
      </trkpt>
      <trkpt lat="46.831390522420406341552734375" lon="17.20108645968139171600341796875">
        <ele>154.1999969482421875</ele>
        <time>2024-07-24T11:55:34.000Z</time>
        <extensions>
          <ns3:TrackPointExtension>
            <ns3:hr>116</ns3:hr>
          </ns3:TrackPointExtension>
        </extensions>
      </trkpt>
      <trkpt lat="46.8313947133719921112060546875" lon="17.20113021321594715118408203125">
        <ele>154.8000030517578125</ele>
        <time>2024-07-24T11:55:37.000Z</time>
        <extensions>
          <ns3:TrackPointExtension>
            <ns3:hr>117</ns3:hr>
          </ns3:TrackPointExtension>
        </extensions>
      </trkpt>
      <trkpt lat="46.83142446912825107574462890625" lon="17.20121922902762889862060546875">
        <ele>155.600006103515625</ele>
        <time>2024-07-24T11:55:44.000Z</time>
        <extensions>
          <ns3:TrackPointExtension>
            <ns3:hr>116</ns3:hr>
          </ns3:TrackPointExtension>
        </extensions>
      </trkpt>
      <trkpt lat="46.83144324459135532379150390625" lon="17.20127739943563938140869140625">
        <ele>156.1999969482421875</ele>
        <time>2024-07-24T11:55:49.000Z</time>
        <extensions>
          <ns3:TrackPointExtension>
            <ns3:hr>113</ns3:hr>
          </ns3:TrackPointExtension>
        </extensions>
      </trkpt>
      <trkpt lat="46.83145279996097087860107421875" lon="17.201294414699077606201171875">
        <ele>156.1999969482421875</ele>
        <time>2024-07-24T11:55:51.000Z</time>
        <extensions>
          <ns3:TrackPointExtension>
            <ns3:hr>111</ns3:hr>
          </ns3:TrackPointExtension>
        </extensions>
      </trkpt>
      <trkpt lat="46.83146260678768157958984375" lon="17.20129944384098052978515625">
        <ele>156.1999969482421875</ele>
        <time>2024-07-24T11:55:52.000Z</time>
        <extensions>
          <ns3:TrackPointExtension>
            <ns3:hr>114</ns3:hr>
          </ns3:TrackPointExtension>
        </extensions>
      </trkpt>
      <trkpt lat="46.83148984797298908233642578125" lon="17.20131578855216503143310546875">
        <ele>156</ele>
        <time>2024-07-24T11:55:55.000Z</time>
        <extensions>
          <ns3:TrackPointExtension>
            <ns3:hr>113</ns3:hr>
          </ns3:TrackPointExtension>
        </extensions>
      </trkpt>
      <trkpt lat="46.8315170891582965850830078125" lon="17.2013988532125949859619140625">
        <ele>157.1999969482421875</ele>
        <time>2024-07-24T11:55:59.000Z</time>
        <extensions>
          <ns3:TrackPointExtension>
            <ns3:hr>114</ns3:hr>
          </ns3:TrackPointExtension>
        </extensions>
      </trkpt>
      <trkpt lat="46.8315378762781620025634765625" lon="17.20147588290274143218994140625">
        <ele>158.399993896484375</ele>
        <time>2024-07-24T11:56:03.000Z</time>
        <extensions>
          <ns3:TrackPointExtension>
            <ns3:hr>111</ns3:hr>
          </ns3:TrackPointExtension>
        </extensions>
      </trkpt>
      <trkpt lat="46.83155539445579051971435546875" lon="17.2015074826776981353759765625">
        <ele>158.8000030517578125</ele>
        <time>2024-07-24T11:56:05.000Z</time>
        <extensions>
          <ns3:TrackPointExtension>
            <ns3:hr>114</ns3:hr>
          </ns3:TrackPointExtension>
        </extensions>
      </trkpt>
      <trkpt lat="46.8315858207643032073974609375" lon="17.20158107578754425048828125">
        <ele>159.600006103515625</ele>
        <time>2024-07-24T11:56:09.000Z</time>
        <extensions>
          <ns3:TrackPointExtension>
            <ns3:hr>115</ns3:hr>
          </ns3:TrackPointExtension>
        </extensions>
      </trkpt>
      <trkpt lat="46.8316216953098773956298828125" lon="17.20160932280123233795166015625">
        <ele>159.399993896484375</ele>
        <time>2024-07-24T11:56:14.000Z</time>
        <extensions>
          <ns3:TrackPointExtension>
            <ns3:hr>115</ns3:hr>
          </ns3:TrackPointExtension>
        </extensions>
      </trkpt>
      <trkpt lat="46.83162865228950977325439453125" lon="17.20161988399922847747802734375">
        <ele>159.399993896484375</ele>
        <time>2024-07-24T11:56:15.000Z</time>
        <extensions>
          <ns3:TrackPointExtension>
            <ns3:hr>117</ns3:hr>
          </ns3:TrackPointExtension>
        </extensions>
      </trkpt>
      <trkpt lat="46.83167005889117717742919921875" lon="17.20166497863829135894775390625">
        <ele>159.399993896484375</ele>
        <time>2024-07-24T11:56:17.000Z</time>
        <extensions>
          <ns3:TrackPointExtension>
            <ns3:hr>115</ns3:hr>
          </ns3:TrackPointExtension>
        </extensions>
      </trkpt>
      <trkpt lat="46.831701658666133880615234375" lon="17.20172164030373096466064453125">
        <ele>159.8000030517578125</ele>
        <time>2024-07-24T11:56:21.000Z</time>
        <extensions>
          <ns3:TrackPointExtension>
            <ns3:hr>118</ns3:hr>
          </ns3:TrackPointExtension>
        </extensions>
      </trkpt>
      <trkpt lat="46.8317038379609584808349609375" lon="17.20172784291207790374755859375">
        <ele>159.8000030517578125</ele>
        <time>2024-07-24T11:56:22.000Z</time>
        <extensions>
          <ns3:TrackPointExtension>
            <ns3:hr>118</ns3:hr>
          </ns3:TrackPointExtension>
        </extensions>
      </trkpt>
      <trkpt lat="46.8317092023789882659912109375" lon="17.20182918012142181396484375">
        <ele>161.600006103515625</ele>
        <time>2024-07-24T11:56:27.000Z</time>
        <extensions>
          <ns3:TrackPointExtension>
            <ns3:hr>114</ns3:hr>
          </ns3:TrackPointExtension>
        </extensions>
      </trkpt>
      <trkpt lat="46.83170492760837078094482421875" lon="17.20185424201190471649169921875">
        <ele>162.1999969482421875</ele>
        <time>2024-07-24T11:56:28.000Z</time>
        <extensions>
          <ns3:TrackPointExtension>
            <ns3:hr>114</ns3:hr>
          </ns3:TrackPointExtension>
        </extensions>
      </trkpt>
      <trkpt lat="46.8317061848938465118408203125" lon="17.20192045904695987701416015625">
        <ele>163.8000030517578125</ele>
        <time>2024-07-24T11:56:32.000Z</time>
        <extensions>
          <ns3:TrackPointExtension>
            <ns3:hr>112</ns3:hr>
          </ns3:TrackPointExtension>
        </extensions>
      </trkpt>
      <trkpt lat="46.83173619210720062255859375" lon="17.20194778405129909515380859375">
        <ele>163.8000030517578125</ele>
        <time>2024-07-24T11:56:35.000Z</time>
        <extensions>
          <ns3:TrackPointExtension>
            <ns3:hr>109</ns3:hr>
          </ns3:TrackPointExtension>
        </extensions>
      </trkpt>
      <trkpt lat="46.8317400477826595306396484375" lon="17.2019572556018829345703125">
        <ele>163.8000030517578125</ele>
        <time>2024-07-24T11:56:36.000Z</time>
        <extensions>
          <ns3:TrackPointExtension>
            <ns3:hr>112</ns3:hr>
          </ns3:TrackPointExtension>
        </extensions>
      </trkpt>
      <trkpt lat="46.8317511118948459625244140625" lon="17.20197494141757488250732421875">
        <ele>164</ele>
        <time>2024-07-24T11:56:38.000Z</time>
        <extensions>
          <ns3:TrackPointExtension>
            <ns3:hr>116</ns3:hr>
          </ns3:TrackPointExtension>
        </extensions>
      </trkpt>
      <trkpt lat="46.83176946826279163360595703125" lon="17.202010564506053924560546875">
        <ele>164.399993896484375</ele>
        <time>2024-07-24T11:56:40.000Z</time>
        <extensions>
          <ns3:TrackPointExtension>
            <ns3:hr>119</ns3:hr>
          </ns3:TrackPointExtension>
        </extensions>
      </trkpt>
      <trkpt lat="46.83178254403173923492431640625" lon="17.20203168690204620361328125">
        <ele>164.600006103515625</ele>
        <time>2024-07-24T11:56:41.000Z</time>
        <extensions>
          <ns3:TrackPointExtension>
            <ns3:hr>120</ns3:hr>
          </ns3:TrackPointExtension>
        </extensions>
      </trkpt>
      <trkpt lat="46.8318171612918376922607421875" lon="17.20207703299820423126220703125">
        <ele>164.600006103515625</ele>
        <time>2024-07-24T11:56:44.000Z</time>
        <extensions>
          <ns3:TrackPointExtension>
            <ns3:hr>116</ns3:hr>
          </ns3:TrackPointExtension>
        </extensions>
      </trkpt>
      <trkpt lat="46.83184071443974971771240234375" lon="17.20219622366130352020263671875">
        <ele>166.600006103515625</ele>
        <time>2024-07-24T11:56:50.000Z</time>
        <extensions>
          <ns3:TrackPointExtension>
            <ns3:hr>117</ns3:hr>
          </ns3:TrackPointExtension>
        </extensions>
      </trkpt>
      <trkpt lat="46.83184825815260410308837890625" lon="17.20223410986363887786865234375">
        <ele>167.1999969482421875</ele>
        <time>2024-07-24T11:56:52.000Z</time>
        <extensions>
          <ns3:TrackPointExtension>
            <ns3:hr>117</ns3:hr>
          </ns3:TrackPointExtension>
        </extensions>
      </trkpt>
      <trkpt lat="46.8318520300090312957763671875" lon="17.20230200327932834625244140625">
        <ele>168.399993896484375</ele>
        <time>2024-07-24T11:56:55.000Z</time>
        <extensions>
          <ns3:TrackPointExtension>
            <ns3:hr>117</ns3:hr>
          </ns3:TrackPointExtension>
        </extensions>
      </trkpt>
      <trkpt lat="46.8318523652851581573486328125" lon="17.20231004990637302398681640625">
        <ele>168.600006103515625</ele>
        <time>2024-07-24T11:56:56.000Z</time>
        <extensions>
          <ns3:TrackPointExtension>
            <ns3:hr>117</ns3:hr>
          </ns3:TrackPointExtension>
        </extensions>
      </trkpt>
      <trkpt lat="46.83186502195894718170166015625" lon="17.20241700299084186553955078125">
        <ele>170.600006103515625</ele>
        <time>2024-07-24T11:57:03.000Z</time>
        <extensions>
          <ns3:TrackPointExtension>
            <ns3:hr>118</ns3:hr>
          </ns3:TrackPointExtension>
        </extensions>
      </trkpt>
      <trkpt lat="46.83184725232422351837158203125" lon="17.20254155807197093963623046875">
        <ele>173.399993896484375</ele>
        <time>2024-07-24T11:57:10.000Z</time>
        <extensions>
          <ns3:TrackPointExtension>
            <ns3:hr>115</ns3:hr>
          </ns3:TrackPointExtension>
        </extensions>
      </trkpt>
      <trkpt lat="46.83187223039567470550537109375" lon="17.2026412189006805419921875">
        <ele>174</ele>
        <time>2024-07-24T11:57:17.000Z</time>
        <extensions>
          <ns3:TrackPointExtension>
            <ns3:hr>114</ns3:hr>
          </ns3:TrackPointExtension>
        </extensions>
      </trkpt>
      <trkpt lat="46.83187273330986499786376953125" lon="17.2026457451283931732177734375">
        <ele>174</ele>
        <time>2024-07-24T11:57:22.000Z</time>
        <extensions>
          <ns3:TrackPointExtension>
            <ns3:hr>116</ns3:hr>
          </ns3:TrackPointExtension>
        </extensions>
      </trkpt>
      <trkpt lat="46.8318640999495983123779296875" lon="17.2026457451283931732177734375">
        <ele>174.1999969482421875</ele>
        <time>2024-07-24T11:57:29.000Z</time>
        <extensions>
          <ns3:TrackPointExtension>
            <ns3:hr>116</ns3:hr>
          </ns3:TrackPointExtension>
        </extensions>
      </trkpt>
      <trkpt lat="46.83186351321637630462646484375" lon="17.2026715613901615142822265625">
        <ele>174.399993896484375</ele>
        <time>2024-07-24T11:57:35.000Z</time>
        <extensions>
          <ns3:TrackPointExtension>
            <ns3:hr>116</ns3:hr>
          </ns3:TrackPointExtension>
        </extensions>
      </trkpt>
      <trkpt lat="46.83187373913824558258056640625" lon="17.20267516560852527618408203125">
        <ele>174.399993896484375</ele>
        <time>2024-07-24T11:57:43.000Z</time>
        <extensions>
          <ns3:TrackPointExtension>
            <ns3:hr>117</ns3:hr>
          </ns3:TrackPointExtension>
        </extensions>
      </trkpt>
      <trkpt lat="46.831873990595340728759765625" lon="17.2026760876178741455078125">
        <ele>174.399993896484375</ele>
        <time>2024-07-24T11:57:53.000Z</time>
        <extensions>
          <ns3:TrackPointExtension>
            <ns3:hr>114</ns3:hr>
          </ns3:TrackPointExtension>
        </extensions>
      </trkpt>
      <trkpt lat="46.83187642134726047515869140625" lon="17.20269762910902500152587890625">
        <ele>174.399993896484375</ele>
        <time>2024-07-24T11:58:03.000Z</time>
        <extensions>
          <ns3:TrackPointExtension>
            <ns3:hr>116</ns3:hr>
          </ns3:TrackPointExtension>
        </extensions>
      </trkpt>
      <trkpt lat="46.83188547380268573760986328125" lon="17.202769629657268524169921875">
        <ele>175.399993896484375</ele>
        <time>2024-07-24T11:58:07.000Z</time>
        <extensions>
          <ns3:TrackPointExtension>
            <ns3:hr>113</ns3:hr>
          </ns3:TrackPointExtension>
        </extensions>
      </trkpt>
      <trkpt lat="46.83189201168715953826904296875" lon="17.20281086862087249755859375">
        <ele>175.8000030517578125</ele>
        <time>2024-07-24T11:58:09.000Z</time>
        <extensions>
          <ns3:TrackPointExtension>
            <ns3:hr>113</ns3:hr>
          </ns3:TrackPointExtension>
        </extensions>
      </trkpt>
      <trkpt lat="46.8318966217339038848876953125" lon="17.20283190719783306121826171875">
        <ele>176</ele>
        <time>2024-07-24T11:58:10.000Z</time>
        <extensions>
          <ns3:TrackPointExtension>
            <ns3:hr>112</ns3:hr>
          </ns3:TrackPointExtension>
        </extensions>
      </trkpt>
      <trkpt lat="46.83191455900669097900390625" lon="17.20290902070701122283935546875">
        <ele>176.8000030517578125</ele>
        <time>2024-07-24T11:58:15.000Z</time>
        <extensions>
          <ns3:TrackPointExtension>
            <ns3:hr>110</ns3:hr>
          </ns3:TrackPointExtension>
        </extensions>
      </trkpt>
      <trkpt lat="46.83190693147480487823486328125" lon="17.2029558755457401275634765625">
        <ele>177.600006103515625</ele>
        <time>2024-07-24T11:58:18.000Z</time>
        <extensions>
          <ns3:TrackPointExtension>
            <ns3:hr>110</ns3:hr>
          </ns3:TrackPointExtension>
        </extensions>
      </trkpt>
      <trkpt lat="46.8318976275622844696044921875" lon="17.2029930911958217620849609375">
        <ele>178.399993896484375</ele>
        <time>2024-07-24T11:58:20.000Z</time>
        <extensions>
          <ns3:TrackPointExtension>
            <ns3:hr>110</ns3:hr>
          </ns3:TrackPointExtension>
        </extensions>
      </trkpt>
      <trkpt lat="46.831903494894504547119140625" lon="17.20302888192236423492431640625">
        <ele>178.8000030517578125</ele>
        <time>2024-07-24T11:58:22.000Z</time>
        <extensions>
          <ns3:TrackPointExtension>
            <ns3:hr>108</ns3:hr>
          </ns3:TrackPointExtension>
        </extensions>
      </trkpt>
      <trkpt lat="46.83191196061670780181884765625" lon="17.2030757367610931396484375">
        <ele>179.600006103515625</ele>
        <time>2024-07-24T11:58:25.000Z</time>
        <extensions>
          <ns3:TrackPointExtension>
            <ns3:hr>104</ns3:hr>
          </ns3:TrackPointExtension>
        </extensions>
      </trkpt>
      <trkpt lat="46.8319147266447544097900390625" lon="17.20308504067361354827880859375">
        <ele>179.600006103515625</ele>
        <time>2024-07-24T11:58:26.000Z</time>
        <extensions>
          <ns3:TrackPointExtension>
            <ns3:hr>104</ns3:hr>
          </ns3:TrackPointExtension>
        </extensions>
      </trkpt>
      <trkpt lat="46.83192838914692401885986328125" lon="17.20310113392770290374755859375">
        <ele>179.600006103515625</ele>
        <time>2024-07-24T11:58:28.000Z</time>
        <extensions>
          <ns3:TrackPointExtension>
            <ns3:hr>107</ns3:hr>
          </ns3:TrackPointExtension>
        </extensions>
      </trkpt>
      <trkpt lat="46.831962503492832183837890625" lon="17.2031670995056629180908203125">
        <ele>180</ele>
        <time>2024-07-24T11:58:33.000Z</time>
        <extensions>
          <ns3:TrackPointExtension>
            <ns3:hr>104</ns3:hr>
          </ns3:TrackPointExtension>
        </extensions>
      </trkpt>
      <trkpt lat="46.83196946047246456146240234375" lon="17.20318235456943511962890625">
        <ele>180.1999969482421875</ele>
        <time>2024-07-24T11:58:35.000Z</time>
        <extensions>
          <ns3:TrackPointExtension>
            <ns3:hr>106</ns3:hr>
          </ns3:TrackPointExtension>
        </extensions>
      </trkpt>
      <trkpt lat="46.83200701139867305755615234375" lon="17.20317305065691471099853515625">
        <ele>179.1999969482421875</ele>
        <time>2024-07-24T11:58:40.000Z</time>
        <extensions>
          <ns3:TrackPointExtension>
            <ns3:hr>108</ns3:hr>
          </ns3:TrackPointExtension>
        </extensions>
      </trkpt>
      <trkpt lat="46.832049004733562469482421875" lon="17.20319367013871669769287109375">
        <ele>178.600006103515625</ele>
        <time>2024-07-24T11:58:45.000Z</time>
        <extensions>
          <ns3:TrackPointExtension>
            <ns3:hr>112</ns3:hr>
          </ns3:TrackPointExtension>
        </extensions>
      </trkpt>
      <trkpt lat="46.8320605717599391937255859375" lon="17.2031992860138416290283203125">
        <ele>178.399993896484375</ele>
        <time>2024-07-24T11:58:46.000Z</time>
        <extensions>
          <ns3:TrackPointExtension>
            <ns3:hr>109</ns3:hr>
          </ns3:TrackPointExtension>
        </extensions>
      </trkpt>
      <trkpt lat="46.83209619484841823577880859375" lon="17.2032297961413860321044921875">
        <ele>178</ele>
        <time>2024-07-24T11:58:49.000Z</time>
        <extensions>
          <ns3:TrackPointExtension>
            <ns3:hr>110</ns3:hr>
          </ns3:TrackPointExtension>
        </extensions>
      </trkpt>
      <trkpt lat="46.83217029087245464324951171875" lon="17.20328721217811107635498046875">
        <ele>176.600006103515625</ele>
        <time>2024-07-24T11:58:56.000Z</time>
        <extensions>
          <ns3:TrackPointExtension>
            <ns3:hr>114</ns3:hr>
          </ns3:TrackPointExtension>
        </extensions>
      </trkpt>
      <trkpt lat="46.83218487538397312164306640625" lon="17.20330079086124897003173828125">
        <ele>176.399993896484375</ele>
        <time>2024-07-24T11:58:57.000Z</time>
        <extensions>
          <ns3:TrackPointExtension>
            <ns3:hr>112</ns3:hr>
          </ns3:TrackPointExtension>
        </extensions>
      </trkpt>
      <trkpt lat="46.83219392783939838409423828125" lon="17.20331520773470401763916015625">
        <ele>176.399993896484375</ele>
        <time>2024-07-24T11:58:58.000Z</time>
        <extensions>
          <ns3:TrackPointExtension>
            <ns3:hr>112</ns3:hr>
          </ns3:TrackPointExtension>
        </extensions>
      </trkpt>
      <trkpt lat="46.83220163919031620025634765625" lon="17.20334923826158046722412109375">
        <ele>176.600006103515625</ele>
        <time>2024-07-24T11:59:00.000Z</time>
        <extensions>
          <ns3:TrackPointExtension>
            <ns3:hr>109</ns3:hr>
          </ns3:TrackPointExtension>
        </extensions>
      </trkpt>
      <trkpt lat="46.8322129547595977783203125" lon="17.2033734619617462158203125">
        <ele>176.600006103515625</ele>
        <time>2024-07-24T11:59:02.000Z</time>
        <extensions>
          <ns3:TrackPointExtension>
            <ns3:hr>109</ns3:hr>
          </ns3:TrackPointExtension>
        </extensions>
      </trkpt>
      <trkpt lat="46.8322265334427356719970703125" lon="17.20340942032635211944580078125">
        <ele>176.8000030517578125</ele>
        <time>2024-07-24T11:59:04.000Z</time>
        <extensions>
          <ns3:TrackPointExtension>
            <ns3:hr>111</ns3:hr>
          </ns3:TrackPointExtension>
        </extensions>
      </trkpt>
      <trkpt lat="46.83224824257194995880126953125" lon="17.20346474088728427886962890625">
        <ele>177</ele>
        <time>2024-07-24T11:59:07.000Z</time>
        <extensions>
          <ns3:TrackPointExtension>
            <ns3:hr>111</ns3:hr>
          </ns3:TrackPointExtension>
        </extensions>
      </trkpt>
      <trkpt lat="46.83225788176059722900390625" lon="17.2034960053861141204833984375">
        <ele>177</ele>
        <time>2024-07-24T11:59:09.000Z</time>
        <extensions>
          <ns3:TrackPointExtension>
            <ns3:hr>111</ns3:hr>
          </ns3:TrackPointExtension>
        </extensions>
      </trkpt>
      <trkpt lat="46.83227690868079662322998046875" lon="17.2035342268645763397216796875">
        <ele>176.8000030517578125</ele>
        <time>2024-07-24T11:59:11.000Z</time>
        <extensions>
          <ns3:TrackPointExtension>
            <ns3:hr>110</ns3:hr>
          </ns3:TrackPointExtension>
        </extensions>
      </trkpt>
      <trkpt lat="46.83228897862136363983154296875" lon="17.20360069535672664642333984375">
        <ele>177.399993896484375</ele>
        <time>2024-07-24T11:59:15.000Z</time>
        <extensions>
          <ns3:TrackPointExtension>
            <ns3:hr>111</ns3:hr>
          </ns3:TrackPointExtension>
        </extensions>
      </trkpt>
      <trkpt lat="46.83228948153555393218994140625" lon="17.20368602313101291656494140625">
        <ele>178.1999969482421875</ele>
        <time>2024-07-24T11:59:20.000Z</time>
        <extensions>
          <ns3:TrackPointExtension>
            <ns3:hr>111</ns3:hr>
          </ns3:TrackPointExtension>
        </extensions>
      </trkpt>
      <trkpt lat="46.8322922475636005401611328125" lon="17.20370848663151264190673828125">
        <ele>178.399993896484375</ele>
        <time>2024-07-24T11:59:21.000Z</time>
        <extensions>
          <ns3:TrackPointExtension>
            <ns3:hr>107</ns3:hr>
          </ns3:TrackPointExtension>
        </extensions>
      </trkpt>
      <trkpt lat="46.8322956003248691558837890625" lon="17.203735224902629852294921875">
        <ele>178.600006103515625</ele>
        <time>2024-07-24T11:59:22.000Z</time>
        <extensions>
          <ns3:TrackPointExtension>
            <ns3:hr>111</ns3:hr>
          </ns3:TrackPointExtension>
        </extensions>
      </trkpt>
      <trkpt lat="46.83230775408446788787841796875" lon="17.2038094885647296905517578125">
        <ele>179.1999969482421875</ele>
        <time>2024-07-24T11:59:26.000Z</time>
        <extensions>
          <ns3:TrackPointExtension>
            <ns3:hr>111</ns3:hr>
          </ns3:TrackPointExtension>
        </extensions>
      </trkpt>
      <trkpt lat="46.8323261104524135589599609375" lon="17.20389523543417453765869140625">
        <ele>180</ele>
        <time>2024-07-24T11:59:31.000Z</time>
        <extensions>
          <ns3:TrackPointExtension>
            <ns3:hr>111</ns3:hr>
          </ns3:TrackPointExtension>
        </extensions>
      </trkpt>
      <trkpt lat="46.8323358334600925445556640625" lon="17.20391057431697845458984375">
        <ele>180</ele>
        <time>2024-07-24T11:59:32.000Z</time>
        <extensions>
          <ns3:TrackPointExtension>
            <ns3:hr>111</ns3:hr>
          </ns3:TrackPointExtension>
        </extensions>
      </trkpt>
      <trkpt lat="46.8323606438934803009033203125" lon="17.203978635370731353759765625">
        <ele>180.399993896484375</ele>
        <time>2024-07-24T11:59:36.000Z</time>
        <extensions>
          <ns3:TrackPointExtension>
            <ns3:hr>110</ns3:hr>
          </ns3:TrackPointExtension>
        </extensions>
      </trkpt>
      <trkpt lat="46.8323577940464019775390625" lon="17.20398626290261745452880859375">
        <ele>180.399993896484375</ele>
        <time>2024-07-24T11:59:37.000Z</time>
        <extensions>
          <ns3:TrackPointExtension>
            <ns3:hr>110</ns3:hr>
          </ns3:TrackPointExtension>
        </extensions>
      </trkpt>
      <trkpt lat="46.8323685228824615478515625" lon="17.20403538085520267486572265625">
        <ele>181</ele>
        <time>2024-07-24T11:59:41.000Z</time>
        <extensions>
          <ns3:TrackPointExtension>
            <ns3:hr>111</ns3:hr>
          </ns3:TrackPointExtension>
        </extensions>
      </trkpt>
      <trkpt lat="46.832381598651409149169921875" lon="17.20407963730394840240478515625">
        <ele>181.1999969482421875</ele>
        <time>2024-07-24T11:59:44.000Z</time>
        <extensions>
          <ns3:TrackPointExtension>
            <ns3:hr>109</ns3:hr>
          </ns3:TrackPointExtension>
        </extensions>
      </trkpt>
      <trkpt lat="46.83238637633621692657470703125" lon="17.2041179426014423370361328125">
        <ele>182</ele>
        <time>2024-07-24T11:59:47.000Z</time>
        <extensions>
          <ns3:TrackPointExtension>
            <ns3:hr>111</ns3:hr>
          </ns3:TrackPointExtension>
        </extensions>
      </trkpt>
      <trkpt lat="46.8323884718120098114013671875" lon="17.204152978956699371337890625">
        <ele>182.8000030517578125</ele>
        <time>2024-07-24T11:59:51.000Z</time>
        <extensions>
          <ns3:TrackPointExtension>
            <ns3:hr>110</ns3:hr>
          </ns3:TrackPointExtension>
        </extensions>
      </trkpt>
      <trkpt lat="46.8324079178273677825927734375" lon="17.20420469529926776885986328125">
        <ele>183.600006103515625</ele>
        <time>2024-07-24T11:59:54.000Z</time>
        <extensions>
          <ns3:TrackPointExtension>
            <ns3:hr>109</ns3:hr>
          </ns3:TrackPointExtension>
        </extensions>
      </trkpt>
      <trkpt lat="46.83241202495992183685302734375" lon="17.2042731754481792449951171875">
        <ele>185</ele>
        <time>2024-07-24T11:59:58.000Z</time>
        <extensions>
          <ns3:TrackPointExtension>
            <ns3:hr>111</ns3:hr>
          </ns3:TrackPointExtension>
        </extensions>
      </trkpt>
      <trkpt lat="46.83241805993020534515380859375" lon="17.20436395145952701568603515625">
        <ele>186.8000030517578125</ele>
        <time>2024-07-24T12:00:04.000Z</time>
        <extensions>
          <ns3:TrackPointExtension>
            <ns3:hr>113</ns3:hr>
          </ns3:TrackPointExtension>
        </extensions>
      </trkpt>
      <trkpt lat="46.83240733109414577484130859375" lon="17.204462103545665740966796875">
        <ele>189.1999969482421875</ele>
        <time>2024-07-24T12:00:10.000Z</time>
        <extensions>
          <ns3:TrackPointExtension>
            <ns3:hr>112</ns3:hr>
          </ns3:TrackPointExtension>
        </extensions>
      </trkpt>
      <trkpt lat="46.83239626698195934295654296875" lon="17.20454248599708080291748046875">
        <ele>191.399993896484375</ele>
        <time>2024-07-24T12:00:17.000Z</time>
        <extensions>
          <ns3:TrackPointExtension>
            <ns3:hr>110</ns3:hr>
          </ns3:TrackPointExtension>
        </extensions>
      </trkpt>
      <trkpt lat="46.83239911682903766632080078125" lon="17.2045568190515041351318359375">
        <ele>191.8000030517578125</ele>
        <time>2024-07-24T12:00:18.000Z</time>
        <extensions>
          <ns3:TrackPointExtension>
            <ns3:hr>114</ns3:hr>
          </ns3:TrackPointExtension>
        </extensions>
      </trkpt>
      <trkpt lat="46.83239107020199298858642578125" lon="17.2046045958995819091796875">
        <ele>193.1999969482421875</ele>
        <time>2024-07-24T12:00:22.000Z</time>
        <extensions>
          <ns3:TrackPointExtension>
            <ns3:hr>113</ns3:hr>
          </ns3:TrackPointExtension>
        </extensions>
      </trkpt>
      <trkpt lat="46.832377910614013671875" lon="17.20468305051326751708984375">
        <ele>195.399993896484375</ele>
        <time>2024-07-24T12:00:26.000Z</time>
        <extensions>
          <ns3:TrackPointExtension>
            <ns3:hr>116</ns3:hr>
          </ns3:TrackPointExtension>
        </extensions>
      </trkpt>
      <trkpt lat="46.83237665332853794097900390625" lon="17.20473535358905792236328125">
        <ele>196.8000030517578125</ele>
        <time>2024-07-24T12:00:28.000Z</time>
        <extensions>
          <ns3:TrackPointExtension>
            <ns3:hr>115</ns3:hr>
          </ns3:TrackPointExtension>
        </extensions>
      </trkpt>
      <trkpt lat="46.83237816207110881805419921875" lon="17.20476477406919002532958984375">
        <ele>197.399993896484375</ele>
        <time>2024-07-24T12:00:30.000Z</time>
        <extensions>
          <ns3:TrackPointExtension>
            <ns3:hr>118</ns3:hr>
          </ns3:TrackPointExtension>
        </extensions>
      </trkpt>
      <trkpt lat="46.83238126337528228759765625" lon="17.20478899776935577392578125">
        <ele>197.8000030517578125</ele>
        <time>2024-07-24T12:00:34.000Z</time>
        <extensions>
          <ns3:TrackPointExtension>
            <ns3:hr>120</ns3:hr>
          </ns3:TrackPointExtension>
        </extensions>
      </trkpt>
      <trkpt lat="46.8323824368417263031005859375" lon="17.20479679293930530548095703125">
        <ele>198</ele>
        <time>2024-07-24T12:00:40.000Z</time>
        <extensions>
          <ns3:TrackPointExtension>
            <ns3:hr>120</ns3:hr>
          </ns3:TrackPointExtension>
        </extensions>
      </trkpt>
      <trkpt lat="46.83238352648913860321044921875" lon="17.2048032470047473907470703125">
        <ele>198</ele>
        <time>2024-07-24T12:00:47.000Z</time>
        <extensions>
          <ns3:TrackPointExtension>
            <ns3:hr>119</ns3:hr>
          </ns3:TrackPointExtension>
        </extensions>
      </trkpt>
      <trkpt lat="46.83239459060132503509521484375" lon="17.2048019059002399444580078125">
        <ele>197.8000030517578125</ele>
        <time>2024-07-24T12:00:53.000Z</time>
        <extensions>
          <ns3:TrackPointExtension>
            <ns3:hr>122</ns3:hr>
          </ns3:TrackPointExtension>
        </extensions>
      </trkpt>
      <trkpt lat="46.83238671161234378814697265625" lon="17.2048005647957324981689453125">
        <ele>198</ele>
        <time>2024-07-24T12:00:57.000Z</time>
        <extensions>
          <ns3:TrackPointExtension>
            <ns3:hr>119</ns3:hr>
          </ns3:TrackPointExtension>
        </extensions>
      </trkpt>
      <trkpt lat="46.8323857896029949188232421875" lon="17.204799391329288482666015625">
        <ele>197.8000030517578125</ele>
        <time>2024-07-24T12:01:02.000Z</time>
        <extensions>
          <ns3:TrackPointExtension>
            <ns3:hr>120</ns3:hr>
          </ns3:TrackPointExtension>
        </extensions>
      </trkpt>
      <trkpt lat="46.83237028308212757110595703125" lon="17.20486150123178958892822265625">
        <ele>199.600006103515625</ele>
        <time>2024-07-24T12:01:11.000Z</time>
        <extensions>
          <ns3:TrackPointExtension>
            <ns3:hr>122</ns3:hr>
          </ns3:TrackPointExtension>
        </extensions>
      </trkpt>
      <trkpt lat="46.83236894197762012481689453125" lon="17.20493995584547519683837890625">
        <ele>201.1999969482421875</ele>
        <time>2024-07-24T12:01:15.000Z</time>
        <extensions>
          <ns3:TrackPointExtension>
            <ns3:hr>119</ns3:hr>
          </ns3:TrackPointExtension>
        </extensions>
      </trkpt>
      <trkpt lat="46.83237187564373016357421875" lon="17.20498739741742610931396484375">
        <ele>202</ele>
        <time>2024-07-24T12:01:17.000Z</time>
        <extensions>
          <ns3:TrackPointExtension>
            <ns3:hr>119</ns3:hr>
          </ns3:TrackPointExtension>
        </extensions>
      </trkpt>
      <trkpt lat="46.832374893128871917724609375" lon="17.2050037421286106109619140625">
        <ele>202.1999969482421875</ele>
        <time>2024-07-24T12:01:18.000Z</time>
        <extensions>
          <ns3:TrackPointExtension>
            <ns3:hr>121</ns3:hr>
          </ns3:TrackPointExtension>
        </extensions>
      </trkpt>
      <trkpt lat="46.8323767371475696563720703125" lon="17.20501958392560482025146484375">
        <ele>202.399993896484375</ele>
        <time>2024-07-24T12:01:19.000Z</time>
        <extensions>
          <ns3:TrackPointExtension>
            <ns3:hr>115</ns3:hr>
          </ns3:TrackPointExtension>
        </extensions>
      </trkpt>
      <trkpt lat="46.8323827721178531646728515625" lon="17.20508278347551822662353515625">
        <ele>203.1999969482421875</ele>
        <time>2024-07-24T12:01:23.000Z</time>
        <extensions>
          <ns3:TrackPointExtension>
            <ns3:hr>113</ns3:hr>
          </ns3:TrackPointExtension>
        </extensions>
      </trkpt>
      <trkpt lat="46.8323846161365509033203125" lon="17.20509585924446582794189453125">
        <ele>203.1999969482421875</ele>
        <time>2024-07-24T12:01:24.000Z</time>
        <extensions>
          <ns3:TrackPointExtension>
            <ns3:hr>112</ns3:hr>
          </ns3:TrackPointExtension>
        </extensions>
      </trkpt>
      <trkpt lat="46.832385621964931488037109375" lon="17.2051526047289371490478515625">
        <ele>204</ele>
        <time>2024-07-24T12:01:27.000Z</time>
        <extensions>
          <ns3:TrackPointExtension>
            <ns3:hr>109</ns3:hr>
          </ns3:TrackPointExtension>
        </extensions>
      </trkpt>
      <trkpt lat="46.8323899805545806884765625" lon="17.20517196692526340484619140625">
        <ele>204.1999969482421875</ele>
        <time>2024-07-24T12:01:28.000Z</time>
        <extensions>
          <ns3:TrackPointExtension>
            <ns3:hr>109</ns3:hr>
          </ns3:TrackPointExtension>
        </extensions>
      </trkpt>
      <trkpt lat="46.8323814310133457183837890625" lon="17.20526106655597686767578125">
        <ele>205.399993896484375</ele>
        <time>2024-07-24T12:01:33.000Z</time>
        <extensions>
          <ns3:TrackPointExtension>
            <ns3:hr>107</ns3:hr>
          </ns3:TrackPointExtension>
        </extensions>
      </trkpt>
      <trkpt lat="46.83237346820533275604248046875" lon="17.2053323127329349517822265625">
        <ele>206.600006103515625</ele>
        <time>2024-07-24T12:01:38.000Z</time>
        <extensions>
          <ns3:TrackPointExtension>
            <ns3:hr>106</ns3:hr>
          </ns3:TrackPointExtension>
        </extensions>
      </trkpt>
      <trkpt lat="46.832380592823028564453125" lon="17.20536055974662303924560546875">
        <ele>207</ele>
        <time>2024-07-24T12:01:40.000Z</time>
        <extensions>
          <ns3:TrackPointExtension>
            <ns3:hr>105</ns3:hr>
          </ns3:TrackPointExtension>
        </extensions>
      </trkpt>
      <trkpt lat="46.832380257546901702880859375" lon="17.2054436244070529937744140625">
        <ele>208.1999969482421875</ele>
        <time>2024-07-24T12:01:47.000Z</time>
        <extensions>
          <ns3:TrackPointExtension>
            <ns3:hr>107</ns3:hr>
          </ns3:TrackPointExtension>
        </extensions>
      </trkpt>
      <trkpt lat="46.832418479025363922119140625" lon="17.2055509127676486968994140625">
        <ele>208.600006103515625</ele>
        <time>2024-07-24T12:01:55.000Z</time>
        <extensions>
          <ns3:TrackPointExtension>
            <ns3:hr>107</ns3:hr>
          </ns3:TrackPointExtension>
        </extensions>
      </trkpt>
      <trkpt lat="46.83244857005774974822998046875" lon="17.20562341623008251190185546875">
        <ele>208.8000030517578125</ele>
        <time>2024-07-24T12:02:00.000Z</time>
        <extensions>
          <ns3:TrackPointExtension>
            <ns3:hr>109</ns3:hr>
          </ns3:TrackPointExtension>
        </extensions>
      </trkpt>
      <trkpt lat="46.83247673325240612030029296875" lon="17.2057128511369228363037109375">
        <ele>209</ele>
        <time>2024-07-24T12:02:06.000Z</time>
        <extensions>
          <ns3:TrackPointExtension>
            <ns3:hr>109</ns3:hr>
          </ns3:TrackPointExtension>
        </extensions>
      </trkpt>
      <trkpt lat="46.83248008601367473602294921875" lon="17.20579775981605052947998046875">
        <ele>210</ele>
        <time>2024-07-24T12:02:12.000Z</time>
        <extensions>
          <ns3:TrackPointExtension>
            <ns3:hr>105</ns3:hr>
          </ns3:TrackPointExtension>
        </extensions>
      </trkpt>
      <trkpt lat="46.8324927426874637603759765625" lon="17.2058291919529438018798828125">
        <ele>210</ele>
        <time>2024-07-24T12:02:14.000Z</time>
        <extensions>
          <ns3:TrackPointExtension>
            <ns3:hr>110</ns3:hr>
          </ns3:TrackPointExtension>
        </extensions>
      </trkpt>
      <trkpt lat="46.8325269408524036407470703125" lon="17.205964811146259307861328125">
        <ele>210.8000030517578125</ele>
        <time>2024-07-24T12:02:22.000Z</time>
        <extensions>
          <ns3:TrackPointExtension>
            <ns3:hr>111</ns3:hr>
          </ns3:TrackPointExtension>
        </extensions>
      </trkpt>
      <trkpt lat="46.8325249291956424713134765625" lon="17.20598182640969753265380859375">
        <ele>211</ele>
        <time>2024-07-24T12:02:23.000Z</time>
        <extensions>
          <ns3:TrackPointExtension>
            <ns3:hr>111</ns3:hr>
          </ns3:TrackPointExtension>
        </extensions>
      </trkpt>
      <trkpt lat="46.83252610266208648681640625" lon="17.20606061629951000213623046875">
        <ele>211.600006103515625</ele>
        <time>2024-07-24T12:02:28.000Z</time>
        <extensions>
          <ns3:TrackPointExtension>
            <ns3:hr>112</ns3:hr>
          </ns3:TrackPointExtension>
        </extensions>
      </trkpt>
      <trkpt lat="46.8325346522033214569091796875" lon="17.2060954011976718902587890625">
        <ele>211.399993896484375</ele>
        <time>2024-07-24T12:02:30.000Z</time>
        <extensions>
          <ns3:TrackPointExtension>
            <ns3:hr>113</ns3:hr>
          </ns3:TrackPointExtension>
        </extensions>
      </trkpt>
      <trkpt lat="46.83254194445908069610595703125" lon="17.20616438426077365875244140625">
        <ele>211.600006103515625</ele>
        <time>2024-07-24T12:02:34.000Z</time>
        <extensions>
          <ns3:TrackPointExtension>
            <ns3:hr>111</ns3:hr>
          </ns3:TrackPointExtension>
        </extensions>
      </trkpt>
      <trkpt lat="46.83255602605640888214111328125" lon="17.20624015666544437408447265625">
        <ele>211.600006103515625</ele>
        <time>2024-07-24T12:02:39.000Z</time>
        <extensions>
          <ns3:TrackPointExtension>
            <ns3:hr>112</ns3:hr>
          </ns3:TrackPointExtension>
        </extensions>
      </trkpt>
      <trkpt lat="46.83256876654922962188720703125" lon="17.20627502538263797760009765625">
        <ele>211.399993896484375</ele>
        <time>2024-07-24T12:02:41.000Z</time>
        <extensions>
          <ns3:TrackPointExtension>
            <ns3:hr>109</ns3:hr>
          </ns3:TrackPointExtension>
        </extensions>
      </trkpt>
      <trkpt lat="46.832575388252735137939453125" lon="17.20629639923572540283203125">
        <ele>211.399993896484375</ele>
        <time>2024-07-24T12:02:42.000Z</time>
        <extensions>
          <ns3:TrackPointExtension>
            <ns3:hr>113</ns3:hr>
          </ns3:TrackPointExtension>
        </extensions>
      </trkpt>
      <trkpt lat="46.83257379569113254547119140625" lon="17.20631341449916362762451171875">
        <ele>211.399993896484375</ele>
        <time>2024-07-24T12:02:43.000Z</time>
        <extensions>
          <ns3:TrackPointExtension>
            <ns3:hr>112</ns3:hr>
          </ns3:TrackPointExtension>
        </extensions>
      </trkpt>
      <trkpt lat="46.83258234523236751556396484375" lon="17.20634895376861095428466796875">
        <ele>211.600006103515625</ele>
        <time>2024-07-24T12:02:46.000Z</time>
        <extensions>
          <ns3:TrackPointExtension>
            <ns3:hr>112</ns3:hr>
          </ns3:TrackPointExtension>
        </extensions>
      </trkpt>
      <trkpt lat="46.83260179124772548675537109375" lon="17.20642992295324802398681640625">
        <ele>211.600006103515625</ele>
        <time>2024-07-24T12:02:53.000Z</time>
        <extensions>
          <ns3:TrackPointExtension>
            <ns3:hr>114</ns3:hr>
          </ns3:TrackPointExtension>
        </extensions>
      </trkpt>
      <trkpt lat="46.83261059224605560302734375" lon="17.2065346129238605499267578125">
        <ele>212.1999969482421875</ele>
        <time>2024-07-24T12:03:02.000Z</time>
        <extensions>
          <ns3:TrackPointExtension>
            <ns3:hr>114</ns3:hr>
          </ns3:TrackPointExtension>
        </extensions>
      </trkpt>
      <trkpt lat="46.8326214887201786041259765625" lon="17.20657828263938426971435546875">
        <ele>212.1999969482421875</ele>
        <time>2024-07-24T12:03:07.000Z</time>
        <extensions>
          <ns3:TrackPointExtension>
            <ns3:hr>117</ns3:hr>
          </ns3:TrackPointExtension>
        </extensions>
      </trkpt>
      <trkpt lat="46.83264085091650485992431640625" lon="17.2066452540457248687744140625">
        <ele>212.8000030517578125</ele>
        <time>2024-07-24T12:03:13.000Z</time>
        <extensions>
          <ns3:TrackPointExtension>
            <ns3:hr>119</ns3:hr>
          </ns3:TrackPointExtension>
        </extensions>
      </trkpt>
      <trkpt lat="46.83266398496925830841064453125" lon="17.2067052684724330902099609375">
        <ele>213</ele>
        <time>2024-07-24T12:03:18.000Z</time>
        <extensions>
          <ns3:TrackPointExtension>
            <ns3:hr>116</ns3:hr>
          </ns3:TrackPointExtension>
        </extensions>
      </trkpt>
      <trkpt lat="46.832666583359241485595703125" lon="17.20670945942401885986328125">
        <ele>213</ele>
        <time>2024-07-24T12:03:20.000Z</time>
        <extensions>
          <ns3:TrackPointExtension>
            <ns3:hr>112</ns3:hr>
          </ns3:TrackPointExtension>
        </extensions>
      </trkpt>
      <trkpt lat="46.83266691863536834716796875" lon="17.206711135804653167724609375">
        <ele>213</ele>
        <time>2024-07-24T12:03:22.000Z</time>
        <extensions>
          <ns3:TrackPointExtension>
            <ns3:hr>114</ns3:hr>
          </ns3:TrackPointExtension>
        </extensions>
      </trkpt>
      <trkpt lat="46.8326597101986408233642578125" lon="17.20672421157360076904296875">
        <ele>213.1999969482421875</ele>
        <time>2024-07-24T12:03:37.000Z</time>
        <extensions>
          <ns3:TrackPointExtension>
            <ns3:hr>115</ns3:hr>
          </ns3:TrackPointExtension>
        </extensions>
      </trkpt>
      <trkpt lat="46.8326597101986408233642578125" lon="17.20672421157360076904296875">
        <ele>213.1999969482421875</ele>
        <time>2024-07-24T12:03:39.000Z</time>
        <extensions>
          <ns3:TrackPointExtension>
            <ns3:hr>112</ns3:hr>
          </ns3:TrackPointExtension>
        </extensions>
      </trkpt>
      <trkpt lat="46.83268225751817226409912109375" lon="17.20680425874888896942138671875">
        <ele>213.8000030517578125</ele>
        <time>2024-07-24T12:03:44.000Z</time>
        <extensions>
          <ns3:TrackPointExtension>
            <ns3:hr>112</ns3:hr>
          </ns3:TrackPointExtension>
        </extensions>
      </trkpt>
      <trkpt lat="46.8326975964009761810302734375" lon="17.2068893350660800933837890625">
        <ele>214.399993896484375</ele>
        <time>2024-07-24T12:03:48.000Z</time>
        <extensions>
          <ns3:TrackPointExtension>
            <ns3:hr>115</ns3:hr>
          </ns3:TrackPointExtension>
        </extensions>
      </trkpt>
      <trkpt lat="46.832707822322845458984375" lon="17.20691104419529438018798828125">
        <ele>214.600006103515625</ele>
        <time>2024-07-24T12:03:49.000Z</time>
        <extensions>
          <ns3:TrackPointExtension>
            <ns3:hr>112</ns3:hr>
          </ns3:TrackPointExtension>
        </extensions>
      </trkpt>
      <trkpt lat="46.83272726833820343017578125" lon="17.20694591291248798370361328125">
        <ele>214.8000030517578125</ele>
        <time>2024-07-24T12:03:51.000Z</time>
        <extensions>
          <ns3:TrackPointExtension>
            <ns3:hr>111</ns3:hr>
          </ns3:TrackPointExtension>
        </extensions>
      </trkpt>
      <trkpt lat="46.832766830921173095703125" lon="17.2070278041064739227294921875">
        <ele>215.1999969482421875</ele>
        <time>2024-07-24T12:03:58.000Z</time>
        <extensions>
          <ns3:TrackPointExtension>
            <ns3:hr>111</ns3:hr>
          </ns3:TrackPointExtension>
        </extensions>
      </trkpt>
      <trkpt lat="46.832784600555896759033203125" lon="17.2070552967488765716552734375">
        <ele>215.399993896484375</ele>
        <time>2024-07-24T12:04:00.000Z</time>
        <extensions>
          <ns3:TrackPointExtension>
            <ns3:hr>112</ns3:hr>
          </ns3:TrackPointExtension>
        </extensions>
      </trkpt>
      <trkpt lat="46.83283321559429168701171875" lon="17.2071689553558826446533203125">
        <ele>216</ele>
        <time>2024-07-24T12:04:08.000Z</time>
        <extensions>
          <ns3:TrackPointExtension>
            <ns3:hr>111</ns3:hr>
          </ns3:TrackPointExtension>
        </extensions>
      </trkpt>
      <trkpt lat="46.8328850157558917999267578125" lon="17.20730532892048358917236328125">
        <ele>217.1999969482421875</ele>
        <time>2024-07-24T12:04:18.000Z</time>
        <extensions>
          <ns3:TrackPointExtension>
            <ns3:hr>113</ns3:hr>
          </ns3:TrackPointExtension>
        </extensions>
      </trkpt>
      <trkpt lat="46.83291410095989704132080078125" lon="17.207368947565555572509765625">
        <ele>218</ele>
        <time>2024-07-24T12:04:23.000Z</time>
        <extensions>
          <ns3:TrackPointExtension>
            <ns3:hr>110</ns3:hr>
          </ns3:TrackPointExtension>
        </extensions>
      </trkpt>
      <trkpt lat="46.83292767964303493499755859375" lon="17.20738931559026241302490234375">
        <ele>218.1999969482421875</ele>
        <time>2024-07-24T12:04:25.000Z</time>
        <extensions>
          <ns3:TrackPointExtension>
            <ns3:hr>113</ns3:hr>
          </ns3:TrackPointExtension>
        </extensions>
      </trkpt>
      <trkpt lat="46.8329329602420330047607421875" lon="17.2074002958834171295166015625">
        <ele>218.1999969482421875</ele>
        <time>2024-07-24T12:04:26.000Z</time>
        <extensions>
          <ns3:TrackPointExtension>
            <ns3:hr>114</ns3:hr>
          </ns3:TrackPointExtension>
        </extensions>
      </trkpt>
      <trkpt lat="46.83301552198827266693115234375" lon="17.207482270896434783935546875">
        <ele>219.399993896484375</ele>
        <time>2024-07-24T12:04:35.000Z</time>
        <extensions>
          <ns3:TrackPointExtension>
            <ns3:hr>114</ns3:hr>
          </ns3:TrackPointExtension>
        </extensions>
      </trkpt>
      <trkpt lat="46.83302490971982479095458984375" lon="17.207488305866718292236328125">
        <ele>219.399993896484375</ele>
        <time>2024-07-24T12:04:36.000Z</time>
        <extensions>
          <ns3:TrackPointExtension>
            <ns3:hr>118</ns3:hr>
          </ns3:TrackPointExtension>
        </extensions>
      </trkpt>
      <trkpt lat="46.83303597383201122283935546875" lon="17.20749978907406330108642578125">
        <ele>219.600006103515625</ele>
        <time>2024-07-24T12:04:37.000Z</time>
        <extensions>
          <ns3:TrackPointExtension>
            <ns3:hr>117</ns3:hr>
          </ns3:TrackPointExtension>
        </extensions>
      </trkpt>
      <trkpt lat="46.83306966908276081085205078125" lon="17.2075458057224750518798828125">
        <ele>220.399993896484375</ele>
        <time>2024-07-24T12:04:41.000Z</time>
        <extensions>
          <ns3:TrackPointExtension>
            <ns3:hr>114</ns3:hr>
          </ns3:TrackPointExtension>
        </extensions>
      </trkpt>
      <trkpt lat="46.83308727107942104339599609375" lon="17.2075632400810718536376953125">
        <ele>220.600006103515625</ele>
        <time>2024-07-24T12:04:43.000Z</time>
        <extensions>
          <ns3:TrackPointExtension>
            <ns3:hr>112</ns3:hr>
          </ns3:TrackPointExtension>
        </extensions>
      </trkpt>
      <trkpt lat="46.8331183679401874542236328125" lon="17.20757924951612949371337890625">
        <ele>220.600006103515625</ele>
        <time>2024-07-24T12:04:46.000Z</time>
        <extensions>
          <ns3:TrackPointExtension>
            <ns3:hr>109</ns3:hr>
          </ns3:TrackPointExtension>
        </extensions>
      </trkpt>
      <trkpt lat="46.83313387446105480194091796875" lon="17.20758922398090362548828125">
        <ele>220.8000030517578125</ele>
        <time>2024-07-24T12:04:48.000Z</time>
        <extensions>
          <ns3:TrackPointExtension>
            <ns3:hr>112</ns3:hr>
          </ns3:TrackPointExtension>
        </extensions>
      </trkpt>
      <trkpt lat="46.83315516449511051177978515625" lon="17.20759718678891658782958984375">
        <ele>220.8000030517578125</ele>
        <time>2024-07-24T12:04:50.000Z</time>
        <extensions>
          <ns3:TrackPointExtension>
            <ns3:hr>115</ns3:hr>
          </ns3:TrackPointExtension>
        </extensions>
      </trkpt>
      <trkpt lat="46.833166144788265228271484375" lon="17.20759986899793148040771484375">
        <ele>221</ele>
        <time>2024-07-24T12:04:51.000Z</time>
        <extensions>
          <ns3:TrackPointExtension>
            <ns3:hr>114</ns3:hr>
          </ns3:TrackPointExtension>
        </extensions>
      </trkpt>
      <trkpt lat="46.83323093689978122711181640625" lon="17.2076220810413360595703125">
        <ele>221.399993896484375</ele>
        <time>2024-07-24T12:04:58.000Z</time>
        <extensions>
          <ns3:TrackPointExtension>
            <ns3:hr>114</ns3:hr>
          </ns3:TrackPointExtension>
        </extensions>
      </trkpt>
      <trkpt lat="46.83328114449977874755859375" lon="17.2076416946947574615478515625">
        <ele>221.8000030517578125</ele>
        <time>2024-07-24T12:05:03.000Z</time>
        <extensions>
          <ns3:TrackPointExtension>
            <ns3:hr>111</ns3:hr>
          </ns3:TrackPointExtension>
        </extensions>
      </trkpt>
      <trkpt lat="46.83336320333182811737060546875" lon="17.20769542269408702850341796875">
        <ele>223</ele>
        <time>2024-07-24T12:05:11.000Z</time>
        <extensions>
          <ns3:TrackPointExtension>
            <ns3:hr>110</ns3:hr>
          </ns3:TrackPointExtension>
        </extensions>
      </trkpt>
      <trkpt lat="46.83344719000160694122314453125" lon="17.207747139036655426025390625">
        <ele>224.1999969482421875</ele>
        <time>2024-07-24T12:05:20.000Z</time>
        <extensions>
          <ns3:TrackPointExtension>
            <ns3:hr>113</ns3:hr>
          </ns3:TrackPointExtension>
        </extensions>
      </trkpt>
      <trkpt lat="46.83348440565168857574462890625" lon="17.2077696025371551513671875">
        <ele>225</ele>
        <time>2024-07-24T12:05:24.000Z</time>
        <extensions>
          <ns3:TrackPointExtension>
            <ns3:hr>115</ns3:hr>
          </ns3:TrackPointExtension>
        </extensions>
      </trkpt>
      <trkpt lat="46.8335334397852420806884765625" lon="17.2077945806086063385009765625">
        <ele>225.8000030517578125</ele>
        <time>2024-07-24T12:05:29.000Z</time>
        <extensions>
          <ns3:TrackPointExtension>
            <ns3:hr>114</ns3:hr>
          </ns3:TrackPointExtension>
        </extensions>
      </trkpt>
      <trkpt lat="46.83357459492981433868408203125" lon="17.20783556811511516571044921875">
        <ele>227</ele>
        <time>2024-07-24T12:05:33.000Z</time>
        <extensions>
          <ns3:TrackPointExtension>
            <ns3:hr>110</ns3:hr>
          </ns3:TrackPointExtension>
        </extensions>
      </trkpt>
      <trkpt lat="46.833662353456020355224609375" lon="17.207878567278385162353515625">
        <ele>228.600006103515625</ele>
        <time>2024-07-24T12:05:40.000Z</time>
        <extensions>
          <ns3:TrackPointExtension>
            <ns3:hr>110</ns3:hr>
          </ns3:TrackPointExtension>
        </extensions>
      </trkpt>
      <trkpt lat="46.8336913548409938812255859375" lon="17.20789910294115543365478515625">
        <ele>229.1999969482421875</ele>
        <time>2024-07-24T12:05:43.000Z</time>
        <extensions>
          <ns3:TrackPointExtension>
            <ns3:hr>107</ns3:hr>
          </ns3:TrackPointExtension>
        </extensions>
      </trkpt>
      <trkpt lat="46.833722032606601715087890625" lon="17.2079219855368137359619140625">
        <ele>229.8000030517578125</ele>
        <time>2024-07-24T12:05:46.000Z</time>
        <extensions>
          <ns3:TrackPointExtension>
            <ns3:hr>104</ns3:hr>
          </ns3:TrackPointExtension>
        </extensions>
      </trkpt>
      <trkpt lat="46.83375966735184192657470703125" lon="17.20794620923697948455810546875">
        <ele>230.399993896484375</ele>
        <time>2024-07-24T12:05:50.000Z</time>
        <extensions>
          <ns3:TrackPointExtension>
            <ns3:hr>101</ns3:hr>
          </ns3:TrackPointExtension>
        </extensions>
      </trkpt>
      <trkpt lat="46.83376721106469631195068359375" lon="17.2079471312463283538818359375">
        <ele>230.399993896484375</ele>
        <time>2024-07-24T12:05:51.000Z</time>
        <extensions>
          <ns3:TrackPointExtension>
            <ns3:hr>101</ns3:hr>
          </ns3:TrackPointExtension>
        </extensions>
      </trkpt>
      <trkpt lat="46.8338459171354770660400390625" lon="17.207990549504756927490234375">
        <ele>231.1999969482421875</ele>
        <time>2024-07-24T12:06:00.000Z</time>
        <extensions>
          <ns3:TrackPointExtension>
            <ns3:hr>101</ns3:hr>
          </ns3:TrackPointExtension>
        </extensions>
      </trkpt>
      <trkpt lat="46.8339029140770435333251953125" lon="17.20802986063063144683837890625">
        <ele>231.8000030517578125</ele>
        <time>2024-07-24T12:06:07.000Z</time>
        <extensions>
          <ns3:TrackPointExtension>
            <ns3:hr>101</ns3:hr>
          </ns3:TrackPointExtension>
        </extensions>
      </trkpt>
      <trkpt lat="46.8339196778833866119384765625" lon="17.20804695971310138702392578125">
        <ele>232</ele>
        <time>2024-07-24T12:06:09.000Z</time>
        <extensions>
          <ns3:TrackPointExtension>
            <ns3:hr>101</ns3:hr>
          </ns3:TrackPointExtension>
        </extensions>
      </trkpt>
      <trkpt lat="46.8339954502880573272705078125" lon="17.20809775404632091522216796875">
        <ele>232.8000030517578125</ele>
        <time>2024-07-24T12:06:17.000Z</time>
        <extensions>
          <ns3:TrackPointExtension>
            <ns3:hr>99</ns3:hr>
          </ns3:TrackPointExtension>
        </extensions>
      </trkpt>
      <trkpt lat="46.83403895236551761627197265625" lon="17.20813639461994171142578125">
        <ele>233.600006103515625</ele>
        <time>2024-07-24T12:06:22.000Z</time>
        <extensions>
          <ns3:TrackPointExtension>
            <ns3:hr>96</ns3:hr>
          </ns3:TrackPointExtension>
        </extensions>
      </trkpt>
      <trkpt lat="46.83408857323229312896728515625" lon="17.20818542875349521636962890625">
        <ele>234.399993896484375</ele>
        <time>2024-07-24T12:06:27.000Z</time>
        <extensions>
          <ns3:TrackPointExtension>
            <ns3:hr>99</ns3:hr>
          </ns3:TrackPointExtension>
        </extensions>
      </trkpt>
      <trkpt lat="46.834162585437297821044921875" lon="17.20827830024063587188720703125">
        <ele>236</ele>
        <time>2024-07-24T12:06:36.000Z</time>
        <extensions>
          <ns3:TrackPointExtension>
            <ns3:hr>100</ns3:hr>
          </ns3:TrackPointExtension>
        </extensions>
      </trkpt>
      <trkpt lat="46.8342053331434726715087890625" lon="17.2083343751728534698486328125">
        <ele>236.600006103515625</ele>
        <time>2024-07-24T12:06:41.000Z</time>
        <extensions>
          <ns3:TrackPointExtension>
            <ns3:hr>104</ns3:hr>
          </ns3:TrackPointExtension>
        </extensions>
      </trkpt>
      <trkpt lat="46.8342459015548229217529296875" lon="17.2083860076963901519775390625">
        <ele>237.399993896484375</ele>
        <time>2024-07-24T12:06:45.000Z</time>
        <extensions>
          <ns3:TrackPointExtension>
            <ns3:hr>104</ns3:hr>
          </ns3:TrackPointExtension>
        </extensions>
      </trkpt>
      <trkpt lat="46.8342663533985614776611328125" lon="17.20841224305331707000732421875">
        <ele>237.8000030517578125</ele>
        <time>2024-07-24T12:06:48.000Z</time>
        <extensions>
          <ns3:TrackPointExtension>
            <ns3:hr>104</ns3:hr>
          </ns3:TrackPointExtension>
        </extensions>
      </trkpt>
      <trkpt lat="46.83426995761692523956298828125" lon="17.20841073431074619293212890625">
        <ele>237.600006103515625</ele>
        <time>2024-07-24T12:06:51.000Z</time>
        <extensions>
          <ns3:TrackPointExtension>
            <ns3:hr>106</ns3:hr>
          </ns3:TrackPointExtension>
        </extensions>
      </trkpt>
      <trkpt lat="46.83426953852176666259765625" lon="17.208405621349811553955078125">
        <ele>237.600006103515625</ele>
        <time>2024-07-24T12:06:52.000Z</time>
        <extensions>
          <ns3:TrackPointExtension>
            <ns3:hr>101</ns3:hr>
          </ns3:TrackPointExtension>
        </extensions>
      </trkpt>
      <trkpt lat="46.83426777832210063934326171875" lon="17.2084004245698451995849609375">
        <ele>237.600006103515625</ele>
        <time>2024-07-24T12:06:53.000Z</time>
        <extensions>
          <ns3:TrackPointExtension>
            <ns3:hr>101</ns3:hr>
          </ns3:TrackPointExtension>
        </extensions>
      </trkpt>
      <trkpt lat="46.83426593430340290069580078125" lon="17.20839145593345165252685546875">
        <ele>237.399993896484375</ele>
        <time>2024-07-24T12:06:57.000Z</time>
        <extensions>
          <ns3:TrackPointExtension>
            <ns3:hr>103</ns3:hr>
          </ns3:TrackPointExtension>
        </extensions>
      </trkpt>
      <trkpt lat="46.834266185760498046875" lon="17.20839447341859340667724609375">
        <ele>237.600006103515625</ele>
        <time>2024-07-24T12:07:00.000Z</time>
        <extensions>
          <ns3:TrackPointExtension>
            <ns3:hr>100</ns3:hr>
          </ns3:TrackPointExtension>
        </extensions>
      </trkpt>
      <trkpt lat="46.8342663533985614776611328125" lon="17.208395898342132568359375">
        <ele>237.600006103515625</ele>
        <time>2024-07-24T12:07:05.000Z</time>
        <extensions>
          <ns3:TrackPointExtension>
            <ns3:hr>103</ns3:hr>
          </ns3:TrackPointExtension>
        </extensions>
      </trkpt>
      <trkpt lat="46.8342663533985614776611328125" lon="17.208395898342132568359375">
        <ele>237.600006103515625</ele>
        <time>2024-07-24T12:07:06.000Z</time>
        <extensions>
          <ns3:TrackPointExtension>
            <ns3:hr>103</ns3:hr>
          </ns3:TrackPointExtension>
        </extensions>
      </trkpt>
      <trkpt lat="46.83426995761692523956298828125" lon="17.20839832909405231475830078125">
        <ele>237.600006103515625</ele>
        <time>2024-07-24T12:07:24.000Z</time>
        <extensions>
          <ns3:TrackPointExtension>
            <ns3:hr>106</ns3:hr>
          </ns3:TrackPointExtension>
        </extensions>
      </trkpt>
      <trkpt lat="46.83427146635949611663818359375" lon="17.2084017656743526458740234375">
        <ele>237.600006103515625</ele>
        <time>2024-07-24T12:07:34.000Z</time>
        <extensions>
          <ns3:TrackPointExtension>
            <ns3:hr>109</ns3:hr>
          </ns3:TrackPointExtension>
        </extensions>
      </trkpt>
      <trkpt lat="46.834280602633953094482421875" lon="17.20841727219521999359130859375">
        <ele>237.8000030517578125</ele>
        <time>2024-07-24T12:07:41.000Z</time>
        <extensions>
          <ns3:TrackPointExtension>
            <ns3:hr>106</ns3:hr>
          </ns3:TrackPointExtension>
        </extensions>
      </trkpt>
      <trkpt lat="46.8342844583094120025634765625" lon="17.208428084850311279296875">
        <ele>237.8000030517578125</ele>
        <time>2024-07-24T12:07:54.000Z</time>
        <extensions>
          <ns3:TrackPointExtension>
            <ns3:hr>103</ns3:hr>
          </ns3:TrackPointExtension>
        </extensions>
      </trkpt>
      <trkpt lat="46.834284961223602294921875" lon="17.2084282524883747100830078125">
        <ele>237.8000030517578125</ele>
        <time>2024-07-24T12:07:56.000Z</time>
        <extensions>
          <ns3:TrackPointExtension>
            <ns3:hr>100</ns3:hr>
          </ns3:TrackPointExtension>
        </extensions>
      </trkpt>
      <trkpt lat="46.83428504504263401031494140625" lon="17.20842833630740642547607421875">
        <ele>237.8000030517578125</ele>
        <time>2024-07-24T12:07:57.000Z</time>
        <extensions>
          <ns3:TrackPointExtension>
            <ns3:hr>104</ns3:hr>
          </ns3:TrackPointExtension>
        </extensions>
      </trkpt>
      <trkpt lat="46.83432309888303279876708984375" lon="17.2085030190646648406982421875">
        <ele>238.399993896484375</ele>
        <time>2024-07-24T12:08:05.000Z</time>
        <extensions>
          <ns3:TrackPointExtension>
            <ns3:hr>104</ns3:hr>
          </ns3:TrackPointExtension>
        </extensions>
      </trkpt>
      <trkpt lat="46.83436752296984195709228515625" lon="17.208568565547466278076171875">
        <ele>239</ele>
        <time>2024-07-24T12:08:08.000Z</time>
        <extensions>
          <ns3:TrackPointExtension>
            <ns3:hr>104</ns3:hr>
          </ns3:TrackPointExtension>
        </extensions>
      </trkpt>
      <trkpt lat="46.83441882021725177764892578125" lon="17.20865297131240367889404296875">
        <ele>239.8000030517578125</ele>
        <time>2024-07-24T12:08:13.000Z</time>
        <extensions>
          <ns3:TrackPointExtension>
            <ns3:hr>103</ns3:hr>
          </ns3:TrackPointExtension>
        </extensions>
      </trkpt>
      <trkpt lat="46.83449484407901763916015625" lon="17.20881390385329723358154296875">
        <ele>241</ele>
        <time>2024-07-24T12:08:25.000Z</time>
        <extensions>
          <ns3:TrackPointExtension>
            <ns3:hr>103</ns3:hr>
          </ns3:TrackPointExtension>
        </extensions>
      </trkpt>
      <trkpt lat="46.834566928446292877197265625" lon="17.208971567451953887939453125">
        <ele>241.600006103515625</ele>
        <time>2024-07-24T12:08:35.000Z</time>
        <extensions>
          <ns3:TrackPointExtension>
            <ns3:hr>102</ns3:hr>
          </ns3:TrackPointExtension>
        </extensions>
      </trkpt>
      <trkpt lat="46.8346599675714969635009765625" lon="17.209076173603534698486328125">
        <ele>242</ele>
        <time>2024-07-24T12:08:44.000Z</time>
        <extensions>
          <ns3:TrackPointExtension>
            <ns3:hr>105</ns3:hr>
          </ns3:TrackPointExtension>
        </extensions>
      </trkpt>
      <trkpt lat="46.83468930423259735107421875" lon="17.20912252552807331085205078125">
        <ele>242.1999969482421875</ele>
        <time>2024-07-24T12:08:48.000Z</time>
        <extensions>
          <ns3:TrackPointExtension>
            <ns3:hr>107</ns3:hr>
          </ns3:TrackPointExtension>
        </extensions>
      </trkpt>
      <trkpt lat="46.8346998654305934906005859375" lon="17.20914515666663646697998046875">
        <ele>242.399993896484375</ele>
        <time>2024-07-24T12:08:50.000Z</time>
        <extensions>
          <ns3:TrackPointExtension>
            <ns3:hr>107</ns3:hr>
          </ns3:TrackPointExtension>
        </extensions>
      </trkpt>
      <trkpt lat="46.834740601480007171630859375" lon="17.20921053551137447357177734375">
        <ele>242.8000030517578125</ele>
        <time>2024-07-24T12:08:55.000Z</time>
        <extensions>
          <ns3:TrackPointExtension>
            <ns3:hr>110</ns3:hr>
          </ns3:TrackPointExtension>
        </extensions>
      </trkpt>
      <trkpt lat="46.8348078243434429168701171875" lon="17.20934196375310420989990234375">
        <ele>243.8000030517578125</ele>
        <time>2024-07-24T12:09:04.000Z</time>
        <extensions>
          <ns3:TrackPointExtension>
            <ns3:hr>112</ns3:hr>
          </ns3:TrackPointExtension>
        </extensions>
      </trkpt>
      <trkpt lat="46.8348695151507854461669921875" lon="17.2094595618546009063720703125">
        <ele>245.1999969482421875</ele>
        <time>2024-07-24T12:09:13.000Z</time>
        <extensions>
          <ns3:TrackPointExtension>
            <ns3:hr>113</ns3:hr>
          </ns3:TrackPointExtension>
        </extensions>
      </trkpt>
      <trkpt lat="46.83492525480687618255615234375" lon="17.20957598648965358734130859375">
        <ele>246.600006103515625</ele>
        <time>2024-07-24T12:09:22.000Z</time>
        <extensions>
          <ns3:TrackPointExtension>
            <ns3:hr>114</ns3:hr>
          </ns3:TrackPointExtension>
        </extensions>
      </trkpt>
      <trkpt lat="46.834936402738094329833984375" lon="17.20960431732237339019775390625">
        <ele>247</ele>
        <time>2024-07-24T12:09:28.000Z</time>
        <extensions>
          <ns3:TrackPointExtension>
            <ns3:hr>113</ns3:hr>
          </ns3:TrackPointExtension>
        </extensions>
      </trkpt>
      <trkpt lat="46.834979988634586334228515625" lon="17.2096846997737884521484375">
        <ele>248</ele>
        <time>2024-07-24T12:09:35.000Z</time>
        <extensions>
          <ns3:TrackPointExtension>
            <ns3:hr>115</ns3:hr>
          </ns3:TrackPointExtension>
        </extensions>
      </trkpt>
      <trkpt lat="46.83499381877481937408447265625" lon="17.20973356626927852630615234375">
        <ele>248.600006103515625</ele>
        <time>2024-07-24T12:09:40.000Z</time>
        <extensions>
          <ns3:TrackPointExtension>
            <ns3:hr>116</ns3:hr>
          </ns3:TrackPointExtension>
        </extensions>
      </trkpt>
      <trkpt lat="46.8350265920162200927734375" lon="17.209839932620525360107421875">
        <ele>250</ele>
        <time>2024-07-24T12:09:46.000Z</time>
        <extensions>
          <ns3:TrackPointExtension>
            <ns3:hr>117</ns3:hr>
          </ns3:TrackPointExtension>
        </extensions>
      </trkpt>
      <trkpt lat="46.83503128588199615478515625" lon="17.20985627733170986175537109375">
        <ele>250</ele>
        <time>2024-07-24T12:09:47.000Z</time>
        <extensions>
          <ns3:TrackPointExtension>
            <ns3:hr>117</ns3:hr>
          </ns3:TrackPointExtension>
        </extensions>
      </trkpt>
      <trkpt lat="46.8350468762218952178955078125" lon="17.2099175490438938140869140625">
        <ele>250.8000030517578125</ele>
        <time>2024-07-24T12:09:52.000Z</time>
        <extensions>
          <ns3:TrackPointExtension>
            <ns3:hr>117</ns3:hr>
          </ns3:TrackPointExtension>
        </extensions>
      </trkpt>
      <trkpt lat="46.83504796586930751800537109375" lon="17.20995283685624599456787109375">
        <ele>251</ele>
        <time>2024-07-24T12:09:54.000Z</time>
        <extensions>
          <ns3:TrackPointExtension>
            <ns3:hr>116</ns3:hr>
          </ns3:TrackPointExtension>
        </extensions>
      </trkpt>
      <trkpt lat="46.83504947461187839508056640625" lon="17.21000413410365581512451171875">
        <ele>251.1999969482421875</ele>
        <time>2024-07-24T12:09:57.000Z</time>
        <extensions>
          <ns3:TrackPointExtension>
            <ns3:hr>113</ns3:hr>
          </ns3:TrackPointExtension>
        </extensions>
      </trkpt>
      <trkpt lat="46.83506808243691921234130859375" lon="17.2100969217717647552490234375">
        <ele>251.600006103515625</ele>
        <time>2024-07-24T12:10:02.000Z</time>
        <extensions>
          <ns3:TrackPointExtension>
            <ns3:hr>111</ns3:hr>
          </ns3:TrackPointExtension>
        </extensions>
      </trkpt>
      <trkpt lat="46.83507059700787067413330078125" lon="17.2101366519927978515625">
        <ele>251.8000030517578125</ele>
        <time>2024-07-24T12:10:04.000Z</time>
        <extensions>
          <ns3:TrackPointExtension>
            <ns3:hr>110</ns3:hr>
          </ns3:TrackPointExtension>
        </extensions>
      </trkpt>
      <trkpt lat="46.83507964946329593658447265625" lon="17.21018954180181026458740234375">
        <ele>252</ele>
        <time>2024-07-24T12:10:07.000Z</time>
        <extensions>
          <ns3:TrackPointExtension>
            <ns3:hr>110</ns3:hr>
          </ns3:TrackPointExtension>
        </extensions>
      </trkpt>
      <trkpt lat="46.8350850977003574371337890625" lon="17.21020932309329509735107421875">
        <ele>252</ele>
        <time>2024-07-24T12:10:08.000Z</time>
        <extensions>
          <ns3:TrackPointExtension>
            <ns3:hr>112</ns3:hr>
          </ns3:TrackPointExtension>
        </extensions>
      </trkpt>
      <trkpt lat="46.83510194532573223114013671875" lon="17.21029649488627910614013671875">
        <ele>252.1999969482421875</ele>
        <time>2024-07-24T12:10:13.000Z</time>
        <extensions>
          <ns3:TrackPointExtension>
            <ns3:hr>109</ns3:hr>
          </ns3:TrackPointExtension>
        </extensions>
      </trkpt>
      <trkpt lat="46.83511384762823581695556640625" lon="17.210364304482936859130859375">
        <ele>252.399993896484375</ele>
        <time>2024-07-24T12:10:17.000Z</time>
        <extensions>
          <ns3:TrackPointExtension>
            <ns3:hr>108</ns3:hr>
          </ns3:TrackPointExtension>
        </extensions>
      </trkpt>
      <trkpt lat="46.8351327069103717803955078125" lon="17.2104995884001255035400390625">
        <ele>252.8000030517578125</ele>
        <time>2024-07-24T12:10:24.000Z</time>
        <extensions>
          <ns3:TrackPointExtension>
            <ns3:hr>109</ns3:hr>
          </ns3:TrackPointExtension>
        </extensions>
      </trkpt>
      <trkpt lat="46.83513698168098926544189453125" lon="17.21065993420779705047607421875">
        <ele>252.600006103515625</ele>
        <time>2024-07-24T12:10:34.000Z</time>
        <extensions>
          <ns3:TrackPointExtension>
            <ns3:hr>111</ns3:hr>
          </ns3:TrackPointExtension>
        </extensions>
      </trkpt>
      <trkpt lat="46.83514184318482875823974609375" lon="17.21071399748325347900390625">
        <ele>252.600006103515625</ele>
        <time>2024-07-24T12:10:37.000Z</time>
        <extensions>
          <ns3:TrackPointExtension>
            <ns3:hr>114</ns3:hr>
          </ns3:TrackPointExtension>
        </extensions>
      </trkpt>
      <trkpt lat="46.8351419270038604736328125" lon="17.21079387702047824859619140625">
        <ele>252.600006103515625</ele>
        <time>2024-07-24T12:10:41.000Z</time>
        <extensions>
          <ns3:TrackPointExtension>
            <ns3:hr>111</ns3:hr>
          </ns3:TrackPointExtension>
        </extensions>
      </trkpt>
      <trkpt lat="46.8351467885076999664306640625" lon="17.21084785647690296173095703125">
        <ele>252.8000030517578125</ele>
        <time>2024-07-24T12:10:44.000Z</time>
        <extensions>
          <ns3:TrackPointExtension>
            <ns3:hr>111</ns3:hr>
          </ns3:TrackPointExtension>
        </extensions>
      </trkpt>
      <trkpt lat="46.8351526558399200439453125" lon="17.2108687274158000946044921875">
        <ele>252.8000030517578125</ele>
        <time>2024-07-24T12:10:45.000Z</time>
        <extensions>
          <ns3:TrackPointExtension>
            <ns3:hr>112</ns3:hr>
          </ns3:TrackPointExtension>
        </extensions>
      </trkpt>
      <trkpt lat="46.8351687490940093994140625" lon="17.2109947912395000457763671875">
        <ele>253</ele>
        <time>2024-07-24T12:10:53.000Z</time>
        <extensions>
          <ns3:TrackPointExtension>
            <ns3:hr>113</ns3:hr>
          </ns3:TrackPointExtension>
        </extensions>
      </trkpt>
      <trkpt lat="46.83519246987998485565185546875" lon="17.21116016618907451629638671875">
        <ele>252.8000030517578125</ele>
        <time>2024-07-24T12:11:01.000Z</time>
        <extensions>
          <ns3:TrackPointExtension>
            <ns3:hr>112</ns3:hr>
          </ns3:TrackPointExtension>
        </extensions>
      </trkpt>
      <trkpt lat="46.8352098204195499420166015625" lon="17.2113092802464962005615234375">
        <ele>252.1999969482421875</ele>
        <time>2024-07-24T12:11:10.000Z</time>
        <extensions>
          <ns3:TrackPointExtension>
            <ns3:hr>113</ns3:hr>
          </ns3:TrackPointExtension>
        </extensions>
      </trkpt>
      <trkpt lat="46.83520923368632793426513671875" lon="17.21132428385317325592041015625">
        <ele>252.1999969482421875</ele>
        <time>2024-07-24T12:11:11.000Z</time>
        <extensions>
          <ns3:TrackPointExtension>
            <ns3:hr>113</ns3:hr>
          </ns3:TrackPointExtension>
        </extensions>
      </trkpt>
      <trkpt lat="46.83520789258182048797607421875" lon="17.21136116422712802886962890625">
        <ele>252</ele>
        <time>2024-07-24T12:11:13.000Z</time>
        <extensions>
          <ns3:TrackPointExtension>
            <ns3:hr>109</ns3:hr>
          </ns3:TrackPointExtension>
        </extensions>
      </trkpt>
      <trkpt lat="46.8352089822292327880859375" lon="17.21138262189924716949462890625">
        <ele>251.8000030517578125</ele>
        <time>2024-07-24T12:11:14.000Z</time>
        <extensions>
          <ns3:TrackPointExtension>
            <ns3:hr>112</ns3:hr>
          </ns3:TrackPointExtension>
        </extensions>
      </trkpt>
      <trkpt lat="46.835217364132404327392578125" lon="17.2114755772054195404052734375">
        <ele>251.600006103515625</ele>
        <time>2024-07-24T12:11:20.000Z</time>
        <extensions>
          <ns3:TrackPointExtension>
            <ns3:hr>112</ns3:hr>
          </ns3:TrackPointExtension>
        </extensions>
      </trkpt>
      <trkpt lat="46.83522800914943218231201171875" lon="17.21152058802545070648193359375">
        <ele>251.1999969482421875</ele>
        <time>2024-07-24T12:11:23.000Z</time>
        <extensions>
          <ns3:TrackPointExtension>
            <ns3:hr>112</ns3:hr>
          </ns3:TrackPointExtension>
        </extensions>
      </trkpt>
      <trkpt lat="46.835240833461284637451171875" lon="17.21160876564681529998779296875">
        <ele>250.600006103515625</ele>
        <time>2024-07-24T12:11:27.000Z</time>
        <extensions>
          <ns3:TrackPointExtension>
            <ns3:hr>111</ns3:hr>
          </ns3:TrackPointExtension>
        </extensions>
      </trkpt>
      <trkpt lat="46.83524183928966522216796875" lon="17.21163508482277393341064453125">
        <ele>250.399993896484375</ele>
        <time>2024-07-24T12:11:28.000Z</time>
        <extensions>
          <ns3:TrackPointExtension>
            <ns3:hr>111</ns3:hr>
          </ns3:TrackPointExtension>
        </extensions>
      </trkpt>
      <trkpt lat="46.83523421175777912139892578125" lon="17.21171312034130096435546875">
        <ele>249.600006103515625</ele>
        <time>2024-07-24T12:11:33.000Z</time>
        <extensions>
          <ns3:TrackPointExtension>
            <ns3:hr>110</ns3:hr>
          </ns3:TrackPointExtension>
        </extensions>
      </trkpt>
      <trkpt lat="46.835257597267627716064453125" lon="17.21177824772894382476806640625">
        <ele>248.8000030517578125</ele>
        <time>2024-07-24T12:11:37.000Z</time>
        <extensions>
          <ns3:TrackPointExtension>
            <ns3:hr>113</ns3:hr>
          </ns3:TrackPointExtension>
        </extensions>
      </trkpt>
      <trkpt lat="46.835257597267627716064453125" lon="17.2118363343179225921630859375">
        <ele>248.399993896484375</ele>
        <time>2024-07-24T12:11:40.000Z</time>
        <extensions>
          <ns3:TrackPointExtension>
            <ns3:hr>112</ns3:hr>
          </ns3:TrackPointExtension>
        </extensions>
      </trkpt>
      <trkpt lat="46.83525399304926395416259765625" lon="17.21185435540974140167236328125">
        <ele>248.399993896484375</ele>
        <time>2024-07-24T12:11:41.000Z</time>
        <extensions>
          <ns3:TrackPointExtension>
            <ns3:hr>112</ns3:hr>
          </ns3:TrackPointExtension>
        </extensions>
      </trkpt>
      <trkpt lat="46.83527729474008083343505859375" lon="17.21195879392325878143310546875">
        <ele>247.399993896484375</ele>
        <time>2024-07-24T12:11:48.000Z</time>
        <extensions>
          <ns3:TrackPointExtension>
            <ns3:hr>113</ns3:hr>
          </ns3:TrackPointExtension>
        </extensions>
      </trkpt>
      <trkpt lat="46.83527536690235137939453125" lon="17.21207094378769397735595703125">
        <ele>246.399993896484375</ele>
        <time>2024-07-24T12:11:54.000Z</time>
        <extensions>
          <ns3:TrackPointExtension>
            <ns3:hr>112</ns3:hr>
          </ns3:TrackPointExtension>
        </extensions>
      </trkpt>
      <trkpt lat="46.83527058921754360198974609375" lon="17.2120881266891956329345703125">
        <ele>246.399993896484375</ele>
        <time>2024-07-24T12:11:55.000Z</time>
        <extensions>
          <ns3:TrackPointExtension>
            <ns3:hr>112</ns3:hr>
          </ns3:TrackPointExtension>
        </extensions>
      </trkpt>
      <trkpt lat="46.83526891283690929412841796875" lon="17.2121102549135684967041015625">
        <ele>246</ele>
        <time>2024-07-24T12:11:57.000Z</time>
        <extensions>
          <ns3:TrackPointExtension>
            <ns3:hr>112</ns3:hr>
          </ns3:TrackPointExtension>
        </extensions>
      </trkpt>
      <trkpt lat="46.835278384387493133544921875" lon="17.2121561877429485321044921875">
        <ele>245.600006103515625</ele>
        <time>2024-07-24T12:12:00.000Z</time>
        <extensions>
          <ns3:TrackPointExtension>
            <ns3:hr>113</ns3:hr>
          </ns3:TrackPointExtension>
        </extensions>
      </trkpt>
      <trkpt lat="46.83527545072138309478759765625" lon="17.2122856043279170989990234375">
        <ele>244.600006103515625</ele>
        <time>2024-07-24T12:12:07.000Z</time>
        <extensions>
          <ns3:TrackPointExtension>
            <ns3:hr>115</ns3:hr>
          </ns3:TrackPointExtension>
        </extensions>
      </trkpt>
      <trkpt lat="46.83528031222522258758544921875" lon="17.21230898983776569366455078125">
        <ele>244.399993896484375</ele>
        <time>2024-07-24T12:12:08.000Z</time>
        <extensions>
          <ns3:TrackPointExtension>
            <ns3:hr>115</ns3:hr>
          </ns3:TrackPointExtension>
        </extensions>
      </trkpt>
      <trkpt lat="46.8352822400629520416259765625" lon="17.21240538172423839569091796875">
        <ele>244</ele>
        <time>2024-07-24T12:12:14.000Z</time>
        <extensions>
          <ns3:TrackPointExtension>
            <ns3:hr>117</ns3:hr>
          </ns3:TrackPointExtension>
        </extensions>
      </trkpt>
      <trkpt lat="46.83527268469333648681640625" lon="17.21249523572623729705810546875">
        <ele>243.8000030517578125</ele>
        <time>2024-07-24T12:12:19.000Z</time>
        <extensions>
          <ns3:TrackPointExtension>
            <ns3:hr>120</ns3:hr>
          </ns3:TrackPointExtension>
        </extensions>
      </trkpt>
      <trkpt lat="46.83526857756078243255615234375" lon="17.21257503144443035125732421875">
        <ele>243.600006103515625</ele>
        <time>2024-07-24T12:12:23.000Z</time>
        <extensions>
          <ns3:TrackPointExtension>
            <ns3:hr>124</ns3:hr>
          </ns3:TrackPointExtension>
        </extensions>
      </trkpt>
      <trkpt lat="46.83526790700852870941162109375" lon="17.212660945951938629150390625">
        <ele>243.1999969482421875</ele>
        <time>2024-07-24T12:12:28.000Z</time>
        <extensions>
          <ns3:TrackPointExtension>
            <ns3:hr>125</ns3:hr>
          </ns3:TrackPointExtension>
        </extensions>
      </trkpt>
      <trkpt lat="46.83526606298983097076416015625" lon="17.21267293207347393035888671875">
        <ele>243.1999969482421875</ele>
        <time>2024-07-24T12:12:29.000Z</time>
        <extensions>
          <ns3:TrackPointExtension>
            <ns3:hr>126</ns3:hr>
          </ns3:TrackPointExtension>
        </extensions>
      </trkpt>
      <trkpt lat="46.83526597917079925537109375" lon="17.21268600784242153167724609375">
        <ele>243.1999969482421875</ele>
        <time>2024-07-24T12:12:30.000Z</time>
        <extensions>
          <ns3:TrackPointExtension>
            <ns3:hr>129</ns3:hr>
          </ns3:TrackPointExtension>
        </extensions>
      </trkpt>
      <trkpt lat="46.83526287786662578582763671875" lon="17.21272976137697696685791015625">
        <ele>243</ele>
        <time>2024-07-24T12:12:33.000Z</time>
        <extensions>
          <ns3:TrackPointExtension>
            <ns3:hr>132</ns3:hr>
          </ns3:TrackPointExtension>
        </extensions>
      </trkpt>
      <trkpt lat="46.8352470360696315765380859375" lon="17.21278441138565540313720703125">
        <ele>243</ele>
        <time>2024-07-24T12:12:36.000Z</time>
        <extensions>
          <ns3:TrackPointExtension>
            <ns3:hr>134</ns3:hr>
          </ns3:TrackPointExtension>
        </extensions>
      </trkpt>
      <trkpt lat="46.8352299369871616363525390625" lon="17.2129075415432453155517578125">
        <ele>242.8000030517578125</ele>
        <time>2024-07-24T12:12:43.000Z</time>
        <extensions>
          <ns3:TrackPointExtension>
            <ns3:hr>134</ns3:hr>
          </ns3:TrackPointExtension>
        </extensions>
      </trkpt>
      <trkpt lat="46.8352188728749752044677734375" lon="17.21300267614424228668212890625">
        <ele>242.600006103515625</ele>
        <time>2024-07-24T12:12:49.000Z</time>
        <extensions>
          <ns3:TrackPointExtension>
            <ns3:hr>133</ns3:hr>
          </ns3:TrackPointExtension>
        </extensions>
      </trkpt>
      <trkpt lat="46.83521811850368976593017578125" lon="17.2131663747131824493408203125">
        <ele>242.399993896484375</ele>
        <time>2024-07-24T12:12:59.000Z</time>
        <extensions>
          <ns3:TrackPointExtension>
            <ns3:hr>131</ns3:hr>
          </ns3:TrackPointExtension>
        </extensions>
      </trkpt>
      <trkpt lat="46.83520420454442501068115234375" lon="17.213377766311168670654296875">
        <ele>241.8000030517578125</ele>
        <time>2024-07-24T12:13:11.000Z</time>
        <extensions>
          <ns3:TrackPointExtension>
            <ns3:hr>130</ns3:hr>
          </ns3:TrackPointExtension>
        </extensions>
      </trkpt>
      <trkpt lat="46.83520252816379070281982421875" lon="17.2135023213922977447509765625">
        <ele>241.399993896484375</ele>
        <time>2024-07-24T12:13:18.000Z</time>
        <extensions>
          <ns3:TrackPointExtension>
            <ns3:hr>131</ns3:hr>
          </ns3:TrackPointExtension>
        </extensions>
      </trkpt>
      <trkpt lat="46.83522230945527553558349609375" lon="17.2136461548507213592529296875">
        <ele>241</ele>
        <time>2024-07-24T12:13:26.000Z</time>
        <extensions>
          <ns3:TrackPointExtension>
            <ns3:hr>132</ns3:hr>
          </ns3:TrackPointExtension>
        </extensions>
      </trkpt>
      <trkpt lat="46.83523940853774547576904296875" lon="17.21378588117659091949462890625">
        <ele>240.600006103515625</ele>
        <time>2024-07-24T12:13:34.000Z</time>
        <extensions>
          <ns3:TrackPointExtension>
            <ns3:hr>133</ns3:hr>
          </ns3:TrackPointExtension>
        </extensions>
      </trkpt>
      <trkpt lat="46.83524443767964839935302734375" lon="17.21390591003000736236572265625">
        <ele>240.8000030517578125</ele>
        <time>2024-07-24T12:13:41.000Z</time>
        <extensions>
          <ns3:TrackPointExtension>
            <ns3:hr>134</ns3:hr>
          </ns3:TrackPointExtension>
        </extensions>
      </trkpt>
      <trkpt lat="46.83526639826595783233642578125" lon="17.21403297968208789825439453125">
        <ele>241</ele>
        <time>2024-07-24T12:13:49.000Z</time>
        <extensions>
          <ns3:TrackPointExtension>
            <ns3:hr>134</ns3:hr>
          </ns3:TrackPointExtension>
        </extensions>
      </trkpt>
      <trkpt lat="46.8353013508021831512451171875" lon="17.21422308124601840972900390625">
        <ele>241.399993896484375</ele>
        <time>2024-07-24T12:14:00.000Z</time>
        <extensions>
          <ns3:TrackPointExtension>
            <ns3:hr>134</ns3:hr>
          </ns3:TrackPointExtension>
        </extensions>
      </trkpt>
      <trkpt lat="46.835346780717372894287109375" lon="17.2144350595772266387939453125">
        <ele>242.1999969482421875</ele>
        <time>2024-07-24T12:14:12.000Z</time>
        <extensions>
          <ns3:TrackPointExtension>
            <ns3:hr>135</ns3:hr>
          </ns3:TrackPointExtension>
        </extensions>
      </trkpt>
      <trkpt lat="46.83537033386528491973876953125" lon="17.21451778896152973175048828125">
        <ele>242.600006103515625</ele>
        <time>2024-07-24T12:14:18.000Z</time>
        <extensions>
          <ns3:TrackPointExtension>
            <ns3:hr>132</ns3:hr>
          </ns3:TrackPointExtension>
        </extensions>
      </trkpt>
      <trkpt lat="46.835378967225551605224609375" lon="17.21457042731344699859619140625">
        <ele>242.8000030517578125</ele>
        <time>2024-07-24T12:14:22.000Z</time>
        <extensions>
          <ns3:TrackPointExtension>
            <ns3:hr>132</ns3:hr>
          </ns3:TrackPointExtension>
        </extensions>
      </trkpt>
      <trkpt lat="46.8354250676929950714111328125" lon="17.2147220559418201446533203125">
        <ele>243.1999969482421875</ele>
        <time>2024-07-24T12:14:31.000Z</time>
        <extensions>
          <ns3:TrackPointExtension>
            <ns3:hr>133</ns3:hr>
          </ns3:TrackPointExtension>
        </extensions>
      </trkpt>
      <trkpt lat="46.8354450166225433349609375" lon="17.21484133042395114898681640625">
        <ele>243.8000030517578125</ele>
        <time>2024-07-24T12:14:39.000Z</time>
        <extensions>
          <ns3:TrackPointExtension>
            <ns3:hr>133</ns3:hr>
          </ns3:TrackPointExtension>
        </extensions>
      </trkpt>
      <trkpt lat="46.83548315428197383880615234375" lon="17.2149775363504886627197265625">
        <ele>244.399993896484375</ele>
        <time>2024-07-24T12:14:47.000Z</time>
        <extensions>
          <ns3:TrackPointExtension>
            <ns3:hr>134</ns3:hr>
          </ns3:TrackPointExtension>
        </extensions>
      </trkpt>
      <trkpt lat="46.83549639768898487091064453125" lon="17.21500259824097156524658203125">
        <ele>244.600006103515625</ele>
        <time>2024-07-24T12:14:49.000Z</time>
        <extensions>
          <ns3:TrackPointExtension>
            <ns3:hr>135</ns3:hr>
          </ns3:TrackPointExtension>
        </extensions>
      </trkpt>
      <trkpt lat="46.8355201184749603271484375" lon="17.21510636620223522186279296875">
        <ele>245.1999969482421875</ele>
        <time>2024-07-24T12:14:55.000Z</time>
        <extensions>
          <ns3:TrackPointExtension>
            <ns3:hr>135</ns3:hr>
          </ns3:TrackPointExtension>
        </extensions>
      </trkpt>
      <trkpt lat="46.83555088005959987640380859375" lon="17.21522522158920764923095703125">
        <ele>245.8000030517578125</ele>
        <time>2024-07-24T12:15:04.000Z</time>
        <extensions>
          <ns3:TrackPointExtension>
            <ns3:hr>136</ns3:hr>
          </ns3:TrackPointExtension>
        </extensions>
      </trkpt>
      <trkpt lat="46.8356399796903133392333984375" lon="17.21529780887067317962646484375">
        <ele>246.399993896484375</ele>
        <time>2024-07-24T12:15:13.000Z</time>
        <extensions>
          <ns3:TrackPointExtension>
            <ns3:hr>137</ns3:hr>
          </ns3:TrackPointExtension>
        </extensions>
      </trkpt>
      <trkpt lat="46.83569605462253093719482421875" lon="17.2153537161648273468017578125">
        <ele>246.8000030517578125</ele>
        <time>2024-07-24T12:15:20.000Z</time>
        <extensions>
          <ns3:TrackPointExtension>
            <ns3:hr>139</ns3:hr>
          </ns3:TrackPointExtension>
        </extensions>
      </trkpt>
      <trkpt lat="46.8357838131487369537353515625" lon="17.215450443327426910400390625">
        <ele>247.399993896484375</ele>
        <time>2024-07-24T12:15:30.000Z</time>
        <extensions>
          <ns3:TrackPointExtension>
            <ns3:hr>138</ns3:hr>
          </ns3:TrackPointExtension>
        </extensions>
      </trkpt>
      <trkpt lat="46.8358766846358776092529296875" lon="17.21552789211273193359375">
        <ele>248.1999969482421875</ele>
        <time>2024-07-24T12:15:41.000Z</time>
        <extensions>
          <ns3:TrackPointExtension>
            <ns3:hr>139</ns3:hr>
          </ns3:TrackPointExtension>
        </extensions>
      </trkpt>
      <trkpt lat="46.83588464744389057159423828125" lon="17.215546332299709320068359375">
        <ele>248.399993896484375</ele>
        <time>2024-07-24T12:15:46.000Z</time>
        <extensions>
          <ns3:TrackPointExtension>
            <ns3:hr>139</ns3:hr>
          </ns3:TrackPointExtension>
        </extensions>
      </trkpt>
      <trkpt lat="46.835873834788799285888671875" lon="17.21559503115713596343994140625">
        <ele>248.600006103515625</ele>
        <time>2024-07-24T12:15:53.000Z</time>
        <extensions>
          <ns3:TrackPointExtension>
            <ns3:hr>138</ns3:hr>
          </ns3:TrackPointExtension>
        </extensions>
      </trkpt>
      <trkpt lat="46.83587408624589443206787109375" lon="17.21559754572808742523193359375">
        <ele>248.600006103515625</ele>
        <time>2024-07-24T12:16:00.000Z</time>
        <extensions>
          <ns3:TrackPointExtension>
            <ns3:hr>136</ns3:hr>
          </ns3:TrackPointExtension>
        </extensions>
      </trkpt>
      <trkpt lat="46.83587358333170413970947265625" lon="17.21559855155646800994873046875">
        <ele>248.600006103515625</ele>
        <time>2024-07-24T12:16:06.000Z</time>
        <extensions>
          <ns3:TrackPointExtension>
            <ns3:hr>133</ns3:hr>
          </ns3:TrackPointExtension>
        </extensions>
      </trkpt>
      <trkpt lat="46.83587358333170413970947265625" lon="17.21560123376548290252685546875">
        <ele>248.8000030517578125</ele>
        <time>2024-07-24T12:16:19.000Z</time>
        <extensions>
          <ns3:TrackPointExtension>
            <ns3:hr>132</ns3:hr>
          </ns3:TrackPointExtension>
        </extensions>
      </trkpt>
      <trkpt lat="46.835863776504993438720703125" lon="17.2156152315437793731689453125">
        <ele>248.8000030517578125</ele>
        <time>2024-07-24T12:16:45.000Z</time>
        <extensions>
          <ns3:TrackPointExtension>
            <ns3:hr>135</ns3:hr>
          </ns3:TrackPointExtension>
        </extensions>
      </trkpt>
      <trkpt lat="46.83590794913470745086669921875" lon="17.21563585102558135986328125">
        <ele>249</ele>
        <time>2024-07-24T12:16:51.000Z</time>
        <extensions>
          <ns3:TrackPointExtension>
            <ns3:hr>138</ns3:hr>
          </ns3:TrackPointExtension>
        </extensions>
      </trkpt>
      <trkpt lat="46.8359278142452239990234375" lon="17.215656973421573638916015625">
        <ele>249.1999969482421875</ele>
        <time>2024-07-24T12:16:56.000Z</time>
        <extensions>
          <ns3:TrackPointExtension>
            <ns3:hr>138</ns3:hr>
          </ns3:TrackPointExtension>
        </extensions>
      </trkpt>
      <trkpt lat="46.8359303288161754608154296875" lon="17.21565999090671539306640625">
        <ele>249.399993896484375</ele>
        <time>2024-07-24T12:17:07.000Z</time>
        <extensions>
          <ns3:TrackPointExtension>
            <ns3:hr>135</ns3:hr>
          </ns3:TrackPointExtension>
        </extensions>
      </trkpt>
      <trkpt lat="46.8359303288161754608154296875" lon="17.21565999090671539306640625">
        <ele>249.399993896484375</ele>
        <time>2024-07-24T12:17:10.000Z</time>
        <extensions>
          <ns3:TrackPointExtension>
            <ns3:hr>133</ns3:hr>
          </ns3:TrackPointExtension>
        </extensions>
      </trkpt>
      <trkpt lat="46.83593074791133403778076171875" lon="17.21565772779285907745361328125">
        <ele>249.1999969482421875</ele>
        <time>2024-07-24T12:17:25.000Z</time>
        <extensions>
          <ns3:TrackPointExtension>
            <ns3:hr>136</ns3:hr>
          </ns3:TrackPointExtension>
        </extensions>
      </trkpt>
      <trkpt lat="46.83592982590198516845703125" lon="17.21565705724060535430908203125">
        <ele>249.1999969482421875</ele>
        <time>2024-07-24T12:17:32.000Z</time>
        <extensions>
          <ns3:TrackPointExtension>
            <ns3:hr>139</ns3:hr>
          </ns3:TrackPointExtension>
        </extensions>
      </trkpt>
      <trkpt lat="46.835926808416843414306640625" lon="17.21565152518451213836669921875">
        <ele>249.1999969482421875</ele>
        <time>2024-07-24T12:17:46.000Z</time>
        <extensions>
          <ns3:TrackPointExtension>
            <ns3:hr>136</ns3:hr>
          </ns3:TrackPointExtension>
        </extensions>
      </trkpt>
      <trkpt lat="46.835926808416843414306640625" lon="17.2156514413654804229736328125">
        <ele>249.1999969482421875</ele>
        <time>2024-07-24T12:17:50.000Z</time>
        <extensions>
          <ns3:TrackPointExtension>
            <ns3:hr>133</ns3:hr>
          </ns3:TrackPointExtension>
        </extensions>
      </trkpt>
      <trkpt lat="46.83593829162418842315673828125" lon="17.215658314526081085205078125">
        <ele>249.1999969482421875</ele>
        <time>2024-07-24T12:18:04.000Z</time>
        <extensions>
          <ns3:TrackPointExtension>
            <ns3:hr>130</ns3:hr>
          </ns3:TrackPointExtension>
        </extensions>
      </trkpt>
      <trkpt lat="46.83588297106325626373291015625" lon="17.21563710831105709075927734375">
        <ele>249</ele>
        <time>2024-07-24T12:18:10.000Z</time>
        <extensions>
          <ns3:TrackPointExtension>
            <ns3:hr>130</ns3:hr>
          </ns3:TrackPointExtension>
        </extensions>
      </trkpt>
      <trkpt lat="46.8358609266579151153564453125" lon="17.215621769428253173828125">
        <ele>248.8000030517578125</ele>
        <time>2024-07-24T12:18:16.000Z</time>
        <extensions>
          <ns3:TrackPointExtension>
            <ns3:hr>131</ns3:hr>
          </ns3:TrackPointExtension>
        </extensions>
      </trkpt>
      <trkpt lat="46.83587349951267242431640625" lon="17.21561347134411334991455078125">
        <ele>248.8000030517578125</ele>
        <time>2024-07-24T12:18:23.000Z</time>
        <extensions>
          <ns3:TrackPointExtension>
            <ns3:hr>130</ns3:hr>
          </ns3:TrackPointExtension>
        </extensions>
      </trkpt>
      <trkpt lat="46.83588020503520965576171875" lon="17.2156353481113910675048828125">
        <ele>249</ele>
        <time>2024-07-24T12:18:31.000Z</time>
        <extensions>
          <ns3:TrackPointExtension>
            <ns3:hr>133</ns3:hr>
          </ns3:TrackPointExtension>
        </extensions>
      </trkpt>
      <trkpt lat="46.8358776904642581939697265625" lon="17.21563861705362796783447265625">
        <ele>249</ele>
        <time>2024-07-24T12:18:32.000Z</time>
        <extensions>
          <ns3:TrackPointExtension>
            <ns3:hr>130</ns3:hr>
          </ns3:TrackPointExtension>
        </extensions>
      </trkpt>
      <trkpt lat="46.83587442152202129364013671875" lon="17.2156360186636447906494140625">
        <ele>249</ele>
        <time>2024-07-24T12:18:42.000Z</time>
        <extensions>
          <ns3:TrackPointExtension>
            <ns3:hr>131</ns3:hr>
          </ns3:TrackPointExtension>
        </extensions>
      </trkpt>
      <trkpt lat="46.8358726613223552703857421875" lon="17.21563325263559818267822265625">
        <ele>249</ele>
        <time>2024-07-24T12:19:09.000Z</time>
        <extensions>
          <ns3:TrackPointExtension>
            <ns3:hr>128</ns3:hr>
          </ns3:TrackPointExtension>
        </extensions>
      </trkpt>
      <trkpt lat="46.83587215840816497802734375" lon="17.2156330011785030364990234375">
        <ele>249</ele>
        <time>2024-07-24T12:19:11.000Z</time>
        <extensions>
          <ns3:TrackPointExtension>
            <ns3:hr>127</ns3:hr>
          </ns3:TrackPointExtension>
        </extensions>
      </trkpt>
      <trkpt lat="46.83589939959347248077392578125" lon="17.2155977971851825714111328125">
        <ele>248.8000030517578125</ele>
        <time>2024-07-24T12:19:32.000Z</time>
        <extensions>
          <ns3:TrackPointExtension>
            <ns3:hr>129</ns3:hr>
          </ns3:TrackPointExtension>
        </extensions>
      </trkpt>
      <trkpt lat="46.8359568156301975250244140625" lon="17.21556133590638637542724609375">
        <ele>248.600006103515625</ele>
        <time>2024-07-24T12:19:39.000Z</time>
        <extensions>
          <ns3:TrackPointExtension>
            <ns3:hr>129</ns3:hr>
          </ns3:TrackPointExtension>
        </extensions>
      </trkpt>
      <trkpt lat="46.83595119975507259368896484375" lon="17.2155525349080562591552734375">
        <ele>248.399993896484375</ele>
        <time>2024-07-24T12:19:44.000Z</time>
        <extensions>
          <ns3:TrackPointExtension>
            <ns3:hr>128</ns3:hr>
          </ns3:TrackPointExtension>
        </extensions>
      </trkpt>
      <trkpt lat="46.835987828671932220458984375" lon="17.21555865369737148284912109375">
        <ele>248.399993896484375</ele>
        <time>2024-07-24T12:19:51.000Z</time>
        <extensions>
          <ns3:TrackPointExtension>
            <ns3:hr>129</ns3:hr>
          </ns3:TrackPointExtension>
        </extensions>
      </trkpt>
      <trkpt lat="46.8360926024615764617919921875" lon="17.215595282614231109619140625">
        <ele>248</ele>
        <time>2024-07-24T12:19:59.000Z</time>
        <extensions>
          <ns3:TrackPointExtension>
            <ns3:hr>126</ns3:hr>
          </ns3:TrackPointExtension>
        </extensions>
      </trkpt>
      <trkpt lat="46.83612889610230922698974609375" lon="17.215601988136768341064453125">
        <ele>247.8000030517578125</ele>
        <time>2024-07-24T12:20:02.000Z</time>
        <extensions>
          <ns3:TrackPointExtension>
            <ns3:hr>127</ns3:hr>
          </ns3:TrackPointExtension>
        </extensions>
      </trkpt>
      <trkpt lat="46.83618329465389251708984375" lon="17.215603329241275787353515625">
        <ele>247.600006103515625</ele>
        <time>2024-07-24T12:20:07.000Z</time>
        <extensions>
          <ns3:TrackPointExtension>
            <ns3:hr>130</ns3:hr>
          </ns3:TrackPointExtension>
        </extensions>
      </trkpt>
      <trkpt lat="46.836220510303974151611328125" lon="17.215601988136768341064453125">
        <ele>247.1999969482421875</ele>
        <time>2024-07-24T12:20:11.000Z</time>
        <extensions>
          <ns3:TrackPointExtension>
            <ns3:hr>134</ns3:hr>
          </ns3:TrackPointExtension>
        </extensions>
      </trkpt>
      <trkpt lat="46.836239956319332122802734375" lon="17.215608023107051849365234375">
        <ele>247.1999969482421875</ele>
        <time>2024-07-24T12:20:13.000Z</time>
        <extensions>
          <ns3:TrackPointExtension>
            <ns3:hr>133</ns3:hr>
          </ns3:TrackPointExtension>
        </extensions>
      </trkpt>
      <trkpt lat="46.836344897747039794921875" lon="17.21563962288200855255126953125">
        <ele>247.1999969482421875</ele>
        <time>2024-07-24T12:20:22.000Z</time>
        <extensions>
          <ns3:TrackPointExtension>
            <ns3:hr>134</ns3:hr>
          </ns3:TrackPointExtension>
        </extensions>
      </trkpt>
      <trkpt lat="46.836525611579418182373046875" lon="17.21573417074978351593017578125">
        <ele>247.8000030517578125</ele>
        <time>2024-07-24T12:20:36.000Z</time>
        <extensions>
          <ns3:TrackPointExtension>
            <ns3:hr>134</ns3:hr>
          </ns3:TrackPointExtension>
        </extensions>
      </trkpt>
      <trkpt lat="46.83667036704719066619873046875" lon="17.2158220969140529632568359375">
        <ele>248.8000030517578125</ele>
        <time>2024-07-24T12:20:48.000Z</time>
        <extensions>
          <ns3:TrackPointExtension>
            <ns3:hr>133</ns3:hr>
          </ns3:TrackPointExtension>
        </extensions>
      </trkpt>
      <trkpt lat="46.83677430264651775360107421875" lon="17.21589879132807254791259765625">
        <ele>249.399993896484375</ele>
        <time>2024-07-24T12:20:59.000Z</time>
        <extensions>
          <ns3:TrackPointExtension>
            <ns3:hr>135</ns3:hr>
          </ns3:TrackPointExtension>
        </extensions>
      </trkpt>
      <trkpt lat="46.8369351513683795928955078125" lon="17.2160039842128753662109375">
        <ele>249.399993896484375</ele>
        <time>2024-07-24T12:21:12.000Z</time>
        <extensions>
          <ns3:TrackPointExtension>
            <ns3:hr>137</ns3:hr>
          </ns3:TrackPointExtension>
        </extensions>
      </trkpt>
      <trkpt lat="46.83703900314867496490478515625" lon="17.21606676466763019561767578125">
        <ele>249.399993896484375</ele>
        <time>2024-07-24T12:21:21.000Z</time>
        <extensions>
          <ns3:TrackPointExtension>
            <ns3:hr>139</ns3:hr>
          </ns3:TrackPointExtension>
        </extensions>
      </trkpt>
      <trkpt lat="46.83715601451694965362548828125" lon="17.2161691077053546905517578125">
        <ele>250</ele>
        <time>2024-07-24T12:21:32.000Z</time>
        <extensions>
          <ns3:TrackPointExtension>
            <ns3:hr>139</ns3:hr>
          </ns3:TrackPointExtension>
        </extensions>
      </trkpt>
      <trkpt lat="46.83730135671794414520263671875" lon="17.21628150902688503265380859375">
        <ele>250.8000030517578125</ele>
        <time>2024-07-24T12:21:44.000Z</time>
        <extensions>
          <ns3:TrackPointExtension>
            <ns3:hr>139</ns3:hr>
          </ns3:TrackPointExtension>
        </extensions>
      </trkpt>
      <trkpt lat="46.83742306195199489593505859375" lon="17.2163548506796360015869140625">
        <ele>251.399993896484375</ele>
        <time>2024-07-24T12:21:54.000Z</time>
        <extensions>
          <ns3:TrackPointExtension>
            <ns3:hr>136</ns3:hr>
          </ns3:TrackPointExtension>
        </extensions>
      </trkpt>
      <trkpt lat="46.837454997003078460693359375" lon="17.21637689508497714996337890625">
        <ele>251.399993896484375</ele>
        <time>2024-07-24T12:21:57.000Z</time>
        <extensions>
          <ns3:TrackPointExtension>
            <ns3:hr>136</ns3:hr>
          </ns3:TrackPointExtension>
        </extensions>
      </trkpt>
      <trkpt lat="46.8375098146498203277587890625" lon="17.21639181487262248992919921875">
        <ele>251.600006103515625</ele>
        <time>2024-07-24T12:22:03.000Z</time>
        <extensions>
          <ns3:TrackPointExtension>
            <ns3:hr>136</ns3:hr>
          </ns3:TrackPointExtension>
        </extensions>
      </trkpt>
      <trkpt lat="46.8375183641910552978515625" lon="17.21637924201786518096923828125">
        <ele>251.399993896484375</ele>
        <time>2024-07-24T12:22:05.000Z</time>
        <extensions>
          <ns3:TrackPointExtension>
            <ns3:hr>136</ns3:hr>
          </ns3:TrackPointExtension>
        </extensions>
      </trkpt>
      <trkpt lat="46.83752247132360935211181640625" lon="17.2163649089634418487548828125">
        <ele>251.399993896484375</ele>
        <time>2024-07-24T12:22:12.000Z</time>
        <extensions>
          <ns3:TrackPointExtension>
            <ns3:hr>134</ns3:hr>
          </ns3:TrackPointExtension>
        </extensions>
      </trkpt>
      <trkpt lat="46.83751475997269153594970703125" lon="17.21631981432437896728515625">
        <ele>251</ele>
        <time>2024-07-24T12:22:21.000Z</time>
        <extensions>
          <ns3:TrackPointExtension>
            <ns3:hr>134</ns3:hr>
          </ns3:TrackPointExtension>
        </extensions>
      </trkpt>
      <trkpt lat="46.83755868114531040191650390625" lon="17.21636381931602954864501953125">
        <ele>251.399993896484375</ele>
        <time>2024-07-24T12:22:32.000Z</time>
        <extensions>
          <ns3:TrackPointExtension>
            <ns3:hr>132</ns3:hr>
          </ns3:TrackPointExtension>
        </extensions>
      </trkpt>
      <trkpt lat="46.83769463561475276947021484375" lon="17.21645048819482326507568359375">
        <ele>252</ele>
        <time>2024-07-24T12:22:43.000Z</time>
        <extensions>
          <ns3:TrackPointExtension>
            <ns3:hr>132</ns3:hr>
          </ns3:TrackPointExtension>
        </extensions>
      </trkpt>
      <trkpt lat="46.83780862949788570404052734375" lon="17.21651335246860980987548828125">
        <ele>252.399993896484375</ele>
        <time>2024-07-24T12:22:53.000Z</time>
        <extensions>
          <ns3:TrackPointExtension>
            <ns3:hr>132</ns3:hr>
          </ns3:TrackPointExtension>
        </extensions>
      </trkpt>
      <trkpt lat="46.837922371923923492431640625" lon="17.2165637277066707611083984375">
        <ele>252.8000030517578125</ele>
        <time>2024-07-24T12:23:02.000Z</time>
        <extensions>
          <ns3:TrackPointExtension>
            <ns3:hr>131</ns3:hr>
          </ns3:TrackPointExtension>
        </extensions>
      </trkpt>
      <trkpt lat="46.83803225867450237274169921875" lon="17.216598428785800933837890625">
        <ele>253</ele>
        <time>2024-07-24T12:23:11.000Z</time>
        <extensions>
          <ns3:TrackPointExtension>
            <ns3:hr>127</ns3:hr>
          </ns3:TrackPointExtension>
        </extensions>
      </trkpt>
      <trkpt lat="46.838045082986354827880859375" lon="17.21660186536610126495361328125">
        <ele>253</ele>
        <time>2024-07-24T12:23:12.000Z</time>
        <extensions>
          <ns3:TrackPointExtension>
            <ns3:hr>129</ns3:hr>
          </ns3:TrackPointExtension>
        </extensions>
      </trkpt>
      <trkpt lat="46.83817056007683277130126953125" lon="17.216649390757083892822265625">
        <ele>253.1999969482421875</ele>
        <time>2024-07-24T12:23:24.000Z</time>
        <extensions>
          <ns3:TrackPointExtension>
            <ns3:hr>128</ns3:hr>
          </ns3:TrackPointExtension>
        </extensions>
      </trkpt>
      <trkpt lat="46.83833518065512180328369140625" lon="17.216707728803157806396484375">
        <ele>253.8000030517578125</ele>
        <time>2024-07-24T12:23:36.000Z</time>
        <extensions>
          <ns3:TrackPointExtension>
            <ns3:hr>131</ns3:hr>
          </ns3:TrackPointExtension>
        </extensions>
      </trkpt>
      <trkpt lat="46.8383506871759891510009765625" lon="17.21671418286859989166259765625">
        <ele>254</ele>
        <time>2024-07-24T12:23:37.000Z</time>
        <extensions>
          <ns3:TrackPointExtension>
            <ns3:hr>132</ns3:hr>
          </ns3:TrackPointExtension>
        </extensions>
      </trkpt>
      <trkpt lat="46.8384611606597900390625" lon="17.21675341017544269561767578125">
        <ele>254.1999969482421875</ele>
        <time>2024-07-24T12:23:47.000Z</time>
        <extensions>
          <ns3:TrackPointExtension>
            <ns3:hr>133</ns3:hr>
          </ns3:TrackPointExtension>
        </extensions>
      </trkpt>
      <trkpt lat="46.83857808820903301239013671875" lon="17.21682071685791015625">
        <ele>254.600006103515625</ele>
        <time>2024-07-24T12:23:58.000Z</time>
        <extensions>
          <ns3:TrackPointExtension>
            <ns3:hr>131</ns3:hr>
          </ns3:TrackPointExtension>
        </extensions>
      </trkpt>
      <trkpt lat="46.83867313899099826812744140625" lon="17.21689372323453426361083984375">
        <ele>255.1999969482421875</ele>
        <time>2024-07-24T12:24:07.000Z</time>
        <extensions>
          <ns3:TrackPointExtension>
            <ns3:hr>128</ns3:hr>
          </ns3:TrackPointExtension>
        </extensions>
      </trkpt>
      <trkpt lat="46.83869644068181514739990234375" lon="17.2169078886508941650390625">
        <ele>255.399993896484375</ele>
        <time>2024-07-24T12:24:09.000Z</time>
        <extensions>
          <ns3:TrackPointExtension>
            <ns3:hr>127</ns3:hr>
          </ns3:TrackPointExtension>
        </extensions>
      </trkpt>
      <trkpt lat="46.8387950956821441650390625" lon="17.21697502769529819488525390625">
        <ele>255.8000030517578125</ele>
        <time>2024-07-24T12:24:18.000Z</time>
        <extensions>
          <ns3:TrackPointExtension>
            <ns3:hr>128</ns3:hr>
          </ns3:TrackPointExtension>
        </extensions>
      </trkpt>
      <trkpt lat="46.838834322988986968994140625" lon="17.21700000576674938201904296875">
        <ele>256</ele>
        <time>2024-07-24T12:24:22.000Z</time>
        <extensions>
          <ns3:TrackPointExtension>
            <ns3:hr>131</ns3:hr>
          </ns3:TrackPointExtension>
        </extensions>
      </trkpt>
      <trkpt lat="46.838862486183643341064453125" lon="17.21702389419078826904296875">
        <ele>256.20001220703125</ele>
        <time>2024-07-24T12:24:25.000Z</time>
        <extensions>
          <ns3:TrackPointExtension>
            <ns3:hr>132</ns3:hr>
          </ns3:TrackPointExtension>
        </extensions>
      </trkpt>
      <trkpt lat="46.83887078426778316497802734375" lon="17.21702934242784976959228515625">
        <ele>256.20001220703125</ele>
        <time>2024-07-24T12:24:26.000Z</time>
        <extensions>
          <ns3:TrackPointExtension>
            <ns3:hr>132</ns3:hr>
          </ns3:TrackPointExtension>
        </extensions>
      </trkpt>
      <trkpt lat="46.83894236572086811065673828125" lon="17.21708022058010101318359375">
        <ele>256.399993896484375</ele>
        <time>2024-07-24T12:24:32.000Z</time>
        <extensions>
          <ns3:TrackPointExtension>
            <ns3:hr>133</ns3:hr>
          </ns3:TrackPointExtension>
        </extensions>
      </trkpt>
      <trkpt lat="46.83904479257762432098388671875" lon="17.21716395579278469085693359375">
        <ele>257</ele>
        <time>2024-07-24T12:24:41.000Z</time>
        <extensions>
          <ns3:TrackPointExtension>
            <ns3:hr>134</ns3:hr>
          </ns3:TrackPointExtension>
        </extensions>
      </trkpt>
      <trkpt lat="46.83910447172820568084716796875" lon="17.2172104753553867340087890625">
        <ele>257</ele>
        <time>2024-07-24T12:24:47.000Z</time>
        <extensions>
          <ns3:TrackPointExtension>
            <ns3:hr>134</ns3:hr>
          </ns3:TrackPointExtension>
        </extensions>
      </trkpt>
      <trkpt lat="46.8391345627605915069580078125" lon="17.21723922528326511383056640625">
        <ele>257.20001220703125</ele>
        <time>2024-07-24T12:24:50.000Z</time>
        <extensions>
          <ns3:TrackPointExtension>
            <ns3:hr>134</ns3:hr>
          </ns3:TrackPointExtension>
        </extensions>
      </trkpt>
      <trkpt lat="46.83924796991050243377685546875" lon="17.21726261079311370849609375">
        <ele>257</ele>
        <time>2024-07-24T12:24:59.000Z</time>
        <extensions>
          <ns3:TrackPointExtension>
            <ns3:hr>136</ns3:hr>
          </ns3:TrackPointExtension>
        </extensions>
      </trkpt>
      <trkpt lat="46.8392606265842914581298828125" lon="17.21727007068693637847900390625">
        <ele>257</ele>
        <time>2024-07-24T12:25:00.000Z</time>
        <extensions>
          <ns3:TrackPointExtension>
            <ns3:hr>137</ns3:hr>
          </ns3:TrackPointExtension>
        </extensions>
      </trkpt>
      <trkpt lat="46.83931343257427215576171875" lon="17.21729337237775325775146484375">
        <ele>257</ele>
        <time>2024-07-24T12:25:05.000Z</time>
        <extensions>
          <ns3:TrackPointExtension>
            <ns3:hr>136</ns3:hr>
          </ns3:TrackPointExtension>
        </extensions>
      </trkpt>
      <trkpt lat="46.83941208757460117340087890625" lon="17.21733461134135723114013671875">
        <ele>257.399993896484375</ele>
        <time>2024-07-24T12:25:14.000Z</time>
        <extensions>
          <ns3:TrackPointExtension>
            <ns3:hr>138</ns3:hr>
          </ns3:TrackPointExtension>
        </extensions>
      </trkpt>
      <trkpt lat="46.839488111436367034912109375" lon="17.21739848144352436065673828125">
        <ele>257.79998779296875</ele>
        <time>2024-07-24T12:25:21.000Z</time>
        <extensions>
          <ns3:TrackPointExtension>
            <ns3:hr>139</ns3:hr>
          </ns3:TrackPointExtension>
        </extensions>
      </trkpt>
      <trkpt lat="46.83949582278728485107421875" lon="17.21740183420479297637939453125">
        <ele>257.79998779296875</ele>
        <time>2024-07-24T12:25:22.000Z</time>
        <extensions>
          <ns3:TrackPointExtension>
            <ns3:hr>140</ns3:hr>
          </ns3:TrackPointExtension>
        </extensions>
      </trkpt>
      <trkpt lat="46.839540414512157440185546875" lon="17.21742915920913219451904296875">
        <ele>258</ele>
        <time>2024-07-24T12:25:27.000Z</time>
        <extensions>
          <ns3:TrackPointExtension>
            <ns3:hr>141</ns3:hr>
          </ns3:TrackPointExtension>
        </extensions>
      </trkpt>
      <trkpt lat="46.83959280140697956085205078125" lon="17.21748657524585723876953125">
        <ele>258.79998779296875</ele>
        <time>2024-07-24T12:25:33.000Z</time>
        <extensions>
          <ns3:TrackPointExtension>
            <ns3:hr>139</ns3:hr>
          </ns3:TrackPointExtension>
        </extensions>
      </trkpt>
      <trkpt lat="46.83960570953786373138427734375" lon="17.21750476397573947906494140625">
        <ele>258.79998779296875</ele>
        <time>2024-07-24T12:25:35.000Z</time>
        <extensions>
          <ns3:TrackPointExtension>
            <ns3:hr>138</ns3:hr>
          </ns3:TrackPointExtension>
        </extensions>
      </trkpt>
      <trkpt lat="46.83965600095689296722412109375" lon="17.21751331351697444915771484375">
        <ele>259</ele>
        <time>2024-07-24T12:25:38.000Z</time>
        <extensions>
          <ns3:TrackPointExtension>
            <ns3:hr>139</ns3:hr>
          </ns3:TrackPointExtension>
        </extensions>
      </trkpt>
      <trkpt lat="46.8398178555071353912353515625" lon="17.217580117285251617431640625">
        <ele>259.79998779296875</ele>
        <time>2024-07-24T12:25:50.000Z</time>
        <extensions>
          <ns3:TrackPointExtension>
            <ns3:hr>138</ns3:hr>
          </ns3:TrackPointExtension>
        </extensions>
      </trkpt>
      <trkpt lat="46.83990460820496082305908203125" lon="17.21765161491930484771728515625">
        <ele>260.20001220703125</ele>
        <time>2024-07-24T12:25:58.000Z</time>
        <extensions>
          <ns3:TrackPointExtension>
            <ns3:hr>140</ns3:hr>
          </ns3:TrackPointExtension>
        </extensions>
      </trkpt>
      <trkpt lat="46.84000569395720958709716796875" lon="17.21773828379809856414794921875">
        <ele>260.79998779296875</ele>
        <time>2024-07-24T12:26:08.000Z</time>
        <extensions>
          <ns3:TrackPointExtension>
            <ns3:hr>139</ns3:hr>
          </ns3:TrackPointExtension>
        </extensions>
      </trkpt>
      <trkpt lat="46.84008012525737285614013671875" lon="17.21779393963515758514404296875">
        <ele>261</ele>
        <time>2024-07-24T12:26:15.000Z</time>
        <extensions>
          <ns3:TrackPointExtension>
            <ns3:hr>139</ns3:hr>
          </ns3:TrackPointExtension>
        </extensions>
      </trkpt>
      <trkpt lat="46.84010460041463375091552734375" lon="17.217810116708278656005859375">
        <ele>261.20001220703125</ele>
        <time>2024-07-24T12:26:17.000Z</time>
        <extensions>
          <ns3:TrackPointExtension>
            <ns3:hr>138</ns3:hr>
          </ns3:TrackPointExtension>
        </extensions>
      </trkpt>
      <trkpt lat="46.84015824459493160247802734375" lon="17.21784423105418682098388671875">
        <ele>261.399993896484375</ele>
        <time>2024-07-24T12:26:22.000Z</time>
        <extensions>
          <ns3:TrackPointExtension>
            <ns3:hr>137</ns3:hr>
          </ns3:TrackPointExtension>
        </extensions>
      </trkpt>
      <trkpt lat="46.8401849828660488128662109375" lon="17.21786702983081340789794921875">
        <ele>261.399993896484375</ele>
        <time>2024-07-24T12:26:25.000Z</time>
        <extensions>
          <ns3:TrackPointExtension>
            <ns3:hr>137</ns3:hr>
          </ns3:TrackPointExtension>
        </extensions>
      </trkpt>
      <trkpt lat="46.84019386768341064453125" lon="17.21787541173398494720458984375">
        <ele>261.600006103515625</ele>
        <time>2024-07-24T12:26:26.000Z</time>
        <extensions>
          <ns3:TrackPointExtension>
            <ns3:hr>137</ns3:hr>
          </ns3:TrackPointExtension>
        </extensions>
      </trkpt>
      <trkpt lat="46.84024558402597904205322265625" lon="17.21791296266019344329833984375">
        <ele>261.79998779296875</ele>
        <time>2024-07-24T12:26:31.000Z</time>
        <extensions>
          <ns3:TrackPointExtension>
            <ns3:hr>137</ns3:hr>
          </ns3:TrackPointExtension>
        </extensions>
      </trkpt>
      <trkpt lat="46.840320266783237457275390625" lon="17.21798303537070751190185546875">
        <ele>262.20001220703125</ele>
        <time>2024-07-24T12:26:39.000Z</time>
        <extensions>
          <ns3:TrackPointExtension>
            <ns3:hr>137</ns3:hr>
          </ns3:TrackPointExtension>
        </extensions>
      </trkpt>
      <trkpt lat="46.84035681188106536865234375" lon="17.2180137969553470611572265625">
        <ele>262.399993896484375</ele>
        <time>2024-07-24T12:26:42.000Z</time>
        <extensions>
          <ns3:TrackPointExtension>
            <ns3:hr>137</ns3:hr>
          </ns3:TrackPointExtension>
        </extensions>
      </trkpt>
      <trkpt lat="46.84038095176219940185546875" lon="17.21805864013731479644775390625">
        <ele>262.600006103515625</ele>
        <time>2024-07-24T12:26:46.000Z</time>
        <extensions>
          <ns3:TrackPointExtension>
            <ns3:hr>137</ns3:hr>
          </ns3:TrackPointExtension>
        </extensions>
      </trkpt>
      <trkpt lat="46.84049385599792003631591796875" lon="17.21817330457270145416259765625">
        <ele>263.399993896484375</ele>
        <time>2024-07-24T12:26:56.000Z</time>
        <extensions>
          <ns3:TrackPointExtension>
            <ns3:hr>136</ns3:hr>
          </ns3:TrackPointExtension>
        </extensions>
      </trkpt>
      <trkpt lat="46.84058479964733123779296875" lon="17.2182505019009113311767578125">
        <ele>264</ele>
        <time>2024-07-24T12:27:06.000Z</time>
        <extensions>
          <ns3:TrackPointExtension>
            <ns3:hr>138</ns3:hr>
          </ns3:TrackPointExtension>
        </extensions>
      </trkpt>
      <trkpt lat="46.840593852102756500244140625" lon="17.218247987329959869384765625">
        <ele>264</ele>
        <time>2024-07-24T12:27:11.000Z</time>
        <extensions>
          <ns3:TrackPointExtension>
            <ns3:hr>138</ns3:hr>
          </ns3:TrackPointExtension>
        </extensions>
      </trkpt>
      <trkpt lat="46.84063366614282131195068359375" lon="17.21829651854932308197021484375">
        <ele>264.399993896484375</ele>
        <time>2024-07-24T12:27:24.000Z</time>
        <extensions>
          <ns3:TrackPointExtension>
            <ns3:hr>136</ns3:hr>
          </ns3:TrackPointExtension>
        </extensions>
      </trkpt>
      <trkpt lat="46.84066836722195148468017578125" lon="17.2183323092758655548095703125">
        <ele>264.79998779296875</ele>
        <time>2024-07-24T12:27:31.000Z</time>
        <extensions>
          <ns3:TrackPointExtension>
            <ns3:hr>136</ns3:hr>
          </ns3:TrackPointExtension>
        </extensions>
      </trkpt>
      <trkpt lat="46.84069351293146610260009765625" lon="17.21838511526584625244140625">
        <ele>265.20001220703125</ele>
        <time>2024-07-24T12:27:36.000Z</time>
        <extensions>
          <ns3:TrackPointExtension>
            <ns3:hr>136</ns3:hr>
          </ns3:TrackPointExtension>
        </extensions>
      </trkpt>
      <trkpt lat="46.84062997810542583465576171875" lon="17.21843875944614410400390625">
        <ele>266</ele>
        <time>2024-07-24T12:27:45.000Z</time>
        <extensions>
          <ns3:TrackPointExtension>
            <ns3:hr>134</ns3:hr>
          </ns3:TrackPointExtension>
        </extensions>
      </trkpt>
      <trkpt lat="46.840693764388561248779296875" lon="17.2184211574494838714599609375">
        <ele>265.600006103515625</ele>
        <time>2024-07-24T12:27:55.000Z</time>
        <extensions>
          <ns3:TrackPointExtension>
            <ns3:hr>132</ns3:hr>
          </ns3:TrackPointExtension>
        </extensions>
      </trkpt>
      <trkpt lat="46.8407438881695270538330078125" lon="17.21840263344347476959228515625">
        <ele>265.20001220703125</ele>
        <time>2024-07-24T12:28:00.000Z</time>
        <extensions>
          <ns3:TrackPointExtension>
            <ns3:hr>132</ns3:hr>
          </ns3:TrackPointExtension>
        </extensions>
      </trkpt>
      <trkpt lat="46.840764172375202178955078125" lon="17.21841805614531040191650390625">
        <ele>265.399993896484375</ele>
        <time>2024-07-24T12:28:02.000Z</time>
        <extensions>
          <ns3:TrackPointExtension>
            <ns3:hr>132</ns3:hr>
          </ns3:TrackPointExtension>
        </extensions>
      </trkpt>
      <trkpt lat="46.8408572115004062652587890625" lon="17.21849952824413776397705078125">
        <ele>265.79998779296875</ele>
        <time>2024-07-24T12:28:11.000Z</time>
        <extensions>
          <ns3:TrackPointExtension>
            <ns3:hr>133</ns3:hr>
          </ns3:TrackPointExtension>
        </extensions>
      </trkpt>
      <trkpt lat="46.84093809686601161956787109375" lon="17.218583934009075164794921875">
        <ele>266.399993896484375</ele>
        <time>2024-07-24T12:28:19.000Z</time>
        <extensions>
          <ns3:TrackPointExtension>
            <ns3:hr>130</ns3:hr>
          </ns3:TrackPointExtension>
        </extensions>
      </trkpt>
      <trkpt lat="46.84096475131809711456298828125" lon="17.2186283580958843231201171875">
        <ele>266.600006103515625</ele>
        <time>2024-07-24T12:28:23.000Z</time>
        <extensions>
          <ns3:TrackPointExtension>
            <ns3:hr>130</ns3:hr>
          </ns3:TrackPointExtension>
        </extensions>
      </trkpt>
      <trkpt lat="46.840985119342803955078125" lon="17.21865392290055751800537109375">
        <ele>266.600006103515625</ele>
        <time>2024-07-24T12:28:25.000Z</time>
        <extensions>
          <ns3:TrackPointExtension>
            <ns3:hr>130</ns3:hr>
          </ns3:TrackPointExtension>
        </extensions>
      </trkpt>
      <trkpt lat="46.8410825170576572418212890625" lon="17.2186991013586521148681640625">
        <ele>266.600006103515625</ele>
        <time>2024-07-24T12:28:34.000Z</time>
        <extensions>
          <ns3:TrackPointExtension>
            <ns3:hr>131</ns3:hr>
          </ns3:TrackPointExtension>
        </extensions>
      </trkpt>
      <trkpt lat="46.841181255877017974853515625" lon="17.218781411647796630859375">
        <ele>266.79998779296875</ele>
        <time>2024-07-24T12:28:42.000Z</time>
        <extensions>
          <ns3:TrackPointExtension>
            <ns3:hr>131</ns3:hr>
          </ns3:TrackPointExtension>
        </extensions>
      </trkpt>
      <trkpt lat="46.84118620119988918304443359375" lon="17.21879406832158565521240234375">
        <ele>267</ele>
        <time>2024-07-24T12:28:43.000Z</time>
        <extensions>
          <ns3:TrackPointExtension>
            <ns3:hr>131</ns3:hr>
          </ns3:TrackPointExtension>
        </extensions>
      </trkpt>
      <trkpt lat="46.8411948345601558685302734375" lon="17.2188003547489643096923828125">
        <ele>267</ele>
        <time>2024-07-24T12:28:44.000Z</time>
        <extensions>
          <ns3:TrackPointExtension>
            <ns3:hr>132</ns3:hr>
          </ns3:TrackPointExtension>
        </extensions>
      </trkpt>
      <trkpt lat="46.84122383594512939453125" lon="17.21880890429019927978515625">
        <ele>267</ele>
        <time>2024-07-24T12:28:48.000Z</time>
        <extensions>
          <ns3:TrackPointExtension>
            <ns3:hr>132</ns3:hr>
          </ns3:TrackPointExtension>
        </extensions>
      </trkpt>
      <trkpt lat="46.84123649261891841888427734375" lon="17.21880060620605945587158203125">
        <ele>267</ele>
        <time>2024-07-24T12:28:55.000Z</time>
        <extensions>
          <ns3:TrackPointExtension>
            <ns3:hr>131</ns3:hr>
          </ns3:TrackPointExtension>
        </extensions>
      </trkpt>
      <trkpt lat="46.84124403633177280426025390625" lon="17.21880488097667694091796875">
        <ele>267</ele>
        <time>2024-07-24T12:29:08.000Z</time>
        <extensions>
          <ns3:TrackPointExtension>
            <ns3:hr>131</ns3:hr>
          </ns3:TrackPointExtension>
        </extensions>
      </trkpt>
      <trkpt lat="46.841244287788867950439453125" lon="17.21880345605313777923583984375">
        <ele>267</ele>
        <time>2024-07-24T12:29:21.000Z</time>
        <extensions>
          <ns3:TrackPointExtension>
            <ns3:hr>131</ns3:hr>
          </ns3:TrackPointExtension>
        </extensions>
      </trkpt>
      <trkpt lat="46.84132014401257038116455078125" lon="17.2188563458621501922607421875">
        <ele>267.20001220703125</ele>
        <time>2024-07-24T12:29:32.000Z</time>
        <extensions>
          <ns3:TrackPointExtension>
            <ns3:hr>131</ns3:hr>
          </ns3:TrackPointExtension>
        </extensions>
      </trkpt>
      <trkpt lat="46.84144738130271434783935546875" lon="17.21889599226415157318115234375">
        <ele>267.399993896484375</ele>
        <time>2024-07-24T12:29:42.000Z</time>
        <extensions>
          <ns3:TrackPointExtension>
            <ns3:hr>130</ns3:hr>
          </ns3:TrackPointExtension>
        </extensions>
      </trkpt>
      <trkpt lat="46.8415287695825099945068359375" lon="17.21889875829219818115234375">
        <ele>267.399993896484375</ele>
        <time>2024-07-24T12:29:49.000Z</time>
        <extensions>
          <ns3:TrackPointExtension>
            <ns3:hr>129</ns3:hr>
          </ns3:TrackPointExtension>
        </extensions>
      </trkpt>
      <trkpt lat="46.841558776795864105224609375" lon="17.21891040913760662078857421875">
        <ele>267.399993896484375</ele>
        <time>2024-07-24T12:29:52.000Z</time>
        <extensions>
          <ns3:TrackPointExtension>
            <ns3:hr>129</ns3:hr>
          </ns3:TrackPointExtension>
        </extensions>
      </trkpt>
      <trkpt lat="46.841617114841938018798828125" lon="17.21891409717500209808349609375">
        <ele>267.20001220703125</ele>
        <time>2024-07-24T12:29:57.000Z</time>
        <extensions>
          <ns3:TrackPointExtension>
            <ns3:hr>130</ns3:hr>
          </ns3:TrackPointExtension>
        </extensions>
      </trkpt>
      <trkpt lat="46.84163966216146945953369140625" lon="17.2189140133559703826904296875">
        <ele>267.20001220703125</ele>
        <time>2024-07-24T12:29:59.000Z</time>
        <extensions>
          <ns3:TrackPointExtension>
            <ns3:hr>129</ns3:hr>
          </ns3:TrackPointExtension>
        </extensions>
      </trkpt>
      <trkpt lat="46.841734461486339569091796875" lon="17.21891392953693866729736328125">
        <ele>266.79998779296875</ele>
        <time>2024-07-24T12:30:06.000Z</time>
        <extensions>
          <ns3:TrackPointExtension>
            <ns3:hr>129</ns3:hr>
          </ns3:TrackPointExtension>
        </extensions>
      </trkpt>
      <trkpt lat="46.8418566696345806121826171875" lon="17.21888911910355091094970703125">
        <ele>266.20001220703125</ele>
        <time>2024-07-24T12:30:15.000Z</time>
        <extensions>
          <ns3:TrackPointExtension>
            <ns3:hr>128</ns3:hr>
          </ns3:TrackPointExtension>
        </extensions>
      </trkpt>
      <trkpt lat="46.84196420945227146148681640625" lon="17.21889632754027843475341796875">
        <ele>266.399993896484375</ele>
        <time>2024-07-24T12:30:25.000Z</time>
        <extensions>
          <ns3:TrackPointExtension>
            <ns3:hr>126</ns3:hr>
          </ns3:TrackPointExtension>
        </extensions>
      </trkpt>
      <trkpt lat="46.84200628660619258880615234375" lon="17.21888207830488681793212890625">
        <ele>266.20001220703125</ele>
        <time>2024-07-24T12:30:29.000Z</time>
        <extensions>
          <ns3:TrackPointExtension>
            <ns3:hr>123</ns3:hr>
          </ns3:TrackPointExtension>
        </extensions>
      </trkpt>
      <trkpt lat="46.84203051030635833740234375" lon="17.21887386403977870941162109375">
        <ele>266.20001220703125</ele>
        <time>2024-07-24T12:30:31.000Z</time>
        <extensions>
          <ns3:TrackPointExtension>
            <ns3:hr>121</ns3:hr>
          </ns3:TrackPointExtension>
        </extensions>
      </trkpt>
      <trkpt lat="46.84209329076111316680908203125" lon="17.2188707627356052398681640625">
        <ele>266.20001220703125</ele>
        <time>2024-07-24T12:30:35.000Z</time>
        <extensions>
          <ns3:TrackPointExtension>
            <ns3:hr>118</ns3:hr>
          </ns3:TrackPointExtension>
        </extensions>
      </trkpt>
      <trkpt lat="46.8421290814876556396484375" lon="17.21886682324111461639404296875">
        <ele>266</ele>
        <time>2024-07-24T12:30:37.000Z</time>
        <extensions>
          <ns3:TrackPointExtension>
            <ns3:hr>118</ns3:hr>
          </ns3:TrackPointExtension>
        </extensions>
      </trkpt>
      <trkpt lat="46.84222371317446231842041015625" lon="17.21885508857667446136474609375">
        <ele>265.600006103515625</ele>
        <time>2024-07-24T12:30:45.000Z</time>
        <extensions>
          <ns3:TrackPointExtension>
            <ns3:hr>116</ns3:hr>
          </ns3:TrackPointExtension>
        </extensions>
      </trkpt>
      <trkpt lat="46.84229361824691295623779296875" lon="17.21883899532258510589599609375">
        <ele>265.20001220703125</ele>
        <time>2024-07-24T12:30:51.000Z</time>
        <extensions>
          <ns3:TrackPointExtension>
            <ns3:hr>113</ns3:hr>
          </ns3:TrackPointExtension>
        </extensions>
      </trkpt>
      <trkpt lat="46.84233116917312145233154296875" lon="17.21884452737867832183837890625">
        <ele>265.20001220703125</ele>
        <time>2024-07-24T12:30:54.000Z</time>
        <extensions>
          <ns3:TrackPointExtension>
            <ns3:hr>112</ns3:hr>
          </ns3:TrackPointExtension>
        </extensions>
      </trkpt>
      <trkpt lat="46.84234592132270336151123046875" lon="17.21884687431156635284423828125">
        <ele>265.20001220703125</ele>
        <time>2024-07-24T12:30:56.000Z</time>
        <extensions>
          <ns3:TrackPointExtension>
            <ns3:hr>112</ns3:hr>
          </ns3:TrackPointExtension>
        </extensions>
      </trkpt>
      <trkpt lat="46.84239285998046398162841796875" lon="17.218817956745624542236328125">
        <ele>264.79998779296875</ele>
        <time>2024-07-24T12:30:59.000Z</time>
        <extensions>
          <ns3:TrackPointExtension>
            <ns3:hr>112</ns3:hr>
          </ns3:TrackPointExtension>
        </extensions>
      </trkpt>
      <trkpt lat="46.84248254634439945220947265625" lon="17.218793816864490509033203125">
        <ele>264.20001220703125</ele>
        <time>2024-07-24T12:31:07.000Z</time>
        <extensions>
          <ns3:TrackPointExtension>
            <ns3:hr>115</ns3:hr>
          </ns3:TrackPointExtension>
        </extensions>
      </trkpt>
      <trkpt lat="46.84254004620015621185302734375" lon="17.2187906317412853240966796875">
        <ele>264</ele>
        <time>2024-07-24T12:31:12.000Z</time>
        <extensions>
          <ns3:TrackPointExtension>
            <ns3:hr>116</ns3:hr>
          </ns3:TrackPointExtension>
        </extensions>
      </trkpt>
      <trkpt lat="46.842555217444896697998046875" lon="17.21880814991891384124755859375">
        <ele>264.20001220703125</ele>
        <time>2024-07-24T12:31:14.000Z</time>
        <extensions>
          <ns3:TrackPointExtension>
            <ns3:hr>117</ns3:hr>
          </ns3:TrackPointExtension>
        </extensions>
      </trkpt>
      <trkpt lat="46.84255756437778472900390625" lon="17.2188033722341060638427734375">
        <ele>264</ele>
        <time>2024-07-24T12:31:20.000Z</time>
        <extensions>
          <ns3:TrackPointExtension>
            <ns3:hr>118</ns3:hr>
          </ns3:TrackPointExtension>
        </extensions>
      </trkpt>
      <trkpt lat="46.84257022105157375335693359375" lon="17.21882809884846210479736328125">
        <ele>264.20001220703125</ele>
        <time>2024-07-24T12:31:25.000Z</time>
        <extensions>
          <ns3:TrackPointExtension>
            <ns3:hr>121</ns3:hr>
          </ns3:TrackPointExtension>
        </extensions>
      </trkpt>
      <trkpt lat="46.84259637258946895599365234375" lon="17.2188472934067249298095703125">
        <ele>264.20001220703125</ele>
        <time>2024-07-24T12:31:28.000Z</time>
        <extensions>
          <ns3:TrackPointExtension>
            <ns3:hr>123</ns3:hr>
          </ns3:TrackPointExtension>
        </extensions>
      </trkpt>
      <trkpt lat="46.84265387244522571563720703125" lon="17.21887688152492046356201171875">
        <ele>264</ele>
        <time>2024-07-24T12:31:35.000Z</time>
        <extensions>
          <ns3:TrackPointExtension>
            <ns3:hr>124</ns3:hr>
          </ns3:TrackPointExtension>
        </extensions>
      </trkpt>
      <trkpt lat="46.84265722520649433135986328125" lon="17.21888626925647258758544921875">
        <ele>264</ele>
        <time>2024-07-24T12:31:41.000Z</time>
        <extensions>
          <ns3:TrackPointExtension>
            <ns3:hr>123</ns3:hr>
          </ns3:TrackPointExtension>
        </extensions>
      </trkpt>
      <trkpt lat="46.84270449914038181304931640625" lon="17.2188838385045528411865234375">
        <ele>263.79998779296875</ele>
        <time>2024-07-24T12:31:48.000Z</time>
        <extensions>
          <ns3:TrackPointExtension>
            <ns3:hr>123</ns3:hr>
          </ns3:TrackPointExtension>
        </extensions>
      </trkpt>
      <trkpt lat="46.84271120466291904449462890625" lon="17.21889766864478588104248046875">
        <ele>263.79998779296875</ele>
        <time>2024-07-24T12:31:54.000Z</time>
        <extensions>
          <ns3:TrackPointExtension>
            <ns3:hr>124</ns3:hr>
          </ns3:TrackPointExtension>
        </extensions>
      </trkpt>
      <trkpt lat="46.84270382858812808990478515625" lon="17.21887302584946155548095703125">
        <ele>263.79998779296875</ele>
        <time>2024-07-24T12:32:00.000Z</time>
        <extensions>
          <ns3:TrackPointExtension>
            <ns3:hr>124</ns3:hr>
          </ns3:TrackPointExtension>
        </extensions>
      </trkpt>
      <trkpt lat="46.842698045074939727783203125" lon="17.21887285821139812469482421875">
        <ele>263.79998779296875</ele>
        <time>2024-07-24T12:32:05.000Z</time>
        <extensions>
          <ns3:TrackPointExtension>
            <ns3:hr>121</ns3:hr>
          </ns3:TrackPointExtension>
        </extensions>
      </trkpt>
      <trkpt lat="46.84269444085657596588134765625" lon="17.2188739478588104248046875">
        <ele>263.79998779296875</ele>
        <time>2024-07-24T12:32:09.000Z</time>
        <extensions>
          <ns3:TrackPointExtension>
            <ns3:hr>117</ns3:hr>
          </ns3:TrackPointExtension>
        </extensions>
      </trkpt>
      <trkpt lat="46.84269444085657596588134765625" lon="17.2188739478588104248046875">
        <ele>263.79998779296875</ele>
        <time>2024-07-24T12:32:12.000Z</time>
        <extensions>
          <ns3:TrackPointExtension>
            <ns3:hr>118</ns3:hr>
          </ns3:TrackPointExtension>
        </extensions>
      </trkpt>
      <trkpt lat="46.84269930236041545867919921875" lon="17.2188704274594783782958984375">
        <ele>263.79998779296875</ele>
        <time>2024-07-24T12:32:23.000Z</time>
        <extensions>
          <ns3:TrackPointExtension>
            <ns3:hr>121</ns3:hr>
          </ns3:TrackPointExtension>
        </extensions>
      </trkpt>
      <trkpt lat="46.84271204285323619842529296875" lon="17.21882608719170093536376953125">
        <ele>263.600006103515625</ele>
        <time>2024-07-24T12:32:58.000Z</time>
        <extensions>
          <ns3:TrackPointExtension>
            <ns3:hr>124</ns3:hr>
          </ns3:TrackPointExtension>
        </extensions>
      </trkpt>
      <trkpt lat="46.84271371923387050628662109375" lon="17.21880848519504070281982421875">
        <ele>263.600006103515625</ele>
        <time>2024-07-24T12:33:11.000Z</time>
        <extensions>
          <ns3:TrackPointExtension>
            <ns3:hr>121</ns3:hr>
          </ns3:TrackPointExtension>
        </extensions>
      </trkpt>
      <trkpt lat="46.84272210113704204559326171875" lon="17.21877462230622768402099609375">
        <ele>263.20001220703125</ele>
        <time>2024-07-24T12:34:01.000Z</time>
        <extensions>
          <ns3:TrackPointExtension>
            <ns3:hr>124</ns3:hr>
          </ns3:TrackPointExtension>
        </extensions>
      </trkpt>
      <trkpt lat="46.84272478334605693817138671875" lon="17.21876188181340694427490234375">
        <ele>263.20001220703125</ele>
        <time>2024-07-24T12:34:39.000Z</time>
        <extensions>
          <ns3:TrackPointExtension>
            <ns3:hr>127</ns3:hr>
          </ns3:TrackPointExtension>
        </extensions>
      </trkpt>
      <trkpt lat="46.8427890725433826446533203125" lon="17.218750901520252227783203125">
        <ele>262.79998779296875</ele>
        <time>2024-07-24T12:34:52.000Z</time>
        <extensions>
          <ns3:TrackPointExtension>
            <ns3:hr>129</ns3:hr>
          </ns3:TrackPointExtension>
        </extensions>
      </trkpt>
      <trkpt lat="46.8428997136652469635009765625" lon="17.21872282214462757110595703125">
        <ele>262.600006103515625</ele>
        <time>2024-07-24T12:35:02.000Z</time>
        <extensions>
          <ns3:TrackPointExtension>
            <ns3:hr>127</ns3:hr>
          </ns3:TrackPointExtension>
        </extensions>
      </trkpt>
      <trkpt lat="46.8429798446595668792724609375" lon="17.21871326677501201629638671875">
        <ele>262.20001220703125</ele>
        <time>2024-07-24T12:35:10.000Z</time>
        <extensions>
          <ns3:TrackPointExtension>
            <ns3:hr>123</ns3:hr>
          </ns3:TrackPointExtension>
        </extensions>
      </trkpt>
      <trkpt lat="46.84299149550497531890869140625" lon="17.21871594898402690887451171875">
        <ele>262.20001220703125</ele>
        <time>2024-07-24T12:35:11.000Z</time>
        <extensions>
          <ns3:TrackPointExtension>
            <ns3:hr>124</ns3:hr>
          </ns3:TrackPointExtension>
        </extensions>
      </trkpt>
      <trkpt lat="46.84303156100213527679443359375" lon="17.21875199116766452789306640625">
        <ele>262.20001220703125</ele>
        <time>2024-07-24T12:35:16.000Z</time>
        <extensions>
          <ns3:TrackPointExtension>
            <ns3:hr>123</ns3:hr>
          </ns3:TrackPointExtension>
        </extensions>
      </trkpt>
      <trkpt lat="46.84305519796907901763916015625" lon="17.21875584684312343597412109375">
        <ele>262.20001220703125</ele>
        <time>2024-07-24T12:35:18.000Z</time>
        <extensions>
          <ns3:TrackPointExtension>
            <ns3:hr>122</ns3:hr>
          </ns3:TrackPointExtension>
        </extensions>
      </trkpt>
      <trkpt lat="46.8431391008198261260986328125" lon="17.2187731973826885223388671875">
        <ele>261.79998779296875</ele>
        <time>2024-07-24T12:35:26.000Z</time>
        <extensions>
          <ns3:TrackPointExtension>
            <ns3:hr>122</ns3:hr>
          </ns3:TrackPointExtension>
        </extensions>
      </trkpt>
      <trkpt lat="46.84322199784219264984130859375" lon="17.21879121847450733184814453125">
        <ele>261</ele>
        <time>2024-07-24T12:35:34.000Z</time>
        <extensions>
          <ns3:TrackPointExtension>
            <ns3:hr>121</ns3:hr>
          </ns3:TrackPointExtension>
        </extensions>
      </trkpt>
      <trkpt lat="46.84330313466489315032958984375" lon="17.21880462951958179473876953125">
        <ele>260.20001220703125</ele>
        <time>2024-07-24T12:35:42.000Z</time>
        <extensions>
          <ns3:TrackPointExtension>
            <ns3:hr>121</ns3:hr>
          </ns3:TrackPointExtension>
        </extensions>
      </trkpt>
      <trkpt lat="46.84338829480111598968505859375" lon="17.21881837584078311920166015625">
        <ele>259.600006103515625</ele>
        <time>2024-07-24T12:35:50.000Z</time>
        <extensions>
          <ns3:TrackPointExtension>
            <ns3:hr>121</ns3:hr>
          </ns3:TrackPointExtension>
        </extensions>
      </trkpt>
      <trkpt lat="46.8434988521039485931396484375" lon="17.21885089762508869171142578125">
        <ele>259</ele>
        <time>2024-07-24T12:36:00.000Z</time>
        <extensions>
          <ns3:TrackPointExtension>
            <ns3:hr>120</ns3:hr>
          </ns3:TrackPointExtension>
        </extensions>
      </trkpt>
      <trkpt lat="46.84356716461479663848876953125" lon="17.2189009375870227813720703125">
        <ele>259.399993896484375</ele>
        <time>2024-07-24T12:36:07.000Z</time>
        <extensions>
          <ns3:TrackPointExtension>
            <ns3:hr>120</ns3:hr>
          </ns3:TrackPointExtension>
        </extensions>
      </trkpt>
      <trkpt lat="46.84358996339142322540283203125" lon="17.2189146839082241058349609375">
        <ele>259.399993896484375</ele>
        <time>2024-07-24T12:36:09.000Z</time>
        <extensions>
          <ns3:TrackPointExtension>
            <ns3:hr>120</ns3:hr>
          </ns3:TrackPointExtension>
        </extensions>
      </trkpt>
      <trkpt lat="46.8436862714588642120361328125" lon="17.21897176466882228851318359375">
        <ele>259.399993896484375</ele>
        <time>2024-07-24T12:36:19.000Z</time>
        <extensions>
          <ns3:TrackPointExtension>
            <ns3:hr>121</ns3:hr>
          </ns3:TrackPointExtension>
        </extensions>
      </trkpt>
      <trkpt lat="46.84376916848123073577880859375" lon="17.2189508937299251556396484375">
        <ele>258.600006103515625</ele>
        <time>2024-07-24T12:36:27.000Z</time>
        <extensions>
          <ns3:TrackPointExtension>
            <ns3:hr>121</ns3:hr>
          </ns3:TrackPointExtension>
        </extensions>
      </trkpt>
      <trkpt lat="46.843778975307941436767578125" lon="17.21894972026348114013671875">
        <ele>258.399993896484375</ele>
        <time>2024-07-24T12:36:28.000Z</time>
        <extensions>
          <ns3:TrackPointExtension>
            <ns3:hr>121</ns3:hr>
          </ns3:TrackPointExtension>
        </extensions>
      </trkpt>
      <trkpt lat="46.8438109941780567169189453125" lon="17.21892717294394969940185546875">
        <ele>258</ele>
        <time>2024-07-24T12:36:32.000Z</time>
        <extensions>
          <ns3:TrackPointExtension>
            <ns3:hr>120</ns3:hr>
          </ns3:TrackPointExtension>
        </extensions>
      </trkpt>
    </trkseg>
  </trk>
</gpx>
