<?xml version="1.0" encoding="UTF-8"?>
<gpx creator="Garmin Connect" version="1.1"
  xsi:schemaLocation="http://www.topografix.com/GPX/1/1 http://www.topografix.com/GPX/11.xsd"
  xmlns:ns3="http://www.garmin.com/xmlschemas/TrackPointExtension/v1"
  xmlns="http://www.topografix.com/GPX/1/1"
  xmlns:xsi="http://www.w3.org/2001/XMLSchema-instance" xmlns:ns2="http://www.garmin.com/xmlschemas/GpxExtensions/v3">
  <metadata>
    <link href="connect.garmin.com">
      <text>Garmin Connect</text>
    </link>
    <time>2022-05-28T07:47:02.000Z</time>
  </metadata>
  <trk>
    <name>OKT Tardos - Koldusszállás</name>
    <type>hiking</type>
    <trkseg>
      <trkpt lat="47.66304530203342437744140625" lon="18.45590849407017230987548828125">
        <ele>302.600006103515625</ele>
        <time>2022-05-28T07:47:02.000Z</time>
        <extensions>
          <ns3:TrackPointExtension>
            <ns3:hr>99</ns3:hr>
          </ns3:TrackPointExtension>
        </extensions>
      </trkpt>
      <trkpt lat="47.66305427066981792449951171875" lon="18.4559045545756816864013671875">
        <ele>302.600006103515625</ele>
        <time>2022-05-28T07:47:03.000Z</time>
        <extensions>
          <ns3:TrackPointExtension>
            <ns3:hr>99</ns3:hr>
          </ns3:TrackPointExtension>
        </extensions>
      </trkpt>
      <trkpt lat="47.663036920130252838134765625" lon="18.455901034176349639892578125">
        <ele>302.600006103515625</ele>
        <time>2022-05-28T07:47:08.000Z</time>
        <extensions>
          <ns3:TrackPointExtension>
            <ns3:hr>102</ns3:hr>
          </ns3:TrackPointExtension>
        </extensions>
      </trkpt>
      <trkpt lat="47.66300833784043788909912109375" lon="18.455860801041126251220703125">
        <ele>302.20001220703125</ele>
        <time>2022-05-28T07:47:17.000Z</time>
        <extensions>
          <ns3:TrackPointExtension>
            <ns3:hr>99</ns3:hr>
          </ns3:TrackPointExtension>
        </extensions>
      </trkpt>
      <trkpt lat="47.66298855654895305633544921875" lon="18.45593263395130634307861328125">
        <ele>302.79998779296875</ele>
        <time>2022-05-28T07:47:25.000Z</time>
        <extensions>
          <ns3:TrackPointExtension>
            <ns3:hr>98</ns3:hr>
          </ns3:TrackPointExtension>
        </extensions>
      </trkpt>
      <trkpt lat="47.66298855654895305633544921875" lon="18.45593263395130634307861328125">
        <ele>302.79998779296875</ele>
        <time>2022-05-28T07:47:32.000Z</time>
        <extensions>
          <ns3:TrackPointExtension>
            <ns3:hr>95</ns3:hr>
          </ns3:TrackPointExtension>
        </extensions>
      </trkpt>
      <trkpt lat="47.663045637309551239013671875" lon="18.45591737888753414154052734375">
        <ele>302.600006103515625</ele>
        <time>2022-05-28T07:47:45.000Z</time>
        <extensions>
          <ns3:TrackPointExtension>
            <ns3:hr>94</ns3:hr>
          </ns3:TrackPointExtension>
        </extensions>
      </trkpt>
      <trkpt lat="47.6631584577262401580810546875" lon="18.45583029091358184814453125">
        <ele>302.20001220703125</ele>
        <time>2022-05-28T07:47:52.000Z</time>
        <extensions>
          <ns3:TrackPointExtension>
            <ns3:hr>94</ns3:hr>
          </ns3:TrackPointExtension>
        </extensions>
      </trkpt>
      <trkpt lat="47.6632449589669704437255859375" lon="18.45578175969421863555908203125">
        <ele>302.20001220703125</ele>
        <time>2022-05-28T07:48:01.000Z</time>
        <extensions>
          <ns3:TrackPointExtension>
            <ns3:hr>94</ns3:hr>
          </ns3:TrackPointExtension>
        </extensions>
      </trkpt>
      <trkpt lat="47.6632459647953510284423828125" lon="18.4557597152888774871826171875">
        <ele>302</ele>
        <time>2022-05-28T07:48:03.000Z</time>
        <extensions>
          <ns3:TrackPointExtension>
            <ns3:hr>93</ns3:hr>
          </ns3:TrackPointExtension>
        </extensions>
      </trkpt>
      <trkpt lat="47.6632511615753173828125" lon="18.4556846134364604949951171875">
        <ele>301.600006103515625</ele>
        <time>2022-05-28T07:48:08.000Z</time>
        <extensions>
          <ns3:TrackPointExtension>
            <ns3:hr>93</ns3:hr>
          </ns3:TrackPointExtension>
        </extensions>
      </trkpt>
      <trkpt lat="47.66328795813024044036865234375" lon="18.4556628204882144927978515625">
        <ele>301.79998779296875</ele>
        <time>2022-05-28T07:48:12.000Z</time>
        <extensions>
          <ns3:TrackPointExtension>
            <ns3:hr>96</ns3:hr>
          </ns3:TrackPointExtension>
        </extensions>
      </trkpt>
      <trkpt lat="47.663336656987667083740234375" lon="18.4556215815246105194091796875">
        <ele>302</ele>
        <time>2022-05-28T07:48:16.000Z</time>
        <extensions>
          <ns3:TrackPointExtension>
            <ns3:hr>99</ns3:hr>
          </ns3:TrackPointExtension>
        </extensions>
      </trkpt>
      <trkpt lat="47.66335383988916873931884765625" lon="18.45561361871659755706787109375">
        <ele>302</ele>
        <time>2022-05-28T07:48:18.000Z</time>
        <extensions>
          <ns3:TrackPointExtension>
            <ns3:hr>103</ns3:hr>
          </ns3:TrackPointExtension>
        </extensions>
      </trkpt>
      <trkpt lat="47.6633732020854949951171875" lon="18.45560171641409397125244140625">
        <ele>302.20001220703125</ele>
        <time>2022-05-28T07:48:20.000Z</time>
        <extensions>
          <ns3:TrackPointExtension>
            <ns3:hr>106</ns3:hr>
          </ns3:TrackPointExtension>
        </extensions>
      </trkpt>
      <trkpt lat="47.66345090232789516448974609375" lon="18.45553767867386341094970703125">
        <ele>302.399993896484375</ele>
        <time>2022-05-28T07:48:28.000Z</time>
        <extensions>
          <ns3:TrackPointExtension>
            <ns3:hr>107</ns3:hr>
          </ns3:TrackPointExtension>
        </extensions>
      </trkpt>
      <trkpt lat="47.66353338025510311126708984375" lon="18.45547229982912540435791015625">
        <ele>302.79998779296875</ele>
        <time>2022-05-28T07:48:37.000Z</time>
        <extensions>
          <ns3:TrackPointExtension>
            <ns3:hr>107</ns3:hr>
          </ns3:TrackPointExtension>
        </extensions>
      </trkpt>
      <trkpt lat="47.6636146008968353271484375" lon="18.45543600618839263916015625">
        <ele>303.399993896484375</ele>
        <time>2022-05-28T07:48:44.000Z</time>
        <extensions>
          <ns3:TrackPointExtension>
            <ns3:hr>105</ns3:hr>
          </ns3:TrackPointExtension>
        </extensions>
      </trkpt>
      <trkpt lat="47.66363832168281078338623046875" lon="18.4554177336394786834716796875">
        <ele>303.399993896484375</ele>
        <time>2022-05-28T07:48:46.000Z</time>
        <extensions>
          <ns3:TrackPointExtension>
            <ns3:hr>106</ns3:hr>
          </ns3:TrackPointExtension>
        </extensions>
      </trkpt>
      <trkpt lat="47.6636794768273830413818359375" lon="18.45539174973964691162109375">
        <ele>303.600006103515625</ele>
        <time>2022-05-28T07:48:51.000Z</time>
        <extensions>
          <ns3:TrackPointExtension>
            <ns3:hr>109</ns3:hr>
          </ns3:TrackPointExtension>
        </extensions>
      </trkpt>
      <trkpt lat="47.66369280405342578887939453125" lon="18.45538596622645854949951171875">
        <ele>303.600006103515625</ele>
        <time>2022-05-28T07:48:52.000Z</time>
        <extensions>
          <ns3:TrackPointExtension>
            <ns3:hr>113</ns3:hr>
          </ns3:TrackPointExtension>
        </extensions>
      </trkpt>
      <trkpt lat="47.6637146808207035064697265625" lon="18.45537138171494007110595703125">
        <ele>303.79998779296875</ele>
        <time>2022-05-28T07:48:54.000Z</time>
        <extensions>
          <ns3:TrackPointExtension>
            <ns3:hr>109</ns3:hr>
          </ns3:TrackPointExtension>
        </extensions>
      </trkpt>
      <trkpt lat="47.66377913765609264373779296875" lon="18.455330394208431243896484375">
        <ele>304.20001220703125</ele>
        <time>2022-05-28T07:48:59.000Z</time>
        <extensions>
          <ns3:TrackPointExtension>
            <ns3:hr>109</ns3:hr>
          </ns3:TrackPointExtension>
        </extensions>
      </trkpt>
      <trkpt lat="47.6638625375926494598388671875" lon="18.455268032848834991455078125">
        <ele>304.399993896484375</ele>
        <time>2022-05-28T07:49:08.000Z</time>
        <extensions>
          <ns3:TrackPointExtension>
            <ns3:hr>109</ns3:hr>
          </ns3:TrackPointExtension>
        </extensions>
      </trkpt>
      <trkpt lat="47.66394677571952342987060546875" lon="18.4552195854485034942626953125">
        <ele>305</ele>
        <time>2022-05-28T07:49:16.000Z</time>
        <extensions>
          <ns3:TrackPointExtension>
            <ns3:hr>108</ns3:hr>
          </ns3:TrackPointExtension>
        </extensions>
      </trkpt>
      <trkpt lat="47.66400410793721675872802734375" lon="18.45518144778907299041748046875">
        <ele>305.20001220703125</ele>
        <time>2022-05-28T07:49:23.000Z</time>
        <extensions>
          <ns3:TrackPointExtension>
            <ns3:hr>111</ns3:hr>
          </ns3:TrackPointExtension>
        </extensions>
      </trkpt>
      <trkpt lat="47.664046101272106170654296875" lon="18.45516853965818881988525390625">
        <ele>305.399993896484375</ele>
        <time>2022-05-28T07:49:26.000Z</time>
        <extensions>
          <ns3:TrackPointExtension>
            <ns3:hr>109</ns3:hr>
          </ns3:TrackPointExtension>
        </extensions>
      </trkpt>
      <trkpt lat="47.66413268633186817169189453125" lon="18.45510802231729030609130859375">
        <ele>305.600006103515625</ele>
        <time>2022-05-28T07:49:35.000Z</time>
        <extensions>
          <ns3:TrackPointExtension>
            <ns3:hr>107</ns3:hr>
          </ns3:TrackPointExtension>
        </extensions>
      </trkpt>
      <trkpt lat="47.66423259861767292022705078125" lon="18.45504180528223514556884765625">
        <ele>305.600006103515625</ele>
        <time>2022-05-28T07:49:44.000Z</time>
        <extensions>
          <ns3:TrackPointExtension>
            <ns3:hr>106</ns3:hr>
          </ns3:TrackPointExtension>
        </extensions>
      </trkpt>
      <trkpt lat="47.664317004382610321044921875" lon="18.454995118081569671630859375">
        <ele>305.79998779296875</ele>
        <time>2022-05-28T07:49:50.000Z</time>
        <extensions>
          <ns3:TrackPointExtension>
            <ns3:hr>105</ns3:hr>
          </ns3:TrackPointExtension>
        </extensions>
      </trkpt>
      <trkpt lat="47.66443443484604358673095703125" lon="18.45492294989526271820068359375">
        <ele>306.399993896484375</ele>
        <time>2022-05-28T07:50:01.000Z</time>
        <extensions>
          <ns3:TrackPointExtension>
            <ns3:hr>102</ns3:hr>
          </ns3:TrackPointExtension>
        </extensions>
      </trkpt>
      <trkpt lat="47.6645555533468723297119140625" lon="18.45485824160277843475341796875">
        <ele>306.600006103515625</ele>
        <time>2022-05-28T07:50:09.000Z</time>
        <extensions>
          <ns3:TrackPointExtension>
            <ns3:hr>102</ns3:hr>
          </ns3:TrackPointExtension>
        </extensions>
      </trkpt>
      <trkpt lat="47.6646537892520427703857421875" lon="18.45479722134768962860107421875">
        <ele>307</ele>
        <time>2022-05-28T07:50:18.000Z</time>
        <extensions>
          <ns3:TrackPointExtension>
            <ns3:hr>104</ns3:hr>
          </ns3:TrackPointExtension>
        </extensions>
      </trkpt>
      <trkpt lat="47.664756216108798980712890625" lon="18.4547086246311664581298828125">
        <ele>307.79998779296875</ele>
        <time>2022-05-28T07:50:30.000Z</time>
        <extensions>
          <ns3:TrackPointExtension>
            <ns3:hr>104</ns3:hr>
          </ns3:TrackPointExtension>
        </extensions>
      </trkpt>
      <trkpt lat="47.66488404013216495513916015625" lon="18.45462371595203876495361328125">
        <ele>307.79998779296875</ele>
        <time>2022-05-28T07:50:40.000Z</time>
        <extensions>
          <ns3:TrackPointExtension>
            <ns3:hr>107</ns3:hr>
          </ns3:TrackPointExtension>
        </extensions>
      </trkpt>
      <trkpt lat="47.66489359550178050994873046875" lon="18.4546172618865966796875">
        <ele>307.79998779296875</ele>
        <time>2022-05-28T07:50:41.000Z</time>
        <extensions>
          <ns3:TrackPointExtension>
            <ns3:hr>107</ns3:hr>
          </ns3:TrackPointExtension>
        </extensions>
      </trkpt>
      <trkpt lat="47.6649615727365016937255859375" lon="18.45456537790596485137939453125">
        <ele>307.600006103515625</ele>
        <time>2022-05-28T07:50:50.000Z</time>
        <extensions>
          <ns3:TrackPointExtension>
            <ns3:hr>109</ns3:hr>
          </ns3:TrackPointExtension>
        </extensions>
      </trkpt>
      <trkpt lat="47.6650162227451801300048828125" lon="18.45451734960079193115234375">
        <ele>307.600006103515625</ele>
        <time>2022-05-28T07:50:58.000Z</time>
        <extensions>
          <ns3:TrackPointExtension>
            <ns3:hr>110</ns3:hr>
          </ns3:TrackPointExtension>
        </extensions>
      </trkpt>
      <trkpt lat="47.66504446975886821746826171875" lon="18.45450201071798801422119140625">
        <ele>307.600006103515625</ele>
        <time>2022-05-28T07:51:06.000Z</time>
        <extensions>
          <ns3:TrackPointExtension>
            <ns3:hr>113</ns3:hr>
          </ns3:TrackPointExtension>
        </extensions>
      </trkpt>
      <trkpt lat="47.6650522649288177490234375" lon="18.4545071236789226531982421875">
        <ele>307.600006103515625</ele>
        <time>2022-05-28T07:51:07.000Z</time>
        <extensions>
          <ns3:TrackPointExtension>
            <ns3:hr>113</ns3:hr>
          </ns3:TrackPointExtension>
        </extensions>
      </trkpt>
      <trkpt lat="47.66513667069375514984130859375" lon="18.45454744063317775726318359375">
        <ele>307.79998779296875</ele>
        <time>2022-05-28T07:51:15.000Z</time>
        <extensions>
          <ns3:TrackPointExtension>
            <ns3:hr>113</ns3:hr>
          </ns3:TrackPointExtension>
        </extensions>
      </trkpt>
      <trkpt lat="47.665170617401599884033203125" lon="18.45453084446489810943603515625">
        <ele>307.79998779296875</ele>
        <time>2022-05-28T07:51:17.000Z</time>
        <extensions>
          <ns3:TrackPointExtension>
            <ns3:hr>110</ns3:hr>
          </ns3:TrackPointExtension>
        </extensions>
      </trkpt>
      <trkpt lat="47.66521294601261615753173828125" lon="18.454523384571075439453125">
        <ele>308</ele>
        <time>2022-05-28T07:51:21.000Z</time>
        <extensions>
          <ns3:TrackPointExtension>
            <ns3:hr>111</ns3:hr>
          </ns3:TrackPointExtension>
        </extensions>
      </trkpt>
      <trkpt lat="47.6653263531625270843505859375" lon="18.454549871385097503662109375">
        <ele>308.399993896484375</ele>
        <time>2022-05-28T07:51:30.000Z</time>
        <extensions>
          <ns3:TrackPointExtension>
            <ns3:hr>110</ns3:hr>
          </ns3:TrackPointExtension>
        </extensions>
      </trkpt>
      <trkpt lat="47.66546599566936492919921875" lon="18.45468440093100070953369140625">
        <ele>309</ele>
        <time>2022-05-28T07:51:43.000Z</time>
        <extensions>
          <ns3:TrackPointExtension>
            <ns3:hr>111</ns3:hr>
          </ns3:TrackPointExtension>
        </extensions>
      </trkpt>
      <trkpt lat="47.665536403656005859375" lon="18.4548185952007770538330078125">
        <ele>309.399993896484375</ele>
        <time>2022-05-28T07:51:54.000Z</time>
        <extensions>
          <ns3:TrackPointExtension>
            <ns3:hr>113</ns3:hr>
          </ns3:TrackPointExtension>
        </extensions>
      </trkpt>
      <trkpt lat="47.665603123605251312255859375" lon="18.454909957945346832275390625">
        <ele>309.79998779296875</ele>
        <time>2022-05-28T07:52:02.000Z</time>
        <extensions>
          <ns3:TrackPointExtension>
            <ns3:hr>112</ns3:hr>
          </ns3:TrackPointExtension>
        </extensions>
      </trkpt>
      <trkpt lat="47.66561494208872318267822265625" lon="18.454936780035495758056640625">
        <ele>310</ele>
        <time>2022-05-28T07:52:04.000Z</time>
        <extensions>
          <ns3:TrackPointExtension>
            <ns3:hr>113</ns3:hr>
          </ns3:TrackPointExtension>
        </extensions>
      </trkpt>
      <trkpt lat="47.66569725237786769866943359375" lon="18.4551126323640346527099609375">
        <ele>311.79998779296875</ele>
        <time>2022-05-28T07:52:16.000Z</time>
        <extensions>
          <ns3:TrackPointExtension>
            <ns3:hr>114</ns3:hr>
          </ns3:TrackPointExtension>
        </extensions>
      </trkpt>
      <trkpt lat="47.6657360605895519256591796875" lon="18.45524397678673267364501953125">
        <ele>312.79998779296875</ele>
        <time>2022-05-28T07:52:24.000Z</time>
        <extensions>
          <ns3:TrackPointExtension>
            <ns3:hr>113</ns3:hr>
          </ns3:TrackPointExtension>
        </extensions>
      </trkpt>
      <trkpt lat="47.66579884104430675506591796875" lon="18.45542955212295055389404296875">
        <ele>314.399993896484375</ele>
        <time>2022-05-28T07:52:33.000Z</time>
        <extensions>
          <ns3:TrackPointExtension>
            <ns3:hr>113</ns3:hr>
          </ns3:TrackPointExtension>
        </extensions>
      </trkpt>
      <trkpt lat="47.66579582355916500091552734375" lon="18.4555672667920589447021484375">
        <ele>315.20001220703125</ele>
        <time>2022-05-28T07:52:42.000Z</time>
        <extensions>
          <ns3:TrackPointExtension>
            <ns3:hr>116</ns3:hr>
          </ns3:TrackPointExtension>
        </extensions>
      </trkpt>
      <trkpt lat="47.66579230315983295440673828125" lon="18.4555887244641780853271484375">
        <ele>315.20001220703125</ele>
        <time>2022-05-28T07:52:43.000Z</time>
        <extensions>
          <ns3:TrackPointExtension>
            <ns3:hr>116</ns3:hr>
          </ns3:TrackPointExtension>
        </extensions>
      </trkpt>
      <trkpt lat="47.6657866872847080230712890625" lon="18.4557235054671764373779296875">
        <ele>315.600006103515625</ele>
        <time>2022-05-28T07:52:51.000Z</time>
        <extensions>
          <ns3:TrackPointExtension>
            <ns3:hr>115</ns3:hr>
          </ns3:TrackPointExtension>
        </extensions>
      </trkpt>
      <trkpt lat="47.66579724848270416259765625" lon="18.455773293972015380859375">
        <ele>316</ele>
        <time>2022-05-28T07:52:54.000Z</time>
        <extensions>
          <ns3:TrackPointExtension>
            <ns3:hr>112</ns3:hr>
          </ns3:TrackPointExtension>
        </extensions>
      </trkpt>
      <trkpt lat="47.66580261290073394775390625" lon="18.45585669390857219696044921875">
        <ele>316.20001220703125</ele>
        <time>2022-05-28T07:52:59.000Z</time>
        <extensions>
          <ns3:TrackPointExtension>
            <ns3:hr>111</ns3:hr>
          </ns3:TrackPointExtension>
        </extensions>
      </trkpt>
      <trkpt lat="47.6658205501735210418701171875" lon="18.4560048021376132965087890625">
        <ele>316.399993896484375</ele>
        <time>2022-05-28T07:53:09.000Z</time>
        <extensions>
          <ns3:TrackPointExtension>
            <ns3:hr>112</ns3:hr>
          </ns3:TrackPointExtension>
        </extensions>
      </trkpt>
      <trkpt lat="47.6658587716519832611083984375" lon="18.45618777908384799957275390625">
        <ele>317.79998779296875</ele>
        <time>2022-05-28T07:53:22.000Z</time>
        <extensions>
          <ns3:TrackPointExtension>
            <ns3:hr>109</ns3:hr>
          </ns3:TrackPointExtension>
        </extensions>
      </trkpt>
      <trkpt lat="47.6658638007938861846923828125" lon="18.456202447414398193359375">
        <ele>318</ele>
        <time>2022-05-28T07:53:23.000Z</time>
        <extensions>
          <ns3:TrackPointExtension>
            <ns3:hr>109</ns3:hr>
          </ns3:TrackPointExtension>
        </extensions>
      </trkpt>
      <trkpt lat="47.6658741943538188934326171875" lon="18.45624594949185848236083984375">
        <ele>318.600006103515625</ele>
        <time>2022-05-28T07:53:26.000Z</time>
        <extensions>
          <ns3:TrackPointExtension>
            <ns3:hr>106</ns3:hr>
          </ns3:TrackPointExtension>
        </extensions>
      </trkpt>
      <trkpt lat="47.66589556820690631866455078125" lon="18.456307388842105865478515625">
        <ele>319.399993896484375</ele>
        <time>2022-05-28T07:53:30.000Z</time>
        <extensions>
          <ns3:TrackPointExtension>
            <ns3:hr>110</ns3:hr>
          </ns3:TrackPointExtension>
        </extensions>
      </trkpt>
      <trkpt lat="47.66590646468102931976318359375" lon="18.45634351484477519989013671875">
        <ele>320</ele>
        <time>2022-05-28T07:53:33.000Z</time>
        <extensions>
          <ns3:TrackPointExtension>
            <ns3:hr>107</ns3:hr>
          </ns3:TrackPointExtension>
        </extensions>
      </trkpt>
      <trkpt lat="47.66591819934546947479248046875" lon="18.4563700854778289794921875">
        <ele>320.399993896484375</ele>
        <time>2022-05-28T07:53:35.000Z</time>
        <extensions>
          <ns3:TrackPointExtension>
            <ns3:hr>110</ns3:hr>
          </ns3:TrackPointExtension>
        </extensions>
      </trkpt>
      <trkpt lat="47.66593311913311481475830078125" lon="18.45640939660370349884033203125">
        <ele>320.600006103515625</ele>
        <time>2022-05-28T07:53:38.000Z</time>
        <extensions>
          <ns3:TrackPointExtension>
            <ns3:hr>114</ns3:hr>
          </ns3:TrackPointExtension>
        </extensions>
      </trkpt>
      <trkpt lat="47.6659419201314449310302734375" lon="18.4564423374831676483154296875">
        <ele>321</ele>
        <time>2022-05-28T07:53:40.000Z</time>
        <extensions>
          <ns3:TrackPointExtension>
            <ns3:hr>117</ns3:hr>
          </ns3:TrackPointExtension>
        </extensions>
      </trkpt>
      <trkpt lat="47.66596144996583461761474609375" lon="18.45649891532957553863525390625">
        <ele>321.399993896484375</ele>
        <time>2022-05-28T07:53:44.000Z</time>
        <extensions>
          <ns3:TrackPointExtension>
            <ns3:hr>122</ns3:hr>
          </ns3:TrackPointExtension>
        </extensions>
      </trkpt>
      <trkpt lat="47.665972597897052764892578125" lon="18.45652909018099308013916015625">
        <ele>321.79998779296875</ele>
        <time>2022-05-28T07:53:46.000Z</time>
        <extensions>
          <ns3:TrackPointExtension>
            <ns3:hr>123</ns3:hr>
          </ns3:TrackPointExtension>
        </extensions>
      </trkpt>
      <trkpt lat="47.66598190180957317352294921875" lon="18.45655809156596660614013671875">
        <ele>322</ele>
        <time>2022-05-28T07:53:48.000Z</time>
        <extensions>
          <ns3:TrackPointExtension>
            <ns3:hr>127</ns3:hr>
          </ns3:TrackPointExtension>
        </extensions>
      </trkpt>
      <trkpt lat="47.6659885235130786895751953125" lon="18.45657686702907085418701171875">
        <ele>322.20001220703125</ele>
        <time>2022-05-28T07:53:49.000Z</time>
        <extensions>
          <ns3:TrackPointExtension>
            <ns3:hr>131</ns3:hr>
          </ns3:TrackPointExtension>
        </extensions>
      </trkpt>
      <trkpt lat="47.66600620932877063751220703125" lon="18.456621207296848297119140625">
        <ele>322.600006103515625</ele>
        <time>2022-05-28T07:53:52.000Z</time>
        <extensions>
          <ns3:TrackPointExtension>
            <ns3:hr>134</ns3:hr>
          </ns3:TrackPointExtension>
        </extensions>
      </trkpt>
      <trkpt lat="47.66605566255748271942138671875" lon="18.45675431191921234130859375">
        <ele>323.600006103515625</ele>
        <time>2022-05-28T07:54:01.000Z</time>
        <extensions>
          <ns3:TrackPointExtension>
            <ns3:hr>135</ns3:hr>
          </ns3:TrackPointExtension>
        </extensions>
      </trkpt>
      <trkpt lat="47.6660998351871967315673828125" lon="18.4569268114864826202392578125">
        <ele>324.79998779296875</ele>
        <time>2022-05-28T07:54:12.000Z</time>
        <extensions>
          <ns3:TrackPointExtension>
            <ns3:hr>134</ns3:hr>
          </ns3:TrackPointExtension>
        </extensions>
      </trkpt>
      <trkpt lat="47.666134871542453765869140625" lon="18.457065783441066741943359375">
        <ele>325</ele>
        <time>2022-05-28T07:54:21.000Z</time>
        <extensions>
          <ns3:TrackPointExtension>
            <ns3:hr>134</ns3:hr>
          </ns3:TrackPointExtension>
        </extensions>
      </trkpt>
      <trkpt lat="47.66618440859019756317138671875" lon="18.457248508930206298828125">
        <ele>325.20001220703125</ele>
        <time>2022-05-28T07:54:32.000Z</time>
        <extensions>
          <ns3:TrackPointExtension>
            <ns3:hr>136</ns3:hr>
          </ns3:TrackPointExtension>
        </extensions>
      </trkpt>
      <trkpt lat="47.66623956151306629180908203125" lon="18.4574525244534015655517578125">
        <ele>326.20001220703125</ele>
        <time>2022-05-28T07:54:45.000Z</time>
        <extensions>
          <ns3:TrackPointExtension>
            <ns3:hr>137</ns3:hr>
          </ns3:TrackPointExtension>
        </extensions>
      </trkpt>
      <trkpt lat="47.66629748046398162841796875" lon="18.45765679143369197845458984375">
        <ele>327.600006103515625</ele>
        <time>2022-05-28T07:54:58.000Z</time>
        <extensions>
          <ns3:TrackPointExtension>
            <ns3:hr>138</ns3:hr>
          </ns3:TrackPointExtension>
        </extensions>
      </trkpt>
      <trkpt lat="47.6663611829280853271484375" lon="18.4578105993568897247314453125">
        <ele>328.600006103515625</ele>
        <time>2022-05-28T07:55:09.000Z</time>
        <extensions>
          <ns3:TrackPointExtension>
            <ns3:hr>135</ns3:hr>
          </ns3:TrackPointExtension>
        </extensions>
      </trkpt>
      <trkpt lat="47.66642832197248935699462890625" lon="18.45787354744970798492431640625">
        <ele>329.399993896484375</ele>
        <time>2022-05-28T07:55:17.000Z</time>
        <extensions>
          <ns3:TrackPointExtension>
            <ns3:hr>133</ns3:hr>
          </ns3:TrackPointExtension>
        </extensions>
      </trkpt>
      <trkpt lat="47.666432596743106842041015625" lon="18.45787472091615200042724609375">
        <ele>329.399993896484375</ele>
        <time>2022-05-28T07:55:21.000Z</time>
        <extensions>
          <ns3:TrackPointExtension>
            <ns3:hr>130</ns3:hr>
          </ns3:TrackPointExtension>
        </extensions>
      </trkpt>
      <trkpt lat="47.66642748378217220306396484375" lon="18.45788075588643550872802734375">
        <ele>329.399993896484375</ele>
        <time>2022-05-28T07:55:23.000Z</time>
        <extensions>
          <ns3:TrackPointExtension>
            <ns3:hr>128</ns3:hr>
          </ns3:TrackPointExtension>
        </extensions>
      </trkpt>
      <trkpt lat="47.666436620056629180908203125" lon="18.45796776004135608673095703125">
        <ele>329.79998779296875</ele>
        <time>2022-05-28T07:55:30.000Z</time>
        <extensions>
          <ns3:TrackPointExtension>
            <ns3:hr>127</ns3:hr>
          </ns3:TrackPointExtension>
        </extensions>
      </trkpt>
      <trkpt lat="47.666484899818897247314453125" lon="18.4580965898931026458740234375">
        <ele>330.600006103515625</ele>
        <time>2022-05-28T07:55:38.000Z</time>
        <extensions>
          <ns3:TrackPointExtension>
            <ns3:hr>127</ns3:hr>
          </ns3:TrackPointExtension>
        </extensions>
      </trkpt>
      <trkpt lat="47.66656544990837574005126953125" lon="18.45826665870845317840576171875">
        <ele>332</ele>
        <time>2022-05-28T07:55:50.000Z</time>
        <extensions>
          <ns3:TrackPointExtension>
            <ns3:hr>128</ns3:hr>
          </ns3:TrackPointExtension>
        </extensions>
      </trkpt>
      <trkpt lat="47.666616328060626983642578125" lon="18.4583832509815692901611328125">
        <ele>332.79998779296875</ele>
        <time>2022-05-28T07:55:58.000Z</time>
        <extensions>
          <ns3:TrackPointExtension>
            <ns3:hr>125</ns3:hr>
          </ns3:TrackPointExtension>
        </extensions>
      </trkpt>
      <trkpt lat="47.66662144102156162261962890625" lon="18.458395488560199737548828125">
        <ele>333</ele>
        <time>2022-05-28T07:55:59.000Z</time>
        <extensions>
          <ns3:TrackPointExtension>
            <ns3:hr>124</ns3:hr>
          </ns3:TrackPointExtension>
        </extensions>
      </trkpt>
      <trkpt lat="47.66666871495544910430908203125" lon="18.45851157791912555694580078125">
        <ele>333.600006103515625</ele>
        <time>2022-05-28T07:56:07.000Z</time>
        <extensions>
          <ns3:TrackPointExtension>
            <ns3:hr>122</ns3:hr>
          </ns3:TrackPointExtension>
        </extensions>
      </trkpt>
      <trkpt lat="47.6667204312980175018310546875" lon="18.45864267088472843170166015625">
        <ele>334.20001220703125</ele>
        <time>2022-05-28T07:56:16.000Z</time>
        <extensions>
          <ns3:TrackPointExtension>
            <ns3:hr>124</ns3:hr>
          </ns3:TrackPointExtension>
        </extensions>
      </trkpt>
      <trkpt lat="47.66676946543157100677490234375" lon="18.45878801308572292327880859375">
        <ele>334.79998779296875</ele>
        <time>2022-05-28T07:56:26.000Z</time>
        <extensions>
          <ns3:TrackPointExtension>
            <ns3:hr>127</ns3:hr>
          </ns3:TrackPointExtension>
        </extensions>
      </trkpt>
      <trkpt lat="47.6667720638215541839599609375" lon="18.45880159176886081695556640625">
        <ele>335</ele>
        <time>2022-05-28T07:56:27.000Z</time>
        <extensions>
          <ns3:TrackPointExtension>
            <ns3:hr>127</ns3:hr>
          </ns3:TrackPointExtension>
        </extensions>
      </trkpt>
      <trkpt lat="47.6667791046202182769775390625" lon="18.4588184393942356109619140625">
        <ele>335</ele>
        <time>2022-05-28T07:56:32.000Z</time>
        <extensions>
          <ns3:TrackPointExtension>
            <ns3:hr>127</ns3:hr>
          </ns3:TrackPointExtension>
        </extensions>
      </trkpt>
      <trkpt lat="47.66683258116245269775390625" lon="18.45891994424164295196533203125">
        <ele>335.600006103515625</ele>
        <time>2022-05-28T07:56:40.000Z</time>
        <extensions>
          <ns3:TrackPointExtension>
            <ns3:hr>124</ns3:hr>
          </ns3:TrackPointExtension>
        </extensions>
      </trkpt>
      <trkpt lat="47.66683786176145076751708984375" lon="18.45892849378287792205810546875">
        <ele>335.600006103515625</ele>
        <time>2022-05-28T07:56:42.000Z</time>
        <extensions>
          <ns3:TrackPointExtension>
            <ns3:hr>122</ns3:hr>
          </ns3:TrackPointExtension>
        </extensions>
      </trkpt>
      <trkpt lat="47.666924782097339630126953125" lon="18.45905673690140247344970703125">
        <ele>336.399993896484375</ele>
        <time>2022-05-28T07:56:51.000Z</time>
        <extensions>
          <ns3:TrackPointExtension>
            <ns3:hr>123</ns3:hr>
          </ns3:TrackPointExtension>
        </extensions>
      </trkpt>
      <trkpt lat="47.66696258448064327239990234375" lon="18.4590903483331203460693359375">
        <ele>336.600006103515625</ele>
        <time>2022-05-28T07:56:54.000Z</time>
        <extensions>
          <ns3:TrackPointExtension>
            <ns3:hr>126</ns3:hr>
          </ns3:TrackPointExtension>
        </extensions>
      </trkpt>
      <trkpt lat="47.667009942233562469482421875" lon="18.45913502387702465057373046875">
        <ele>337.20001220703125</ele>
        <time>2022-05-28T07:56:59.000Z</time>
        <extensions>
          <ns3:TrackPointExtension>
            <ns3:hr>129</ns3:hr>
          </ns3:TrackPointExtension>
        </extensions>
      </trkpt>
      <trkpt lat="47.66701924614608287811279296875" lon="18.4591456688940525054931640625">
        <ele>337.20001220703125</ele>
        <time>2022-05-28T07:57:01.000Z</time>
        <extensions>
          <ns3:TrackPointExtension>
            <ns3:hr>130</ns3:hr>
          </ns3:TrackPointExtension>
        </extensions>
      </trkpt>
      <trkpt lat="47.66705780290067195892333984375" lon="18.4592070244252681732177734375">
        <ele>338</ele>
        <time>2022-05-28T07:57:09.000Z</time>
        <extensions>
          <ns3:TrackPointExtension>
            <ns3:hr>132</ns3:hr>
          </ns3:TrackPointExtension>
        </extensions>
      </trkpt>
      <trkpt lat="47.66705830581486225128173828125" lon="18.459204174578189849853515625">
        <ele>338</ele>
        <time>2022-05-28T07:57:18.000Z</time>
        <extensions>
          <ns3:TrackPointExtension>
            <ns3:hr>131</ns3:hr>
          </ns3:TrackPointExtension>
        </extensions>
      </trkpt>
      <trkpt lat="47.66705629415810108184814453125" lon="18.45920425839722156524658203125">
        <ele>337.79998779296875</ele>
        <time>2022-05-28T07:57:43.000Z</time>
        <extensions>
          <ns3:TrackPointExtension>
            <ns3:hr>127</ns3:hr>
          </ns3:TrackPointExtension>
        </extensions>
      </trkpt>
      <trkpt lat="47.66705495305359363555908203125" lon="18.45920425839722156524658203125">
        <ele>337.79998779296875</ele>
        <time>2022-05-28T07:57:47.000Z</time>
        <extensions>
          <ns3:TrackPointExtension>
            <ns3:hr>130</ns3:hr>
          </ns3:TrackPointExtension>
        </extensions>
      </trkpt>
      <trkpt lat="47.66705579124391078948974609375" lon="18.4592036716639995574951171875">
        <ele>337.79998779296875</ele>
        <time>2022-05-28T07:58:22.000Z</time>
        <extensions>
          <ns3:TrackPointExtension>
            <ns3:hr>135</ns3:hr>
          </ns3:TrackPointExtension>
        </extensions>
      </trkpt>
      <trkpt lat="47.66705579124391078948974609375" lon="18.45920375548303127288818359375">
        <ele>337.79998779296875</ele>
        <time>2022-05-28T07:58:23.000Z</time>
        <extensions>
          <ns3:TrackPointExtension>
            <ns3:hr>139</ns3:hr>
          </ns3:TrackPointExtension>
        </extensions>
      </trkpt>
      <trkpt lat="47.66705579124391078948974609375" lon="18.45920383930206298828125">
        <ele>337.79998779296875</ele>
        <time>2022-05-28T07:58:24.000Z</time>
        <extensions>
          <ns3:TrackPointExtension>
            <ns3:hr>142</ns3:hr>
          </ns3:TrackPointExtension>
        </extensions>
      </trkpt>
      <trkpt lat="47.66705579124391078948974609375" lon="18.45920409075915813446044921875">
        <ele>337.79998779296875</ele>
        <time>2022-05-28T07:58:25.000Z</time>
        <extensions>
          <ns3:TrackPointExtension>
            <ns3:hr>145</ns3:hr>
          </ns3:TrackPointExtension>
        </extensions>
      </trkpt>
      <trkpt lat="47.6670557074248790740966796875" lon="18.45920425839722156524658203125">
        <ele>337.79998779296875</ele>
        <time>2022-05-28T07:58:27.000Z</time>
        <extensions>
          <ns3:TrackPointExtension>
            <ns3:hr>150</ns3:hr>
          </ns3:TrackPointExtension>
        </extensions>
      </trkpt>
      <trkpt lat="47.66705520451068878173828125" lon="18.4592046774923801422119140625">
        <ele>337.79998779296875</ele>
        <time>2022-05-28T07:58:29.000Z</time>
        <extensions>
          <ns3:TrackPointExtension>
            <ns3:hr>144</ns3:hr>
          </ns3:TrackPointExtension>
        </extensions>
      </trkpt>
      <trkpt lat="47.66705478541553020477294921875" lon="18.45920543186366558074951171875">
        <ele>337.79998779296875</ele>
        <time>2022-05-28T07:58:30.000Z</time>
        <extensions>
          <ns3:TrackPointExtension>
            <ns3:hr>144</ns3:hr>
          </ns3:TrackPointExtension>
        </extensions>
      </trkpt>
      <trkpt lat="47.66705394722521305084228515625" lon="18.45920861698687076568603515625">
        <ele>337.79998779296875</ele>
        <time>2022-05-28T07:58:39.000Z</time>
        <extensions>
          <ns3:TrackPointExtension>
            <ns3:hr>141</ns3:hr>
          </ns3:TrackPointExtension>
        </extensions>
      </trkpt>
      <trkpt lat="47.66706459224224090576171875" lon="18.45922999083995819091796875">
        <ele>338</ele>
        <time>2022-05-28T07:58:55.000Z</time>
        <extensions>
          <ns3:TrackPointExtension>
            <ns3:hr>138</ns3:hr>
          </ns3:TrackPointExtension>
        </extensions>
      </trkpt>
      <trkpt lat="47.66708730719983577728271484375" lon="18.459266535937786102294921875">
        <ele>338.399993896484375</ele>
        <time>2022-05-28T07:58:57.000Z</time>
        <extensions>
          <ns3:TrackPointExtension>
            <ns3:hr>138</ns3:hr>
          </ns3:TrackPointExtension>
        </extensions>
      </trkpt>
      <trkpt lat="47.6671931706368923187255859375" lon="18.4593941085040569305419921875">
        <ele>340</ele>
        <time>2022-05-28T07:59:06.000Z</time>
        <extensions>
          <ns3:TrackPointExtension>
            <ns3:hr>138</ns3:hr>
          </ns3:TrackPointExtension>
        </extensions>
      </trkpt>
      <trkpt lat="47.66723155975341796875" lon="18.45946560613811016082763671875">
        <ele>340.600006103515625</ele>
        <time>2022-05-28T07:59:13.000Z</time>
        <extensions>
          <ns3:TrackPointExtension>
            <ns3:hr>134</ns3:hr>
          </ns3:TrackPointExtension>
        </extensions>
      </trkpt>
      <trkpt lat="47.66725368797779083251953125" lon="18.459500558674335479736328125">
        <ele>340.79998779296875</ele>
        <time>2022-05-28T07:59:16.000Z</time>
        <extensions>
          <ns3:TrackPointExtension>
            <ns3:hr>135</ns3:hr>
          </ns3:TrackPointExtension>
        </extensions>
      </trkpt>
      <trkpt lat="47.66726869158446788787841796875" lon="18.4595178253948688507080078125">
        <ele>341</ele>
        <time>2022-05-28T07:59:20.000Z</time>
        <extensions>
          <ns3:TrackPointExtension>
            <ns3:hr>135</ns3:hr>
          </ns3:TrackPointExtension>
        </extensions>
      </trkpt>
      <trkpt lat="47.66726852394640445709228515625" lon="18.4595171548426151275634765625">
        <ele>341</ele>
        <time>2022-05-28T07:59:21.000Z</time>
        <extensions>
          <ns3:TrackPointExtension>
            <ns3:hr>135</ns3:hr>
          </ns3:TrackPointExtension>
        </extensions>
      </trkpt>
      <trkpt lat="47.66728025861084461212158203125" lon="18.4595406241714954376220703125">
        <ele>341</ele>
        <time>2022-05-28T07:59:36.000Z</time>
        <extensions>
          <ns3:TrackPointExtension>
            <ns3:hr>132</ns3:hr>
          </ns3:TrackPointExtension>
        </extensions>
      </trkpt>
      <trkpt lat="47.66732954420149326324462890625" lon="18.4596254490315914154052734375">
        <ele>341.399993896484375</ele>
        <time>2022-05-28T07:59:41.000Z</time>
        <extensions>
          <ns3:TrackPointExtension>
            <ns3:hr>135</ns3:hr>
          </ns3:TrackPointExtension>
        </extensions>
      </trkpt>
      <trkpt lat="47.6673524267971515655517578125" lon="18.4596566297113895416259765625">
        <ele>341.600006103515625</ele>
        <time>2022-05-28T07:59:43.000Z</time>
        <extensions>
          <ns3:TrackPointExtension>
            <ns3:hr>135</ns3:hr>
          </ns3:TrackPointExtension>
        </extensions>
      </trkpt>
      <trkpt lat="47.66742761246860027313232421875" lon="18.45979820005595684051513671875">
        <ele>342.399993896484375</ele>
        <time>2022-05-28T07:59:54.000Z</time>
        <extensions>
          <ns3:TrackPointExtension>
            <ns3:hr>134</ns3:hr>
          </ns3:TrackPointExtension>
        </extensions>
      </trkpt>
      <trkpt lat="47.66754336655139923095703125" lon="18.4599972702562808990478515625">
        <ele>344</ele>
        <time>2022-05-28T08:00:10.000Z</time>
        <extensions>
          <ns3:TrackPointExtension>
            <ns3:hr>131</ns3:hr>
          </ns3:TrackPointExtension>
        </extensions>
      </trkpt>
      <trkpt lat="47.66755015589296817779541015625" lon="18.46002400852739810943603515625">
        <ele>344.20001220703125</ele>
        <time>2022-05-28T08:00:11.000Z</time>
        <extensions>
          <ns3:TrackPointExtension>
            <ns3:hr>130</ns3:hr>
          </ns3:TrackPointExtension>
        </extensions>
      </trkpt>
      <trkpt lat="47.6676102541387081146240234375" lon="18.4601709432899951934814453125">
        <ele>345.79998779296875</ele>
        <time>2022-05-28T08:00:21.000Z</time>
        <extensions>
          <ns3:TrackPointExtension>
            <ns3:hr>131</ns3:hr>
          </ns3:TrackPointExtension>
        </extensions>
      </trkpt>
      <trkpt lat="47.667663730680942535400390625" lon="18.4603074006736278533935546875">
        <ele>347</ele>
        <time>2022-05-28T08:00:30.000Z</time>
        <extensions>
          <ns3:TrackPointExtension>
            <ns3:hr>132</ns3:hr>
          </ns3:TrackPointExtension>
        </extensions>
      </trkpt>
      <trkpt lat="47.6677195541560649871826171875" lon="18.46041418612003326416015625">
        <ele>347.79998779296875</ele>
        <time>2022-05-28T08:00:37.000Z</time>
        <extensions>
          <ns3:TrackPointExtension>
            <ns3:hr>129</ns3:hr>
          </ns3:TrackPointExtension>
        </extensions>
      </trkpt>
      <trkpt lat="47.6677369885146617889404296875" lon="18.46045483835041522979736328125">
        <ele>348</ele>
        <time>2022-05-28T08:00:40.000Z</time>
        <extensions>
          <ns3:TrackPointExtension>
            <ns3:hr>127</ns3:hr>
          </ns3:TrackPointExtension>
        </extensions>
      </trkpt>
      <trkpt lat="47.66777462325990200042724609375" lon="18.46061727963387966156005859375">
        <ele>349.399993896484375</ele>
        <time>2022-05-28T08:00:50.000Z</time>
        <extensions>
          <ns3:TrackPointExtension>
            <ns3:hr>128</ns3:hr>
          </ns3:TrackPointExtension>
        </extensions>
      </trkpt>
      <trkpt lat="47.6677842624485492706298828125" lon="18.460647873580455780029296875">
        <ele>349.600006103515625</ele>
        <time>2022-05-28T08:00:52.000Z</time>
        <extensions>
          <ns3:TrackPointExtension>
            <ns3:hr>131</ns3:hr>
          </ns3:TrackPointExtension>
        </extensions>
      </trkpt>
      <trkpt lat="47.66779038123786449432373046875" lon="18.4606611169874668121337890625">
        <ele>349.79998779296875</ele>
        <time>2022-05-28T08:00:53.000Z</time>
        <extensions>
          <ns3:TrackPointExtension>
            <ns3:hr>135</ns3:hr>
          </ns3:TrackPointExtension>
        </extensions>
      </trkpt>
      <trkpt lat="47.667810581624507904052734375" lon="18.460708893835544586181640625">
        <ele>350.20001220703125</ele>
        <time>2022-05-28T08:00:56.000Z</time>
        <extensions>
          <ns3:TrackPointExtension>
            <ns3:hr>138</ns3:hr>
          </ns3:TrackPointExtension>
        </extensions>
      </trkpt>
      <trkpt lat="47.66781670041382312774658203125" lon="18.4607268311083316802978515625">
        <ele>350.20001220703125</ele>
        <time>2022-05-28T08:00:57.000Z</time>
        <extensions>
          <ns3:TrackPointExtension>
            <ns3:hr>138</ns3:hr>
          </ns3:TrackPointExtension>
        </extensions>
      </trkpt>
      <trkpt lat="47.66783111728727817535400390625" lon="18.4607796370983123779296875">
        <ele>350.79998779296875</ele>
        <time>2022-05-28T08:01:01.000Z</time>
        <extensions>
          <ns3:TrackPointExtension>
            <ns3:hr>139</ns3:hr>
          </ns3:TrackPointExtension>
        </extensions>
      </trkpt>
      <trkpt lat="47.66784067265689373016357421875" lon="18.460818864405155181884765625">
        <ele>351</ele>
        <time>2022-05-28T08:01:03.000Z</time>
        <extensions>
          <ns3:TrackPointExtension>
            <ns3:hr>139</ns3:hr>
          </ns3:TrackPointExtension>
        </extensions>
      </trkpt>
      <trkpt lat="47.66784335486590862274169921875" lon="18.46083462238311767578125">
        <ele>351.20001220703125</ele>
        <time>2022-05-28T08:01:04.000Z</time>
        <extensions>
          <ns3:TrackPointExtension>
            <ns3:hr>139</ns3:hr>
          </ns3:TrackPointExtension>
        </extensions>
      </trkpt>
      <trkpt lat="47.66789481975138187408447265625" lon="18.46096127294003963470458984375">
        <ele>352.20001220703125</ele>
        <time>2022-05-28T08:01:12.000Z</time>
        <extensions>
          <ns3:TrackPointExtension>
            <ns3:hr>138</ns3:hr>
          </ns3:TrackPointExtension>
        </extensions>
      </trkpt>
      <trkpt lat="47.6679277606308460235595703125" lon="18.46109773032367229461669921875">
        <ele>353.399993896484375</ele>
        <time>2022-05-28T08:01:20.000Z</time>
        <extensions>
          <ns3:TrackPointExtension>
            <ns3:hr>139</ns3:hr>
          </ns3:TrackPointExtension>
        </extensions>
      </trkpt>
      <trkpt lat="47.66792566515505313873291015625" lon="18.461119271814823150634765625">
        <ele>353.600006103515625</ele>
        <time>2022-05-28T08:01:25.000Z</time>
        <extensions>
          <ns3:TrackPointExtension>
            <ns3:hr>139</ns3:hr>
          </ns3:TrackPointExtension>
        </extensions>
      </trkpt>
      <trkpt lat="47.667942009866237640380859375" lon="18.46120141446590423583984375">
        <ele>354.20001220703125</ele>
        <time>2022-05-28T08:01:31.000Z</time>
        <extensions>
          <ns3:TrackPointExtension>
            <ns3:hr>136</ns3:hr>
          </ns3:TrackPointExtension>
        </extensions>
      </trkpt>
      <trkpt lat="47.6679686643183231353759765625" lon="18.461331166326999664306640625">
        <ele>355.20001220703125</ele>
        <time>2022-05-28T08:01:38.000Z</time>
        <extensions>
          <ns3:TrackPointExtension>
            <ns3:hr>136</ns3:hr>
          </ns3:TrackPointExtension>
        </extensions>
      </trkpt>
      <trkpt lat="47.66801132820546627044677734375" lon="18.461431749165058135986328125">
        <ele>356</ele>
        <time>2022-05-28T08:01:44.000Z</time>
        <extensions>
          <ns3:TrackPointExtension>
            <ns3:hr>136</ns3:hr>
          </ns3:TrackPointExtension>
        </extensions>
      </trkpt>
      <trkpt lat="47.6680482923984527587890625" lon="18.4615254588425159454345703125">
        <ele>356.79998779296875</ele>
        <time>2022-05-28T08:01:51.000Z</time>
        <extensions>
          <ns3:TrackPointExtension>
            <ns3:hr>135</ns3:hr>
          </ns3:TrackPointExtension>
        </extensions>
      </trkpt>
      <trkpt lat="47.6680571772158145904541015625" lon="18.46155655570328235626220703125">
        <ele>357.20001220703125</ele>
        <time>2022-05-28T08:01:53.000Z</time>
        <extensions>
          <ns3:TrackPointExtension>
            <ns3:hr>135</ns3:hr>
          </ns3:TrackPointExtension>
        </extensions>
      </trkpt>
      <trkpt lat="47.668060697615146636962890625" lon="18.46159838140010833740234375">
        <ele>357.399993896484375</ele>
        <time>2022-05-28T08:01:56.000Z</time>
        <extensions>
          <ns3:TrackPointExtension>
            <ns3:hr>135</ns3:hr>
          </ns3:TrackPointExtension>
        </extensions>
      </trkpt>
      <trkpt lat="47.66806497238576412200927734375" lon="18.4616609103977680206298828125">
        <ele>357.79998779296875</ele>
        <time>2022-05-28T08:01:59.000Z</time>
        <extensions>
          <ns3:TrackPointExtension>
            <ns3:hr>134</ns3:hr>
          </ns3:TrackPointExtension>
        </extensions>
      </trkpt>
      <trkpt lat="47.66810721717774868011474609375" lon="18.4617272950708866119384765625">
        <ele>358.600006103515625</ele>
        <time>2022-05-28T08:02:03.000Z</time>
        <extensions>
          <ns3:TrackPointExtension>
            <ns3:hr>133</ns3:hr>
          </ns3:TrackPointExtension>
        </extensions>
      </trkpt>
      <trkpt lat="47.668138481676578521728515625" lon="18.46173861064016819000244140625">
        <ele>359</ele>
        <time>2022-05-28T08:02:07.000Z</time>
        <extensions>
          <ns3:TrackPointExtension>
            <ns3:hr>133</ns3:hr>
          </ns3:TrackPointExtension>
        </extensions>
      </trkpt>
      <trkpt lat="47.6681426726281642913818359375" lon="18.46174187958240509033203125">
        <ele>359</ele>
        <time>2022-05-28T08:02:12.000Z</time>
        <extensions>
          <ns3:TrackPointExtension>
            <ns3:hr>131</ns3:hr>
          </ns3:TrackPointExtension>
        </extensions>
      </trkpt>
      <trkpt lat="47.66814728267490863800048828125" lon="18.46183466725051403045654296875">
        <ele>359.79998779296875</ele>
        <time>2022-05-28T08:02:20.000Z</time>
        <extensions>
          <ns3:TrackPointExtension>
            <ns3:hr>128</ns3:hr>
          </ns3:TrackPointExtension>
        </extensions>
      </trkpt>
      <trkpt lat="47.66815080307424068450927734375" lon="18.46192250959575176239013671875">
        <ele>360.399993896484375</ele>
        <time>2022-05-28T08:02:26.000Z</time>
        <extensions>
          <ns3:TrackPointExtension>
            <ns3:hr>127</ns3:hr>
          </ns3:TrackPointExtension>
        </extensions>
      </trkpt>
      <trkpt lat="47.66816907562315464019775390625" lon="18.46196492202579975128173828125">
        <ele>360.79998779296875</ele>
        <time>2022-05-28T08:02:29.000Z</time>
        <extensions>
          <ns3:TrackPointExtension>
            <ns3:hr>127</ns3:hr>
          </ns3:TrackPointExtension>
        </extensions>
      </trkpt>
      <trkpt lat="47.66818131320178508758544921875" lon="18.462009094655513763427734375">
        <ele>361.20001220703125</ele>
        <time>2022-05-28T08:02:32.000Z</time>
        <extensions>
          <ns3:TrackPointExtension>
            <ns3:hr>127</ns3:hr>
          </ns3:TrackPointExtension>
        </extensions>
      </trkpt>
      <trkpt lat="47.6681788824498653411865234375" lon="18.4620203264057636260986328125">
        <ele>361.20001220703125</ele>
        <time>2022-05-28T08:02:33.000Z</time>
        <extensions>
          <ns3:TrackPointExtension>
            <ns3:hr>126</ns3:hr>
          </ns3:TrackPointExtension>
        </extensions>
      </trkpt>
      <trkpt lat="47.66818575561046600341796875" lon="18.4620632417500019073486328125">
        <ele>361.600006103515625</ele>
        <time>2022-05-28T08:02:36.000Z</time>
        <extensions>
          <ns3:TrackPointExtension>
            <ns3:hr>125</ns3:hr>
          </ns3:TrackPointExtension>
        </extensions>
      </trkpt>
      <trkpt lat="47.66819036565721035003662109375" lon="18.4620806761085987091064453125">
        <ele>361.600006103515625</ele>
        <time>2022-05-28T08:02:37.000Z</time>
        <extensions>
          <ns3:TrackPointExtension>
            <ns3:hr>124</ns3:hr>
          </ns3:TrackPointExtension>
        </extensions>
      </trkpt>
      <trkpt lat="47.6681852526962757110595703125" lon="18.46210439689457416534423828125">
        <ele>361.79998779296875</ele>
        <time>2022-05-28T08:02:42.000Z</time>
        <extensions>
          <ns3:TrackPointExtension>
            <ns3:hr>123</ns3:hr>
          </ns3:TrackPointExtension>
        </extensions>
      </trkpt>
      <trkpt lat="47.66819908283650875091552734375" lon="18.462199531495571136474609375">
        <ele>362.600006103515625</ele>
        <time>2022-05-28T08:02:49.000Z</time>
        <extensions>
          <ns3:TrackPointExtension>
            <ns3:hr>120</ns3:hr>
          </ns3:TrackPointExtension>
        </extensions>
      </trkpt>
      <trkpt lat="47.66823361627757549285888671875" lon="18.46225208602845668792724609375">
        <ele>363</ele>
        <time>2022-05-28T08:02:53.000Z</time>
        <extensions>
          <ns3:TrackPointExtension>
            <ns3:hr>117</ns3:hr>
          </ns3:TrackPointExtension>
        </extensions>
      </trkpt>
      <trkpt lat="47.66823210753500461578369140625" lon="18.462284691631793975830078125">
        <ele>363</ele>
        <time>2022-05-28T08:02:55.000Z</time>
        <extensions>
          <ns3:TrackPointExtension>
            <ns3:hr>116</ns3:hr>
          </ns3:TrackPointExtension>
        </extensions>
      </trkpt>
      <trkpt lat="47.66825146973133087158203125" lon="18.46240865997970104217529296875">
        <ele>363</ele>
        <time>2022-05-28T08:03:02.000Z</time>
        <extensions>
          <ns3:TrackPointExtension>
            <ns3:hr>116</ns3:hr>
          </ns3:TrackPointExtension>
        </extensions>
      </trkpt>
      <trkpt lat="47.66825222410261631011962890625" lon="18.46248242072761058807373046875">
        <ele>363</ele>
        <time>2022-05-28T08:03:06.000Z</time>
        <extensions>
          <ns3:TrackPointExtension>
            <ns3:hr>115</ns3:hr>
          </ns3:TrackPointExtension>
        </extensions>
      </trkpt>
      <trkpt lat="47.668253146111965179443359375" lon="18.4625275991857051849365234375">
        <ele>363</ele>
        <time>2022-05-28T08:03:08.000Z</time>
        <extensions>
          <ns3:TrackPointExtension>
            <ns3:hr>114</ns3:hr>
          </ns3:TrackPointExtension>
        </extensions>
      </trkpt>
      <trkpt lat="47.66825641505420207977294921875" lon="18.462558276951313018798828125">
        <ele>363.20001220703125</ele>
        <time>2022-05-28T08:03:10.000Z</time>
        <extensions>
          <ns3:TrackPointExtension>
            <ns3:hr>114</ns3:hr>
          </ns3:TrackPointExtension>
        </extensions>
      </trkpt>
      <trkpt lat="47.66825976781547069549560546875" lon="18.46270747482776641845703125">
        <ele>363.399993896484375</ele>
        <time>2022-05-28T08:03:19.000Z</time>
        <extensions>
          <ns3:TrackPointExtension>
            <ns3:hr>112</ns3:hr>
          </ns3:TrackPointExtension>
        </extensions>
      </trkpt>
      <trkpt lat="47.6682620309293270111083984375" lon="18.4627213887870311737060546875">
        <ele>363.399993896484375</ele>
        <time>2022-05-28T08:03:20.000Z</time>
        <extensions>
          <ns3:TrackPointExtension>
            <ns3:hr>112</ns3:hr>
          </ns3:TrackPointExtension>
        </extensions>
      </trkpt>
      <trkpt lat="47.66832196153700351715087890625" lon="18.46289363689720630645751953125">
        <ele>363.79998779296875</ele>
        <time>2022-05-28T08:03:29.000Z</time>
        <extensions>
          <ns3:TrackPointExtension>
            <ns3:hr>111</ns3:hr>
          </ns3:TrackPointExtension>
        </extensions>
      </trkpt>
      <trkpt lat="47.6683384738862514495849609375" lon="18.46300109289586544036865234375">
        <ele>363.79998779296875</ele>
        <time>2022-05-28T08:03:35.000Z</time>
        <extensions>
          <ns3:TrackPointExtension>
            <ns3:hr>114</ns3:hr>
          </ns3:TrackPointExtension>
        </extensions>
      </trkpt>
      <trkpt lat="47.6683428324759006500244140625" lon="18.46303596161305904388427734375">
        <ele>364</ele>
        <time>2022-05-28T08:03:37.000Z</time>
        <extensions>
          <ns3:TrackPointExtension>
            <ns3:hr>115</ns3:hr>
          </ns3:TrackPointExtension>
        </extensions>
      </trkpt>
      <trkpt lat="47.6683438383042812347412109375" lon="18.46307049505412578582763671875">
        <ele>364</ele>
        <time>2022-05-28T08:03:39.000Z</time>
        <extensions>
          <ns3:TrackPointExtension>
            <ns3:hr>116</ns3:hr>
          </ns3:TrackPointExtension>
        </extensions>
      </trkpt>
      <trkpt lat="47.66835465095937252044677734375" lon="18.46312631852924823760986328125">
        <ele>364.20001220703125</ele>
        <time>2022-05-28T08:03:42.000Z</time>
        <extensions>
          <ns3:TrackPointExtension>
            <ns3:hr>118</ns3:hr>
          </ns3:TrackPointExtension>
        </extensions>
      </trkpt>
      <trkpt lat="47.66836437396705150604248046875" lon="18.46318063326179981231689453125">
        <ele>364.399993896484375</ele>
        <time>2022-05-28T08:03:46.000Z</time>
        <extensions>
          <ns3:TrackPointExtension>
            <ns3:hr>121</ns3:hr>
          </ns3:TrackPointExtension>
        </extensions>
      </trkpt>
      <trkpt lat="47.668368481099605560302734375" lon="18.46321566961705684661865234375">
        <ele>364.600006103515625</ele>
        <time>2022-05-28T08:03:48.000Z</time>
        <extensions>
          <ns3:TrackPointExtension>
            <ns3:hr>120</ns3:hr>
          </ns3:TrackPointExtension>
        </extensions>
      </trkpt>
      <trkpt lat="47.668392620980739593505859375" lon="18.4633272327482700347900390625">
        <ele>365</ele>
        <time>2022-05-28T08:03:57.000Z</time>
        <extensions>
          <ns3:TrackPointExtension>
            <ns3:hr>119</ns3:hr>
          </ns3:TrackPointExtension>
        </extensions>
      </trkpt>
      <trkpt lat="47.6683927886188030242919921875" lon="18.4633679687976837158203125">
        <ele>365.399993896484375</ele>
        <time>2022-05-28T08:03:58.000Z</time>
        <extensions>
          <ns3:TrackPointExtension>
            <ns3:hr>118</ns3:hr>
          </ns3:TrackPointExtension>
        </extensions>
      </trkpt>
      <trkpt lat="47.66839823685586452484130859375" lon="18.4634261392056941986083984375">
        <ele>365.79998779296875</ele>
        <time>2022-05-28T08:04:03.000Z</time>
        <extensions>
          <ns3:TrackPointExtension>
            <ns3:hr>116</ns3:hr>
          </ns3:TrackPointExtension>
        </extensions>
      </trkpt>
      <trkpt lat="47.66841240227222442626953125" lon="18.46350400708615779876708984375">
        <ele>366.399993896484375</ele>
        <time>2022-05-28T08:04:06.000Z</time>
        <extensions>
          <ns3:TrackPointExtension>
            <ns3:hr>117</ns3:hr>
          </ns3:TrackPointExtension>
        </extensions>
      </trkpt>
      <trkpt lat="47.668420784175395965576171875" lon="18.463542647659778594970703125">
        <ele>366.600006103515625</ele>
        <time>2022-05-28T08:04:08.000Z</time>
        <extensions>
          <ns3:TrackPointExtension>
            <ns3:hr>117</ns3:hr>
          </ns3:TrackPointExtension>
        </extensions>
      </trkpt>
      <trkpt lat="47.66842992044985294342041015625" lon="18.46358933486044406890869140625">
        <ele>367</ele>
        <time>2022-05-28T08:04:11.000Z</time>
        <extensions>
          <ns3:TrackPointExtension>
            <ns3:hr>117</ns3:hr>
          </ns3:TrackPointExtension>
        </extensions>
      </trkpt>
      <trkpt lat="47.66842355020344257354736328125" lon="18.46363283693790435791015625">
        <ele>367.20001220703125</ele>
        <time>2022-05-28T08:04:13.000Z</time>
        <extensions>
          <ns3:TrackPointExtension>
            <ns3:hr>117</ns3:hr>
          </ns3:TrackPointExtension>
        </extensions>
      </trkpt>
      <trkpt lat="47.66843025572597980499267578125" lon="18.46369050443172454833984375">
        <ele>367.600006103515625</ele>
        <time>2022-05-28T08:04:16.000Z</time>
        <extensions>
          <ns3:TrackPointExtension>
            <ns3:hr>118</ns3:hr>
          </ns3:TrackPointExtension>
        </extensions>
      </trkpt>
      <trkpt lat="47.66844458878040313720703125" lon="18.46373199485242366790771484375">
        <ele>368</ele>
        <time>2022-05-28T08:04:17.000Z</time>
        <extensions>
          <ns3:TrackPointExtension>
            <ns3:hr>118</ns3:hr>
          </ns3:TrackPointExtension>
        </extensions>
      </trkpt>
      <trkpt lat="47.668475098907947540283203125" lon="18.46378949470818042755126953125">
        <ele>368.399993896484375</ele>
        <time>2022-05-28T08:04:21.000Z</time>
        <extensions>
          <ns3:TrackPointExtension>
            <ns3:hr>115</ns3:hr>
          </ns3:TrackPointExtension>
        </extensions>
      </trkpt>
      <trkpt lat="47.66847769729793071746826171875" lon="18.4638029895722866058349609375">
        <ele>368.399993896484375</ele>
        <time>2022-05-28T08:04:22.000Z</time>
        <extensions>
          <ns3:TrackPointExtension>
            <ns3:hr>114</ns3:hr>
          </ns3:TrackPointExtension>
        </extensions>
      </trkpt>
      <trkpt lat="47.66851206310093402862548828125" lon="18.46391321159899234771728515625">
        <ele>369</ele>
        <time>2022-05-28T08:04:28.000Z</time>
        <extensions>
          <ns3:TrackPointExtension>
            <ns3:hr>113</ns3:hr>
          </ns3:TrackPointExtension>
        </extensions>
      </trkpt>
      <trkpt lat="47.6685144938528537750244140625" lon="18.46401765011250972747802734375">
        <ele>369</ele>
        <time>2022-05-28T08:04:33.000Z</time>
        <extensions>
          <ns3:TrackPointExtension>
            <ns3:hr>115</ns3:hr>
          </ns3:TrackPointExtension>
        </extensions>
      </trkpt>
      <trkpt lat="47.6685201935470104217529296875" lon="18.4640894830226898193359375">
        <ele>369.20001220703125</ele>
        <time>2022-05-28T08:04:37.000Z</time>
        <extensions>
          <ns3:TrackPointExtension>
            <ns3:hr>116</ns3:hr>
          </ns3:TrackPointExtension>
        </extensions>
      </trkpt>
      <trkpt lat="47.66853502951562404632568359375" lon="18.46414321102201938629150390625">
        <ele>369.399993896484375</ele>
        <time>2022-05-28T08:04:41.000Z</time>
        <extensions>
          <ns3:TrackPointExtension>
            <ns3:hr>116</ns3:hr>
          </ns3:TrackPointExtension>
        </extensions>
      </trkpt>
      <trkpt lat="47.66855665482580661773681640625" lon="18.46424463205039501190185546875">
        <ele>369.399993896484375</ele>
        <time>2022-05-28T08:04:47.000Z</time>
        <extensions>
          <ns3:TrackPointExtension>
            <ns3:hr>115</ns3:hr>
          </ns3:TrackPointExtension>
        </extensions>
      </trkpt>
      <trkpt lat="47.6685919426381587982177734375" lon="18.46436248160898685455322265625">
        <ele>369.20001220703125</ele>
        <time>2022-05-28T08:04:55.000Z</time>
        <extensions>
          <ns3:TrackPointExtension>
            <ns3:hr>116</ns3:hr>
          </ns3:TrackPointExtension>
        </extensions>
      </trkpt>
      <trkpt lat="47.66860283911228179931640625" lon="18.46437589265406131744384765625">
        <ele>369.20001220703125</ele>
        <time>2022-05-28T08:04:56.000Z</time>
        <extensions>
          <ns3:TrackPointExtension>
            <ns3:hr>116</ns3:hr>
          </ns3:TrackPointExtension>
        </extensions>
      </trkpt>
      <trkpt lat="47.6686227880418300628662109375" lon="18.46441478468477725982666015625">
        <ele>369.20001220703125</ele>
        <time>2022-05-28T08:04:59.000Z</time>
        <extensions>
          <ns3:TrackPointExtension>
            <ns3:hr>114</ns3:hr>
          </ns3:TrackPointExtension>
        </extensions>
      </trkpt>
      <trkpt lat="47.66862018965184688568115234375" lon="18.46443322487175464630126953125">
        <ele>369.20001220703125</ele>
        <time>2022-05-28T08:05:00.000Z</time>
        <extensions>
          <ns3:TrackPointExtension>
            <ns3:hr>114</ns3:hr>
          </ns3:TrackPointExtension>
        </extensions>
      </trkpt>
      <trkpt lat="47.6686244644224643707275390625" lon="18.46445971168577671051025390625">
        <ele>369.399993896484375</ele>
        <time>2022-05-28T08:05:01.000Z</time>
        <extensions>
          <ns3:TrackPointExtension>
            <ns3:hr>114</ns3:hr>
          </ns3:TrackPointExtension>
        </extensions>
      </trkpt>
      <trkpt lat="47.66868137754499912261962890625" lon="18.46455191262066364288330078125">
        <ele>369.600006103515625</ele>
        <time>2022-05-28T08:05:06.000Z</time>
        <extensions>
          <ns3:TrackPointExtension>
            <ns3:hr>116</ns3:hr>
          </ns3:TrackPointExtension>
        </extensions>
      </trkpt>
      <trkpt lat="47.6687173359096050262451171875" lon="18.46460052765905857086181640625">
        <ele>369.79998779296875</ele>
        <time>2022-05-28T08:05:09.000Z</time>
        <extensions>
          <ns3:TrackPointExtension>
            <ns3:hr>117</ns3:hr>
          </ns3:TrackPointExtension>
        </extensions>
      </trkpt>
      <trkpt lat="47.668748013675212860107421875" lon="18.4646795690059661865234375">
        <ele>370.20001220703125</ele>
        <time>2022-05-28T08:05:13.000Z</time>
        <extensions>
          <ns3:TrackPointExtension>
            <ns3:hr>117</ns3:hr>
          </ns3:TrackPointExtension>
        </extensions>
      </trkpt>
      <trkpt lat="47.66883074305951595306396484375" lon="18.46476162783801555633544921875">
        <ele>370.79998779296875</ele>
        <time>2022-05-28T08:05:19.000Z</time>
        <extensions>
          <ns3:TrackPointExtension>
            <ns3:hr>120</ns3:hr>
          </ns3:TrackPointExtension>
        </extensions>
      </trkpt>
      <trkpt lat="47.6688180863857269287109375" lon="18.464801609516143798828125">
        <ele>370.79998779296875</ele>
        <time>2022-05-28T08:05:21.000Z</time>
        <extensions>
          <ns3:TrackPointExtension>
            <ns3:hr>120</ns3:hr>
          </ns3:TrackPointExtension>
        </extensions>
      </trkpt>
      <trkpt lat="47.66881196759641170501708984375" lon="18.46482801251113414764404296875">
        <ele>371</ele>
        <time>2022-05-28T08:05:23.000Z</time>
        <extensions>
          <ns3:TrackPointExtension>
            <ns3:hr>119</ns3:hr>
          </ns3:TrackPointExtension>
        </extensions>
      </trkpt>
      <trkpt lat="47.6688165776431560516357421875" lon="18.4648584388196468353271484375">
        <ele>371</ele>
        <time>2022-05-28T08:05:26.000Z</time>
        <extensions>
          <ns3:TrackPointExtension>
            <ns3:hr>119</ns3:hr>
          </ns3:TrackPointExtension>
        </extensions>
      </trkpt>
      <trkpt lat="47.668819092214107513427734375" lon="18.46487562172114849090576171875">
        <ele>371.20001220703125</ele>
        <time>2022-05-28T08:05:27.000Z</time>
        <extensions>
          <ns3:TrackPointExtension>
            <ns3:hr>120</ns3:hr>
          </ns3:TrackPointExtension>
        </extensions>
      </trkpt>
      <trkpt lat="47.66882571391761302947998046875" lon="18.46490152180194854736328125">
        <ele>371.399993896484375</ele>
        <time>2022-05-28T08:05:29.000Z</time>
        <extensions>
          <ns3:TrackPointExtension>
            <ns3:hr>119</ns3:hr>
          </ns3:TrackPointExtension>
        </extensions>
      </trkpt>
      <trkpt lat="47.6688487641513347625732421875" lon="18.46494150348007678985595703125">
        <ele>371.600006103515625</ele>
        <time>2022-05-28T08:05:33.000Z</time>
        <extensions>
          <ns3:TrackPointExtension>
            <ns3:hr>119</ns3:hr>
          </ns3:TrackPointExtension>
        </extensions>
      </trkpt>
      <trkpt lat="47.6688588224351406097412109375" lon="18.46495784819126129150390625">
        <ele>371.79998779296875</ele>
        <time>2022-05-28T08:05:34.000Z</time>
        <extensions>
          <ns3:TrackPointExtension>
            <ns3:hr>119</ns3:hr>
          </ns3:TrackPointExtension>
        </extensions>
      </trkpt>
      <trkpt lat="47.6688648574054241180419921875" lon="18.465043343603610992431640625">
        <ele>372.20001220703125</ele>
        <time>2022-05-28T08:05:39.000Z</time>
        <extensions>
          <ns3:TrackPointExtension>
            <ns3:hr>122</ns3:hr>
          </ns3:TrackPointExtension>
        </extensions>
      </trkpt>
      <trkpt lat="47.66887567006051540374755859375" lon="18.46507427282631397247314453125">
        <ele>372.399993896484375</ele>
        <time>2022-05-28T08:05:41.000Z</time>
        <extensions>
          <ns3:TrackPointExtension>
            <ns3:hr>123</ns3:hr>
          </ns3:TrackPointExtension>
        </extensions>
      </trkpt>
      <trkpt lat="47.6688832975924015045166015625" lon="18.465089611709117889404296875">
        <ele>372.399993896484375</ele>
        <time>2022-05-28T08:05:42.000Z</time>
        <extensions>
          <ns3:TrackPointExtension>
            <ns3:hr>123</ns3:hr>
          </ns3:TrackPointExtension>
        </extensions>
      </trkpt>
      <trkpt lat="47.668890841305255889892578125" lon="18.46512054093182086944580078125">
        <ele>372.399993896484375</ele>
        <time>2022-05-28T08:05:45.000Z</time>
        <extensions>
          <ns3:TrackPointExtension>
            <ns3:hr>126</ns3:hr>
          </ns3:TrackPointExtension>
        </extensions>
      </trkpt>
      <trkpt lat="47.668891847133636474609375" lon="18.465151302516460418701171875">
        <ele>372.600006103515625</ele>
        <time>2022-05-28T08:05:46.000Z</time>
        <extensions>
          <ns3:TrackPointExtension>
            <ns3:hr>126</ns3:hr>
          </ns3:TrackPointExtension>
        </extensions>
      </trkpt>
      <trkpt lat="47.6688889972865581512451171875" lon="18.46519656479358673095703125">
        <ele>372.79998779296875</ele>
        <time>2022-05-28T08:05:48.000Z</time>
        <extensions>
          <ns3:TrackPointExtension>
            <ns3:hr>126</ns3:hr>
          </ns3:TrackPointExtension>
        </extensions>
      </trkpt>
      <trkpt lat="47.668900899589061737060546875" lon="18.46527837216854095458984375">
        <ele>373.20001220703125</ele>
        <time>2022-05-28T08:05:52.000Z</time>
        <extensions>
          <ns3:TrackPointExtension>
            <ns3:hr>127</ns3:hr>
          </ns3:TrackPointExtension>
        </extensions>
      </trkpt>
      <trkpt lat="47.66887013800442218780517578125" lon="18.46534886397421360015869140625">
        <ele>373.79998779296875</ele>
        <time>2022-05-28T08:05:55.000Z</time>
        <extensions>
          <ns3:TrackPointExtension>
            <ns3:hr>126</ns3:hr>
          </ns3:TrackPointExtension>
        </extensions>
      </trkpt>
      <trkpt lat="47.66891171224415302276611328125" lon="18.4654575772583484649658203125">
        <ele>374.399993896484375</ele>
        <time>2022-05-28T08:06:05.000Z</time>
        <extensions>
          <ns3:TrackPointExtension>
            <ns3:hr>127</ns3:hr>
          </ns3:TrackPointExtension>
        </extensions>
      </trkpt>
      <trkpt lat="47.66890349797904491424560546875" lon="18.465450368821620941162109375">
        <ele>374.399993896484375</ele>
        <time>2022-05-28T08:06:11.000Z</time>
        <extensions>
          <ns3:TrackPointExtension>
            <ns3:hr>127</ns3:hr>
          </ns3:TrackPointExtension>
        </extensions>
      </trkpt>
      <trkpt lat="47.66892294399440288543701171875" lon="18.46549990586936473846435546875">
        <ele>374.79998779296875</ele>
        <time>2022-05-28T08:06:17.000Z</time>
        <extensions>
          <ns3:TrackPointExtension>
            <ns3:hr>124</ns3:hr>
          </ns3:TrackPointExtension>
        </extensions>
      </trkpt>
      <trkpt lat="47.66892470419406890869140625" lon="18.465497978031635284423828125">
        <ele>374.600006103515625</ele>
        <time>2022-05-28T08:06:18.000Z</time>
        <extensions>
          <ns3:TrackPointExtension>
            <ns3:hr>124</ns3:hr>
          </ns3:TrackPointExtension>
        </extensions>
      </trkpt>
      <trkpt lat="47.668929733335971832275390625" lon="18.4656054340302944183349609375">
        <ele>375.20001220703125</ele>
        <time>2022-05-28T08:06:24.000Z</time>
        <extensions>
          <ns3:TrackPointExtension>
            <ns3:hr>124</ns3:hr>
          </ns3:TrackPointExtension>
        </extensions>
      </trkpt>
      <trkpt lat="47.6689309068024158477783203125" lon="18.46570040099322795867919921875">
        <ele>375.600006103515625</ele>
        <time>2022-05-28T08:06:30.000Z</time>
        <extensions>
          <ns3:TrackPointExtension>
            <ns3:hr>124</ns3:hr>
          </ns3:TrackPointExtension>
        </extensions>
      </trkpt>
      <trkpt lat="47.66889796592295169830322265625" lon="18.46581573598086833953857421875">
        <ele>376.20001220703125</ele>
        <time>2022-05-28T08:06:38.000Z</time>
        <extensions>
          <ns3:TrackPointExtension>
            <ns3:hr>126</ns3:hr>
          </ns3:TrackPointExtension>
        </extensions>
      </trkpt>
      <trkpt lat="47.66889763064682483673095703125" lon="18.4658843837678432464599609375">
        <ele>376.399993896484375</ele>
        <time>2022-05-28T08:06:42.000Z</time>
        <extensions>
          <ns3:TrackPointExtension>
            <ns3:hr>126</ns3:hr>
          </ns3:TrackPointExtension>
        </extensions>
      </trkpt>
      <trkpt lat="47.6689081080257892608642578125" lon="18.465933836996555328369140625">
        <ele>376.399993896484375</ele>
        <time>2022-05-28T08:06:44.000Z</time>
        <extensions>
          <ns3:TrackPointExtension>
            <ns3:hr>126</ns3:hr>
          </ns3:TrackPointExtension>
        </extensions>
      </trkpt>
      <trkpt lat="47.66889645718038082122802734375" lon="18.46595085225999355316162109375">
        <ele>376.600006103515625</ele>
        <time>2022-05-28T08:06:45.000Z</time>
        <extensions>
          <ns3:TrackPointExtension>
            <ns3:hr>126</ns3:hr>
          </ns3:TrackPointExtension>
        </extensions>
      </trkpt>
      <trkpt lat="47.66886158846318721771240234375" lon="18.4660298936069011688232421875">
        <ele>377</ele>
        <time>2022-05-28T08:06:49.000Z</time>
        <extensions>
          <ns3:TrackPointExtension>
            <ns3:hr>126</ns3:hr>
          </ns3:TrackPointExtension>
        </extensions>
      </trkpt>
      <trkpt lat="47.6688430644571781158447265625" lon="18.46608311869204044342041015625">
        <ele>377.20001220703125</ele>
        <time>2022-05-28T08:06:52.000Z</time>
        <extensions>
          <ns3:TrackPointExtension>
            <ns3:hr>126</ns3:hr>
          </ns3:TrackPointExtension>
        </extensions>
      </trkpt>
      <trkpt lat="47.6688206009566783905029296875" lon="18.4661572985351085662841796875">
        <ele>377.79998779296875</ele>
        <time>2022-05-28T08:06:56.000Z</time>
        <extensions>
          <ns3:TrackPointExtension>
            <ns3:hr>125</ns3:hr>
          </ns3:TrackPointExtension>
        </extensions>
      </trkpt>
      <trkpt lat="47.66881884075701236724853515625" lon="18.4662049077451229095458984375">
        <ele>378.20001220703125</ele>
        <time>2022-05-28T08:06:58.000Z</time>
        <extensions>
          <ns3:TrackPointExtension>
            <ns3:hr>124</ns3:hr>
          </ns3:TrackPointExtension>
        </extensions>
      </trkpt>
      <trkpt lat="47.66879973001778125762939453125" lon="18.466299287974834442138671875">
        <ele>378.79998779296875</ele>
        <time>2022-05-28T08:07:03.000Z</time>
        <extensions>
          <ns3:TrackPointExtension>
            <ns3:hr>124</ns3:hr>
          </ns3:TrackPointExtension>
        </extensions>
      </trkpt>
      <trkpt lat="47.66880475915968418121337890625" lon="18.46633994020521640777587890625">
        <ele>378.79998779296875</ele>
        <time>2022-05-28T08:07:06.000Z</time>
        <extensions>
          <ns3:TrackPointExtension>
            <ns3:hr>124</ns3:hr>
          </ns3:TrackPointExtension>
        </extensions>
      </trkpt>
      <trkpt lat="47.668782882392406463623046875" lon="18.46640565432608127593994140625">
        <ele>379.20001220703125</ele>
        <time>2022-05-28T08:07:10.000Z</time>
        <extensions>
          <ns3:TrackPointExtension>
            <ns3:hr>124</ns3:hr>
          </ns3:TrackPointExtension>
        </extensions>
      </trkpt>
      <trkpt lat="47.6687880791723728179931640625" lon="18.46642023883759975433349609375">
        <ele>379.20001220703125</ele>
        <time>2022-05-28T08:07:11.000Z</time>
        <extensions>
          <ns3:TrackPointExtension>
            <ns3:hr>123</ns3:hr>
          </ns3:TrackPointExtension>
        </extensions>
      </trkpt>
      <trkpt lat="47.66879285685718059539794921875" lon="18.4664623998105525970458984375">
        <ele>379.600006103515625</ele>
        <time>2022-05-28T08:07:14.000Z</time>
        <extensions>
          <ns3:TrackPointExtension>
            <ns3:hr>123</ns3:hr>
          </ns3:TrackPointExtension>
        </extensions>
      </trkpt>
      <trkpt lat="47.668777517974376678466796875" lon="18.46650640480220317840576171875">
        <ele>379.79998779296875</ele>
        <time>2022-05-28T08:07:17.000Z</time>
        <extensions>
          <ns3:TrackPointExtension>
            <ns3:hr>123</ns3:hr>
          </ns3:TrackPointExtension>
        </extensions>
      </trkpt>
      <trkpt lat="47.6687394641339778900146484375" lon="18.46663313917815685272216796875">
        <ele>380.20001220703125</ele>
        <time>2022-05-28T08:07:25.000Z</time>
        <extensions>
          <ns3:TrackPointExtension>
            <ns3:hr>123</ns3:hr>
          </ns3:TrackPointExtension>
        </extensions>
      </trkpt>
      <trkpt lat="47.668725214898586273193359375" lon="18.4666568599641323089599609375">
        <ele>380.20001220703125</ele>
        <time>2022-05-28T08:07:27.000Z</time>
        <extensions>
          <ns3:TrackPointExtension>
            <ns3:hr>123</ns3:hr>
          </ns3:TrackPointExtension>
        </extensions>
      </trkpt>
      <trkpt lat="47.668598480522632598876953125" lon="18.46687001176178455352783203125">
        <ele>381.79998779296875</ele>
        <time>2022-05-28T08:07:39.000Z</time>
        <extensions>
          <ns3:TrackPointExtension>
            <ns3:hr>122</ns3:hr>
          </ns3:TrackPointExtension>
        </extensions>
      </trkpt>
      <trkpt lat="47.668598480522632598876953125" lon="18.46687001176178455352783203125">
        <ele>381.79998779296875</ele>
        <time>2022-05-28T08:07:40.000Z</time>
        <extensions>
          <ns3:TrackPointExtension>
            <ns3:hr>122</ns3:hr>
          </ns3:TrackPointExtension>
        </extensions>
      </trkpt>
      <trkpt lat="47.66859319992363452911376953125" lon="18.46689306199550628662109375">
        <ele>382</ele>
        <time>2022-05-28T08:07:41.000Z</time>
        <extensions>
          <ns3:TrackPointExtension>
            <ns3:hr>122</ns3:hr>
          </ns3:TrackPointExtension>
        </extensions>
      </trkpt>
      <trkpt lat="47.6685755141079425811767578125" lon="18.46690638922154903411865234375">
        <ele>382</ele>
        <time>2022-05-28T08:07:43.000Z</time>
        <extensions>
          <ns3:TrackPointExtension>
            <ns3:hr>122</ns3:hr>
          </ns3:TrackPointExtension>
        </extensions>
      </trkpt>
      <trkpt lat="47.6685624383389949798583984375" lon="18.4669554233551025390625">
        <ele>382.399993896484375</ele>
        <time>2022-05-28T08:07:46.000Z</time>
        <extensions>
          <ns3:TrackPointExtension>
            <ns3:hr>122</ns3:hr>
          </ns3:TrackPointExtension>
        </extensions>
      </trkpt>
      <trkpt lat="47.66850619576871395111083984375" lon="18.4670789726078510284423828125">
        <ele>383.600006103515625</ele>
        <time>2022-05-28T08:07:54.000Z</time>
        <extensions>
          <ns3:TrackPointExtension>
            <ns3:hr>121</ns3:hr>
          </ns3:TrackPointExtension>
        </extensions>
      </trkpt>
      <trkpt lat="47.66849261708557605743408203125" lon="18.4671453572809696197509765625">
        <ele>383.79998779296875</ele>
        <time>2022-05-28T08:07:58.000Z</time>
        <extensions>
          <ns3:TrackPointExtension>
            <ns3:hr>121</ns3:hr>
          </ns3:TrackPointExtension>
        </extensions>
      </trkpt>
      <trkpt lat="47.6684695668518543243408203125" lon="18.46716404892504215240478515625">
        <ele>383.79998779296875</ele>
        <time>2022-05-28T08:08:00.000Z</time>
        <extensions>
          <ns3:TrackPointExtension>
            <ns3:hr>120</ns3:hr>
          </ns3:TrackPointExtension>
        </extensions>
      </trkpt>
      <trkpt lat="47.6684541441500186920166015625" lon="18.46717846579849720001220703125">
        <ele>383.79998779296875</ele>
        <time>2022-05-28T08:08:01.000Z</time>
        <extensions>
          <ns3:TrackPointExtension>
            <ns3:hr>120</ns3:hr>
          </ns3:TrackPointExtension>
        </extensions>
      </trkpt>
      <trkpt lat="47.66843922436237335205078125" lon="18.4671946428716182708740234375">
        <ele>384</ele>
        <time>2022-05-28T08:08:03.000Z</time>
        <extensions>
          <ns3:TrackPointExtension>
            <ns3:hr>119</ns3:hr>
          </ns3:TrackPointExtension>
        </extensions>
      </trkpt>
      <trkpt lat="47.66843059100210666656494140625" lon="18.46725239418447017669677734375">
        <ele>384.399993896484375</ele>
        <time>2022-05-28T08:08:07.000Z</time>
        <extensions>
          <ns3:TrackPointExtension>
            <ns3:hr>119</ns3:hr>
          </ns3:TrackPointExtension>
        </extensions>
      </trkpt>
      <trkpt lat="47.66837216913700103759765625" lon="18.46733319573104381561279296875">
        <ele>385</ele>
        <time>2022-05-28T08:08:13.000Z</time>
        <extensions>
          <ns3:TrackPointExtension>
            <ns3:hr>119</ns3:hr>
          </ns3:TrackPointExtension>
        </extensions>
      </trkpt>
      <trkpt lat="47.66836454160511493682861328125" lon="18.46736387349665164947509765625">
        <ele>385.399993896484375</ele>
        <time>2022-05-28T08:08:14.000Z</time>
        <extensions>
          <ns3:TrackPointExtension>
            <ns3:hr>120</ns3:hr>
          </ns3:TrackPointExtension>
        </extensions>
      </trkpt>
      <trkpt lat="47.66830016858875751495361328125" lon="18.4674283303320407867431640625">
        <ele>386.79998779296875</ele>
        <time>2022-05-28T08:08:20.000Z</time>
        <extensions>
          <ns3:TrackPointExtension>
            <ns3:hr>123</ns3:hr>
          </ns3:TrackPointExtension>
        </extensions>
      </trkpt>
      <trkpt lat="47.66827837564051151275634765625" lon="18.46745791845023632049560546875">
        <ele>387</ele>
        <time>2022-05-28T08:08:22.000Z</time>
        <extensions>
          <ns3:TrackPointExtension>
            <ns3:hr>123</ns3:hr>
          </ns3:TrackPointExtension>
        </extensions>
      </trkpt>
      <trkpt lat="47.66826488077640533447265625" lon="18.467486165463924407958984375">
        <ele>387.20001220703125</ele>
        <time>2022-05-28T08:08:24.000Z</time>
        <extensions>
          <ns3:TrackPointExtension>
            <ns3:hr>123</ns3:hr>
          </ns3:TrackPointExtension>
        </extensions>
      </trkpt>
      <trkpt lat="47.66825423575937747955322265625" lon="18.46749815158545970916748046875">
        <ele>387.399993896484375</ele>
        <time>2022-05-28T08:08:25.000Z</time>
        <extensions>
          <ns3:TrackPointExtension>
            <ns3:hr>123</ns3:hr>
          </ns3:TrackPointExtension>
        </extensions>
      </trkpt>
      <trkpt lat="47.66820587217807769775390625" lon="18.46756001003086566925048828125">
        <ele>387.79998779296875</ele>
        <time>2022-05-28T08:08:29.000Z</time>
        <extensions>
          <ns3:TrackPointExtension>
            <ns3:hr>124</ns3:hr>
          </ns3:TrackPointExtension>
        </extensions>
      </trkpt>
      <trkpt lat="47.6681892760097980499267578125" lon="18.4676016680896282196044921875">
        <ele>388</ele>
        <time>2022-05-28T08:08:31.000Z</time>
        <extensions>
          <ns3:TrackPointExtension>
            <ns3:hr>124</ns3:hr>
          </ns3:TrackPointExtension>
        </extensions>
      </trkpt>
      <trkpt lat="47.668182738125324249267578125" lon="18.46761985681951045989990234375">
        <ele>388</ele>
        <time>2022-05-28T08:08:32.000Z</time>
        <extensions>
          <ns3:TrackPointExtension>
            <ns3:hr>124</ns3:hr>
          </ns3:TrackPointExtension>
        </extensions>
      </trkpt>
      <trkpt lat="47.66813286580145359039306640625" lon="18.4677257202565670013427734375">
        <ele>388</ele>
        <time>2022-05-28T08:08:39.000Z</time>
        <extensions>
          <ns3:TrackPointExtension>
            <ns3:hr>125</ns3:hr>
          </ns3:TrackPointExtension>
        </extensions>
      </trkpt>
      <trkpt lat="47.66811744309961795806884765625" lon="18.46775673329830169677734375">
        <ele>388</ele>
        <time>2022-05-28T08:08:41.000Z</time>
        <extensions>
          <ns3:TrackPointExtension>
            <ns3:hr>126</ns3:hr>
          </ns3:TrackPointExtension>
        </extensions>
      </trkpt>
      <trkpt lat="47.66807955689728260040283203125" lon="18.46788455732166767120361328125">
        <ele>388.20001220703125</ele>
        <time>2022-05-28T08:08:49.000Z</time>
        <extensions>
          <ns3:TrackPointExtension>
            <ns3:hr>129</ns3:hr>
          </ns3:TrackPointExtension>
        </extensions>
      </trkpt>
      <trkpt lat="47.66806882806122303009033203125" lon="18.46791355870664119720458984375">
        <ele>388.399993896484375</ele>
        <time>2022-05-28T08:08:50.000Z</time>
        <extensions>
          <ns3:TrackPointExtension>
            <ns3:hr>129</ns3:hr>
          </ns3:TrackPointExtension>
        </extensions>
      </trkpt>
      <trkpt lat="47.6680375635623931884765625" lon="18.468025960028171539306640625">
        <ele>388.600006103515625</ele>
        <time>2022-05-28T08:08:57.000Z</time>
        <extensions>
          <ns3:TrackPointExtension>
            <ns3:hr>130</ns3:hr>
          </ns3:TrackPointExtension>
        </extensions>
      </trkpt>
      <trkpt lat="47.6679544150829315185546875" lon="18.46819116733968257904052734375">
        <ele>390</ele>
        <time>2022-05-28T08:09:10.000Z</time>
        <extensions>
          <ns3:TrackPointExtension>
            <ns3:hr>129</ns3:hr>
          </ns3:TrackPointExtension>
        </extensions>
      </trkpt>
      <trkpt lat="47.66793153248727321624755859375" lon="18.468250595033168792724609375">
        <ele>390</ele>
        <time>2022-05-28T08:09:14.000Z</time>
        <extensions>
          <ns3:TrackPointExtension>
            <ns3:hr>128</ns3:hr>
          </ns3:TrackPointExtension>
        </extensions>
      </trkpt>
      <trkpt lat="47.667908482253551483154296875" lon="18.46828873269259929656982421875">
        <ele>390</ele>
        <time>2022-05-28T08:09:17.000Z</time>
        <extensions>
          <ns3:TrackPointExtension>
            <ns3:hr>127</ns3:hr>
          </ns3:TrackPointExtension>
        </extensions>
      </trkpt>
      <trkpt lat="47.66790856607258319854736328125" lon="18.46830063499510288238525390625">
        <ele>390</ele>
        <time>2022-05-28T08:09:18.000Z</time>
        <extensions>
          <ns3:TrackPointExtension>
            <ns3:hr>128</ns3:hr>
          </ns3:TrackPointExtension>
        </extensions>
      </trkpt>
      <trkpt lat="47.66789984889328479766845703125" lon="18.46834480762481689453125">
        <ele>390</ele>
        <time>2022-05-28T08:09:22.000Z</time>
        <extensions>
          <ns3:TrackPointExtension>
            <ns3:hr>128</ns3:hr>
          </ns3:TrackPointExtension>
        </extensions>
      </trkpt>
      <trkpt lat="47.6678739488124847412109375" lon="18.46842083148658275604248046875">
        <ele>390.20001220703125</ele>
        <time>2022-05-28T08:09:26.000Z</time>
        <extensions>
          <ns3:TrackPointExtension>
            <ns3:hr>128</ns3:hr>
          </ns3:TrackPointExtension>
        </extensions>
      </trkpt>
      <trkpt lat="47.66787327826023101806640625" lon="18.4684358350932598114013671875">
        <ele>390.20001220703125</ele>
        <time>2022-05-28T08:09:28.000Z</time>
        <extensions>
          <ns3:TrackPointExtension>
            <ns3:hr>128</ns3:hr>
          </ns3:TrackPointExtension>
        </extensions>
      </trkpt>
      <trkpt lat="47.66782223246991634368896484375" lon="18.46858545206487178802490234375">
        <ele>390</ele>
        <time>2022-05-28T08:09:37.000Z</time>
        <extensions>
          <ns3:TrackPointExtension>
            <ns3:hr>128</ns3:hr>
          </ns3:TrackPointExtension>
        </extensions>
      </trkpt>
      <trkpt lat="47.667770348489284515380859375" lon="18.46871872432529926300048828125">
        <ele>391.20001220703125</ele>
        <time>2022-05-28T08:09:46.000Z</time>
        <extensions>
          <ns3:TrackPointExtension>
            <ns3:hr>125</ns3:hr>
          </ns3:TrackPointExtension>
        </extensions>
      </trkpt>
      <trkpt lat="47.66775299794971942901611328125" lon="18.4687503241002559661865234375">
        <ele>391.600006103515625</ele>
        <time>2022-05-28T08:09:48.000Z</time>
        <extensions>
          <ns3:TrackPointExtension>
            <ns3:hr>125</ns3:hr>
          </ns3:TrackPointExtension>
        </extensions>
      </trkpt>
      <trkpt lat="47.66769767738878726959228515625" lon="18.46889876760542392730712890625">
        <ele>392.399993896484375</ele>
        <time>2022-05-28T08:09:57.000Z</time>
        <extensions>
          <ns3:TrackPointExtension>
            <ns3:hr>125</ns3:hr>
          </ns3:TrackPointExtension>
        </extensions>
      </trkpt>
      <trkpt lat="47.66768376342952251434326171875" lon="18.46892349421977996826171875">
        <ele>392.600006103515625</ele>
        <time>2022-05-28T08:09:59.000Z</time>
        <extensions>
          <ns3:TrackPointExtension>
            <ns3:hr>125</ns3:hr>
          </ns3:TrackPointExtension>
        </extensions>
      </trkpt>
      <trkpt lat="47.6676370762288570404052734375" lon="18.4689893759787082672119140625">
        <ele>393</ele>
        <time>2022-05-28T08:10:05.000Z</time>
        <extensions>
          <ns3:TrackPointExtension>
            <ns3:hr>125</ns3:hr>
          </ns3:TrackPointExtension>
        </extensions>
      </trkpt>
      <trkpt lat="47.6675654947757720947265625" lon="18.469090797007083892822265625">
        <ele>393.79998779296875</ele>
        <time>2022-05-28T08:10:13.000Z</time>
        <extensions>
          <ns3:TrackPointExtension>
            <ns3:hr>124</ns3:hr>
          </ns3:TrackPointExtension>
        </extensions>
      </trkpt>
      <trkpt lat="47.667502127587795257568359375" lon="18.46920085139572620391845703125">
        <ele>394.600006103515625</ele>
        <time>2022-05-28T08:10:20.000Z</time>
        <extensions>
          <ns3:TrackPointExtension>
            <ns3:hr>126</ns3:hr>
          </ns3:TrackPointExtension>
        </extensions>
      </trkpt>
      <trkpt lat="47.66749701462686061859130859375" lon="18.469220884144306182861328125">
        <ele>394.79998779296875</ele>
        <time>2022-05-28T08:10:22.000Z</time>
        <extensions>
          <ns3:TrackPointExtension>
            <ns3:hr>125</ns3:hr>
          </ns3:TrackPointExtension>
        </extensions>
      </trkpt>
      <trkpt lat="47.667467258870601654052734375" lon="18.46928081475198268890380859375">
        <ele>395.20001220703125</ele>
        <time>2022-05-28T08:10:26.000Z</time>
        <extensions>
          <ns3:TrackPointExtension>
            <ns3:hr>126</ns3:hr>
          </ns3:TrackPointExtension>
        </extensions>
      </trkpt>
      <trkpt lat="47.66742710955440998077392578125" lon="18.46939296461641788482666015625">
        <ele>395.399993896484375</ele>
        <time>2022-05-28T08:10:34.000Z</time>
        <extensions>
          <ns3:TrackPointExtension>
            <ns3:hr>127</ns3:hr>
          </ns3:TrackPointExtension>
        </extensions>
      </trkpt>
      <trkpt lat="47.66733239404857158660888671875" lon="18.46951617859303951263427734375">
        <ele>396.20001220703125</ele>
        <time>2022-05-28T08:10:42.000Z</time>
        <extensions>
          <ns3:TrackPointExtension>
            <ns3:hr>128</ns3:hr>
          </ns3:TrackPointExtension>
        </extensions>
      </trkpt>
      <trkpt lat="47.667292244732379913330078125" lon="18.469569571316242218017578125">
        <ele>396.399993896484375</ele>
        <time>2022-05-28T08:10:48.000Z</time>
        <extensions>
          <ns3:TrackPointExtension>
            <ns3:hr>129</ns3:hr>
          </ns3:TrackPointExtension>
        </extensions>
      </trkpt>
      <trkpt lat="47.66724832355976104736328125" lon="18.46963570453226566314697265625">
        <ele>396.600006103515625</ele>
        <time>2022-05-28T08:10:53.000Z</time>
        <extensions>
          <ns3:TrackPointExtension>
            <ns3:hr>130</ns3:hr>
          </ns3:TrackPointExtension>
        </extensions>
      </trkpt>
      <trkpt lat="47.6672344096004962921142578125" lon="18.46966185607016086578369140625">
        <ele>396.600006103515625</ele>
        <time>2022-05-28T08:10:55.000Z</time>
        <extensions>
          <ns3:TrackPointExtension>
            <ns3:hr>131</ns3:hr>
          </ns3:TrackPointExtension>
        </extensions>
      </trkpt>
      <trkpt lat="47.66719870269298553466796875" lon="18.469727151095867156982421875">
        <ele>397</ele>
        <time>2022-05-28T08:11:00.000Z</time>
        <extensions>
          <ns3:TrackPointExtension>
            <ns3:hr>134</ns3:hr>
          </ns3:TrackPointExtension>
        </extensions>
      </trkpt>
      <trkpt lat="47.66716140322387218475341796875" lon="18.46978087909519672393798828125">
        <ele>397.600006103515625</ele>
        <time>2022-05-28T08:11:04.000Z</time>
        <extensions>
          <ns3:TrackPointExtension>
            <ns3:hr>134</ns3:hr>
          </ns3:TrackPointExtension>
        </extensions>
      </trkpt>
      <trkpt lat="47.66710557974874973297119140625" lon="18.46984810195863246917724609375">
        <ele>398.20001220703125</ele>
        <time>2022-05-28T08:11:09.000Z</time>
        <extensions>
          <ns3:TrackPointExtension>
            <ns3:hr>134</ns3:hr>
          </ns3:TrackPointExtension>
        </extensions>
      </trkpt>
      <trkpt lat="47.6670478284358978271484375" lon="18.4699140675365924835205078125">
        <ele>398.20001220703125</ele>
        <time>2022-05-28T08:11:15.000Z</time>
        <extensions>
          <ns3:TrackPointExtension>
            <ns3:hr>134</ns3:hr>
          </ns3:TrackPointExtension>
        </extensions>
      </trkpt>
      <trkpt lat="47.66695084981620311737060546875" lon="18.47000040113925933837890625">
        <ele>398.600006103515625</ele>
        <time>2022-05-28T08:11:23.000Z</time>
        <extensions>
          <ns3:TrackPointExtension>
            <ns3:hr>134</ns3:hr>
          </ns3:TrackPointExtension>
        </extensions>
      </trkpt>
      <trkpt lat="47.66691195778548717498779296875" lon="18.47004507668316364288330078125">
        <ele>399.20001220703125</ele>
        <time>2022-05-28T08:11:28.000Z</time>
        <extensions>
          <ns3:TrackPointExtension>
            <ns3:hr>134</ns3:hr>
          </ns3:TrackPointExtension>
        </extensions>
      </trkpt>
      <trkpt lat="47.66683333553373813629150390625" lon="18.4701363556087017059326171875">
        <ele>400.20001220703125</ele>
        <time>2022-05-28T08:11:35.000Z</time>
        <extensions>
          <ns3:TrackPointExtension>
            <ns3:hr>134</ns3:hr>
          </ns3:TrackPointExtension>
        </extensions>
      </trkpt>
      <trkpt lat="47.6667834632098674774169921875" lon="18.47023065201938152313232421875">
        <ele>400.399993896484375</ele>
        <time>2022-05-28T08:11:42.000Z</time>
        <extensions>
          <ns3:TrackPointExtension>
            <ns3:hr>134</ns3:hr>
          </ns3:TrackPointExtension>
        </extensions>
      </trkpt>
      <trkpt lat="47.66679058782756328582763671875" lon="18.47027222625911235809326171875">
        <ele>400.20001220703125</ele>
        <time>2022-05-28T08:11:45.000Z</time>
        <extensions>
          <ns3:TrackPointExtension>
            <ns3:hr>134</ns3:hr>
          </ns3:TrackPointExtension>
        </extensions>
      </trkpt>
      <trkpt lat="47.66677063889801502227783203125" lon="18.47031296230852603912353515625">
        <ele>400.600006103515625</ele>
        <time>2022-05-28T08:11:49.000Z</time>
        <extensions>
          <ns3:TrackPointExtension>
            <ns3:hr>134</ns3:hr>
          </ns3:TrackPointExtension>
        </extensions>
      </trkpt>
      <trkpt lat="47.666754461824893951416015625" lon="18.4703334979712963104248046875">
        <ele>400.600006103515625</ele>
        <time>2022-05-28T08:11:51.000Z</time>
        <extensions>
          <ns3:TrackPointExtension>
            <ns3:hr>134</ns3:hr>
          </ns3:TrackPointExtension>
        </extensions>
      </trkpt>
      <trkpt lat="47.66668715514242649078369140625" lon="18.47038370557129383087158203125">
        <ele>401</ele>
        <time>2022-05-28T08:11:56.000Z</time>
        <extensions>
          <ns3:TrackPointExtension>
            <ns3:hr>132</ns3:hr>
          </ns3:TrackPointExtension>
        </extensions>
      </trkpt>
      <trkpt lat="47.666623033583164215087890625" lon="18.47048294730484485626220703125">
        <ele>401.79998779296875</ele>
        <time>2022-05-28T08:12:02.000Z</time>
        <extensions>
          <ns3:TrackPointExtension>
            <ns3:hr>133</ns3:hr>
          </ns3:TrackPointExtension>
        </extensions>
      </trkpt>
      <trkpt lat="47.66661532223224639892578125" lon="18.470500297844409942626953125">
        <ele>401.79998779296875</ele>
        <time>2022-05-28T08:12:03.000Z</time>
        <extensions>
          <ns3:TrackPointExtension>
            <ns3:hr>133</ns3:hr>
          </ns3:TrackPointExtension>
        </extensions>
      </trkpt>
      <trkpt lat="47.6665581576526165008544921875" lon="18.4705966897308826446533203125">
        <ele>402.399993896484375</ele>
        <time>2022-05-28T08:12:11.000Z</time>
        <extensions>
          <ns3:TrackPointExtension>
            <ns3:hr>132</ns3:hr>
          </ns3:TrackPointExtension>
        </extensions>
      </trkpt>
      <trkpt lat="47.66654022037982940673828125" lon="18.47062426619231700897216796875">
        <ele>402.79998779296875</ele>
        <time>2022-05-28T08:12:14.000Z</time>
        <extensions>
          <ns3:TrackPointExtension>
            <ns3:hr>132</ns3:hr>
          </ns3:TrackPointExtension>
        </extensions>
      </trkpt>
      <trkpt lat="47.66649864614009857177734375" lon="18.4706624038517475128173828125">
        <ele>403.399993896484375</ele>
        <time>2022-05-28T08:12:18.000Z</time>
        <extensions>
          <ns3:TrackPointExtension>
            <ns3:hr>133</ns3:hr>
          </ns3:TrackPointExtension>
        </extensions>
      </trkpt>
      <trkpt lat="47.666492275893688201904296875" lon="18.47067355178296566009521484375">
        <ele>403.399993896484375</ele>
        <time>2022-05-28T08:12:19.000Z</time>
        <extensions>
          <ns3:TrackPointExtension>
            <ns3:hr>133</ns3:hr>
          </ns3:TrackPointExtension>
        </extensions>
      </trkpt>
      <trkpt lat="47.6664612628519535064697265625" lon="18.47071194089949131011962890625">
        <ele>403.79998779296875</ele>
        <time>2022-05-28T08:12:22.000Z</time>
        <extensions>
          <ns3:TrackPointExtension>
            <ns3:hr>132</ns3:hr>
          </ns3:TrackPointExtension>
        </extensions>
      </trkpt>
      <trkpt lat="47.6664384640753269195556640625" lon="18.47074027173221111297607421875">
        <ele>404</ele>
        <time>2022-05-28T08:12:24.000Z</time>
        <extensions>
          <ns3:TrackPointExtension>
            <ns3:hr>132</ns3:hr>
          </ns3:TrackPointExtension>
        </extensions>
      </trkpt>
      <trkpt lat="47.66641507856547832489013671875" lon="18.47075250931084156036376953125">
        <ele>404.399993896484375</ele>
        <time>2022-05-28T08:12:27.000Z</time>
        <extensions>
          <ns3:TrackPointExtension>
            <ns3:hr>131</ns3:hr>
          </ns3:TrackPointExtension>
        </extensions>
      </trkpt>
      <trkpt lat="47.66641558147966861724853515625" lon="18.4707950055599212646484375">
        <ele>404.399993896484375</ele>
        <time>2022-05-28T08:12:29.000Z</time>
        <extensions>
          <ns3:TrackPointExtension>
            <ns3:hr>131</ns3:hr>
          </ns3:TrackPointExtension>
        </extensions>
      </trkpt>
      <trkpt lat="47.66641943715512752532958984375" lon="18.4708065725862979888916015625">
        <ele>404.20001220703125</ele>
        <time>2022-05-28T08:12:30.000Z</time>
        <extensions>
          <ns3:TrackPointExtension>
            <ns3:hr>131</ns3:hr>
          </ns3:TrackPointExtension>
        </extensions>
      </trkpt>
      <trkpt lat="47.66641843132674694061279296875" lon="18.4708159603178501129150390625">
        <ele>404.20001220703125</ele>
        <time>2022-05-28T08:12:31.000Z</time>
        <extensions>
          <ns3:TrackPointExtension>
            <ns3:hr>131</ns3:hr>
          </ns3:TrackPointExtension>
        </extensions>
      </trkpt>
      <trkpt lat="47.666407786309719085693359375" lon="18.4708337299525737762451171875">
        <ele>404.20001220703125</ele>
        <time>2022-05-28T08:12:33.000Z</time>
        <extensions>
          <ns3:TrackPointExtension>
            <ns3:hr>131</ns3:hr>
          </ns3:TrackPointExtension>
        </extensions>
      </trkpt>
      <trkpt lat="47.66640367917716503143310546875" lon="18.47084722481667995452880859375">
        <ele>404.399993896484375</ele>
        <time>2022-05-28T08:12:37.000Z</time>
        <extensions>
          <ns3:TrackPointExtension>
            <ns3:hr>131</ns3:hr>
          </ns3:TrackPointExtension>
        </extensions>
      </trkpt>
      <trkpt lat="47.6663972251117229461669921875" lon="18.47086885012686252593994140625">
        <ele>404.399993896484375</ele>
        <time>2022-05-28T08:12:40.000Z</time>
        <extensions>
          <ns3:TrackPointExtension>
            <ns3:hr>132</ns3:hr>
          </ns3:TrackPointExtension>
        </extensions>
      </trkpt>
      <trkpt lat="47.66640074551105499267578125" lon="18.47088024951517581939697265625">
        <ele>404.399993896484375</ele>
        <time>2022-05-28T08:12:42.000Z</time>
        <extensions>
          <ns3:TrackPointExtension>
            <ns3:hr>132</ns3:hr>
          </ns3:TrackPointExtension>
        </extensions>
      </trkpt>
      <trkpt lat="47.66642128117382526397705078125" lon="18.47090422175824642181396484375">
        <ele>404.20001220703125</ele>
        <time>2022-05-28T08:12:49.000Z</time>
        <extensions>
          <ns3:TrackPointExtension>
            <ns3:hr>134</ns3:hr>
          </ns3:TrackPointExtension>
        </extensions>
      </trkpt>
      <trkpt lat="47.6664518751204013824462890625" lon="18.47088058479130268096923828125">
        <ele>404</ele>
        <time>2022-05-28T08:12:55.000Z</time>
        <extensions>
          <ns3:TrackPointExtension>
            <ns3:hr>136</ns3:hr>
          </ns3:TrackPointExtension>
        </extensions>
      </trkpt>
      <trkpt lat="47.6665035076439380645751953125" lon="18.47086097113788127899169921875">
        <ele>403.600006103515625</ele>
        <time>2022-05-28T08:13:11.000Z</time>
        <extensions>
          <ns3:TrackPointExtension>
            <ns3:hr>140</ns3:hr>
          </ns3:TrackPointExtension>
        </extensions>
      </trkpt>
      <trkpt lat="47.666225731372833251953125" lon="18.47089818678796291351318359375">
        <ele>406.20001220703125</ele>
        <time>2022-05-28T08:13:27.000Z</time>
        <extensions>
          <ns3:TrackPointExtension>
            <ns3:hr>136</ns3:hr>
          </ns3:TrackPointExtension>
        </extensions>
      </trkpt>
      <trkpt lat="47.6663338579237461090087890625" lon="18.4709155373275279998779296875">
        <ele>405</ele>
        <time>2022-05-28T08:13:35.000Z</time>
        <extensions>
          <ns3:TrackPointExtension>
            <ns3:hr>134</ns3:hr>
          </ns3:TrackPointExtension>
        </extensions>
      </trkpt>
      <trkpt lat="47.66637233085930347442626953125" lon="18.4709098376333713531494140625">
        <ele>404.600006103515625</ele>
        <time>2022-05-28T08:13:40.000Z</time>
        <extensions>
          <ns3:TrackPointExtension>
            <ns3:hr>134</ns3:hr>
          </ns3:TrackPointExtension>
        </extensions>
      </trkpt>
      <trkpt lat="47.66636788845062255859375" lon="18.47091679461300373077392578125">
        <ele>404.79998779296875</ele>
        <time>2022-05-28T08:13:49.000Z</time>
        <extensions>
          <ns3:TrackPointExtension>
            <ns3:hr>134</ns3:hr>
          </ns3:TrackPointExtension>
        </extensions>
      </trkpt>
      <trkpt lat="47.66636629588901996612548828125" lon="18.4709168784320354461669921875">
        <ele>404.79998779296875</ele>
        <time>2022-05-28T08:13:52.000Z</time>
        <extensions>
          <ns3:TrackPointExtension>
            <ns3:hr>131</ns3:hr>
          </ns3:TrackPointExtension>
        </extensions>
      </trkpt>
      <trkpt lat="47.66636445187032222747802734375" lon="18.47092031501233577728271484375">
        <ele>404.79998779296875</ele>
        <time>2022-05-28T08:13:54.000Z</time>
        <extensions>
          <ns3:TrackPointExtension>
            <ns3:hr>128</ns3:hr>
          </ns3:TrackPointExtension>
        </extensions>
      </trkpt>
      <trkpt lat="47.66637434251606464385986328125" lon="18.4709239192306995391845703125">
        <ele>404.600006103515625</ele>
        <time>2022-05-28T08:13:57.000Z</time>
        <extensions>
          <ns3:TrackPointExtension>
            <ns3:hr>125</ns3:hr>
          </ns3:TrackPointExtension>
        </extensions>
      </trkpt>
      <trkpt lat="47.6663828082382678985595703125" lon="18.47092601470649242401123046875">
        <ele>404.600006103515625</ele>
        <time>2022-05-28T08:14:08.000Z</time>
        <extensions>
          <ns3:TrackPointExtension>
            <ns3:hr>124</ns3:hr>
          </ns3:TrackPointExtension>
        </extensions>
      </trkpt>
      <trkpt lat="47.666309885680675506591796875" lon="18.47097177989780902862548828125">
        <ele>405.399993896484375</ele>
        <time>2022-05-28T08:14:37.000Z</time>
        <extensions>
          <ns3:TrackPointExtension>
            <ns3:hr>126</ns3:hr>
          </ns3:TrackPointExtension>
        </extensions>
      </trkpt>
      <trkpt lat="47.66616747714579105377197265625" lon="18.4710216522216796875">
        <ele>406.20001220703125</ele>
        <time>2022-05-28T08:14:45.000Z</time>
        <extensions>
          <ns3:TrackPointExtension>
            <ns3:hr>125</ns3:hr>
          </ns3:TrackPointExtension>
        </extensions>
      </trkpt>
      <trkpt lat="47.66611115075647830963134765625" lon="18.47104570828378200531005859375">
        <ele>407</ele>
        <time>2022-05-28T08:14:51.000Z</time>
        <extensions>
          <ns3:TrackPointExtension>
            <ns3:hr>126</ns3:hr>
          </ns3:TrackPointExtension>
        </extensions>
      </trkpt>
      <trkpt lat="47.66607644967734813690185546875" lon="18.47108895890414714813232421875">
        <ele>407.20001220703125</ele>
        <time>2022-05-28T08:14:55.000Z</time>
        <extensions>
          <ns3:TrackPointExtension>
            <ns3:hr>129</ns3:hr>
          </ns3:TrackPointExtension>
        </extensions>
      </trkpt>
      <trkpt lat="47.66603101976215839385986328125" lon="18.471144028007984161376953125">
        <ele>407.600006103515625</ele>
        <time>2022-05-28T08:14:59.000Z</time>
        <extensions>
          <ns3:TrackPointExtension>
            <ns3:hr>131</ns3:hr>
          </ns3:TrackPointExtension>
        </extensions>
      </trkpt>
      <trkpt lat="47.665952146053314208984375" lon="18.47120764665305614471435546875">
        <ele>408.399993896484375</ele>
        <time>2022-05-28T08:15:08.000Z</time>
        <extensions>
          <ns3:TrackPointExtension>
            <ns3:hr>134</ns3:hr>
          </ns3:TrackPointExtension>
        </extensions>
      </trkpt>
      <trkpt lat="47.66594334505498409271240234375" lon="18.4712424315512180328369140625">
        <ele>408</ele>
        <time>2022-05-28T08:15:09.000Z</time>
        <extensions>
          <ns3:TrackPointExtension>
            <ns3:hr>134</ns3:hr>
          </ns3:TrackPointExtension>
        </extensions>
      </trkpt>
      <trkpt lat="47.6659214682877063751220703125" lon="18.471265733242034912109375">
        <ele>408</ele>
        <time>2022-05-28T08:15:10.000Z</time>
        <extensions>
          <ns3:TrackPointExtension>
            <ns3:hr>135</ns3:hr>
          </ns3:TrackPointExtension>
        </extensions>
      </trkpt>
      <trkpt lat="47.665892131626605987548828125" lon="18.471305631101131439208984375">
        <ele>407.79998779296875</ele>
        <time>2022-05-28T08:15:12.000Z</time>
        <extensions>
          <ns3:TrackPointExtension>
            <ns3:hr>136</ns3:hr>
          </ns3:TrackPointExtension>
        </extensions>
      </trkpt>
      <trkpt lat="47.665890119969844818115234375" lon="18.47133203409612178802490234375">
        <ele>407.399993896484375</ele>
        <time>2022-05-28T08:15:15.000Z</time>
        <extensions>
          <ns3:TrackPointExtension>
            <ns3:hr>137</ns3:hr>
          </ns3:TrackPointExtension>
        </extensions>
      </trkpt>
      <trkpt lat="47.66588115133345127105712890625" lon="18.47134125418961048126220703125">
        <ele>407.399993896484375</ele>
        <time>2022-05-28T08:15:16.000Z</time>
        <extensions>
          <ns3:TrackPointExtension>
            <ns3:hr>137</ns3:hr>
          </ns3:TrackPointExtension>
        </extensions>
      </trkpt>
      <trkpt lat="47.66579833813011646270751953125" lon="18.47142867743968963623046875">
        <ele>408.600006103515625</ele>
        <time>2022-05-28T08:15:23.000Z</time>
        <extensions>
          <ns3:TrackPointExtension>
            <ns3:hr>137</ns3:hr>
          </ns3:TrackPointExtension>
        </extensions>
      </trkpt>
      <trkpt lat="47.6657293550670146942138671875" lon="18.4715334512293338775634765625">
        <ele>409.600006103515625</ele>
        <time>2022-05-28T08:15:32.000Z</time>
        <extensions>
          <ns3:TrackPointExtension>
            <ns3:hr>135</ns3:hr>
          </ns3:TrackPointExtension>
        </extensions>
      </trkpt>
      <trkpt lat="47.665684260427951812744140625" lon="18.471618779003620147705078125">
        <ele>409.20001220703125</ele>
        <time>2022-05-28T08:15:37.000Z</time>
        <extensions>
          <ns3:TrackPointExtension>
            <ns3:hr>134</ns3:hr>
          </ns3:TrackPointExtension>
        </extensions>
      </trkpt>
      <trkpt lat="47.665666155517101287841796875" lon="18.471637554466724395751953125">
        <ele>409.20001220703125</ele>
        <time>2022-05-28T08:15:39.000Z</time>
        <extensions>
          <ns3:TrackPointExtension>
            <ns3:hr>133</ns3:hr>
          </ns3:TrackPointExtension>
        </extensions>
      </trkpt>
      <trkpt lat="47.66560555435717105865478515625" lon="18.471706621348857879638671875">
        <ele>409.600006103515625</ele>
        <time>2022-05-28T08:15:45.000Z</time>
        <extensions>
          <ns3:TrackPointExtension>
            <ns3:hr>130</ns3:hr>
          </ns3:TrackPointExtension>
        </extensions>
      </trkpt>
      <trkpt lat="47.66559599898755550384521484375" lon="18.4717238880693912506103515625">
        <ele>409.600006103515625</ele>
        <time>2022-05-28T08:15:47.000Z</time>
        <extensions>
          <ns3:TrackPointExtension>
            <ns3:hr>130</ns3:hr>
          </ns3:TrackPointExtension>
        </extensions>
      </trkpt>
      <trkpt lat="47.66549876891076564788818359375" lon="18.47182874567806720733642578125">
        <ele>411</ele>
        <time>2022-05-28T08:15:56.000Z</time>
        <extensions>
          <ns3:TrackPointExtension>
            <ns3:hr>131</ns3:hr>
          </ns3:TrackPointExtension>
        </extensions>
      </trkpt>
      <trkpt lat="47.6654326356947422027587890625" lon="18.47190351225435733795166015625">
        <ele>411.399993896484375</ele>
        <time>2022-05-28T08:16:03.000Z</time>
        <extensions>
          <ns3:TrackPointExtension>
            <ns3:hr>131</ns3:hr>
          </ns3:TrackPointExtension>
        </extensions>
      </trkpt>
      <trkpt lat="47.66543112695217132568359375" lon="18.47191876731812953948974609375">
        <ele>411.20001220703125</ele>
        <time>2022-05-28T08:16:04.000Z</time>
        <extensions>
          <ns3:TrackPointExtension>
            <ns3:hr>131</ns3:hr>
          </ns3:TrackPointExtension>
        </extensions>
      </trkpt>
      <trkpt lat="47.66540028154850006103515625" lon="18.472011387348175048828125">
        <ele>411.600006103515625</ele>
        <time>2022-05-28T08:16:10.000Z</time>
        <extensions>
          <ns3:TrackPointExtension>
            <ns3:hr>132</ns3:hr>
          </ns3:TrackPointExtension>
        </extensions>
      </trkpt>
      <trkpt lat="47.66539483331143856048583984375" lon="18.4720470942556858062744140625">
        <ele>411.399993896484375</ele>
        <time>2022-05-28T08:16:13.000Z</time>
        <extensions>
          <ns3:TrackPointExtension>
            <ns3:hr>132</ns3:hr>
          </ns3:TrackPointExtension>
        </extensions>
      </trkpt>
      <trkpt lat="47.66537270508706569671630859375" lon="18.47206394188106060028076171875">
        <ele>411.600006103515625</ele>
        <time>2022-05-28T08:16:15.000Z</time>
        <extensions>
          <ns3:TrackPointExtension>
            <ns3:hr>132</ns3:hr>
          </ns3:TrackPointExtension>
        </extensions>
      </trkpt>
      <trkpt lat="47.66536264680325984954833984375" lon="18.47207450307905673980712890625">
        <ele>411.600006103515625</ele>
        <time>2022-05-28T08:16:16.000Z</time>
        <extensions>
          <ns3:TrackPointExtension>
            <ns3:hr>133</ns3:hr>
          </ns3:TrackPointExtension>
        </extensions>
      </trkpt>
      <trkpt lat="47.66529969871044158935546875" lon="18.47215714864432811737060546875">
        <ele>411.79998779296875</ele>
        <time>2022-05-28T08:16:23.000Z</time>
        <extensions>
          <ns3:TrackPointExtension>
            <ns3:hr>132</ns3:hr>
          </ns3:TrackPointExtension>
        </extensions>
      </trkpt>
      <trkpt lat="47.665223591029644012451171875" lon="18.4722298197448253631591796875">
        <ele>412.79998779296875</ele>
        <time>2022-05-28T08:16:30.000Z</time>
        <extensions>
          <ns3:TrackPointExtension>
            <ns3:hr>132</ns3:hr>
          </ns3:TrackPointExtension>
        </extensions>
      </trkpt>
      <trkpt lat="47.66517874784767627716064453125" lon="18.47228438593447208404541015625">
        <ele>413.600006103515625</ele>
        <time>2022-05-28T08:16:34.000Z</time>
        <extensions>
          <ns3:TrackPointExtension>
            <ns3:hr>133</ns3:hr>
          </ns3:TrackPointExtension>
        </extensions>
      </trkpt>
      <trkpt lat="47.66515242867171764373779296875" lon="18.47231489606201648712158203125">
        <ele>414</ele>
        <time>2022-05-28T08:16:37.000Z</time>
        <extensions>
          <ns3:TrackPointExtension>
            <ns3:hr>133</ns3:hr>
          </ns3:TrackPointExtension>
        </extensions>
      </trkpt>
      <trkpt lat="47.66510012559592723846435546875" lon="18.472408019006252288818359375">
        <ele>414</ele>
        <time>2022-05-28T08:16:44.000Z</time>
        <extensions>
          <ns3:TrackPointExtension>
            <ns3:hr>133</ns3:hr>
          </ns3:TrackPointExtension>
        </extensions>
      </trkpt>
      <trkpt lat="47.66506458632647991180419921875" lon="18.472491838037967681884765625">
        <ele>413.79998779296875</ele>
        <time>2022-05-28T08:16:50.000Z</time>
        <extensions>
          <ns3:TrackPointExtension>
            <ns3:hr>133</ns3:hr>
          </ns3:TrackPointExtension>
        </extensions>
      </trkpt>
      <trkpt lat="47.6650457270443439483642578125" lon="18.4725436381995677947998046875">
        <ele>413.79998779296875</ele>
        <time>2022-05-28T08:16:55.000Z</time>
        <extensions>
          <ns3:TrackPointExtension>
            <ns3:hr>132</ns3:hr>
          </ns3:TrackPointExtension>
        </extensions>
      </trkpt>
      <trkpt lat="47.665029801428318023681640625" lon="18.47253131680190563201904296875">
        <ele>414</ele>
        <time>2022-05-28T08:17:01.000Z</time>
        <extensions>
          <ns3:TrackPointExtension>
            <ns3:hr>131</ns3:hr>
          </ns3:TrackPointExtension>
        </extensions>
      </trkpt>
      <trkpt lat="47.66499937511980533599853515625" lon="18.47259669564664363861083984375">
        <ele>414.20001220703125</ele>
        <time>2022-05-28T08:17:08.000Z</time>
        <extensions>
          <ns3:TrackPointExtension>
            <ns3:hr>129</ns3:hr>
          </ns3:TrackPointExtension>
        </extensions>
      </trkpt>
      <trkpt lat="47.664965428411960601806640625" lon="18.47265101037919521331787109375">
        <ele>414.600006103515625</ele>
        <time>2022-05-28T08:17:13.000Z</time>
        <extensions>
          <ns3:TrackPointExtension>
            <ns3:hr>128</ns3:hr>
          </ns3:TrackPointExtension>
        </extensions>
      </trkpt>
      <trkpt lat="47.66491555608808994293212890625" lon="18.47270146943628787994384765625">
        <ele>415</ele>
        <time>2022-05-28T08:17:19.000Z</time>
        <extensions>
          <ns3:TrackPointExtension>
            <ns3:hr>127</ns3:hr>
          </ns3:TrackPointExtension>
        </extensions>
      </trkpt>
      <trkpt lat="47.6648733951151371002197265625" lon="18.472756035625934600830078125">
        <ele>415</ele>
        <time>2022-05-28T08:17:23.000Z</time>
        <extensions>
          <ns3:TrackPointExtension>
            <ns3:hr>130</ns3:hr>
          </ns3:TrackPointExtension>
        </extensions>
      </trkpt>
      <trkpt lat="47.6648482494056224822998046875" lon="18.47278495319187641143798828125">
        <ele>415.20001220703125</ele>
        <time>2022-05-28T08:17:25.000Z</time>
        <extensions>
          <ns3:TrackPointExtension>
            <ns3:hr>131</ns3:hr>
          </ns3:TrackPointExtension>
        </extensions>
      </trkpt>
      <trkpt lat="47.66483307816088199615478515625" lon="18.472810350358486175537109375">
        <ele>415.399993896484375</ele>
        <time>2022-05-28T08:17:27.000Z</time>
        <extensions>
          <ns3:TrackPointExtension>
            <ns3:hr>132</ns3:hr>
          </ns3:TrackPointExtension>
        </extensions>
      </trkpt>
      <trkpt lat="47.6647537015378475189208984375" lon="18.4728541038930416107177734375">
        <ele>415.79998779296875</ele>
        <time>2022-05-28T08:17:32.000Z</time>
        <extensions>
          <ns3:TrackPointExtension>
            <ns3:hr>132</ns3:hr>
          </ns3:TrackPointExtension>
        </extensions>
      </trkpt>
      <trkpt lat="47.66471908427774906158447265625" lon="18.47288453020155429840087890625">
        <ele>416.20001220703125</ele>
        <time>2022-05-28T08:17:36.000Z</time>
        <extensions>
          <ns3:TrackPointExtension>
            <ns3:hr>133</ns3:hr>
          </ns3:TrackPointExtension>
        </extensions>
      </trkpt>
      <trkpt lat="47.6646848022937774658203125" lon="18.47290615551173686981201171875">
        <ele>416.399993896484375</ele>
        <time>2022-05-28T08:17:38.000Z</time>
        <extensions>
          <ns3:TrackPointExtension>
            <ns3:hr>133</ns3:hr>
          </ns3:TrackPointExtension>
        </extensions>
      </trkpt>
      <trkpt lat="47.6646135561168193817138671875" lon="18.472974300384521484375">
        <ele>417</ele>
        <time>2022-05-28T08:17:44.000Z</time>
        <extensions>
          <ns3:TrackPointExtension>
            <ns3:hr>135</ns3:hr>
          </ns3:TrackPointExtension>
        </extensions>
      </trkpt>
      <trkpt lat="47.6645377837121486663818359375" lon="18.47307580523192882537841796875">
        <ele>417.600006103515625</ele>
        <time>2022-05-28T08:17:52.000Z</time>
        <extensions>
          <ns3:TrackPointExtension>
            <ns3:hr>136</ns3:hr>
          </ns3:TrackPointExtension>
        </extensions>
      </trkpt>
      <trkpt lat="47.6645012386143207550048828125" lon="18.47312274388968944549560546875">
        <ele>418.20001220703125</ele>
        <time>2022-05-28T08:17:59.000Z</time>
        <extensions>
          <ns3:TrackPointExtension>
            <ns3:hr>134</ns3:hr>
          </ns3:TrackPointExtension>
        </extensions>
      </trkpt>
      <trkpt lat="47.664428986608982086181640625" lon="18.47317739389836788177490234375">
        <ele>419.600006103515625</ele>
        <time>2022-05-28T08:18:06.000Z</time>
        <extensions>
          <ns3:TrackPointExtension>
            <ns3:hr>133</ns3:hr>
          </ns3:TrackPointExtension>
        </extensions>
      </trkpt>
      <trkpt lat="47.66436486504971981048583984375" lon="18.47322299145162105560302734375">
        <ele>420.79998779296875</ele>
        <time>2022-05-28T08:18:12.000Z</time>
        <extensions>
          <ns3:TrackPointExtension>
            <ns3:hr>131</ns3:hr>
          </ns3:TrackPointExtension>
        </extensions>
      </trkpt>
      <trkpt lat="47.6643299125134944915771484375" lon="18.47326205112040042877197265625">
        <ele>421</ele>
        <time>2022-05-28T08:18:15.000Z</time>
        <extensions>
          <ns3:TrackPointExtension>
            <ns3:hr>130</ns3:hr>
          </ns3:TrackPointExtension>
        </extensions>
      </trkpt>
      <trkpt lat="47.66430728137493133544921875" lon="18.4733164496719837188720703125">
        <ele>421</ele>
        <time>2022-05-28T08:18:19.000Z</time>
        <extensions>
          <ns3:TrackPointExtension>
            <ns3:hr>130</ns3:hr>
          </ns3:TrackPointExtension>
        </extensions>
      </trkpt>
      <trkpt lat="47.6642779447138309478759765625" lon="18.4733476303517818450927734375">
        <ele>421.399993896484375</ele>
        <time>2022-05-28T08:18:21.000Z</time>
        <extensions>
          <ns3:TrackPointExtension>
            <ns3:hr>131</ns3:hr>
          </ns3:TrackPointExtension>
        </extensions>
      </trkpt>
      <trkpt lat="47.6642424054443836212158203125" lon="18.4733915515244007110595703125">
        <ele>422</ele>
        <time>2022-05-28T08:18:24.000Z</time>
        <extensions>
          <ns3:TrackPointExtension>
            <ns3:hr>131</ns3:hr>
          </ns3:TrackPointExtension>
        </extensions>
      </trkpt>
      <trkpt lat="47.66419303603470325469970703125" lon="18.47344242967665195465087890625">
        <ele>422.600006103515625</ele>
        <time>2022-05-28T08:18:29.000Z</time>
        <extensions>
          <ns3:TrackPointExtension>
            <ns3:hr>131</ns3:hr>
          </ns3:TrackPointExtension>
        </extensions>
      </trkpt>
      <trkpt lat="47.66410636715590953826904296875" lon="18.47352683544158935546875">
        <ele>424.20001220703125</ele>
        <time>2022-05-28T08:18:36.000Z</time>
        <extensions>
          <ns3:TrackPointExtension>
            <ns3:hr>132</ns3:hr>
          </ns3:TrackPointExtension>
        </extensions>
      </trkpt>
      <trkpt lat="47.66401299275457859039306640625" lon="18.47357234917581081390380859375">
        <ele>425.20001220703125</ele>
        <time>2022-05-28T08:18:44.000Z</time>
        <extensions>
          <ns3:TrackPointExtension>
            <ns3:hr>131</ns3:hr>
          </ns3:TrackPointExtension>
        </extensions>
      </trkpt>
      <trkpt lat="47.663938812911510467529296875" lon="18.47363990731537342071533203125">
        <ele>426</ele>
        <time>2022-05-28T08:18:52.000Z</time>
        <extensions>
          <ns3:TrackPointExtension>
            <ns3:hr>132</ns3:hr>
          </ns3:TrackPointExtension>
        </extensions>
      </trkpt>
      <trkpt lat="47.6638694107532501220703125" lon="18.4736819006502628326416015625">
        <ele>427.20001220703125</ele>
        <time>2022-05-28T08:18:58.000Z</time>
        <extensions>
          <ns3:TrackPointExtension>
            <ns3:hr>133</ns3:hr>
          </ns3:TrackPointExtension>
        </extensions>
      </trkpt>
      <trkpt lat="47.66384837217628955841064453125" lon="18.47369874827563762664794921875">
        <ele>427.600006103515625</ele>
        <time>2022-05-28T08:19:01.000Z</time>
        <extensions>
          <ns3:TrackPointExtension>
            <ns3:hr>134</ns3:hr>
          </ns3:TrackPointExtension>
        </extensions>
      </trkpt>
      <trkpt lat="47.663837559521198272705078125" lon="18.47369958646595478057861328125">
        <ele>427.79998779296875</ele>
        <time>2022-05-28T08:19:04.000Z</time>
        <extensions>
          <ns3:TrackPointExtension>
            <ns3:hr>135</ns3:hr>
          </ns3:TrackPointExtension>
        </extensions>
      </trkpt>
      <trkpt lat="47.66376824118196964263916015625" lon="18.47377301193773746490478515625">
        <ele>428.79998779296875</ele>
        <time>2022-05-28T08:19:11.000Z</time>
        <extensions>
          <ns3:TrackPointExtension>
            <ns3:hr>137</ns3:hr>
          </ns3:TrackPointExtension>
        </extensions>
      </trkpt>
      <trkpt lat="47.6636803150177001953125" lon="18.4738259017467498779296875">
        <ele>429.79998779296875</ele>
        <time>2022-05-28T08:19:17.000Z</time>
        <extensions>
          <ns3:TrackPointExtension>
            <ns3:hr>137</ns3:hr>
          </ns3:TrackPointExtension>
        </extensions>
      </trkpt>
      <trkpt lat="47.66362139023840427398681640625" lon="18.4738505445420742034912109375">
        <ele>430.600006103515625</ele>
        <time>2022-05-28T08:19:21.000Z</time>
        <extensions>
          <ns3:TrackPointExtension>
            <ns3:hr>137</ns3:hr>
          </ns3:TrackPointExtension>
        </extensions>
      </trkpt>
      <trkpt lat="47.663574703037738800048828125" lon="18.47389337606728076934814453125">
        <ele>431.20001220703125</ele>
        <time>2022-05-28T08:19:24.000Z</time>
        <extensions>
          <ns3:TrackPointExtension>
            <ns3:hr>137</ns3:hr>
          </ns3:TrackPointExtension>
        </extensions>
      </trkpt>
      <trkpt lat="47.6635188795626163482666015625" lon="18.47392824478447437286376953125">
        <ele>432</ele>
        <time>2022-05-28T08:19:28.000Z</time>
        <extensions>
          <ns3:TrackPointExtension>
            <ns3:hr>137</ns3:hr>
          </ns3:TrackPointExtension>
        </extensions>
      </trkpt>
      <trkpt lat="47.66348375938832759857177734375" lon="18.47394735552370548248291015625">
        <ele>432.399993896484375</ele>
        <time>2022-05-28T08:19:31.000Z</time>
        <extensions>
          <ns3:TrackPointExtension>
            <ns3:hr>137</ns3:hr>
          </ns3:TrackPointExtension>
        </extensions>
      </trkpt>
      <trkpt lat="47.66340916045010089874267578125" lon="18.47401273436844348907470703125">
        <ele>433.20001220703125</ele>
        <time>2022-05-28T08:19:37.000Z</time>
        <extensions>
          <ns3:TrackPointExtension>
            <ns3:hr>137</ns3:hr>
          </ns3:TrackPointExtension>
        </extensions>
      </trkpt>
      <trkpt lat="47.66335241496562957763671875" lon="18.47405564971268177032470703125">
        <ele>433.79998779296875</ele>
        <time>2022-05-28T08:19:44.000Z</time>
        <extensions>
          <ns3:TrackPointExtension>
            <ns3:hr>139</ns3:hr>
          </ns3:TrackPointExtension>
        </extensions>
      </trkpt>
      <trkpt lat="47.66329617239534854888916015625" lon="18.47410954535007476806640625">
        <ele>434.20001220703125</ele>
        <time>2022-05-28T08:19:51.000Z</time>
        <extensions>
          <ns3:TrackPointExtension>
            <ns3:hr>139</ns3:hr>
          </ns3:TrackPointExtension>
        </extensions>
      </trkpt>
      <trkpt lat="47.66323783434927463531494140625" lon="18.47417735494673252105712890625">
        <ele>434.399993896484375</ele>
        <time>2022-05-28T08:19:57.000Z</time>
        <extensions>
          <ns3:TrackPointExtension>
            <ns3:hr>140</ns3:hr>
          </ns3:TrackPointExtension>
        </extensions>
      </trkpt>
      <trkpt lat="47.6631624810397624969482421875" lon="18.4742552228271961212158203125">
        <ele>434.600006103515625</ele>
        <time>2022-05-28T08:20:02.000Z</time>
        <extensions>
          <ns3:TrackPointExtension>
            <ns3:hr>141</ns3:hr>
          </ns3:TrackPointExtension>
        </extensions>
      </trkpt>
      <trkpt lat="47.663144879043102264404296875" lon="18.47428254783153533935546875">
        <ele>434.600006103515625</ele>
        <time>2022-05-28T08:20:04.000Z</time>
        <extensions>
          <ns3:TrackPointExtension>
            <ns3:hr>142</ns3:hr>
          </ns3:TrackPointExtension>
        </extensions>
      </trkpt>
      <trkpt lat="47.66310221515595912933349609375" lon="18.4743269719183444976806640625">
        <ele>434.79998779296875</ele>
        <time>2022-05-28T08:20:09.000Z</time>
        <extensions>
          <ns3:TrackPointExtension>
            <ns3:hr>142</ns3:hr>
          </ns3:TrackPointExtension>
        </extensions>
      </trkpt>
      <trkpt lat="47.66303029842674732208251953125" lon="18.4743641875684261322021484375">
        <ele>435.600006103515625</ele>
        <time>2022-05-28T08:20:16.000Z</time>
        <extensions>
          <ns3:TrackPointExtension>
            <ns3:hr>143</ns3:hr>
          </ns3:TrackPointExtension>
        </extensions>
      </trkpt>
      <trkpt lat="47.66298218630254268646240234375" lon="18.47439327277243137359619140625">
        <ele>436</ele>
        <time>2022-05-28T08:20:22.000Z</time>
        <extensions>
          <ns3:TrackPointExtension>
            <ns3:hr>143</ns3:hr>
          </ns3:TrackPointExtension>
        </extensions>
      </trkpt>
      <trkpt lat="47.6628972776234149932861328125" lon="18.4744905866682529449462890625">
        <ele>436.600006103515625</ele>
        <time>2022-05-28T08:20:33.000Z</time>
        <extensions>
          <ns3:TrackPointExtension>
            <ns3:hr>143</ns3:hr>
          </ns3:TrackPointExtension>
        </extensions>
      </trkpt>
      <trkpt lat="47.66284011304378509521484375" lon="18.4745526127517223358154296875">
        <ele>437.20001220703125</ele>
        <time>2022-05-28T08:20:40.000Z</time>
        <extensions>
          <ns3:TrackPointExtension>
            <ns3:hr>144</ns3:hr>
          </ns3:TrackPointExtension>
        </extensions>
      </trkpt>
      <trkpt lat="47.66279476694762706756591796875" lon="18.4746277146041393280029296875">
        <ele>437.79998779296875</ele>
        <time>2022-05-28T08:20:46.000Z</time>
        <extensions>
          <ns3:TrackPointExtension>
            <ns3:hr>144</ns3:hr>
          </ns3:TrackPointExtension>
        </extensions>
      </trkpt>
      <trkpt lat="47.66272821463644504547119140625" lon="18.47470440901815891265869140625">
        <ele>438.20001220703125</ele>
        <time>2022-05-28T08:20:54.000Z</time>
        <extensions>
          <ns3:TrackPointExtension>
            <ns3:hr>144</ns3:hr>
          </ns3:TrackPointExtension>
        </extensions>
      </trkpt>
      <trkpt lat="47.66271002590656280517578125" lon="18.47473877482116222381591796875">
        <ele>438.20001220703125</ele>
        <time>2022-05-28T08:20:56.000Z</time>
        <extensions>
          <ns3:TrackPointExtension>
            <ns3:hr>144</ns3:hr>
          </ns3:TrackPointExtension>
        </extensions>
      </trkpt>
      <trkpt lat="47.6626833714544773101806640625" lon="18.4748027287423610687255859375">
        <ele>438.20001220703125</ele>
        <time>2022-05-28T08:21:01.000Z</time>
        <extensions>
          <ns3:TrackPointExtension>
            <ns3:hr>143</ns3:hr>
          </ns3:TrackPointExtension>
        </extensions>
      </trkpt>
      <trkpt lat="47.66261170618236064910888671875" lon="18.4749090112745761871337890625">
        <ele>438.20001220703125</ele>
        <time>2022-05-28T08:21:11.000Z</time>
        <extensions>
          <ns3:TrackPointExtension>
            <ns3:hr>143</ns3:hr>
          </ns3:TrackPointExtension>
        </extensions>
      </trkpt>
      <trkpt lat="47.66256074421107769012451171875" lon="18.47498905844986438751220703125">
        <ele>438</ele>
        <time>2022-05-28T08:21:17.000Z</time>
        <extensions>
          <ns3:TrackPointExtension>
            <ns3:hr>143</ns3:hr>
          </ns3:TrackPointExtension>
        </extensions>
      </trkpt>
      <trkpt lat="47.66253375448286533355712890625" lon="18.4750297106802463531494140625">
        <ele>437.79998779296875</ele>
        <time>2022-05-28T08:21:19.000Z</time>
        <extensions>
          <ns3:TrackPointExtension>
            <ns3:hr>142</ns3:hr>
          </ns3:TrackPointExtension>
        </extensions>
      </trkpt>
      <trkpt lat="47.66249276697635650634765625" lon="18.475103639066219329833984375">
        <ele>437.79998779296875</ele>
        <time>2022-05-28T08:21:25.000Z</time>
        <extensions>
          <ns3:TrackPointExtension>
            <ns3:hr>141</ns3:hr>
          </ns3:TrackPointExtension>
        </extensions>
      </trkpt>
      <trkpt lat="47.66243501566350460052490234375" lon="18.47519760020077228546142578125">
        <ele>437.600006103515625</ele>
        <time>2022-05-28T08:21:33.000Z</time>
        <extensions>
          <ns3:TrackPointExtension>
            <ns3:hr>140</ns3:hr>
          </ns3:TrackPointExtension>
        </extensions>
      </trkpt>
      <trkpt lat="47.66238790936768054962158203125" lon="18.475253172218799591064453125">
        <ele>437.399993896484375</ele>
        <time>2022-05-28T08:21:38.000Z</time>
        <extensions>
          <ns3:TrackPointExtension>
            <ns3:hr>137</ns3:hr>
          </ns3:TrackPointExtension>
        </extensions>
      </trkpt>
      <trkpt lat="47.66235454939305782318115234375" lon="18.47530203871428966522216796875">
        <ele>437.20001220703125</ele>
        <time>2022-05-28T08:21:42.000Z</time>
        <extensions>
          <ns3:TrackPointExtension>
            <ns3:hr>136</ns3:hr>
          </ns3:TrackPointExtension>
        </extensions>
      </trkpt>
      <trkpt lat="47.66234113834798336029052734375" lon="18.4753284417092800140380859375">
        <ele>437.20001220703125</ele>
        <time>2022-05-28T08:21:44.000Z</time>
        <extensions>
          <ns3:TrackPointExtension>
            <ns3:hr>136</ns3:hr>
          </ns3:TrackPointExtension>
        </extensions>
      </trkpt>
      <trkpt lat="47.662287242710590362548828125" lon="18.47537445835769176483154296875">
        <ele>437.399993896484375</ele>
        <time>2022-05-28T08:21:49.000Z</time>
        <extensions>
          <ns3:TrackPointExtension>
            <ns3:hr>135</ns3:hr>
          </ns3:TrackPointExtension>
        </extensions>
      </trkpt>
      <trkpt lat="47.66219126991927623748779296875" lon="18.4755027852952480316162109375">
        <ele>437.79998779296875</ele>
        <time>2022-05-28T08:21:58.000Z</time>
        <extensions>
          <ns3:TrackPointExtension>
            <ns3:hr>133</ns3:hr>
          </ns3:TrackPointExtension>
        </extensions>
      </trkpt>
      <trkpt lat="47.6621063612401485443115234375" lon="18.4755946509540081024169921875">
        <ele>438.20001220703125</ele>
        <time>2022-05-28T08:22:06.000Z</time>
        <extensions>
          <ns3:TrackPointExtension>
            <ns3:hr>133</ns3:hr>
          </ns3:TrackPointExtension>
        </extensions>
      </trkpt>
      <trkpt lat="47.6620830595493316650390625" lon="18.4756090678274631500244140625">
        <ele>438.399993896484375</ele>
        <time>2022-05-28T08:22:09.000Z</time>
        <extensions>
          <ns3:TrackPointExtension>
            <ns3:hr>131</ns3:hr>
          </ns3:TrackPointExtension>
        </extensions>
      </trkpt>
      <trkpt lat="47.66205179505050182342529296875" lon="18.475653491914272308349609375">
        <ele>438.20001220703125</ele>
        <time>2022-05-28T08:22:12.000Z</time>
        <extensions>
          <ns3:TrackPointExtension>
            <ns3:hr>129</ns3:hr>
          </ns3:TrackPointExtension>
        </extensions>
      </trkpt>
      <trkpt lat="47.6620428264141082763671875" lon="18.47565508447587490081787109375">
        <ele>438.20001220703125</ele>
        <time>2022-05-28T08:22:13.000Z</time>
        <extensions>
          <ns3:TrackPointExtension>
            <ns3:hr>128</ns3:hr>
          </ns3:TrackPointExtension>
        </extensions>
      </trkpt>
      <trkpt lat="47.6619903557002544403076171875" lon="18.4757022745907306671142578125">
        <ele>437.79998779296875</ele>
        <time>2022-05-28T08:22:18.000Z</time>
        <extensions>
          <ns3:TrackPointExtension>
            <ns3:hr>129</ns3:hr>
          </ns3:TrackPointExtension>
        </extensions>
      </trkpt>
      <trkpt lat="47.661936543881893157958984375" lon="18.4757436811923980712890625">
        <ele>437.79998779296875</ele>
        <time>2022-05-28T08:22:23.000Z</time>
        <extensions>
          <ns3:TrackPointExtension>
            <ns3:hr>129</ns3:hr>
          </ns3:TrackPointExtension>
        </extensions>
      </trkpt>
      <trkpt lat="47.66191005706787109375" lon="18.4757834114134311676025390625">
        <ele>437.600006103515625</ele>
        <time>2022-05-28T08:22:26.000Z</time>
        <extensions>
          <ns3:TrackPointExtension>
            <ns3:hr>129</ns3:hr>
          </ns3:TrackPointExtension>
        </extensions>
      </trkpt>
      <trkpt lat="47.6618988253176212310791015625" lon="18.475792966783046722412109375">
        <ele>437.600006103515625</ele>
        <time>2022-05-28T08:22:27.000Z</time>
        <extensions>
          <ns3:TrackPointExtension>
            <ns3:hr>129</ns3:hr>
          </ns3:TrackPointExtension>
        </extensions>
      </trkpt>
      <trkpt lat="47.66184425912797451019287109375" lon="18.47584853880107402801513671875">
        <ele>437.600006103515625</ele>
        <time>2022-05-28T08:22:32.000Z</time>
        <extensions>
          <ns3:TrackPointExtension>
            <ns3:hr>129</ns3:hr>
          </ns3:TrackPointExtension>
        </extensions>
      </trkpt>
      <trkpt lat="47.66182179562747478485107421875" lon="18.475870080292224884033203125">
        <ele>437.600006103515625</ele>
        <time>2022-05-28T08:22:34.000Z</time>
        <extensions>
          <ns3:TrackPointExtension>
            <ns3:hr>128</ns3:hr>
          </ns3:TrackPointExtension>
        </extensions>
      </trkpt>
      <trkpt lat="47.6617824845016002655029296875" lon="18.47590939141809940338134765625">
        <ele>437.79998779296875</ele>
        <time>2022-05-28T08:22:38.000Z</time>
        <extensions>
          <ns3:TrackPointExtension>
            <ns3:hr>128</ns3:hr>
          </ns3:TrackPointExtension>
        </extensions>
      </trkpt>
      <trkpt lat="47.66173412092030048370361328125" lon="18.4759956412017345428466796875">
        <ele>438</ele>
        <time>2022-05-28T08:22:43.000Z</time>
        <extensions>
          <ns3:TrackPointExtension>
            <ns3:hr>131</ns3:hr>
          </ns3:TrackPointExtension>
        </extensions>
      </trkpt>
      <trkpt lat="47.66169011592864990234375" lon="18.47602858208119869232177734375">
        <ele>438.20001220703125</ele>
        <time>2022-05-28T08:22:47.000Z</time>
        <extensions>
          <ns3:TrackPointExtension>
            <ns3:hr>131</ns3:hr>
          </ns3:TrackPointExtension>
        </extensions>
      </trkpt>
      <trkpt lat="47.66163337044417858123779296875" lon="18.476088009774684906005859375">
        <ele>438.399993896484375</ele>
        <time>2022-05-28T08:22:55.000Z</time>
        <extensions>
          <ns3:TrackPointExtension>
            <ns3:hr>132</ns3:hr>
          </ns3:TrackPointExtension>
        </extensions>
      </trkpt>
      <trkpt lat="47.6615987531840801239013671875" lon="18.47612195648252964019775390625">
        <ele>438.399993896484375</ele>
        <time>2022-05-28T08:23:00.000Z</time>
        <extensions>
          <ns3:TrackPointExtension>
            <ns3:hr>130</ns3:hr>
          </ns3:TrackPointExtension>
        </extensions>
      </trkpt>
      <trkpt lat="47.66159380786120891571044921875" lon="18.4761297516524791717529296875">
        <ele>438.399993896484375</ele>
        <time>2022-05-28T08:23:03.000Z</time>
        <extensions>
          <ns3:TrackPointExtension>
            <ns3:hr>129</ns3:hr>
          </ns3:TrackPointExtension>
        </extensions>
      </trkpt>
      <trkpt lat="47.6615799777209758758544921875" lon="18.476125560700893402099609375">
        <ele>438.399993896484375</ele>
        <time>2022-05-28T08:23:08.000Z</time>
        <extensions>
          <ns3:TrackPointExtension>
            <ns3:hr>126</ns3:hr>
          </ns3:TrackPointExtension>
        </extensions>
      </trkpt>
      <trkpt lat="47.661567740142345428466796875" lon="18.4761129878461360931396484375">
        <ele>438.600006103515625</ele>
        <time>2022-05-28T08:23:11.000Z</time>
        <extensions>
          <ns3:TrackPointExtension>
            <ns3:hr>125</ns3:hr>
          </ns3:TrackPointExtension>
        </extensions>
      </trkpt>
      <trkpt lat="47.66147897578775882720947265625" lon="18.4761143289506435394287109375">
        <ele>438.79998779296875</ele>
        <time>2022-05-28T08:23:19.000Z</time>
        <extensions>
          <ns3:TrackPointExtension>
            <ns3:hr>125</ns3:hr>
          </ns3:TrackPointExtension>
        </extensions>
      </trkpt>
      <trkpt lat="47.66141544096171855926513671875" lon="18.47612849436700344085693359375">
        <ele>439.20001220703125</ele>
        <time>2022-05-28T08:23:25.000Z</time>
        <extensions>
          <ns3:TrackPointExtension>
            <ns3:hr>125</ns3:hr>
          </ns3:TrackPointExtension>
        </extensions>
      </trkpt>
      <trkpt lat="47.661404125392436981201171875" lon="18.47613117657601833343505859375">
        <ele>439.20001220703125</ele>
        <time>2022-05-28T08:23:26.000Z</time>
        <extensions>
          <ns3:TrackPointExtension>
            <ns3:hr>125</ns3:hr>
          </ns3:TrackPointExtension>
        </extensions>
      </trkpt>
      <trkpt lat="47.6613727770745754241943359375" lon="18.47613218240439891815185546875">
        <ele>439.399993896484375</ele>
        <time>2022-05-28T08:23:29.000Z</time>
        <extensions>
          <ns3:TrackPointExtension>
            <ns3:hr>126</ns3:hr>
          </ns3:TrackPointExtension>
        </extensions>
      </trkpt>
      <trkpt lat="47.66135140322148799896240234375" lon="18.47614089958369731903076171875">
        <ele>439.600006103515625</ele>
        <time>2022-05-28T08:23:31.000Z</time>
        <extensions>
          <ns3:TrackPointExtension>
            <ns3:hr>126</ns3:hr>
          </ns3:TrackPointExtension>
        </extensions>
      </trkpt>
      <trkpt lat="47.661324329674243927001953125" lon="18.47619169391691684722900390625">
        <ele>439.79998779296875</ele>
        <time>2022-05-28T08:23:37.000Z</time>
        <extensions>
          <ns3:TrackPointExtension>
            <ns3:hr>126</ns3:hr>
          </ns3:TrackPointExtension>
        </extensions>
      </trkpt>
      <trkpt lat="47.66129113733768463134765625" lon="18.47622580826282501220703125">
        <ele>440</ele>
        <time>2022-05-28T08:23:42.000Z</time>
        <extensions>
          <ns3:TrackPointExtension>
            <ns3:hr>125</ns3:hr>
          </ns3:TrackPointExtension>
        </extensions>
      </trkpt>
      <trkpt lat="47.6612185500562191009521484375" lon="18.47635396756231784820556640625">
        <ele>439.79998779296875</ele>
        <time>2022-05-28T08:23:52.000Z</time>
        <extensions>
          <ns3:TrackPointExtension>
            <ns3:hr>123</ns3:hr>
          </ns3:TrackPointExtension>
        </extensions>
      </trkpt>
      <trkpt lat="47.66116381622850894927978515625" lon="18.47643158398568630218505859375">
        <ele>440</ele>
        <time>2022-05-28T08:23:59.000Z</time>
        <extensions>
          <ns3:TrackPointExtension>
            <ns3:hr>123</ns3:hr>
          </ns3:TrackPointExtension>
        </extensions>
      </trkpt>
      <trkpt lat="47.6611431129276752471923828125" lon="18.4764596633613109588623046875">
        <ele>440</ele>
        <time>2022-05-28T08:24:01.000Z</time>
        <extensions>
          <ns3:TrackPointExtension>
            <ns3:hr>123</ns3:hr>
          </ns3:TrackPointExtension>
        </extensions>
      </trkpt>
      <trkpt lat="47.66110262833535671234130859375" lon="18.47652219235897064208984375">
        <ele>440.20001220703125</ele>
        <time>2022-05-28T08:24:06.000Z</time>
        <extensions>
          <ns3:TrackPointExtension>
            <ns3:hr>121</ns3:hr>
          </ns3:TrackPointExtension>
        </extensions>
      </trkpt>
      <trkpt lat="47.66105535440146923065185546875" lon="18.476505763828754425048828125">
        <ele>440.399993896484375</ele>
        <time>2022-05-28T08:24:11.000Z</time>
        <extensions>
          <ns3:TrackPointExtension>
            <ns3:hr>122</ns3:hr>
          </ns3:TrackPointExtension>
        </extensions>
      </trkpt>
      <trkpt lat="47.66103557310998439788818359375" lon="18.47652110271155834197998046875">
        <ele>440.399993896484375</ele>
        <time>2022-05-28T08:24:13.000Z</time>
        <extensions>
          <ns3:TrackPointExtension>
            <ns3:hr>122</ns3:hr>
          </ns3:TrackPointExtension>
        </extensions>
      </trkpt>
      <trkpt lat="47.66098268330097198486328125" lon="18.47658061422407627105712890625">
        <ele>440.600006103515625</ele>
        <time>2022-05-28T08:24:20.000Z</time>
        <extensions>
          <ns3:TrackPointExtension>
            <ns3:hr>121</ns3:hr>
          </ns3:TrackPointExtension>
        </extensions>
      </trkpt>
      <trkpt lat="47.66096499748528003692626953125" lon="18.476590923964977264404296875">
        <ele>440.600006103515625</ele>
        <time>2022-05-28T08:24:22.000Z</time>
        <extensions>
          <ns3:TrackPointExtension>
            <ns3:hr>121</ns3:hr>
          </ns3:TrackPointExtension>
        </extensions>
      </trkpt>
      <trkpt lat="47.66088746488094329833984375" lon="18.47663694061338901519775390625">
        <ele>441</ele>
        <time>2022-05-28T08:24:30.000Z</time>
        <extensions>
          <ns3:TrackPointExtension>
            <ns3:hr>119</ns3:hr>
          </ns3:TrackPointExtension>
        </extensions>
      </trkpt>
      <trkpt lat="47.6608651690185070037841796875" lon="18.47664867527782917022705078125">
        <ele>441</ele>
        <time>2022-05-28T08:24:32.000Z</time>
        <extensions>
          <ns3:TrackPointExtension>
            <ns3:hr>119</ns3:hr>
          </ns3:TrackPointExtension>
        </extensions>
      </trkpt>
      <trkpt lat="47.66082133166491985321044921875" lon="18.4766725637018680572509765625">
        <ele>440.79998779296875</ele>
        <time>2022-05-28T08:24:37.000Z</time>
        <extensions>
          <ns3:TrackPointExtension>
            <ns3:hr>119</ns3:hr>
          </ns3:TrackPointExtension>
        </extensions>
      </trkpt>
      <trkpt lat="47.66080431640148162841796875" lon="18.47668052650988101959228515625">
        <ele>440.79998779296875</ele>
        <time>2022-05-28T08:24:39.000Z</time>
        <extensions>
          <ns3:TrackPointExtension>
            <ns3:hr>120</ns3:hr>
          </ns3:TrackPointExtension>
        </extensions>
      </trkpt>
      <trkpt lat="47.66079761087894439697265625" lon="18.4766851365566253662109375">
        <ele>440.79998779296875</ele>
        <time>2022-05-28T08:24:40.000Z</time>
        <extensions>
          <ns3:TrackPointExtension>
            <ns3:hr>120</ns3:hr>
          </ns3:TrackPointExtension>
        </extensions>
      </trkpt>
      <trkpt lat="47.660789899528026580810546875" lon="18.47669276408851146697998046875">
        <ele>440.600006103515625</ele>
        <time>2022-05-28T08:24:41.000Z</time>
        <extensions>
          <ns3:TrackPointExtension>
            <ns3:hr>120</ns3:hr>
          </ns3:TrackPointExtension>
        </extensions>
      </trkpt>
      <trkpt lat="47.6607186533510684967041015625" lon="18.47674976103007793426513671875">
        <ele>440.399993896484375</ele>
        <time>2022-05-28T08:24:47.000Z</time>
        <extensions>
          <ns3:TrackPointExtension>
            <ns3:hr>122</ns3:hr>
          </ns3:TrackPointExtension>
        </extensions>
      </trkpt>
      <trkpt lat="47.66066626645624637603759765625" lon="18.47680826671421527862548828125">
        <ele>440.20001220703125</ele>
        <time>2022-05-28T08:24:53.000Z</time>
        <extensions>
          <ns3:TrackPointExtension>
            <ns3:hr>122</ns3:hr>
          </ns3:TrackPointExtension>
        </extensions>
      </trkpt>
      <trkpt lat="47.660661153495311737060546875" lon="18.47682125866413116455078125">
        <ele>440.20001220703125</ele>
        <time>2022-05-28T08:24:54.000Z</time>
        <extensions>
          <ns3:TrackPointExtension>
            <ns3:hr>125</ns3:hr>
          </ns3:TrackPointExtension>
        </extensions>
      </trkpt>
      <trkpt lat="47.66064380295574665069580078125" lon="18.4768482483923435211181640625">
        <ele>440.20001220703125</ele>
        <time>2022-05-28T08:24:56.000Z</time>
        <extensions>
          <ns3:TrackPointExtension>
            <ns3:hr>122</ns3:hr>
          </ns3:TrackPointExtension>
        </extensions>
      </trkpt>
      <trkpt lat="47.66059912741184234619140625" lon="18.47688856534659862518310546875">
        <ele>440</ele>
        <time>2022-05-28T08:25:00.000Z</time>
        <extensions>
          <ns3:TrackPointExtension>
            <ns3:hr>122</ns3:hr>
          </ns3:TrackPointExtension>
        </extensions>
      </trkpt>
      <trkpt lat="47.66058504581451416015625" lon="18.476908765733242034912109375">
        <ele>440</ele>
        <time>2022-05-28T08:25:02.000Z</time>
        <extensions>
          <ns3:TrackPointExtension>
            <ns3:hr>121</ns3:hr>
          </ns3:TrackPointExtension>
        </extensions>
      </trkpt>
      <trkpt lat="47.66055227257311344146728515625" lon="18.47693298943340778350830078125">
        <ele>440</ele>
        <time>2022-05-28T08:25:05.000Z</time>
        <extensions>
          <ns3:TrackPointExtension>
            <ns3:hr>121</ns3:hr>
          </ns3:TrackPointExtension>
        </extensions>
      </trkpt>
      <trkpt lat="47.660472057759761810302734375" lon="18.4769957698881626129150390625">
        <ele>440</ele>
        <time>2022-05-28T08:25:13.000Z</time>
        <extensions>
          <ns3:TrackPointExtension>
            <ns3:hr>119</ns3:hr>
          </ns3:TrackPointExtension>
        </extensions>
      </trkpt>
      <trkpt lat="47.66046610660851001739501953125" lon="18.47700205631554126739501953125">
        <ele>440</ele>
        <time>2022-05-28T08:25:19.000Z</time>
        <extensions>
          <ns3:TrackPointExtension>
            <ns3:hr>118</ns3:hr>
          </ns3:TrackPointExtension>
        </extensions>
      </trkpt>
      <trkpt lat="47.66045705415308475494384765625" lon="18.47689594142138957977294921875">
        <ele>440.20001220703125</ele>
        <time>2022-05-28T08:25:25.000Z</time>
        <extensions>
          <ns3:TrackPointExtension>
            <ns3:hr>117</ns3:hr>
          </ns3:TrackPointExtension>
        </extensions>
      </trkpt>
      <trkpt lat="47.66051908023655414581298828125" lon="18.47683425061404705047607421875">
        <ele>440.20001220703125</ele>
        <time>2022-05-28T08:25:32.000Z</time>
        <extensions>
          <ns3:TrackPointExtension>
            <ns3:hr>115</ns3:hr>
          </ns3:TrackPointExtension>
        </extensions>
      </trkpt>
      <trkpt lat="47.660528384149074554443359375" lon="18.47676870413124561309814453125">
        <ele>440.20001220703125</ele>
        <time>2022-05-28T08:25:37.000Z</time>
        <extensions>
          <ns3:TrackPointExtension>
            <ns3:hr>115</ns3:hr>
          </ns3:TrackPointExtension>
        </extensions>
      </trkpt>
      <trkpt lat="47.66062268055975437164306640625" lon="18.47669779323041439056396484375">
        <ele>440</ele>
        <time>2022-05-28T08:25:44.000Z</time>
        <extensions>
          <ns3:TrackPointExtension>
            <ns3:hr>114</ns3:hr>
          </ns3:TrackPointExtension>
        </extensions>
      </trkpt>
      <trkpt lat="47.66063257120549678802490234375" lon="18.4766842983663082122802734375">
        <ele>440.20001220703125</ele>
        <time>2022-05-28T08:25:45.000Z</time>
        <extensions>
          <ns3:TrackPointExtension>
            <ns3:hr>113</ns3:hr>
          </ns3:TrackPointExtension>
        </extensions>
      </trkpt>
      <trkpt lat="47.6607122831046581268310546875" lon="18.47665001638233661651611328125">
        <ele>440.399993896484375</ele>
        <time>2022-05-28T08:25:50.000Z</time>
        <extensions>
          <ns3:TrackPointExtension>
            <ns3:hr>113</ns3:hr>
          </ns3:TrackPointExtension>
        </extensions>
      </trkpt>
      <trkpt lat="47.66075603663921356201171875" lon="18.47662537358701229095458984375">
        <ele>440.600006103515625</ele>
        <time>2022-05-28T08:25:54.000Z</time>
        <extensions>
          <ns3:TrackPointExtension>
            <ns3:hr>116</ns3:hr>
          </ns3:TrackPointExtension>
        </extensions>
      </trkpt>
      <trkpt lat="47.6607937552034854888916015625" lon="18.47659737803041934967041015625">
        <ele>441</ele>
        <time>2022-05-28T08:25:58.000Z</time>
        <extensions>
          <ns3:TrackPointExtension>
            <ns3:hr>118</ns3:hr>
          </ns3:TrackPointExtension>
        </extensions>
      </trkpt>
      <trkpt lat="47.66083491034805774688720703125" lon="18.4765146486461162567138671875">
        <ele>441</ele>
        <time>2022-05-28T08:26:05.000Z</time>
        <extensions>
          <ns3:TrackPointExtension>
            <ns3:hr>119</ns3:hr>
          </ns3:TrackPointExtension>
        </extensions>
      </trkpt>
      <trkpt lat="47.660836838185787200927734375" lon="18.476505093276500701904296875">
        <ele>441</ele>
        <time>2022-05-28T08:26:06.000Z</time>
        <extensions>
          <ns3:TrackPointExtension>
            <ns3:hr>116</ns3:hr>
          </ns3:TrackPointExtension>
        </extensions>
      </trkpt>
      <trkpt lat="47.6608698628842830657958984375" lon="18.4764512814581394195556640625">
        <ele>441</ele>
        <time>2022-05-28T08:26:10.000Z</time>
        <extensions>
          <ns3:TrackPointExtension>
            <ns3:hr>119</ns3:hr>
          </ns3:TrackPointExtension>
        </extensions>
      </trkpt>
      <trkpt lat="47.66087363474071025848388671875" lon="18.4763926081359386444091796875">
        <ele>441</ele>
        <time>2022-05-28T08:26:13.000Z</time>
        <extensions>
          <ns3:TrackPointExtension>
            <ns3:hr>119</ns3:hr>
          </ns3:TrackPointExtension>
        </extensions>
      </trkpt>
      <trkpt lat="47.6608795858919620513916015625" lon="18.47630501724779605865478515625">
        <ele>441</ele>
        <time>2022-05-28T08:26:19.000Z</time>
        <extensions>
          <ns3:TrackPointExtension>
            <ns3:hr>119</ns3:hr>
          </ns3:TrackPointExtension>
        </extensions>
      </trkpt>
      <trkpt lat="47.6608688570559024810791015625" lon="18.4762950427830219268798828125">
        <ele>441</ele>
        <time>2022-05-28T08:26:20.000Z</time>
        <extensions>
          <ns3:TrackPointExtension>
            <ns3:hr>118</ns3:hr>
          </ns3:TrackPointExtension>
        </extensions>
      </trkpt>
      <trkpt lat="47.66086332499980926513671875" lon="18.4762940369546413421630859375">
        <ele>441</ele>
        <time>2022-05-28T08:26:21.000Z</time>
        <extensions>
          <ns3:TrackPointExtension>
            <ns3:hr>119</ns3:hr>
          </ns3:TrackPointExtension>
        </extensions>
      </trkpt>
      <trkpt lat="47.66080440022051334381103515625" lon="18.4762916900217533111572265625">
        <ele>441</ele>
        <time>2022-05-28T08:26:27.000Z</time>
        <extensions>
          <ns3:TrackPointExtension>
            <ns3:hr>118</ns3:hr>
          </ns3:TrackPointExtension>
        </extensions>
      </trkpt>
      <trkpt lat="47.66079383902251720428466796875" lon="18.4762849844992160797119140625">
        <ele>441</ele>
        <time>2022-05-28T08:26:28.000Z</time>
        <extensions>
          <ns3:TrackPointExtension>
            <ns3:hr>120</ns3:hr>
          </ns3:TrackPointExtension>
        </extensions>
      </trkpt>
      <trkpt lat="47.66072041355073451995849609375" lon="18.476277105510234832763671875">
        <ele>441</ele>
        <time>2022-05-28T08:26:34.000Z</time>
        <extensions>
          <ns3:TrackPointExtension>
            <ns3:hr>119</ns3:hr>
          </ns3:TrackPointExtension>
        </extensions>
      </trkpt>
      <trkpt lat="47.66060449182987213134765625" lon="18.47628171555697917938232421875">
        <ele>441</ele>
        <time>2022-05-28T08:26:44.000Z</time>
        <extensions>
          <ns3:TrackPointExtension>
            <ns3:hr>119</ns3:hr>
          </ns3:TrackPointExtension>
        </extensions>
      </trkpt>
      <trkpt lat="47.66053299419581890106201171875" lon="18.4762937016785144805908203125">
        <ele>441.399993896484375</ele>
        <time>2022-05-28T08:26:51.000Z</time>
        <extensions>
          <ns3:TrackPointExtension>
            <ns3:hr>118</ns3:hr>
          </ns3:TrackPointExtension>
        </extensions>
      </trkpt>
      <trkpt lat="47.6604537852108478546142578125" lon="18.4763262234628200531005859375">
        <ele>441.79998779296875</ele>
        <time>2022-05-28T08:26:59.000Z</time>
        <extensions>
          <ns3:TrackPointExtension>
            <ns3:hr>116</ns3:hr>
          </ns3:TrackPointExtension>
        </extensions>
      </trkpt>
      <trkpt lat="47.66035160981118679046630859375" lon="18.47638607025146484375">
        <ele>441.79998779296875</ele>
        <time>2022-05-28T08:27:08.000Z</time>
        <extensions>
          <ns3:TrackPointExtension>
            <ns3:hr>117</ns3:hr>
          </ns3:TrackPointExtension>
        </extensions>
      </trkpt>
      <trkpt lat="47.66025354154407978057861328125" lon="18.47641264088451862335205078125">
        <ele>441.79998779296875</ele>
        <time>2022-05-28T08:27:17.000Z</time>
        <extensions>
          <ns3:TrackPointExtension>
            <ns3:hr>117</ns3:hr>
          </ns3:TrackPointExtension>
        </extensions>
      </trkpt>
      <trkpt lat="47.66022898256778717041015625" lon="18.47641381435096263885498046875">
        <ele>441.79998779296875</ele>
        <time>2022-05-28T08:27:24.000Z</time>
        <extensions>
          <ns3:TrackPointExtension>
            <ns3:hr>117</ns3:hr>
          </ns3:TrackPointExtension>
        </extensions>
      </trkpt>
      <trkpt lat="47.66018447466194629669189453125" lon="18.476425968110561370849609375">
        <ele>441.79998779296875</ele>
        <time>2022-05-28T08:27:32.000Z</time>
        <extensions>
          <ns3:TrackPointExtension>
            <ns3:hr>118</ns3:hr>
          </ns3:TrackPointExtension>
        </extensions>
      </trkpt>
      <trkpt lat="47.66014440916478633880615234375" lon="18.47643493674695491790771484375">
        <ele>441.79998779296875</ele>
        <time>2022-05-28T08:27:37.000Z</time>
        <extensions>
          <ns3:TrackPointExtension>
            <ns3:hr>121</ns3:hr>
          </ns3:TrackPointExtension>
        </extensions>
      </trkpt>
      <trkpt lat="47.66011322848498821258544921875" lon="18.476437032222747802734375">
        <ele>441.79998779296875</ele>
        <time>2022-05-28T08:27:40.000Z</time>
        <extensions>
          <ns3:TrackPointExtension>
            <ns3:hr>121</ns3:hr>
          </ns3:TrackPointExtension>
        </extensions>
      </trkpt>
      <trkpt lat="47.66004583798348903656005859375" lon="18.476443402469158172607421875">
        <ele>441.79998779296875</ele>
        <time>2022-05-28T08:27:47.000Z</time>
        <extensions>
          <ns3:TrackPointExtension>
            <ns3:hr>121</ns3:hr>
          </ns3:TrackPointExtension>
        </extensions>
      </trkpt>
      <trkpt lat="47.6600229553878307342529296875" lon="18.4764492698013782501220703125">
        <ele>441.79998779296875</ele>
        <time>2022-05-28T08:27:49.000Z</time>
        <extensions>
          <ns3:TrackPointExtension>
            <ns3:hr>121</ns3:hr>
          </ns3:TrackPointExtension>
        </extensions>
      </trkpt>
      <trkpt lat="47.65996671281754970550537109375" lon="18.476448766887187957763671875">
        <ele>441.79998779296875</ele>
        <time>2022-05-28T08:27:53.000Z</time>
        <extensions>
          <ns3:TrackPointExtension>
            <ns3:hr>123</ns3:hr>
          </ns3:TrackPointExtension>
        </extensions>
      </trkpt>
      <trkpt lat="47.65982690267264842987060546875" lon="18.47643543966114521026611328125">
        <ele>441.79998779296875</ele>
        <time>2022-05-28T08:28:02.000Z</time>
        <extensions>
          <ns3:TrackPointExtension>
            <ns3:hr>123</ns3:hr>
          </ns3:TrackPointExtension>
        </extensions>
      </trkpt>
      <trkpt lat="47.6597771979868412017822265625" lon="18.47644113935530185699462890625">
        <ele>441.79998779296875</ele>
        <time>2022-05-28T08:28:06.000Z</time>
        <extensions>
          <ns3:TrackPointExtension>
            <ns3:hr>122</ns3:hr>
          </ns3:TrackPointExtension>
        </extensions>
      </trkpt>
      <trkpt lat="47.659729756414890289306640625" lon="18.4764361940324306488037109375">
        <ele>442</ele>
        <time>2022-05-28T08:28:09.000Z</time>
        <extensions>
          <ns3:TrackPointExtension>
            <ns3:hr>122</ns3:hr>
          </ns3:TrackPointExtension>
        </extensions>
      </trkpt>
      <trkpt lat="47.65956890769302845001220703125" lon="18.4764620102941989898681640625">
        <ele>442.399993896484375</ele>
        <time>2022-05-28T08:28:20.000Z</time>
        <extensions>
          <ns3:TrackPointExtension>
            <ns3:hr>121</ns3:hr>
          </ns3:TrackPointExtension>
        </extensions>
      </trkpt>
      <trkpt lat="47.659504115581512451171875" lon="18.4764958731830120086669921875">
        <ele>442.20001220703125</ele>
        <time>2022-05-28T08:28:25.000Z</time>
        <extensions>
          <ns3:TrackPointExtension>
            <ns3:hr>118</ns3:hr>
          </ns3:TrackPointExtension>
        </extensions>
      </trkpt>
      <trkpt lat="47.65949179418385028839111328125" lon="18.47650869749486446380615234375">
        <ele>442</ele>
        <time>2022-05-28T08:28:26.000Z</time>
        <extensions>
          <ns3:TrackPointExtension>
            <ns3:hr>117</ns3:hr>
          </ns3:TrackPointExtension>
        </extensions>
      </trkpt>
      <trkpt lat="47.65947503037750720977783203125" lon="18.47649880684912204742431640625">
        <ele>442.20001220703125</ele>
        <time>2022-05-28T08:28:28.000Z</time>
        <extensions>
          <ns3:TrackPointExtension>
            <ns3:hr>118</ns3:hr>
          </ns3:TrackPointExtension>
        </extensions>
      </trkpt>
      <trkpt lat="47.65944175422191619873046875" lon="18.4764841385185718536376953125">
        <ele>442.399993896484375</ele>
        <time>2022-05-28T08:28:31.000Z</time>
        <extensions>
          <ns3:TrackPointExtension>
            <ns3:hr>115</ns3:hr>
          </ns3:TrackPointExtension>
        </extensions>
      </trkpt>
      <trkpt lat="47.6594338752329349517822265625" lon="18.476477600634098052978515625">
        <ele>442.600006103515625</ele>
        <time>2022-05-28T08:28:32.000Z</time>
        <extensions>
          <ns3:TrackPointExtension>
            <ns3:hr>114</ns3:hr>
          </ns3:TrackPointExtension>
        </extensions>
      </trkpt>
      <trkpt lat="47.6593701727688312530517578125" lon="18.47644935362040996551513671875">
        <ele>443</ele>
        <time>2022-05-28T08:28:38.000Z</time>
        <extensions>
          <ns3:TrackPointExtension>
            <ns3:hr>112</ns3:hr>
          </ns3:TrackPointExtension>
        </extensions>
      </trkpt>
      <trkpt lat="47.65937193296849727630615234375" lon="18.476434685289859771728515625">
        <ele>443</ele>
        <time>2022-05-28T08:28:43.000Z</time>
        <extensions>
          <ns3:TrackPointExtension>
            <ns3:hr>113</ns3:hr>
          </ns3:TrackPointExtension>
        </extensions>
      </trkpt>
      <trkpt lat="47.65933605842292308807373046875" lon="18.47641482017934322357177734375">
        <ele>443.399993896484375</ele>
        <time>2022-05-28T08:28:48.000Z</time>
        <extensions>
          <ns3:TrackPointExtension>
            <ns3:hr>112</ns3:hr>
          </ns3:TrackPointExtension>
        </extensions>
      </trkpt>
      <trkpt lat="47.659301273524761199951171875" lon="18.476335443556308746337890625">
        <ele>443.79998779296875</ele>
        <time>2022-05-28T08:28:54.000Z</time>
        <extensions>
          <ns3:TrackPointExtension>
            <ns3:hr>113</ns3:hr>
          </ns3:TrackPointExtension>
        </extensions>
      </trkpt>
      <trkpt lat="47.659260369837284088134765625" lon="18.4762953780591487884521484375">
        <ele>444.20001220703125</ele>
        <time>2022-05-28T08:29:00.000Z</time>
        <extensions>
          <ns3:TrackPointExtension>
            <ns3:hr>112</ns3:hr>
          </ns3:TrackPointExtension>
        </extensions>
      </trkpt>
      <trkpt lat="47.65921200625598430633544921875" lon="18.47628339193761348724365234375">
        <ele>444.399993896484375</ele>
        <time>2022-05-28T08:29:05.000Z</time>
        <extensions>
          <ns3:TrackPointExtension>
            <ns3:hr>114</ns3:hr>
          </ns3:TrackPointExtension>
        </extensions>
      </trkpt>
      <trkpt lat="47.6592021994292736053466796875" lon="18.4762782789766788482666015625">
        <ele>444.399993896484375</ele>
        <time>2022-05-28T08:29:06.000Z</time>
        <extensions>
          <ns3:TrackPointExtension>
            <ns3:hr>115</ns3:hr>
          </ns3:TrackPointExtension>
        </extensions>
      </trkpt>
      <trkpt lat="47.659173868596553802490234375" lon="18.47627165727317333221435546875">
        <ele>444.600006103515625</ele>
        <time>2022-05-28T08:29:09.000Z</time>
        <extensions>
          <ns3:TrackPointExtension>
            <ns3:hr>119</ns3:hr>
          </ns3:TrackPointExtension>
        </extensions>
      </trkpt>
      <trkpt lat="47.65913866460323333740234375" lon="18.47627299837768077850341796875">
        <ele>445</ele>
        <time>2022-05-28T08:29:12.000Z</time>
        <extensions>
          <ns3:TrackPointExtension>
            <ns3:hr>122</ns3:hr>
          </ns3:TrackPointExtension>
        </extensions>
      </trkpt>
      <trkpt lat="47.6591058075428009033203125" lon="18.47628657706081867218017578125">
        <ele>445</ele>
        <time>2022-05-28T08:29:16.000Z</time>
        <extensions>
          <ns3:TrackPointExtension>
            <ns3:hr>125</ns3:hr>
          </ns3:TrackPointExtension>
        </extensions>
      </trkpt>
      <trkpt lat="47.65905442647635936737060546875" lon="18.4763131476938724517822265625">
        <ele>445</ele>
        <time>2022-05-28T08:29:22.000Z</time>
        <extensions>
          <ns3:TrackPointExtension>
            <ns3:hr>127</ns3:hr>
          </ns3:TrackPointExtension>
        </extensions>
      </trkpt>
      <trkpt lat="47.65902324579656124114990234375" lon="18.47633175551891326904296875">
        <ele>445</ele>
        <time>2022-05-28T08:29:24.000Z</time>
        <extensions>
          <ns3:TrackPointExtension>
            <ns3:hr>127</ns3:hr>
          </ns3:TrackPointExtension>
        </extensions>
      </trkpt>
      <trkpt lat="47.6589488983154296875" lon="18.4763527102768421173095703125">
        <ele>445.20001220703125</ele>
        <time>2022-05-28T08:29:29.000Z</time>
        <extensions>
          <ns3:TrackPointExtension>
            <ns3:hr>126</ns3:hr>
          </ns3:TrackPointExtension>
        </extensions>
      </trkpt>
      <trkpt lat="47.6589292846620082855224609375" lon="18.4763523750007152557373046875">
        <ele>445.20001220703125</ele>
        <time>2022-05-28T08:29:30.000Z</time>
        <extensions>
          <ns3:TrackPointExtension>
            <ns3:hr>126</ns3:hr>
          </ns3:TrackPointExtension>
        </extensions>
      </trkpt>
      <trkpt lat="47.65883884392678737640380859375" lon="18.47639872692525386810302734375">
        <ele>445.600006103515625</ele>
        <time>2022-05-28T08:29:37.000Z</time>
        <extensions>
          <ns3:TrackPointExtension>
            <ns3:hr>127</ns3:hr>
          </ns3:TrackPointExtension>
        </extensions>
      </trkpt>
      <trkpt lat="47.65880296938121318817138671875" lon="18.47642789594829082489013671875">
        <ele>445.79998779296875</ele>
        <time>2022-05-28T08:29:41.000Z</time>
        <extensions>
          <ns3:TrackPointExtension>
            <ns3:hr>123</ns3:hr>
          </ns3:TrackPointExtension>
        </extensions>
      </trkpt>
      <trkpt lat="47.65877178870141506195068359375" lon="18.4764653630554676055908203125">
        <ele>445.79998779296875</ele>
        <time>2022-05-28T08:29:44.000Z</time>
        <extensions>
          <ns3:TrackPointExtension>
            <ns3:hr>124</ns3:hr>
          </ns3:TrackPointExtension>
        </extensions>
      </trkpt>
      <trkpt lat="47.65869266353547573089599609375" lon="18.47650475800037384033203125">
        <ele>446.20001220703125</ele>
        <time>2022-05-28T08:29:53.000Z</time>
        <extensions>
          <ns3:TrackPointExtension>
            <ns3:hr>124</ns3:hr>
          </ns3:TrackPointExtension>
        </extensions>
      </trkpt>
      <trkpt lat="47.6586731337010860443115234375" lon="18.47651724703609943389892578125">
        <ele>446.399993896484375</ele>
        <time>2022-05-28T08:29:55.000Z</time>
        <extensions>
          <ns3:TrackPointExtension>
            <ns3:hr>125</ns3:hr>
          </ns3:TrackPointExtension>
        </extensions>
      </trkpt>
      <trkpt lat="47.65862728469073772430419921875" lon="18.47657122649252414703369140625">
        <ele>446.399993896484375</ele>
        <time>2022-05-28T08:30:00.000Z</time>
        <extensions>
          <ns3:TrackPointExtension>
            <ns3:hr>124</ns3:hr>
          </ns3:TrackPointExtension>
        </extensions>
      </trkpt>
      <trkpt lat="47.65859895385801792144775390625" lon="18.476603329181671142578125">
        <ele>446.399993896484375</ele>
        <time>2022-05-28T08:30:04.000Z</time>
        <extensions>
          <ns3:TrackPointExtension>
            <ns3:hr>122</ns3:hr>
          </ns3:TrackPointExtension>
        </extensions>
      </trkpt>
      <trkpt lat="47.6585708744823932647705078125" lon="18.47661313600838184356689453125">
        <ele>446.399993896484375</ele>
        <time>2022-05-28T08:30:07.000Z</time>
        <extensions>
          <ns3:TrackPointExtension>
            <ns3:hr>124</ns3:hr>
          </ns3:TrackPointExtension>
        </extensions>
      </trkpt>
      <trkpt lat="47.6584736444056034088134765625" lon="18.47668354399502277374267578125">
        <ele>446.399993896484375</ele>
        <time>2022-05-28T08:30:16.000Z</time>
        <extensions>
          <ns3:TrackPointExtension>
            <ns3:hr>121</ns3:hr>
          </ns3:TrackPointExtension>
        </extensions>
      </trkpt>
      <trkpt lat="47.658462412655353546142578125" lon="18.476690836250782012939453125">
        <ele>446.399993896484375</ele>
        <time>2022-05-28T08:30:17.000Z</time>
        <extensions>
          <ns3:TrackPointExtension>
            <ns3:hr>121</ns3:hr>
          </ns3:TrackPointExtension>
        </extensions>
      </trkpt>
      <trkpt lat="47.65839057974517345428466796875" lon="18.47675395198166370391845703125">
        <ele>446.20001220703125</ele>
        <time>2022-05-28T08:30:24.000Z</time>
        <extensions>
          <ns3:TrackPointExtension>
            <ns3:hr>119</ns3:hr>
          </ns3:TrackPointExtension>
        </extensions>
      </trkpt>
      <trkpt lat="47.65836459584534168243408203125" lon="18.4768003039062023162841796875">
        <ele>446</ele>
        <time>2022-05-28T08:30:31.000Z</time>
        <extensions>
          <ns3:TrackPointExtension>
            <ns3:hr>117</ns3:hr>
          </ns3:TrackPointExtension>
        </extensions>
      </trkpt>
      <trkpt lat="47.65835101716220378875732421875" lon="18.4767815284430980682373046875">
        <ele>446.399993896484375</ele>
        <time>2022-05-28T08:30:36.000Z</time>
        <extensions>
          <ns3:TrackPointExtension>
            <ns3:hr>117</ns3:hr>
          </ns3:TrackPointExtension>
        </extensions>
      </trkpt>
      <trkpt lat="47.65833894722163677215576171875" lon="18.476756550371646881103515625">
        <ele>446.600006103515625</ele>
        <time>2022-05-28T08:30:41.000Z</time>
        <extensions>
          <ns3:TrackPointExtension>
            <ns3:hr>117</ns3:hr>
          </ns3:TrackPointExtension>
        </extensions>
      </trkpt>
      <trkpt lat="47.6582885719835758209228515625" lon="18.47683089785277843475341796875">
        <ele>446.399993896484375</ele>
        <time>2022-05-28T08:30:48.000Z</time>
        <extensions>
          <ns3:TrackPointExtension>
            <ns3:hr>117</ns3:hr>
          </ns3:TrackPointExtension>
        </extensions>
      </trkpt>
      <trkpt lat="47.65824238769710063934326171875" lon="18.4768851287662982940673828125">
        <ele>446.399993896484375</ele>
        <time>2022-05-28T08:30:54.000Z</time>
        <extensions>
          <ns3:TrackPointExtension>
            <ns3:hr>117</ns3:hr>
          </ns3:TrackPointExtension>
        </extensions>
      </trkpt>
      <trkpt lat="47.6581745781004428863525390625" lon="18.4769672714173793792724609375">
        <ele>446</ele>
        <time>2022-05-28T08:31:00.000Z</time>
        <extensions>
          <ns3:TrackPointExtension>
            <ns3:hr>116</ns3:hr>
          </ns3:TrackPointExtension>
        </extensions>
      </trkpt>
      <trkpt lat="47.65814046375453472137451171875" lon="18.47702535800635814666748046875">
        <ele>445.600006103515625</ele>
        <time>2022-05-28T08:31:04.000Z</time>
        <extensions>
          <ns3:TrackPointExtension>
            <ns3:hr>115</ns3:hr>
          </ns3:TrackPointExtension>
        </extensions>
      </trkpt>
      <trkpt lat="47.65811582095921039581298828125" lon="18.4770579636096954345703125">
        <ele>445.600006103515625</ele>
        <time>2022-05-28T08:31:06.000Z</time>
        <extensions>
          <ns3:TrackPointExtension>
            <ns3:hr>115</ns3:hr>
          </ns3:TrackPointExtension>
        </extensions>
      </trkpt>
      <trkpt lat="47.65809402801096439361572265625" lon="18.47707447595894336700439453125">
        <ele>445.600006103515625</ele>
        <time>2022-05-28T08:31:08.000Z</time>
        <extensions>
          <ns3:TrackPointExtension>
            <ns3:hr>117</ns3:hr>
          </ns3:TrackPointExtension>
        </extensions>
      </trkpt>
      <trkpt lat="47.6580490171909332275390625" lon="18.4771107695996761322021484375">
        <ele>445.399993896484375</ele>
        <time>2022-05-28T08:31:14.000Z</time>
        <extensions>
          <ns3:TrackPointExtension>
            <ns3:hr>114</ns3:hr>
          </ns3:TrackPointExtension>
        </extensions>
      </trkpt>
      <trkpt lat="47.6580304093658924102783203125" lon="18.47712912596762180328369140625">
        <ele>445.20001220703125</ele>
        <time>2022-05-28T08:31:16.000Z</time>
        <extensions>
          <ns3:TrackPointExtension>
            <ns3:hr>114</ns3:hr>
          </ns3:TrackPointExtension>
        </extensions>
      </trkpt>
      <trkpt lat="47.65796628780663013458251953125" lon="18.47719383426010608673095703125">
        <ele>444.79998779296875</ele>
        <time>2022-05-28T08:31:22.000Z</time>
        <extensions>
          <ns3:TrackPointExtension>
            <ns3:hr>113</ns3:hr>
          </ns3:TrackPointExtension>
        </extensions>
      </trkpt>
      <trkpt lat="47.6579586602747440338134765625" lon="18.47720908932387828826904296875">
        <ele>444.600006103515625</ele>
        <time>2022-05-28T08:31:23.000Z</time>
        <extensions>
          <ns3:TrackPointExtension>
            <ns3:hr>116</ns3:hr>
          </ns3:TrackPointExtension>
        </extensions>
      </trkpt>
      <trkpt lat="47.65795438550412654876708984375" lon="18.4772242605686187744140625">
        <ele>444.399993896484375</ele>
        <time>2022-05-28T08:31:24.000Z</time>
        <extensions>
          <ns3:TrackPointExtension>
            <ns3:hr>113</ns3:hr>
          </ns3:TrackPointExtension>
        </extensions>
      </trkpt>
      <trkpt lat="47.657948099076747894287109375" lon="18.47724194638431072235107421875">
        <ele>444.399993896484375</ele>
        <time>2022-05-28T08:31:25.000Z</time>
        <extensions>
          <ns3:TrackPointExtension>
            <ns3:hr>113</ns3:hr>
          </ns3:TrackPointExtension>
        </extensions>
      </trkpt>
      <trkpt lat="47.65793091617524623870849609375" lon="18.47729776985943317413330078125">
        <ele>444</ele>
        <time>2022-05-28T08:31:29.000Z</time>
        <extensions>
          <ns3:TrackPointExtension>
            <ns3:hr>113</ns3:hr>
          </ns3:TrackPointExtension>
        </extensions>
      </trkpt>
      <trkpt lat="47.65787207521498203277587890625" lon="18.47739793360233306884765625">
        <ele>443.600006103515625</ele>
        <time>2022-05-28T08:31:37.000Z</time>
        <extensions>
          <ns3:TrackPointExtension>
            <ns3:hr>115</ns3:hr>
          </ns3:TrackPointExtension>
        </extensions>
      </trkpt>
      <trkpt lat="47.657833434641361236572265625" lon="18.47746876068413257598876953125">
        <ele>443.20001220703125</ele>
        <time>2022-05-28T08:31:41.000Z</time>
        <extensions>
          <ns3:TrackPointExtension>
            <ns3:hr>116</ns3:hr>
          </ns3:TrackPointExtension>
        </extensions>
      </trkpt>
      <trkpt lat="47.65780485235154628753662109375" lon="18.477509915828704833984375">
        <ele>443</ele>
        <time>2022-05-28T08:31:44.000Z</time>
        <extensions>
          <ns3:TrackPointExtension>
            <ns3:hr>115</ns3:hr>
          </ns3:TrackPointExtension>
        </extensions>
      </trkpt>
      <trkpt lat="47.65778104774653911590576171875" lon="18.47754872404038906097412109375">
        <ele>443</ele>
        <time>2022-05-28T08:31:47.000Z</time>
        <extensions>
          <ns3:TrackPointExtension>
            <ns3:hr>114</ns3:hr>
          </ns3:TrackPointExtension>
        </extensions>
      </trkpt>
      <trkpt lat="47.657769732177257537841796875" lon="18.477579653263092041015625">
        <ele>442.79998779296875</ele>
        <time>2022-05-28T08:31:49.000Z</time>
        <extensions>
          <ns3:TrackPointExtension>
            <ns3:hr>113</ns3:hr>
          </ns3:TrackPointExtension>
        </extensions>
      </trkpt>
      <trkpt lat="47.65776428394019603729248046875" lon="18.47759247757494449615478515625">
        <ele>442.79998779296875</ele>
        <time>2022-05-28T08:31:50.000Z</time>
        <extensions>
          <ns3:TrackPointExtension>
            <ns3:hr>113</ns3:hr>
          </ns3:TrackPointExtension>
        </extensions>
      </trkpt>
      <trkpt lat="47.65774819068610668182373046875" lon="18.47761695273220539093017578125">
        <ele>442.79998779296875</ele>
        <time>2022-05-28T08:31:52.000Z</time>
        <extensions>
          <ns3:TrackPointExtension>
            <ns3:hr>113</ns3:hr>
          </ns3:TrackPointExtension>
        </extensions>
      </trkpt>
      <trkpt lat="47.6577336899936199188232421875" lon="18.47763530910015106201171875">
        <ele>442.79998779296875</ele>
        <time>2022-05-28T08:31:55.000Z</time>
        <extensions>
          <ns3:TrackPointExtension>
            <ns3:hr>113</ns3:hr>
          </ns3:TrackPointExtension>
        </extensions>
      </trkpt>
      <trkpt lat="47.65768356621265411376953125" lon="18.4777065552771091461181640625">
        <ele>442.79998779296875</ele>
        <time>2022-05-28T08:32:01.000Z</time>
        <extensions>
          <ns3:TrackPointExtension>
            <ns3:hr>112</ns3:hr>
          </ns3:TrackPointExtension>
        </extensions>
      </trkpt>
      <trkpt lat="47.657648362219333648681640625" lon="18.47773991525173187255859375">
        <ele>442.79998779296875</ele>
        <time>2022-05-28T08:32:04.000Z</time>
        <extensions>
          <ns3:TrackPointExtension>
            <ns3:hr>111</ns3:hr>
          </ns3:TrackPointExtension>
        </extensions>
      </trkpt>
      <trkpt lat="47.65762765891849994659423828125" lon="18.47776807844638824462890625">
        <ele>442.79998779296875</ele>
        <time>2022-05-28T08:32:07.000Z</time>
        <extensions>
          <ns3:TrackPointExtension>
            <ns3:hr>110</ns3:hr>
          </ns3:TrackPointExtension>
        </extensions>
      </trkpt>
      <trkpt lat="47.6575965620577335357666015625" lon="18.477788865566253662109375">
        <ele>442.600006103515625</ele>
        <time>2022-05-28T08:32:10.000Z</time>
        <extensions>
          <ns3:TrackPointExtension>
            <ns3:hr>107</ns3:hr>
          </ns3:TrackPointExtension>
        </extensions>
      </trkpt>
      <trkpt lat="47.65754853375256061553955078125" lon="18.477828092873096466064453125">
        <ele>442.79998779296875</ele>
        <time>2022-05-28T08:32:14.000Z</time>
        <extensions>
          <ns3:TrackPointExtension>
            <ns3:hr>107</ns3:hr>
          </ns3:TrackPointExtension>
        </extensions>
      </trkpt>
      <trkpt lat="47.65742833726108074188232421875" lon="18.477909900248050689697265625">
        <ele>443</ele>
        <time>2022-05-28T08:32:22.000Z</time>
        <extensions>
          <ns3:TrackPointExtension>
            <ns3:hr>107</ns3:hr>
          </ns3:TrackPointExtension>
        </extensions>
      </trkpt>
      <trkpt lat="47.65738609246909618377685546875" lon="18.4779144264757633209228515625">
        <ele>443</ele>
        <time>2022-05-28T08:32:28.000Z</time>
        <extensions>
          <ns3:TrackPointExtension>
            <ns3:hr>107</ns3:hr>
          </ns3:TrackPointExtension>
        </extensions>
      </trkpt>
      <trkpt lat="47.65732423402369022369384765625" lon="18.4779513068497180938720703125">
        <ele>443.20001220703125</ele>
        <time>2022-05-28T08:32:35.000Z</time>
        <extensions>
          <ns3:TrackPointExtension>
            <ns3:hr>109</ns3:hr>
          </ns3:TrackPointExtension>
        </extensions>
      </trkpt>
      <trkpt lat="47.65729070641100406646728515625" lon="18.477960191667079925537109375">
        <ele>443.20001220703125</ele>
        <time>2022-05-28T08:32:40.000Z</time>
        <extensions>
          <ns3:TrackPointExtension>
            <ns3:hr>111</ns3:hr>
          </ns3:TrackPointExtension>
        </extensions>
      </trkpt>
      <trkpt lat="47.65718308277428150177001953125" lon="18.47793496213853359222412109375">
        <ele>443.399993896484375</ele>
        <time>2022-05-28T08:32:49.000Z</time>
        <extensions>
          <ns3:TrackPointExtension>
            <ns3:hr>112</ns3:hr>
          </ns3:TrackPointExtension>
        </extensions>
      </trkpt>
      <trkpt lat="47.65712969005107879638671875" lon="18.47789891995489597320556640625">
        <ele>443.600006103515625</ele>
        <time>2022-05-28T08:32:55.000Z</time>
        <extensions>
          <ns3:TrackPointExtension>
            <ns3:hr>110</ns3:hr>
          </ns3:TrackPointExtension>
        </extensions>
      </trkpt>
      <trkpt lat="47.657045535743236541748046875" lon="18.4778621233999729156494140625">
        <ele>443.79998779296875</ele>
        <time>2022-05-28T08:33:03.000Z</time>
        <extensions>
          <ns3:TrackPointExtension>
            <ns3:hr>108</ns3:hr>
          </ns3:TrackPointExtension>
        </extensions>
      </trkpt>
      <trkpt lat="47.6569761335849761962890625" lon="18.477750308811664581298828125">
        <ele>443.79998779296875</ele>
        <time>2022-05-28T08:33:11.000Z</time>
        <extensions>
          <ns3:TrackPointExtension>
            <ns3:hr>110</ns3:hr>
          </ns3:TrackPointExtension>
        </extensions>
      </trkpt>
      <trkpt lat="47.656967081129550933837890625" lon="18.47773379646241664886474609375">
        <ele>443.79998779296875</ele>
        <time>2022-05-28T08:33:12.000Z</time>
        <extensions>
          <ns3:TrackPointExtension>
            <ns3:hr>110</ns3:hr>
          </ns3:TrackPointExtension>
        </extensions>
      </trkpt>
      <trkpt lat="47.65690195374190807342529296875" lon="18.477648384869098663330078125">
        <ele>443</ele>
        <time>2022-05-28T08:33:17.000Z</time>
        <extensions>
          <ns3:TrackPointExtension>
            <ns3:hr>111</ns3:hr>
          </ns3:TrackPointExtension>
        </extensions>
      </trkpt>
      <trkpt lat="47.6568794064223766326904296875" lon="18.47763539291918277740478515625">
        <ele>442.79998779296875</ele>
        <time>2022-05-28T08:33:23.000Z</time>
        <extensions>
          <ns3:TrackPointExtension>
            <ns3:hr>112</ns3:hr>
          </ns3:TrackPointExtension>
        </extensions>
      </trkpt>
      <trkpt lat="47.65682651661336421966552734375" lon="18.47763723693788051605224609375">
        <ele>442.399993896484375</ele>
        <time>2022-05-28T08:33:29.000Z</time>
        <extensions>
          <ns3:TrackPointExtension>
            <ns3:hr>114</ns3:hr>
          </ns3:TrackPointExtension>
        </extensions>
      </trkpt>
      <trkpt lat="47.65679868869483470916748046875" lon="18.477654755115509033203125">
        <ele>442.20001220703125</ele>
        <time>2022-05-28T08:33:32.000Z</time>
        <extensions>
          <ns3:TrackPointExtension>
            <ns3:hr>114</ns3:hr>
          </ns3:TrackPointExtension>
        </extensions>
      </trkpt>
      <trkpt lat="47.65674370341002941131591796875" lon="18.4776659868657588958740234375">
        <ele>441.79998779296875</ele>
        <time>2022-05-28T08:33:36.000Z</time>
        <extensions>
          <ns3:TrackPointExtension>
            <ns3:hr>114</ns3:hr>
          </ns3:TrackPointExtension>
        </extensions>
      </trkpt>
      <trkpt lat="47.65673146583139896392822265625" lon="18.4776676632463932037353515625">
        <ele>441.79998779296875</ele>
        <time>2022-05-28T08:33:38.000Z</time>
        <extensions>
          <ns3:TrackPointExtension>
            <ns3:hr>114</ns3:hr>
          </ns3:TrackPointExtension>
        </extensions>
      </trkpt>
      <trkpt lat="47.65667505562305450439453125" lon="18.4776775538921356201171875">
        <ele>441.20001220703125</ele>
        <time>2022-05-28T08:33:44.000Z</time>
        <extensions>
          <ns3:TrackPointExtension>
            <ns3:hr>113</ns3:hr>
          </ns3:TrackPointExtension>
        </extensions>
      </trkpt>
      <trkpt lat="47.65658025629818439483642578125" lon="18.47769297659397125244140625">
        <ele>440.399993896484375</ele>
        <time>2022-05-28T08:33:51.000Z</time>
        <extensions>
          <ns3:TrackPointExtension>
            <ns3:hr>113</ns3:hr>
          </ns3:TrackPointExtension>
        </extensions>
      </trkpt>
      <trkpt lat="47.6564448885619640350341796875" lon="18.4776793979108333587646484375">
        <ele>438.79998779296875</ele>
        <time>2022-05-28T08:34:00.000Z</time>
        <extensions>
          <ns3:TrackPointExtension>
            <ns3:hr>113</ns3:hr>
          </ns3:TrackPointExtension>
        </extensions>
      </trkpt>
      <trkpt lat="47.6564343273639678955078125" lon="18.47767177037894725799560546875">
        <ele>438.600006103515625</ele>
        <time>2022-05-28T08:34:02.000Z</time>
        <extensions>
          <ns3:TrackPointExtension>
            <ns3:hr>111</ns3:hr>
          </ns3:TrackPointExtension>
        </extensions>
      </trkpt>
      <trkpt lat="47.65636115334928035736083984375" lon="18.4776488877832889556884765625">
        <ele>437.79998779296875</ele>
        <time>2022-05-28T08:34:08.000Z</time>
        <extensions>
          <ns3:TrackPointExtension>
            <ns3:hr>112</ns3:hr>
          </ns3:TrackPointExtension>
        </extensions>
      </trkpt>
      <trkpt lat="47.6563151367008686065673828125" lon="18.47768534906208515167236328125">
        <ele>437.399993896484375</ele>
        <time>2022-05-28T08:34:13.000Z</time>
        <extensions>
          <ns3:TrackPointExtension>
            <ns3:hr>110</ns3:hr>
          </ns3:TrackPointExtension>
        </extensions>
      </trkpt>
      <trkpt lat="47.65630097128450870513916015625" lon="18.47768099047243595123291015625">
        <ele>437.20001220703125</ele>
        <time>2022-05-28T08:34:14.000Z</time>
        <extensions>
          <ns3:TrackPointExtension>
            <ns3:hr>113</ns3:hr>
          </ns3:TrackPointExtension>
        </extensions>
      </trkpt>
      <trkpt lat="47.65625671483576297760009765625" lon="18.4776525758206844329833984375">
        <ele>436.600006103515625</ele>
        <time>2022-05-28T08:34:19.000Z</time>
        <extensions>
          <ns3:TrackPointExtension>
            <ns3:hr>111</ns3:hr>
          </ns3:TrackPointExtension>
        </extensions>
      </trkpt>
      <trkpt lat="47.6561833731830120086669921875" lon="18.47764645703136920928955078125">
        <ele>435.79998779296875</ele>
        <time>2022-05-28T08:34:25.000Z</time>
        <extensions>
          <ns3:TrackPointExtension>
            <ns3:hr>114</ns3:hr>
          </ns3:TrackPointExtension>
        </extensions>
      </trkpt>
      <trkpt lat="47.65616954304277896881103515625" lon="18.4776428528130054473876953125">
        <ele>435.600006103515625</ele>
        <time>2022-05-28T08:34:27.000Z</time>
        <extensions>
          <ns3:TrackPointExtension>
            <ns3:hr>111</ns3:hr>
          </ns3:TrackPointExtension>
        </extensions>
      </trkpt>
      <trkpt lat="47.65610148198902606964111328125" lon="18.47764461301267147064208984375">
        <ele>435</ele>
        <time>2022-05-28T08:34:35.000Z</time>
        <extensions>
          <ns3:TrackPointExtension>
            <ns3:hr>110</ns3:hr>
          </ns3:TrackPointExtension>
        </extensions>
      </trkpt>
      <trkpt lat="47.65602755360305309295654296875" lon="18.47762952558696269989013671875">
        <ele>434.20001220703125</ele>
        <time>2022-05-28T08:34:41.000Z</time>
        <extensions>
          <ns3:TrackPointExtension>
            <ns3:hr>110</ns3:hr>
          </ns3:TrackPointExtension>
        </extensions>
      </trkpt>
      <trkpt lat="47.65602051280438899993896484375" lon="18.4776321239769458770751953125">
        <ele>434</ele>
        <time>2022-05-28T08:34:42.000Z</time>
        <extensions>
          <ns3:TrackPointExtension>
            <ns3:hr>113</ns3:hr>
          </ns3:TrackPointExtension>
        </extensions>
      </trkpt>
      <trkpt lat="47.6559983007609844207763671875" lon="18.47760044038295745849609375">
        <ele>433.600006103515625</ele>
        <time>2022-05-28T08:34:45.000Z</time>
        <extensions>
          <ns3:TrackPointExtension>
            <ns3:hr>110</ns3:hr>
          </ns3:TrackPointExtension>
        </extensions>
      </trkpt>
      <trkpt lat="47.65597994439303874969482421875" lon="18.477577976882457733154296875">
        <ele>433.399993896484375</ele>
        <time>2022-05-28T08:34:47.000Z</time>
        <extensions>
          <ns3:TrackPointExtension>
            <ns3:hr>110</ns3:hr>
          </ns3:TrackPointExtension>
        </extensions>
      </trkpt>
      <trkpt lat="47.65591624192893505096435546875" lon="18.47755618393421173095703125">
        <ele>432.600006103515625</ele>
        <time>2022-05-28T08:34:52.000Z</time>
        <extensions>
          <ns3:TrackPointExtension>
            <ns3:hr>107</ns3:hr>
          </ns3:TrackPointExtension>
        </extensions>
      </trkpt>
      <trkpt lat="47.65587248839437961578369140625" lon="18.4775184653699398040771484375">
        <ele>432</ele>
        <time>2022-05-28T08:34:56.000Z</time>
        <extensions>
          <ns3:TrackPointExtension>
            <ns3:hr>107</ns3:hr>
          </ns3:TrackPointExtension>
        </extensions>
      </trkpt>
      <trkpt lat="47.6558568142354488372802734375" lon="18.47750212065875530242919921875">
        <ele>431.79998779296875</ele>
        <time>2022-05-28T08:34:57.000Z</time>
        <extensions>
          <ns3:TrackPointExtension>
            <ns3:hr>110</ns3:hr>
          </ns3:TrackPointExtension>
        </extensions>
      </trkpt>
      <trkpt lat="47.65579839237034320831298828125" lon="18.477506227791309356689453125">
        <ele>431.20001220703125</ele>
        <time>2022-05-28T08:35:02.000Z</time>
        <extensions>
          <ns3:TrackPointExtension>
            <ns3:hr>111</ns3:hr>
          </ns3:TrackPointExtension>
        </extensions>
      </trkpt>
      <trkpt lat="47.655738629400730133056640625" lon="18.47750782035291194915771484375">
        <ele>430.600006103515625</ele>
        <time>2022-05-28T08:35:10.000Z</time>
        <extensions>
          <ns3:TrackPointExtension>
            <ns3:hr>110</ns3:hr>
          </ns3:TrackPointExtension>
        </extensions>
      </trkpt>
      <trkpt lat="47.655670903623104095458984375" lon="18.477518297731876373291015625">
        <ele>429.79998779296875</ele>
        <time>2022-05-28T08:35:15.000Z</time>
        <extensions>
          <ns3:TrackPointExtension>
            <ns3:hr>107</ns3:hr>
          </ns3:TrackPointExtension>
        </extensions>
      </trkpt>
      <trkpt lat="47.65561482869088649749755859375" lon="18.477546460926532745361328125">
        <ele>429.399993896484375</ele>
        <time>2022-05-28T08:35:18.000Z</time>
        <extensions>
          <ns3:TrackPointExtension>
            <ns3:hr>108</ns3:hr>
          </ns3:TrackPointExtension>
        </extensions>
      </trkpt>
      <trkpt lat="47.65554894693195819854736328125" lon="18.477523662149906158447265625">
        <ele>428.600006103515625</ele>
        <time>2022-05-28T08:35:26.000Z</time>
        <extensions>
          <ns3:TrackPointExtension>
            <ns3:hr>108</ns3:hr>
          </ns3:TrackPointExtension>
        </extensions>
      </trkpt>
      <trkpt lat="47.6554377190768718719482421875" lon="18.477555178105831146240234375">
        <ele>427.399993896484375</ele>
        <time>2022-05-28T08:35:35.000Z</time>
        <extensions>
          <ns3:TrackPointExtension>
            <ns3:hr>107</ns3:hr>
          </ns3:TrackPointExtension>
        </extensions>
      </trkpt>
      <trkpt lat="47.65537175349891185760498046875" lon="18.4775863587856292724609375">
        <ele>426.79998779296875</ele>
        <time>2022-05-28T08:35:42.000Z</time>
        <extensions>
          <ns3:TrackPointExtension>
            <ns3:hr>109</ns3:hr>
          </ns3:TrackPointExtension>
        </extensions>
      </trkpt>
      <trkpt lat="47.65530905686318874359130859375" lon="18.4776158630847930908203125">
        <ele>426.20001220703125</ele>
        <time>2022-05-28T08:35:49.000Z</time>
        <extensions>
          <ns3:TrackPointExtension>
            <ns3:hr>112</ns3:hr>
          </ns3:TrackPointExtension>
        </extensions>
      </trkpt>
      <trkpt lat="47.655222304165363311767578125" lon="18.47766615450382232666015625">
        <ele>425.20001220703125</ele>
        <time>2022-05-28T08:35:57.000Z</time>
        <extensions>
          <ns3:TrackPointExtension>
            <ns3:hr>113</ns3:hr>
          </ns3:TrackPointExtension>
        </extensions>
      </trkpt>
      <trkpt lat="47.65520646236836910247802734375" lon="18.47767629660665988922119140625">
        <ele>425</ele>
        <time>2022-05-28T08:35:59.000Z</time>
        <extensions>
          <ns3:TrackPointExtension>
            <ns3:hr>116</ns3:hr>
          </ns3:TrackPointExtension>
        </extensions>
      </trkpt>
      <trkpt lat="47.65519187785685062408447265625" lon="18.47769297659397125244140625">
        <ele>424.79998779296875</ele>
        <time>2022-05-28T08:36:01.000Z</time>
        <extensions>
          <ns3:TrackPointExtension>
            <ns3:hr>113</ns3:hr>
          </ns3:TrackPointExtension>
        </extensions>
      </trkpt>
      <trkpt lat="47.6551668159663677215576171875" lon="18.477725498378276824951171875">
        <ele>424.600006103515625</ele>
        <time>2022-05-28T08:36:04.000Z</time>
        <extensions>
          <ns3:TrackPointExtension>
            <ns3:hr>111</ns3:hr>
          </ns3:TrackPointExtension>
        </extensions>
      </trkpt>
      <trkpt lat="47.65506707131862640380859375" lon="18.47778123803436756134033203125">
        <ele>423.399993896484375</ele>
        <time>2022-05-28T08:36:12.000Z</time>
        <extensions>
          <ns3:TrackPointExtension>
            <ns3:hr>108</ns3:hr>
          </ns3:TrackPointExtension>
        </extensions>
      </trkpt>
      <trkpt lat="47.655059359967708587646484375" lon="18.47778760828077793121337890625">
        <ele>423.20001220703125</ele>
        <time>2022-05-28T08:36:13.000Z</time>
        <extensions>
          <ns3:TrackPointExtension>
            <ns3:hr>108</ns3:hr>
          </ns3:TrackPointExtension>
        </extensions>
      </trkpt>
      <trkpt lat="47.65502390451729297637939453125" lon="18.47783421166241168975830078125">
        <ele>423</ele>
        <time>2022-05-28T08:36:19.000Z</time>
        <extensions>
          <ns3:TrackPointExtension>
            <ns3:hr>105</ns3:hr>
          </ns3:TrackPointExtension>
        </extensions>
      </trkpt>
      <trkpt lat="47.6549720205366611480712890625" lon="18.47788835875689983367919921875">
        <ele>422.600006103515625</ele>
        <time>2022-05-28T08:36:25.000Z</time>
        <extensions>
          <ns3:TrackPointExtension>
            <ns3:hr>104</ns3:hr>
          </ns3:TrackPointExtension>
        </extensions>
      </trkpt>
      <trkpt lat="47.6549349725246429443359375" lon="18.47792943008244037628173828125">
        <ele>422.399993896484375</ele>
        <time>2022-05-28T08:36:32.000Z</time>
        <extensions>
          <ns3:TrackPointExtension>
            <ns3:hr>102</ns3:hr>
          </ns3:TrackPointExtension>
        </extensions>
      </trkpt>
      <trkpt lat="47.65482776798307895660400390625" lon="18.477968908846378326416015625">
        <ele>421</ele>
        <time>2022-05-28T08:36:38.000Z</time>
        <extensions>
          <ns3:TrackPointExtension>
            <ns3:hr>101</ns3:hr>
          </ns3:TrackPointExtension>
        </extensions>
      </trkpt>
      <trkpt lat="47.6548154465854167938232421875" lon="18.47796681337058544158935546875">
        <ele>420.79998779296875</ele>
        <time>2022-05-28T08:36:39.000Z</time>
        <extensions>
          <ns3:TrackPointExtension>
            <ns3:hr>101</ns3:hr>
          </ns3:TrackPointExtension>
        </extensions>
      </trkpt>
      <trkpt lat="47.6547970063984394073486328125" lon="18.47794250585138797760009765625">
        <ele>420.399993896484375</ele>
        <time>2022-05-28T08:36:44.000Z</time>
        <extensions>
          <ns3:TrackPointExtension>
            <ns3:hr>102</ns3:hr>
          </ns3:TrackPointExtension>
        </extensions>
      </trkpt>
      <trkpt lat="47.65480689704418182373046875" lon="18.47792624495923519134521484375">
        <ele>420.600006103515625</ele>
        <time>2022-05-28T08:36:48.000Z</time>
        <extensions>
          <ns3:TrackPointExtension>
            <ns3:hr>102</ns3:hr>
          </ns3:TrackPointExtension>
        </extensions>
      </trkpt>
      <trkpt lat="47.654804885387420654296875" lon="18.47792557440698146820068359375">
        <ele>420.600006103515625</ele>
        <time>2022-05-28T08:36:56.000Z</time>
        <extensions>
          <ns3:TrackPointExtension>
            <ns3:hr>100</ns3:hr>
          </ns3:TrackPointExtension>
        </extensions>
      </trkpt>
      <trkpt lat="47.6548000238835811614990234375" lon="18.4779372252523899078369140625">
        <ele>420.600006103515625</ele>
        <time>2022-05-28T08:37:04.000Z</time>
        <extensions>
          <ns3:TrackPointExtension>
            <ns3:hr>99</ns3:hr>
          </ns3:TrackPointExtension>
        </extensions>
      </trkpt>
      <trkpt lat="47.65477378852665424346923828125" lon="18.47794904373586177825927734375">
        <ele>420.20001220703125</ele>
        <time>2022-05-28T08:37:09.000Z</time>
        <extensions>
          <ns3:TrackPointExtension>
            <ns3:hr>98</ns3:hr>
          </ns3:TrackPointExtension>
        </extensions>
      </trkpt>
      <trkpt lat="47.65472265891730785369873046875" lon="18.4780093096196651458740234375">
        <ele>419.600006103515625</ele>
        <time>2022-05-28T08:37:17.000Z</time>
        <extensions>
          <ns3:TrackPointExtension>
            <ns3:hr>99</ns3:hr>
          </ns3:TrackPointExtension>
        </extensions>
      </trkpt>
      <trkpt lat="47.6546709425747394561767578125" lon="18.4780693240463733673095703125">
        <ele>419</ele>
        <time>2022-05-28T08:37:24.000Z</time>
        <extensions>
          <ns3:TrackPointExtension>
            <ns3:hr>100</ns3:hr>
          </ns3:TrackPointExtension>
        </extensions>
      </trkpt>
      <trkpt lat="47.65458921901881694793701171875" lon="18.47816060297191143035888671875">
        <ele>418.399993896484375</ele>
        <time>2022-05-28T08:37:30.000Z</time>
        <extensions>
          <ns3:TrackPointExtension>
            <ns3:hr>99</ns3:hr>
          </ns3:TrackPointExtension>
        </extensions>
      </trkpt>
      <trkpt lat="47.65454814769327640533447265625" lon="18.4781625308096408843994140625">
        <ele>418</ele>
        <time>2022-05-28T08:37:34.000Z</time>
        <extensions>
          <ns3:TrackPointExtension>
            <ns3:hr>99</ns3:hr>
          </ns3:TrackPointExtension>
        </extensions>
      </trkpt>
      <trkpt lat="47.65445477329194545745849609375" lon="18.4781957231462001800537109375">
        <ele>417.20001220703125</ele>
        <time>2022-05-28T08:37:42.000Z</time>
        <extensions>
          <ns3:TrackPointExtension>
            <ns3:hr>100</ns3:hr>
          </ns3:TrackPointExtension>
        </extensions>
      </trkpt>
      <trkpt lat="47.65440749935805797576904296875" lon="18.47820100374519824981689453125">
        <ele>417</ele>
        <time>2022-05-28T08:37:47.000Z</time>
        <extensions>
          <ns3:TrackPointExtension>
            <ns3:hr>100</ns3:hr>
          </ns3:TrackPointExtension>
        </extensions>
      </trkpt>
      <trkpt lat="47.65438419766724109649658203125" lon="18.4782061167061328887939453125">
        <ele>416.79998779296875</ele>
        <time>2022-05-28T08:37:53.000Z</time>
        <extensions>
          <ns3:TrackPointExtension>
            <ns3:hr>100</ns3:hr>
          </ns3:TrackPointExtension>
        </extensions>
      </trkpt>
      <trkpt lat="47.654376737773418426513671875" lon="18.4782032668590545654296875">
        <ele>416.79998779296875</ele>
        <time>2022-05-28T08:37:54.000Z</time>
        <extensions>
          <ns3:TrackPointExtension>
            <ns3:hr>104</ns3:hr>
          </ns3:TrackPointExtension>
        </extensions>
      </trkpt>
      <trkpt lat="47.65437246300280094146728515625" lon="18.47820200957357883453369140625">
        <ele>416.79998779296875</ele>
        <time>2022-05-28T08:37:55.000Z</time>
        <extensions>
          <ns3:TrackPointExtension>
            <ns3:hr>100</ns3:hr>
          </ns3:TrackPointExtension>
        </extensions>
      </trkpt>
      <trkpt lat="47.65434849075973033905029296875" lon="18.478220365941524505615234375">
        <ele>416.399993896484375</ele>
        <time>2022-05-28T08:37:58.000Z</time>
        <extensions>
          <ns3:TrackPointExtension>
            <ns3:hr>100</ns3:hr>
          </ns3:TrackPointExtension>
        </extensions>
      </trkpt>
      <trkpt lat="47.65433725900948047637939453125" lon="18.47823352552950382232666015625">
        <ele>416.20001220703125</ele>
        <time>2022-05-28T08:38:00.000Z</time>
        <extensions>
          <ns3:TrackPointExtension>
            <ns3:hr>100</ns3:hr>
          </ns3:TrackPointExtension>
        </extensions>
      </trkpt>
      <trkpt lat="47.6542749814689159393310546875" lon="18.4782550670206546783447265625">
        <ele>415.20001220703125</ele>
        <time>2022-05-28T08:38:08.000Z</time>
        <extensions>
          <ns3:TrackPointExtension>
            <ns3:hr>100</ns3:hr>
          </ns3:TrackPointExtension>
        </extensions>
      </trkpt>
      <trkpt lat="47.65422309748828411102294921875" lon="18.47830183804035186767578125">
        <ele>414.20001220703125</ele>
        <time>2022-05-28T08:38:15.000Z</time>
        <extensions>
          <ns3:TrackPointExtension>
            <ns3:hr>100</ns3:hr>
          </ns3:TrackPointExtension>
        </extensions>
      </trkpt>
      <trkpt lat="47.6541311480104923248291015625" lon="18.478377275168895721435546875">
        <ele>413.20001220703125</ele>
        <time>2022-05-28T08:38:22.000Z</time>
        <extensions>
          <ns3:TrackPointExtension>
            <ns3:hr>100</ns3:hr>
          </ns3:TrackPointExtension>
        </extensions>
      </trkpt>
      <trkpt lat="47.65410415828227996826171875" lon="18.4783883392810821533203125">
        <ele>412.79998779296875</ele>
        <time>2022-05-28T08:38:24.000Z</time>
        <extensions>
          <ns3:TrackPointExtension>
            <ns3:hr>100</ns3:hr>
          </ns3:TrackPointExtension>
        </extensions>
      </trkpt>
      <trkpt lat="47.65405445359647274017333984375" lon="18.47839848138391971588134765625">
        <ele>412.399993896484375</ele>
        <time>2022-05-28T08:38:28.000Z</time>
        <extensions>
          <ns3:TrackPointExtension>
            <ns3:hr>99</ns3:hr>
          </ns3:TrackPointExtension>
        </extensions>
      </trkpt>
      <trkpt lat="47.6539846323430538177490234375" lon="18.4784458391368389129638671875">
        <ele>411.399993896484375</ele>
        <time>2022-05-28T08:38:37.000Z</time>
        <extensions>
          <ns3:TrackPointExtension>
            <ns3:hr>101</ns3:hr>
          </ns3:TrackPointExtension>
        </extensions>
      </trkpt>
      <trkpt lat="47.65397834591567516326904296875" lon="18.478458411991596221923828125">
        <ele>411.20001220703125</ele>
        <time>2022-05-28T08:38:38.000Z</time>
        <extensions>
          <ns3:TrackPointExtension>
            <ns3:hr>102</ns3:hr>
          </ns3:TrackPointExtension>
        </extensions>
      </trkpt>
      <trkpt lat="47.6539527811110019683837890625" lon="18.4784813784062862396240234375">
        <ele>410.79998779296875</ele>
        <time>2022-05-28T08:38:40.000Z</time>
        <extensions>
          <ns3:TrackPointExtension>
            <ns3:hr>105</ns3:hr>
          </ns3:TrackPointExtension>
        </extensions>
      </trkpt>
      <trkpt lat="47.65391548164188861846923828125" lon="18.478497304022312164306640625">
        <ele>410.399993896484375</ele>
        <time>2022-05-28T08:38:42.000Z</time>
        <extensions>
          <ns3:TrackPointExtension>
            <ns3:hr>104</ns3:hr>
          </ns3:TrackPointExtension>
        </extensions>
      </trkpt>
      <trkpt lat="47.653895281255245208740234375" lon="18.47850878722965717315673828125">
        <ele>410.399993896484375</ele>
        <time>2022-05-28T08:38:43.000Z</time>
        <extensions>
          <ns3:TrackPointExtension>
            <ns3:hr>104</ns3:hr>
          </ns3:TrackPointExtension>
        </extensions>
      </trkpt>
      <trkpt lat="47.6538002304732799530029296875" lon="18.47860517911612987518310546875">
        <ele>409.600006103515625</ele>
        <time>2022-05-28T08:38:49.000Z</time>
        <extensions>
          <ns3:TrackPointExtension>
            <ns3:hr>101</ns3:hr>
          </ns3:TrackPointExtension>
        </extensions>
      </trkpt>
      <trkpt lat="47.65376083552837371826171875" lon="18.478612639009952545166015625">
        <ele>409.399993896484375</ele>
        <time>2022-05-28T08:38:53.000Z</time>
        <extensions>
          <ns3:TrackPointExtension>
            <ns3:hr>103</ns3:hr>
          </ns3:TrackPointExtension>
        </extensions>
      </trkpt>
      <trkpt lat="47.65375815331935882568359375" lon="18.47862060181796550750732421875">
        <ele>409.399993896484375</ele>
        <time>2022-05-28T08:38:54.000Z</time>
        <extensions>
          <ns3:TrackPointExtension>
            <ns3:hr>99</ns3:hr>
          </ns3:TrackPointExtension>
        </extensions>
      </trkpt>
      <trkpt lat="47.65375144779682159423828125" lon="18.478624708950519561767578125">
        <ele>409.399993896484375</ele>
        <time>2022-05-28T08:38:57.000Z</time>
        <extensions>
          <ns3:TrackPointExtension>
            <ns3:hr>104</ns3:hr>
          </ns3:TrackPointExtension>
        </extensions>
      </trkpt>
      <trkpt lat="47.6536989770829677581787109375" lon="18.47861356101930141448974609375">
        <ele>409.20001220703125</ele>
        <time>2022-05-28T08:39:01.000Z</time>
        <extensions>
          <ns3:TrackPointExtension>
            <ns3:hr>103</ns3:hr>
          </ns3:TrackPointExtension>
        </extensions>
      </trkpt>
      <trkpt lat="47.65361909754574298858642578125" lon="18.47856829874217510223388671875">
        <ele>409.20001220703125</ele>
        <time>2022-05-28T08:39:08.000Z</time>
        <extensions>
          <ns3:TrackPointExtension>
            <ns3:hr>104</ns3:hr>
          </ns3:TrackPointExtension>
        </extensions>
      </trkpt>
      <trkpt lat="47.6535571552813053131103515625" lon="18.47851482219994068145751953125">
        <ele>409.600006103515625</ele>
        <time>2022-05-28T08:39:15.000Z</time>
        <extensions>
          <ns3:TrackPointExtension>
            <ns3:hr>104</ns3:hr>
          </ns3:TrackPointExtension>
        </extensions>
      </trkpt>
      <trkpt lat="47.65346168540418148040771484375" lon="18.478516750037670135498046875">
        <ele>409.600006103515625</ele>
        <time>2022-05-28T08:39:23.000Z</time>
        <extensions>
          <ns3:TrackPointExtension>
            <ns3:hr>106</ns3:hr>
          </ns3:TrackPointExtension>
        </extensions>
      </trkpt>
      <trkpt lat="47.6533767767250537872314453125" lon="18.47853359766304492950439453125">
        <ele>409.600006103515625</ele>
        <time>2022-05-28T08:39:31.000Z</time>
        <extensions>
          <ns3:TrackPointExtension>
            <ns3:hr>106</ns3:hr>
          </ns3:TrackPointExtension>
        </extensions>
      </trkpt>
      <trkpt lat="47.65329287387430667877197265625" lon="18.47851549275219440460205078125">
        <ele>409</ele>
        <time>2022-05-28T08:39:37.000Z</time>
        <extensions>
          <ns3:TrackPointExtension>
            <ns3:hr>107</ns3:hr>
          </ns3:TrackPointExtension>
        </extensions>
      </trkpt>
      <trkpt lat="47.6531970687210559844970703125" lon="18.4784867428243160247802734375">
        <ele>408.399993896484375</ele>
        <time>2022-05-28T08:39:45.000Z</time>
        <extensions>
          <ns3:TrackPointExtension>
            <ns3:hr>104</ns3:hr>
          </ns3:TrackPointExtension>
        </extensions>
      </trkpt>
      <trkpt lat="47.65319128520786762237548828125" lon="18.4784840606153011322021484375">
        <ele>408.399993896484375</ele>
        <time>2022-05-28T08:39:46.000Z</time>
        <extensions>
          <ns3:TrackPointExtension>
            <ns3:hr>107</ns3:hr>
          </ns3:TrackPointExtension>
        </extensions>
      </trkpt>
      <trkpt lat="47.65317670069634914398193359375" lon="18.47847945056855678558349609375">
        <ele>408.20001220703125</ele>
        <time>2022-05-28T08:39:47.000Z</time>
        <extensions>
          <ns3:TrackPointExtension>
            <ns3:hr>107</ns3:hr>
          </ns3:TrackPointExtension>
        </extensions>
      </trkpt>
      <trkpt lat="47.65309237875044345855712890625" lon="18.47841859795153141021728515625">
        <ele>408</ele>
        <time>2022-05-28T08:39:54.000Z</time>
        <extensions>
          <ns3:TrackPointExtension>
            <ns3:hr>108</ns3:hr>
          </ns3:TrackPointExtension>
        </extensions>
      </trkpt>
      <trkpt lat="47.65304426662623882293701171875" lon="18.4784066118299961090087890625">
        <ele>407.79998779296875</ele>
        <time>2022-05-28T08:39:59.000Z</time>
        <extensions>
          <ns3:TrackPointExtension>
            <ns3:hr>108</ns3:hr>
          </ns3:TrackPointExtension>
        </extensions>
      </trkpt>
      <trkpt lat="47.653026245534420013427734375" lon="18.47838792018592357635498046875">
        <ele>407.79998779296875</ele>
        <time>2022-05-28T08:40:01.000Z</time>
        <extensions>
          <ns3:TrackPointExtension>
            <ns3:hr>108</ns3:hr>
          </ns3:TrackPointExtension>
        </extensions>
      </trkpt>
      <trkpt lat="47.65293831937015056610107421875" lon="18.478336371481418609619140625">
        <ele>407.79998779296875</ele>
        <time>2022-05-28T08:40:08.000Z</time>
        <extensions>
          <ns3:TrackPointExtension>
            <ns3:hr>110</ns3:hr>
          </ns3:TrackPointExtension>
        </extensions>
      </trkpt>
      <trkpt lat="47.6528902910649776458740234375" lon="18.4783103875815868377685546875">
        <ele>407.600006103515625</ele>
        <time>2022-05-28T08:40:13.000Z</time>
        <extensions>
          <ns3:TrackPointExtension>
            <ns3:hr>113</ns3:hr>
          </ns3:TrackPointExtension>
        </extensions>
      </trkpt>
      <trkpt lat="47.6528634689748287200927734375" lon="18.47830678336322307586669921875">
        <ele>407.399993896484375</ele>
        <time>2022-05-28T08:40:16.000Z</time>
        <extensions>
          <ns3:TrackPointExtension>
            <ns3:hr>114</ns3:hr>
          </ns3:TrackPointExtension>
        </extensions>
      </trkpt>
      <trkpt lat="47.6527484692633152008056640625" lon="18.4782255627214908599853515625">
        <ele>407.399993896484375</ele>
        <time>2022-05-28T08:40:23.000Z</time>
        <extensions>
          <ns3:TrackPointExtension>
            <ns3:hr>115</ns3:hr>
          </ns3:TrackPointExtension>
        </extensions>
      </trkpt>
      <trkpt lat="47.65269222669303417205810546875" lon="18.4781682305037975311279296875">
        <ele>407.600006103515625</ele>
        <time>2022-05-28T08:40:29.000Z</time>
        <extensions>
          <ns3:TrackPointExtension>
            <ns3:hr>115</ns3:hr>
          </ns3:TrackPointExtension>
        </extensions>
      </trkpt>
      <trkpt lat="47.652669511735439300537109375" lon="18.47811944782733917236328125">
        <ele>408</ele>
        <time>2022-05-28T08:40:33.000Z</time>
        <extensions>
          <ns3:TrackPointExtension>
            <ns3:hr>116</ns3:hr>
          </ns3:TrackPointExtension>
        </extensions>
      </trkpt>
      <trkpt lat="47.65265534631907939910888671875" lon="18.4780877642333507537841796875">
        <ele>408.20001220703125</ele>
        <time>2022-05-28T08:40:34.000Z</time>
        <extensions>
          <ns3:TrackPointExtension>
            <ns3:hr>116</ns3:hr>
          </ns3:TrackPointExtension>
        </extensions>
      </trkpt>
      <trkpt lat="47.6525707729160785675048828125" lon="18.47795457579195499420166015625">
        <ele>408.399993896484375</ele>
        <time>2022-05-28T08:40:40.000Z</time>
        <extensions>
          <ns3:TrackPointExtension>
            <ns3:hr>115</ns3:hr>
          </ns3:TrackPointExtension>
        </extensions>
      </trkpt>
      <trkpt lat="47.65255744569003582000732421875" lon="18.47781040705740451812744140625">
        <ele>409</ele>
        <time>2022-05-28T08:40:48.000Z</time>
        <extensions>
          <ns3:TrackPointExtension>
            <ns3:hr>113</ns3:hr>
          </ns3:TrackPointExtension>
        </extensions>
      </trkpt>
      <trkpt lat="47.65254872851073741912841796875" lon="18.47779884003102779388427734375">
        <ele>409</ele>
        <time>2022-05-28T08:40:49.000Z</time>
        <extensions>
          <ns3:TrackPointExtension>
            <ns3:hr>113</ns3:hr>
          </ns3:TrackPointExtension>
        </extensions>
      </trkpt>
      <trkpt lat="47.65248971991240978240966796875" lon="18.4776346385478973388671875">
        <ele>408.600006103515625</ele>
        <time>2022-05-28T08:40:57.000Z</time>
        <extensions>
          <ns3:TrackPointExtension>
            <ns3:hr>114</ns3:hr>
          </ns3:TrackPointExtension>
        </extensions>
      </trkpt>
      <trkpt lat="47.65250983648002147674560546875" lon="18.47758996300399303436279296875">
        <ele>408.79998779296875</ele>
        <time>2022-05-28T08:41:04.000Z</time>
        <extensions>
          <ns3:TrackPointExtension>
            <ns3:hr>116</ns3:hr>
          </ns3:TrackPointExtension>
        </extensions>
      </trkpt>
      <trkpt lat="47.65254504047334194183349609375" lon="18.4775415994226932525634765625">
        <ele>409</ele>
        <time>2022-05-28T08:41:11.000Z</time>
        <extensions>
          <ns3:TrackPointExtension>
            <ns3:hr>115</ns3:hr>
          </ns3:TrackPointExtension>
        </extensions>
      </trkpt>
      <trkpt lat="47.6525452919304370880126953125" lon="18.47747613675892353057861328125">
        <ele>409</ele>
        <time>2022-05-28T08:41:15.000Z</time>
        <extensions>
          <ns3:TrackPointExtension>
            <ns3:hr>112</ns3:hr>
          </ns3:TrackPointExtension>
        </extensions>
      </trkpt>
      <trkpt lat="47.6525570265948772430419921875" lon="18.47746239043772220611572265625">
        <ele>409.20001220703125</ele>
        <time>2022-05-28T08:41:16.000Z</time>
        <extensions>
          <ns3:TrackPointExtension>
            <ns3:hr>110</ns3:hr>
          </ns3:TrackPointExtension>
        </extensions>
      </trkpt>
      <trkpt lat="47.6525714434683322906494140625" lon="18.47744981758296489715576171875">
        <ele>409.399993896484375</ele>
        <time>2022-05-28T08:41:17.000Z</time>
        <extensions>
          <ns3:TrackPointExtension>
            <ns3:hr>112</ns3:hr>
          </ns3:TrackPointExtension>
        </extensions>
      </trkpt>
      <trkpt lat="47.65258309431374073028564453125" lon="18.47740254364907741546630859375">
        <ele>409.79998779296875</ele>
        <time>2022-05-28T08:41:20.000Z</time>
        <extensions>
          <ns3:TrackPointExtension>
            <ns3:hr>111</ns3:hr>
          </ns3:TrackPointExtension>
        </extensions>
      </trkpt>
      <trkpt lat="47.652565576136112213134765625" lon="18.47735091112554073333740234375">
        <ele>409.79998779296875</ele>
        <time>2022-05-28T08:41:24.000Z</time>
        <extensions>
          <ns3:TrackPointExtension>
            <ns3:hr>112</ns3:hr>
          </ns3:TrackPointExtension>
        </extensions>
      </trkpt>
      <trkpt lat="47.6525627262890338897705078125" lon="18.477322496473789215087890625">
        <ele>409.79998779296875</ele>
        <time>2022-05-28T08:41:26.000Z</time>
        <extensions>
          <ns3:TrackPointExtension>
            <ns3:hr>113</ns3:hr>
          </ns3:TrackPointExtension>
        </extensions>
      </trkpt>
      <trkpt lat="47.652552835643291473388671875" lon="18.4772670082747936248779296875">
        <ele>410</ele>
        <time>2022-05-28T08:41:30.000Z</time>
        <extensions>
          <ns3:TrackPointExtension>
            <ns3:hr>114</ns3:hr>
          </ns3:TrackPointExtension>
        </extensions>
      </trkpt>
      <trkpt lat="47.65253867022693157196044921875" lon="18.4772150404751300811767578125">
        <ele>410</ele>
        <time>2022-05-28T08:41:34.000Z</time>
        <extensions>
          <ns3:TrackPointExtension>
            <ns3:hr>115</ns3:hr>
          </ns3:TrackPointExtension>
        </extensions>
      </trkpt>
      <trkpt lat="47.65254420228302478790283203125" lon="18.4771550260484218597412109375">
        <ele>410</ele>
        <time>2022-05-28T08:41:37.000Z</time>
        <extensions>
          <ns3:TrackPointExtension>
            <ns3:hr>115</ns3:hr>
          </ns3:TrackPointExtension>
        </extensions>
      </trkpt>
      <trkpt lat="47.65253531746566295623779296875" lon="18.47714538685977458953857421875">
        <ele>410</ele>
        <time>2022-05-28T08:41:38.000Z</time>
        <extensions>
          <ns3:TrackPointExtension>
            <ns3:hr>115</ns3:hr>
          </ns3:TrackPointExtension>
        </extensions>
      </trkpt>
      <trkpt lat="47.652532048523426055908203125" lon="18.47711806185543537139892578125">
        <ele>409.79998779296875</ele>
        <time>2022-05-28T08:41:40.000Z</time>
        <extensions>
          <ns3:TrackPointExtension>
            <ns3:hr>116</ns3:hr>
          </ns3:TrackPointExtension>
        </extensions>
      </trkpt>
      <trkpt lat="47.65252777375280857086181640625" lon="18.4770849533379077911376953125">
        <ele>409.79998779296875</ele>
        <time>2022-05-28T08:41:42.000Z</time>
        <extensions>
          <ns3:TrackPointExtension>
            <ns3:hr>114</ns3:hr>
          </ns3:TrackPointExtension>
        </extensions>
      </trkpt>
      <trkpt lat="47.6525236666202545166015625" lon="18.47706793807446956634521484375">
        <ele>409.79998779296875</ele>
        <time>2022-05-28T08:41:43.000Z</time>
        <extensions>
          <ns3:TrackPointExtension>
            <ns3:hr>114</ns3:hr>
          </ns3:TrackPointExtension>
        </extensions>
      </trkpt>
      <trkpt lat="47.65249256975948810577392578125" lon="18.47695779986679553985595703125">
        <ele>409.399993896484375</ele>
        <time>2022-05-28T08:41:49.000Z</time>
        <extensions>
          <ns3:TrackPointExtension>
            <ns3:hr>114</ns3:hr>
          </ns3:TrackPointExtension>
        </extensions>
      </trkpt>
      <trkpt lat="47.65243624337017536163330078125" lon="18.47689636051654815673828125">
        <ele>408.79998779296875</ele>
        <time>2022-05-28T08:41:54.000Z</time>
        <extensions>
          <ns3:TrackPointExtension>
            <ns3:hr>114</ns3:hr>
          </ns3:TrackPointExtension>
        </extensions>
      </trkpt>
      <trkpt lat="47.6523689366877079010009765625" lon="18.47674221731722354888916015625">
        <ele>407.399993896484375</ele>
        <time>2022-05-28T08:42:03.000Z</time>
        <extensions>
          <ns3:TrackPointExtension>
            <ns3:hr>114</ns3:hr>
          </ns3:TrackPointExtension>
        </extensions>
      </trkpt>
      <trkpt lat="47.652353681623935699462890625" lon="18.47667776048183441162109375">
        <ele>407</ele>
        <time>2022-05-28T08:42:07.000Z</time>
        <extensions>
          <ns3:TrackPointExtension>
            <ns3:hr>114</ns3:hr>
          </ns3:TrackPointExtension>
        </extensions>
      </trkpt>
      <trkpt lat="47.6523065753281116485595703125" lon="18.47656083293259143829345703125">
        <ele>406</ele>
        <time>2022-05-28T08:42:14.000Z</time>
        <extensions>
          <ns3:TrackPointExtension>
            <ns3:hr>115</ns3:hr>
          </ns3:TrackPointExtension>
        </extensions>
      </trkpt>
      <trkpt lat="47.6522532664239406585693359375" lon="18.47648338414728641510009765625">
        <ele>405.20001220703125</ele>
        <time>2022-05-28T08:42:20.000Z</time>
        <extensions>
          <ns3:TrackPointExtension>
            <ns3:hr>113</ns3:hr>
          </ns3:TrackPointExtension>
        </extensions>
      </trkpt>
      <trkpt lat="47.65218294225633144378662109375" lon="18.47637140192091464996337890625">
        <ele>404</ele>
        <time>2022-05-28T08:42:28.000Z</time>
        <extensions>
          <ns3:TrackPointExtension>
            <ns3:hr>113</ns3:hr>
          </ns3:TrackPointExtension>
        </extensions>
      </trkpt>
      <trkpt lat="47.65217003412544727325439453125" lon="18.47631038166582584381103515625">
        <ele>403.399993896484375</ele>
        <time>2022-05-28T08:42:31.000Z</time>
        <extensions>
          <ns3:TrackPointExtension>
            <ns3:hr>116</ns3:hr>
          </ns3:TrackPointExtension>
        </extensions>
      </trkpt>
      <trkpt lat="47.65216433443129062652587890625" lon="18.47629680298268795013427734375">
        <ele>403.399993896484375</ele>
        <time>2022-05-28T08:42:32.000Z</time>
        <extensions>
          <ns3:TrackPointExtension>
            <ns3:hr>113</ns3:hr>
          </ns3:TrackPointExtension>
        </extensions>
      </trkpt>
      <trkpt lat="47.65213516540825366973876953125" lon="18.4762541390955448150634765625">
        <ele>402.600006103515625</ele>
        <time>2022-05-28T08:42:35.000Z</time>
        <extensions>
          <ns3:TrackPointExtension>
            <ns3:hr>112</ns3:hr>
          </ns3:TrackPointExtension>
        </extensions>
      </trkpt>
      <trkpt lat="47.65208772383630275726318359375" lon="18.47616814076900482177734375">
        <ele>401.600006103515625</ele>
        <time>2022-05-28T08:42:42.000Z</time>
        <extensions>
          <ns3:TrackPointExtension>
            <ns3:hr>113</ns3:hr>
          </ns3:TrackPointExtension>
        </extensions>
      </trkpt>
      <trkpt lat="47.65208252705633640289306640625" lon="18.476132266223430633544921875">
        <ele>401.20001220703125</ele>
        <time>2022-05-28T08:42:47.000Z</time>
        <extensions>
          <ns3:TrackPointExtension>
            <ns3:hr>112</ns3:hr>
          </ns3:TrackPointExtension>
        </extensions>
      </trkpt>
      <trkpt lat="47.652082778513431549072265625" lon="18.47611893899738788604736328125">
        <ele>401.20001220703125</ele>
        <time>2022-05-28T08:42:48.000Z</time>
        <extensions>
          <ns3:TrackPointExtension>
            <ns3:hr>112</ns3:hr>
          </ns3:TrackPointExtension>
        </extensions>
      </trkpt>
      <trkpt lat="47.6520591415464878082275390625" lon="18.476053811609745025634765625">
        <ele>400.399993896484375</ele>
        <time>2022-05-28T08:42:54.000Z</time>
        <extensions>
          <ns3:TrackPointExtension>
            <ns3:hr>111</ns3:hr>
          </ns3:TrackPointExtension>
        </extensions>
      </trkpt>
      <trkpt lat="47.6520168967545032501220703125" lon="18.4759989939630031585693359375">
        <ele>399.600006103515625</ele>
        <time>2022-05-28T08:43:01.000Z</time>
        <extensions>
          <ns3:TrackPointExtension>
            <ns3:hr>111</ns3:hr>
          </ns3:TrackPointExtension>
        </extensions>
      </trkpt>
      <trkpt lat="47.65198714099824428558349609375" lon="18.4759460203349590301513671875">
        <ele>398.79998779296875</ele>
        <time>2022-05-28T08:43:07.000Z</time>
        <extensions>
          <ns3:TrackPointExtension>
            <ns3:hr>110</ns3:hr>
          </ns3:TrackPointExtension>
        </extensions>
      </trkpt>
      <trkpt lat="47.65196182765066623687744140625" lon="18.47585298120975494384765625">
        <ele>398.20001220703125</ele>
        <time>2022-05-28T08:43:14.000Z</time>
        <extensions>
          <ns3:TrackPointExtension>
            <ns3:hr>111</ns3:hr>
          </ns3:TrackPointExtension>
        </extensions>
      </trkpt>
      <trkpt lat="47.65192243270576000213623046875" lon="18.47571023739874362945556640625">
        <ele>396.79998779296875</ele>
        <time>2022-05-28T08:43:23.000Z</time>
        <extensions>
          <ns3:TrackPointExtension>
            <ns3:hr>109</ns3:hr>
          </ns3:TrackPointExtension>
        </extensions>
      </trkpt>
      <trkpt lat="47.651913464069366455078125" lon="18.4756486304104328155517578125">
        <ele>396.20001220703125</ele>
        <time>2022-05-28T08:43:28.000Z</time>
        <extensions>
          <ns3:TrackPointExtension>
            <ns3:hr>106</ns3:hr>
          </ns3:TrackPointExtension>
        </extensions>
      </trkpt>
      <trkpt lat="47.65190348960459232330322265625" lon="18.47560043446719646453857421875">
        <ele>395.79998779296875</ele>
        <time>2022-05-28T08:43:30.000Z</time>
        <extensions>
          <ns3:TrackPointExtension>
            <ns3:hr>106</ns3:hr>
          </ns3:TrackPointExtension>
        </extensions>
      </trkpt>
      <trkpt lat="47.6518690399825572967529296875" lon="18.4755205549299716949462890625">
        <ele>395</ele>
        <time>2022-05-28T08:43:35.000Z</time>
        <extensions>
          <ns3:TrackPointExtension>
            <ns3:hr>106</ns3:hr>
          </ns3:TrackPointExtension>
        </extensions>
      </trkpt>
      <trkpt lat="47.651860155165195465087890625" lon="18.47549968399107456207275390625">
        <ele>394.79998779296875</ele>
        <time>2022-05-28T08:43:36.000Z</time>
        <extensions>
          <ns3:TrackPointExtension>
            <ns3:hr>105</ns3:hr>
          </ns3:TrackPointExtension>
        </extensions>
      </trkpt>
      <trkpt lat="47.651810534298419952392578125" lon="18.47536942921578884124755859375">
        <ele>393.399993896484375</ele>
        <time>2022-05-28T08:43:42.000Z</time>
        <extensions>
          <ns3:TrackPointExtension>
            <ns3:hr>108</ns3:hr>
          </ns3:TrackPointExtension>
        </extensions>
      </trkpt>
      <trkpt lat="47.65178848989307880401611328125" lon="18.47524168901145458221435546875">
        <ele>392.399993896484375</ele>
        <time>2022-05-28T08:43:50.000Z</time>
        <extensions>
          <ns3:TrackPointExtension>
            <ns3:hr>107</ns3:hr>
          </ns3:TrackPointExtension>
        </extensions>
      </trkpt>
      <trkpt lat="47.65177994035184383392333984375" lon="18.475218303501605987548828125">
        <ele>392.399993896484375</ele>
        <time>2022-05-28T08:43:51.000Z</time>
        <extensions>
          <ns3:TrackPointExtension>
            <ns3:hr>110</ns3:hr>
          </ns3:TrackPointExtension>
        </extensions>
      </trkpt>
      <trkpt lat="47.65178136527538299560546875" lon="18.4752090834081172943115234375">
        <ele>392.20001220703125</ele>
        <time>2022-05-28T08:43:52.000Z</time>
        <extensions>
          <ns3:TrackPointExtension>
            <ns3:hr>107</ns3:hr>
          </ns3:TrackPointExtension>
        </extensions>
      </trkpt>
      <trkpt lat="47.65178270637989044189453125" lon="18.47513155080378055572509765625">
        <ele>392</ele>
        <time>2022-05-28T08:43:57.000Z</time>
        <extensions>
          <ns3:TrackPointExtension>
            <ns3:hr>107</ns3:hr>
          </ns3:TrackPointExtension>
        </extensions>
      </trkpt>
      <trkpt lat="47.65176367945969104766845703125" lon="18.47501252777874469757080078125">
        <ele>391.399993896484375</ele>
        <time>2022-05-28T08:44:03.000Z</time>
        <extensions>
          <ns3:TrackPointExtension>
            <ns3:hr>108</ns3:hr>
          </ns3:TrackPointExtension>
        </extensions>
      </trkpt>
      <trkpt lat="47.65177600085735321044921875" lon="18.4749899804592132568359375">
        <ele>391.20001220703125</ele>
        <time>2022-05-28T08:44:05.000Z</time>
        <extensions>
          <ns3:TrackPointExtension>
            <ns3:hr>109</ns3:hr>
          </ns3:TrackPointExtension>
        </extensions>
      </trkpt>
      <trkpt lat="47.65177843160927295684814453125" lon="18.47490088082849979400634765625">
        <ele>391.20001220703125</ele>
        <time>2022-05-28T08:44:12.000Z</time>
        <extensions>
          <ns3:TrackPointExtension>
            <ns3:hr>110</ns3:hr>
          </ns3:TrackPointExtension>
        </extensions>
      </trkpt>
      <trkpt lat="47.65177826397120952606201171875" lon="18.4748852066695690155029296875">
        <ele>391.20001220703125</ele>
        <time>2022-05-28T08:44:13.000Z</time>
        <extensions>
          <ns3:TrackPointExtension>
            <ns3:hr>109</ns3:hr>
          </ns3:TrackPointExtension>
        </extensions>
      </trkpt>
      <trkpt lat="47.65177491120994091033935546875" lon="18.47478956915438175201416015625">
        <ele>391.20001220703125</ele>
        <time>2022-05-28T08:44:18.000Z</time>
        <extensions>
          <ns3:TrackPointExtension>
            <ns3:hr>108</ns3:hr>
          </ns3:TrackPointExtension>
        </extensions>
      </trkpt>
      <trkpt lat="47.65176535584032535552978515625" lon="18.47474497742950916290283203125">
        <ele>391.20001220703125</ele>
        <time>2022-05-28T08:44:21.000Z</time>
        <extensions>
          <ns3:TrackPointExtension>
            <ns3:hr>109</ns3:hr>
          </ns3:TrackPointExtension>
        </extensions>
      </trkpt>
      <trkpt lat="47.65174339525401592254638671875" lon="18.47470507957041263580322265625">
        <ele>391</ele>
        <time>2022-05-28T08:44:23.000Z</time>
        <extensions>
          <ns3:TrackPointExtension>
            <ns3:hr>107</ns3:hr>
          </ns3:TrackPointExtension>
        </extensions>
      </trkpt>
      <trkpt lat="47.65174155123531818389892578125" lon="18.47469334490597248077392578125">
        <ele>391</ele>
        <time>2022-05-28T08:44:24.000Z</time>
        <extensions>
          <ns3:TrackPointExtension>
            <ns3:hr>107</ns3:hr>
          </ns3:TrackPointExtension>
        </extensions>
      </trkpt>
      <trkpt lat="47.651742137968540191650390625" lon="18.47467549145221710205078125">
        <ele>391</ele>
        <time>2022-05-28T08:44:25.000Z</time>
        <extensions>
          <ns3:TrackPointExtension>
            <ns3:hr>107</ns3:hr>
          </ns3:TrackPointExtension>
        </extensions>
      </trkpt>
      <trkpt lat="47.65175797976553440093994140625" lon="18.47458270378410816192626953125">
        <ele>391</ele>
        <time>2022-05-28T08:44:31.000Z</time>
        <extensions>
          <ns3:TrackPointExtension>
            <ns3:hr>108</ns3:hr>
          </ns3:TrackPointExtension>
        </extensions>
      </trkpt>
      <trkpt lat="47.6517459936439990997314453125" lon="18.4745006449520587921142578125">
        <ele>391</ele>
        <time>2022-05-28T08:44:35.000Z</time>
        <extensions>
          <ns3:TrackPointExtension>
            <ns3:hr>111</ns3:hr>
          </ns3:TrackPointExtension>
        </extensions>
      </trkpt>
      <trkpt lat="47.6517785154283046722412109375" lon="18.4744191728532314300537109375">
        <ele>390.600006103515625</ele>
        <time>2022-05-28T08:44:40.000Z</time>
        <extensions>
          <ns3:TrackPointExtension>
            <ns3:hr>109</ns3:hr>
          </ns3:TrackPointExtension>
        </extensions>
      </trkpt>
      <trkpt lat="47.65177667140960693359375" lon="18.47434348426759243011474609375">
        <ele>390</ele>
        <time>2022-05-28T08:44:44.000Z</time>
        <extensions>
          <ns3:TrackPointExtension>
            <ns3:hr>106</ns3:hr>
          </ns3:TrackPointExtension>
        </extensions>
      </trkpt>
      <trkpt lat="47.65178496949374675750732421875" lon="18.47425346262753009796142578125">
        <ele>389.399993896484375</ele>
        <time>2022-05-28T08:44:48.000Z</time>
        <extensions>
          <ns3:TrackPointExtension>
            <ns3:hr>107</ns3:hr>
          </ns3:TrackPointExtension>
        </extensions>
      </trkpt>
      <trkpt lat="47.6517463289201259613037109375" lon="18.47414315678179264068603515625">
        <ele>388.79998779296875</ele>
        <time>2022-05-28T08:44:55.000Z</time>
        <extensions>
          <ns3:TrackPointExtension>
            <ns3:hr>107</ns3:hr>
          </ns3:TrackPointExtension>
        </extensions>
      </trkpt>
      <trkpt lat="47.65174725092947483062744140625" lon="18.474126644432544708251953125">
        <ele>388.79998779296875</ele>
        <time>2022-05-28T08:44:56.000Z</time>
        <extensions>
          <ns3:TrackPointExtension>
            <ns3:hr>111</ns3:hr>
          </ns3:TrackPointExtension>
        </extensions>
      </trkpt>
      <trkpt lat="47.65174892731010913848876953125" lon="18.4740952961146831512451171875">
        <ele>388.600006103515625</ele>
        <time>2022-05-28T08:44:58.000Z</time>
        <extensions>
          <ns3:TrackPointExtension>
            <ns3:hr>114</ns3:hr>
          </ns3:TrackPointExtension>
        </extensions>
      </trkpt>
      <trkpt lat="47.65174171887338161468505859375" lon="18.47399898804724216461181640625">
        <ele>387.79998779296875</ele>
        <time>2022-05-28T08:45:04.000Z</time>
        <extensions>
          <ns3:TrackPointExtension>
            <ns3:hr>116</ns3:hr>
          </ns3:TrackPointExtension>
        </extensions>
      </trkpt>
      <trkpt lat="47.65177474357187747955322265625" lon="18.473879881203174591064453125">
        <ele>387</ele>
        <time>2022-05-28T08:45:13.000Z</time>
        <extensions>
          <ns3:TrackPointExtension>
            <ns3:hr>113</ns3:hr>
          </ns3:TrackPointExtension>
        </extensions>
      </trkpt>
      <trkpt lat="47.65177876688539981842041015625" lon="18.47386873327195644378662109375">
        <ele>387</ele>
        <time>2022-05-28T08:45:14.000Z</time>
        <extensions>
          <ns3:TrackPointExtension>
            <ns3:hr>113</ns3:hr>
          </ns3:TrackPointExtension>
        </extensions>
      </trkpt>
      <trkpt lat="47.65177826397120952606201171875" lon="18.47385364584624767303466796875">
        <ele>386.79998779296875</ele>
        <time>2022-05-28T08:45:15.000Z</time>
        <extensions>
          <ns3:TrackPointExtension>
            <ns3:hr>113</ns3:hr>
          </ns3:TrackPointExtension>
        </extensions>
      </trkpt>
      <trkpt lat="47.65180592425167560577392578125" lon="18.473740406334400177001953125">
        <ele>386</ele>
        <time>2022-05-28T08:45:22.000Z</time>
        <extensions>
          <ns3:TrackPointExtension>
            <ns3:hr>112</ns3:hr>
          </ns3:TrackPointExtension>
        </extensions>
      </trkpt>
      <trkpt lat="47.65178798697888851165771484375" lon="18.47370453178882598876953125">
        <ele>385.79998779296875</ele>
        <time>2022-05-28T08:45:25.000Z</time>
        <extensions>
          <ns3:TrackPointExtension>
            <ns3:hr>115</ns3:hr>
          </ns3:TrackPointExtension>
        </extensions>
      </trkpt>
      <trkpt lat="47.6517925970256328582763671875" lon="18.47368030808866024017333984375">
        <ele>385.600006103515625</ele>
        <time>2022-05-28T08:45:28.000Z</time>
        <extensions>
          <ns3:TrackPointExtension>
            <ns3:hr>113</ns3:hr>
          </ns3:TrackPointExtension>
        </extensions>
      </trkpt>
      <trkpt lat="47.65176870860159397125244140625" lon="18.473620377480983734130859375">
        <ele>385.20001220703125</ele>
        <time>2022-05-28T08:45:35.000Z</time>
        <extensions>
          <ns3:TrackPointExtension>
            <ns3:hr>113</ns3:hr>
          </ns3:TrackPointExtension>
        </extensions>
      </trkpt>
      <trkpt lat="47.651760242879390716552734375" lon="18.473572768270969390869140625">
        <ele>385</ele>
        <time>2022-05-28T08:45:39.000Z</time>
        <extensions>
          <ns3:TrackPointExtension>
            <ns3:hr>112</ns3:hr>
          </ns3:TrackPointExtension>
        </extensions>
      </trkpt>
      <trkpt lat="47.6517590694129467010498046875" lon="18.473555333912372589111328125">
        <ele>384.79998779296875</ele>
        <time>2022-05-28T08:45:41.000Z</time>
        <extensions>
          <ns3:TrackPointExtension>
            <ns3:hr>112</ns3:hr>
          </ns3:TrackPointExtension>
        </extensions>
      </trkpt>
      <trkpt lat="47.65174649655818939208984375" lon="18.47347226925194263458251953125">
        <ele>384.20001220703125</ele>
        <time>2022-05-28T08:45:49.000Z</time>
        <extensions>
          <ns3:TrackPointExtension>
            <ns3:hr>112</ns3:hr>
          </ns3:TrackPointExtension>
        </extensions>
      </trkpt>
      <trkpt lat="47.6516967080533504486083984375" lon="18.47332893870770931243896484375">
        <ele>383</ele>
        <time>2022-05-28T08:45:56.000Z</time>
        <extensions>
          <ns3:TrackPointExtension>
            <ns3:hr>112</ns3:hr>
          </ns3:TrackPointExtension>
        </extensions>
      </trkpt>
      <trkpt lat="47.65160006470978260040283203125" lon="18.47315509803593158721923828125">
        <ele>381.399993896484375</ele>
        <time>2022-05-28T08:46:04.000Z</time>
        <extensions>
          <ns3:TrackPointExtension>
            <ns3:hr>110</ns3:hr>
          </ns3:TrackPointExtension>
        </extensions>
      </trkpt>
      <trkpt lat="47.65162521041929721832275390625" lon="18.4730468876659870147705078125">
        <ele>380.600006103515625</ele>
        <time>2022-05-28T08:46:10.000Z</time>
        <extensions>
          <ns3:TrackPointExtension>
            <ns3:hr>108</ns3:hr>
          </ns3:TrackPointExtension>
        </extensions>
      </trkpt>
      <trkpt lat="47.65163375996053218841552734375" lon="18.47301411442458629608154296875">
        <ele>380.600006103515625</ele>
        <time>2022-05-28T08:46:12.000Z</time>
        <extensions>
          <ns3:TrackPointExtension>
            <ns3:hr>111</ns3:hr>
          </ns3:TrackPointExtension>
        </extensions>
      </trkpt>
      <trkpt lat="47.65162386931478977203369140625" lon="18.47297170199453830718994140625">
        <ele>380.399993896484375</ele>
        <time>2022-05-28T08:46:15.000Z</time>
        <extensions>
          <ns3:TrackPointExtension>
            <ns3:hr>111</ns3:hr>
          </ns3:TrackPointExtension>
        </extensions>
      </trkpt>
      <trkpt lat="47.65163627453148365020751953125" lon="18.47294068895280361175537109375">
        <ele>380.399993896484375</ele>
        <time>2022-05-28T08:46:17.000Z</time>
        <extensions>
          <ns3:TrackPointExtension>
            <ns3:hr>111</ns3:hr>
          </ns3:TrackPointExtension>
        </extensions>
      </trkpt>
      <trkpt lat="47.651674412190914154052734375" lon="18.47284815274178981781005859375">
        <ele>380.20001220703125</ele>
        <time>2022-05-28T08:46:23.000Z</time>
        <extensions>
          <ns3:TrackPointExtension>
            <ns3:hr>109</ns3:hr>
          </ns3:TrackPointExtension>
        </extensions>
      </trkpt>
      <trkpt lat="47.65167483128607273101806640625" lon="18.47283926792442798614501953125">
        <ele>380.20001220703125</ele>
        <time>2022-05-28T08:46:28.000Z</time>
        <extensions>
          <ns3:TrackPointExtension>
            <ns3:hr>106</ns3:hr>
          </ns3:TrackPointExtension>
        </extensions>
      </trkpt>
      <trkpt lat="47.651677764952182769775390625" lon="18.4728165529668331146240234375">
        <ele>380</ele>
        <time>2022-05-28T08:46:29.000Z</time>
        <extensions>
          <ns3:TrackPointExtension>
            <ns3:hr>107</ns3:hr>
          </ns3:TrackPointExtension>
        </extensions>
      </trkpt>
      <trkpt lat="47.65169042162597179412841796875" lon="18.47280825488269329071044921875">
        <ele>380</ele>
        <time>2022-05-28T08:46:35.000Z</time>
        <extensions>
          <ns3:TrackPointExtension>
            <ns3:hr>104</ns3:hr>
          </ns3:TrackPointExtension>
        </extensions>
      </trkpt>
      <trkpt lat="47.651691175997257232666015625" lon="18.472853936254978179931640625">
        <ele>380.20001220703125</ele>
        <time>2022-05-28T08:46:46.000Z</time>
        <extensions>
          <ns3:TrackPointExtension>
            <ns3:hr>106</ns3:hr>
          </ns3:TrackPointExtension>
        </extensions>
      </trkpt>
      <trkpt lat="47.6516531221568584442138671875" lon="18.47294487990438938140869140625">
        <ele>380.399993896484375</ele>
        <time>2022-05-28T08:46:52.000Z</time>
        <extensions>
          <ns3:TrackPointExtension>
            <ns3:hr>109</ns3:hr>
          </ns3:TrackPointExtension>
        </extensions>
      </trkpt>
      <trkpt lat="47.65162806026637554168701171875" lon="18.4729654155671596527099609375">
        <ele>380.399993896484375</ele>
        <time>2022-05-28T08:46:54.000Z</time>
        <extensions>
          <ns3:TrackPointExtension>
            <ns3:hr>110</ns3:hr>
          </ns3:TrackPointExtension>
        </extensions>
      </trkpt>
      <trkpt lat="47.6516172476112842559814453125" lon="18.47297170199453830718994140625">
        <ele>380.399993896484375</ele>
        <time>2022-05-28T08:46:55.000Z</time>
        <extensions>
          <ns3:TrackPointExtension>
            <ns3:hr>110</ns3:hr>
          </ns3:TrackPointExtension>
        </extensions>
      </trkpt>
      <trkpt lat="47.65156687237322330474853515625" lon="18.4730220772325992584228515625">
        <ele>380.399993896484375</ele>
        <time>2022-05-28T08:47:02.000Z</time>
        <extensions>
          <ns3:TrackPointExtension>
            <ns3:hr>110</ns3:hr>
          </ns3:TrackPointExtension>
        </extensions>
      </trkpt>
      <trkpt lat="47.65148364007472991943359375" lon="18.4731602109968662261962890625">
        <ele>381</ele>
        <time>2022-05-28T08:47:12.000Z</time>
        <extensions>
          <ns3:TrackPointExtension>
            <ns3:hr>112</ns3:hr>
          </ns3:TrackPointExtension>
        </extensions>
      </trkpt>
      <trkpt lat="47.65141398645937442779541015625" lon="18.47316197119653224945068359375">
        <ele>380.79998779296875</ele>
        <time>2022-05-28T08:47:18.000Z</time>
        <extensions>
          <ns3:TrackPointExtension>
            <ns3:hr>109</ns3:hr>
          </ns3:TrackPointExtension>
        </extensions>
      </trkpt>
      <trkpt lat="47.65139604918658733367919921875" lon="18.4731565229594707489013671875">
        <ele>380.600006103515625</ele>
        <time>2022-05-28T08:47:19.000Z</time>
        <extensions>
          <ns3:TrackPointExtension>
            <ns3:hr>109</ns3:hr>
          </ns3:TrackPointExtension>
        </extensions>
      </trkpt>
      <trkpt lat="47.6513305865228176116943359375" lon="18.4732262603938579559326171875">
        <ele>381</ele>
        <time>2022-05-28T08:47:25.000Z</time>
        <extensions>
          <ns3:TrackPointExtension>
            <ns3:hr>111</ns3:hr>
          </ns3:TrackPointExtension>
        </extensions>
      </trkpt>
      <trkpt lat="47.651294879615306854248046875" lon="18.4732235781848430633544921875">
        <ele>380.79998779296875</ele>
        <time>2022-05-28T08:47:30.000Z</time>
        <extensions>
          <ns3:TrackPointExtension>
            <ns3:hr>109</ns3:hr>
          </ns3:TrackPointExtension>
        </extensions>
      </trkpt>
      <trkpt lat="47.65127736143767833709716796875" lon="18.4731994383037090301513671875">
        <ele>380.600006103515625</ele>
        <time>2022-05-28T08:47:32.000Z</time>
        <extensions>
          <ns3:TrackPointExtension>
            <ns3:hr>110</ns3:hr>
          </ns3:TrackPointExtension>
        </extensions>
      </trkpt>
      <trkpt lat="47.651215754449367523193359375" lon="18.47320153377950191497802734375">
        <ele>380.399993896484375</ele>
        <time>2022-05-28T08:47:37.000Z</time>
        <extensions>
          <ns3:TrackPointExtension>
            <ns3:hr>110</ns3:hr>
          </ns3:TrackPointExtension>
        </extensions>
      </trkpt>
      <trkpt lat="47.65114945359528064727783203125" lon="18.473173119127750396728515625">
        <ele>379.79998779296875</ele>
        <time>2022-05-28T08:47:44.000Z</time>
        <extensions>
          <ns3:TrackPointExtension>
            <ns3:hr>110</ns3:hr>
          </ns3:TrackPointExtension>
        </extensions>
      </trkpt>
      <trkpt lat="47.6510439254343509674072265625" lon="18.4731421060860157012939453125">
        <ele>379.20001220703125</ele>
        <time>2022-05-28T08:47:51.000Z</time>
        <extensions>
          <ns3:TrackPointExtension>
            <ns3:hr>110</ns3:hr>
          </ns3:TrackPointExtension>
        </extensions>
      </trkpt>
      <trkpt lat="47.65100075863301753997802734375" lon="18.47314403392374515533447265625">
        <ele>379.20001220703125</ele>
        <time>2022-05-28T08:47:53.000Z</time>
        <extensions>
          <ns3:TrackPointExtension>
            <ns3:hr>110</ns3:hr>
          </ns3:TrackPointExtension>
        </extensions>
      </trkpt>
      <trkpt lat="47.65090101398527622222900390625" lon="18.47311771474778652191162109375">
        <ele>378.600006103515625</ele>
        <time>2022-05-28T08:48:00.000Z</time>
        <extensions>
          <ns3:TrackPointExtension>
            <ns3:hr>110</ns3:hr>
          </ns3:TrackPointExtension>
        </extensions>
      </trkpt>
      <trkpt lat="47.65089363791048526763916015625" lon="18.4731229953467845916748046875">
        <ele>378.600006103515625</ele>
        <time>2022-05-28T08:48:02.000Z</time>
        <extensions>
          <ns3:TrackPointExtension>
            <ns3:hr>113</ns3:hr>
          </ns3:TrackPointExtension>
        </extensions>
      </trkpt>
      <trkpt lat="47.65089581720530986785888671875" lon="18.47312442027032375335693359375">
        <ele>378.600006103515625</ele>
        <time>2022-05-28T08:48:03.000Z</time>
        <extensions>
          <ns3:TrackPointExtension>
            <ns3:hr>110</ns3:hr>
          </ns3:TrackPointExtension>
        </extensions>
      </trkpt>
      <trkpt lat="47.650871090590953826904296875" lon="18.473132215440273284912109375">
        <ele>378.600006103515625</ele>
        <time>2022-05-28T08:48:06.000Z</time>
        <extensions>
          <ns3:TrackPointExtension>
            <ns3:hr>112</ns3:hr>
          </ns3:TrackPointExtension>
        </extensions>
      </trkpt>
      <trkpt lat="47.6507716812193393707275390625" lon="18.47319063730537891387939453125">
        <ele>377.600006103515625</ele>
        <time>2022-05-28T08:48:13.000Z</time>
        <extensions>
          <ns3:TrackPointExtension>
            <ns3:hr>115</ns3:hr>
          </ns3:TrackPointExtension>
        </extensions>
      </trkpt>
      <trkpt lat="47.65076690353453159332275390625" lon="18.4731929004192352294921875">
        <ele>377.399993896484375</ele>
        <time>2022-05-28T08:48:14.000Z</time>
        <extensions>
          <ns3:TrackPointExtension>
            <ns3:hr>115</ns3:hr>
          </ns3:TrackPointExtension>
        </extensions>
      </trkpt>
      <trkpt lat="47.65069775283336639404296875" lon="18.47320790402591228485107421875">
        <ele>376.600006103515625</ele>
        <time>2022-05-28T08:48:21.000Z</time>
        <extensions>
          <ns3:TrackPointExtension>
            <ns3:hr>115</ns3:hr>
          </ns3:TrackPointExtension>
        </extensions>
      </trkpt>
      <trkpt lat="47.65067084692418575286865234375" lon="18.47322064451873302459716796875">
        <ele>376.20001220703125</ele>
        <time>2022-05-28T08:48:27.000Z</time>
        <extensions>
          <ns3:TrackPointExtension>
            <ns3:hr>113</ns3:hr>
          </ns3:TrackPointExtension>
        </extensions>
      </trkpt>
      <trkpt lat="47.65062608756124973297119140625" lon="18.47325819544494152069091796875">
        <ele>376</ele>
        <time>2022-05-28T08:48:32.000Z</time>
        <extensions>
          <ns3:TrackPointExtension>
            <ns3:hr>113</ns3:hr>
          </ns3:TrackPointExtension>
        </extensions>
      </trkpt>
      <trkpt lat="47.65061435289680957794189453125" lon="18.4732648171484470367431640625">
        <ele>375.79998779296875</ele>
        <time>2022-05-28T08:48:33.000Z</time>
        <extensions>
          <ns3:TrackPointExtension>
            <ns3:hr>113</ns3:hr>
          </ns3:TrackPointExtension>
        </extensions>
      </trkpt>
      <trkpt lat="47.65057168900966644287109375" lon="18.47327814437448978424072265625">
        <ele>375.399993896484375</ele>
        <time>2022-05-28T08:48:39.000Z</time>
        <extensions>
          <ns3:TrackPointExtension>
            <ns3:hr>112</ns3:hr>
          </ns3:TrackPointExtension>
        </extensions>
      </trkpt>
      <trkpt lat="47.6505658216774463653564453125" lon="18.4732772223651409149169921875">
        <ele>375.399993896484375</ele>
        <time>2022-05-28T08:48:40.000Z</time>
        <extensions>
          <ns3:TrackPointExtension>
            <ns3:hr>109</ns3:hr>
          </ns3:TrackPointExtension>
        </extensions>
      </trkpt>
      <trkpt lat="47.6505039632320404052734375" lon="18.4733001887798309326171875">
        <ele>374.79998779296875</ele>
        <time>2022-05-28T08:48:46.000Z</time>
        <extensions>
          <ns3:TrackPointExtension>
            <ns3:hr>109</ns3:hr>
          </ns3:TrackPointExtension>
        </extensions>
      </trkpt>
      <trkpt lat="47.65043489634990692138671875" lon="18.47333363257348537445068359375">
        <ele>374.20001220703125</ele>
        <time>2022-05-28T08:48:50.000Z</time>
        <extensions>
          <ns3:TrackPointExtension>
            <ns3:hr>106</ns3:hr>
          </ns3:TrackPointExtension>
        </extensions>
      </trkpt>
      <trkpt lat="47.65040363185107707977294921875" lon="18.47335156984627246856689453125">
        <ele>374</ele>
        <time>2022-05-28T08:48:53.000Z</time>
        <extensions>
          <ns3:TrackPointExtension>
            <ns3:hr>105</ns3:hr>
          </ns3:TrackPointExtension>
        </extensions>
      </trkpt>
      <trkpt lat="47.65036021359264850616455078125" lon="18.47335978411138057708740234375">
        <ele>373.600006103515625</ele>
        <time>2022-05-28T08:48:57.000Z</time>
        <extensions>
          <ns3:TrackPointExtension>
            <ns3:hr>102</ns3:hr>
          </ns3:TrackPointExtension>
        </extensions>
      </trkpt>
      <trkpt lat="47.65033490024507045745849609375" lon="18.473373949527740478515625">
        <ele>373.20001220703125</ele>
        <time>2022-05-28T08:49:00.000Z</time>
        <extensions>
          <ns3:TrackPointExtension>
            <ns3:hr>104</ns3:hr>
          </ns3:TrackPointExtension>
        </extensions>
      </trkpt>
      <trkpt lat="47.6503328047692775726318359375" lon="18.47338358871638774871826171875">
        <ele>373.20001220703125</ele>
        <time>2022-05-28T08:49:07.000Z</time>
        <extensions>
          <ns3:TrackPointExtension>
            <ns3:hr>104</ns3:hr>
          </ns3:TrackPointExtension>
        </extensions>
      </trkpt>
      <trkpt lat="47.65033490024507045745849609375" lon="18.4733801521360874176025390625">
        <ele>373.20001220703125</ele>
        <time>2022-05-28T08:49:21.000Z</time>
        <extensions>
          <ns3:TrackPointExtension>
            <ns3:hr>102</ns3:hr>
          </ns3:TrackPointExtension>
        </extensions>
      </trkpt>
      <trkpt lat="47.650340013206005096435546875" lon="18.473377637565135955810546875">
        <ele>373.20001220703125</ele>
        <time>2022-05-28T08:49:47.000Z</time>
        <extensions>
          <ns3:TrackPointExtension>
            <ns3:hr>99</ns3:hr>
          </ns3:TrackPointExtension>
        </extensions>
      </trkpt>
      <trkpt lat="47.65025929547846317291259765625" lon="18.473437316715717315673828125">
        <ele>372.600006103515625</ele>
        <time>2022-05-28T08:49:59.000Z</time>
        <extensions>
          <ns3:TrackPointExtension>
            <ns3:hr>99</ns3:hr>
          </ns3:TrackPointExtension>
        </extensions>
      </trkpt>
      <trkpt lat="47.6501329801976680755615234375" lon="18.473531864583492279052734375">
        <ele>371.600006103515625</ele>
        <time>2022-05-28T08:50:06.000Z</time>
        <extensions>
          <ns3:TrackPointExtension>
            <ns3:hr>101</ns3:hr>
          </ns3:TrackPointExtension>
        </extensions>
      </trkpt>
      <trkpt lat="47.650031559169292449951171875" lon="18.47355927340686321258544921875">
        <ele>371</ele>
        <time>2022-05-28T08:50:15.000Z</time>
        <extensions>
          <ns3:TrackPointExtension>
            <ns3:hr>101</ns3:hr>
          </ns3:TrackPointExtension>
        </extensions>
      </trkpt>
      <trkpt lat="47.649955116212368011474609375" lon="18.47358542494475841522216796875">
        <ele>370.600006103515625</ele>
        <time>2022-05-28T08:50:22.000Z</time>
        <extensions>
          <ns3:TrackPointExtension>
            <ns3:hr>101</ns3:hr>
          </ns3:TrackPointExtension>
        </extensions>
      </trkpt>
      <trkpt lat="47.649894095957279205322265625" lon="18.4736031107604503631591796875">
        <ele>370.399993896484375</ele>
        <time>2022-05-28T08:50:25.000Z</time>
        <extensions>
          <ns3:TrackPointExtension>
            <ns3:hr>101</ns3:hr>
          </ns3:TrackPointExtension>
        </extensions>
      </trkpt>
      <trkpt lat="47.6498577184975147247314453125" lon="18.47362934611737728118896484375">
        <ele>370.399993896484375</ele>
        <time>2022-05-28T08:50:28.000Z</time>
        <extensions>
          <ns3:TrackPointExtension>
            <ns3:hr>101</ns3:hr>
          </ns3:TrackPointExtension>
        </extensions>
      </trkpt>
      <trkpt lat="47.64977985061705112457275390625" lon="18.47362062893807888031005859375">
        <ele>370</ele>
        <time>2022-05-28T08:50:34.000Z</time>
        <extensions>
          <ns3:TrackPointExtension>
            <ns3:hr>100</ns3:hr>
          </ns3:TrackPointExtension>
        </extensions>
      </trkpt>
      <trkpt lat="47.64976543374359607696533203125" lon="18.47362297587096691131591796875">
        <ele>370</ele>
        <time>2022-05-28T08:50:35.000Z</time>
        <extensions>
          <ns3:TrackPointExtension>
            <ns3:hr>100</ns3:hr>
          </ns3:TrackPointExtension>
        </extensions>
      </trkpt>
      <trkpt lat="47.64973006211221218109130859375" lon="18.47361777909100055694580078125">
        <ele>370</ele>
        <time>2022-05-28T08:50:38.000Z</time>
        <extensions>
          <ns3:TrackPointExtension>
            <ns3:hr>99</ns3:hr>
          </ns3:TrackPointExtension>
        </extensions>
      </trkpt>
      <trkpt lat="47.64971128664910793304443359375" lon="18.47361912019550800323486328125">
        <ele>369.79998779296875</ele>
        <time>2022-05-28T08:50:40.000Z</time>
        <extensions>
          <ns3:TrackPointExtension>
            <ns3:hr>96</ns3:hr>
          </ns3:TrackPointExtension>
        </extensions>
      </trkpt>
      <trkpt lat="47.64969787560403347015380859375" lon="18.4736101515591144561767578125">
        <ele>369.79998779296875</ele>
        <time>2022-05-28T08:50:41.000Z</time>
        <extensions>
          <ns3:TrackPointExtension>
            <ns3:hr>99</ns3:hr>
          </ns3:TrackPointExtension>
        </extensions>
      </trkpt>
      <trkpt lat="47.64966309070587158203125" lon="18.47360319457948207855224609375">
        <ele>369.600006103515625</ele>
        <time>2022-05-28T08:50:44.000Z</time>
        <extensions>
          <ns3:TrackPointExtension>
            <ns3:hr>102</ns3:hr>
          </ns3:TrackPointExtension>
        </extensions>
      </trkpt>
      <trkpt lat="47.64964087866246700286865234375" lon="18.47360788844525814056396484375">
        <ele>369.600006103515625</ele>
        <time>2022-05-28T08:50:46.000Z</time>
        <extensions>
          <ns3:TrackPointExtension>
            <ns3:hr>101</ns3:hr>
          </ns3:TrackPointExtension>
        </extensions>
      </trkpt>
      <trkpt lat="47.64958354644477367401123046875" lon="18.47359992563724517822265625">
        <ele>369.399993896484375</ele>
        <time>2022-05-28T08:50:52.000Z</time>
        <extensions>
          <ns3:TrackPointExtension>
            <ns3:hr>97</ns3:hr>
          </ns3:TrackPointExtension>
        </extensions>
      </trkpt>
      <trkpt lat="47.6495757512748241424560546875" lon="18.47360637970268726348876953125">
        <ele>369.399993896484375</ele>
        <time>2022-05-28T08:50:53.000Z</time>
        <extensions>
          <ns3:TrackPointExtension>
            <ns3:hr>100</ns3:hr>
          </ns3:TrackPointExtension>
        </extensions>
      </trkpt>
      <trkpt lat="47.6495633460581302642822265625" lon="18.4736141748726367950439453125">
        <ele>369.399993896484375</ele>
        <time>2022-05-28T08:50:55.000Z</time>
        <extensions>
          <ns3:TrackPointExtension>
            <ns3:hr>97</ns3:hr>
          </ns3:TrackPointExtension>
        </extensions>
      </trkpt>
      <trkpt lat="47.64948782511055469512939453125" lon="18.47366966307163238525390625">
        <ele>369.20001220703125</ele>
        <time>2022-05-28T08:50:59.000Z</time>
        <extensions>
          <ns3:TrackPointExtension>
            <ns3:hr>100</ns3:hr>
          </ns3:TrackPointExtension>
        </extensions>
      </trkpt>
      <trkpt lat="47.64947122894227504730224609375" lon="18.47367762587964534759521484375">
        <ele>369.20001220703125</ele>
        <time>2022-05-28T08:51:00.000Z</time>
        <extensions>
          <ns3:TrackPointExtension>
            <ns3:hr>100</ns3:hr>
          </ns3:TrackPointExtension>
        </extensions>
      </trkpt>
      <trkpt lat="47.64936293475329875946044921875" lon="18.47369556315243244171142578125">
        <ele>368.399993896484375</ele>
        <time>2022-05-28T08:51:10.000Z</time>
        <extensions>
          <ns3:TrackPointExtension>
            <ns3:hr>103</ns3:hr>
          </ns3:TrackPointExtension>
        </extensions>
      </trkpt>
      <trkpt lat="47.64935656450688838958740234375" lon="18.4736979939043521881103515625">
        <ele>368.399993896484375</ele>
        <time>2022-05-28T08:51:11.000Z</time>
        <extensions>
          <ns3:TrackPointExtension>
            <ns3:hr>103</ns3:hr>
          </ns3:TrackPointExtension>
        </extensions>
      </trkpt>
      <trkpt lat="47.649275176227092742919921875" lon="18.4737281687557697296142578125">
        <ele>368</ele>
        <time>2022-05-28T08:51:18.000Z</time>
        <extensions>
          <ns3:TrackPointExtension>
            <ns3:hr>104</ns3:hr>
          </ns3:TrackPointExtension>
        </extensions>
      </trkpt>
      <trkpt lat="47.6492196880280971527099609375" lon="18.47378005273640155792236328125">
        <ele>367.79998779296875</ele>
        <time>2022-05-28T08:51:24.000Z</time>
        <extensions>
          <ns3:TrackPointExtension>
            <ns3:hr>103</ns3:hr>
          </ns3:TrackPointExtension>
        </extensions>
      </trkpt>
      <trkpt lat="47.64911214821040630340576171875" lon="18.47377820871770381927490234375">
        <ele>367</ele>
        <time>2022-05-28T08:51:34.000Z</time>
        <extensions>
          <ns3:TrackPointExtension>
            <ns3:hr>103</ns3:hr>
          </ns3:TrackPointExtension>
        </extensions>
      </trkpt>
      <trkpt lat="47.649015001952648162841796875" lon="18.4738004207611083984375">
        <ele>366</ele>
        <time>2022-05-28T08:51:42.000Z</time>
        <extensions>
          <ns3:TrackPointExtension>
            <ns3:hr>103</ns3:hr>
          </ns3:TrackPointExtension>
        </extensions>
      </trkpt>
      <trkpt lat="47.648924477398395538330078125" lon="18.47383067943155765533447265625">
        <ele>365</ele>
        <time>2022-05-28T08:51:49.000Z</time>
        <extensions>
          <ns3:TrackPointExtension>
            <ns3:hr>104</ns3:hr>
          </ns3:TrackPointExtension>
        </extensions>
      </trkpt>
      <trkpt lat="47.64884359203279018402099609375" lon="18.47385029308497905731201171875">
        <ele>365</ele>
        <time>2022-05-28T08:51:55.000Z</time>
        <extensions>
          <ns3:TrackPointExtension>
            <ns3:hr>105</ns3:hr>
          </ns3:TrackPointExtension>
        </extensions>
      </trkpt>
      <trkpt lat="47.64879212714731693267822265625" lon="18.47387610934674739837646484375">
        <ele>365</ele>
        <time>2022-05-28T08:52:00.000Z</time>
        <extensions>
          <ns3:TrackPointExtension>
            <ns3:hr>108</ns3:hr>
          </ns3:TrackPointExtension>
        </extensions>
      </trkpt>
      <trkpt lat="47.64873999170958995819091796875" lon="18.47388692200183868408203125">
        <ele>365</ele>
        <time>2022-05-28T08:52:03.000Z</time>
        <extensions>
          <ns3:TrackPointExtension>
            <ns3:hr>105</ns3:hr>
          </ns3:TrackPointExtension>
        </extensions>
      </trkpt>
      <trkpt lat="47.64868073165416717529296875" lon="18.47391030751168727874755859375">
        <ele>365.20001220703125</ele>
        <time>2022-05-28T08:52:09.000Z</time>
        <extensions>
          <ns3:TrackPointExtension>
            <ns3:hr>106</ns3:hr>
          </ns3:TrackPointExtension>
        </extensions>
      </trkpt>
      <trkpt lat="47.6485689170658588409423828125" lon="18.47396629862487316131591796875">
        <ele>365</ele>
        <time>2022-05-28T08:52:18.000Z</time>
        <extensions>
          <ns3:TrackPointExtension>
            <ns3:hr>106</ns3:hr>
          </ns3:TrackPointExtension>
        </extensions>
      </trkpt>
      <trkpt lat="47.64854385517537593841552734375" lon="18.473983816802501678466796875">
        <ele>365</ele>
        <time>2022-05-28T08:52:22.000Z</time>
        <extensions>
          <ns3:TrackPointExtension>
            <ns3:hr>103</ns3:hr>
          </ns3:TrackPointExtension>
        </extensions>
      </trkpt>
      <trkpt lat="47.64848870225250720977783203125" lon="18.4740111418068408966064453125">
        <ele>364.79998779296875</ele>
        <time>2022-05-28T08:52:27.000Z</time>
        <extensions>
          <ns3:TrackPointExtension>
            <ns3:hr>103</ns3:hr>
          </ns3:TrackPointExtension>
        </extensions>
      </trkpt>
      <trkpt lat="47.6484254188835620880126953125" lon="18.474016003310680389404296875">
        <ele>364.600006103515625</ele>
        <time>2022-05-28T08:52:33.000Z</time>
        <extensions>
          <ns3:TrackPointExtension>
            <ns3:hr>101</ns3:hr>
          </ns3:TrackPointExtension>
        </extensions>
      </trkpt>
      <trkpt lat="47.6483503170311450958251953125" lon="18.474007286131381988525390625">
        <ele>364.20001220703125</ele>
        <time>2022-05-28T08:52:37.000Z</time>
        <extensions>
          <ns3:TrackPointExtension>
            <ns3:hr>104</ns3:hr>
          </ns3:TrackPointExtension>
        </extensions>
      </trkpt>
      <trkpt lat="47.64833263121545314788818359375" lon="18.474021367728710174560546875">
        <ele>364.20001220703125</ele>
        <time>2022-05-28T08:52:38.000Z</time>
        <extensions>
          <ns3:TrackPointExtension>
            <ns3:hr>101</ns3:hr>
          </ns3:TrackPointExtension>
        </extensions>
      </trkpt>
      <trkpt lat="47.64830815605819225311279296875" lon="18.47402815707027912139892578125">
        <ele>364</ele>
        <time>2022-05-28T08:52:40.000Z</time>
        <extensions>
          <ns3:TrackPointExtension>
            <ns3:hr>99</ns3:hr>
          </ns3:TrackPointExtension>
        </extensions>
      </trkpt>
      <trkpt lat="47.64824260957539081573486328125" lon="18.4739890135824680328369140625">
        <ele>363.399993896484375</ele>
        <time>2022-05-28T08:52:46.000Z</time>
        <extensions>
          <ns3:TrackPointExtension>
            <ns3:hr>101</ns3:hr>
          </ns3:TrackPointExtension>
        </extensions>
      </trkpt>
      <trkpt lat="47.64820866286754608154296875" lon="18.473990857601165771484375">
        <ele>363.20001220703125</ele>
        <time>2022-05-28T08:52:48.000Z</time>
        <extensions>
          <ns3:TrackPointExtension>
            <ns3:hr>101</ns3:hr>
          </ns3:TrackPointExtension>
        </extensions>
      </trkpt>
      <trkpt lat="47.64811520464718341827392578125" lon="18.474003933370113372802734375">
        <ele>362.600006103515625</ele>
        <time>2022-05-28T08:52:56.000Z</time>
        <extensions>
          <ns3:TrackPointExtension>
            <ns3:hr>104</ns3:hr>
          </ns3:TrackPointExtension>
        </extensions>
      </trkpt>
      <trkpt lat="47.64805577695369720458984375" lon="18.47399882040917873382568359375">
        <ele>362.20001220703125</ele>
        <time>2022-05-28T08:53:02.000Z</time>
        <extensions>
          <ns3:TrackPointExtension>
            <ns3:hr>104</ns3:hr>
          </ns3:TrackPointExtension>
        </extensions>
      </trkpt>
      <trkpt lat="47.64804379083216190338134765625" lon="18.47399865277111530303955078125">
        <ele>362</ele>
        <time>2022-05-28T08:53:03.000Z</time>
        <extensions>
          <ns3:TrackPointExtension>
            <ns3:hr>102</ns3:hr>
          </ns3:TrackPointExtension>
        </extensions>
      </trkpt>
      <trkpt lat="47.6479788310825824737548828125" lon="18.47400493919849395751953125">
        <ele>361.600006103515625</ele>
        <time>2022-05-28T08:53:09.000Z</time>
        <extensions>
          <ns3:TrackPointExtension>
            <ns3:hr>103</ns3:hr>
          </ns3:TrackPointExtension>
        </extensions>
      </trkpt>
      <trkpt lat="47.64791320078074932098388671875" lon="18.4739652089774608612060546875">
        <ele>361</ele>
        <time>2022-05-28T08:53:17.000Z</time>
        <extensions>
          <ns3:TrackPointExtension>
            <ns3:hr>103</ns3:hr>
          </ns3:TrackPointExtension>
        </extensions>
      </trkpt>
      <trkpt lat="47.647844888269901275634765625" lon="18.473953641951084136962890625">
        <ele>360.600006103515625</ele>
        <time>2022-05-28T08:53:24.000Z</time>
        <extensions>
          <ns3:TrackPointExtension>
            <ns3:hr>105</ns3:hr>
          </ns3:TrackPointExtension>
        </extensions>
      </trkpt>
      <trkpt lat="47.64773349277675151824951171875" lon="18.473918102681636810302734375">
        <ele>360</ele>
        <time>2022-05-28T08:53:32.000Z</time>
        <extensions>
          <ns3:TrackPointExtension>
            <ns3:hr>106</ns3:hr>
          </ns3:TrackPointExtension>
        </extensions>
      </trkpt>
      <trkpt lat="47.6476581394672393798828125" lon="18.473914079368114471435546875">
        <ele>359.600006103515625</ele>
        <time>2022-05-28T08:53:39.000Z</time>
        <extensions>
          <ns3:TrackPointExtension>
            <ns3:hr>106</ns3:hr>
          </ns3:TrackPointExtension>
        </extensions>
      </trkpt>
      <trkpt lat="47.6475642621517181396484375" lon="18.4738971479237079620361328125">
        <ele>359.20001220703125</ele>
        <time>2022-05-28T08:53:47.000Z</time>
        <extensions>
          <ns3:TrackPointExtension>
            <ns3:hr>107</ns3:hr>
          </ns3:TrackPointExtension>
        </extensions>
      </trkpt>
      <trkpt lat="47.6474853046238422393798828125" lon="18.47387594170868396759033203125">
        <ele>358.600006103515625</ele>
        <time>2022-05-28T08:53:54.000Z</time>
        <extensions>
          <ns3:TrackPointExtension>
            <ns3:hr>107</ns3:hr>
          </ns3:TrackPointExtension>
        </extensions>
      </trkpt>
      <trkpt lat="47.64747080393135547637939453125" lon="18.47388097085058689117431640625">
        <ele>358.399993896484375</ele>
        <time>2022-05-28T08:53:56.000Z</time>
        <extensions>
          <ns3:TrackPointExtension>
            <ns3:hr>107</ns3:hr>
          </ns3:TrackPointExtension>
        </extensions>
      </trkpt>
      <trkpt lat="47.64742772094905376434326171875" lon="18.4738763608038425445556640625">
        <ele>358.20001220703125</ele>
        <time>2022-05-28T08:54:00.000Z</time>
        <extensions>
          <ns3:TrackPointExtension>
            <ns3:hr>104</ns3:hr>
          </ns3:TrackPointExtension>
        </extensions>
      </trkpt>
      <trkpt lat="47.64733962714672088623046875" lon="18.47384710796177387237548828125">
        <ele>357.399993896484375</ele>
        <time>2022-05-28T08:54:06.000Z</time>
        <extensions>
          <ns3:TrackPointExtension>
            <ns3:hr>105</ns3:hr>
          </ns3:TrackPointExtension>
        </extensions>
      </trkpt>
      <trkpt lat="47.6472767628729343414306640625" lon="18.47385146655142307281494140625">
        <ele>357</ele>
        <time>2022-05-28T08:54:12.000Z</time>
        <extensions>
          <ns3:TrackPointExtension>
            <ns3:hr>103</ns3:hr>
          </ns3:TrackPointExtension>
        </extensions>
      </trkpt>
      <trkpt lat="47.64724616892635822296142578125" lon="18.47387577407062053680419921875">
        <ele>357</ele>
        <time>2022-05-28T08:54:17.000Z</time>
        <extensions>
          <ns3:TrackPointExtension>
            <ns3:hr>106</ns3:hr>
          </ns3:TrackPointExtension>
        </extensions>
      </trkpt>
      <trkpt lat="47.64724600128829479217529296875" lon="18.4738777019083499908447265625">
        <ele>357</ele>
        <time>2022-05-28T08:54:18.000Z</time>
        <extensions>
          <ns3:TrackPointExtension>
            <ns3:hr>105</ns3:hr>
          </ns3:TrackPointExtension>
        </extensions>
      </trkpt>
      <trkpt lat="47.647229321300983428955078125" lon="18.473875187337398529052734375">
        <ele>356.79998779296875</ele>
        <time>2022-05-28T08:54:24.000Z</time>
        <extensions>
          <ns3:TrackPointExtension>
            <ns3:hr>103</ns3:hr>
          </ns3:TrackPointExtension>
        </extensions>
      </trkpt>
      <trkpt lat="47.64716126024723052978515625" lon="18.4738555736839771270751953125">
        <ele>356.600006103515625</ele>
        <time>2022-05-28T08:54:31.000Z</time>
        <extensions>
          <ns3:TrackPointExtension>
            <ns3:hr>102</ns3:hr>
          </ns3:TrackPointExtension>
        </extensions>
      </trkpt>
      <trkpt lat="47.6471339352428913116455078125" lon="18.47386546432971954345703125">
        <ele>356.600006103515625</ele>
        <time>2022-05-28T08:54:34.000Z</time>
        <extensions>
          <ns3:TrackPointExtension>
            <ns3:hr>102</ns3:hr>
          </ns3:TrackPointExtension>
        </extensions>
      </trkpt>
      <trkpt lat="47.6471161656081676483154296875" lon="18.4738756902515888214111328125">
        <ele>356.399993896484375</ele>
        <time>2022-05-28T08:54:36.000Z</time>
        <extensions>
          <ns3:TrackPointExtension>
            <ns3:hr>99</ns3:hr>
          </ns3:TrackPointExtension>
        </extensions>
      </trkpt>
      <trkpt lat="47.64709814451634883880615234375" lon="18.47387912683188915252685546875">
        <ele>356.399993896484375</ele>
        <time>2022-05-28T08:54:38.000Z</time>
        <extensions>
          <ns3:TrackPointExtension>
            <ns3:hr>100</ns3:hr>
          </ns3:TrackPointExtension>
        </extensions>
      </trkpt>
      <trkpt lat="47.64707668684422969818115234375" lon="18.47387619316577911376953125">
        <ele>356.399993896484375</ele>
        <time>2022-05-28T08:54:40.000Z</time>
        <extensions>
          <ns3:TrackPointExtension>
            <ns3:hr>100</ns3:hr>
          </ns3:TrackPointExtension>
        </extensions>
      </trkpt>
      <trkpt lat="47.64702606014907360076904296875" lon="18.47383587621152400970458984375">
        <ele>356.20001220703125</ele>
        <time>2022-05-28T08:54:45.000Z</time>
        <extensions>
          <ns3:TrackPointExtension>
            <ns3:hr>99</ns3:hr>
          </ns3:TrackPointExtension>
        </extensions>
      </trkpt>
      <trkpt lat="47.64699186198413372039794921875" lon="18.47382296808063983917236328125">
        <ele>356</ele>
        <time>2022-05-28T08:54:49.000Z</time>
        <extensions>
          <ns3:TrackPointExtension>
            <ns3:hr>103</ns3:hr>
          </ns3:TrackPointExtension>
        </extensions>
      </trkpt>
      <trkpt lat="47.64697241596877574920654296875" lon="18.47381089814007282257080078125">
        <ele>356</ele>
        <time>2022-05-28T08:54:51.000Z</time>
        <extensions>
          <ns3:TrackPointExtension>
            <ns3:hr>99</ns3:hr>
          </ns3:TrackPointExtension>
        </extensions>
      </trkpt>
      <trkpt lat="47.6468905247747898101806640625" lon="18.47375574521720409393310546875">
        <ele>355.600006103515625</ele>
        <time>2022-05-28T08:54:59.000Z</time>
        <extensions>
          <ns3:TrackPointExtension>
            <ns3:hr>100</ns3:hr>
          </ns3:TrackPointExtension>
        </extensions>
      </trkpt>
      <trkpt lat="47.64682003296911716461181640625" lon="18.473743088543415069580078125">
        <ele>355.600006103515625</ele>
        <time>2022-05-28T08:55:05.000Z</time>
        <extensions>
          <ns3:TrackPointExtension>
            <ns3:hr>97</ns3:hr>
          </ns3:TrackPointExtension>
        </extensions>
      </trkpt>
      <trkpt lat="47.646814920008182525634765625" lon="18.4737415798008441925048828125">
        <ele>355.399993896484375</ele>
        <time>2022-05-28T08:55:06.000Z</time>
        <extensions>
          <ns3:TrackPointExtension>
            <ns3:hr>97</ns3:hr>
          </ns3:TrackPointExtension>
        </extensions>
      </trkpt>
      <trkpt lat="47.64678801409900188446044921875" lon="18.47372439689934253692626953125">
        <ele>355.399993896484375</ele>
        <time>2022-05-28T08:55:08.000Z</time>
        <extensions>
          <ns3:TrackPointExtension>
            <ns3:hr>100</ns3:hr>
          </ns3:TrackPointExtension>
        </extensions>
      </trkpt>
      <trkpt lat="47.64673621393740177154541015625" lon="18.4737050347030162811279296875">
        <ele>355.399993896484375</ele>
        <time>2022-05-28T08:55:13.000Z</time>
        <extensions>
          <ns3:TrackPointExtension>
            <ns3:hr>99</ns3:hr>
          </ns3:TrackPointExtension>
        </extensions>
      </trkpt>
      <trkpt lat="47.64671408571302890777587890625" lon="18.4737063758075237274169921875">
        <ele>355.399993896484375</ele>
        <time>2022-05-28T08:55:18.000Z</time>
        <extensions>
          <ns3:TrackPointExtension>
            <ns3:hr>99</ns3:hr>
          </ns3:TrackPointExtension>
        </extensions>
      </trkpt>
      <trkpt lat="47.6466823183000087738037109375" lon="18.47370143048465251922607421875">
        <ele>355.20001220703125</ele>
        <time>2022-05-28T08:55:21.000Z</time>
        <extensions>
          <ns3:TrackPointExtension>
            <ns3:hr>102</ns3:hr>
          </ns3:TrackPointExtension>
        </extensions>
      </trkpt>
      <trkpt lat="47.6466684043407440185546875" lon="18.47370176576077938079833984375">
        <ele>355.20001220703125</ele>
        <time>2022-05-28T08:55:22.000Z</time>
        <extensions>
          <ns3:TrackPointExtension>
            <ns3:hr>98</ns3:hr>
          </ns3:TrackPointExtension>
        </extensions>
      </trkpt>
      <trkpt lat="47.6466149277985095977783203125" lon="18.473692797124385833740234375">
        <ele>355</ele>
        <time>2022-05-28T08:55:25.000Z</time>
        <extensions>
          <ns3:TrackPointExtension>
            <ns3:hr>97</ns3:hr>
          </ns3:TrackPointExtension>
        </extensions>
      </trkpt>
      <trkpt lat="47.646577544510364532470703125" lon="18.4737093932926654815673828125">
        <ele>355</ele>
        <time>2022-05-28T08:55:28.000Z</time>
        <extensions>
          <ns3:TrackPointExtension>
            <ns3:hr>93</ns3:hr>
          </ns3:TrackPointExtension>
        </extensions>
      </trkpt>
      <trkpt lat="47.64656404964625835418701171875" lon="18.47372733056545257568359375">
        <ele>355</ele>
        <time>2022-05-28T08:55:29.000Z</time>
        <extensions>
          <ns3:TrackPointExtension>
            <ns3:hr>97</ns3:hr>
          </ns3:TrackPointExtension>
        </extensions>
      </trkpt>
      <trkpt lat="47.646544687449932098388671875" lon="18.4737682342529296875">
        <ele>354.79998779296875</ele>
        <time>2022-05-28T08:55:34.000Z</time>
        <extensions>
          <ns3:TrackPointExtension>
            <ns3:hr>95</ns3:hr>
          </ns3:TrackPointExtension>
        </extensions>
      </trkpt>
      <trkpt lat="47.64652046374976634979248046875" lon="18.473794721066951751708984375">
        <ele>354.600006103515625</ele>
        <time>2022-05-28T08:55:37.000Z</time>
        <extensions>
          <ns3:TrackPointExtension>
            <ns3:hr>92</ns3:hr>
          </ns3:TrackPointExtension>
        </extensions>
      </trkpt>
      <trkpt lat="47.6464617066085338592529296875" lon="18.47383067943155765533447265625">
        <ele>354.20001220703125</ele>
        <time>2022-05-28T08:55:43.000Z</time>
        <extensions>
          <ns3:TrackPointExtension>
            <ns3:hr>93</ns3:hr>
          </ns3:TrackPointExtension>
        </extensions>
      </trkpt>
      <trkpt lat="47.6464000158011913299560546875" lon="18.4738656319677829742431640625">
        <ele>354</ele>
        <time>2022-05-28T08:55:50.000Z</time>
        <extensions>
          <ns3:TrackPointExtension>
            <ns3:hr>94</ns3:hr>
          </ns3:TrackPointExtension>
        </extensions>
      </trkpt>
      <trkpt lat="47.6463373191654682159423828125" lon="18.4738894365727901458740234375">
        <ele>353.600006103515625</ele>
        <time>2022-05-28T08:55:57.000Z</time>
        <extensions>
          <ns3:TrackPointExtension>
            <ns3:hr>97</ns3:hr>
          </ns3:TrackPointExtension>
        </extensions>
      </trkpt>
      <trkpt lat="47.6462940685451030731201171875" lon="18.47391868941485881805419921875">
        <ele>353.600006103515625</ele>
        <time>2022-05-28T08:56:03.000Z</time>
        <extensions>
          <ns3:TrackPointExtension>
            <ns3:hr>96</ns3:hr>
          </ns3:TrackPointExtension>
        </extensions>
      </trkpt>
      <trkpt lat="47.646181918680667877197265625" lon="18.4739836491644382476806640625">
        <ele>353.20001220703125</ele>
        <time>2022-05-28T08:56:12.000Z</time>
        <extensions>
          <ns3:TrackPointExtension>
            <ns3:hr>96</ns3:hr>
          </ns3:TrackPointExtension>
        </extensions>
      </trkpt>
      <trkpt lat="47.64616440050303936004638671875" lon="18.47402245737612247467041015625">
        <ele>353</ele>
        <time>2022-05-28T08:56:14.000Z</time>
        <extensions>
          <ns3:TrackPointExtension>
            <ns3:hr>99</ns3:hr>
          </ns3:TrackPointExtension>
        </extensions>
      </trkpt>
      <trkpt lat="47.6460878737270832061767578125" lon="18.4740701504051685333251953125">
        <ele>353</ele>
        <time>2022-05-28T08:56:19.000Z</time>
        <extensions>
          <ns3:TrackPointExtension>
            <ns3:hr>99</ns3:hr>
          </ns3:TrackPointExtension>
        </extensions>
      </trkpt>
      <trkpt lat="47.646069936454296112060546875" lon="18.47408733330667018890380859375">
        <ele>353</ele>
        <time>2022-05-28T08:56:21.000Z</time>
        <extensions>
          <ns3:TrackPointExtension>
            <ns3:hr>101</ns3:hr>
          </ns3:TrackPointExtension>
        </extensions>
      </trkpt>
      <trkpt lat="47.64605459757149219512939453125" lon="18.4741147421300411224365234375">
        <ele>353</ele>
        <time>2022-05-28T08:56:23.000Z</time>
        <extensions>
          <ns3:TrackPointExtension>
            <ns3:hr>98</ns3:hr>
          </ns3:TrackPointExtension>
        </extensions>
      </trkpt>
      <trkpt lat="47.6460332237184047698974609375" lon="18.474136702716350555419921875">
        <ele>353</ele>
        <time>2022-05-28T08:56:25.000Z</time>
        <extensions>
          <ns3:TrackPointExtension>
            <ns3:hr>95</ns3:hr>
          </ns3:TrackPointExtension>
        </extensions>
      </trkpt>
      <trkpt lat="47.646022997796535491943359375" lon="18.47414902411401271820068359375">
        <ele>353</ele>
        <time>2022-05-28T08:56:27.000Z</time>
        <extensions>
          <ns3:TrackPointExtension>
            <ns3:hr>97</ns3:hr>
          </ns3:TrackPointExtension>
        </extensions>
      </trkpt>
      <trkpt lat="47.6459467224776744842529296875" lon="18.47417383454740047454833984375">
        <ele>353</ele>
        <time>2022-05-28T08:56:35.000Z</time>
        <extensions>
          <ns3:TrackPointExtension>
            <ns3:hr>97</ns3:hr>
          </ns3:TrackPointExtension>
        </extensions>
      </trkpt>
      <trkpt lat="47.6458659209311008453369140625" lon="18.474307693541049957275390625">
        <ele>353.600006103515625</ele>
        <time>2022-05-28T08:56:44.000Z</time>
        <extensions>
          <ns3:TrackPointExtension>
            <ns3:hr>98</ns3:hr>
          </ns3:TrackPointExtension>
        </extensions>
      </trkpt>
      <trkpt lat="47.64571110717952251434326171875" lon="18.474347256124019622802734375">
        <ele>353.600006103515625</ele>
        <time>2022-05-28T08:56:52.000Z</time>
        <extensions>
          <ns3:TrackPointExtension>
            <ns3:hr>98</ns3:hr>
          </ns3:TrackPointExtension>
        </extensions>
      </trkpt>
      <trkpt lat="47.6456935890018939971923828125" lon="18.47434717230498790740966796875">
        <ele>353.600006103515625</ele>
        <time>2022-05-28T08:56:53.000Z</time>
        <extensions>
          <ns3:TrackPointExtension>
            <ns3:hr>97</ns3:hr>
          </ns3:TrackPointExtension>
        </extensions>
      </trkpt>
      <trkpt lat="47.64558789320290088653564453125" lon="18.47437382675707340240478515625">
        <ele>353.79998779296875</ele>
        <time>2022-05-28T08:57:00.000Z</time>
        <extensions>
          <ns3:TrackPointExtension>
            <ns3:hr>96</ns3:hr>
          </ns3:TrackPointExtension>
        </extensions>
      </trkpt>
      <trkpt lat="47.64553190208971500396728515625" lon="18.47438472323119640350341796875">
        <ele>353.79998779296875</ele>
        <time>2022-05-28T08:57:06.000Z</time>
        <extensions>
          <ns3:TrackPointExtension>
            <ns3:hr>96</ns3:hr>
          </ns3:TrackPointExtension>
        </extensions>
      </trkpt>
      <trkpt lat="47.645473480224609375" lon="18.47445026971399784088134765625">
        <ele>353.600006103515625</ele>
        <time>2022-05-28T08:57:15.000Z</time>
        <extensions>
          <ns3:TrackPointExtension>
            <ns3:hr>96</ns3:hr>
          </ns3:TrackPointExtension>
        </extensions>
      </trkpt>
      <trkpt lat="47.64545009471476078033447265625" lon="18.474456556141376495361328125">
        <ele>353.399993896484375</ele>
        <time>2022-05-28T08:57:17.000Z</time>
        <extensions>
          <ns3:TrackPointExtension>
            <ns3:hr>96</ns3:hr>
          </ns3:TrackPointExtension>
        </extensions>
      </trkpt>
      <trkpt lat="47.64540500007569789886474609375" lon="18.47448170185089111328125">
        <ele>353.399993896484375</ele>
        <time>2022-05-28T08:57:23.000Z</time>
        <extensions>
          <ns3:TrackPointExtension>
            <ns3:hr>98</ns3:hr>
          </ns3:TrackPointExtension>
        </extensions>
      </trkpt>
      <trkpt lat="47.6453997194766998291015625" lon="18.474482037127017974853515625">
        <ele>353.20001220703125</ele>
        <time>2022-05-28T08:57:24.000Z</time>
        <extensions>
          <ns3:TrackPointExtension>
            <ns3:hr>95</ns3:hr>
          </ns3:TrackPointExtension>
        </extensions>
      </trkpt>
      <trkpt lat="47.64538270421326160430908203125" lon="18.47448983229696750640869140625">
        <ele>353.20001220703125</ele>
        <time>2022-05-28T08:57:26.000Z</time>
        <extensions>
          <ns3:TrackPointExtension>
            <ns3:hr>98</ns3:hr>
          </ns3:TrackPointExtension>
        </extensions>
      </trkpt>
      <trkpt lat="47.645337022840976715087890625" lon="18.474526293575763702392578125">
        <ele>353</ele>
        <time>2022-05-28T08:57:32.000Z</time>
        <extensions>
          <ns3:TrackPointExtension>
            <ns3:hr>99</ns3:hr>
          </ns3:TrackPointExtension>
        </extensions>
      </trkpt>
      <trkpt lat="47.6452711410820484161376953125" lon="18.47458538599312305450439453125">
        <ele>353</ele>
        <time>2022-05-28T08:57:41.000Z</time>
        <extensions>
          <ns3:TrackPointExtension>
            <ns3:hr>101</ns3:hr>
          </ns3:TrackPointExtension>
        </extensions>
      </trkpt>
      <trkpt lat="47.6451987214386463165283203125" lon="18.47462452948093414306640625">
        <ele>353</ele>
        <time>2022-05-28T08:57:47.000Z</time>
        <extensions>
          <ns3:TrackPointExtension>
            <ns3:hr>104</ns3:hr>
          </ns3:TrackPointExtension>
        </extensions>
      </trkpt>
      <trkpt lat="47.64514013193547725677490234375" lon="18.47462913952767848968505859375">
        <ele>353</ele>
        <time>2022-05-28T08:57:49.000Z</time>
        <extensions>
          <ns3:TrackPointExtension>
            <ns3:hr>103</ns3:hr>
          </ns3:TrackPointExtension>
        </extensions>
      </trkpt>
      <trkpt lat="47.64510090462863445281982421875" lon="18.4746434725821018218994140625">
        <ele>353</ele>
        <time>2022-05-28T08:57:51.000Z</time>
        <extensions>
          <ns3:TrackPointExtension>
            <ns3:hr>106</ns3:hr>
          </ns3:TrackPointExtension>
        </extensions>
      </trkpt>
      <trkpt lat="47.645062096416950225830078125" lon="18.47465428523719310760498046875">
        <ele>353</ele>
        <time>2022-05-28T08:57:55.000Z</time>
        <extensions>
          <ns3:TrackPointExtension>
            <ns3:hr>110</ns3:hr>
          </ns3:TrackPointExtension>
        </extensions>
      </trkpt>
      <trkpt lat="47.6450532115995883941650390625" lon="18.4746572189033031463623046875">
        <ele>353</ele>
        <time>2022-05-28T08:57:56.000Z</time>
        <extensions>
          <ns3:TrackPointExtension>
            <ns3:hr>110</ns3:hr>
          </ns3:TrackPointExtension>
        </extensions>
      </trkpt>
      <trkpt lat="47.6450357772409915924072265625" lon="18.4746568836271762847900390625">
        <ele>353</ele>
        <time>2022-05-28T08:57:57.000Z</time>
        <extensions>
          <ns3:TrackPointExtension>
            <ns3:hr>111</ns3:hr>
          </ns3:TrackPointExtension>
        </extensions>
      </trkpt>
      <trkpt lat="47.64491834677755832672119140625" lon="18.474683202803134918212890625">
        <ele>352.20001220703125</ele>
        <time>2022-05-28T08:58:06.000Z</time>
        <extensions>
          <ns3:TrackPointExtension>
            <ns3:hr>109</ns3:hr>
          </ns3:TrackPointExtension>
        </extensions>
      </trkpt>
      <trkpt lat="47.64485581777989864349365234375" lon="18.474698625504970550537109375">
        <ele>351.600006103515625</ele>
        <time>2022-05-28T08:58:13.000Z</time>
        <extensions>
          <ns3:TrackPointExtension>
            <ns3:hr>108</ns3:hr>
          </ns3:TrackPointExtension>
        </extensions>
      </trkpt>
      <trkpt lat="47.64479823410511016845703125" lon="18.474718742072582244873046875">
        <ele>351.20001220703125</ele>
        <time>2022-05-28T08:58:18.000Z</time>
        <extensions>
          <ns3:TrackPointExtension>
            <ns3:hr>105</ns3:hr>
          </ns3:TrackPointExtension>
        </extensions>
      </trkpt>
      <trkpt lat="47.64474031515419483184814453125" lon="18.47473584115505218505859375">
        <ele>351</ele>
        <time>2022-05-28T08:58:21.000Z</time>
        <extensions>
          <ns3:TrackPointExtension>
            <ns3:hr>105</ns3:hr>
          </ns3:TrackPointExtension>
        </extensions>
      </trkpt>
      <trkpt lat="47.64463420026004314422607421875" lon="18.47476693801581859588623046875">
        <ele>351.20001220703125</ele>
        <time>2022-05-28T08:58:28.000Z</time>
        <extensions>
          <ns3:TrackPointExtension>
            <ns3:hr>105</ns3:hr>
          </ns3:TrackPointExtension>
        </extensions>
      </trkpt>
      <trkpt lat="47.6445486210286617279052734375" lon="18.474719412624835968017578125">
        <ele>351</ele>
        <time>2022-05-28T08:58:34.000Z</time>
        <extensions>
          <ns3:TrackPointExtension>
            <ns3:hr>105</ns3:hr>
          </ns3:TrackPointExtension>
        </extensions>
      </trkpt>
      <trkpt lat="47.64450662769377231597900390625" lon="18.474700637161731719970703125">
        <ele>351</ele>
        <time>2022-05-28T08:58:38.000Z</time>
        <extensions>
          <ns3:TrackPointExtension>
            <ns3:hr>103</ns3:hr>
          </ns3:TrackPointExtension>
        </extensions>
      </trkpt>
      <trkpt lat="47.64446807093918323516845703125" lon="18.47470826469361782073974609375">
        <ele>351</ele>
        <time>2022-05-28T08:58:41.000Z</time>
        <extensions>
          <ns3:TrackPointExtension>
            <ns3:hr>106</ns3:hr>
          </ns3:TrackPointExtension>
        </extensions>
      </trkpt>
      <trkpt lat="47.64444476924836635589599609375" lon="18.47470021806657314300537109375">
        <ele>351.20001220703125</ele>
        <time>2022-05-28T08:58:43.000Z</time>
        <extensions>
          <ns3:TrackPointExtension>
            <ns3:hr>105</ns3:hr>
          </ns3:TrackPointExtension>
        </extensions>
      </trkpt>
      <trkpt lat="47.64442540705204010009765625" lon="18.47470977343618869781494140625">
        <ele>351.20001220703125</ele>
        <time>2022-05-28T08:58:45.000Z</time>
        <extensions>
          <ns3:TrackPointExtension>
            <ns3:hr>102</ns3:hr>
          </ns3:TrackPointExtension>
        </extensions>
      </trkpt>
      <trkpt lat="47.6444054581224918365478515625" lon="18.47471530549228191375732421875">
        <ele>351.20001220703125</ele>
        <time>2022-05-28T08:58:48.000Z</time>
        <extensions>
          <ns3:TrackPointExtension>
            <ns3:hr>102</ns3:hr>
          </ns3:TrackPointExtension>
        </extensions>
      </trkpt>
      <trkpt lat="47.64436681754887104034423828125" lon="18.4747547842562198638916015625">
        <ele>351.399993896484375</ele>
        <time>2022-05-28T08:58:54.000Z</time>
        <extensions>
          <ns3:TrackPointExtension>
            <ns3:hr>105</ns3:hr>
          </ns3:TrackPointExtension>
        </extensions>
      </trkpt>
      <trkpt lat="47.64435055665671825408935546875" lon="18.474760986864566802978515625">
        <ele>351.399993896484375</ele>
        <time>2022-05-28T08:58:55.000Z</time>
        <extensions>
          <ns3:TrackPointExtension>
            <ns3:hr>106</ns3:hr>
          </ns3:TrackPointExtension>
        </extensions>
      </trkpt>
      <trkpt lat="47.64429439790546894073486328125" lon="18.47477582283318042755126953125">
        <ele>351.600006103515625</ele>
        <time>2022-05-28T08:59:01.000Z</time>
        <extensions>
          <ns3:TrackPointExtension>
            <ns3:hr>109</ns3:hr>
          </ns3:TrackPointExtension>
        </extensions>
      </trkpt>
      <trkpt lat="47.6442616246640682220458984375" lon="18.4747718833386898040771484375">
        <ele>351.79998779296875</ele>
        <time>2022-05-28T08:59:03.000Z</time>
        <extensions>
          <ns3:TrackPointExtension>
            <ns3:hr>106</ns3:hr>
          </ns3:TrackPointExtension>
        </extensions>
      </trkpt>
      <trkpt lat="47.64424527995288372039794921875" lon="18.47477129660546779632568359375">
        <ele>351.79998779296875</ele>
        <time>2022-05-28T08:59:04.000Z</time>
        <extensions>
          <ns3:TrackPointExtension>
            <ns3:hr>107</ns3:hr>
          </ns3:TrackPointExtension>
        </extensions>
      </trkpt>
      <trkpt lat="47.64418912120163440704345703125" lon="18.474704660475254058837890625">
        <ele>352</ele>
        <time>2022-05-28T08:59:10.000Z</time>
        <extensions>
          <ns3:TrackPointExtension>
            <ns3:hr>103</ns3:hr>
          </ns3:TrackPointExtension>
        </extensions>
      </trkpt>
      <trkpt lat="47.644133381545543670654296875" lon="18.474720753729343414306640625">
        <ele>352</ele>
        <time>2022-05-28T08:59:17.000Z</time>
        <extensions>
          <ns3:TrackPointExtension>
            <ns3:hr>104</ns3:hr>
          </ns3:TrackPointExtension>
        </extensions>
      </trkpt>
      <trkpt lat="47.64404813759028911590576171875" lon="18.4747591428458690643310546875">
        <ele>352</ele>
        <time>2022-05-28T08:59:24.000Z</time>
        <extensions>
          <ns3:TrackPointExtension>
            <ns3:hr>104</ns3:hr>
          </ns3:TrackPointExtension>
        </extensions>
      </trkpt>
      <trkpt lat="47.64399063773453235626220703125" lon="18.47478118725121021270751953125">
        <ele>352</ele>
        <time>2022-05-28T08:59:31.000Z</time>
        <extensions>
          <ns3:TrackPointExtension>
            <ns3:hr>101</ns3:hr>
          </ns3:TrackPointExtension>
        </extensions>
      </trkpt>
      <trkpt lat="47.64392760582268238067626953125" lon="18.474833406507968902587890625">
        <ele>351.600006103515625</ele>
        <time>2022-05-28T08:59:36.000Z</time>
        <extensions>
          <ns3:TrackPointExtension>
            <ns3:hr>103</ns3:hr>
          </ns3:TrackPointExtension>
        </extensions>
      </trkpt>
      <trkpt lat="47.64391469769179821014404296875" lon="18.47485008649528026580810546875">
        <ele>351.600006103515625</ele>
        <time>2022-05-28T08:59:37.000Z</time>
        <extensions>
          <ns3:TrackPointExtension>
            <ns3:hr>103</ns3:hr>
          </ns3:TrackPointExtension>
        </extensions>
      </trkpt>
      <trkpt lat="47.64389625750482082366943359375" lon="18.47487724386155605316162109375">
        <ele>351.399993896484375</ele>
        <time>2022-05-28T08:59:39.000Z</time>
        <extensions>
          <ns3:TrackPointExtension>
            <ns3:hr>103</ns3:hr>
          </ns3:TrackPointExtension>
        </extensions>
      </trkpt>
      <trkpt lat="47.643794752657413482666015625" lon="18.4749194048345088958740234375">
        <ele>351.399993896484375</ele>
        <time>2022-05-28T08:59:48.000Z</time>
        <extensions>
          <ns3:TrackPointExtension>
            <ns3:hr>105</ns3:hr>
          </ns3:TrackPointExtension>
        </extensions>
      </trkpt>
      <trkpt lat="47.6437154598534107208251953125" lon="18.47495871596038341522216796875">
        <ele>351.79998779296875</ele>
        <time>2022-05-28T08:59:54.000Z</time>
        <extensions>
          <ns3:TrackPointExtension>
            <ns3:hr>108</ns3:hr>
          </ns3:TrackPointExtension>
        </extensions>
      </trkpt>
      <trkpt lat="47.64370498247444629669189453125" lon="18.47497313283383846282958984375">
        <ele>351.79998779296875</ele>
        <time>2022-05-28T08:59:56.000Z</time>
        <extensions>
          <ns3:TrackPointExtension>
            <ns3:hr>111</ns3:hr>
          </ns3:TrackPointExtension>
        </extensions>
      </trkpt>
      <trkpt lat="47.64368268661201000213623046875" lon="18.4749743901193141937255859375">
        <ele>351.79998779296875</ele>
        <time>2022-05-28T08:59:57.000Z</time>
        <extensions>
          <ns3:TrackPointExtension>
            <ns3:hr>112</ns3:hr>
          </ns3:TrackPointExtension>
        </extensions>
      </trkpt>
      <trkpt lat="47.64362300746142864227294921875" lon="18.4749834425747394561767578125">
        <ele>352</ele>
        <time>2022-05-28T09:00:01.000Z</time>
        <extensions>
          <ns3:TrackPointExtension>
            <ns3:hr>115</ns3:hr>
          </ns3:TrackPointExtension>
        </extensions>
      </trkpt>
      <trkpt lat="47.643572799861431121826171875" lon="18.474961481988430023193359375">
        <ele>352.20001220703125</ele>
        <time>2022-05-28T09:00:07.000Z</time>
        <extensions>
          <ns3:TrackPointExtension>
            <ns3:hr>117</ns3:hr>
          </ns3:TrackPointExtension>
        </extensions>
      </trkpt>
      <trkpt lat="47.64352259226143360137939453125" lon="18.47495988942682743072509765625">
        <ele>352.399993896484375</ele>
        <time>2022-05-28T09:00:09.000Z</time>
        <extensions>
          <ns3:TrackPointExtension>
            <ns3:hr>117</ns3:hr>
          </ns3:TrackPointExtension>
        </extensions>
      </trkpt>
      <trkpt lat="47.6434432156383991241455078125" lon="18.4749629907310009002685546875">
        <ele>352.600006103515625</ele>
        <time>2022-05-28T09:00:14.000Z</time>
        <extensions>
          <ns3:TrackPointExtension>
            <ns3:hr>118</ns3:hr>
          </ns3:TrackPointExtension>
        </extensions>
      </trkpt>
      <trkpt lat="47.64333240687847137451171875" lon="18.47494228743016719818115234375">
        <ele>353.20001220703125</ele>
        <time>2022-05-28T09:00:23.000Z</time>
        <extensions>
          <ns3:TrackPointExtension>
            <ns3:hr>120</ns3:hr>
          </ns3:TrackPointExtension>
        </extensions>
      </trkpt>
      <trkpt lat="47.643192596733570098876953125" lon="18.474960811436176300048828125">
        <ele>354.20001220703125</ele>
        <time>2022-05-28T09:00:34.000Z</time>
        <extensions>
          <ns3:TrackPointExtension>
            <ns3:hr>118</ns3:hr>
          </ns3:TrackPointExtension>
        </extensions>
      </trkpt>
      <trkpt lat="47.6431431435048580169677734375" lon="18.4749851189553737640380859375">
        <ele>354.600006103515625</ele>
        <time>2022-05-28T09:00:40.000Z</time>
        <extensions>
          <ns3:TrackPointExtension>
            <ns3:hr>117</ns3:hr>
          </ns3:TrackPointExtension>
        </extensions>
      </trkpt>
      <trkpt lat="47.643045745790004730224609375" lon="18.474994339048862457275390625">
        <ele>355.20001220703125</ele>
        <time>2022-05-28T09:00:49.000Z</time>
        <extensions>
          <ns3:TrackPointExtension>
            <ns3:hr>117</ns3:hr>
          </ns3:TrackPointExtension>
        </extensions>
      </trkpt>
      <trkpt lat="47.64297927729785442352294921875" lon="18.47500381059944629669189453125">
        <ele>355.399993896484375</ele>
        <time>2022-05-28T09:00:57.000Z</time>
        <extensions>
          <ns3:TrackPointExtension>
            <ns3:hr>119</ns3:hr>
          </ns3:TrackPointExtension>
        </extensions>
      </trkpt>
      <trkpt lat="47.6429322548210620880126953125" lon="18.47501973621547222137451171875">
        <ele>355.600006103515625</ele>
        <time>2022-05-28T09:01:01.000Z</time>
        <extensions>
          <ns3:TrackPointExtension>
            <ns3:hr>122</ns3:hr>
          </ns3:TrackPointExtension>
        </extensions>
      </trkpt>
      <trkpt lat="47.64291456900537014007568359375" lon="18.4750320576131343841552734375">
        <ele>355.79998779296875</ele>
        <time>2022-05-28T09:01:04.000Z</time>
        <extensions>
          <ns3:TrackPointExtension>
            <ns3:hr>125</ns3:hr>
          </ns3:TrackPointExtension>
        </extensions>
      </trkpt>
      <trkpt lat="47.6429007388651371002197265625" lon="18.47504840232431888580322265625">
        <ele>355.79998779296875</ele>
        <time>2022-05-28T09:01:07.000Z</time>
        <extensions>
          <ns3:TrackPointExtension>
            <ns3:hr>128</ns3:hr>
          </ns3:TrackPointExtension>
        </extensions>
      </trkpt>
      <trkpt lat="47.64289059676229953765869140625" lon="18.4750595502555370330810546875">
        <ele>356</ele>
        <time>2022-05-28T09:01:11.000Z</time>
        <extensions>
          <ns3:TrackPointExtension>
            <ns3:hr>129</ns3:hr>
          </ns3:TrackPointExtension>
        </extensions>
      </trkpt>
      <trkpt lat="47.64288389123976230621337890625" lon="18.475053012371063232421875">
        <ele>356</ele>
        <time>2022-05-28T09:01:18.000Z</time>
        <extensions>
          <ns3:TrackPointExtension>
            <ns3:hr>130</ns3:hr>
          </ns3:TrackPointExtension>
        </extensions>
      </trkpt>
      <trkpt lat="47.6428615115582942962646484375" lon="18.475106656551361083984375">
        <ele>356.600006103515625</ele>
        <time>2022-05-28T09:01:25.000Z</time>
        <extensions>
          <ns3:TrackPointExtension>
            <ns3:hr>127</ns3:hr>
          </ns3:TrackPointExtension>
        </extensions>
      </trkpt>
      <trkpt lat="47.6428601704537868499755859375" lon="18.4751111827790737152099609375">
        <ele>356.600006103515625</ele>
        <time>2022-05-28T09:01:26.000Z</time>
        <extensions>
          <ns3:TrackPointExtension>
            <ns3:hr>127</ns3:hr>
          </ns3:TrackPointExtension>
        </extensions>
      </trkpt>
      <trkpt lat="47.6428289897739887237548828125" lon="18.4751641564071178436279296875">
        <ele>357.20001220703125</ele>
        <time>2022-05-28T09:01:33.000Z</time>
        <extensions>
          <ns3:TrackPointExtension>
            <ns3:hr>126</ns3:hr>
          </ns3:TrackPointExtension>
        </extensions>
      </trkpt>
      <trkpt lat="47.642788253724575042724609375" lon="18.475180082023143768310546875">
        <ele>357.399993896484375</ele>
        <time>2022-05-28T09:01:41.000Z</time>
        <extensions>
          <ns3:TrackPointExtension>
            <ns3:hr>127</ns3:hr>
          </ns3:TrackPointExtension>
        </extensions>
      </trkpt>
      <trkpt lat="47.64277693815529346466064453125" lon="18.475164659321308135986328125">
        <ele>357.399993896484375</ele>
        <time>2022-05-28T09:01:46.000Z</time>
        <extensions>
          <ns3:TrackPointExtension>
            <ns3:hr>127</ns3:hr>
          </ns3:TrackPointExtension>
        </extensions>
      </trkpt>
      <trkpt lat="47.64278599061071872711181640625" lon="18.47516834735870361328125">
        <ele>357.399993896484375</ele>
        <time>2022-05-28T09:01:52.000Z</time>
        <extensions>
          <ns3:TrackPointExtension>
            <ns3:hr>128</ns3:hr>
          </ns3:TrackPointExtension>
        </extensions>
      </trkpt>
      <trkpt lat="47.6428152434527873992919921875" lon="18.4751768968999385833740234375">
        <ele>357.399993896484375</ele>
        <time>2022-05-28T09:02:00.000Z</time>
        <extensions>
          <ns3:TrackPointExtension>
            <ns3:hr>125</ns3:hr>
          </ns3:TrackPointExtension>
        </extensions>
      </trkpt>
      <trkpt lat="47.64281515963375568389892578125" lon="18.4751899726688861846923828125">
        <ele>357.399993896484375</ele>
        <time>2022-05-28T09:02:01.000Z</time>
        <extensions>
          <ns3:TrackPointExtension>
            <ns3:hr>125</ns3:hr>
          </ns3:TrackPointExtension>
        </extensions>
      </trkpt>
      <trkpt lat="47.6428065262734889984130859375" lon="18.47525459714233875274658203125">
        <ele>358</ele>
        <time>2022-05-28T09:02:07.000Z</time>
        <extensions>
          <ns3:TrackPointExtension>
            <ns3:hr>126</ns3:hr>
          </ns3:TrackPointExtension>
        </extensions>
      </trkpt>
      <trkpt lat="47.642772160470485687255859375" lon="18.4753311239182949066162109375">
        <ele>358.600006103515625</ele>
        <time>2022-05-28T09:02:14.000Z</time>
        <extensions>
          <ns3:TrackPointExtension>
            <ns3:hr>126</ns3:hr>
          </ns3:TrackPointExtension>
        </extensions>
      </trkpt>
      <trkpt lat="47.6427310891449451446533203125" lon="18.4754524938762187957763671875">
        <ele>359.600006103515625</ele>
        <time>2022-05-28T09:02:23.000Z</time>
        <extensions>
          <ns3:TrackPointExtension>
            <ns3:hr>125</ns3:hr>
          </ns3:TrackPointExtension>
        </extensions>
      </trkpt>
      <trkpt lat="47.642679624259471893310546875" lon="18.4755302779376506805419921875">
        <ele>360.399993896484375</ele>
        <time>2022-05-28T09:02:29.000Z</time>
        <extensions>
          <ns3:TrackPointExtension>
            <ns3:hr>124</ns3:hr>
          </ns3:TrackPointExtension>
        </extensions>
      </trkpt>
      <trkpt lat="47.6426546461880207061767578125" lon="18.4755638055503368377685546875">
        <ele>360.79998779296875</ele>
        <time>2022-05-28T09:02:32.000Z</time>
        <extensions>
          <ns3:TrackPointExtension>
            <ns3:hr>127</ns3:hr>
          </ns3:TrackPointExtension>
        </extensions>
      </trkpt>
      <trkpt lat="47.64262036420404911041259765625" lon="18.4756258316338062286376953125">
        <ele>361.600006103515625</ele>
        <time>2022-05-28T09:02:38.000Z</time>
        <extensions>
          <ns3:TrackPointExtension>
            <ns3:hr>129</ns3:hr>
          </ns3:TrackPointExtension>
        </extensions>
      </trkpt>
      <trkpt lat="47.6425782032310962677001953125" lon="18.47570277750492095947265625">
        <ele>361.600006103515625</ele>
        <time>2022-05-28T09:02:44.000Z</time>
        <extensions>
          <ns3:TrackPointExtension>
            <ns3:hr>128</ns3:hr>
          </ns3:TrackPointExtension>
        </extensions>
      </trkpt>
      <trkpt lat="47.64250762760639190673828125" lon="18.475817777216434478759765625">
        <ele>361.79998779296875</ele>
        <time>2022-05-28T09:02:53.000Z</time>
        <extensions>
          <ns3:TrackPointExtension>
            <ns3:hr>126</ns3:hr>
          </ns3:TrackPointExtension>
        </extensions>
      </trkpt>
      <trkpt lat="47.6424310170114040374755859375" lon="18.47589966841042041778564453125">
        <ele>361.79998779296875</ele>
        <time>2022-05-28T09:02:59.000Z</time>
        <extensions>
          <ns3:TrackPointExtension>
            <ns3:hr>127</ns3:hr>
          </ns3:TrackPointExtension>
        </extensions>
      </trkpt>
      <trkpt lat="47.64238315634429454803466796875" lon="18.47598650492727756500244140625">
        <ele>361.79998779296875</ele>
        <time>2022-05-28T09:03:05.000Z</time>
        <extensions>
          <ns3:TrackPointExtension>
            <ns3:hr>128</ns3:hr>
          </ns3:TrackPointExtension>
        </extensions>
      </trkpt>
      <trkpt lat="47.6423575915396213531494140625" lon="18.476077951490879058837890625">
        <ele>361.600006103515625</ele>
        <time>2022-05-28T09:03:12.000Z</time>
        <extensions>
          <ns3:TrackPointExtension>
            <ns3:hr>127</ns3:hr>
          </ns3:TrackPointExtension>
        </extensions>
      </trkpt>
      <trkpt lat="47.64233940280973911285400390625" lon="18.4761485271155834197998046875">
        <ele>361.600006103515625</ele>
        <time>2022-05-28T09:03:17.000Z</time>
        <extensions>
          <ns3:TrackPointExtension>
            <ns3:hr>124</ns3:hr>
          </ns3:TrackPointExtension>
        </extensions>
      </trkpt>
      <trkpt lat="47.6423103176057338714599609375" lon="18.47620141692459583282470703125">
        <ele>361.20001220703125</ele>
        <time>2022-05-28T09:03:21.000Z</time>
        <extensions>
          <ns3:TrackPointExtension>
            <ns3:hr>122</ns3:hr>
          </ns3:TrackPointExtension>
        </extensions>
      </trkpt>
      <trkpt lat="47.642287351191043853759765625" lon="18.476345501840114593505859375">
        <ele>360.399993896484375</ele>
        <time>2022-05-28T09:03:29.000Z</time>
        <extensions>
          <ns3:TrackPointExtension>
            <ns3:hr>123</ns3:hr>
          </ns3:TrackPointExtension>
        </extensions>
      </trkpt>
      <trkpt lat="47.64219892211258411407470703125" lon="18.47646527923643589019775390625">
        <ele>359.79998779296875</ele>
        <time>2022-05-28T09:03:38.000Z</time>
        <extensions>
          <ns3:TrackPointExtension>
            <ns3:hr>123</ns3:hr>
          </ns3:TrackPointExtension>
        </extensions>
      </trkpt>
      <trkpt lat="47.6421872712671756744384765625" lon="18.47648438997566699981689453125">
        <ele>359.79998779296875</ele>
        <time>2022-05-28T09:03:41.000Z</time>
        <extensions>
          <ns3:TrackPointExtension>
            <ns3:hr>119</ns3:hr>
          </ns3:TrackPointExtension>
        </extensions>
      </trkpt>
      <trkpt lat="47.64219389297068119049072265625" lon="18.4764893352985382080078125">
        <ele>359.79998779296875</ele>
        <time>2022-05-28T09:03:44.000Z</time>
        <extensions>
          <ns3:TrackPointExtension>
            <ns3:hr>116</ns3:hr>
          </ns3:TrackPointExtension>
        </extensions>
      </trkpt>
      <trkpt lat="47.64219674281775951385498046875" lon="18.476490676403045654296875">
        <ele>359.79998779296875</ele>
        <time>2022-05-28T09:03:45.000Z</time>
        <extensions>
          <ns3:TrackPointExtension>
            <ns3:hr>116</ns3:hr>
          </ns3:TrackPointExtension>
        </extensions>
      </trkpt>
      <trkpt lat="47.6422006823122501373291015625" lon="18.47649143077433109283447265625">
        <ele>359.79998779296875</ele>
        <time>2022-05-28T09:03:49.000Z</time>
        <extensions>
          <ns3:TrackPointExtension>
            <ns3:hr>113</ns3:hr>
          </ns3:TrackPointExtension>
        </extensions>
      </trkpt>
      <trkpt lat="47.64218567870557308197021484375" lon="18.47651389427483081817626953125">
        <ele>359.79998779296875</ele>
        <time>2022-05-28T09:03:52.000Z</time>
        <extensions>
          <ns3:TrackPointExtension>
            <ns3:hr>113</ns3:hr>
          </ns3:TrackPointExtension>
        </extensions>
      </trkpt>
      <trkpt lat="47.6423522271215915679931640625" lon="18.476622104644775390625">
        <ele>361</ele>
        <time>2022-05-28T09:04:11.000Z</time>
        <extensions>
          <ns3:TrackPointExtension>
            <ns3:hr>114</ns3:hr>
          </ns3:TrackPointExtension>
        </extensions>
      </trkpt>
      <trkpt lat="47.64217637479305267333984375" lon="18.47663694061338901519775390625">
        <ele>359.399993896484375</ele>
        <time>2022-05-28T09:04:20.000Z</time>
        <extensions>
          <ns3:TrackPointExtension>
            <ns3:hr>115</ns3:hr>
          </ns3:TrackPointExtension>
        </extensions>
      </trkpt>
      <trkpt lat="47.6420819945633411407470703125" lon="18.47665705718100070953369140625">
        <ele>358.79998779296875</ele>
        <time>2022-05-28T09:04:27.000Z</time>
        <extensions>
          <ns3:TrackPointExtension>
            <ns3:hr>113</ns3:hr>
          </ns3:TrackPointExtension>
        </extensions>
      </trkpt>
      <trkpt lat="47.6420591957867145538330078125" lon="18.476655967533588409423828125">
        <ele>358.600006103515625</ele>
        <time>2022-05-28T09:04:29.000Z</time>
        <extensions>
          <ns3:TrackPointExtension>
            <ns3:hr>113</ns3:hr>
          </ns3:TrackPointExtension>
        </extensions>
      </trkpt>
      <trkpt lat="47.64199172146618366241455078125" lon="18.476641885936260223388671875">
        <ele>358.20001220703125</ele>
        <time>2022-05-28T09:04:33.000Z</time>
        <extensions>
          <ns3:TrackPointExtension>
            <ns3:hr>116</ns3:hr>
          </ns3:TrackPointExtension>
        </extensions>
      </trkpt>
      <trkpt lat="47.64194176532328128814697265625" lon="18.47665035165846347808837890625">
        <ele>358</ele>
        <time>2022-05-28T09:04:37.000Z</time>
        <extensions>
          <ns3:TrackPointExtension>
            <ns3:hr>116</ns3:hr>
          </ns3:TrackPointExtension>
        </extensions>
      </trkpt>
      <trkpt lat="47.6418493129312992095947265625" lon="18.47665093839168548583984375">
        <ele>358</ele>
        <time>2022-05-28T09:04:44.000Z</time>
        <extensions>
          <ns3:TrackPointExtension>
            <ns3:hr>114</ns3:hr>
          </ns3:TrackPointExtension>
        </extensions>
      </trkpt>
      <trkpt lat="47.6417827606201171875" lon="18.47665890119969844818115234375">
        <ele>358</ele>
        <time>2022-05-28T09:04:50.000Z</time>
        <extensions>
          <ns3:TrackPointExtension>
            <ns3:hr>115</ns3:hr>
          </ns3:TrackPointExtension>
        </extensions>
      </trkpt>
      <trkpt lat="47.64175283722579479217529296875" lon="18.476643897593021392822265625">
        <ele>358</ele>
        <time>2022-05-28T09:04:52.000Z</time>
        <extensions>
          <ns3:TrackPointExtension>
            <ns3:hr>117</ns3:hr>
          </ns3:TrackPointExtension>
        </extensions>
      </trkpt>
      <trkpt lat="47.64170187525451183319091796875" lon="18.4766430594027042388916015625">
        <ele>358</ele>
        <time>2022-05-28T09:04:56.000Z</time>
        <extensions>
          <ns3:TrackPointExtension>
            <ns3:hr>114</ns3:hr>
          </ns3:TrackPointExtension>
        </extensions>
      </trkpt>
      <trkpt lat="47.64165979810059070587158203125" lon="18.47663140855729579925537109375">
        <ele>358.20001220703125</ele>
        <time>2022-05-28T09:04:59.000Z</time>
        <extensions>
          <ns3:TrackPointExtension>
            <ns3:hr>117</ns3:hr>
          </ns3:TrackPointExtension>
        </extensions>
      </trkpt>
      <trkpt lat="47.641645967960357666015625" lon="18.47662436775863170623779296875">
        <ele>358.20001220703125</ele>
        <time>2022-05-28T09:05:00.000Z</time>
        <extensions>
          <ns3:TrackPointExtension>
            <ns3:hr>116</ns3:hr>
          </ns3:TrackPointExtension>
        </extensions>
      </trkpt>
      <trkpt lat="47.64161135070025920867919921875" lon="18.47660358063876628875732421875">
        <ele>358.399993896484375</ele>
        <time>2022-05-28T09:05:03.000Z</time>
        <extensions>
          <ns3:TrackPointExtension>
            <ns3:hr>117</ns3:hr>
          </ns3:TrackPointExtension>
        </extensions>
      </trkpt>
      <trkpt lat="47.6415346562862396240234375" lon="18.4765904210507869720458984375">
        <ele>358.600006103515625</ele>
        <time>2022-05-28T09:05:07.000Z</time>
        <extensions>
          <ns3:TrackPointExtension>
            <ns3:hr>119</ns3:hr>
          </ns3:TrackPointExtension>
        </extensions>
      </trkpt>
      <trkpt lat="47.64146651141345500946044921875" lon="18.47656100057065486907958984375">
        <ele>358.79998779296875</ele>
        <time>2022-05-28T09:05:14.000Z</time>
        <extensions>
          <ns3:TrackPointExtension>
            <ns3:hr>119</ns3:hr>
          </ns3:TrackPointExtension>
        </extensions>
      </trkpt>
      <trkpt lat="47.64142124913632869720458984375" lon="18.47653283737599849700927734375">
        <ele>359</ele>
        <time>2022-05-28T09:05:21.000Z</time>
        <extensions>
          <ns3:TrackPointExtension>
            <ns3:hr>119</ns3:hr>
          </ns3:TrackPointExtension>
        </extensions>
      </trkpt>
      <trkpt lat="47.64143901877105236053466796875" lon="18.476536273956298828125">
        <ele>359</ele>
        <time>2022-05-28T09:05:25.000Z</time>
        <extensions>
          <ns3:TrackPointExtension>
            <ns3:hr>116</ns3:hr>
          </ns3:TrackPointExtension>
        </extensions>
      </trkpt>
      <trkpt lat="47.64145729131996631622314453125" lon="18.47657156176865100860595703125">
        <ele>358.79998779296875</ele>
        <time>2022-05-28T09:05:27.000Z</time>
        <extensions>
          <ns3:TrackPointExtension>
            <ns3:hr>115</ns3:hr>
          </ns3:TrackPointExtension>
        </extensions>
      </trkpt>
      <trkpt lat="47.64145628549158573150634765625" lon="18.47665219567716121673583984375">
        <ele>358.79998779296875</ele>
        <time>2022-05-28T09:05:34.000Z</time>
        <extensions>
          <ns3:TrackPointExtension>
            <ns3:hr>113</ns3:hr>
          </ns3:TrackPointExtension>
        </extensions>
      </trkpt>
      <trkpt lat="47.64142828993499279022216796875" lon="18.476726710796356201171875">
        <ele>358.79998779296875</ele>
        <time>2022-05-28T09:05:41.000Z</time>
        <extensions>
          <ns3:TrackPointExtension>
            <ns3:hr>113</ns3:hr>
          </ns3:TrackPointExtension>
        </extensions>
      </trkpt>
      <trkpt lat="47.641418315470218658447265625" lon="18.4767459891736507415771484375">
        <ele>358.79998779296875</ele>
        <time>2022-05-28T09:05:42.000Z</time>
        <extensions>
          <ns3:TrackPointExtension>
            <ns3:hr>113</ns3:hr>
          </ns3:TrackPointExtension>
        </extensions>
      </trkpt>
      <trkpt lat="47.64137565158307552337646484375" lon="18.4768326580524444580078125">
        <ele>358.600006103515625</ele>
        <time>2022-05-28T09:05:48.000Z</time>
        <extensions>
          <ns3:TrackPointExtension>
            <ns3:hr>115</ns3:hr>
          </ns3:TrackPointExtension>
        </extensions>
      </trkpt>
      <trkpt lat="47.64137162826955318450927734375" lon="18.47684414125978946685791015625">
        <ele>358.600006103515625</ele>
        <time>2022-05-28T09:05:49.000Z</time>
        <extensions>
          <ns3:TrackPointExtension>
            <ns3:hr>115</ns3:hr>
          </ns3:TrackPointExtension>
        </extensions>
      </trkpt>
      <trkpt lat="47.64132787473499774932861328125" lon="18.47689929418265819549560546875">
        <ele>358.600006103515625</ele>
        <time>2022-05-28T09:05:55.000Z</time>
        <extensions>
          <ns3:TrackPointExtension>
            <ns3:hr>116</ns3:hr>
          </ns3:TrackPointExtension>
        </extensions>
      </trkpt>
      <trkpt lat="47.64131111092865467071533203125" lon="18.476920165121555328369140625">
        <ele>358.399993896484375</ele>
        <time>2022-05-28T09:05:57.000Z</time>
        <extensions>
          <ns3:TrackPointExtension>
            <ns3:hr>117</ns3:hr>
          </ns3:TrackPointExtension>
        </extensions>
      </trkpt>
      <trkpt lat="47.6412984542548656463623046875" lon="18.47695226781070232391357421875">
        <ele>358.399993896484375</ele>
        <time>2022-05-28T09:05:59.000Z</time>
        <extensions>
          <ns3:TrackPointExtension>
            <ns3:hr>117</ns3:hr>
          </ns3:TrackPointExtension>
        </extensions>
      </trkpt>
      <trkpt lat="47.641286551952362060546875" lon="18.47698294557631015777587890625">
        <ele>358.20001220703125</ele>
        <time>2022-05-28T09:06:01.000Z</time>
        <extensions>
          <ns3:TrackPointExtension>
            <ns3:hr>117</ns3:hr>
          </ns3:TrackPointExtension>
        </extensions>
      </trkpt>
      <trkpt lat="47.64127925969660282135009765625" lon="18.4770554490387439727783203125">
        <ele>357.600006103515625</ele>
        <time>2022-05-28T09:06:07.000Z</time>
        <extensions>
          <ns3:TrackPointExtension>
            <ns3:hr>118</ns3:hr>
          </ns3:TrackPointExtension>
        </extensions>
      </trkpt>
      <trkpt lat="47.641252018511295318603515625" lon="18.47714354284107685089111328125">
        <ele>357.20001220703125</ele>
        <time>2022-05-28T09:06:12.000Z</time>
        <extensions>
          <ns3:TrackPointExtension>
            <ns3:hr>114</ns3:hr>
          </ns3:TrackPointExtension>
        </extensions>
      </trkpt>
      <trkpt lat="47.641246654093265533447265625" lon="18.4771624021232128143310546875">
        <ele>357</ele>
        <time>2022-05-28T09:06:13.000Z</time>
        <extensions>
          <ns3:TrackPointExtension>
            <ns3:hr>117</ns3:hr>
          </ns3:TrackPointExtension>
        </extensions>
      </trkpt>
      <trkpt lat="47.64123626053333282470703125" lon="18.47720422782003879547119140625">
        <ele>356.79998779296875</ele>
        <time>2022-05-28T09:06:15.000Z</time>
        <extensions>
          <ns3:TrackPointExtension>
            <ns3:hr>117</ns3:hr>
          </ns3:TrackPointExtension>
        </extensions>
      </trkpt>
      <trkpt lat="47.64116191305220127105712890625" lon="18.4773266874253749847412109375">
        <ele>355.399993896484375</ele>
        <time>2022-05-28T09:06:21.000Z</time>
        <extensions>
          <ns3:TrackPointExtension>
            <ns3:hr>118</ns3:hr>
          </ns3:TrackPointExtension>
        </extensions>
      </trkpt>
      <trkpt lat="47.64113458804786205291748046875" lon="18.4774276055395603179931640625">
        <ele>354</ele>
        <time>2022-05-28T09:06:28.000Z</time>
        <extensions>
          <ns3:TrackPointExtension>
            <ns3:hr>118</ns3:hr>
          </ns3:TrackPointExtension>
        </extensions>
      </trkpt>
      <trkpt lat="47.64111497439444065093994140625" lon="18.4774859435856342315673828125">
        <ele>353.399993896484375</ele>
        <time>2022-05-28T09:06:35.000Z</time>
        <extensions>
          <ns3:TrackPointExtension>
            <ns3:hr>119</ns3:hr>
          </ns3:TrackPointExtension>
        </extensions>
      </trkpt>
      <trkpt lat="47.641075663268566131591796875" lon="18.47758778370916843414306640625">
        <ele>352.79998779296875</ele>
        <time>2022-05-28T09:06:42.000Z</time>
        <extensions>
          <ns3:TrackPointExtension>
            <ns3:hr>119</ns3:hr>
          </ns3:TrackPointExtension>
        </extensions>
      </trkpt>
      <trkpt lat="47.64102729968726634979248046875" lon="18.47773991525173187255859375">
        <ele>351.600006103515625</ele>
        <time>2022-05-28T09:06:50.000Z</time>
        <extensions>
          <ns3:TrackPointExtension>
            <ns3:hr>118</ns3:hr>
          </ns3:TrackPointExtension>
        </extensions>
      </trkpt>
      <trkpt lat="47.6410124637186527252197265625" lon="18.47786170430481433868408203125">
        <ele>350.20001220703125</ele>
        <time>2022-05-28T09:06:57.000Z</time>
        <extensions>
          <ns3:TrackPointExtension>
            <ns3:hr>117</ns3:hr>
          </ns3:TrackPointExtension>
        </extensions>
      </trkpt>
      <trkpt lat="47.64096200466156005859375" lon="18.477956168353557586669921875">
        <ele>349.399993896484375</ele>
        <time>2022-05-28T09:07:03.000Z</time>
        <extensions>
          <ns3:TrackPointExtension>
            <ns3:hr>118</ns3:hr>
          </ns3:TrackPointExtension>
        </extensions>
      </trkpt>
      <trkpt lat="47.6409018225967884063720703125" lon="18.47806588746607303619384765625">
        <ele>348.600006103515625</ele>
        <time>2022-05-28T09:07:11.000Z</time>
        <extensions>
          <ns3:TrackPointExtension>
            <ns3:hr>118</ns3:hr>
          </ns3:TrackPointExtension>
        </extensions>
      </trkpt>
      <trkpt lat="47.6408783532679080963134765625" lon="18.4781269915401935577392578125">
        <ele>348.20001220703125</ele>
        <time>2022-05-28T09:07:18.000Z</time>
        <extensions>
          <ns3:TrackPointExtension>
            <ns3:hr>119</ns3:hr>
          </ns3:TrackPointExtension>
        </extensions>
      </trkpt>
      <trkpt lat="47.640836946666240692138671875" lon="18.4782087989151477813720703125">
        <ele>347.79998779296875</ele>
        <time>2022-05-28T09:07:25.000Z</time>
        <extensions>
          <ns3:TrackPointExtension>
            <ns3:hr>120</ns3:hr>
          </ns3:TrackPointExtension>
        </extensions>
      </trkpt>
      <trkpt lat="47.64077349565923213958740234375" lon="18.47825548611581325531005859375">
        <ele>348.20001220703125</ele>
        <time>2022-05-28T09:07:32.000Z</time>
        <extensions>
          <ns3:TrackPointExtension>
            <ns3:hr>118</ns3:hr>
          </ns3:TrackPointExtension>
        </extensions>
      </trkpt>
      <trkpt lat="47.64072890393435955047607421875" lon="18.47831902094185352325439453125">
        <ele>347.600006103515625</ele>
        <time>2022-05-28T09:07:38.000Z</time>
        <extensions>
          <ns3:TrackPointExtension>
            <ns3:hr>119</ns3:hr>
          </ns3:TrackPointExtension>
        </extensions>
      </trkpt>
      <trkpt lat="47.64064474962651729583740234375" lon="18.47840334288775920867919921875">
        <ele>347.20001220703125</ele>
        <time>2022-05-28T09:07:44.000Z</time>
        <extensions>
          <ns3:TrackPointExtension>
            <ns3:hr>119</ns3:hr>
          </ns3:TrackPointExtension>
        </extensions>
      </trkpt>
      <trkpt lat="47.64055590145289897918701171875" lon="18.47848246805369853973388671875">
        <ele>347.600006103515625</ele>
        <time>2022-05-28T09:07:52.000Z</time>
        <extensions>
          <ns3:TrackPointExtension>
            <ns3:hr>118</ns3:hr>
          </ns3:TrackPointExtension>
        </extensions>
      </trkpt>
      <trkpt lat="47.64047157950699329376220703125" lon="18.4785734117031097412109375">
        <ele>348.20001220703125</ele>
        <time>2022-05-28T09:07:59.000Z</time>
        <extensions>
          <ns3:TrackPointExtension>
            <ns3:hr>118</ns3:hr>
          </ns3:TrackPointExtension>
        </extensions>
      </trkpt>
      <trkpt lat="47.64041324146091938018798828125" lon="18.47863309085369110107421875">
        <ele>348.399993896484375</ele>
        <time>2022-05-28T09:08:07.000Z</time>
        <extensions>
          <ns3:TrackPointExtension>
            <ns3:hr>119</ns3:hr>
          </ns3:TrackPointExtension>
        </extensions>
      </trkpt>
      <trkpt lat="47.64035121537744998931884765625" lon="18.4786768443882465362548828125">
        <ele>349.20001220703125</ele>
        <time>2022-05-28T09:08:15.000Z</time>
        <extensions>
          <ns3:TrackPointExtension>
            <ns3:hr>119</ns3:hr>
          </ns3:TrackPointExtension>
        </extensions>
      </trkpt>
      <trkpt lat="47.64033964835107326507568359375" lon="18.4786927700042724609375">
        <ele>349.399993896484375</ele>
        <time>2022-05-28T09:08:16.000Z</time>
        <extensions>
          <ns3:TrackPointExtension>
            <ns3:hr>122</ns3:hr>
          </ns3:TrackPointExtension>
        </extensions>
      </trkpt>
      <trkpt lat="47.6403311826288700103759765625" lon="18.47870475612580776214599609375">
        <ele>349.600006103515625</ele>
        <time>2022-05-28T09:08:17.000Z</time>
        <extensions>
          <ns3:TrackPointExtension>
            <ns3:hr>119</ns3:hr>
          </ns3:TrackPointExtension>
        </extensions>
      </trkpt>
      <trkpt lat="47.64028114266693592071533203125" lon="18.4787392057478427886962890625">
        <ele>350.600006103515625</ele>
        <time>2022-05-28T09:08:24.000Z</time>
        <extensions>
          <ns3:TrackPointExtension>
            <ns3:hr>118</ns3:hr>
          </ns3:TrackPointExtension>
        </extensions>
      </trkpt>
      <trkpt lat="47.6402379758656024932861328125" lon="18.47874063067138195037841796875">
        <ele>351.79998779296875</ele>
        <time>2022-05-28T09:08:29.000Z</time>
        <extensions>
          <ns3:TrackPointExtension>
            <ns3:hr>119</ns3:hr>
          </ns3:TrackPointExtension>
        </extensions>
      </trkpt>
      <trkpt lat="47.64021106995642185211181640625" lon="18.4787754155695438385009765625">
        <ele>352.20001220703125</ele>
        <time>2022-05-28T09:08:31.000Z</time>
        <extensions>
          <ns3:TrackPointExtension>
            <ns3:hr>118</ns3:hr>
          </ns3:TrackPointExtension>
        </extensions>
      </trkpt>
      <trkpt lat="47.64012238942086696624755859375" lon="18.4787834621965885162353515625">
        <ele>353.600006103515625</ele>
        <time>2022-05-28T09:08:39.000Z</time>
        <extensions>
          <ns3:TrackPointExtension>
            <ns3:hr>118</ns3:hr>
          </ns3:TrackPointExtension>
        </extensions>
      </trkpt>
      <trkpt lat="47.64009187929332256317138671875" lon="18.47867139615118503570556640625">
        <ele>356.600006103515625</ele>
        <time>2022-05-28T09:08:48.000Z</time>
        <extensions>
          <ns3:TrackPointExtension>
            <ns3:hr>119</ns3:hr>
          </ns3:TrackPointExtension>
        </extensions>
      </trkpt>
      <trkpt lat="47.64009498059749603271484375" lon="18.4786392934620380401611328125">
        <ele>357</ele>
        <time>2022-05-28T09:08:54.000Z</time>
        <extensions>
          <ns3:TrackPointExtension>
            <ns3:hr>120</ns3:hr>
          </ns3:TrackPointExtension>
        </extensions>
      </trkpt>
      <trkpt lat="47.64009204693138599395751953125" lon="18.47862412221729755401611328125">
        <ele>357.20001220703125</ele>
        <time>2022-05-28T09:09:02.000Z</time>
        <extensions>
          <ns3:TrackPointExtension>
            <ns3:hr>119</ns3:hr>
          </ns3:TrackPointExtension>
        </extensions>
      </trkpt>
      <trkpt lat="47.640083916485309600830078125" lon="18.47858338616788387298583984375">
        <ele>358</ele>
        <time>2022-05-28T09:09:10.000Z</time>
        <extensions>
          <ns3:TrackPointExtension>
            <ns3:hr>121</ns3:hr>
          </ns3:TrackPointExtension>
        </extensions>
      </trkpt>
      <trkpt lat="47.6400844193994998931884765625" lon="18.47858338616788387298583984375">
        <ele>358</ele>
        <time>2022-05-28T09:09:16.000Z</time>
        <extensions>
          <ns3:TrackPointExtension>
            <ns3:hr>124</ns3:hr>
          </ns3:TrackPointExtension>
        </extensions>
      </trkpt>
      <trkpt lat="47.64008735306560993194580078125" lon="18.4785829670727252960205078125">
        <ele>357.79998779296875</ele>
        <time>2022-05-28T09:09:23.000Z</time>
        <extensions>
          <ns3:TrackPointExtension>
            <ns3:hr>127</ns3:hr>
          </ns3:TrackPointExtension>
        </extensions>
      </trkpt>
      <trkpt lat="47.64008827507495880126953125" lon="18.4785806201398372650146484375">
        <ele>357.79998779296875</ele>
        <time>2022-05-28T09:09:26.000Z</time>
        <extensions>
          <ns3:TrackPointExtension>
            <ns3:hr>130</ns3:hr>
          </ns3:TrackPointExtension>
        </extensions>
      </trkpt>
      <trkpt lat="47.64002432115375995635986328125" lon="18.47850627265870571136474609375">
        <ele>360.20001220703125</ele>
        <time>2022-05-28T09:09:38.000Z</time>
        <extensions>
          <ns3:TrackPointExtension>
            <ns3:hr>130</ns3:hr>
          </ns3:TrackPointExtension>
        </extensions>
      </trkpt>
      <trkpt lat="47.63996900059282779693603515625" lon="18.47848313860595226287841796875">
        <ele>361</ele>
        <time>2022-05-28T09:09:46.000Z</time>
        <extensions>
          <ns3:TrackPointExtension>
            <ns3:hr>131</ns3:hr>
          </ns3:TrackPointExtension>
        </extensions>
      </trkpt>
      <trkpt lat="47.63996480964124202728271484375" lon="18.4785159118473529815673828125">
        <ele>360.79998779296875</ele>
        <time>2022-05-28T09:09:53.000Z</time>
        <extensions>
          <ns3:TrackPointExtension>
            <ns3:hr>131</ns3:hr>
          </ns3:TrackPointExtension>
        </extensions>
      </trkpt>
      <trkpt lat="47.6399808190762996673583984375" lon="18.47857131622731685638427734375">
        <ele>360</ele>
        <time>2022-05-28T09:10:00.000Z</time>
        <extensions>
          <ns3:TrackPointExtension>
            <ns3:hr>134</ns3:hr>
          </ns3:TrackPointExtension>
        </extensions>
      </trkpt>
      <trkpt lat="47.6399888657033443450927734375" lon="18.478578440845012664794921875">
        <ele>359.79998779296875</ele>
        <time>2022-05-28T09:10:01.000Z</time>
        <extensions>
          <ns3:TrackPointExtension>
            <ns3:hr>134</ns3:hr>
          </ns3:TrackPointExtension>
        </extensions>
      </trkpt>
      <trkpt lat="47.64003857038915157318115234375" lon="18.47864247858524322509765625">
        <ele>358.20001220703125</ele>
        <time>2022-05-28T09:10:10.000Z</time>
        <extensions>
          <ns3:TrackPointExtension>
            <ns3:hr>133</ns3:hr>
          </ns3:TrackPointExtension>
        </extensions>
      </trkpt>
      <trkpt lat="47.64004804193973541259765625" lon="18.4786959551274776458740234375">
        <ele>356.79998779296875</ele>
        <time>2022-05-28T09:10:15.000Z</time>
        <extensions>
          <ns3:TrackPointExtension>
            <ns3:hr>130</ns3:hr>
          </ns3:TrackPointExtension>
        </extensions>
      </trkpt>
      <trkpt lat="47.6400451920926570892333984375" lon="18.47872219048440456390380859375">
        <ele>356.399993896484375</ele>
        <time>2022-05-28T09:10:17.000Z</time>
        <extensions>
          <ns3:TrackPointExtension>
            <ns3:hr>130</ns3:hr>
          </ns3:TrackPointExtension>
        </extensions>
      </trkpt>
      <trkpt lat="47.64004074968397617340087890625" lon="18.47876393236219882965087890625">
        <ele>355.600006103515625</ele>
        <time>2022-05-28T09:10:21.000Z</time>
        <extensions>
          <ns3:TrackPointExtension>
            <ns3:hr>127</ns3:hr>
          </ns3:TrackPointExtension>
        </extensions>
      </trkpt>
      <trkpt lat="47.64004108496010303497314453125" lon="18.4787975437939167022705078125">
        <ele>354.79998779296875</ele>
        <time>2022-05-28T09:10:24.000Z</time>
        <extensions>
          <ns3:TrackPointExtension>
            <ns3:hr>127</ns3:hr>
          </ns3:TrackPointExtension>
        </extensions>
      </trkpt>
      <trkpt lat="47.64003437943756580352783203125" lon="18.47893123514950275421142578125">
        <ele>352.20001220703125</ele>
        <time>2022-05-28T09:10:32.000Z</time>
        <extensions>
          <ns3:TrackPointExtension>
            <ns3:hr>124</ns3:hr>
          </ns3:TrackPointExtension>
        </extensions>
      </trkpt>
      <trkpt lat="47.6399922184646129608154296875" lon="18.47899694927036762237548828125">
        <ele>351.600006103515625</ele>
        <time>2022-05-28T09:10:37.000Z</time>
        <extensions>
          <ns3:TrackPointExtension>
            <ns3:hr>121</ns3:hr>
          </ns3:TrackPointExtension>
        </extensions>
      </trkpt>
      <trkpt lat="47.63994754292070865631103515625" lon="18.47904019989073276519775390625">
        <ele>351.399993896484375</ele>
        <time>2022-05-28T09:10:40.000Z</time>
        <extensions>
          <ns3:TrackPointExtension>
            <ns3:hr>122</ns3:hr>
          </ns3:TrackPointExtension>
        </extensions>
      </trkpt>
      <trkpt lat="47.63993446715176105499267578125" lon="18.47905243746936321258544921875">
        <ele>351.399993896484375</ele>
        <time>2022-05-28T09:10:41.000Z</time>
        <extensions>
          <ns3:TrackPointExtension>
            <ns3:hr>122</ns3:hr>
          </ns3:TrackPointExtension>
        </extensions>
      </trkpt>
      <trkpt lat="47.63983136974275112152099609375" lon="18.4791742265224456787109375">
        <ele>350.600006103515625</ele>
        <time>2022-05-28T09:10:51.000Z</time>
        <extensions>
          <ns3:TrackPointExtension>
            <ns3:hr>122</ns3:hr>
          </ns3:TrackPointExtension>
        </extensions>
      </trkpt>
      <trkpt lat="47.6397494785487651824951171875" lon="18.47917355597019195556640625">
        <ele>351.79998779296875</ele>
        <time>2022-05-28T09:10:58.000Z</time>
        <extensions>
          <ns3:TrackPointExtension>
            <ns3:hr>123</ns3:hr>
          </ns3:TrackPointExtension>
        </extensions>
      </trkpt>
      <trkpt lat="47.63972751796245574951171875" lon="18.479182608425617218017578125">
        <ele>352</ele>
        <time>2022-05-28T09:11:00.000Z</time>
        <extensions>
          <ns3:TrackPointExtension>
            <ns3:hr>123</ns3:hr>
          </ns3:TrackPointExtension>
        </extensions>
      </trkpt>
      <trkpt lat="47.6397005282342433929443359375" lon="18.47915352322161197662353515625">
        <ele>353</ele>
        <time>2022-05-28T09:11:05.000Z</time>
        <extensions>
          <ns3:TrackPointExtension>
            <ns3:hr>123</ns3:hr>
          </ns3:TrackPointExtension>
        </extensions>
      </trkpt>
      <trkpt lat="47.63970178551971912384033203125" lon="18.47911848686635494232177734375">
        <ele>353.399993896484375</ele>
        <time>2022-05-28T09:11:09.000Z</time>
        <extensions>
          <ns3:TrackPointExtension>
            <ns3:hr>122</ns3:hr>
          </ns3:TrackPointExtension>
        </extensions>
      </trkpt>
      <trkpt lat="47.63968619517982006072998046875" lon="18.47911781631410121917724609375">
        <ele>353.600006103515625</ele>
        <time>2022-05-28T09:11:15.000Z</time>
        <extensions>
          <ns3:TrackPointExtension>
            <ns3:hr>121</ns3:hr>
          </ns3:TrackPointExtension>
        </extensions>
      </trkpt>
      <trkpt lat="47.63964302837848663330078125" lon="18.47906685434281826019287109375">
        <ele>355</ele>
        <time>2022-05-28T09:11:23.000Z</time>
        <extensions>
          <ns3:TrackPointExtension>
            <ns3:hr>122</ns3:hr>
          </ns3:TrackPointExtension>
        </extensions>
      </trkpt>
      <trkpt lat="47.639568261802196502685546875" lon="18.47904506139457225799560546875">
        <ele>356.399993896484375</ele>
        <time>2022-05-28T09:11:30.000Z</time>
        <extensions>
          <ns3:TrackPointExtension>
            <ns3:hr>123</ns3:hr>
          </ns3:TrackPointExtension>
        </extensions>
      </trkpt>
      <trkpt lat="47.63954353518784046173095703125" lon="18.47904036752879619598388671875">
        <ele>356.79998779296875</ele>
        <time>2022-05-28T09:11:36.000Z</time>
        <extensions>
          <ns3:TrackPointExtension>
            <ns3:hr>123</ns3:hr>
          </ns3:TrackPointExtension>
        </extensions>
      </trkpt>
      <trkpt lat="47.63953171670436859130859375" lon="18.4790500067174434661865234375">
        <ele>356.79998779296875</ele>
        <time>2022-05-28T09:11:43.000Z</time>
        <extensions>
          <ns3:TrackPointExtension>
            <ns3:hr>122</ns3:hr>
          </ns3:TrackPointExtension>
        </extensions>
      </trkpt>
      <trkpt lat="47.639548815786838531494140625" lon="18.47907590679824352264404296875">
        <ele>356.20001220703125</ele>
        <time>2022-05-28T09:11:49.000Z</time>
        <extensions>
          <ns3:TrackPointExtension>
            <ns3:hr>125</ns3:hr>
          </ns3:TrackPointExtension>
        </extensions>
      </trkpt>
      <trkpt lat="47.63955594040453433990478515625" lon="18.47909501753747463226318359375">
        <ele>356</ele>
        <time>2022-05-28T09:11:52.000Z</time>
        <extensions>
          <ns3:TrackPointExtension>
            <ns3:hr>127</ns3:hr>
          </ns3:TrackPointExtension>
        </extensions>
      </trkpt>
      <trkpt lat="47.63957723043859004974365234375" lon="18.4791116975247859954833984375">
        <ele>355.399993896484375</ele>
        <time>2022-05-28T09:11:55.000Z</time>
        <extensions>
          <ns3:TrackPointExtension>
            <ns3:hr>130</ns3:hr>
          </ns3:TrackPointExtension>
        </extensions>
      </trkpt>
      <trkpt lat="47.63959483243525028228759765625" lon="18.4791743941605091094970703125">
        <ele>354.20001220703125</ele>
        <time>2022-05-28T09:12:00.000Z</time>
        <extensions>
          <ns3:TrackPointExtension>
            <ns3:hr>131</ns3:hr>
          </ns3:TrackPointExtension>
        </extensions>
      </trkpt>
      <trkpt lat="47.6395927369594573974609375" lon="18.4792092628777027130126953125">
        <ele>353.399993896484375</ele>
        <time>2022-05-28T09:12:05.000Z</time>
        <extensions>
          <ns3:TrackPointExtension>
            <ns3:hr>132</ns3:hr>
          </ns3:TrackPointExtension>
        </extensions>
      </trkpt>
      <trkpt lat="47.63959533534944057464599609375" lon="18.47920733503997325897216796875">
        <ele>353.399993896484375</ele>
        <time>2022-05-28T09:12:09.000Z</time>
        <extensions>
          <ns3:TrackPointExtension>
            <ns3:hr>130</ns3:hr>
          </ns3:TrackPointExtension>
        </extensions>
      </trkpt>
      <trkpt lat="47.63958695344626903533935546875" lon="18.47920264117419719696044921875">
        <ele>353.600006103515625</ele>
        <time>2022-05-28T09:12:17.000Z</time>
        <extensions>
          <ns3:TrackPointExtension>
            <ns3:hr>128</ns3:hr>
          </ns3:TrackPointExtension>
        </extensions>
      </trkpt>
      <trkpt lat="47.63958393596112728118896484375" lon="18.47920171916484832763671875">
        <ele>353.600006103515625</ele>
        <time>2022-05-28T09:12:23.000Z</time>
        <extensions>
          <ns3:TrackPointExtension>
            <ns3:hr>125</ns3:hr>
          </ns3:TrackPointExtension>
        </extensions>
      </trkpt>
      <trkpt lat="47.63958393596112728118896484375" lon="18.47920171916484832763671875">
        <ele>353.600006103515625</ele>
        <time>2022-05-28T09:12:27.000Z</time>
        <extensions>
          <ns3:TrackPointExtension>
            <ns3:hr>130</ns3:hr>
          </ns3:TrackPointExtension>
        </extensions>
      </trkpt>
      <trkpt lat="47.63958393596112728118896484375" lon="18.47920171916484832763671875">
        <ele>353.600006103515625</ele>
        <time>2022-05-28T09:12:28.000Z</time>
        <extensions>
          <ns3:TrackPointExtension>
            <ns3:hr>130</ns3:hr>
          </ns3:TrackPointExtension>
        </extensions>
      </trkpt>
      <trkpt lat="47.63958494178950786590576171875" lon="18.47920280881226062774658203125">
        <ele>353.600006103515625</ele>
        <time>2022-05-28T09:12:33.000Z</time>
        <extensions>
          <ns3:TrackPointExtension>
            <ns3:hr>128</ns3:hr>
          </ns3:TrackPointExtension>
        </extensions>
      </trkpt>
      <trkpt lat="47.6395952515304088592529296875" lon="18.47922409884631633758544921875">
        <ele>353</ele>
        <time>2022-05-28T09:13:17.000Z</time>
        <extensions>
          <ns3:TrackPointExtension>
            <ns3:hr>125</ns3:hr>
          </ns3:TrackPointExtension>
        </extensions>
      </trkpt>
      <trkpt lat="47.6395955868065357208251953125" lon="18.4792230091989040374755859375">
        <ele>353</ele>
        <time>2022-05-28T09:13:38.000Z</time>
        <extensions>
          <ns3:TrackPointExtension>
            <ns3:hr>122</ns3:hr>
          </ns3:TrackPointExtension>
        </extensions>
      </trkpt>
      <trkpt lat="47.63961159624159336090087890625" lon="18.47922393120825290679931640625">
        <ele>352.79998779296875</ele>
        <time>2022-05-28T09:13:52.000Z</time>
        <extensions>
          <ns3:TrackPointExtension>
            <ns3:hr>125</ns3:hr>
          </ns3:TrackPointExtension>
        </extensions>
      </trkpt>
      <trkpt lat="47.63961209915578365325927734375" lon="18.4792263619601726531982421875">
        <ele>352.79998779296875</ele>
        <time>2022-05-28T09:14:16.000Z</time>
        <extensions>
          <ns3:TrackPointExtension>
            <ns3:hr>128</ns3:hr>
          </ns3:TrackPointExtension>
        </extensions>
      </trkpt>
      <trkpt lat="47.63959265314042568206787109375" lon="18.47923834808170795440673828125">
        <ele>352.79998779296875</ele>
        <time>2022-05-28T09:14:38.000Z</time>
        <extensions>
          <ns3:TrackPointExtension>
            <ns3:hr>131</ns3:hr>
          </ns3:TrackPointExtension>
        </extensions>
      </trkpt>
      <trkpt lat="47.63958242721855640411376953125" lon="18.47924807108938694000244140625">
        <ele>352.600006103515625</ele>
        <time>2022-05-28T09:14:41.000Z</time>
        <extensions>
          <ns3:TrackPointExtension>
            <ns3:hr>127</ns3:hr>
          </ns3:TrackPointExtension>
        </extensions>
      </trkpt>
      <trkpt lat="47.6395697705447673797607421875" lon="18.4792573750019073486328125">
        <ele>352.600006103515625</ele>
        <time>2022-05-28T09:14:50.000Z</time>
        <extensions>
          <ns3:TrackPointExtension>
            <ns3:hr>123</ns3:hr>
          </ns3:TrackPointExtension>
        </extensions>
      </trkpt>
      <trkpt lat="47.63955761678516864776611328125" lon="18.47927522845566272735595703125">
        <ele>352.399993896484375</ele>
        <time>2022-05-28T09:15:01.000Z</time>
        <extensions>
          <ns3:TrackPointExtension>
            <ns3:hr>120</ns3:hr>
          </ns3:TrackPointExtension>
        </extensions>
      </trkpt>
      <trkpt lat="47.63953599147498607635498046875" lon="18.4792944230139255523681640625">
        <ele>352</ele>
        <time>2022-05-28T09:15:12.000Z</time>
        <extensions>
          <ns3:TrackPointExtension>
            <ns3:hr>117</ns3:hr>
          </ns3:TrackPointExtension>
        </extensions>
      </trkpt>
      <trkpt lat="47.6394266076385974884033203125" lon="18.479380421340465545654296875">
        <ele>351.399993896484375</ele>
        <time>2022-05-28T09:15:17.000Z</time>
        <extensions>
          <ns3:TrackPointExtension>
            <ns3:hr>114</ns3:hr>
          </ns3:TrackPointExtension>
        </extensions>
      </trkpt>
      <trkpt lat="47.6393763162195682525634765625" lon="18.47940288484096527099609375">
        <ele>352.399993896484375</ele>
        <time>2022-05-28T09:15:19.000Z</time>
        <extensions>
          <ns3:TrackPointExtension>
            <ns3:hr>113</ns3:hr>
          </ns3:TrackPointExtension>
        </extensions>
      </trkpt>
      <trkpt lat="47.6393002085387706756591796875" lon="18.4794694371521472930908203125">
        <ele>352.79998779296875</ele>
        <time>2022-05-28T09:15:24.000Z</time>
        <extensions>
          <ns3:TrackPointExtension>
            <ns3:hr>113</ns3:hr>
          </ns3:TrackPointExtension>
        </extensions>
      </trkpt>
      <trkpt lat="47.6392333209514617919921875" lon="18.47955040633678436279296875">
        <ele>351.79998779296875</ele>
        <time>2022-05-28T09:15:31.000Z</time>
        <extensions>
          <ns3:TrackPointExtension>
            <ns3:hr>114</ns3:hr>
          </ns3:TrackPointExtension>
        </extensions>
      </trkpt>
      <trkpt lat="47.63910264708101749420166015625" lon="18.47965979017317295074462890625">
        <ele>350</ele>
        <time>2022-05-28T09:15:41.000Z</time>
        <extensions>
          <ns3:TrackPointExtension>
            <ns3:hr>116</ns3:hr>
          </ns3:TrackPointExtension>
        </extensions>
      </trkpt>
      <trkpt lat="47.63905964791774749755859375" lon="18.47967722453176975250244140625">
        <ele>350.399993896484375</ele>
        <time>2022-05-28T09:15:46.000Z</time>
        <extensions>
          <ns3:TrackPointExtension>
            <ns3:hr>118</ns3:hr>
          </ns3:TrackPointExtension>
        </extensions>
      </trkpt>
      <trkpt lat="47.63903609476983547210693359375" lon="18.47969264723360538482666015625">
        <ele>350.600006103515625</ele>
        <time>2022-05-28T09:15:48.000Z</time>
        <extensions>
          <ns3:TrackPointExtension>
            <ns3:hr>118</ns3:hr>
          </ns3:TrackPointExtension>
        </extensions>
      </trkpt>
      <trkpt lat="47.6389508508145809173583984375" lon="18.47974092699587345123291015625">
        <ele>350.79998779296875</ele>
        <time>2022-05-28T09:15:57.000Z</time>
        <extensions>
          <ns3:TrackPointExtension>
            <ns3:hr>119</ns3:hr>
          </ns3:TrackPointExtension>
        </extensions>
      </trkpt>
      <trkpt lat="47.6389213465154170989990234375" lon="18.47976154647767543792724609375">
        <ele>350.79998779296875</ele>
        <time>2022-05-28T09:16:01.000Z</time>
        <extensions>
          <ns3:TrackPointExtension>
            <ns3:hr>119</ns3:hr>
          </ns3:TrackPointExtension>
        </extensions>
      </trkpt>
      <trkpt lat="47.6388846337795257568359375" lon="18.47977009601891040802001953125">
        <ele>350.79998779296875</ele>
        <time>2022-05-28T09:16:04.000Z</time>
        <extensions>
          <ns3:TrackPointExtension>
            <ns3:hr>119</ns3:hr>
          </ns3:TrackPointExtension>
        </extensions>
      </trkpt>
      <trkpt lat="47.63887725770473480224609375" lon="18.4797765500843524932861328125">
        <ele>350.600006103515625</ele>
        <time>2022-05-28T09:16:05.000Z</time>
        <extensions>
          <ns3:TrackPointExtension>
            <ns3:hr>122</ns3:hr>
          </ns3:TrackPointExtension>
        </extensions>
      </trkpt>
      <trkpt lat="47.6388620026409626007080078125" lon="18.47977629862725734710693359375">
        <ele>350.79998779296875</ele>
        <time>2022-05-28T09:16:10.000Z</time>
        <extensions>
          <ns3:TrackPointExtension>
            <ns3:hr>120</ns3:hr>
          </ns3:TrackPointExtension>
        </extensions>
      </trkpt>
      <trkpt lat="47.6388623379170894622802734375" lon="18.47977026365697383880615234375">
        <ele>351</ele>
        <time>2022-05-28T09:16:17.000Z</time>
        <extensions>
          <ns3:TrackPointExtension>
            <ns3:hr>119</ns3:hr>
          </ns3:TrackPointExtension>
        </extensions>
      </trkpt>
      <trkpt lat="47.6388658583164215087890625" lon="18.479762971401214599609375">
        <ele>351.20001220703125</ele>
        <time>2022-05-28T09:16:40.000Z</time>
        <extensions>
          <ns3:TrackPointExtension>
            <ns3:hr>122</ns3:hr>
          </ns3:TrackPointExtension>
        </extensions>
      </trkpt>
      <trkpt lat="47.63886124826967716217041015625" lon="18.479765318334102630615234375">
        <ele>351</ele>
        <time>2022-05-28T09:16:44.000Z</time>
        <extensions>
          <ns3:TrackPointExtension>
            <ns3:hr>118</ns3:hr>
          </ns3:TrackPointExtension>
        </extensions>
      </trkpt>
      <trkpt lat="47.63879008591175079345703125" lon="18.4798018634319305419921875">
        <ele>350.600006103515625</ele>
        <time>2022-05-28T09:16:48.000Z</time>
        <extensions>
          <ns3:TrackPointExtension>
            <ns3:hr>118</ns3:hr>
          </ns3:TrackPointExtension>
        </extensions>
      </trkpt>
      <trkpt lat="47.6386829651892185211181640625" lon="18.47983715124428272247314453125">
        <ele>351.20001220703125</ele>
        <time>2022-05-28T09:16:55.000Z</time>
        <extensions>
          <ns3:TrackPointExtension>
            <ns3:hr>117</ns3:hr>
          </ns3:TrackPointExtension>
        </extensions>
      </trkpt>
      <trkpt lat="47.63857542537152767181396484375" lon="18.479877971112728118896484375">
        <ele>351.399993896484375</ele>
        <time>2022-05-28T09:17:02.000Z</time>
        <extensions>
          <ns3:TrackPointExtension>
            <ns3:hr>118</ns3:hr>
          </ns3:TrackPointExtension>
        </extensions>
      </trkpt>
      <trkpt lat="47.6385357789695262908935546875" lon="18.47988903522491455078125">
        <ele>351.399993896484375</ele>
        <time>2022-05-28T09:17:05.000Z</time>
        <extensions>
          <ns3:TrackPointExtension>
            <ns3:hr>117</ns3:hr>
          </ns3:TrackPointExtension>
        </extensions>
      </trkpt>
      <trkpt lat="47.638490013778209686279296875" lon="18.4799076430499553680419921875">
        <ele>351.399993896484375</ele>
        <time>2022-05-28T09:17:08.000Z</time>
        <extensions>
          <ns3:TrackPointExtension>
            <ns3:hr>119</ns3:hr>
          </ns3:TrackPointExtension>
        </extensions>
      </trkpt>
      <trkpt lat="47.6384127326309680938720703125" lon="18.479934297502040863037109375">
        <ele>351.600006103515625</ele>
        <time>2022-05-28T09:17:15.000Z</time>
        <extensions>
          <ns3:TrackPointExtension>
            <ns3:hr>118</ns3:hr>
          </ns3:TrackPointExtension>
        </extensions>
      </trkpt>
      <trkpt lat="47.638302259147167205810546875" lon="18.4799525700509548187255859375">
        <ele>352.399993896484375</ele>
        <time>2022-05-28T09:17:23.000Z</time>
        <extensions>
          <ns3:TrackPointExtension>
            <ns3:hr>120</ns3:hr>
          </ns3:TrackPointExtension>
        </extensions>
      </trkpt>
      <trkpt lat="47.63819723390042781829833984375" lon="18.4799589402973651885986328125">
        <ele>353.79998779296875</ele>
        <time>2022-05-28T09:17:31.000Z</time>
        <extensions>
          <ns3:TrackPointExtension>
            <ns3:hr>118</ns3:hr>
          </ns3:TrackPointExtension>
        </extensions>
      </trkpt>
      <trkpt lat="47.63810855336487293243408203125" lon="18.47997981123626232147216796875">
        <ele>355</ele>
        <time>2022-05-28T09:17:39.000Z</time>
        <extensions>
          <ns3:TrackPointExtension>
            <ns3:hr>116</ns3:hr>
          </ns3:TrackPointExtension>
        </extensions>
      </trkpt>
      <trkpt lat="47.6380519755184650421142578125" lon="18.47995483316481113433837890625">
        <ele>355.600006103515625</ele>
        <time>2022-05-28T09:17:43.000Z</time>
        <extensions>
          <ns3:TrackPointExtension>
            <ns3:hr>116</ns3:hr>
          </ns3:TrackPointExtension>
        </extensions>
      </trkpt>
      <trkpt lat="47.6380026899278163909912109375" lon="18.47995810210704803466796875">
        <ele>355.79998779296875</ele>
        <time>2022-05-28T09:17:46.000Z</time>
        <extensions>
          <ns3:TrackPointExtension>
            <ns3:hr>117</ns3:hr>
          </ns3:TrackPointExtension>
        </extensions>
      </trkpt>
      <trkpt lat="47.63791677542030811309814453125" lon="18.47994024865329265594482421875">
        <ele>356.20001220703125</ele>
        <time>2022-05-28T09:17:53.000Z</time>
        <extensions>
          <ns3:TrackPointExtension>
            <ns3:hr>118</ns3:hr>
          </ns3:TrackPointExtension>
        </extensions>
      </trkpt>
      <trkpt lat="47.63783765025436878204345703125" lon="18.479922898113727569580078125">
        <ele>356.600006103515625</ele>
        <time>2022-05-28T09:18:01.000Z</time>
        <extensions>
          <ns3:TrackPointExtension>
            <ns3:hr>117</ns3:hr>
          </ns3:TrackPointExtension>
        </extensions>
      </trkpt>
      <trkpt lat="47.63777277432382106781005859375" lon="18.4799247421324253082275390625">
        <ele>356.399993896484375</ele>
        <time>2022-05-28T09:18:08.000Z</time>
        <extensions>
          <ns3:TrackPointExtension>
            <ns3:hr>114</ns3:hr>
          </ns3:TrackPointExtension>
        </extensions>
      </trkpt>
      <trkpt lat="47.63773924671113491058349609375" lon="18.47992566414177417755126953125">
        <ele>356.20001220703125</ele>
        <time>2022-05-28T09:18:10.000Z</time>
        <extensions>
          <ns3:TrackPointExtension>
            <ns3:hr>114</ns3:hr>
          </ns3:TrackPointExtension>
        </extensions>
      </trkpt>
      <trkpt lat="47.63768367469310760498046875" lon="18.4799378179013729095458984375">
        <ele>356.20001220703125</ele>
        <time>2022-05-28T09:18:14.000Z</time>
        <extensions>
          <ns3:TrackPointExtension>
            <ns3:hr>114</ns3:hr>
          </ns3:TrackPointExtension>
        </extensions>
      </trkpt>
      <trkpt lat="47.63767168857157230377197265625" lon="18.47992817871272563934326171875">
        <ele>356.20001220703125</ele>
        <time>2022-05-28T09:18:15.000Z</time>
        <extensions>
          <ns3:TrackPointExtension>
            <ns3:hr>115</ns3:hr>
          </ns3:TrackPointExtension>
        </extensions>
      </trkpt>
      <trkpt lat="47.6376615464687347412109375" lon="18.479916863143444061279296875">
        <ele>356.20001220703125</ele>
        <time>2022-05-28T09:18:16.000Z</time>
        <extensions>
          <ns3:TrackPointExtension>
            <ns3:hr>115</ns3:hr>
          </ns3:TrackPointExtension>
        </extensions>
      </trkpt>
      <trkpt lat="47.63764101080596446990966796875" lon="18.4798984229564666748046875">
        <ele>356.399993896484375</ele>
        <time>2022-05-28T09:18:18.000Z</time>
        <extensions>
          <ns3:TrackPointExtension>
            <ns3:hr>117</ns3:hr>
          </ns3:TrackPointExtension>
        </extensions>
      </trkpt>
      <trkpt lat="47.63759692199528217315673828125" lon="18.47991795279085636138916015625">
        <ele>356.20001220703125</ele>
        <time>2022-05-28T09:18:22.000Z</time>
        <extensions>
          <ns3:TrackPointExtension>
            <ns3:hr>116</ns3:hr>
          </ns3:TrackPointExtension>
        </extensions>
      </trkpt>
      <trkpt lat="47.63749164529144763946533203125" lon="18.4799398295581340789794921875">
        <ele>356</ele>
        <time>2022-05-28T09:18:31.000Z</time>
        <extensions>
          <ns3:TrackPointExtension>
            <ns3:hr>117</ns3:hr>
          </ns3:TrackPointExtension>
        </extensions>
      </trkpt>
      <trkpt lat="47.63746549375355243682861328125" lon="18.4799274243414402008056640625">
        <ele>356</ele>
        <time>2022-05-28T09:18:33.000Z</time>
        <extensions>
          <ns3:TrackPointExtension>
            <ns3:hr>117</ns3:hr>
          </ns3:TrackPointExtension>
        </extensions>
      </trkpt>
      <trkpt lat="47.63743850402534008026123046875" lon="18.479907810688018798828125">
        <ele>356</ele>
        <time>2022-05-28T09:18:37.000Z</time>
        <extensions>
          <ns3:TrackPointExtension>
            <ns3:hr>117</ns3:hr>
          </ns3:TrackPointExtension>
        </extensions>
      </trkpt>
      <trkpt lat="47.6374256797134876251220703125" lon="18.4799019433557987213134765625">
        <ele>356</ele>
        <time>2022-05-28T09:18:38.000Z</time>
        <extensions>
          <ns3:TrackPointExtension>
            <ns3:hr>117</ns3:hr>
          </ns3:TrackPointExtension>
        </extensions>
      </trkpt>
      <trkpt lat="47.63735904358327388763427734375" lon="18.47989062778651714324951171875">
        <ele>356</ele>
        <time>2022-05-28T09:18:43.000Z</time>
        <extensions>
          <ns3:TrackPointExtension>
            <ns3:hr>117</ns3:hr>
          </ns3:TrackPointExtension>
        </extensions>
      </trkpt>
      <trkpt lat="47.63733364641666412353515625" lon="18.47987118177115917205810546875">
        <ele>356</ele>
        <time>2022-05-28T09:18:45.000Z</time>
        <extensions>
          <ns3:TrackPointExtension>
            <ns3:hr>117</ns3:hr>
          </ns3:TrackPointExtension>
        </extensions>
      </trkpt>
      <trkpt lat="47.6372768171131610870361328125" lon="18.47982893697917461395263671875">
        <ele>356</ele>
        <time>2022-05-28T09:18:50.000Z</time>
        <extensions>
          <ns3:TrackPointExtension>
            <ns3:hr>118</ns3:hr>
          </ns3:TrackPointExtension>
        </extensions>
      </trkpt>
      <trkpt lat="47.63720892369747161865234375" lon="18.47977411933243274688720703125">
        <ele>355.79998779296875</ele>
        <time>2022-05-28T09:18:57.000Z</time>
        <extensions>
          <ns3:TrackPointExtension>
            <ns3:hr>118</ns3:hr>
          </ns3:TrackPointExtension>
        </extensions>
      </trkpt>
      <trkpt lat="47.63713239692151546478271484375" lon="18.47970706410706043243408203125">
        <ele>355.600006103515625</ele>
        <time>2022-05-28T09:19:05.000Z</time>
        <extensions>
          <ns3:TrackPointExtension>
            <ns3:hr>119</ns3:hr>
          </ns3:TrackPointExtension>
        </extensions>
      </trkpt>
      <trkpt lat="47.63705846853554248809814453125" lon="18.47962257452309131622314453125">
        <ele>355.20001220703125</ele>
        <time>2022-05-28T09:19:12.000Z</time>
        <extensions>
          <ns3:TrackPointExtension>
            <ns3:hr>119</ns3:hr>
          </ns3:TrackPointExtension>
        </extensions>
      </trkpt>
      <trkpt lat="47.6369385235011577606201171875" lon="18.47947924397885799407958984375">
        <ele>355</ele>
        <time>2022-05-28T09:19:21.000Z</time>
        <extensions>
          <ns3:TrackPointExtension>
            <ns3:hr>117</ns3:hr>
          </ns3:TrackPointExtension>
        </extensions>
      </trkpt>
      <trkpt lat="47.636874653398990631103515625" lon="18.479449488222599029541015625">
        <ele>355</ele>
        <time>2022-05-28T09:19:28.000Z</time>
        <extensions>
          <ns3:TrackPointExtension>
            <ns3:hr>120</ns3:hr>
          </ns3:TrackPointExtension>
        </extensions>
      </trkpt>
      <trkpt lat="47.6368649303913116455078125" lon="18.479446470737457275390625">
        <ele>355</ele>
        <time>2022-05-28T09:19:29.000Z</time>
        <extensions>
          <ns3:TrackPointExtension>
            <ns3:hr>120</ns3:hr>
          </ns3:TrackPointExtension>
        </extensions>
      </trkpt>
      <trkpt lat="47.6368542015552520751953125" lon="18.4794178046286106109619140625">
        <ele>355</ele>
        <time>2022-05-28T09:19:32.000Z</time>
        <extensions>
          <ns3:TrackPointExtension>
            <ns3:hr>117</ns3:hr>
          </ns3:TrackPointExtension>
        </extensions>
      </trkpt>
      <trkpt lat="47.6368221826851367950439453125" lon="18.47935200668871402740478515625">
        <ele>355.399993896484375</ele>
        <time>2022-05-28T09:19:36.000Z</time>
        <extensions>
          <ns3:TrackPointExtension>
            <ns3:hr>117</ns3:hr>
          </ns3:TrackPointExtension>
        </extensions>
      </trkpt>
      <trkpt lat="47.6367450691759586334228515625" lon="18.4792676009237766265869140625">
        <ele>355.600006103515625</ele>
        <time>2022-05-28T09:19:43.000Z</time>
        <extensions>
          <ns3:TrackPointExtension>
            <ns3:hr>119</ns3:hr>
          </ns3:TrackPointExtension>
        </extensions>
      </trkpt>
      <trkpt lat="47.63665731064975261688232421875" lon="18.47916282713413238525390625">
        <ele>355.79998779296875</ele>
        <time>2022-05-28T09:19:51.000Z</time>
        <extensions>
          <ns3:TrackPointExtension>
            <ns3:hr>121</ns3:hr>
          </ns3:TrackPointExtension>
        </extensions>
      </trkpt>
      <trkpt lat="47.6366364397108554840087890625" lon="18.4791271202266216278076171875">
        <ele>355.600006103515625</ele>
        <time>2022-05-28T09:19:54.000Z</time>
        <extensions>
          <ns3:TrackPointExtension>
            <ns3:hr>118</ns3:hr>
          </ns3:TrackPointExtension>
        </extensions>
      </trkpt>
      <trkpt lat="47.63656158931553363800048828125" lon="18.47907523624598979949951171875">
        <ele>355.20001220703125</ele>
        <time>2022-05-28T09:20:01.000Z</time>
        <extensions>
          <ns3:TrackPointExtension>
            <ns3:hr>119</ns3:hr>
          </ns3:TrackPointExtension>
        </extensions>
      </trkpt>
      <trkpt lat="47.6365452446043491363525390625" lon="18.47906333394348621368408203125">
        <ele>355</ele>
        <time>2022-05-28T09:20:03.000Z</time>
        <extensions>
          <ns3:TrackPointExtension>
            <ns3:hr>114</ns3:hr>
          </ns3:TrackPointExtension>
        </extensions>
      </trkpt>
      <trkpt lat="47.63654080219566822052001953125" lon="18.47905159927904605865478515625">
        <ele>355</ele>
        <time>2022-05-28T09:20:04.000Z</time>
        <extensions>
          <ns3:TrackPointExtension>
            <ns3:hr>114</ns3:hr>
          </ns3:TrackPointExtension>
        </extensions>
      </trkpt>
      <trkpt lat="47.63653979636728763580322265625" lon="18.4790345840156078338623046875">
        <ele>355</ele>
        <time>2022-05-28T09:20:05.000Z</time>
        <extensions>
          <ns3:TrackPointExtension>
            <ns3:hr>118</ns3:hr>
          </ns3:TrackPointExtension>
        </extensions>
      </trkpt>
      <trkpt lat="47.63649889267981052398681640625" lon="18.4789427183568477630615234375">
        <ele>354.399993896484375</ele>
        <time>2022-05-28T09:20:10.000Z</time>
        <extensions>
          <ns3:TrackPointExtension>
            <ns3:hr>119</ns3:hr>
          </ns3:TrackPointExtension>
        </extensions>
      </trkpt>
      <trkpt lat="47.63645329512655735015869140625" lon="18.47887289710342884063720703125">
        <ele>354</ele>
        <time>2022-05-28T09:20:17.000Z</time>
        <extensions>
          <ns3:TrackPointExtension>
            <ns3:hr>119</ns3:hr>
          </ns3:TrackPointExtension>
        </extensions>
      </trkpt>
      <trkpt lat="47.6363749243319034576416015625" lon="18.47877901978790760040283203125">
        <ele>352.600006103515625</ele>
        <time>2022-05-28T09:20:25.000Z</time>
        <extensions>
          <ns3:TrackPointExtension>
            <ns3:hr>119</ns3:hr>
          </ns3:TrackPointExtension>
        </extensions>
      </trkpt>
      <trkpt lat="47.63631013222038745880126953125" lon="18.4787392057478427886962890625">
        <ele>351.79998779296875</ele>
        <time>2022-05-28T09:20:33.000Z</time>
        <extensions>
          <ns3:TrackPointExtension>
            <ns3:hr>121</ns3:hr>
          </ns3:TrackPointExtension>
        </extensions>
      </trkpt>
      <trkpt lat="47.6362180151045322418212890625" lon="18.47866452299058437347412109375">
        <ele>350.20001220703125</ele>
        <time>2022-05-28T09:20:40.000Z</time>
        <extensions>
          <ns3:TrackPointExtension>
            <ns3:hr>119</ns3:hr>
          </ns3:TrackPointExtension>
        </extensions>
      </trkpt>
      <trkpt lat="47.63614366762340068817138671875" lon="18.47861389629542827606201171875">
        <ele>349</ele>
        <time>2022-05-28T09:20:47.000Z</time>
        <extensions>
          <ns3:TrackPointExtension>
            <ns3:hr>118</ns3:hr>
          </ns3:TrackPointExtension>
        </extensions>
      </trkpt>
      <trkpt lat="47.63613092713057994842529296875" lon="18.4786131419241428375244140625">
        <ele>349</ele>
        <time>2022-05-28T09:20:48.000Z</time>
        <extensions>
          <ns3:TrackPointExtension>
            <ns3:hr>119</ns3:hr>
          </ns3:TrackPointExtension>
        </extensions>
      </trkpt>
      <trkpt lat="47.63612371869385242462158203125" lon="18.47860702313482761383056640625">
        <ele>348.79998779296875</ele>
        <time>2022-05-28T09:20:49.000Z</time>
        <extensions>
          <ns3:TrackPointExtension>
            <ns3:hr>118</ns3:hr>
          </ns3:TrackPointExtension>
        </extensions>
      </trkpt>
      <trkpt lat="47.63609723187983036041259765625" lon="18.4785866551101207733154296875">
        <ele>348.399993896484375</ele>
        <time>2022-05-28T09:20:52.000Z</time>
        <extensions>
          <ns3:TrackPointExtension>
            <ns3:hr>120</ns3:hr>
          </ns3:TrackPointExtension>
        </extensions>
      </trkpt>
      <trkpt lat="47.63608239591121673583984375" lon="18.47855857573449611663818359375">
        <ele>348</ele>
        <time>2022-05-28T09:20:54.000Z</time>
        <extensions>
          <ns3:TrackPointExtension>
            <ns3:hr>119</ns3:hr>
          </ns3:TrackPointExtension>
        </extensions>
      </trkpt>
      <trkpt lat="47.63604643754661083221435546875" lon="18.478497304022312164306640625">
        <ele>347</ele>
        <time>2022-05-28T09:21:00.000Z</time>
        <extensions>
          <ns3:TrackPointExtension>
            <ns3:hr>118</ns3:hr>
          </ns3:TrackPointExtension>
        </extensions>
      </trkpt>
      <trkpt lat="47.63598726131021976470947265625" lon="18.47845028154551982879638671875">
        <ele>346.20001220703125</ele>
        <time>2022-05-28T09:21:06.000Z</time>
        <extensions>
          <ns3:TrackPointExtension>
            <ns3:hr>116</ns3:hr>
          </ns3:TrackPointExtension>
        </extensions>
      </trkpt>
      <trkpt lat="47.6359098963439464569091796875" lon="18.47838708199560642242431640625">
        <ele>345</ele>
        <time>2022-05-28T09:21:14.000Z</time>
        <extensions>
          <ns3:TrackPointExtension>
            <ns3:hr>115</ns3:hr>
          </ns3:TrackPointExtension>
        </extensions>
      </trkpt>
      <trkpt lat="47.635821215808391571044921875" lon="18.4782839007675647735595703125">
        <ele>343.600006103515625</ele>
        <time>2022-05-28T09:21:22.000Z</time>
        <extensions>
          <ns3:TrackPointExtension>
            <ns3:hr>118</ns3:hr>
          </ns3:TrackPointExtension>
        </extensions>
      </trkpt>
      <trkpt lat="47.635804452002048492431640625" lon="18.4782810509204864501953125">
        <ele>343.399993896484375</ele>
        <time>2022-05-28T09:21:23.000Z</time>
        <extensions>
          <ns3:TrackPointExtension>
            <ns3:hr>114</ns3:hr>
          </ns3:TrackPointExtension>
        </extensions>
      </trkpt>
      <trkpt lat="47.635750137269496917724609375" lon="18.47825079225003719329833984375">
        <ele>343</ele>
        <time>2022-05-28T09:21:29.000Z</time>
        <extensions>
          <ns3:TrackPointExtension>
            <ns3:hr>114</ns3:hr>
          </ns3:TrackPointExtension>
        </extensions>
      </trkpt>
      <trkpt lat="47.63563673011958599090576171875" lon="18.478234447538852691650390625">
        <ele>342.399993896484375</ele>
        <time>2022-05-28T09:21:37.000Z</time>
        <extensions>
          <ns3:TrackPointExtension>
            <ns3:hr>116</ns3:hr>
          </ns3:TrackPointExtension>
        </extensions>
      </trkpt>
      <trkpt lat="47.63560856692492961883544921875" lon="18.47823604010045528411865234375">
        <ele>342.399993896484375</ele>
        <time>2022-05-28T09:21:39.000Z</time>
        <extensions>
          <ns3:TrackPointExtension>
            <ns3:hr>115</ns3:hr>
          </ns3:TrackPointExtension>
        </extensions>
      </trkpt>
      <trkpt lat="47.6355410926043987274169921875" lon="18.47818004898726940155029296875">
        <ele>341.399993896484375</ele>
        <time>2022-05-28T09:21:46.000Z</time>
        <extensions>
          <ns3:TrackPointExtension>
            <ns3:hr>118</ns3:hr>
          </ns3:TrackPointExtension>
        </extensions>
      </trkpt>
      <trkpt lat="47.6355300284922122955322265625" lon="18.47817242145538330078125">
        <ele>341.20001220703125</ele>
        <time>2022-05-28T09:21:47.000Z</time>
        <extensions>
          <ns3:TrackPointExtension>
            <ns3:hr>119</ns3:hr>
          </ns3:TrackPointExtension>
        </extensions>
      </trkpt>
      <trkpt lat="47.63552810065448284149169921875" lon="18.47815104760229587554931640625">
        <ele>341</ele>
        <time>2022-05-28T09:21:48.000Z</time>
        <extensions>
          <ns3:TrackPointExtension>
            <ns3:hr>120</ns3:hr>
          </ns3:TrackPointExtension>
        </extensions>
      </trkpt>
      <trkpt lat="47.6354485563933849334716796875" lon="18.47816714085638523101806640625">
        <ele>340.20001220703125</ele>
        <time>2022-05-28T09:21:54.000Z</time>
        <extensions>
          <ns3:TrackPointExtension>
            <ns3:hr>123</ns3:hr>
          </ns3:TrackPointExtension>
        </extensions>
      </trkpt>
      <trkpt lat="47.6354378275573253631591796875" lon="18.47816898487508296966552734375">
        <ele>340.20001220703125</ele>
        <time>2022-05-28T09:21:56.000Z</time>
        <extensions>
          <ns3:TrackPointExtension>
            <ns3:hr>123</ns3:hr>
          </ns3:TrackPointExtension>
        </extensions>
      </trkpt>
      <trkpt lat="47.63534747064113616943359375" lon="18.4781296737492084503173828125">
        <ele>339</ele>
        <time>2022-05-28T09:22:05.000Z</time>
        <extensions>
          <ns3:TrackPointExtension>
            <ns3:hr>124</ns3:hr>
          </ns3:TrackPointExtension>
        </extensions>
      </trkpt>
      <trkpt lat="47.63527999632060527801513671875" lon="18.47812640480697154998779296875">
        <ele>338.79998779296875</ele>
        <time>2022-05-28T09:22:10.000Z</time>
        <extensions>
          <ns3:TrackPointExtension>
            <ns3:hr>125</ns3:hr>
          </ns3:TrackPointExtension>
        </extensions>
      </trkpt>
      <trkpt lat="47.63523071072995662689208984375" lon="18.47809304483234882354736328125">
        <ele>338.20001220703125</ele>
        <time>2022-05-28T09:22:16.000Z</time>
        <extensions>
          <ns3:TrackPointExtension>
            <ns3:hr>123</ns3:hr>
          </ns3:TrackPointExtension>
        </extensions>
      </trkpt>
      <trkpt lat="47.6351535134017467498779296875" lon="18.47804174758493900299072265625">
        <ele>337.399993896484375</ele>
        <time>2022-05-28T09:22:23.000Z</time>
        <extensions>
          <ns3:TrackPointExtension>
            <ns3:hr>122</ns3:hr>
          </ns3:TrackPointExtension>
        </extensions>
      </trkpt>
      <trkpt lat="47.63511009514331817626953125" lon="18.47805566154420375823974609375">
        <ele>337.399993896484375</ele>
        <time>2022-05-28T09:22:29.000Z</time>
        <extensions>
          <ns3:TrackPointExtension>
            <ns3:hr>121</ns3:hr>
          </ns3:TrackPointExtension>
        </extensions>
      </trkpt>
      <trkpt lat="47.6350485719740390777587890625" lon="18.47803286276757717132568359375">
        <ele>336.79998779296875</ele>
        <time>2022-05-28T09:22:36.000Z</time>
        <extensions>
          <ns3:TrackPointExtension>
            <ns3:hr>121</ns3:hr>
          </ns3:TrackPointExtension>
        </extensions>
      </trkpt>
      <trkpt lat="47.634939439594745635986328125" lon="18.4780275821685791015625">
        <ele>336.399993896484375</ele>
        <time>2022-05-28T09:22:45.000Z</time>
        <extensions>
          <ns3:TrackPointExtension>
            <ns3:hr>121</ns3:hr>
          </ns3:TrackPointExtension>
        </extensions>
      </trkpt>
      <trkpt lat="47.63485386036336421966552734375" lon="18.47802800126373767852783203125">
        <ele>336.20001220703125</ele>
        <time>2022-05-28T09:22:53.000Z</time>
        <extensions>
          <ns3:TrackPointExtension>
            <ns3:hr>122</ns3:hr>
          </ns3:TrackPointExtension>
        </extensions>
      </trkpt>
      <trkpt lat="47.63482083566486835479736328125" lon="18.4780445136129856109619140625">
        <ele>336.20001220703125</ele>
        <time>2022-05-28T09:22:56.000Z</time>
        <extensions>
          <ns3:TrackPointExtension>
            <ns3:hr>122</ns3:hr>
          </ns3:TrackPointExtension>
        </extensions>
      </trkpt>
      <trkpt lat="47.63475143350660800933837890625" lon="18.4780193679034709930419921875">
        <ele>335.79998779296875</ele>
        <time>2022-05-28T09:23:02.000Z</time>
        <extensions>
          <ns3:TrackPointExtension>
            <ns3:hr>122</ns3:hr>
          </ns3:TrackPointExtension>
        </extensions>
      </trkpt>
      <trkpt lat="47.63468303717672824859619140625" lon="18.47800134681165218353271484375">
        <ele>335.20001220703125</ele>
        <time>2022-05-28T09:23:07.000Z</time>
        <extensions>
          <ns3:TrackPointExtension>
            <ns3:hr>122</ns3:hr>
          </ns3:TrackPointExtension>
        </extensions>
      </trkpt>
      <trkpt lat="47.63459435664117336273193359375" lon="18.4779814817011356353759765625">
        <ele>334.600006103515625</ele>
        <time>2022-05-28T09:23:16.000Z</time>
        <extensions>
          <ns3:TrackPointExtension>
            <ns3:hr>122</ns3:hr>
          </ns3:TrackPointExtension>
        </extensions>
      </trkpt>
      <trkpt lat="47.6344804465770721435546875" lon="18.4779663942754268646240234375">
        <ele>334</ele>
        <time>2022-05-28T09:23:27.000Z</time>
        <extensions>
          <ns3:TrackPointExtension>
            <ns3:hr>122</ns3:hr>
          </ns3:TrackPointExtension>
        </extensions>
      </trkpt>
      <trkpt lat="47.63444767333567142486572265625" lon="18.477974943816661834716796875">
        <ele>333.79998779296875</ele>
        <time>2022-05-28T09:23:30.000Z</time>
        <extensions>
          <ns3:TrackPointExtension>
            <ns3:hr>119</ns3:hr>
          </ns3:TrackPointExtension>
        </extensions>
      </trkpt>
      <trkpt lat="47.63443887233734130859375" lon="18.47797519527375698089599609375">
        <ele>333.79998779296875</ele>
        <time>2022-05-28T09:23:31.000Z</time>
        <extensions>
          <ns3:TrackPointExtension>
            <ns3:hr>122</ns3:hr>
          </ns3:TrackPointExtension>
        </extensions>
      </trkpt>
      <trkpt lat="47.6343677937984466552734375" lon="18.4779523126780986785888671875">
        <ele>332.79998779296875</ele>
        <time>2022-05-28T09:23:37.000Z</time>
        <extensions>
          <ns3:TrackPointExtension>
            <ns3:hr>121</ns3:hr>
          </ns3:TrackPointExtension>
        </extensions>
      </trkpt>
      <trkpt lat="47.6342670433223247528076171875" lon="18.47797133959829807281494140625">
        <ele>332.399993896484375</ele>
        <time>2022-05-28T09:23:46.000Z</time>
        <extensions>
          <ns3:TrackPointExtension>
            <ns3:hr>121</ns3:hr>
          </ns3:TrackPointExtension>
        </extensions>
      </trkpt>
      <trkpt lat="47.6341654546558856964111328125" lon="18.4779630415141582489013671875">
        <ele>331.79998779296875</ele>
        <time>2022-05-28T09:23:55.000Z</time>
        <extensions>
          <ns3:TrackPointExtension>
            <ns3:hr>121</ns3:hr>
          </ns3:TrackPointExtension>
        </extensions>
      </trkpt>
      <trkpt lat="47.63409211300313472747802734375" lon="18.47795692272484302520751953125">
        <ele>332</ele>
        <time>2022-05-28T09:24:02.000Z</time>
        <extensions>
          <ns3:TrackPointExtension>
            <ns3:hr>120</ns3:hr>
          </ns3:TrackPointExtension>
        </extensions>
      </trkpt>
      <trkpt lat="47.63408088125288486480712890625" lon="18.477966897189617156982421875">
        <ele>332.20001220703125</ele>
        <time>2022-05-28T09:24:04.000Z</time>
        <extensions>
          <ns3:TrackPointExtension>
            <ns3:hr>117</ns3:hr>
          </ns3:TrackPointExtension>
        </extensions>
      </trkpt>
      <trkpt lat="47.6340400613844394683837890625" lon="18.47793571650981903076171875">
        <ele>331.79998779296875</ele>
        <time>2022-05-28T09:24:08.000Z</time>
        <extensions>
          <ns3:TrackPointExtension>
            <ns3:hr>118</ns3:hr>
          </ns3:TrackPointExtension>
        </extensions>
      </trkpt>
      <trkpt lat="47.63401164673268795013427734375" lon="18.477932699024677276611328125">
        <ele>331.79998779296875</ele>
        <time>2022-05-28T09:24:10.000Z</time>
        <extensions>
          <ns3:TrackPointExtension>
            <ns3:hr>117</ns3:hr>
          </ns3:TrackPointExtension>
        </extensions>
      </trkpt>
      <trkpt lat="47.6339398138225078582763671875" lon="18.4779499657452106475830078125">
        <ele>332</ele>
        <time>2022-05-28T09:24:15.000Z</time>
        <extensions>
          <ns3:TrackPointExtension>
            <ns3:hr>119</ns3:hr>
          </ns3:TrackPointExtension>
        </extensions>
      </trkpt>
      <trkpt lat="47.633894383907318115234375" lon="18.47795524634420871734619140625">
        <ele>332.20001220703125</ele>
        <time>2022-05-28T09:24:19.000Z</time>
        <extensions>
          <ns3:TrackPointExtension>
            <ns3:hr>118</ns3:hr>
          </ns3:TrackPointExtension>
        </extensions>
      </trkpt>
      <trkpt lat="47.63385691680014133453369140625" lon="18.477949798107147216796875">
        <ele>332.399993896484375</ele>
        <time>2022-05-28T09:24:22.000Z</time>
        <extensions>
          <ns3:TrackPointExtension>
            <ns3:hr>119</ns3:hr>
          </ns3:TrackPointExtension>
        </extensions>
      </trkpt>
      <trkpt lat="47.633809559047222137451171875" lon="18.47795725800096988677978515625">
        <ele>332.79998779296875</ele>
        <time>2022-05-28T09:24:27.000Z</time>
        <extensions>
          <ns3:TrackPointExtension>
            <ns3:hr>118</ns3:hr>
          </ns3:TrackPointExtension>
        </extensions>
      </trkpt>
      <trkpt lat="47.63378768227994441986083984375" lon="18.4779632091522216796875">
        <ele>332.79998779296875</ele>
        <time>2022-05-28T09:24:29.000Z</time>
        <extensions>
          <ns3:TrackPointExtension>
            <ns3:hr>118</ns3:hr>
          </ns3:TrackPointExtension>
        </extensions>
      </trkpt>
      <trkpt lat="47.6337483711540699005126953125" lon="18.47798458300530910491943359375">
        <ele>333.20001220703125</ele>
        <time>2022-05-28T09:24:34.000Z</time>
        <extensions>
          <ns3:TrackPointExtension>
            <ns3:hr>116</ns3:hr>
          </ns3:TrackPointExtension>
        </extensions>
      </trkpt>
      <trkpt lat="47.63373554684221744537353515625" lon="18.477995730936527252197265625">
        <ele>333.20001220703125</ele>
        <time>2022-05-28T09:24:35.000Z</time>
        <extensions>
          <ns3:TrackPointExtension>
            <ns3:hr>116</ns3:hr>
          </ns3:TrackPointExtension>
        </extensions>
      </trkpt>
      <trkpt lat="47.6336957328021526336669921875" lon="18.47801224328577518463134765625">
        <ele>333.600006103515625</ele>
        <time>2022-05-28T09:24:40.000Z</time>
        <extensions>
          <ns3:TrackPointExtension>
            <ns3:hr>117</ns3:hr>
          </ns3:TrackPointExtension>
        </extensions>
      </trkpt>
      <trkpt lat="47.6336447708308696746826171875" lon="18.478002436459064483642578125">
        <ele>333.600006103515625</ele>
        <time>2022-05-28T09:24:43.000Z</time>
        <extensions>
          <ns3:TrackPointExtension>
            <ns3:hr>117</ns3:hr>
          </ns3:TrackPointExtension>
        </extensions>
      </trkpt>
      <trkpt lat="47.6335847564041614532470703125" lon="18.4779794700443744659423828125">
        <ele>333.20001220703125</ele>
        <time>2022-05-28T09:24:48.000Z</time>
        <extensions>
          <ns3:TrackPointExtension>
            <ns3:hr>116</ns3:hr>
          </ns3:TrackPointExtension>
        </extensions>
      </trkpt>
      <trkpt lat="47.6334700919687747955322265625" lon="18.477958850562572479248046875">
        <ele>333</ele>
        <time>2022-05-28T09:24:57.000Z</time>
        <extensions>
          <ns3:TrackPointExtension>
            <ns3:hr>116</ns3:hr>
          </ns3:TrackPointExtension>
        </extensions>
      </trkpt>
      <trkpt lat="47.633407227694988250732421875" lon="18.477965891361236572265625">
        <ele>333</ele>
        <time>2022-05-28T09:25:03.000Z</time>
        <extensions>
          <ns3:TrackPointExtension>
            <ns3:hr>116</ns3:hr>
          </ns3:TrackPointExtension>
        </extensions>
      </trkpt>
      <trkpt lat="47.6333215646445751190185546875" lon="18.477967567741870880126953125">
        <ele>333</ele>
        <time>2022-05-28T09:25:10.000Z</time>
        <extensions>
          <ns3:TrackPointExtension>
            <ns3:hr>116</ns3:hr>
          </ns3:TrackPointExtension>
        </extensions>
      </trkpt>
      <trkpt lat="47.63319290243089199066162109375" lon="18.4779752790927886962890625">
        <ele>332.600006103515625</ele>
        <time>2022-05-28T09:25:19.000Z</time>
        <extensions>
          <ns3:TrackPointExtension>
            <ns3:hr>116</ns3:hr>
          </ns3:TrackPointExtension>
        </extensions>
      </trkpt>
      <trkpt lat="47.63311545364558696746826171875" lon="18.47795859910547733306884765625">
        <ele>332.20001220703125</ele>
        <time>2022-05-28T09:25:26.000Z</time>
        <extensions>
          <ns3:TrackPointExtension>
            <ns3:hr>117</ns3:hr>
          </ns3:TrackPointExtension>
        </extensions>
      </trkpt>
      <trkpt lat="47.6330439560115337371826171875" lon="18.47795180976390838623046875">
        <ele>332</ele>
        <time>2022-05-28T09:25:32.000Z</time>
        <extensions>
          <ns3:TrackPointExtension>
            <ns3:hr>117</ns3:hr>
          </ns3:TrackPointExtension>
        </extensions>
      </trkpt>
      <trkpt lat="47.63294395990669727325439453125" lon="18.4778849221765995025634765625">
        <ele>331.20001220703125</ele>
        <time>2022-05-28T09:25:41.000Z</time>
        <extensions>
          <ns3:TrackPointExtension>
            <ns3:hr>118</ns3:hr>
          </ns3:TrackPointExtension>
        </extensions>
      </trkpt>
      <trkpt lat="47.63286382891237735748291015625" lon="18.4778631292283535003662109375">
        <ele>330.79998779296875</ele>
        <time>2022-05-28T09:25:49.000Z</time>
        <extensions>
          <ns3:TrackPointExtension>
            <ns3:hr>119</ns3:hr>
          </ns3:TrackPointExtension>
        </extensions>
      </trkpt>
      <trkpt lat="47.63274975121021270751953125" lon="18.47788098268210887908935546875">
        <ele>330.79998779296875</ele>
        <time>2022-05-28T09:25:59.000Z</time>
        <extensions>
          <ns3:TrackPointExtension>
            <ns3:hr>119</ns3:hr>
          </ns3:TrackPointExtension>
        </extensions>
      </trkpt>
      <trkpt lat="47.63267020694911479949951171875" lon="18.47788743674755096435546875">
        <ele>330.79998779296875</ele>
        <time>2022-05-28T09:26:07.000Z</time>
        <extensions>
          <ns3:TrackPointExtension>
            <ns3:hr>119</ns3:hr>
          </ns3:TrackPointExtension>
        </extensions>
      </trkpt>
      <trkpt lat="47.63263433240354061126708984375" lon="18.47788919694721698760986328125">
        <ele>330.79998779296875</ele>
        <time>2022-05-28T09:26:10.000Z</time>
        <extensions>
          <ns3:TrackPointExtension>
            <ns3:hr>120</ns3:hr>
          </ns3:TrackPointExtension>
        </extensions>
      </trkpt>
      <trkpt lat="47.632607929408550262451171875" lon="18.4779150970280170440673828125">
        <ele>330.79998779296875</ele>
        <time>2022-05-28T09:26:14.000Z</time>
        <extensions>
          <ns3:TrackPointExtension>
            <ns3:hr>120</ns3:hr>
          </ns3:TrackPointExtension>
        </extensions>
      </trkpt>
      <trkpt lat="47.63259820640087127685546875" lon="18.47792590968310832977294921875">
        <ele>330.79998779296875</ele>
        <time>2022-05-28T09:26:15.000Z</time>
        <extensions>
          <ns3:TrackPointExtension>
            <ns3:hr>120</ns3:hr>
          </ns3:TrackPointExtension>
        </extensions>
      </trkpt>
      <trkpt lat="47.63252369128167629241943359375" lon="18.47795675508677959442138671875">
        <ele>330.600006103515625</ele>
        <time>2022-05-28T09:26:21.000Z</time>
        <extensions>
          <ns3:TrackPointExtension>
            <ns3:hr>119</ns3:hr>
          </ns3:TrackPointExtension>
        </extensions>
      </trkpt>
      <trkpt lat="47.6324253715574741363525390625" lon="18.47798190079629421234130859375">
        <ele>330.399993896484375</ele>
        <time>2022-05-28T09:26:29.000Z</time>
        <extensions>
          <ns3:TrackPointExtension>
            <ns3:hr>118</ns3:hr>
          </ns3:TrackPointExtension>
        </extensions>
      </trkpt>
      <trkpt lat="47.632342390716075897216796875" lon="18.47800821997225284576416015625">
        <ele>330.20001220703125</ele>
        <time>2022-05-28T09:26:37.000Z</time>
        <extensions>
          <ns3:TrackPointExtension>
            <ns3:hr>115</ns3:hr>
          </ns3:TrackPointExtension>
        </extensions>
      </trkpt>
      <trkpt lat="47.63231456279754638671875" lon="18.4780170209705829620361328125">
        <ele>330</ele>
        <time>2022-05-28T09:26:39.000Z</time>
        <extensions>
          <ns3:TrackPointExtension>
            <ns3:hr>118</ns3:hr>
          </ns3:TrackPointExtension>
        </extensions>
      </trkpt>
      <trkpt lat="47.6322423107922077178955078125" lon="18.47803588025271892547607421875">
        <ele>330</ele>
        <time>2022-05-28T09:26:45.000Z</time>
        <extensions>
          <ns3:TrackPointExtension>
            <ns3:hr>118</ns3:hr>
          </ns3:TrackPointExtension>
        </extensions>
      </trkpt>
      <trkpt lat="47.63223753310739994049072265625" lon="18.478042669594287872314453125">
        <ele>330</ele>
        <time>2022-05-28T09:26:47.000Z</time>
        <extensions>
          <ns3:TrackPointExtension>
            <ns3:hr>114</ns3:hr>
          </ns3:TrackPointExtension>
        </extensions>
      </trkpt>
      <trkpt lat="47.6322335936129093170166015625" lon="18.4780455194413661956787109375">
        <ele>330</ele>
        <time>2022-05-28T09:26:49.000Z</time>
        <extensions>
          <ns3:TrackPointExtension>
            <ns3:hr>118</ns3:hr>
          </ns3:TrackPointExtension>
        </extensions>
      </trkpt>
      <trkpt lat="47.6322275586426258087158203125" lon="18.47804677672684192657470703125">
        <ele>330</ele>
        <time>2022-05-28T09:26:52.000Z</time>
        <extensions>
          <ns3:TrackPointExtension>
            <ns3:hr>117</ns3:hr>
          </ns3:TrackPointExtension>
        </extensions>
      </trkpt>
      <trkpt lat="47.632230408489704132080078125" lon="18.478066809475421905517578125">
        <ele>330.20001220703125</ele>
        <time>2022-05-28T09:26:57.000Z</time>
        <extensions>
          <ns3:TrackPointExtension>
            <ns3:hr>118</ns3:hr>
          </ns3:TrackPointExtension>
        </extensions>
      </trkpt>
      <trkpt lat="47.632232420146465301513671875" lon="18.4780629537999629974365234375">
        <ele>330</ele>
        <time>2022-05-28T09:27:22.000Z</time>
        <extensions>
          <ns3:TrackPointExtension>
            <ns3:hr>121</ns3:hr>
          </ns3:TrackPointExtension>
        </extensions>
      </trkpt>
      <trkpt lat="47.63219260610640048980712890625" lon="18.4780718386173248291015625">
        <ele>330.20001220703125</ele>
        <time>2022-05-28T09:27:37.000Z</time>
        <extensions>
          <ns3:TrackPointExtension>
            <ns3:hr>118</ns3:hr>
          </ns3:TrackPointExtension>
        </extensions>
      </trkpt>
      <trkpt lat="47.63216125778853893280029296875" lon="18.478073514997959136962890625">
        <ele>330.20001220703125</ele>
        <time>2022-05-28T09:27:39.000Z</time>
        <extensions>
          <ns3:TrackPointExtension>
            <ns3:hr>118</ns3:hr>
          </ns3:TrackPointExtension>
        </extensions>
      </trkpt>
      <trkpt lat="47.632034607231616973876953125" lon="18.4781018458306789398193359375">
        <ele>330.399993896484375</ele>
        <time>2022-05-28T09:27:45.000Z</time>
        <extensions>
          <ns3:TrackPointExtension>
            <ns3:hr>115</ns3:hr>
          </ns3:TrackPointExtension>
        </extensions>
      </trkpt>
      <trkpt lat="47.6320289075374603271484375" lon="18.4781005047261714935302734375">
        <ele>330.399993896484375</ele>
        <time>2022-05-28T09:27:46.000Z</time>
        <extensions>
          <ns3:TrackPointExtension>
            <ns3:hr>116</ns3:hr>
          </ns3:TrackPointExtension>
        </extensions>
      </trkpt>
      <trkpt lat="47.6319164223968982696533203125" lon="18.47808080725371837615966796875">
        <ele>329.79998779296875</ele>
        <time>2022-05-28T09:27:54.000Z</time>
        <extensions>
          <ns3:TrackPointExtension>
            <ns3:hr>113</ns3:hr>
          </ns3:TrackPointExtension>
        </extensions>
      </trkpt>
      <trkpt lat="47.6319066993892192840576171875" lon="18.47807209007441997528076171875">
        <ele>329.600006103515625</ele>
        <time>2022-05-28T09:27:55.000Z</time>
        <extensions>
          <ns3:TrackPointExtension>
            <ns3:hr>114</ns3:hr>
          </ns3:TrackPointExtension>
        </extensions>
      </trkpt>
      <trkpt lat="47.6318626105785369873046875" lon="18.4779989160597324371337890625">
        <ele>329</ele>
        <time>2022-05-28T09:28:01.000Z</time>
        <extensions>
          <ns3:TrackPointExtension>
            <ns3:hr>113</ns3:hr>
          </ns3:TrackPointExtension>
        </extensions>
      </trkpt>
      <trkpt lat="47.63184626586735248565673828125" lon="18.47798391245305538177490234375">
        <ele>328.79998779296875</ele>
        <time>2022-05-28T09:28:09.000Z</time>
        <extensions>
          <ns3:TrackPointExtension>
            <ns3:hr>115</ns3:hr>
          </ns3:TrackPointExtension>
        </extensions>
      </trkpt>
      <trkpt lat="47.631802260875701904296875" lon="18.47799967043101787567138671875">
        <ele>328.600006103515625</ele>
        <time>2022-05-28T09:28:18.000Z</time>
        <extensions>
          <ns3:TrackPointExtension>
            <ns3:hr>113</ns3:hr>
          </ns3:TrackPointExtension>
        </extensions>
      </trkpt>
      <trkpt lat="47.631729505956172943115234375" lon="18.4780746884644031524658203125">
        <ele>328.399993896484375</ele>
        <time>2022-05-28T09:28:26.000Z</time>
        <extensions>
          <ns3:TrackPointExtension>
            <ns3:hr>113</ns3:hr>
          </ns3:TrackPointExtension>
        </extensions>
      </trkpt>
      <trkpt lat="47.6317051984369754791259765625" lon="18.47812087275087833404541015625">
        <ele>328.600006103515625</ele>
        <time>2022-05-28T09:28:34.000Z</time>
        <extensions>
          <ns3:TrackPointExtension>
            <ns3:hr>114</ns3:hr>
          </ns3:TrackPointExtension>
        </extensions>
      </trkpt>
      <trkpt lat="47.63164543546736240386962890625" lon="18.47815959714353084564208984375">
        <ele>328.20001220703125</ele>
        <time>2022-05-28T09:28:40.000Z</time>
        <extensions>
          <ns3:TrackPointExtension>
            <ns3:hr>114</ns3:hr>
          </ns3:TrackPointExtension>
        </extensions>
      </trkpt>
      <trkpt lat="47.63162431307137012481689453125" lon="18.4781839884817600250244140625">
        <ele>328.20001220703125</ele>
        <time>2022-05-28T09:28:43.000Z</time>
        <extensions>
          <ns3:TrackPointExtension>
            <ns3:hr>115</ns3:hr>
          </ns3:TrackPointExtension>
        </extensions>
      </trkpt>
      <trkpt lat="47.63157569803297519683837890625" lon="18.4782329387962818145751953125">
        <ele>328</ele>
        <time>2022-05-28T09:28:47.000Z</time>
        <extensions>
          <ns3:TrackPointExtension>
            <ns3:hr>115</ns3:hr>
          </ns3:TrackPointExtension>
        </extensions>
      </trkpt>
      <trkpt lat="47.63155105523765087127685546875" lon="18.47825087606906890869140625">
        <ele>327.79998779296875</ele>
        <time>2022-05-28T09:28:50.000Z</time>
        <extensions>
          <ns3:TrackPointExtension>
            <ns3:hr>111</ns3:hr>
          </ns3:TrackPointExtension>
        </extensions>
      </trkpt>
      <trkpt lat="47.63149917125701904296875" lon="18.47829253412783145904541015625">
        <ele>327.600006103515625</ele>
        <time>2022-05-28T09:28:56.000Z</time>
        <extensions>
          <ns3:TrackPointExtension>
            <ns3:hr>109</ns3:hr>
          </ns3:TrackPointExtension>
        </extensions>
      </trkpt>
      <trkpt lat="47.63145692646503448486328125" lon="18.47831315360963344573974609375">
        <ele>327.20001220703125</ele>
        <time>2022-05-28T09:29:00.000Z</time>
        <extensions>
          <ns3:TrackPointExtension>
            <ns3:hr>110</ns3:hr>
          </ns3:TrackPointExtension>
        </extensions>
      </trkpt>
      <trkpt lat="47.6314255781471729278564453125" lon="18.47834131680428981781005859375">
        <ele>327.20001220703125</ele>
        <time>2022-05-28T09:29:03.000Z</time>
        <extensions>
          <ns3:TrackPointExtension>
            <ns3:hr>110</ns3:hr>
          </ns3:TrackPointExtension>
        </extensions>
      </trkpt>
      <trkpt lat="47.63138853013515472412109375" lon="18.47836486995220184326171875">
        <ele>327</ele>
        <time>2022-05-28T09:29:06.000Z</time>
        <extensions>
          <ns3:TrackPointExtension>
            <ns3:hr>114</ns3:hr>
          </ns3:TrackPointExtension>
        </extensions>
      </trkpt>
      <trkpt lat="47.63137914240360260009765625" lon="18.47837383858859539031982421875">
        <ele>327</ele>
        <time>2022-05-28T09:29:07.000Z</time>
        <extensions>
          <ns3:TrackPointExtension>
            <ns3:hr>117</ns3:hr>
          </ns3:TrackPointExtension>
        </extensions>
      </trkpt>
      <trkpt lat="47.63136682100594043731689453125" lon="18.47838632762432098388671875">
        <ele>327</ele>
        <time>2022-05-28T09:29:08.000Z</time>
        <extensions>
          <ns3:TrackPointExtension>
            <ns3:hr>113</ns3:hr>
          </ns3:TrackPointExtension>
        </extensions>
      </trkpt>
      <trkpt lat="47.63130211271345615386962890625" lon="18.47843402065336704254150390625">
        <ele>326.79998779296875</ele>
        <time>2022-05-28T09:29:14.000Z</time>
        <extensions>
          <ns3:TrackPointExtension>
            <ns3:hr>113</ns3:hr>
          </ns3:TrackPointExtension>
        </extensions>
      </trkpt>
      <trkpt lat="47.631174288690090179443359375" lon="18.47852655686438083648681640625">
        <ele>325.79998779296875</ele>
        <time>2022-05-28T09:29:25.000Z</time>
        <extensions>
          <ns3:TrackPointExtension>
            <ns3:hr>114</ns3:hr>
          </ns3:TrackPointExtension>
        </extensions>
      </trkpt>
      <trkpt lat="47.6311399228870868682861328125" lon="18.47854281775653362274169921875">
        <ele>325.399993896484375</ele>
        <time>2022-05-28T09:29:28.000Z</time>
        <extensions>
          <ns3:TrackPointExtension>
            <ns3:hr>109</ns3:hr>
          </ns3:TrackPointExtension>
        </extensions>
      </trkpt>
      <trkpt lat="47.63108971528708934783935546875" lon="18.4785853140056133270263671875">
        <ele>325.399993896484375</ele>
        <time>2022-05-28T09:29:34.000Z</time>
        <extensions>
          <ns3:TrackPointExtension>
            <ns3:hr>107</ns3:hr>
          </ns3:TrackPointExtension>
        </extensions>
      </trkpt>
      <trkpt lat="47.6310748793184757232666015625" lon="18.478590510785579681396484375">
        <ele>325.399993896484375</ele>
        <time>2022-05-28T09:29:36.000Z</time>
        <extensions>
          <ns3:TrackPointExtension>
            <ns3:hr>108</ns3:hr>
          </ns3:TrackPointExtension>
        </extensions>
      </trkpt>
      <trkpt lat="47.6310440339148044586181640625" lon="18.4786168299615383148193359375">
        <ele>325.399993896484375</ele>
        <time>2022-05-28T09:29:40.000Z</time>
        <extensions>
          <ns3:TrackPointExtension>
            <ns3:hr>105</ns3:hr>
          </ns3:TrackPointExtension>
        </extensions>
      </trkpt>
      <trkpt lat="47.6310138590633869171142578125" lon="18.4786392934620380401611328125">
        <ele>325.399993896484375</ele>
        <time>2022-05-28T09:29:43.000Z</time>
        <extensions>
          <ns3:TrackPointExtension>
            <ns3:hr>105</ns3:hr>
          </ns3:TrackPointExtension>
        </extensions>
      </trkpt>
      <trkpt lat="47.63094621710479259490966796875" lon="18.47865228541195392608642578125">
        <ele>325</ele>
        <time>2022-05-28T09:29:49.000Z</time>
        <extensions>
          <ns3:TrackPointExtension>
            <ns3:hr>105</ns3:hr>
          </ns3:TrackPointExtension>
        </extensions>
      </trkpt>
      <trkpt lat="47.63088854961097240447998046875" lon="18.47869503311812877655029296875">
        <ele>325.20001220703125</ele>
        <time>2022-05-28T09:29:57.000Z</time>
        <extensions>
          <ns3:TrackPointExtension>
            <ns3:hr>105</ns3:hr>
          </ns3:TrackPointExtension>
        </extensions>
      </trkpt>
      <trkpt lat="47.6308264397084712982177734375" lon="18.4787509404122829437255859375">
        <ele>325.79998779296875</ele>
        <time>2022-05-28T09:30:03.000Z</time>
        <extensions>
          <ns3:TrackPointExtension>
            <ns3:hr>104</ns3:hr>
          </ns3:TrackPointExtension>
        </extensions>
      </trkpt>
      <trkpt lat="47.63076315633952617645263671875" lon="18.4788200072944164276123046875">
        <ele>326.600006103515625</ele>
        <time>2022-05-28T09:30:09.000Z</time>
        <extensions>
          <ns3:TrackPointExtension>
            <ns3:hr>104</ns3:hr>
          </ns3:TrackPointExtension>
        </extensions>
      </trkpt>
      <trkpt lat="47.630675397813320159912109375" lon="18.478865437209606170654296875">
        <ele>326.79998779296875</ele>
        <time>2022-05-28T09:30:16.000Z</time>
        <extensions>
          <ns3:TrackPointExtension>
            <ns3:hr>107</ns3:hr>
          </ns3:TrackPointExtension>
        </extensions>
      </trkpt>
      <trkpt lat="47.63058797456324100494384765625" lon="18.4788813628256320953369140625">
        <ele>327</ele>
        <time>2022-05-28T09:30:23.000Z</time>
        <extensions>
          <ns3:TrackPointExtension>
            <ns3:hr>107</ns3:hr>
          </ns3:TrackPointExtension>
        </extensions>
      </trkpt>
      <trkpt lat="47.6304624974727630615234375" lon="18.4788431413471698760986328125">
        <ele>326.79998779296875</ele>
        <time>2022-05-28T09:30:32.000Z</time>
        <extensions>
          <ns3:TrackPointExtension>
            <ns3:hr>110</ns3:hr>
          </ns3:TrackPointExtension>
        </extensions>
      </trkpt>
      <trkpt lat="47.63041798956692218780517578125" lon="18.47880684770643711090087890625">
        <ele>326.79998779296875</ele>
        <time>2022-05-28T09:30:37.000Z</time>
        <extensions>
          <ns3:TrackPointExtension>
            <ns3:hr>113</ns3:hr>
          </ns3:TrackPointExtension>
        </extensions>
      </trkpt>
      <trkpt lat="47.63038613833487033843994140625" lon="18.47878061234951019287109375">
        <ele>326.600006103515625</ele>
        <time>2022-05-28T09:30:41.000Z</time>
        <extensions>
          <ns3:TrackPointExtension>
            <ns3:hr>113</ns3:hr>
          </ns3:TrackPointExtension>
        </extensions>
      </trkpt>
      <trkpt lat="47.6303024031221866607666015625" lon="18.4787073545157909393310546875">
        <ele>326.600006103515625</ele>
        <time>2022-05-28T09:30:51.000Z</time>
        <extensions>
          <ns3:TrackPointExtension>
            <ns3:hr>115</ns3:hr>
          </ns3:TrackPointExtension>
        </extensions>
      </trkpt>
      <trkpt lat="47.63027030043303966522216796875" lon="18.47868011333048343658447265625">
        <ele>326.79998779296875</ele>
        <time>2022-05-28T09:30:55.000Z</time>
        <extensions>
          <ns3:TrackPointExtension>
            <ns3:hr>118</ns3:hr>
          </ns3:TrackPointExtension>
        </extensions>
      </trkpt>
      <trkpt lat="47.630234174430370330810546875" lon="18.47864440642297267913818359375">
        <ele>327.20001220703125</ele>
        <time>2022-05-28T09:30:59.000Z</time>
        <extensions>
          <ns3:TrackPointExtension>
            <ns3:hr>118</ns3:hr>
          </ns3:TrackPointExtension>
        </extensions>
      </trkpt>
      <trkpt lat="47.63018312864005565643310546875" lon="18.47858305089175701141357421875">
        <ele>327.79998779296875</ele>
        <time>2022-05-28T09:31:05.000Z</time>
        <extensions>
          <ns3:TrackPointExtension>
            <ns3:hr>121</ns3:hr>
          </ns3:TrackPointExtension>
        </extensions>
      </trkpt>
      <trkpt lat="47.630154378712177276611328125" lon="18.47854516468942165374755859375">
        <ele>328.20001220703125</ele>
        <time>2022-05-28T09:31:09.000Z</time>
        <extensions>
          <ns3:TrackPointExtension>
            <ns3:hr>124</ns3:hr>
          </ns3:TrackPointExtension>
        </extensions>
      </trkpt>
      <trkpt lat="47.63014876283705234527587890625" lon="18.47853443585336208343505859375">
        <ele>328.399993896484375</ele>
        <time>2022-05-28T09:31:10.000Z</time>
        <extensions>
          <ns3:TrackPointExtension>
            <ns3:hr>125</ns3:hr>
          </ns3:TrackPointExtension>
        </extensions>
      </trkpt>
      <trkpt lat="47.63012981973588466644287109375" lon="18.47849504090845584869384765625">
        <ele>328.600006103515625</ele>
        <time>2022-05-28T09:31:14.000Z</time>
        <extensions>
          <ns3:TrackPointExtension>
            <ns3:hr>128</ns3:hr>
          </ns3:TrackPointExtension>
        </extensions>
      </trkpt>
      <trkpt lat="47.6301116310060024261474609375" lon="18.4784609265625476837158203125">
        <ele>329</ele>
        <time>2022-05-28T09:31:19.000Z</time>
        <extensions>
          <ns3:TrackPointExtension>
            <ns3:hr>130</ns3:hr>
          </ns3:TrackPointExtension>
        </extensions>
      </trkpt>
      <trkpt lat="47.63009930960834026336669921875" lon="18.478443324565887451171875">
        <ele>329</ele>
        <time>2022-05-28T09:31:30.000Z</time>
        <extensions>
          <ns3:TrackPointExtension>
            <ns3:hr>133</ns3:hr>
          </ns3:TrackPointExtension>
        </extensions>
      </trkpt>
      <trkpt lat="47.630091346800327301025390625" lon="18.47844064235687255859375">
        <ele>329.20001220703125</ele>
        <time>2022-05-28T09:31:32.000Z</time>
        <extensions>
          <ns3:TrackPointExtension>
            <ns3:hr>134</ns3:hr>
          </ns3:TrackPointExtension>
        </extensions>
      </trkpt>
      <trkpt lat="47.6300767622888088226318359375" lon="18.4784455038607120513916015625">
        <ele>329.399993896484375</ele>
        <time>2022-05-28T09:31:40.000Z</time>
        <extensions>
          <ns3:TrackPointExtension>
            <ns3:hr>132</ns3:hr>
          </ns3:TrackPointExtension>
        </extensions>
      </trkpt>
      <trkpt lat="47.6300445757806301116943359375" lon="18.47836445085704326629638671875">
        <ele>329.79998779296875</ele>
        <time>2022-05-28T09:31:52.000Z</time>
        <extensions>
          <ns3:TrackPointExtension>
            <ns3:hr>131</ns3:hr>
          </ns3:TrackPointExtension>
        </extensions>
      </trkpt>
      <trkpt lat="47.63001448474824428558349609375" lon="18.47828582860529422760009765625">
        <ele>330.399993896484375</ele>
        <time>2022-05-28T09:31:57.000Z</time>
        <extensions>
          <ns3:TrackPointExtension>
            <ns3:hr>132</ns3:hr>
          </ns3:TrackPointExtension>
        </extensions>
      </trkpt>
      <trkpt lat="47.62999034486711025238037109375" lon="18.47821994684636592864990234375">
        <ele>331</ele>
        <time>2022-05-28T09:32:02.000Z</time>
        <extensions>
          <ns3:TrackPointExtension>
            <ns3:hr>132</ns3:hr>
          </ns3:TrackPointExtension>
        </extensions>
      </trkpt>
      <trkpt lat="47.6299590803682804107666015625" lon="18.478132188320159912109375">
        <ele>331.79998779296875</ele>
        <time>2022-05-28T09:32:09.000Z</time>
        <extensions>
          <ns3:TrackPointExtension>
            <ns3:hr>132</ns3:hr>
          </ns3:TrackPointExtension>
        </extensions>
      </trkpt>
      <trkpt lat="47.6299233734607696533203125" lon="18.47803319804370403289794921875">
        <ele>332.79998779296875</ele>
        <time>2022-05-28T09:32:16.000Z</time>
        <extensions>
          <ns3:TrackPointExtension>
            <ns3:hr>128</ns3:hr>
          </ns3:TrackPointExtension>
        </extensions>
      </trkpt>
      <trkpt lat="47.62991859577596187591552734375" lon="18.47799061797559261322021484375">
        <ele>333.20001220703125</ele>
        <time>2022-05-28T09:32:19.000Z</time>
        <extensions>
          <ns3:TrackPointExtension>
            <ns3:hr>126</ns3:hr>
          </ns3:TrackPointExtension>
        </extensions>
      </trkpt>
      <trkpt lat="47.62988515198230743408203125" lon="18.47783421166241168975830078125">
        <ele>334.20001220703125</ele>
        <time>2022-05-28T09:32:29.000Z</time>
        <extensions>
          <ns3:TrackPointExtension>
            <ns3:hr>126</ns3:hr>
          </ns3:TrackPointExtension>
        </extensions>
      </trkpt>
      <trkpt lat="47.62986394576728343963623046875" lon="18.47769674845039844512939453125">
        <ele>335</ele>
        <time>2022-05-28T09:32:38.000Z</time>
        <extensions>
          <ns3:TrackPointExtension>
            <ns3:hr>127</ns3:hr>
          </ns3:TrackPointExtension>
        </extensions>
      </trkpt>
      <trkpt lat="47.629857324063777923583984375" lon="18.47764913924038410186767578125">
        <ele>335.399993896484375</ele>
        <time>2022-05-28T09:32:41.000Z</time>
        <extensions>
          <ns3:TrackPointExtension>
            <ns3:hr>128</ns3:hr>
          </ns3:TrackPointExtension>
        </extensions>
      </trkpt>
      <trkpt lat="47.62982723303139209747314453125" lon="18.47748485393822193145751953125">
        <ele>337</ele>
        <time>2022-05-28T09:32:52.000Z</time>
        <extensions>
          <ns3:TrackPointExtension>
            <ns3:hr>127</ns3:hr>
          </ns3:TrackPointExtension>
        </extensions>
      </trkpt>
      <trkpt lat="47.62980870902538299560546875" lon="18.477402962744235992431640625">
        <ele>337.600006103515625</ele>
        <time>2022-05-28T09:32:57.000Z</time>
        <extensions>
          <ns3:TrackPointExtension>
            <ns3:hr>130</ns3:hr>
          </ns3:TrackPointExtension>
        </extensions>
      </trkpt>
      <trkpt lat="47.6297877542674541473388671875" lon="18.47736231051385402679443359375">
        <ele>338</ele>
        <time>2022-05-28T09:33:00.000Z</time>
        <extensions>
          <ns3:TrackPointExtension>
            <ns3:hr>132</ns3:hr>
          </ns3:TrackPointExtension>
        </extensions>
      </trkpt>
      <trkpt lat="47.6297703199088573455810546875" lon="18.4773250110447406768798828125">
        <ele>338.399993896484375</ele>
        <time>2022-05-28T09:33:05.000Z</time>
        <extensions>
          <ns3:TrackPointExtension>
            <ns3:hr>132</ns3:hr>
          </ns3:TrackPointExtension>
        </extensions>
      </trkpt>
      <trkpt lat="47.6297713257372379302978515625" lon="18.47732258029282093048095703125">
        <ele>338.399993896484375</ele>
        <time>2022-05-28T09:33:07.000Z</time>
        <extensions>
          <ns3:TrackPointExtension>
            <ns3:hr>132</ns3:hr>
          </ns3:TrackPointExtension>
        </extensions>
      </trkpt>
      <trkpt lat="47.62977090664207935333251953125" lon="18.477320484817028045654296875">
        <ele>338.399993896484375</ele>
        <time>2022-05-28T09:33:13.000Z</time>
        <extensions>
          <ns3:TrackPointExtension>
            <ns3:hr>135</ns3:hr>
          </ns3:TrackPointExtension>
        </extensions>
      </trkpt>
      <trkpt lat="47.62976135127246379852294921875" lon="18.47731688059866428375244140625">
        <ele>338.600006103515625</ele>
        <time>2022-05-28T09:33:23.000Z</time>
        <extensions>
          <ns3:TrackPointExtension>
            <ns3:hr>132</ns3:hr>
          </ns3:TrackPointExtension>
        </extensions>
      </trkpt>
      <trkpt lat="47.62976135127246379852294921875" lon="18.47731688059866428375244140625">
        <ele>338.600006103515625</ele>
        <time>2022-05-28T09:33:25.000Z</time>
        <extensions>
          <ns3:TrackPointExtension>
            <ns3:hr>130</ns3:hr>
          </ns3:TrackPointExtension>
        </extensions>
      </trkpt>
      <trkpt lat="47.62973285280168056488037109375" lon="18.47731453366577625274658203125">
        <ele>339.20001220703125</ele>
        <time>2022-05-28T09:33:30.000Z</time>
        <extensions>
          <ns3:TrackPointExtension>
            <ns3:hr>127</ns3:hr>
          </ns3:TrackPointExtension>
        </extensions>
      </trkpt>
      <trkpt lat="47.6297190226614475250244140625" lon="18.4773162938654422760009765625">
        <ele>339.399993896484375</ele>
        <time>2022-05-28T09:33:32.000Z</time>
        <extensions>
          <ns3:TrackPointExtension>
            <ns3:hr>126</ns3:hr>
          </ns3:TrackPointExtension>
        </extensions>
      </trkpt>
      <trkpt lat="47.629653476178646087646484375" lon="18.47734940238296985626220703125">
        <ele>340.79998779296875</ele>
        <time>2022-05-28T09:33:39.000Z</time>
        <extensions>
          <ns3:TrackPointExtension>
            <ns3:hr>125</ns3:hr>
          </ns3:TrackPointExtension>
        </extensions>
      </trkpt>
      <trkpt lat="47.62959304265677928924560546875" lon="18.477352671325206756591796875">
        <ele>342.20001220703125</ele>
        <time>2022-05-28T09:33:46.000Z</time>
        <extensions>
          <ns3:TrackPointExtension>
            <ns3:hr>124</ns3:hr>
          </ns3:TrackPointExtension>
        </extensions>
      </trkpt>
      <trkpt lat="47.62950922362506389617919921875" lon="18.47737102769315242767333984375">
        <ele>344.20001220703125</ele>
        <time>2022-05-28T09:33:54.000Z</time>
        <extensions>
          <ns3:TrackPointExtension>
            <ns3:hr>125</ns3:hr>
          </ns3:TrackPointExtension>
        </extensions>
      </trkpt>
      <trkpt lat="47.6294102333486080169677734375" lon="18.4773498214781284332275390625">
        <ele>345.79998779296875</ele>
        <time>2022-05-28T09:34:03.000Z</time>
        <extensions>
          <ns3:TrackPointExtension>
            <ns3:hr>125</ns3:hr>
          </ns3:TrackPointExtension>
        </extensions>
      </trkpt>
      <trkpt lat="47.629347033798694610595703125" lon="18.47731185145676136016845703125">
        <ele>346.399993896484375</ele>
        <time>2022-05-28T09:34:11.000Z</time>
        <extensions>
          <ns3:TrackPointExtension>
            <ns3:hr>127</ns3:hr>
          </ns3:TrackPointExtension>
        </extensions>
      </trkpt>
      <trkpt lat="47.62933664023876190185546875" lon="18.4773074090480804443359375">
        <ele>346.600006103515625</ele>
        <time>2022-05-28T09:34:17.000Z</time>
        <extensions>
          <ns3:TrackPointExtension>
            <ns3:hr>128</ns3:hr>
          </ns3:TrackPointExtension>
        </extensions>
      </trkpt>
      <trkpt lat="47.62930168770253658294677734375" lon="18.47728821448981761932373046875">
        <ele>347</ele>
        <time>2022-05-28T09:34:25.000Z</time>
        <extensions>
          <ns3:TrackPointExtension>
            <ns3:hr>127</ns3:hr>
          </ns3:TrackPointExtension>
        </extensions>
      </trkpt>
      <trkpt lat="47.62922239489853382110595703125" lon="18.47727145068347454071044921875">
        <ele>348</ele>
        <time>2022-05-28T09:34:34.000Z</time>
        <extensions>
          <ns3:TrackPointExtension>
            <ns3:hr>124</ns3:hr>
          </ns3:TrackPointExtension>
        </extensions>
      </trkpt>
      <trkpt lat="47.62913220562040805816650390625" lon="18.47723356448113918304443359375">
        <ele>347.79998779296875</ele>
        <time>2022-05-28T09:34:43.000Z</time>
        <extensions>
          <ns3:TrackPointExtension>
            <ns3:hr>124</ns3:hr>
          </ns3:TrackPointExtension>
        </extensions>
      </trkpt>
      <trkpt lat="47.62908996082842350006103515625" lon="18.4771942533552646636962890625">
        <ele>347.399993896484375</ele>
        <time>2022-05-28T09:34:49.000Z</time>
        <extensions>
          <ns3:TrackPointExtension>
            <ns3:hr>124</ns3:hr>
          </ns3:TrackPointExtension>
        </extensions>
      </trkpt>
      <trkpt lat="47.62902039103209972381591796875" lon="18.4771598875522613525390625">
        <ele>347</ele>
        <time>2022-05-28T09:34:55.000Z</time>
        <extensions>
          <ns3:TrackPointExtension>
            <ns3:hr>122</ns3:hr>
          </ns3:TrackPointExtension>
        </extensions>
      </trkpt>
      <trkpt lat="47.62900614179670810699462890625" lon="18.477156870067119598388671875">
        <ele>346.79998779296875</ele>
        <time>2022-05-28T09:34:56.000Z</time>
        <extensions>
          <ns3:TrackPointExtension>
            <ns3:hr>121</ns3:hr>
          </ns3:TrackPointExtension>
        </extensions>
      </trkpt>
      <trkpt lat="47.62897747568786144256591796875" lon="18.4771553613245487213134765625">
        <ele>346.79998779296875</ele>
        <time>2022-05-28T09:35:00.000Z</time>
        <extensions>
          <ns3:TrackPointExtension>
            <ns3:hr>118</ns3:hr>
          </ns3:TrackPointExtension>
        </extensions>
      </trkpt>
      <trkpt lat="47.6289577782154083251953125" lon="18.47716097719967365264892578125">
        <ele>346.79998779296875</ele>
        <time>2022-05-28T09:35:01.000Z</time>
        <extensions>
          <ns3:TrackPointExtension>
            <ns3:hr>116</ns3:hr>
          </ns3:TrackPointExtension>
        </extensions>
      </trkpt>
      <trkpt lat="47.6288999430835247039794921875" lon="18.4771620668470859527587890625">
        <ele>346.399993896484375</ele>
        <time>2022-05-28T09:35:05.000Z</time>
        <extensions>
          <ns3:TrackPointExtension>
            <ns3:hr>113</ns3:hr>
          </ns3:TrackPointExtension>
        </extensions>
      </trkpt>
      <trkpt lat="47.628881670534610748291015625" lon="18.4771181456744670867919921875">
        <ele>345.79998779296875</ele>
        <time>2022-05-28T09:35:09.000Z</time>
        <extensions>
          <ns3:TrackPointExtension>
            <ns3:hr>112</ns3:hr>
          </ns3:TrackPointExtension>
        </extensions>
      </trkpt>
      <trkpt lat="47.62884738855063915252685546875" lon="18.47703491337597370147705078125">
        <ele>344.79998779296875</ele>
        <time>2022-05-28T09:35:14.000Z</time>
        <extensions>
          <ns3:TrackPointExtension>
            <ns3:hr>113</ns3:hr>
          </ns3:TrackPointExtension>
        </extensions>
      </trkpt>
      <trkpt lat="47.6288382522761821746826171875" lon="18.47702485509216785430908203125">
        <ele>344.600006103515625</ele>
        <time>2022-05-28T09:35:15.000Z</time>
        <extensions>
          <ns3:TrackPointExtension>
            <ns3:hr>113</ns3:hr>
          </ns3:TrackPointExtension>
        </extensions>
      </trkpt>
      <trkpt lat="47.628791145980358123779296875" lon="18.4769211709499359130859375">
        <ele>343.399993896484375</ele>
        <time>2022-05-28T09:35:22.000Z</time>
        <extensions>
          <ns3:TrackPointExtension>
            <ns3:hr>111</ns3:hr>
          </ns3:TrackPointExtension>
        </extensions>
      </trkpt>
      <trkpt lat="47.6287869550287723541259765625" lon="18.47691790200769901275634765625">
        <ele>343.399993896484375</ele>
        <time>2022-05-28T09:35:27.000Z</time>
        <extensions>
          <ns3:TrackPointExtension>
            <ns3:hr>110</ns3:hr>
          </ns3:TrackPointExtension>
        </extensions>
      </trkpt>
      <trkpt lat="47.628783099353313446044921875" lon="18.476912118494510650634765625">
        <ele>343.20001220703125</ele>
        <time>2022-05-28T09:35:34.000Z</time>
        <extensions>
          <ns3:TrackPointExtension>
            <ns3:hr>113</ns3:hr>
          </ns3:TrackPointExtension>
        </extensions>
      </trkpt>
      <trkpt lat="47.628783099353313446044921875" lon="18.476912118494510650634765625">
        <ele>343.20001220703125</ele>
        <time>2022-05-28T09:35:35.000Z</time>
        <extensions>
          <ns3:TrackPointExtension>
            <ns3:hr>114</ns3:hr>
          </ns3:TrackPointExtension>
        </extensions>
      </trkpt>
      <trkpt lat="47.628783099353313446044921875" lon="18.476912118494510650634765625">
        <ele>343.20001220703125</ele>
        <time>2022-05-28T09:35:40.000Z</time>
        <extensions>
          <ns3:TrackPointExtension>
            <ns3:hr>117</ns3:hr>
          </ns3:TrackPointExtension>
        </extensions>
      </trkpt>
      <trkpt lat="47.62874445877969264984130859375" lon="18.476942963898181915283203125">
        <ele>343</ele>
        <time>2022-05-28T09:35:46.000Z</time>
        <extensions>
          <ns3:TrackPointExtension>
            <ns3:hr>119</ns3:hr>
          </ns3:TrackPointExtension>
        </extensions>
      </trkpt>
      <trkpt lat="47.6287272758781909942626953125" lon="18.47695830278098583221435546875">
        <ele>343</ele>
        <time>2022-05-28T09:35:52.000Z</time>
        <extensions>
          <ns3:TrackPointExtension>
            <ns3:hr>118</ns3:hr>
          </ns3:TrackPointExtension>
        </extensions>
      </trkpt>
      <trkpt lat="47.6287406869232654571533203125" lon="18.47695746459066867828369140625">
        <ele>343.20001220703125</ele>
        <time>2022-05-28T09:35:58.000Z</time>
        <extensions>
          <ns3:TrackPointExtension>
            <ns3:hr>120</ns3:hr>
          </ns3:TrackPointExtension>
        </extensions>
      </trkpt>
      <trkpt lat="47.62873448431491851806640625" lon="18.4769629128277301788330078125">
        <ele>343.20001220703125</ele>
        <time>2022-05-28T09:36:09.000Z</time>
        <extensions>
          <ns3:TrackPointExtension>
            <ns3:hr>120</ns3:hr>
          </ns3:TrackPointExtension>
        </extensions>
      </trkpt>
      <trkpt lat="47.6286401040852069854736328125" lon="18.4770618192851543426513671875">
        <ele>343.20001220703125</ele>
        <time>2022-05-28T09:36:15.000Z</time>
        <extensions>
          <ns3:TrackPointExtension>
            <ns3:hr>118</ns3:hr>
          </ns3:TrackPointExtension>
        </extensions>
      </trkpt>
      <trkpt lat="47.6285579614341259002685546875" lon="18.4771493263542652130126953125">
        <ele>343.399993896484375</ele>
        <time>2022-05-28T09:36:22.000Z</time>
        <extensions>
          <ns3:TrackPointExtension>
            <ns3:hr>119</ns3:hr>
          </ns3:TrackPointExtension>
        </extensions>
      </trkpt>
      <trkpt lat="47.62854480184614658355712890625" lon="18.47715544514358043670654296875">
        <ele>343.20001220703125</ele>
        <time>2022-05-28T09:36:23.000Z</time>
        <extensions>
          <ns3:TrackPointExtension>
            <ns3:hr>118</ns3:hr>
          </ns3:TrackPointExtension>
        </extensions>
      </trkpt>
      <trkpt lat="47.628437094390392303466796875" lon="18.4772693552076816558837890625">
        <ele>343.399993896484375</ele>
        <time>2022-05-28T09:36:34.000Z</time>
        <extensions>
          <ns3:TrackPointExtension>
            <ns3:hr>117</ns3:hr>
          </ns3:TrackPointExtension>
        </extensions>
      </trkpt>
      <trkpt lat="47.62841287069022655487060546875" lon="18.47731319256126880645751953125">
        <ele>343.600006103515625</ele>
        <time>2022-05-28T09:36:38.000Z</time>
        <extensions>
          <ns3:TrackPointExtension>
            <ns3:hr>120</ns3:hr>
          </ns3:TrackPointExtension>
        </extensions>
      </trkpt>
      <trkpt lat="47.6283990405499935150146484375" lon="18.47734336741268634796142578125">
        <ele>343.79998779296875</ele>
        <time>2022-05-28T09:36:40.000Z</time>
        <extensions>
          <ns3:TrackPointExtension>
            <ns3:hr>119</ns3:hr>
          </ns3:TrackPointExtension>
        </extensions>
      </trkpt>
      <trkpt lat="47.628382779657840728759765625" lon="18.47736708819866180419921875">
        <ele>343.79998779296875</ele>
        <time>2022-05-28T09:36:42.000Z</time>
        <extensions>
          <ns3:TrackPointExtension>
            <ns3:hr>119</ns3:hr>
          </ns3:TrackPointExtension>
        </extensions>
      </trkpt>
      <trkpt lat="47.62831564061343669891357421875" lon="18.47745786421000957489013671875">
        <ele>343.399993896484375</ele>
        <time>2022-05-28T09:36:50.000Z</time>
        <extensions>
          <ns3:TrackPointExtension>
            <ns3:hr>118</ns3:hr>
          </ns3:TrackPointExtension>
        </extensions>
      </trkpt>
      <trkpt lat="47.628280185163021087646484375" lon="18.4774939902126789093017578125">
        <ele>343</ele>
        <time>2022-05-28T09:36:54.000Z</time>
        <extensions>
          <ns3:TrackPointExtension>
            <ns3:hr>115</ns3:hr>
          </ns3:TrackPointExtension>
        </extensions>
      </trkpt>
      <trkpt lat="47.628260068595409393310546875" lon="18.477509580552577972412109375">
        <ele>342.79998779296875</ele>
        <time>2022-05-28T09:36:56.000Z</time>
        <extensions>
          <ns3:TrackPointExtension>
            <ns3:hr>118</ns3:hr>
          </ns3:TrackPointExtension>
        </extensions>
      </trkpt>
      <trkpt lat="47.62823693454265594482421875" lon="18.47752274014055728912353515625">
        <ele>342.399993896484375</ele>
        <time>2022-05-28T09:36:58.000Z</time>
        <extensions>
          <ns3:TrackPointExtension>
            <ns3:hr>118</ns3:hr>
          </ns3:TrackPointExtension>
        </extensions>
      </trkpt>
      <trkpt lat="47.6281968690454959869384765625" lon="18.47754671238362789154052734375">
        <ele>341.600006103515625</ele>
        <time>2022-05-28T09:37:03.000Z</time>
        <extensions>
          <ns3:TrackPointExtension>
            <ns3:hr>115</ns3:hr>
          </ns3:TrackPointExtension>
        </extensions>
      </trkpt>
      <trkpt lat="47.62818337418138980865478515625" lon="18.4775529988110065460205078125">
        <ele>341.399993896484375</ele>
        <time>2022-05-28T09:37:05.000Z</time>
        <extensions>
          <ns3:TrackPointExtension>
            <ns3:hr>113</ns3:hr>
          </ns3:TrackPointExtension>
        </extensions>
      </trkpt>
      <trkpt lat="47.62812889181077480316162109375" lon="18.47757621668279170989990234375">
        <ele>340.600006103515625</ele>
        <time>2022-05-28T09:37:08.000Z</time>
        <extensions>
          <ns3:TrackPointExtension>
            <ns3:hr>110</ns3:hr>
          </ns3:TrackPointExtension>
        </extensions>
      </trkpt>
      <trkpt lat="47.62808161787688732147216796875" lon="18.4776032902300357818603515625">
        <ele>340</ele>
        <time>2022-05-28T09:37:11.000Z</time>
        <extensions>
          <ns3:TrackPointExtension>
            <ns3:hr>108</ns3:hr>
          </ns3:TrackPointExtension>
        </extensions>
      </trkpt>
      <trkpt lat="47.62799913994967937469482421875" lon="18.47764712758362293243408203125">
        <ele>338.399993896484375</ele>
        <time>2022-05-28T09:37:18.000Z</time>
        <extensions>
          <ns3:TrackPointExtension>
            <ns3:hr>107</ns3:hr>
          </ns3:TrackPointExtension>
        </extensions>
      </trkpt>
      <trkpt lat="47.6279360242187976837158203125" lon="18.477669171988964080810546875">
        <ele>336.79998779296875</ele>
        <time>2022-05-28T09:37:24.000Z</time>
        <extensions>
          <ns3:TrackPointExtension>
            <ns3:hr>106</ns3:hr>
          </ns3:TrackPointExtension>
        </extensions>
      </trkpt>
      <trkpt lat="47.6278907619416713714599609375" lon="18.47771150059998035430908203125">
        <ele>335.79998779296875</ele>
        <time>2022-05-28T09:37:29.000Z</time>
        <extensions>
          <ns3:TrackPointExtension>
            <ns3:hr>105</ns3:hr>
          </ns3:TrackPointExtension>
        </extensions>
      </trkpt>
      <trkpt lat="47.62785748578608036041259765625" lon="18.4777689166367053985595703125">
        <ele>335.20001220703125</ele>
        <time>2022-05-28T09:37:34.000Z</time>
        <extensions>
          <ns3:TrackPointExtension>
            <ns3:hr>102</ns3:hr>
          </ns3:TrackPointExtension>
        </extensions>
      </trkpt>
      <trkpt lat="47.6278347708284854888916015625" lon="18.47782683558762073516845703125">
        <ele>335</ele>
        <time>2022-05-28T09:37:38.000Z</time>
        <extensions>
          <ns3:TrackPointExtension>
            <ns3:hr>102</ns3:hr>
          </ns3:TrackPointExtension>
        </extensions>
      </trkpt>
      <trkpt lat="47.62778523378074169158935546875" lon="18.4778808988630771636962890625">
        <ele>334.79998779296875</ele>
        <time>2022-05-28T09:37:44.000Z</time>
        <extensions>
          <ns3:TrackPointExtension>
            <ns3:hr>101</ns3:hr>
          </ns3:TrackPointExtension>
        </extensions>
      </trkpt>
      <trkpt lat="47.6277816295623779296875" lon="18.477899171411991119384765625">
        <ele>335</ele>
        <time>2022-05-28T09:37:45.000Z</time>
        <extensions>
          <ns3:TrackPointExtension>
            <ns3:hr>101</ns3:hr>
          </ns3:TrackPointExtension>
        </extensions>
      </trkpt>
      <trkpt lat="47.627721615135669708251953125" lon="18.47799899987876415252685546875">
        <ele>334.79998779296875</ele>
        <time>2022-05-28T09:37:53.000Z</time>
        <extensions>
          <ns3:TrackPointExtension>
            <ns3:hr>102</ns3:hr>
          </ns3:TrackPointExtension>
        </extensions>
      </trkpt>
      <trkpt lat="47.6276381313800811767578125" lon="18.478132188320159912109375">
        <ele>333.600006103515625</ele>
        <time>2022-05-28T09:38:01.000Z</time>
        <extensions>
          <ns3:TrackPointExtension>
            <ns3:hr>103</ns3:hr>
          </ns3:TrackPointExtension>
        </extensions>
      </trkpt>
      <trkpt lat="47.6276144944131374359130859375" lon="18.4781648777425289154052734375">
        <ele>333.20001220703125</ele>
        <time>2022-05-28T09:38:04.000Z</time>
        <extensions>
          <ns3:TrackPointExtension>
            <ns3:hr>106</ns3:hr>
          </ns3:TrackPointExtension>
        </extensions>
      </trkpt>
      <trkpt lat="47.6276034303009510040283203125" lon="18.47817351110279560089111328125">
        <ele>333.20001220703125</ele>
        <time>2022-05-28T09:38:05.000Z</time>
        <extensions>
          <ns3:TrackPointExtension>
            <ns3:hr>103</ns3:hr>
          </ns3:TrackPointExtension>
        </extensions>
      </trkpt>
      <trkpt lat="47.627561353147029876708984375" lon="18.47822950221598148345947265625">
        <ele>332.79998779296875</ele>
        <time>2022-05-28T09:38:10.000Z</time>
        <extensions>
          <ns3:TrackPointExtension>
            <ns3:hr>102</ns3:hr>
          </ns3:TrackPointExtension>
        </extensions>
      </trkpt>
      <trkpt lat="47.62750762514770030975341796875" lon="18.4782936237752437591552734375">
        <ele>332.600006103515625</ele>
        <time>2022-05-28T09:38:17.000Z</time>
        <extensions>
          <ns3:TrackPointExtension>
            <ns3:hr>99</ns3:hr>
          </ns3:TrackPointExtension>
        </extensions>
      </trkpt>
      <trkpt lat="47.62747912667691707611083984375" lon="18.478345759212970733642578125">
        <ele>332.600006103515625</ele>
        <time>2022-05-28T09:38:20.000Z</time>
        <extensions>
          <ns3:TrackPointExtension>
            <ns3:hr>102</ns3:hr>
          </ns3:TrackPointExtension>
        </extensions>
      </trkpt>
      <trkpt lat="47.62742263264954090118408203125" lon="18.47843552939593791961669921875">
        <ele>333</ele>
        <time>2022-05-28T09:38:28.000Z</time>
        <extensions>
          <ns3:TrackPointExtension>
            <ns3:hr>102</ns3:hr>
          </ns3:TrackPointExtension>
        </extensions>
      </trkpt>
      <trkpt lat="47.6273261569440364837646484375" lon="18.47856494598090648651123046875">
        <ele>332.600006103515625</ele>
        <time>2022-05-28T09:38:38.000Z</time>
        <extensions>
          <ns3:TrackPointExtension>
            <ns3:hr>104</ns3:hr>
          </ns3:TrackPointExtension>
        </extensions>
      </trkpt>
      <trkpt lat="47.62723110616207122802734375" lon="18.47865991294384002685546875">
        <ele>332.20001220703125</ele>
        <time>2022-05-28T09:38:48.000Z</time>
        <extensions>
          <ns3:TrackPointExtension>
            <ns3:hr>105</ns3:hr>
          </ns3:TrackPointExtension>
        </extensions>
      </trkpt>
      <trkpt lat="47.62712490744888782501220703125" lon="18.4787718951702117919921875">
        <ele>331.79998779296875</ele>
        <time>2022-05-28T09:38:58.000Z</time>
        <extensions>
          <ns3:TrackPointExtension>
            <ns3:hr>105</ns3:hr>
          </ns3:TrackPointExtension>
        </extensions>
      </trkpt>
      <trkpt lat="47.62709163129329681396484375" lon="18.47880751825869083404541015625">
        <ele>331.600006103515625</ele>
        <time>2022-05-28T09:39:03.000Z</time>
        <extensions>
          <ns3:TrackPointExtension>
            <ns3:hr>106</ns3:hr>
          </ns3:TrackPointExtension>
        </extensions>
      </trkpt>
      <trkpt lat="47.6270770467817783355712890625" lon="18.4788240306079387664794921875">
        <ele>331.600006103515625</ele>
        <time>2022-05-28T09:39:05.000Z</time>
        <extensions>
          <ns3:TrackPointExtension>
            <ns3:hr>106</ns3:hr>
          </ns3:TrackPointExtension>
        </extensions>
      </trkpt>
      <trkpt lat="47.62706556357443332672119140625" lon="18.4788414649665355682373046875">
        <ele>331.600006103515625</ele>
        <time>2022-05-28T09:39:11.000Z</time>
        <extensions>
          <ns3:TrackPointExtension>
            <ns3:hr>106</ns3:hr>
          </ns3:TrackPointExtension>
        </extensions>
      </trkpt>
      <trkpt lat="47.6270185410976409912109375" lon="18.47888245247304439544677734375">
        <ele>331.399993896484375</ele>
        <time>2022-05-28T09:39:16.000Z</time>
        <extensions>
          <ns3:TrackPointExtension>
            <ns3:hr>103</ns3:hr>
          </ns3:TrackPointExtension>
        </extensions>
      </trkpt>
      <trkpt lat="47.627010159194469451904296875" lon="18.4788890741765499114990234375">
        <ele>331.399993896484375</ele>
        <time>2022-05-28T09:39:17.000Z</time>
        <extensions>
          <ns3:TrackPointExtension>
            <ns3:hr>103</ns3:hr>
          </ns3:TrackPointExtension>
        </extensions>
      </trkpt>
      <trkpt lat="47.62700806371867656707763671875" lon="18.47887809388339519500732421875">
        <ele>331.20001220703125</ele>
        <time>2022-05-28T09:39:22.000Z</time>
        <extensions>
          <ns3:TrackPointExtension>
            <ns3:hr>102</ns3:hr>
          </ns3:TrackPointExtension>
        </extensions>
      </trkpt>
      <trkpt lat="47.6270911283791065216064453125" lon="18.4788216836750507354736328125">
        <ele>331.79998779296875</ele>
        <time>2022-05-28T09:39:36.000Z</time>
        <extensions>
          <ns3:TrackPointExtension>
            <ns3:hr>103</ns3:hr>
          </ns3:TrackPointExtension>
        </extensions>
      </trkpt>
      <trkpt lat="47.62704729102551937103271484375" lon="18.4787985496222972869873046875">
        <ele>331.20001220703125</ele>
        <time>2022-05-28T09:39:43.000Z</time>
        <extensions>
          <ns3:TrackPointExtension>
            <ns3:hr>104</ns3:hr>
          </ns3:TrackPointExtension>
        </extensions>
      </trkpt>
      <trkpt lat="47.62702717445790767669677734375" lon="18.47883853130042552947998046875">
        <ele>331.20001220703125</ele>
        <time>2022-05-28T09:39:52.000Z</time>
        <extensions>
          <ns3:TrackPointExtension>
            <ns3:hr>105</ns3:hr>
          </ns3:TrackPointExtension>
        </extensions>
      </trkpt>
      <trkpt lat="47.6269885338842868804931640625" lon="18.47890491597354412078857421875">
        <ele>331.20001220703125</ele>
        <time>2022-05-28T09:39:59.000Z</time>
        <extensions>
          <ns3:TrackPointExtension>
            <ns3:hr>102</ns3:hr>
          </ns3:TrackPointExtension>
        </extensions>
      </trkpt>
      <trkpt lat="47.62690513394773006439208984375" lon="18.47900834865868091583251953125">
        <ele>331</ele>
        <time>2022-05-28T09:40:06.000Z</time>
        <extensions>
          <ns3:TrackPointExtension>
            <ns3:hr>101</ns3:hr>
          </ns3:TrackPointExtension>
        </extensions>
      </trkpt>
      <trkpt lat="47.62682952918112277984619140625" lon="18.47903332673013210296630859375">
        <ele>330.399993896484375</ele>
        <time>2022-05-28T09:40:12.000Z</time>
        <extensions>
          <ns3:TrackPointExtension>
            <ns3:hr>103</ns3:hr>
          </ns3:TrackPointExtension>
        </extensions>
      </trkpt>
      <trkpt lat="47.62674470432102680206298828125" lon="18.479059226810932159423828125">
        <ele>330</ele>
        <time>2022-05-28T09:40:20.000Z</time>
        <extensions>
          <ns3:TrackPointExtension>
            <ns3:hr>103</ns3:hr>
          </ns3:TrackPointExtension>
        </extensions>
      </trkpt>
      <trkpt lat="47.62667546980082988739013671875" lon="18.479113876819610595703125">
        <ele>329.79998779296875</ele>
        <time>2022-05-28T09:40:27.000Z</time>
        <extensions>
          <ns3:TrackPointExtension>
            <ns3:hr>103</ns3:hr>
          </ns3:TrackPointExtension>
        </extensions>
      </trkpt>
      <trkpt lat="47.62666507624089717864990234375" lon="18.47913474775850772857666015625">
        <ele>329.79998779296875</ele>
        <time>2022-05-28T09:40:29.000Z</time>
        <extensions>
          <ns3:TrackPointExtension>
            <ns3:hr>103</ns3:hr>
          </ns3:TrackPointExtension>
        </extensions>
      </trkpt>
      <trkpt lat="47.6266187243163585662841796875" lon="18.47921638749539852142333984375">
        <ele>329.79998779296875</ele>
        <time>2022-05-28T09:40:34.000Z</time>
        <extensions>
          <ns3:TrackPointExtension>
            <ns3:hr>103</ns3:hr>
          </ns3:TrackPointExtension>
        </extensions>
      </trkpt>
      <trkpt lat="47.62654504738748073577880859375" lon="18.47936105914413928985595703125">
        <ele>329.399993896484375</ele>
        <time>2022-05-28T09:40:44.000Z</time>
        <extensions>
          <ns3:TrackPointExtension>
            <ns3:hr>103</ns3:hr>
          </ns3:TrackPointExtension>
        </extensions>
      </trkpt>
      <trkpt lat="47.626499198377132415771484375" lon="18.47939877770841121673583984375">
        <ele>329.20001220703125</ele>
        <time>2022-05-28T09:40:49.000Z</time>
        <extensions>
          <ns3:TrackPointExtension>
            <ns3:hr>103</ns3:hr>
          </ns3:TrackPointExtension>
        </extensions>
      </trkpt>
      <trkpt lat="47.62645921669900417327880859375" lon="18.4794211573898792266845703125">
        <ele>329.20001220703125</ele>
        <time>2022-05-28T09:40:53.000Z</time>
        <extensions>
          <ns3:TrackPointExtension>
            <ns3:hr>103</ns3:hr>
          </ns3:TrackPointExtension>
        </extensions>
      </trkpt>
      <trkpt lat="47.62643708847463130950927734375" lon="18.479427359998226165771484375">
        <ele>329</ele>
        <time>2022-05-28T09:40:55.000Z</time>
        <extensions>
          <ns3:TrackPointExtension>
            <ns3:hr>103</ns3:hr>
          </ns3:TrackPointExtension>
        </extensions>
      </trkpt>
      <trkpt lat="47.62633524835109710693359375" lon="18.4794315509498119354248046875">
        <ele>329</ele>
        <time>2022-05-28T09:41:03.000Z</time>
        <extensions>
          <ns3:TrackPointExtension>
            <ns3:hr>103</ns3:hr>
          </ns3:TrackPointExtension>
        </extensions>
      </trkpt>
      <trkpt lat="47.6262676902115345001220703125" lon="18.479483015835285186767578125">
        <ele>329.20001220703125</ele>
        <time>2022-05-28T09:41:09.000Z</time>
        <extensions>
          <ns3:TrackPointExtension>
            <ns3:hr>100</ns3:hr>
          </ns3:TrackPointExtension>
        </extensions>
      </trkpt>
      <trkpt lat="47.62624782510101795196533203125" lon="18.4794908948242664337158203125">
        <ele>329.20001220703125</ele>
        <time>2022-05-28T09:41:11.000Z</time>
        <extensions>
          <ns3:TrackPointExtension>
            <ns3:hr>99</ns3:hr>
          </ns3:TrackPointExtension>
        </extensions>
      </trkpt>
      <trkpt lat="47.62616953812539577484130859375" lon="18.47956976853311061859130859375">
        <ele>329</ele>
        <time>2022-05-28T09:41:18.000Z</time>
        <extensions>
          <ns3:TrackPointExtension>
            <ns3:hr>100</ns3:hr>
          </ns3:TrackPointExtension>
        </extensions>
      </trkpt>
      <trkpt lat="47.6261453144252300262451171875" lon="18.4795770607888698577880859375">
        <ele>329</ele>
        <time>2022-05-28T09:41:20.000Z</time>
        <extensions>
          <ns3:TrackPointExtension>
            <ns3:hr>100</ns3:hr>
          </ns3:TrackPointExtension>
        </extensions>
      </trkpt>
      <trkpt lat="47.6260846294462680816650390625" lon="18.4795686788856983184814453125">
        <ele>328.79998779296875</ele>
        <time>2022-05-28T09:41:25.000Z</time>
        <extensions>
          <ns3:TrackPointExtension>
            <ns3:hr>102</ns3:hr>
          </ns3:TrackPointExtension>
        </extensions>
      </trkpt>
      <trkpt lat="47.6259617507457733154296875" lon="18.479548729956150054931640625">
        <ele>328.399993896484375</ele>
        <time>2022-05-28T09:41:35.000Z</time>
        <extensions>
          <ns3:TrackPointExtension>
            <ns3:hr>102</ns3:hr>
          </ns3:TrackPointExtension>
        </extensions>
      </trkpt>
      <trkpt lat="47.6258801110088825225830078125" lon="18.47957630641758441925048828125">
        <ele>328.399993896484375</ele>
        <time>2022-05-28T09:41:42.000Z</time>
        <extensions>
          <ns3:TrackPointExtension>
            <ns3:hr>105</ns3:hr>
          </ns3:TrackPointExtension>
        </extensions>
      </trkpt>
      <trkpt lat="47.62584415264427661895751953125" lon="18.47958686761558055877685546875">
        <ele>328.600006103515625</ele>
        <time>2022-05-28T09:41:46.000Z</time>
        <extensions>
          <ns3:TrackPointExtension>
            <ns3:hr>104</ns3:hr>
          </ns3:TrackPointExtension>
        </extensions>
      </trkpt>
      <trkpt lat="47.6257927715778350830078125" lon="18.47953791730105876922607421875">
        <ele>328.600006103515625</ele>
        <time>2022-05-28T09:41:53.000Z</time>
        <extensions>
          <ns3:TrackPointExtension>
            <ns3:hr>105</ns3:hr>
          </ns3:TrackPointExtension>
        </extensions>
      </trkpt>
      <trkpt lat="47.62578028254210948944091796875" lon="18.4794577024877071380615234375">
        <ele>328.399993896484375</ele>
        <time>2022-05-28T09:41:59.000Z</time>
        <extensions>
          <ns3:TrackPointExtension>
            <ns3:hr>105</ns3:hr>
          </ns3:TrackPointExtension>
        </extensions>
      </trkpt>
      <trkpt lat="47.62576653622090816497802734375" lon="18.47940548323094844818115234375">
        <ele>328</ele>
        <time>2022-05-28T09:42:02.000Z</time>
        <extensions>
          <ns3:TrackPointExtension>
            <ns3:hr>105</ns3:hr>
          </ns3:TrackPointExtension>
        </extensions>
      </trkpt>
      <trkpt lat="47.6257627643644809722900390625" lon="18.47929115407168865203857421875">
        <ele>327</ele>
        <time>2022-05-28T09:42:10.000Z</time>
        <extensions>
          <ns3:TrackPointExtension>
            <ns3:hr>105</ns3:hr>
          </ns3:TrackPointExtension>
        </extensions>
      </trkpt>
      <trkpt lat="47.62576770968735218048095703125" lon="18.47917146049439907073974609375">
        <ele>326</ele>
        <time>2022-05-28T09:42:18.000Z</time>
        <extensions>
          <ns3:TrackPointExtension>
            <ns3:hr>106</ns3:hr>
          </ns3:TrackPointExtension>
        </extensions>
      </trkpt>
      <trkpt lat="47.62576703913509845733642578125" lon="18.4791455604135990142822265625">
        <ele>325.79998779296875</ele>
        <time>2022-05-28T09:42:20.000Z</time>
        <extensions>
          <ns3:TrackPointExtension>
            <ns3:hr>108</ns3:hr>
          </ns3:TrackPointExtension>
        </extensions>
      </trkpt>
      <trkpt lat="47.6257453300058841705322265625" lon="18.47909015603363513946533203125">
        <ele>325.399993896484375</ele>
        <time>2022-05-28T09:42:24.000Z</time>
        <extensions>
          <ns3:TrackPointExtension>
            <ns3:hr>108</ns3:hr>
          </ns3:TrackPointExtension>
        </extensions>
      </trkpt>
      <trkpt lat="47.62574088759720325469970703125" lon="18.4789936803281307220458984375">
        <ele>324.79998779296875</ele>
        <time>2022-05-28T09:42:31.000Z</time>
        <extensions>
          <ns3:TrackPointExtension>
            <ns3:hr>109</ns3:hr>
          </ns3:TrackPointExtension>
        </extensions>
      </trkpt>
      <trkpt lat="47.625681124627590179443359375" lon="18.47896425984799861907958984375">
        <ele>324.600006103515625</ele>
        <time>2022-05-28T09:42:38.000Z</time>
        <extensions>
          <ns3:TrackPointExtension>
            <ns3:hr>110</ns3:hr>
          </ns3:TrackPointExtension>
        </extensions>
      </trkpt>
      <trkpt lat="47.625662349164485931396484375" lon="18.4789537824690341949462890625">
        <ele>324.600006103515625</ele>
        <time>2022-05-28T09:42:40.000Z</time>
        <extensions>
          <ns3:TrackPointExtension>
            <ns3:hr>108</ns3:hr>
          </ns3:TrackPointExtension>
        </extensions>
      </trkpt>
      <trkpt lat="47.62561616487801074981689453125" lon="18.4789272956550121307373046875">
        <ele>324.399993896484375</ele>
        <time>2022-05-28T09:42:44.000Z</time>
        <extensions>
          <ns3:TrackPointExtension>
            <ns3:hr>105</ns3:hr>
          </ns3:TrackPointExtension>
        </extensions>
      </trkpt>
      <trkpt lat="47.6256038434803485870361328125" lon="18.4789279662072658538818359375">
        <ele>324.399993896484375</ele>
        <time>2022-05-28T09:42:45.000Z</time>
        <extensions>
          <ns3:TrackPointExtension>
            <ns3:hr>107</ns3:hr>
          </ns3:TrackPointExtension>
        </extensions>
      </trkpt>
      <trkpt lat="47.62557308189570903778076171875" lon="18.478926122188568115234375">
        <ele>324.20001220703125</ele>
        <time>2022-05-28T09:42:47.000Z</time>
        <extensions>
          <ns3:TrackPointExtension>
            <ns3:hr>105</ns3:hr>
          </ns3:TrackPointExtension>
        </extensions>
      </trkpt>
      <trkpt lat="47.62550912797451019287109375" lon="18.47891933284699916839599609375">
        <ele>323.600006103515625</ele>
        <time>2022-05-28T09:42:53.000Z</time>
        <extensions>
          <ns3:TrackPointExtension>
            <ns3:hr>103</ns3:hr>
          </ns3:TrackPointExtension>
        </extensions>
      </trkpt>
      <trkpt lat="47.625467889010906219482421875" lon="18.47891849465668201446533203125">
        <ele>323.399993896484375</ele>
        <time>2022-05-28T09:42:56.000Z</time>
        <extensions>
          <ns3:TrackPointExtension>
            <ns3:hr>104</ns3:hr>
          </ns3:TrackPointExtension>
        </extensions>
      </trkpt>
      <trkpt lat="47.625413239002227783203125" lon="18.478912375867366790771484375">
        <ele>323</ele>
        <time>2022-05-28T09:43:01.000Z</time>
        <extensions>
          <ns3:TrackPointExtension>
            <ns3:hr>100</ns3:hr>
          </ns3:TrackPointExtension>
        </extensions>
      </trkpt>
      <trkpt lat="47.6253771968185901641845703125" lon="18.4789024852216243743896484375">
        <ele>322.600006103515625</ele>
        <time>2022-05-28T09:43:05.000Z</time>
        <extensions>
          <ns3:TrackPointExtension>
            <ns3:hr>101</ns3:hr>
          </ns3:TrackPointExtension>
        </extensions>
      </trkpt>
      <trkpt lat="47.625373341143131256103515625" lon="18.47889862954616546630859375">
        <ele>322.600006103515625</ele>
        <time>2022-05-28T09:43:11.000Z</time>
        <extensions>
          <ns3:TrackPointExtension>
            <ns3:hr>101</ns3:hr>
          </ns3:TrackPointExtension>
        </extensions>
      </trkpt>
      <trkpt lat="47.62537208385765552520751953125" lon="18.47889921627938747406005859375">
        <ele>322.600006103515625</ele>
        <time>2022-05-28T09:43:17.000Z</time>
        <extensions>
          <ns3:TrackPointExtension>
            <ns3:hr>104</ns3:hr>
          </ns3:TrackPointExtension>
        </extensions>
      </trkpt>
      <trkpt lat="47.6253569126129150390625" lon="18.47889116965234279632568359375">
        <ele>322.399993896484375</ele>
        <time>2022-05-28T09:43:24.000Z</time>
        <extensions>
          <ns3:TrackPointExtension>
            <ns3:hr>104</ns3:hr>
          </ns3:TrackPointExtension>
        </extensions>
      </trkpt>
      <trkpt lat="47.62523730285465717315673828125" lon="18.47881321795284748077392578125">
        <ele>320.79998779296875</ele>
        <time>2022-05-28T09:43:33.000Z</time>
        <extensions>
          <ns3:TrackPointExtension>
            <ns3:hr>103</ns3:hr>
          </ns3:TrackPointExtension>
        </extensions>
      </trkpt>
      <trkpt lat="47.62515239417552947998046875" lon="18.478731997311115264892578125">
        <ele>319.20001220703125</ele>
        <time>2022-05-28T09:43:43.000Z</time>
        <extensions>
          <ns3:TrackPointExtension>
            <ns3:hr>102</ns3:hr>
          </ns3:TrackPointExtension>
        </extensions>
      </trkpt>
      <trkpt lat="47.6250694133341312408447265625" lon="18.47863216884434223175048828125">
        <ele>317.600006103515625</ele>
        <time>2022-05-28T09:43:53.000Z</time>
        <extensions>
          <ns3:TrackPointExtension>
            <ns3:hr>103</ns3:hr>
          </ns3:TrackPointExtension>
        </extensions>
      </trkpt>
      <trkpt lat="47.6250033639371395111083984375" lon="18.47852739505469799041748046875">
        <ele>316.399993896484375</ele>
        <time>2022-05-28T09:44:02.000Z</time>
        <extensions>
          <ns3:TrackPointExtension>
            <ns3:hr>103</ns3:hr>
          </ns3:TrackPointExtension>
        </extensions>
      </trkpt>
      <trkpt lat="47.62494225986301898956298828125" lon="18.47840652801096439361572265625">
        <ele>315.600006103515625</ele>
        <time>2022-05-28T09:44:11.000Z</time>
        <extensions>
          <ns3:TrackPointExtension>
            <ns3:hr>103</ns3:hr>
          </ns3:TrackPointExtension>
        </extensions>
      </trkpt>
      <trkpt lat="47.62488358654081821441650390625" lon="18.478277362883090972900390625">
        <ele>314.600006103515625</ele>
        <time>2022-05-28T09:44:21.000Z</time>
        <extensions>
          <ns3:TrackPointExtension>
            <ns3:hr>104</ns3:hr>
          </ns3:TrackPointExtension>
        </extensions>
      </trkpt>
      <trkpt lat="47.62487587518990039825439453125" lon="18.4782523848116397857666015625">
        <ele>314.399993896484375</ele>
        <time>2022-05-28T09:44:23.000Z</time>
        <extensions>
          <ns3:TrackPointExtension>
            <ns3:hr>104</ns3:hr>
          </ns3:TrackPointExtension>
        </extensions>
      </trkpt>
      <trkpt lat="47.62484394013881683349609375" lon="18.47818960435688495635986328125">
        <ele>314</ele>
        <time>2022-05-28T09:44:28.000Z</time>
        <extensions>
          <ns3:TrackPointExtension>
            <ns3:hr>104</ns3:hr>
          </ns3:TrackPointExtension>
        </extensions>
      </trkpt>
      <trkpt lat="47.62479423545300960540771484375" lon="18.47811433486640453338623046875">
        <ele>313.399993896484375</ele>
        <time>2022-05-28T09:44:34.000Z</time>
        <extensions>
          <ns3:TrackPointExtension>
            <ns3:hr>101</ns3:hr>
          </ns3:TrackPointExtension>
        </extensions>
      </trkpt>
      <trkpt lat="47.624788619577884674072265625" lon="18.4781038574874401092529296875">
        <ele>313.399993896484375</ele>
        <time>2022-05-28T09:44:35.000Z</time>
        <extensions>
          <ns3:TrackPointExtension>
            <ns3:hr>101</ns3:hr>
          </ns3:TrackPointExtension>
        </extensions>
      </trkpt>
      <trkpt lat="47.6247837580740451812744140625" lon="18.478094972670078277587890625">
        <ele>313.399993896484375</ele>
        <time>2022-05-28T09:44:36.000Z</time>
        <extensions>
          <ns3:TrackPointExtension>
            <ns3:hr>104</ns3:hr>
          </ns3:TrackPointExtension>
        </extensions>
      </trkpt>
      <trkpt lat="47.62473539449274539947509765625" lon="18.4780039452016353607177734375">
        <ele>313</ele>
        <time>2022-05-28T09:44:43.000Z</time>
        <extensions>
          <ns3:TrackPointExtension>
            <ns3:hr>105</ns3:hr>
          </ns3:TrackPointExtension>
        </extensions>
      </trkpt>
      <trkpt lat="47.62472801841795444488525390625" lon="18.47798106260597705841064453125">
        <ele>312.79998779296875</ele>
        <time>2022-05-28T09:44:45.000Z</time>
        <extensions>
          <ns3:TrackPointExtension>
            <ns3:hr>104</ns3:hr>
          </ns3:TrackPointExtension>
        </extensions>
      </trkpt>
      <trkpt lat="47.6246918924152851104736328125" lon="18.4779191203415393829345703125">
        <ele>312.79998779296875</ele>
        <time>2022-05-28T09:44:50.000Z</time>
        <extensions>
          <ns3:TrackPointExtension>
            <ns3:hr>102</ns3:hr>
          </ns3:TrackPointExtension>
        </extensions>
      </trkpt>
      <trkpt lat="47.6246395893394947052001953125" lon="18.47784846089780330657958984375">
        <ele>312.600006103515625</ele>
        <time>2022-05-28T09:44:57.000Z</time>
        <extensions>
          <ns3:TrackPointExtension>
            <ns3:hr>103</ns3:hr>
          </ns3:TrackPointExtension>
        </extensions>
      </trkpt>
      <trkpt lat="47.62461821548640727996826171875" lon="18.4778188727796077728271484375">
        <ele>312.600006103515625</ele>
        <time>2022-05-28T09:45:00.000Z</time>
        <extensions>
          <ns3:TrackPointExtension>
            <ns3:hr>106</ns3:hr>
          </ns3:TrackPointExtension>
        </extensions>
      </trkpt>
      <trkpt lat="47.62460078112781047821044921875" lon="18.47779599018394947052001953125">
        <ele>312.600006103515625</ele>
        <time>2022-05-28T09:45:02.000Z</time>
        <extensions>
          <ns3:TrackPointExtension>
            <ns3:hr>103</ns3:hr>
          </ns3:TrackPointExtension>
        </extensions>
      </trkpt>
      <trkpt lat="47.624573372304439544677734375" lon="18.47776195965707302093505859375">
        <ele>312.600006103515625</ele>
        <time>2022-05-28T09:45:05.000Z</time>
        <extensions>
          <ns3:TrackPointExtension>
            <ns3:hr>102</ns3:hr>
          </ns3:TrackPointExtension>
        </extensions>
      </trkpt>
      <trkpt lat="47.6245205663144588470458984375" lon="18.4776840917766094207763671875">
        <ele>312</ele>
        <time>2022-05-28T09:45:16.000Z</time>
        <extensions>
          <ns3:TrackPointExtension>
            <ns3:hr>102</ns3:hr>
          </ns3:TrackPointExtension>
        </extensions>
      </trkpt>
      <trkpt lat="47.62450606562197208404541015625" lon="18.47766892053186893463134765625">
        <ele>311.79998779296875</ele>
        <time>2022-05-28T09:45:22.000Z</time>
        <extensions>
          <ns3:TrackPointExtension>
            <ns3:hr>99</ns3:hr>
          </ns3:TrackPointExtension>
        </extensions>
      </trkpt>
      <trkpt lat="47.62448997236788272857666015625" lon="18.47765550948679447174072265625">
        <ele>311.79998779296875</ele>
        <time>2022-05-28T09:45:24.000Z</time>
        <extensions>
          <ns3:TrackPointExtension>
            <ns3:hr>98</ns3:hr>
          </ns3:TrackPointExtension>
        </extensions>
      </trkpt>
      <trkpt lat="47.62442509643733501434326171875" lon="18.4775717742741107940673828125">
        <ele>311.399993896484375</ele>
        <time>2022-05-28T09:45:31.000Z</time>
        <extensions>
          <ns3:TrackPointExtension>
            <ns3:hr>94</ns3:hr>
          </ns3:TrackPointExtension>
        </extensions>
      </trkpt>
      <trkpt lat="47.6244065724313259124755859375" lon="18.47754788585007190704345703125">
        <ele>311.399993896484375</ele>
        <time>2022-05-28T09:45:33.000Z</time>
        <extensions>
          <ns3:TrackPointExtension>
            <ns3:hr>96</ns3:hr>
          </ns3:TrackPointExtension>
        </extensions>
      </trkpt>
      <trkpt lat="47.62435670010745525360107421875" lon="18.47746356390416622161865234375">
        <ele>311.20001220703125</ele>
        <time>2022-05-28T09:45:40.000Z</time>
        <extensions>
          <ns3:TrackPointExtension>
            <ns3:hr>98</ns3:hr>
          </ns3:TrackPointExtension>
        </extensions>
      </trkpt>
      <trkpt lat="47.6242868788540363311767578125" lon="18.4773561917245388031005859375">
        <ele>311</ele>
        <time>2022-05-28T09:45:49.000Z</time>
        <extensions>
          <ns3:TrackPointExtension>
            <ns3:hr>100</ns3:hr>
          </ns3:TrackPointExtension>
        </extensions>
      </trkpt>
      <trkpt lat="47.62423717416822910308837890625" lon="18.47722761332988739013671875">
        <ele>310.600006103515625</ele>
        <time>2022-05-28T09:45:58.000Z</time>
        <extensions>
          <ns3:TrackPointExtension>
            <ns3:hr>99</ns3:hr>
          </ns3:TrackPointExtension>
        </extensions>
      </trkpt>
      <trkpt lat="47.62420582585036754608154296875" lon="18.47713373601436614990234375">
        <ele>310</ele>
        <time>2022-05-28T09:46:04.000Z</time>
        <extensions>
          <ns3:TrackPointExtension>
            <ns3:hr>102</ns3:hr>
          </ns3:TrackPointExtension>
        </extensions>
      </trkpt>
      <trkpt lat="47.624192498624324798583984375" lon="18.47710180096328258514404296875">
        <ele>310</ele>
        <time>2022-05-28T09:46:06.000Z</time>
        <extensions>
          <ns3:TrackPointExtension>
            <ns3:hr>99</ns3:hr>
          </ns3:TrackPointExtension>
        </extensions>
      </trkpt>
      <trkpt lat="47.62418235652148723602294921875" lon="18.477058298885822296142578125">
        <ele>309.600006103515625</ele>
        <time>2022-05-28T09:46:08.000Z</time>
        <extensions>
          <ns3:TrackPointExtension>
            <ns3:hr>99</ns3:hr>
          </ns3:TrackPointExtension>
        </extensions>
      </trkpt>
      <trkpt lat="47.62417045421898365020751953125" lon="18.47701228223741054534912109375">
        <ele>309.399993896484375</ele>
        <time>2022-05-28T09:46:11.000Z</time>
        <extensions>
          <ns3:TrackPointExtension>
            <ns3:hr>95</ns3:hr>
          </ns3:TrackPointExtension>
        </extensions>
      </trkpt>
      <trkpt lat="47.62413340620696544647216796875" lon="18.47691203467547893524169921875">
        <ele>309.20001220703125</ele>
        <time>2022-05-28T09:46:17.000Z</time>
        <extensions>
          <ns3:TrackPointExtension>
            <ns3:hr>97</ns3:hr>
          </ns3:TrackPointExtension>
        </extensions>
      </trkpt>
      <trkpt lat="47.62412485666573047637939453125" lon="18.47684129141271114349365234375">
        <ele>309</ele>
        <time>2022-05-28T09:46:22.000Z</time>
        <extensions>
          <ns3:TrackPointExtension>
            <ns3:hr>94</ns3:hr>
          </ns3:TrackPointExtension>
        </extensions>
      </trkpt>
      <trkpt lat="47.62411161325871944427490234375" lon="18.47678638994693756103515625">
        <ele>309</ele>
        <time>2022-05-28T09:46:25.000Z</time>
        <extensions>
          <ns3:TrackPointExtension>
            <ns3:hr>98</ns3:hr>
          </ns3:TrackPointExtension>
        </extensions>
      </trkpt>
      <trkpt lat="47.6241029798984527587890625" lon="18.4767486713826656341552734375">
        <ele>309</ele>
        <time>2022-05-28T09:46:27.000Z</time>
        <extensions>
          <ns3:TrackPointExtension>
            <ns3:hr>95</ns3:hr>
          </ns3:TrackPointExtension>
        </extensions>
      </trkpt>
      <trkpt lat="47.6241014711558818817138671875" lon="18.47673316486179828643798828125">
        <ele>309</ele>
        <time>2022-05-28T09:46:28.000Z</time>
        <extensions>
          <ns3:TrackPointExtension>
            <ns3:hr>92</ns3:hr>
          </ns3:TrackPointExtension>
        </extensions>
      </trkpt>
      <trkpt lat="47.6240947656333446502685546875" lon="18.47665688954293727874755859375">
        <ele>309</ele>
        <time>2022-05-28T09:46:32.000Z</time>
        <extensions>
          <ns3:TrackPointExtension>
            <ns3:hr>95</ns3:hr>
          </ns3:TrackPointExtension>
        </extensions>
      </trkpt>
      <trkpt lat="47.62408797629177570343017578125" lon="18.47660274244844913482666015625">
        <ele>308.79998779296875</ele>
        <time>2022-05-28T09:46:35.000Z</time>
        <extensions>
          <ns3:TrackPointExtension>
            <ns3:hr>100</ns3:hr>
          </ns3:TrackPointExtension>
        </extensions>
      </trkpt>
      <trkpt lat="47.62408831156790256500244140625" lon="18.47659327089786529541015625">
        <ele>308.79998779296875</ele>
        <time>2022-05-28T09:46:36.000Z</time>
        <extensions>
          <ns3:TrackPointExtension>
            <ns3:hr>99</ns3:hr>
          </ns3:TrackPointExtension>
        </extensions>
      </trkpt>
      <trkpt lat="47.62408110313117504119873046875" lon="18.476541973650455474853515625">
        <ele>308.79998779296875</ele>
        <time>2022-05-28T09:46:39.000Z</time>
        <extensions>
          <ns3:TrackPointExtension>
            <ns3:hr>101</ns3:hr>
          </ns3:TrackPointExtension>
        </extensions>
      </trkpt>
      <trkpt lat="47.6240780018270015716552734375" lon="18.4765076078474521636962890625">
        <ele>308.600006103515625</ele>
        <time>2022-05-28T09:46:41.000Z</time>
        <extensions>
          <ns3:TrackPointExtension>
            <ns3:hr>99</ns3:hr>
          </ns3:TrackPointExtension>
        </extensions>
      </trkpt>
      <trkpt lat="47.62407414615154266357421875" lon="18.47645580768585205078125">
        <ele>308.20001220703125</ele>
        <time>2022-05-28T09:46:44.000Z</time>
        <extensions>
          <ns3:TrackPointExtension>
            <ns3:hr>102</ns3:hr>
          </ns3:TrackPointExtension>
        </extensions>
      </trkpt>
      <trkpt lat="47.62407682836055755615234375" lon="18.4763356111943721771240234375">
        <ele>307.600006103515625</ele>
        <time>2022-05-28T09:46:51.000Z</time>
        <extensions>
          <ns3:TrackPointExtension>
            <ns3:hr>102</ns3:hr>
          </ns3:TrackPointExtension>
        </extensions>
      </trkpt>
      <trkpt lat="47.624066434800624847412109375" lon="18.4761934541165828704833984375">
        <ele>307.399993896484375</ele>
        <time>2022-05-28T09:47:00.000Z</time>
        <extensions>
          <ns3:TrackPointExtension>
            <ns3:hr>103</ns3:hr>
          </ns3:TrackPointExtension>
        </extensions>
      </trkpt>
      <trkpt lat="47.6240595616400241851806640625" lon="18.4761542268097400665283203125">
        <ele>307.600006103515625</ele>
        <time>2022-05-28T09:47:03.000Z</time>
        <extensions>
          <ns3:TrackPointExtension>
            <ns3:hr>103</ns3:hr>
          </ns3:TrackPointExtension>
        </extensions>
      </trkpt>
      <trkpt lat="47.6240535266697406768798828125" lon="18.47614509053528308868408203125">
        <ele>307.600006103515625</ele>
        <time>2022-05-28T09:47:05.000Z</time>
        <extensions>
          <ns3:TrackPointExtension>
            <ns3:hr>99</ns3:hr>
          </ns3:TrackPointExtension>
        </extensions>
      </trkpt>
      <trkpt lat="47.6240493357181549072265625" lon="18.47614190541207790374755859375">
        <ele>307.79998779296875</ele>
        <time>2022-05-28T09:47:06.000Z</time>
        <extensions>
          <ns3:TrackPointExtension>
            <ns3:hr>96</ns3:hr>
          </ns3:TrackPointExtension>
        </extensions>
      </trkpt>
      <trkpt lat="47.62404120527207851409912109375" lon="18.47614609636366367340087890625">
        <ele>307.79998779296875</ele>
        <time>2022-05-28T09:47:07.000Z</time>
        <extensions>
          <ns3:TrackPointExtension>
            <ns3:hr>99</ns3:hr>
          </ns3:TrackPointExtension>
        </extensions>
      </trkpt>
      <trkpt lat="47.62400952167809009552001953125" lon="18.476126901805400848388671875">
        <ele>308.399993896484375</ele>
        <time>2022-05-28T09:47:13.000Z</time>
        <extensions>
          <ns3:TrackPointExtension>
            <ns3:hr>100</ns3:hr>
          </ns3:TrackPointExtension>
        </extensions>
      </trkpt>
      <trkpt lat="47.62400901876389980316162109375" lon="18.47611743025481700897216796875">
        <ele>308.399993896484375</ele>
        <time>2022-05-28T09:47:19.000Z</time>
        <extensions>
          <ns3:TrackPointExtension>
            <ns3:hr>103</ns3:hr>
          </ns3:TrackPointExtension>
        </extensions>
      </trkpt>
      <trkpt lat="47.62399544008076190948486328125" lon="18.476109802722930908203125">
        <ele>308.79998779296875</ele>
        <time>2022-05-28T09:47:24.000Z</time>
        <extensions>
          <ns3:TrackPointExtension>
            <ns3:hr>104</ns3:hr>
          </ns3:TrackPointExtension>
        </extensions>
      </trkpt>
      <trkpt lat="47.623943053185939788818359375" lon="18.4760489501059055328369140625">
        <ele>309.399993896484375</ele>
        <time>2022-05-28T09:47:33.000Z</time>
        <extensions>
          <ns3:TrackPointExtension>
            <ns3:hr>103</ns3:hr>
          </ns3:TrackPointExtension>
        </extensions>
      </trkpt>
      <trkpt lat="47.6239117048680782318115234375" lon="18.475968651473522186279296875">
        <ele>309.600006103515625</ele>
        <time>2022-05-28T09:47:40.000Z</time>
        <extensions>
          <ns3:TrackPointExtension>
            <ns3:hr>101</ns3:hr>
          </ns3:TrackPointExtension>
        </extensions>
      </trkpt>
      <trkpt lat="47.623877339065074920654296875" lon="18.475796319544315338134765625">
        <ele>309.600006103515625</ele>
        <time>2022-05-28T09:47:50.000Z</time>
        <extensions>
          <ns3:TrackPointExtension>
            <ns3:hr>103</ns3:hr>
          </ns3:TrackPointExtension>
        </extensions>
      </trkpt>
      <trkpt lat="47.6238382793962955474853515625" lon="18.4756935574114322662353515625">
        <ele>309.600006103515625</ele>
        <time>2022-05-28T09:47:57.000Z</time>
        <extensions>
          <ns3:TrackPointExtension>
            <ns3:hr>107</ns3:hr>
          </ns3:TrackPointExtension>
        </extensions>
      </trkpt>
      <trkpt lat="47.62382981367409229278564453125" lon="18.47567863762378692626953125">
        <ele>309.600006103515625</ele>
        <time>2022-05-28T09:47:58.000Z</time>
        <extensions>
          <ns3:TrackPointExtension>
            <ns3:hr>104</ns3:hr>
          </ns3:TrackPointExtension>
        </extensions>
      </trkpt>
      <trkpt lat="47.62381757609546184539794921875" lon="18.47563161514699459075927734375">
        <ele>309.399993896484375</ele>
        <time>2022-05-28T09:48:01.000Z</time>
        <extensions>
          <ns3:TrackPointExtension>
            <ns3:hr>105</ns3:hr>
          </ns3:TrackPointExtension>
        </extensions>
      </trkpt>
      <trkpt lat="47.62380332686007022857666015625" lon="18.47552147693932056427001953125">
        <ele>308.79998779296875</ele>
        <time>2022-05-28T09:48:09.000Z</time>
        <extensions>
          <ns3:TrackPointExtension>
            <ns3:hr>106</ns3:hr>
          </ns3:TrackPointExtension>
        </extensions>
      </trkpt>
      <trkpt lat="47.6237846352159976959228515625" lon="18.47543061710894107818603515625">
        <ele>308.20001220703125</ele>
        <time>2022-05-28T09:48:14.000Z</time>
        <extensions>
          <ns3:TrackPointExtension>
            <ns3:hr>106</ns3:hr>
          </ns3:TrackPointExtension>
        </extensions>
      </trkpt>
      <trkpt lat="47.62377516366541385650634765625" lon="18.475359790027141571044921875">
        <ele>307.79998779296875</ele>
        <time>2022-05-28T09:48:18.000Z</time>
        <extensions>
          <ns3:TrackPointExtension>
            <ns3:hr>103</ns3:hr>
          </ns3:TrackPointExtension>
        </extensions>
      </trkpt>
      <trkpt lat="47.62377147562801837921142578125" lon="18.4753381647169589996337890625">
        <ele>307.600006103515625</ele>
        <time>2022-05-28T09:48:20.000Z</time>
        <extensions>
          <ns3:TrackPointExtension>
            <ns3:hr>105</ns3:hr>
          </ns3:TrackPointExtension>
        </extensions>
      </trkpt>
      <trkpt lat="47.6237387023866176605224609375" lon="18.475259877741336822509765625">
        <ele>307.399993896484375</ele>
        <time>2022-05-28T09:48:26.000Z</time>
        <extensions>
          <ns3:TrackPointExtension>
            <ns3:hr>105</ns3:hr>
          </ns3:TrackPointExtension>
        </extensions>
      </trkpt>
      <trkpt lat="47.62373350560665130615234375" lon="18.4752513282001018524169921875">
        <ele>307.399993896484375</ele>
        <time>2022-05-28T09:48:27.000Z</time>
        <extensions>
          <ns3:TrackPointExtension>
            <ns3:hr>105</ns3:hr>
          </ns3:TrackPointExtension>
        </extensions>
      </trkpt>
      <trkpt lat="47.62372545897960662841796875" lon="18.47522375173866748809814453125">
        <ele>307.20001220703125</ele>
        <time>2022-05-28T09:48:29.000Z</time>
        <extensions>
          <ns3:TrackPointExtension>
            <ns3:hr>105</ns3:hr>
          </ns3:TrackPointExtension>
        </extensions>
      </trkpt>
      <trkpt lat="47.62368715368211269378662109375" lon="18.47515820525586605072021484375">
        <ele>306.79998779296875</ele>
        <time>2022-05-28T09:48:33.000Z</time>
        <extensions>
          <ns3:TrackPointExtension>
            <ns3:hr>104</ns3:hr>
          </ns3:TrackPointExtension>
        </extensions>
      </trkpt>
      <trkpt lat="47.62364574708044528961181640625" lon="18.47509433515369892120361328125">
        <ele>306.399993896484375</ele>
        <time>2022-05-28T09:48:39.000Z</time>
        <extensions>
          <ns3:TrackPointExtension>
            <ns3:hr>105</ns3:hr>
          </ns3:TrackPointExtension>
        </extensions>
      </trkpt>
      <trkpt lat="47.623608447611331939697265625" lon="18.4750387631356716156005859375">
        <ele>306</ele>
        <time>2022-05-28T09:48:45.000Z</time>
        <extensions>
          <ns3:TrackPointExtension>
            <ns3:hr>108</ns3:hr>
          </ns3:TrackPointExtension>
        </extensions>
      </trkpt>
      <trkpt lat="47.6235884986817836761474609375" lon="18.47501085139811038970947265625">
        <ele>305.600006103515625</ele>
        <time>2022-05-28T09:48:47.000Z</time>
        <extensions>
          <ns3:TrackPointExtension>
            <ns3:hr>109</ns3:hr>
          </ns3:TrackPointExtension>
        </extensions>
      </trkpt>
      <trkpt lat="47.6235760934650897979736328125" lon="18.4749985300004482269287109375">
        <ele>305.600006103515625</ele>
        <time>2022-05-28T09:48:48.000Z</time>
        <extensions>
          <ns3:TrackPointExtension>
            <ns3:hr>110</ns3:hr>
          </ns3:TrackPointExtension>
        </extensions>
      </trkpt>
      <trkpt lat="47.62353041209280490875244140625" lon="18.47493566572666168212890625">
        <ele>305</ele>
        <time>2022-05-28T09:48:54.000Z</time>
        <extensions>
          <ns3:TrackPointExtension>
            <ns3:hr>111</ns3:hr>
          </ns3:TrackPointExtension>
        </extensions>
      </trkpt>
      <trkpt lat="47.62344122864305973052978515625" lon="18.47484371624886989593505859375">
        <ele>304.399993896484375</ele>
        <time>2022-05-28T09:49:01.000Z</time>
        <extensions>
          <ns3:TrackPointExtension>
            <ns3:hr>113</ns3:hr>
          </ns3:TrackPointExtension>
        </extensions>
      </trkpt>
      <trkpt lat="47.62343770824372768402099609375" lon="18.4748344123363494873046875">
        <ele>304.20001220703125</ele>
        <time>2022-05-28T09:49:02.000Z</time>
        <extensions>
          <ns3:TrackPointExtension>
            <ns3:hr>113</ns3:hr>
          </ns3:TrackPointExtension>
        </extensions>
      </trkpt>
      <trkpt lat="47.62342697940766811370849609375" lon="18.474828712642192840576171875">
        <ele>304.20001220703125</ele>
        <time>2022-05-28T09:49:03.000Z</time>
        <extensions>
          <ns3:TrackPointExtension>
            <ns3:hr>113</ns3:hr>
          </ns3:TrackPointExtension>
        </extensions>
      </trkpt>
      <trkpt lat="47.623387835919857025146484375" lon="18.47478588111698627471923828125">
        <ele>303.79998779296875</ele>
        <time>2022-05-28T09:49:07.000Z</time>
        <extensions>
          <ns3:TrackPointExtension>
            <ns3:hr>112</ns3:hr>
          </ns3:TrackPointExtension>
        </extensions>
      </trkpt>
      <trkpt lat="47.6233206130564212799072265625" lon="18.47474388778209686279296875">
        <ele>303.399993896484375</ele>
        <time>2022-05-28T09:49:13.000Z</time>
        <extensions>
          <ns3:TrackPointExtension>
            <ns3:hr>115</ns3:hr>
          </ns3:TrackPointExtension>
        </extensions>
      </trkpt>
      <trkpt lat="47.62329890392720699310302734375" lon="18.47473843954503536224365234375">
        <ele>303.399993896484375</ele>
        <time>2022-05-28T09:49:15.000Z</time>
        <extensions>
          <ns3:TrackPointExtension>
            <ns3:hr>112</ns3:hr>
          </ns3:TrackPointExtension>
        </extensions>
      </trkpt>
      <trkpt lat="47.62325649149715900421142578125" lon="18.47477397881448268890380859375">
        <ele>303.79998779296875</ele>
        <time>2022-05-28T09:49:19.000Z</time>
        <extensions>
          <ns3:TrackPointExtension>
            <ns3:hr>109</ns3:hr>
          </ns3:TrackPointExtension>
        </extensions>
      </trkpt>
      <trkpt lat="47.62321558780968189239501953125" lon="18.47478454001247882843017578125">
        <ele>304</ele>
        <time>2022-05-28T09:49:22.000Z</time>
        <extensions>
          <ns3:TrackPointExtension>
            <ns3:hr>106</ns3:hr>
          </ns3:TrackPointExtension>
        </extensions>
      </trkpt>
      <trkpt lat="47.62320217676460742950439453125" lon="18.47477599047124385833740234375">
        <ele>303.79998779296875</ele>
        <time>2022-05-28T09:49:24.000Z</time>
        <extensions>
          <ns3:TrackPointExtension>
            <ns3:hr>105</ns3:hr>
          </ns3:TrackPointExtension>
        </extensions>
      </trkpt>
      <trkpt lat="47.62315054424107074737548828125" lon="18.474726788699626922607421875">
        <ele>303.20001220703125</ele>
        <time>2022-05-28T09:49:30.000Z</time>
        <extensions>
          <ns3:TrackPointExtension>
            <ns3:hr>105</ns3:hr>
          </ns3:TrackPointExtension>
        </extensions>
      </trkpt>
      <trkpt lat="47.62315238825976848602294921875" lon="18.47468881867825984954833984375">
        <ele>302.600006103515625</ele>
        <time>2022-05-28T09:49:32.000Z</time>
        <extensions>
          <ns3:TrackPointExtension>
            <ns3:hr>104</ns3:hr>
          </ns3:TrackPointExtension>
        </extensions>
      </trkpt>
      <trkpt lat="47.62313361279666423797607421875" lon="18.4745623357594013214111328125">
        <ele>300.79998779296875</ele>
        <time>2022-05-28T09:49:41.000Z</time>
        <extensions>
          <ns3:TrackPointExtension>
            <ns3:hr>104</ns3:hr>
          </ns3:TrackPointExtension>
        </extensions>
      </trkpt>
      <trkpt lat="47.62310209684073925018310546875" lon="18.474516235291957855224609375">
        <ele>300.20001220703125</ele>
        <time>2022-05-28T09:49:47.000Z</time>
        <extensions>
          <ns3:TrackPointExtension>
            <ns3:hr>104</ns3:hr>
          </ns3:TrackPointExtension>
        </extensions>
      </trkpt>
      <trkpt lat="47.62309840880334377288818359375" lon="18.4744614176452159881591796875">
        <ele>299.399993896484375</ele>
        <time>2022-05-28T09:49:57.000Z</time>
        <extensions>
          <ns3:TrackPointExtension>
            <ns3:hr>104</ns3:hr>
          </ns3:TrackPointExtension>
        </extensions>
      </trkpt>
      <trkpt lat="47.62310846708714962005615234375" lon="18.47446384839713573455810546875">
        <ele>299.399993896484375</ele>
        <time>2022-05-28T09:50:04.000Z</time>
        <extensions>
          <ns3:TrackPointExtension>
            <ns3:hr>105</ns3:hr>
          </ns3:TrackPointExtension>
        </extensions>
      </trkpt>
      <trkpt lat="47.6231077127158641815185546875" lon="18.47445999272167682647705078125">
        <ele>299.399993896484375</ele>
        <time>2022-05-28T09:50:10.000Z</time>
        <extensions>
          <ns3:TrackPointExtension>
            <ns3:hr>105</ns3:hr>
          </ns3:TrackPointExtension>
        </extensions>
      </trkpt>
      <trkpt lat="47.62307158671319484710693359375" lon="18.47442093305289745330810546875">
        <ele>298.79998779296875</ele>
        <time>2022-05-28T09:50:20.000Z</time>
        <extensions>
          <ns3:TrackPointExtension>
            <ns3:hr>102</ns3:hr>
          </ns3:TrackPointExtension>
        </extensions>
      </trkpt>
      <trkpt lat="47.62295105494558811187744140625" lon="18.4743876568973064422607421875">
        <ele>298</ele>
        <time>2022-05-28T09:50:27.000Z</time>
        <extensions>
          <ns3:TrackPointExtension>
            <ns3:hr>101</ns3:hr>
          </ns3:TrackPointExtension>
        </extensions>
      </trkpt>
      <trkpt lat="47.62283002026379108428955078125" lon="18.47439427860081195831298828125">
        <ele>297.600006103515625</ele>
        <time>2022-05-28T09:50:37.000Z</time>
        <extensions>
          <ns3:TrackPointExtension>
            <ns3:hr>100</ns3:hr>
          </ns3:TrackPointExtension>
        </extensions>
      </trkpt>
      <trkpt lat="47.62275852262973785400390625" lon="18.4744027443230152130126953125">
        <ele>297.399993896484375</ele>
        <time>2022-05-28T09:50:44.000Z</time>
        <extensions>
          <ns3:TrackPointExtension>
            <ns3:hr>103</ns3:hr>
          </ns3:TrackPointExtension>
        </extensions>
      </trkpt>
      <trkpt lat="47.62273295782506465911865234375" lon="18.4743893332779407501220703125">
        <ele>297.20001220703125</ele>
        <time>2022-05-28T09:50:46.000Z</time>
        <extensions>
          <ns3:TrackPointExtension>
            <ns3:hr>104</ns3:hr>
          </ns3:TrackPointExtension>
        </extensions>
      </trkpt>
      <trkpt lat="47.62272759340703487396240234375" lon="18.47437106072902679443359375">
        <ele>297</ele>
        <time>2022-05-28T09:50:52.000Z</time>
        <extensions>
          <ns3:TrackPointExtension>
            <ns3:hr>106</ns3:hr>
          </ns3:TrackPointExtension>
        </extensions>
      </trkpt>
      <trkpt lat="47.62266020290553569793701171875" lon="18.47438489086925983428955078125">
        <ele>296.79998779296875</ele>
        <time>2022-05-28T09:50:57.000Z</time>
        <extensions>
          <ns3:TrackPointExtension>
            <ns3:hr>106</ns3:hr>
          </ns3:TrackPointExtension>
        </extensions>
      </trkpt>
      <trkpt lat="47.62259423732757568359375" lon="18.47437416203320026397705078125">
        <ele>296.600006103515625</ele>
        <time>2022-05-28T09:51:03.000Z</time>
        <extensions>
          <ns3:TrackPointExtension>
            <ns3:hr>106</ns3:hr>
          </ns3:TrackPointExtension>
        </extensions>
      </trkpt>
      <trkpt lat="47.62256733141839504241943359375" lon="18.47436879761517047882080078125">
        <ele>296.399993896484375</ele>
        <time>2022-05-28T09:51:05.000Z</time>
        <extensions>
          <ns3:TrackPointExtension>
            <ns3:hr>106</ns3:hr>
          </ns3:TrackPointExtension>
        </extensions>
      </trkpt>
      <trkpt lat="47.6224783994257450103759765625" lon="18.47435136325657367706298828125">
        <ele>296.20001220703125</ele>
        <time>2022-05-28T09:51:13.000Z</time>
        <extensions>
          <ns3:TrackPointExtension>
            <ns3:hr>107</ns3:hr>
          </ns3:TrackPointExtension>
        </extensions>
      </trkpt>
      <trkpt lat="47.6223975978791713714599609375" lon="18.47430744208395481109619140625">
        <ele>296</ele>
        <time>2022-05-28T09:51:21.000Z</time>
        <extensions>
          <ns3:TrackPointExtension>
            <ns3:hr>108</ns3:hr>
          </ns3:TrackPointExtension>
        </extensions>
      </trkpt>
      <trkpt lat="47.62235744856297969818115234375" lon="18.4742684662342071533203125">
        <ele>295.79998779296875</ele>
        <time>2022-05-28T09:51:28.000Z</time>
        <extensions>
          <ns3:TrackPointExtension>
            <ns3:hr>107</ns3:hr>
          </ns3:TrackPointExtension>
        </extensions>
      </trkpt>
      <trkpt lat="47.6223568618297576904296875" lon="18.47422731108963489532470703125">
        <ele>295.399993896484375</ele>
        <time>2022-05-28T09:51:34.000Z</time>
        <extensions>
          <ns3:TrackPointExtension>
            <ns3:hr>106</ns3:hr>
          </ns3:TrackPointExtension>
        </extensions>
      </trkpt>
      <trkpt lat="47.6223721168935298919677734375" lon="18.474155478179454803466796875">
        <ele>294.600006103515625</ele>
        <time>2022-05-28T09:51:42.000Z</time>
        <extensions>
          <ns3:TrackPointExtension>
            <ns3:hr>106</ns3:hr>
          </ns3:TrackPointExtension>
        </extensions>
      </trkpt>
      <trkpt lat="47.62238292954862117767333984375" lon="18.47408297471702098846435546875">
        <ele>294.20001220703125</ele>
        <time>2022-05-28T09:51:46.000Z</time>
        <extensions>
          <ns3:TrackPointExtension>
            <ns3:hr>106</ns3:hr>
          </ns3:TrackPointExtension>
        </extensions>
      </trkpt>
      <trkpt lat="47.62240103445947170257568359375" lon="18.47402103245258331298828125">
        <ele>294</ele>
        <time>2022-05-28T09:51:50.000Z</time>
        <extensions>
          <ns3:TrackPointExtension>
            <ns3:hr>106</ns3:hr>
          </ns3:TrackPointExtension>
        </extensions>
      </trkpt>
      <trkpt lat="47.622413523495197296142578125" lon="18.4739036858081817626953125">
        <ele>293.600006103515625</ele>
        <time>2022-05-28T09:51:57.000Z</time>
        <extensions>
          <ns3:TrackPointExtension>
            <ns3:hr>105</ns3:hr>
          </ns3:TrackPointExtension>
        </extensions>
      </trkpt>
      <trkpt lat="47.62242701835930347442626953125" lon="18.47376328893005847930908203125">
        <ele>293.399993896484375</ele>
        <time>2022-05-28T09:52:05.000Z</time>
        <extensions>
          <ns3:TrackPointExtension>
            <ns3:hr>106</ns3:hr>
          </ns3:TrackPointExtension>
        </extensions>
      </trkpt>
      <trkpt lat="47.6224338077008724212646484375" lon="18.4737248159945011138916015625">
        <ele>293.399993896484375</ele>
        <time>2022-05-28T09:52:07.000Z</time>
        <extensions>
          <ns3:TrackPointExtension>
            <ns3:hr>106</ns3:hr>
          </ns3:TrackPointExtension>
        </extensions>
      </trkpt>
      <trkpt lat="47.6224525831639766693115234375" lon="18.47357670776546001434326171875">
        <ele>293.20001220703125</ele>
        <time>2022-05-28T09:52:15.000Z</time>
        <extensions>
          <ns3:TrackPointExtension>
            <ns3:hr>107</ns3:hr>
          </ns3:TrackPointExtension>
        </extensions>
      </trkpt>
      <trkpt lat="47.62245945632457733154296875" lon="18.47345433197915554046630859375">
        <ele>293.600006103515625</ele>
        <time>2022-05-28T09:52:22.000Z</time>
        <extensions>
          <ns3:TrackPointExtension>
            <ns3:hr>104</ns3:hr>
          </ns3:TrackPointExtension>
        </extensions>
      </trkpt>
      <trkpt lat="47.62247194536030292510986328125" lon="18.47342424094676971435546875">
        <ele>293.600006103515625</ele>
        <time>2022-05-28T09:52:24.000Z</time>
        <extensions>
          <ns3:TrackPointExtension>
            <ns3:hr>102</ns3:hr>
          </ns3:TrackPointExtension>
        </extensions>
      </trkpt>
      <trkpt lat="47.622486613690853118896484375" lon="18.4733712673187255859375">
        <ele>293.79998779296875</ele>
        <time>2022-05-28T09:52:27.000Z</time>
        <extensions>
          <ns3:TrackPointExtension>
            <ns3:hr>99</ns3:hr>
          </ns3:TrackPointExtension>
        </extensions>
      </trkpt>
      <trkpt lat="47.62249021790921688079833984375" lon="18.47323992289602756500244140625">
        <ele>294.399993896484375</ele>
        <time>2022-05-28T09:52:34.000Z</time>
        <extensions>
          <ns3:TrackPointExtension>
            <ns3:hr>99</ns3:hr>
          </ns3:TrackPointExtension>
        </extensions>
      </trkpt>
      <trkpt lat="47.6224971748888492584228515625" lon="18.4731303714215755462646484375">
        <ele>294.20001220703125</ele>
        <time>2022-05-28T09:52:40.000Z</time>
        <extensions>
          <ns3:TrackPointExtension>
            <ns3:hr>102</ns3:hr>
          </ns3:TrackPointExtension>
        </extensions>
      </trkpt>
      <trkpt lat="47.6225068978965282440185546875" lon="18.47300154156982898712158203125">
        <ele>294.399993896484375</ele>
        <time>2022-05-28T09:52:48.000Z</time>
        <extensions>
          <ns3:TrackPointExtension>
            <ns3:hr>103</ns3:hr>
          </ns3:TrackPointExtension>
        </extensions>
      </trkpt>
      <trkpt lat="47.62252341024577617645263671875" lon="18.4728852845728397369384765625">
        <ele>295.20001220703125</ele>
        <time>2022-05-28T09:52:55.000Z</time>
        <extensions>
          <ns3:TrackPointExtension>
            <ns3:hr>106</ns3:hr>
          </ns3:TrackPointExtension>
        </extensions>
      </trkpt>
      <trkpt lat="47.62252424843609333038330078125" lon="18.4728710353374481201171875">
        <ele>295.399993896484375</ele>
        <time>2022-05-28T09:52:56.000Z</time>
        <extensions>
          <ns3:TrackPointExtension>
            <ns3:hr>104</ns3:hr>
          </ns3:TrackPointExtension>
        </extensions>
      </trkpt>
      <trkpt lat="47.62253447435796260833740234375" lon="18.47280406393110752105712890625">
        <ele>295.79998779296875</ele>
        <time>2022-05-28T09:53:00.000Z</time>
        <extensions>
          <ns3:TrackPointExtension>
            <ns3:hr>107</ns3:hr>
          </ns3:TrackPointExtension>
        </extensions>
      </trkpt>
      <trkpt lat="47.62254436500370502471923828125" lon="18.4727548621594905853271484375">
        <ele>296</ele>
        <time>2022-05-28T09:53:03.000Z</time>
        <extensions>
          <ns3:TrackPointExtension>
            <ns3:hr>104</ns3:hr>
          </ns3:TrackPointExtension>
        </extensions>
      </trkpt>
      <trkpt lat="47.6225467957556247711181640625" lon="18.47271856851875782012939453125">
        <ele>296.20001220703125</ele>
        <time>2022-05-28T09:53:05.000Z</time>
        <extensions>
          <ns3:TrackPointExtension>
            <ns3:hr>107</ns3:hr>
          </ns3:TrackPointExtension>
        </extensions>
      </trkpt>
      <trkpt lat="47.62254721485078334808349609375" lon="18.47268302924931049346923828125">
        <ele>296.600006103515625</ele>
        <time>2022-05-28T09:53:07.000Z</time>
        <extensions>
          <ns3:TrackPointExtension>
            <ns3:hr>106</ns3:hr>
          </ns3:TrackPointExtension>
        </extensions>
      </trkpt>
      <trkpt lat="47.6225535012781620025634765625" lon="18.47261429764330387115478515625">
        <ele>297</ele>
        <time>2022-05-28T09:53:11.000Z</time>
        <extensions>
          <ns3:TrackPointExtension>
            <ns3:hr>109</ns3:hr>
          </ns3:TrackPointExtension>
        </extensions>
      </trkpt>
      <trkpt lat="47.62256179936230182647705078125" lon="18.4725255332887172698974609375">
        <ele>297.600006103515625</ele>
        <time>2022-05-28T09:53:16.000Z</time>
        <extensions>
          <ns3:TrackPointExtension>
            <ns3:hr>111</ns3:hr>
          </ns3:TrackPointExtension>
        </extensions>
      </trkpt>
      <trkpt lat="47.62257839553058147430419921875" lon="18.4724048338830471038818359375">
        <ele>297.79998779296875</ele>
        <time>2022-05-28T09:53:23.000Z</time>
        <extensions>
          <ns3:TrackPointExtension>
            <ns3:hr>112</ns3:hr>
          </ns3:TrackPointExtension>
        </extensions>
      </trkpt>
      <trkpt lat="47.622587867081165313720703125" lon="18.472259826958179473876953125">
        <ele>298.20001220703125</ele>
        <time>2022-05-28T09:53:31.000Z</time>
        <extensions>
          <ns3:TrackPointExtension>
            <ns3:hr>113</ns3:hr>
          </ns3:TrackPointExtension>
        </extensions>
      </trkpt>
      <trkpt lat="47.62259423732757568359375" lon="18.47214340232312679290771484375">
        <ele>298.79998779296875</ele>
        <time>2022-05-28T09:53:37.000Z</time>
        <extensions>
          <ns3:TrackPointExtension>
            <ns3:hr>116</ns3:hr>
          </ns3:TrackPointExtension>
        </extensions>
      </trkpt>
      <trkpt lat="47.622593902051448822021484375" lon="18.47212429158389568328857421875">
        <ele>298.79998779296875</ele>
        <time>2022-05-28T09:53:38.000Z</time>
        <extensions>
          <ns3:TrackPointExtension>
            <ns3:hr>115</ns3:hr>
          </ns3:TrackPointExtension>
        </extensions>
      </trkpt>
      <trkpt lat="47.6226068101823329925537109375" lon="18.472006022930145263671875">
        <ele>299.20001220703125</ele>
        <time>2022-05-28T09:53:45.000Z</time>
        <extensions>
          <ns3:TrackPointExtension>
            <ns3:hr>116</ns3:hr>
          </ns3:TrackPointExtension>
        </extensions>
      </trkpt>
      <trkpt lat="47.622617371380329132080078125" lon="18.47193435765802860260009765625">
        <ele>299.399993896484375</ele>
        <time>2022-05-28T09:53:49.000Z</time>
        <extensions>
          <ns3:TrackPointExtension>
            <ns3:hr>119</ns3:hr>
          </ns3:TrackPointExtension>
        </extensions>
      </trkpt>
      <trkpt lat="47.62261963449418544769287109375" lon="18.4719025902450084686279296875">
        <ele>299.399993896484375</ele>
        <time>2022-05-28T09:53:51.000Z</time>
        <extensions>
          <ns3:TrackPointExtension>
            <ns3:hr>116</ns3:hr>
          </ns3:TrackPointExtension>
        </extensions>
      </trkpt>
      <trkpt lat="47.6226143538951873779296875" lon="18.47185171209275722503662109375">
        <ele>299.399993896484375</ele>
        <time>2022-05-28T09:53:54.000Z</time>
        <extensions>
          <ns3:TrackPointExtension>
            <ns3:hr>114</ns3:hr>
          </ns3:TrackPointExtension>
        </extensions>
      </trkpt>
      <trkpt lat="47.62261728756129741668701171875" lon="18.47184031270444393157958984375">
        <ele>299.399993896484375</ele>
        <time>2022-05-28T09:53:55.000Z</time>
        <extensions>
          <ns3:TrackPointExtension>
            <ns3:hr>117</ns3:hr>
          </ns3:TrackPointExtension>
        </extensions>
      </trkpt>
      <trkpt lat="47.6226654835045337677001953125" lon="18.471654988825321197509765625">
        <ele>299</ele>
        <time>2022-05-28T09:54:06.000Z</time>
        <extensions>
          <ns3:TrackPointExtension>
            <ns3:hr>117</ns3:hr>
          </ns3:TrackPointExtension>
        </extensions>
      </trkpt>
      <trkpt lat="47.62268501333892345428466796875" lon="18.471490703523159027099609375">
        <ele>299</ele>
        <time>2022-05-28T09:54:16.000Z</time>
        <extensions>
          <ns3:TrackPointExtension>
            <ns3:hr>116</ns3:hr>
          </ns3:TrackPointExtension>
        </extensions>
      </trkpt>
      <trkpt lat="47.6226706802845001220703125" lon="18.47136774100363254547119140625">
        <ele>299.600006103515625</ele>
        <time>2022-05-28T09:54:23.000Z</time>
        <extensions>
          <ns3:TrackPointExtension>
            <ns3:hr>117</ns3:hr>
          </ns3:TrackPointExtension>
        </extensions>
      </trkpt>
      <trkpt lat="47.6226587779819965362548828125" lon="18.47132985480129718780517578125">
        <ele>299.79998779296875</ele>
        <time>2022-05-28T09:54:27.000Z</time>
        <extensions>
          <ns3:TrackPointExtension>
            <ns3:hr>114</ns3:hr>
          </ns3:TrackPointExtension>
        </extensions>
      </trkpt>
      <trkpt lat="47.622650898993015289306640625" lon="18.47132532857358455657958984375">
        <ele>299.79998779296875</ele>
        <time>2022-05-28T09:54:31.000Z</time>
        <extensions>
          <ns3:TrackPointExtension>
            <ns3:hr>115</ns3:hr>
          </ns3:TrackPointExtension>
        </extensions>
      </trkpt>
      <trkpt lat="47.62265316210687160491943359375" lon="18.47132147289812564849853515625">
        <ele>299.79998779296875</ele>
        <time>2022-05-28T09:54:40.000Z</time>
        <extensions>
          <ns3:TrackPointExtension>
            <ns3:hr>114</ns3:hr>
          </ns3:TrackPointExtension>
        </extensions>
      </trkpt>
      <trkpt lat="47.62264989316463470458984375" lon="18.47124285064637660980224609375">
        <ele>300</ele>
        <time>2022-05-28T09:54:50.000Z</time>
        <extensions>
          <ns3:TrackPointExtension>
            <ns3:hr>113</ns3:hr>
          </ns3:TrackPointExtension>
        </extensions>
      </trkpt>
      <trkpt lat="47.6226534135639667510986328125" lon="18.4711874462664127349853515625">
        <ele>300.399993896484375</ele>
        <time>2022-05-28T09:54:53.000Z</time>
        <extensions>
          <ns3:TrackPointExtension>
            <ns3:hr>110</ns3:hr>
          </ns3:TrackPointExtension>
        </extensions>
      </trkpt>
      <trkpt lat="47.62266053818166255950927734375" lon="18.47112357616424560546875">
        <ele>300.79998779296875</ele>
        <time>2022-05-28T09:54:57.000Z</time>
        <extensions>
          <ns3:TrackPointExtension>
            <ns3:hr>111</ns3:hr>
          </ns3:TrackPointExtension>
        </extensions>
      </trkpt>
      <trkpt lat="47.62262566946446895599365234375" lon="18.47104973159730434417724609375">
        <ele>301.20001220703125</ele>
        <time>2022-05-28T09:55:03.000Z</time>
        <extensions>
          <ns3:TrackPointExtension>
            <ns3:hr>111</ns3:hr>
          </ns3:TrackPointExtension>
        </extensions>
      </trkpt>
      <trkpt lat="47.62260655872523784637451171875" lon="18.4710080735385417938232421875">
        <ele>301.399993896484375</ele>
        <time>2022-05-28T09:55:06.000Z</time>
        <extensions>
          <ns3:TrackPointExtension>
            <ns3:hr>112</ns3:hr>
          </ns3:TrackPointExtension>
        </extensions>
      </trkpt>
      <trkpt lat="47.62260739691555500030517578125" lon="18.47098208963871002197265625">
        <ele>301.399993896484375</ele>
        <time>2022-05-28T09:55:08.000Z</time>
        <extensions>
          <ns3:TrackPointExtension>
            <ns3:hr>113</ns3:hr>
          </ns3:TrackPointExtension>
        </extensions>
      </trkpt>
      <trkpt lat="47.6225944049656391143798828125" lon="18.4708632342517375946044921875">
        <ele>301.79998779296875</ele>
        <time>2022-05-28T09:55:16.000Z</time>
        <extensions>
          <ns3:TrackPointExtension>
            <ns3:hr>111</ns3:hr>
          </ns3:TrackPointExtension>
        </extensions>
      </trkpt>
      <trkpt lat="47.62258292175829410552978515625" lon="18.47080280072987079620361328125">
        <ele>302.20001220703125</ele>
        <time>2022-05-28T09:55:20.000Z</time>
        <extensions>
          <ns3:TrackPointExtension>
            <ns3:hr>108</ns3:hr>
          </ns3:TrackPointExtension>
        </extensions>
      </trkpt>
      <trkpt lat="47.622586190700531005859375" lon="18.470742367208003997802734375">
        <ele>302.600006103515625</ele>
        <time>2022-05-28T09:55:23.000Z</time>
        <extensions>
          <ns3:TrackPointExtension>
            <ns3:hr>106</ns3:hr>
          </ns3:TrackPointExtension>
        </extensions>
      </trkpt>
      <trkpt lat="47.62258543632924556732177734375" lon="18.47061571665108203887939453125">
        <ele>303.600006103515625</ele>
        <time>2022-05-28T09:55:30.000Z</time>
        <extensions>
          <ns3:TrackPointExtension>
            <ns3:hr>107</ns3:hr>
          </ns3:TrackPointExtension>
        </extensions>
      </trkpt>
      <trkpt lat="47.62258795090019702911376953125" lon="18.47049032337963581085205078125">
        <ele>304</ele>
        <time>2022-05-28T09:55:36.000Z</time>
        <extensions>
          <ns3:TrackPointExtension>
            <ns3:hr>107</ns3:hr>
          </ns3:TrackPointExtension>
        </extensions>
      </trkpt>
      <trkpt lat="47.6225685887038707733154296875" lon="18.4703526087105274200439453125">
        <ele>305.20001220703125</ele>
        <time>2022-05-28T09:55:43.000Z</time>
        <extensions>
          <ns3:TrackPointExtension>
            <ns3:hr>106</ns3:hr>
          </ns3:TrackPointExtension>
        </extensions>
      </trkpt>
      <trkpt lat="47.6225511543452739715576171875" lon="18.47027474083006381988525390625">
        <ele>305.79998779296875</ele>
        <time>2022-05-28T09:55:49.000Z</time>
        <extensions>
          <ns3:TrackPointExtension>
            <ns3:hr>106</ns3:hr>
          </ns3:TrackPointExtension>
        </extensions>
      </trkpt>
      <trkpt lat="47.622541598975658416748046875" lon="18.47017935477197170257568359375">
        <ele>306.600006103515625</ele>
        <time>2022-05-28T09:55:57.000Z</time>
        <extensions>
          <ns3:TrackPointExtension>
            <ns3:hr>107</ns3:hr>
          </ns3:TrackPointExtension>
        </extensions>
      </trkpt>
      <trkpt lat="47.62252651154994964599609375" lon="18.470118083059787750244140625">
        <ele>307.20001220703125</ele>
        <time>2022-05-28T09:56:02.000Z</time>
        <extensions>
          <ns3:TrackPointExtension>
            <ns3:hr>110</ns3:hr>
          </ns3:TrackPointExtension>
        </extensions>
      </trkpt>
      <trkpt lat="47.6225236617028713226318359375" lon="18.47003686241805553436279296875">
        <ele>307.79998779296875</ele>
        <time>2022-05-28T09:56:04.000Z</time>
        <extensions>
          <ns3:TrackPointExtension>
            <ns3:hr>110</ns3:hr>
          </ns3:TrackPointExtension>
        </extensions>
      </trkpt>
      <trkpt lat="47.62250228784978389739990234375" lon="18.469884395599365234375">
        <ele>309.20001220703125</ele>
        <time>2022-05-28T09:56:11.000Z</time>
        <extensions>
          <ns3:TrackPointExtension>
            <ns3:hr>109</ns3:hr>
          </ns3:TrackPointExtension>
        </extensions>
      </trkpt>
      <trkpt lat="47.62247898615896701812744140625" lon="18.46988196484744548797607421875">
        <ele>309.399993896484375</ele>
        <time>2022-05-28T09:56:13.000Z</time>
        <extensions>
          <ns3:TrackPointExtension>
            <ns3:hr>109</ns3:hr>
          </ns3:TrackPointExtension>
        </extensions>
      </trkpt>
      <trkpt lat="47.62244847603142261505126953125" lon="18.46990006975829601287841796875">
        <ele>309.600006103515625</ele>
        <time>2022-05-28T09:56:19.000Z</time>
        <extensions>
          <ns3:TrackPointExtension>
            <ns3:hr>111</ns3:hr>
          </ns3:TrackPointExtension>
        </extensions>
      </trkpt>
      <trkpt lat="47.62236482463777065277099609375" lon="18.46992932260036468505859375">
        <ele>309.79998779296875</ele>
        <time>2022-05-28T09:56:27.000Z</time>
        <extensions>
          <ns3:TrackPointExtension>
            <ns3:hr>112</ns3:hr>
          </ns3:TrackPointExtension>
        </extensions>
      </trkpt>
      <trkpt lat="47.62239382602274417877197265625" lon="18.46995974890887737274169921875">
        <ele>309.399993896484375</ele>
        <time>2022-05-28T09:56:34.000Z</time>
        <extensions>
          <ns3:TrackPointExtension>
            <ns3:hr>112</ns3:hr>
          </ns3:TrackPointExtension>
        </extensions>
      </trkpt>
      <trkpt lat="47.622378654778003692626953125" lon="18.469967208802700042724609375">
        <ele>309.399993896484375</ele>
        <time>2022-05-28T09:56:40.000Z</time>
        <extensions>
          <ns3:TrackPointExtension>
            <ns3:hr>113</ns3:hr>
          </ns3:TrackPointExtension>
        </extensions>
      </trkpt>
      <trkpt lat="47.62238661758601665496826171875" lon="18.4699640236794948577880859375">
        <ele>309.399993896484375</ele>
        <time>2022-05-28T09:56:45.000Z</time>
        <extensions>
          <ns3:TrackPointExtension>
            <ns3:hr>114</ns3:hr>
          </ns3:TrackPointExtension>
        </extensions>
      </trkpt>
      <trkpt lat="47.62238661758601665496826171875" lon="18.4699640236794948577880859375">
        <ele>309.399993896484375</ele>
        <time>2022-05-28T09:56:50.000Z</time>
        <extensions>
          <ns3:TrackPointExtension>
            <ns3:hr>110</ns3:hr>
          </ns3:TrackPointExtension>
        </extensions>
      </trkpt>
      <trkpt lat="47.6223872043192386627197265625" lon="18.46996377222239971160888671875">
        <ele>309.399993896484375</ele>
        <time>2022-05-28T09:57:03.000Z</time>
        <extensions>
          <ns3:TrackPointExtension>
            <ns3:hr>107</ns3:hr>
          </ns3:TrackPointExtension>
        </extensions>
      </trkpt>
      <trkpt lat="47.62239131145179271697998046875" lon="18.4699801169335842132568359375">
        <ele>309.20001220703125</ele>
        <time>2022-05-28T09:57:58.000Z</time>
        <extensions>
          <ns3:TrackPointExtension>
            <ns3:hr>104</ns3:hr>
          </ns3:TrackPointExtension>
        </extensions>
      </trkpt>
      <trkpt lat="47.62238963507115840911865234375" lon="18.46997885964810848236083984375">
        <ele>309.20001220703125</ele>
        <time>2022-05-28T09:58:08.000Z</time>
        <extensions>
          <ns3:TrackPointExtension>
            <ns3:hr>107</ns3:hr>
          </ns3:TrackPointExtension>
        </extensions>
      </trkpt>
      <trkpt lat="47.6223825104534626007080078125" lon="18.4699657000601291656494140625">
        <ele>309.399993896484375</ele>
        <time>2022-05-28T09:58:25.000Z</time>
        <extensions>
          <ns3:TrackPointExtension>
            <ns3:hr>104</ns3:hr>
          </ns3:TrackPointExtension>
        </extensions>
      </trkpt>
      <trkpt lat="47.62238259427249431610107421875" lon="18.46995413303375244140625">
        <ele>309.399993896484375</ele>
        <time>2022-05-28T09:58:41.000Z</time>
        <extensions>
          <ns3:TrackPointExtension>
            <ns3:hr>107</ns3:hr>
          </ns3:TrackPointExtension>
        </extensions>
      </trkpt>
      <trkpt lat="47.62239567004144191741943359375" lon="18.46992454491555690765380859375">
        <ele>309.79998779296875</ele>
        <time>2022-05-28T09:59:11.000Z</time>
        <extensions>
          <ns3:TrackPointExtension>
            <ns3:hr>104</ns3:hr>
          </ns3:TrackPointExtension>
        </extensions>
      </trkpt>
      <trkpt lat="47.62239952571690082550048828125" lon="18.4699365310370922088623046875">
        <ele>309.600006103515625</ele>
        <time>2022-05-28T09:59:35.000Z</time>
        <extensions>
          <ns3:TrackPointExtension>
            <ns3:hr>101</ns3:hr>
          </ns3:TrackPointExtension>
        </extensions>
      </trkpt>
      <trkpt lat="47.62239483185112476348876953125" lon="18.46994801424443721771240234375">
        <ele>309.399993896484375</ele>
        <time>2022-05-28T09:59:40.000Z</time>
        <extensions>
          <ns3:TrackPointExtension>
            <ns3:hr>99</ns3:hr>
          </ns3:TrackPointExtension>
        </extensions>
      </trkpt>
      <trkpt lat="47.622393071651458740234375" lon="18.46996326930820941925048828125">
        <ele>309.399993896484375</ele>
        <time>2022-05-28T09:59:45.000Z</time>
        <extensions>
          <ns3:TrackPointExtension>
            <ns3:hr>99</ns3:hr>
          </ns3:TrackPointExtension>
        </extensions>
      </trkpt>
      <trkpt lat="47.622414529323577880859375" lon="18.470006771385669708251953125">
        <ele>308.79998779296875</ele>
        <time>2022-05-28T10:00:18.000Z</time>
        <extensions>
          <ns3:TrackPointExtension>
            <ns3:hr>102</ns3:hr>
          </ns3:TrackPointExtension>
        </extensions>
      </trkpt>
      <trkpt lat="47.6224143616855144500732421875" lon="18.469993360340595245361328125">
        <ele>308.79998779296875</ele>
        <time>2022-05-28T10:00:41.000Z</time>
        <extensions>
          <ns3:TrackPointExtension>
            <ns3:hr>105</ns3:hr>
          </ns3:TrackPointExtension>
        </extensions>
      </trkpt>
      <trkpt lat="47.622402124106884002685546875" lon="18.469965867698192596435546875">
        <ele>309.20001220703125</ele>
        <time>2022-05-28T10:01:13.000Z</time>
        <extensions>
          <ns3:TrackPointExtension>
            <ns3:hr>102</ns3:hr>
          </ns3:TrackPointExtension>
        </extensions>
      </trkpt>
      <trkpt lat="47.62240204028785228729248046875" lon="18.4699608385562896728515625">
        <ele>309.20001220703125</ele>
        <time>2022-05-28T10:01:26.000Z</time>
        <extensions>
          <ns3:TrackPointExtension>
            <ns3:hr>99</ns3:hr>
          </ns3:TrackPointExtension>
        </extensions>
      </trkpt>
      <trkpt lat="47.6223969273269176483154296875" lon="18.46995924599468708038330078125">
        <ele>309.399993896484375</ele>
        <time>2022-05-28T10:01:32.000Z</time>
        <extensions>
          <ns3:TrackPointExtension>
            <ns3:hr>96</ns3:hr>
          </ns3:TrackPointExtension>
        </extensions>
      </trkpt>
      <trkpt lat="47.62236800976097583770751953125" lon="18.46995974890887737274169921875">
        <ele>309.600006103515625</ele>
        <time>2022-05-28T10:01:51.000Z</time>
        <extensions>
          <ns3:TrackPointExtension>
            <ns3:hr>99</ns3:hr>
          </ns3:TrackPointExtension>
        </extensions>
      </trkpt>
      <trkpt lat="47.6223620586097240447998046875" lon="18.4699608385562896728515625">
        <ele>309.600006103515625</ele>
        <time>2022-05-28T10:02:05.000Z</time>
        <extensions>
          <ns3:TrackPointExtension>
            <ns3:hr>102</ns3:hr>
          </ns3:TrackPointExtension>
        </extensions>
      </trkpt>
      <trkpt lat="47.62236163951456546783447265625" lon="18.4699608385562896728515625">
        <ele>309.600006103515625</ele>
        <time>2022-05-28T10:02:07.000Z</time>
        <extensions>
          <ns3:TrackPointExtension>
            <ns3:hr>105</ns3:hr>
          </ns3:TrackPointExtension>
        </extensions>
      </trkpt>
      <trkpt lat="47.622361220419406890869140625" lon="18.469960503280162811279296875">
        <ele>309.600006103515625</ele>
        <time>2022-05-28T10:02:09.000Z</time>
        <extensions>
          <ns3:TrackPointExtension>
            <ns3:hr>108</ns3:hr>
          </ns3:TrackPointExtension>
        </extensions>
      </trkpt>
      <trkpt lat="47.622360549867153167724609375" lon="18.46995958127081394195556640625">
        <ele>309.600006103515625</ele>
        <time>2022-05-28T10:02:13.000Z</time>
        <extensions>
          <ns3:TrackPointExtension>
            <ns3:hr>111</ns3:hr>
          </ns3:TrackPointExtension>
        </extensions>
      </trkpt>
      <trkpt lat="47.6223583705723285675048828125" lon="18.46995212137699127197265625">
        <ele>309.600006103515625</ele>
        <time>2022-05-28T10:02:27.000Z</time>
        <extensions>
          <ns3:TrackPointExtension>
            <ns3:hr>108</ns3:hr>
          </ns3:TrackPointExtension>
        </extensions>
      </trkpt>
      <trkpt lat="47.62235560454428195953369140625" lon="18.46995170228183269500732421875">
        <ele>309.79998779296875</ele>
        <time>2022-05-28T10:02:30.000Z</time>
        <extensions>
          <ns3:TrackPointExtension>
            <ns3:hr>105</ns3:hr>
          </ns3:TrackPointExtension>
        </extensions>
      </trkpt>
      <trkpt lat="47.62235443107783794403076171875" lon="18.469953797757625579833984375">
        <ele>309.79998779296875</ele>
        <time>2022-05-28T10:02:47.000Z</time>
        <extensions>
          <ns3:TrackPointExtension>
            <ns3:hr>102</ns3:hr>
          </ns3:TrackPointExtension>
        </extensions>
      </trkpt>
      <trkpt lat="47.62235485017299652099609375" lon="18.46995421685278415679931640625">
        <ele>309.600006103515625</ele>
        <time>2022-05-28T10:02:49.000Z</time>
        <extensions>
          <ns3:TrackPointExtension>
            <ns3:hr>99</ns3:hr>
          </ns3:TrackPointExtension>
        </extensions>
      </trkpt>
      <trkpt lat="47.622355185449123382568359375" lon="18.46995471976697444915771484375">
        <ele>309.600006103515625</ele>
        <time>2022-05-28T10:02:51.000Z</time>
        <extensions>
          <ns3:TrackPointExtension>
            <ns3:hr>96</ns3:hr>
          </ns3:TrackPointExtension>
        </extensions>
      </trkpt>
      <trkpt lat="47.6223556883633136749267578125" lon="18.46995606087148189544677734375">
        <ele>309.600006103515625</ele>
        <time>2022-05-28T10:02:58.000Z</time>
        <extensions>
          <ns3:TrackPointExtension>
            <ns3:hr>93</ns3:hr>
          </ns3:TrackPointExtension>
        </extensions>
      </trkpt>
      <trkpt lat="47.62235560454428195953369140625" lon="18.4699569828808307647705078125">
        <ele>309.600006103515625</ele>
        <time>2022-05-28T10:03:06.000Z</time>
        <extensions>
          <ns3:TrackPointExtension>
            <ns3:hr>96</ns3:hr>
          </ns3:TrackPointExtension>
        </extensions>
      </trkpt>
      <trkpt lat="47.62235560454428195953369140625" lon="18.46995656378567218780517578125">
        <ele>309.600006103515625</ele>
        <time>2022-05-28T10:03:09.000Z</time>
        <extensions>
          <ns3:TrackPointExtension>
            <ns3:hr>100</ns3:hr>
          </ns3:TrackPointExtension>
        </extensions>
      </trkpt>
      <trkpt lat="47.62235208414494991302490234375" lon="18.4699553065001964569091796875">
        <ele>309.79998779296875</ele>
        <time>2022-05-28T10:03:45.000Z</time>
        <extensions>
          <ns3:TrackPointExtension>
            <ns3:hr>97</ns3:hr>
          </ns3:TrackPointExtension>
        </extensions>
      </trkpt>
      <trkpt lat="47.62235124595463275909423828125" lon="18.4699529595673084259033203125">
        <ele>309.79998779296875</ele>
        <time>2022-05-28T10:04:04.000Z</time>
        <extensions>
          <ns3:TrackPointExtension>
            <ns3:hr>93</ns3:hr>
          </ns3:TrackPointExtension>
        </extensions>
      </trkpt>
      <trkpt lat="47.62234822846949100494384765625" lon="18.46995388157665729522705078125">
        <ele>309.79998779296875</ele>
        <time>2022-05-28T10:04:40.000Z</time>
        <extensions>
          <ns3:TrackPointExtension>
            <ns3:hr>96</ns3:hr>
          </ns3:TrackPointExtension>
        </extensions>
      </trkpt>
      <trkpt lat="47.6223466359078884124755859375" lon="18.46995522268116474151611328125">
        <ele>309.79998779296875</ele>
        <time>2022-05-28T10:04:53.000Z</time>
        <extensions>
          <ns3:TrackPointExtension>
            <ns3:hr>92</ns3:hr>
          </ns3:TrackPointExtension>
        </extensions>
      </trkpt>
      <trkpt lat="47.62234671972692012786865234375" lon="18.46995539031922817230224609375">
        <ele>309.79998779296875</ele>
        <time>2022-05-28T10:04:55.000Z</time>
        <extensions>
          <ns3:TrackPointExtension>
            <ns3:hr>89</ns3:hr>
          </ns3:TrackPointExtension>
        </extensions>
      </trkpt>
      <trkpt lat="47.62234546244144439697265625" lon="18.46995572559535503387451171875">
        <ele>309.79998779296875</ele>
        <time>2022-05-28T10:05:03.000Z</time>
        <extensions>
          <ns3:TrackPointExtension>
            <ns3:hr>92</ns3:hr>
          </ns3:TrackPointExtension>
        </extensions>
      </trkpt>
      <trkpt lat="47.62234504334628582000732421875" lon="18.4699554741382598876953125">
        <ele>309.79998779296875</ele>
        <time>2022-05-28T10:05:05.000Z</time>
        <extensions>
          <ns3:TrackPointExtension>
            <ns3:hr>95</ns3:hr>
          </ns3:TrackPointExtension>
        </extensions>
      </trkpt>
      <trkpt lat="47.62234319932758808135986328125" lon="18.46995606087148189544677734375">
        <ele>309.79998779296875</ele>
        <time>2022-05-28T10:05:22.000Z</time>
        <extensions>
          <ns3:TrackPointExtension>
            <ns3:hr>92</ns3:hr>
          </ns3:TrackPointExtension>
        </extensions>
      </trkpt>
      <trkpt lat="47.6223412714898586273193359375" lon="18.46995471976697444915771484375">
        <ele>309.79998779296875</ele>
        <time>2022-05-28T10:05:36.000Z</time>
        <extensions>
          <ns3:TrackPointExtension>
            <ns3:hr>95</ns3:hr>
          </ns3:TrackPointExtension>
        </extensions>
      </trkpt>
      <trkpt lat="47.62234009802341461181640625" lon="18.46995555795729160308837890625">
        <ele>309.79998779296875</ele>
        <time>2022-05-28T10:05:45.000Z</time>
        <extensions>
          <ns3:TrackPointExtension>
            <ns3:hr>91</ns3:hr>
          </ns3:TrackPointExtension>
        </extensions>
      </trkpt>
      <trkpt lat="47.6223399303853511810302734375" lon="18.46995555795729160308837890625">
        <ele>309.79998779296875</ele>
        <time>2022-05-28T10:05:47.000Z</time>
        <extensions>
          <ns3:TrackPointExtension>
            <ns3:hr>88</ns3:hr>
          </ns3:TrackPointExtension>
        </extensions>
      </trkpt>
      <trkpt lat="47.6223392598330974578857421875" lon="18.46995589323341846466064453125">
        <ele>309.79998779296875</ele>
        <time>2022-05-28T10:06:05.000Z</time>
        <extensions>
          <ns3:TrackPointExtension>
            <ns3:hr>91</ns3:hr>
          </ns3:TrackPointExtension>
        </extensions>
      </trkpt>
      <trkpt lat="47.62233917601406574249267578125" lon="18.4699559770524501800537109375">
        <ele>309.79998779296875</ele>
        <time>2022-05-28T10:06:07.000Z</time>
        <extensions>
          <ns3:TrackPointExtension>
            <ns3:hr>94</ns3:hr>
          </ns3:TrackPointExtension>
        </extensions>
      </trkpt>
      <trkpt lat="47.62233875691890716552734375" lon="18.46995614469051361083984375">
        <ele>309.79998779296875</ele>
        <time>2022-05-28T10:06:13.000Z</time>
        <extensions>
          <ns3:TrackPointExtension>
            <ns3:hr>97</ns3:hr>
          </ns3:TrackPointExtension>
        </extensions>
      </trkpt>
      <trkpt lat="47.62233800254762172698974609375" lon="18.46995756961405277252197265625">
        <ele>309.79998779296875</ele>
        <time>2022-05-28T10:06:22.000Z</time>
        <extensions>
          <ns3:TrackPointExtension>
            <ns3:hr>94</ns3:hr>
          </ns3:TrackPointExtension>
        </extensions>
      </trkpt>
      <trkpt lat="47.6223369129002094268798828125" lon="18.4699596650898456573486328125">
        <ele>309.79998779296875</ele>
        <time>2022-05-28T10:06:55.000Z</time>
        <extensions>
          <ns3:TrackPointExtension>
            <ns3:hr>99</ns3:hr>
          </ns3:TrackPointExtension>
        </extensions>
      </trkpt>
      <trkpt lat="47.6223369129002094268798828125" lon="18.46995974890887737274169921875">
        <ele>309.79998779296875</ele>
        <time>2022-05-28T10:06:56.000Z</time>
        <extensions>
          <ns3:TrackPointExtension>
            <ns3:hr>102</ns3:hr>
          </ns3:TrackPointExtension>
        </extensions>
      </trkpt>
      <trkpt lat="47.62233699671924114227294921875" lon="18.46995941363275051116943359375">
        <ele>309.79998779296875</ele>
        <time>2022-05-28T10:06:58.000Z</time>
        <extensions>
          <ns3:TrackPointExtension>
            <ns3:hr>107</ns3:hr>
          </ns3:TrackPointExtension>
        </extensions>
      </trkpt>
      <trkpt lat="47.622336409986019134521484375" lon="18.4699596650898456573486328125">
        <ele>309.79998779296875</ele>
        <time>2022-05-28T10:07:18.000Z</time>
        <extensions>
          <ns3:TrackPointExtension>
            <ns3:hr>104</ns3:hr>
          </ns3:TrackPointExtension>
        </extensions>
      </trkpt>
      <trkpt lat="47.62233582325279712677001953125" lon="18.46995958127081394195556640625">
        <ele>309.79998779296875</ele>
        <time>2022-05-28T10:07:25.000Z</time>
        <extensions>
          <ns3:TrackPointExtension>
            <ns3:hr>101</ns3:hr>
          </ns3:TrackPointExtension>
        </extensions>
      </trkpt>
      <trkpt lat="47.6223352365195751190185546875" lon="18.46995748579502105712890625">
        <ele>309.79998779296875</ele>
        <time>2022-05-28T10:08:13.000Z</time>
        <extensions>
          <ns3:TrackPointExtension>
            <ns3:hr>98</ns3:hr>
          </ns3:TrackPointExtension>
        </extensions>
      </trkpt>
      <trkpt lat="47.6223352365195751190185546875" lon="18.469957150518894195556640625">
        <ele>309.79998779296875</ele>
        <time>2022-05-28T10:08:18.000Z</time>
        <extensions>
          <ns3:TrackPointExtension>
            <ns3:hr>95</ns3:hr>
          </ns3:TrackPointExtension>
        </extensions>
      </trkpt>
      <trkpt lat="47.6223349012434482574462890625" lon="18.469956815242767333984375">
        <ele>309.79998779296875</ele>
        <time>2022-05-28T10:08:22.000Z</time>
        <extensions>
          <ns3:TrackPointExtension>
            <ns3:hr>92</ns3:hr>
          </ns3:TrackPointExtension>
        </extensions>
      </trkpt>
      <trkpt lat="47.62233473360538482666015625" lon="18.469956479966640472412109375">
        <ele>309.79998779296875</ele>
        <time>2022-05-28T10:08:24.000Z</time>
        <extensions>
          <ns3:TrackPointExtension>
            <ns3:hr>87</ns3:hr>
          </ns3:TrackPointExtension>
        </extensions>
      </trkpt>
      <trkpt lat="47.62233464978635311126708984375" lon="18.46995639614760875701904296875">
        <ele>309.79998779296875</ele>
        <time>2022-05-28T10:08:25.000Z</time>
        <extensions>
          <ns3:TrackPointExtension>
            <ns3:hr>84</ns3:hr>
          </ns3:TrackPointExtension>
        </extensions>
      </trkpt>
      <trkpt lat="47.62233464978635311126708984375" lon="18.46995622850954532623291015625">
        <ele>309.79998779296875</ele>
        <time>2022-05-28T10:08:27.000Z</time>
        <extensions>
          <ns3:TrackPointExtension>
            <ns3:hr>81</ns3:hr>
          </ns3:TrackPointExtension>
        </extensions>
      </trkpt>
      <trkpt lat="47.62233464978635311126708984375" lon="18.4699559770524501800537109375">
        <ele>309.79998779296875</ele>
        <time>2022-05-28T10:08:33.000Z</time>
        <extensions>
          <ns3:TrackPointExtension>
            <ns3:hr>84</ns3:hr>
          </ns3:TrackPointExtension>
        </extensions>
      </trkpt>
      <trkpt lat="47.6223345659673213958740234375" lon="18.46995589323341846466064453125">
        <ele>309.79998779296875</ele>
        <time>2022-05-28T10:08:37.000Z</time>
        <extensions>
          <ns3:TrackPointExtension>
            <ns3:hr>87</ns3:hr>
          </ns3:TrackPointExtension>
        </extensions>
      </trkpt>
      <trkpt lat="47.62233464978635311126708984375" lon="18.4699556417763233184814453125">
        <ele>309.79998779296875</ele>
        <time>2022-05-28T10:08:43.000Z</time>
        <extensions>
          <ns3:TrackPointExtension>
            <ns3:hr>90</ns3:hr>
          </ns3:TrackPointExtension>
        </extensions>
      </trkpt>
      <trkpt lat="47.62233582325279712677001953125" lon="18.4699539653956890106201171875">
        <ele>309.79998779296875</ele>
        <time>2022-05-28T10:09:08.000Z</time>
        <extensions>
          <ns3:TrackPointExtension>
            <ns3:hr>93</ns3:hr>
          </ns3:TrackPointExtension>
        </extensions>
      </trkpt>
      <trkpt lat="47.62233339250087738037109375" lon="18.46995237283408641815185546875">
        <ele>309.79998779296875</ele>
        <time>2022-05-28T10:09:45.000Z</time>
        <extensions>
          <ns3:TrackPointExtension>
            <ns3:hr>90</ns3:hr>
          </ns3:TrackPointExtension>
        </extensions>
      </trkpt>
      <trkpt lat="47.62233330868184566497802734375" lon="18.4699522890150547027587890625">
        <ele>309.79998779296875</ele>
        <time>2022-05-28T10:09:50.000Z</time>
        <extensions>
          <ns3:TrackPointExtension>
            <ns3:hr>93</ns3:hr>
          </ns3:TrackPointExtension>
        </extensions>
      </trkpt>
      <trkpt lat="47.62233314104378223419189453125" lon="18.46995220519602298736572265625">
        <ele>309.79998779296875</ele>
        <time>2022-05-28T10:09:53.000Z</time>
        <extensions>
          <ns3:TrackPointExtension>
            <ns3:hr>96</ns3:hr>
          </ns3:TrackPointExtension>
        </extensions>
      </trkpt>
      <trkpt lat="47.6223325543105602264404296875" lon="18.46995220519602298736572265625">
        <ele>309.79998779296875</ele>
        <time>2022-05-28T10:10:03.000Z</time>
        <extensions>
          <ns3:TrackPointExtension>
            <ns3:hr>99</ns3:hr>
          </ns3:TrackPointExtension>
        </extensions>
      </trkpt>
      <trkpt lat="47.62233247049152851104736328125" lon="18.4699522890150547027587890625">
        <ele>309.79998779296875</ele>
        <time>2022-05-28T10:10:08.000Z</time>
        <extensions>
          <ns3:TrackPointExtension>
            <ns3:hr>96</ns3:hr>
          </ns3:TrackPointExtension>
        </extensions>
      </trkpt>
      <trkpt lat="47.62233247049152851104736328125" lon="18.4699522890150547027587890625">
        <ele>309.79998779296875</ele>
        <time>2022-05-28T10:10:10.000Z</time>
        <extensions>
          <ns3:TrackPointExtension>
            <ns3:hr>93</ns3:hr>
          </ns3:TrackPointExtension>
        </extensions>
      </trkpt>
      <trkpt lat="47.6223315484821796417236328125" lon="18.46995254047214984893798828125">
        <ele>309.79998779296875</ele>
        <time>2022-05-28T10:10:23.000Z</time>
        <extensions>
          <ns3:TrackPointExtension>
            <ns3:hr>90</ns3:hr>
          </ns3:TrackPointExtension>
        </extensions>
      </trkpt>
      <trkpt lat="47.6223313808441162109375" lon="18.46995254047214984893798828125">
        <ele>309.79998779296875</ele>
        <time>2022-05-28T10:10:27.000Z</time>
        <extensions>
          <ns3:TrackPointExtension>
            <ns3:hr>87</ns3:hr>
          </ns3:TrackPointExtension>
        </extensions>
      </trkpt>
      <trkpt lat="47.62233163230121135711669921875" lon="18.4699526242911815643310546875">
        <ele>309.79998779296875</ele>
        <time>2022-05-28T10:10:40.000Z</time>
        <extensions>
          <ns3:TrackPointExtension>
            <ns3:hr>90</ns3:hr>
          </ns3:TrackPointExtension>
        </extensions>
      </trkpt>
      <trkpt lat="47.62233096174895763397216796875" lon="18.46995270811021327972412109375">
        <ele>309.79998779296875</ele>
        <time>2022-05-28T10:11:21.000Z</time>
        <extensions>
          <ns3:TrackPointExtension>
            <ns3:hr>87</ns3:hr>
          </ns3:TrackPointExtension>
        </extensions>
      </trkpt>
      <trkpt lat="47.6223292015492916107177734375" lon="18.46995321102440357208251953125">
        <ele>309.79998779296875</ele>
        <time>2022-05-28T10:11:45.000Z</time>
        <extensions>
          <ns3:TrackPointExtension>
            <ns3:hr>90</ns3:hr>
          </ns3:TrackPointExtension>
        </extensions>
      </trkpt>
      <trkpt lat="47.62232895009219646453857421875" lon="18.46995346248149871826171875">
        <ele>309.79998779296875</ele>
        <time>2022-05-28T10:11:55.000Z</time>
        <extensions>
          <ns3:TrackPointExtension>
            <ns3:hr>93</ns3:hr>
          </ns3:TrackPointExtension>
        </extensions>
      </trkpt>
      <trkpt lat="47.62232827953994274139404296875" lon="18.46995371393859386444091796875">
        <ele>309.79998779296875</ele>
        <time>2022-05-28T10:12:12.000Z</time>
        <extensions>
          <ns3:TrackPointExtension>
            <ns3:hr>90</ns3:hr>
          </ns3:TrackPointExtension>
        </extensions>
      </trkpt>
      <trkpt lat="47.62232777662575244903564453125" lon="18.46995438449084758758544921875">
        <ele>309.79998779296875</ele>
        <time>2022-05-28T10:12:23.000Z</time>
        <extensions>
          <ns3:TrackPointExtension>
            <ns3:hr>87</ns3:hr>
          </ns3:TrackPointExtension>
        </extensions>
      </trkpt>
      <trkpt lat="47.6223275251686573028564453125" lon="18.46995555795729160308837890625">
        <ele>309.79998779296875</ele>
        <time>2022-05-28T10:12:31.000Z</time>
        <extensions>
          <ns3:TrackPointExtension>
            <ns3:hr>90</ns3:hr>
          </ns3:TrackPointExtension>
        </extensions>
      </trkpt>
      <trkpt lat="47.6223275251686573028564453125" lon="18.46995706669986248016357421875">
        <ele>309.79998779296875</ele>
        <time>2022-05-28T10:12:41.000Z</time>
        <extensions>
          <ns3:TrackPointExtension>
            <ns3:hr>93</ns3:hr>
          </ns3:TrackPointExtension>
        </extensions>
      </trkpt>
      <trkpt lat="47.62232693843543529510498046875" lon="18.46995790489017963409423828125">
        <ele>309.79998779296875</ele>
        <time>2022-05-28T10:12:48.000Z</time>
        <extensions>
          <ns3:TrackPointExtension>
            <ns3:hr>96</ns3:hr>
          </ns3:TrackPointExtension>
        </extensions>
      </trkpt>
      <trkpt lat="47.62232643552124500274658203125" lon="18.469958491623401641845703125">
        <ele>309.79998779296875</ele>
        <time>2022-05-28T10:13:04.000Z</time>
        <extensions>
          <ns3:TrackPointExtension>
            <ns3:hr>93</ns3:hr>
          </ns3:TrackPointExtension>
        </extensions>
      </trkpt>
      <trkpt lat="47.62232601642608642578125" lon="18.469959162175655364990234375">
        <ele>309.79998779296875</ele>
        <time>2022-05-28T10:13:13.000Z</time>
        <extensions>
          <ns3:TrackPointExtension>
            <ns3:hr>90</ns3:hr>
          </ns3:TrackPointExtension>
        </extensions>
      </trkpt>
      <trkpt lat="47.6223261840641498565673828125" lon="18.46995857544243335723876953125">
        <ele>309.79998779296875</ele>
        <time>2022-05-28T10:13:54.000Z</time>
        <extensions>
          <ns3:TrackPointExtension>
            <ns3:hr>93</ns3:hr>
          </ns3:TrackPointExtension>
        </extensions>
      </trkpt>
      <trkpt lat="47.62232668697834014892578125" lon="18.4699596650898456573486328125">
        <ele>309.79998779296875</ele>
        <time>2022-05-28T10:14:09.000Z</time>
        <extensions>
          <ns3:TrackPointExtension>
            <ns3:hr>90</ns3:hr>
          </ns3:TrackPointExtension>
        </extensions>
      </trkpt>
      <trkpt lat="47.62232660315930843353271484375" lon="18.4699600003659725189208984375">
        <ele>309.79998779296875</ele>
        <time>2022-05-28T10:14:13.000Z</time>
        <extensions>
          <ns3:TrackPointExtension>
            <ns3:hr>84</ns3:hr>
          </ns3:TrackPointExtension>
        </extensions>
      </trkpt>
      <trkpt lat="47.6223265193402767181396484375" lon="18.4699603356420993804931640625">
        <ele>309.79998779296875</ele>
        <time>2022-05-28T10:14:15.000Z</time>
        <extensions>
          <ns3:TrackPointExtension>
            <ns3:hr>80</ns3:hr>
          </ns3:TrackPointExtension>
        </extensions>
      </trkpt>
      <trkpt lat="47.6223255135118961334228515625" lon="18.46996075473725795745849609375">
        <ele>309.79998779296875</ele>
        <time>2022-05-28T10:14:32.000Z</time>
        <extensions>
          <ns3:TrackPointExtension>
            <ns3:hr>77</ns3:hr>
          </ns3:TrackPointExtension>
        </extensions>
      </trkpt>
      <trkpt lat="47.62232534587383270263671875" lon="18.46996159292757511138916015625">
        <ele>309.79998779296875</ele>
        <time>2022-05-28T10:14:45.000Z</time>
        <extensions>
          <ns3:TrackPointExtension>
            <ns3:hr>80</ns3:hr>
          </ns3:TrackPointExtension>
        </extensions>
      </trkpt>
      <trkpt lat="47.6223251782357692718505859375" lon="18.46996209584176540374755859375">
        <ele>309.79998779296875</ele>
        <time>2022-05-28T10:14:50.000Z</time>
        <extensions>
          <ns3:TrackPointExtension>
            <ns3:hr>83</ns3:hr>
          </ns3:TrackPointExtension>
        </extensions>
      </trkpt>
      <trkpt lat="47.62232526205480098724365234375" lon="18.46996176056563854217529296875">
        <ele>309.79998779296875</ele>
        <time>2022-05-28T10:14:56.000Z</time>
        <extensions>
          <ns3:TrackPointExtension>
            <ns3:hr>86</ns3:hr>
          </ns3:TrackPointExtension>
        </extensions>
      </trkpt>
      <trkpt lat="47.62232559733092784881591796875" lon="18.46996016800403594970703125">
        <ele>309.79998779296875</ele>
        <time>2022-05-28T10:15:15.000Z</time>
        <extensions>
          <ns3:TrackPointExtension>
            <ns3:hr>83</ns3:hr>
          </ns3:TrackPointExtension>
        </extensions>
      </trkpt>
      <trkpt lat="47.62232593260705471038818359375" lon="18.46996008418500423431396484375">
        <ele>309.79998779296875</ele>
        <time>2022-05-28T10:15:24.000Z</time>
        <extensions>
          <ns3:TrackPointExtension>
            <ns3:hr>80</ns3:hr>
          </ns3:TrackPointExtension>
        </extensions>
      </trkpt>
      <trkpt lat="47.622326351702213287353515625" lon="18.4699600003659725189208984375">
        <ele>309.79998779296875</ele>
        <time>2022-05-28T10:15:29.000Z</time>
        <extensions>
          <ns3:TrackPointExtension>
            <ns3:hr>77</ns3:hr>
          </ns3:TrackPointExtension>
        </extensions>
      </trkpt>
      <trkpt lat="47.62232693843543529510498046875" lon="18.46996016800403594970703125">
        <ele>309.79998779296875</ele>
        <time>2022-05-28T10:15:34.000Z</time>
        <extensions>
          <ns3:TrackPointExtension>
            <ns3:hr>80</ns3:hr>
          </ns3:TrackPointExtension>
        </extensions>
      </trkpt>
      <trkpt lat="47.6223281957209110260009765625" lon="18.46995907835662364959716796875">
        <ele>309.79998779296875</ele>
        <time>2022-05-28T10:16:00.000Z</time>
        <extensions>
          <ns3:TrackPointExtension>
            <ns3:hr>83</ns3:hr>
          </ns3:TrackPointExtension>
        </extensions>
      </trkpt>
      <trkpt lat="47.622328698635101318359375" lon="18.4699586592614650726318359375">
        <ele>309.79998779296875</ele>
        <time>2022-05-28T10:16:07.000Z</time>
        <extensions>
          <ns3:TrackPointExtension>
            <ns3:hr>86</ns3:hr>
          </ns3:TrackPointExtension>
        </extensions>
      </trkpt>
      <trkpt lat="47.62232895009219646453857421875" lon="18.469957821071147918701171875">
        <ele>309.79998779296875</ele>
        <time>2022-05-28T10:16:11.000Z</time>
        <extensions>
          <ns3:TrackPointExtension>
            <ns3:hr>89</ns3:hr>
          </ns3:TrackPointExtension>
        </extensions>
      </trkpt>
      <trkpt lat="47.62232978828251361846923828125" lon="18.46995740197598934173583984375">
        <ele>309.79998779296875</ele>
        <time>2022-05-28T10:16:22.000Z</time>
        <extensions>
          <ns3:TrackPointExtension>
            <ns3:hr>92</ns3:hr>
          </ns3:TrackPointExtension>
        </extensions>
      </trkpt>
      <trkpt lat="47.62233079411089420318603515625" lon="18.46995689906179904937744140625">
        <ele>309.79998779296875</ele>
        <time>2022-05-28T10:16:34.000Z</time>
        <extensions>
          <ns3:TrackPointExtension>
            <ns3:hr>95</ns3:hr>
          </ns3:TrackPointExtension>
        </extensions>
      </trkpt>
      <trkpt lat="47.62233314104378223419189453125" lon="18.46995656378567218780517578125">
        <ele>309.79998779296875</ele>
        <time>2022-05-28T10:17:17.000Z</time>
        <extensions>
          <ns3:TrackPointExtension>
            <ns3:hr>96</ns3:hr>
          </ns3:TrackPointExtension>
        </extensions>
      </trkpt>
      <trkpt lat="47.621772475540637969970703125" lon="18.47063331864774227142333984375">
        <ele>307.20001220703125</ele>
        <time>2022-05-28T10:18:41.000Z</time>
        <extensions>
          <ns3:TrackPointExtension>
            <ns3:hr>111</ns3:hr>
          </ns3:TrackPointExtension>
        </extensions>
      </trkpt>
      <trkpt lat="47.62177222408354282379150390625" lon="18.47063541412353515625">
        <ele>307.20001220703125</ele>
        <time>2022-05-28T10:18:42.000Z</time>
        <extensions>
          <ns3:TrackPointExtension>
            <ns3:hr>111</ns3:hr>
          </ns3:TrackPointExtension>
        </extensions>
      </trkpt>
      <trkpt lat="47.621754370629787445068359375" lon="18.47063130699098110198974609375">
        <ele>307.399993896484375</ele>
        <time>2022-05-28T10:18:48.000Z</time>
        <extensions>
          <ns3:TrackPointExtension>
            <ns3:hr>109</ns3:hr>
          </ns3:TrackPointExtension>
        </extensions>
      </trkpt>
      <trkpt lat="47.621707431972026824951171875" lon="18.470659218728542327880859375">
        <ele>307.399993896484375</ele>
        <time>2022-05-28T10:18:54.000Z</time>
        <extensions>
          <ns3:TrackPointExtension>
            <ns3:hr>109</ns3:hr>
          </ns3:TrackPointExtension>
        </extensions>
      </trkpt>
      <trkpt lat="47.62162168510258197784423828125" lon="18.47072384320199489593505859375">
        <ele>306.79998779296875</ele>
        <time>2022-05-28T10:19:01.000Z</time>
        <extensions>
          <ns3:TrackPointExtension>
            <ns3:hr>109</ns3:hr>
          </ns3:TrackPointExtension>
        </extensions>
      </trkpt>
      <trkpt lat="47.62153350748121738433837890625" lon="18.470799028873443603515625">
        <ele>306</ele>
        <time>2022-05-28T10:19:11.000Z</time>
        <extensions>
          <ns3:TrackPointExtension>
            <ns3:hr>110</ns3:hr>
          </ns3:TrackPointExtension>
        </extensions>
      </trkpt>
      <trkpt lat="47.6214594952762126922607421875" lon="18.47086834721267223358154296875">
        <ele>305.600006103515625</ele>
        <time>2022-05-28T10:19:17.000Z</time>
        <extensions>
          <ns3:TrackPointExtension>
            <ns3:hr>110</ns3:hr>
          </ns3:TrackPointExtension>
        </extensions>
      </trkpt>
      <trkpt lat="47.6214118860661983489990234375" lon="18.4709276072680950164794921875">
        <ele>305.399993896484375</ele>
        <time>2022-05-28T10:19:21.000Z</time>
        <extensions>
          <ns3:TrackPointExtension>
            <ns3:hr>107</ns3:hr>
          </ns3:TrackPointExtension>
        </extensions>
      </trkpt>
      <trkpt lat="47.6213671267032623291015625" lon="18.47095526754856109619140625">
        <ele>305.600006103515625</ele>
        <time>2022-05-28T10:19:25.000Z</time>
        <extensions>
          <ns3:TrackPointExtension>
            <ns3:hr>104</ns3:hr>
          </ns3:TrackPointExtension>
        </extensions>
      </trkpt>
      <trkpt lat="47.621346674859523773193359375" lon="18.4709795750677585601806640625">
        <ele>305.79998779296875</ele>
        <time>2022-05-28T10:19:27.000Z</time>
        <extensions>
          <ns3:TrackPointExtension>
            <ns3:hr>104</ns3:hr>
          </ns3:TrackPointExtension>
        </extensions>
      </trkpt>
      <trkpt lat="47.621276266872882843017578125" lon="18.4710540063679218292236328125">
        <ele>305.600006103515625</ele>
        <time>2022-05-28T10:19:35.000Z</time>
        <extensions>
          <ns3:TrackPointExtension>
            <ns3:hr>101</ns3:hr>
          </ns3:TrackPointExtension>
        </extensions>
      </trkpt>
      <trkpt lat="47.62121700681746006011962890625" lon="18.471086360514163970947265625">
        <ele>305.600006103515625</ele>
        <time>2022-05-28T10:19:42.000Z</time>
        <extensions>
          <ns3:TrackPointExtension>
            <ns3:hr>101</ns3:hr>
          </ns3:TrackPointExtension>
        </extensions>
      </trkpt>
      <trkpt lat="47.62113302014768123626708984375" lon="18.471183590590953826904296875">
        <ele>305.600006103515625</ele>
        <time>2022-05-28T10:19:50.000Z</time>
        <extensions>
          <ns3:TrackPointExtension>
            <ns3:hr>101</ns3:hr>
          </ns3:TrackPointExtension>
        </extensions>
      </trkpt>
      <trkpt lat="47.62109932489693164825439453125" lon="18.47122876904904842376708984375">
        <ele>305.79998779296875</ele>
        <time>2022-05-28T10:19:55.000Z</time>
        <extensions>
          <ns3:TrackPointExtension>
            <ns3:hr>105</ns3:hr>
          </ns3:TrackPointExtension>
        </extensions>
      </trkpt>
      <trkpt lat="47.62106613256037235260009765625" lon="18.471268080174922943115234375">
        <ele>306</ele>
        <time>2022-05-28T10:19:58.000Z</time>
        <extensions>
          <ns3:TrackPointExtension>
            <ns3:hr>105</ns3:hr>
          </ns3:TrackPointExtension>
        </extensions>
      </trkpt>
      <trkpt lat="47.6210050284862518310546875" lon="18.4713450260460376739501953125">
        <ele>305.600006103515625</ele>
        <time>2022-05-28T10:20:05.000Z</time>
        <extensions>
          <ns3:TrackPointExtension>
            <ns3:hr>104</ns3:hr>
          </ns3:TrackPointExtension>
        </extensions>
      </trkpt>
      <trkpt lat="47.6209378056228160858154296875" lon="18.471422977745532989501953125">
        <ele>305.399993896484375</ele>
        <time>2022-05-28T10:20:13.000Z</time>
        <extensions>
          <ns3:TrackPointExtension>
            <ns3:hr>106</ns3:hr>
          </ns3:TrackPointExtension>
        </extensions>
      </trkpt>
      <trkpt lat="47.620897404849529266357421875" lon="18.47149162553250789642333984375">
        <ele>305</ele>
        <time>2022-05-28T10:20:20.000Z</time>
        <extensions>
          <ns3:TrackPointExtension>
            <ns3:hr>107</ns3:hr>
          </ns3:TrackPointExtension>
        </extensions>
      </trkpt>
      <trkpt lat="47.62087561190128326416015625" lon="18.47151526249945163726806640625">
        <ele>305</ele>
        <time>2022-05-28T10:20:21.000Z</time>
        <extensions>
          <ns3:TrackPointExtension>
            <ns3:hr>107</ns3:hr>
          </ns3:TrackPointExtension>
        </extensions>
      </trkpt>
      <trkpt lat="47.62079841457307338714599609375" lon="18.471605367958545684814453125">
        <ele>305</ele>
        <time>2022-05-28T10:20:27.000Z</time>
        <extensions>
          <ns3:TrackPointExtension>
            <ns3:hr>106</ns3:hr>
          </ns3:TrackPointExtension>
        </extensions>
      </trkpt>
      <trkpt lat="47.6207416690886020660400390625" lon="18.47169279120862483978271484375">
        <ele>304.20001220703125</ele>
        <time>2022-05-28T10:20:35.000Z</time>
        <extensions>
          <ns3:TrackPointExtension>
            <ns3:hr>109</ns3:hr>
          </ns3:TrackPointExtension>
        </extensions>
      </trkpt>
      <trkpt lat="47.6207346282899379730224609375" lon="18.47170553170144557952880859375">
        <ele>304.20001220703125</ele>
        <time>2022-05-28T10:20:36.000Z</time>
        <extensions>
          <ns3:TrackPointExtension>
            <ns3:hr>107</ns3:hr>
          </ns3:TrackPointExtension>
        </extensions>
      </trkpt>
      <trkpt lat="47.6206772960722446441650390625" lon="18.47184215672314167022705078125">
        <ele>303.399993896484375</ele>
        <time>2022-05-28T10:20:44.000Z</time>
        <extensions>
          <ns3:TrackPointExtension>
            <ns3:hr>106</ns3:hr>
          </ns3:TrackPointExtension>
        </extensions>
      </trkpt>
      <trkpt lat="47.62060068547725677490234375" lon="18.4719190187752246856689453125">
        <ele>303</ele>
        <time>2022-05-28T10:20:52.000Z</time>
        <extensions>
          <ns3:TrackPointExtension>
            <ns3:hr>105</ns3:hr>
          </ns3:TrackPointExtension>
        </extensions>
      </trkpt>
      <trkpt lat="47.620557434856891632080078125" lon="18.47198515199124813079833984375">
        <ele>303</ele>
        <time>2022-05-28T10:20:58.000Z</time>
        <extensions>
          <ns3:TrackPointExtension>
            <ns3:hr>106</ns3:hr>
          </ns3:TrackPointExtension>
        </extensions>
      </trkpt>
      <trkpt lat="47.62052114121615886688232421875" lon="18.472022451460361480712890625">
        <ele>303.20001220703125</ele>
        <time>2022-05-28T10:21:02.000Z</time>
        <extensions>
          <ns3:TrackPointExtension>
            <ns3:hr>106</ns3:hr>
          </ns3:TrackPointExtension>
        </extensions>
      </trkpt>
      <trkpt lat="47.6205016113817691802978515625" lon="18.472059331834316253662109375">
        <ele>303.20001220703125</ele>
        <time>2022-05-28T10:21:04.000Z</time>
        <extensions>
          <ns3:TrackPointExtension>
            <ns3:hr>107</ns3:hr>
          </ns3:TrackPointExtension>
        </extensions>
      </trkpt>
      <trkpt lat="47.6204925589263439178466796875" lon="18.472091853618621826171875">
        <ele>303.20001220703125</ele>
        <time>2022-05-28T10:21:06.000Z</time>
        <extensions>
          <ns3:TrackPointExtension>
            <ns3:hr>109</ns3:hr>
          </ns3:TrackPointExtension>
        </extensions>
      </trkpt>
      <trkpt lat="47.62046833522617816925048828125" lon="18.472121022641658782958984375">
        <ele>303.20001220703125</ele>
        <time>2022-05-28T10:21:09.000Z</time>
        <extensions>
          <ns3:TrackPointExtension>
            <ns3:hr>106</ns3:hr>
          </ns3:TrackPointExtension>
        </extensions>
      </trkpt>
      <trkpt lat="47.620458863675594329833984375" lon="18.472122363746166229248046875">
        <ele>303.20001220703125</ele>
        <time>2022-05-28T10:21:11.000Z</time>
        <extensions>
          <ns3:TrackPointExtension>
            <ns3:hr>104</ns3:hr>
          </ns3:TrackPointExtension>
        </extensions>
      </trkpt>
      <trkpt lat="47.620387785136699676513671875" lon="18.472180701792240142822265625">
        <ele>303</ele>
        <time>2022-05-28T10:21:17.000Z</time>
        <extensions>
          <ns3:TrackPointExtension>
            <ns3:hr>100</ns3:hr>
          </ns3:TrackPointExtension>
        </extensions>
      </trkpt>
      <trkpt lat="47.62038032524287700653076171875" lon="18.4721924364566802978515625">
        <ele>303</ele>
        <time>2022-05-28T10:21:18.000Z</time>
        <extensions>
          <ns3:TrackPointExtension>
            <ns3:hr>99</ns3:hr>
          </ns3:TrackPointExtension>
        </extensions>
      </trkpt>
      <trkpt lat="47.62037261389195919036865234375" lon="18.47221196629106998443603515625">
        <ele>302.79998779296875</ele>
        <time>2022-05-28T10:21:19.000Z</time>
        <extensions>
          <ns3:TrackPointExtension>
            <ns3:hr>99</ns3:hr>
          </ns3:TrackPointExtension>
        </extensions>
      </trkpt>
      <trkpt lat="47.620326094329357147216796875" lon="18.47231338731944561004638671875">
        <ele>302.20001220703125</ele>
        <time>2022-05-28T10:21:27.000Z</time>
        <extensions>
          <ns3:TrackPointExtension>
            <ns3:hr>101</ns3:hr>
          </ns3:TrackPointExtension>
        </extensions>
      </trkpt>
      <trkpt lat="47.62025677599012851715087890625" lon="18.4723723120987415313720703125">
        <ele>301.79998779296875</ele>
        <time>2022-05-28T10:21:35.000Z</time>
        <extensions>
          <ns3:TrackPointExtension>
            <ns3:hr>98</ns3:hr>
          </ns3:TrackPointExtension>
        </extensions>
      </trkpt>
      <trkpt lat="47.62022559531033039093017578125" lon="18.47243442200124263763427734375">
        <ele>301.399993896484375</ele>
        <time>2022-05-28T10:21:40.000Z</time>
        <extensions>
          <ns3:TrackPointExtension>
            <ns3:hr>98</ns3:hr>
          </ns3:TrackPointExtension>
        </extensions>
      </trkpt>
      <trkpt lat="47.62020514346659183502197265625" lon="18.47246208228170871734619140625">
        <ele>301</ele>
        <time>2022-05-28T10:21:43.000Z</time>
        <extensions>
          <ns3:TrackPointExtension>
            <ns3:hr>101</ns3:hr>
          </ns3:TrackPointExtension>
        </extensions>
      </trkpt>
      <trkpt lat="47.6201921515166759490966796875" lon="18.4724987111985683441162109375">
        <ele>300.600006103515625</ele>
        <time>2022-05-28T10:21:45.000Z</time>
        <extensions>
          <ns3:TrackPointExtension>
            <ns3:hr>99</ns3:hr>
          </ns3:TrackPointExtension>
        </extensions>
      </trkpt>
      <trkpt lat="47.62016356922686100006103515625" lon="18.47256082110106945037841796875">
        <ele>300</ele>
        <time>2022-05-28T10:21:50.000Z</time>
        <extensions>
          <ns3:TrackPointExtension>
            <ns3:hr>96</ns3:hr>
          </ns3:TrackPointExtension>
        </extensions>
      </trkpt>
      <trkpt lat="47.6201542653143405914306640625" lon="18.47256953828036785125732421875">
        <ele>299.79998779296875</ele>
        <time>2022-05-28T10:21:51.000Z</time>
        <extensions>
          <ns3:TrackPointExtension>
            <ns3:hr>99</ns3:hr>
          </ns3:TrackPointExtension>
        </extensions>
      </trkpt>
      <trkpt lat="47.6201462186872959136962890625" lon="18.47257875837385654449462890625">
        <ele>299.79998779296875</ele>
        <time>2022-05-28T10:21:52.000Z</time>
        <extensions>
          <ns3:TrackPointExtension>
            <ns3:hr>96</ns3:hr>
          </ns3:TrackPointExtension>
        </extensions>
      </trkpt>
      <trkpt lat="47.62013909406960010528564453125" lon="18.47259275615215301513671875">
        <ele>299.600006103515625</ele>
        <time>2022-05-28T10:21:53.000Z</time>
        <extensions>
          <ns3:TrackPointExtension>
            <ns3:hr>96</ns3:hr>
          </ns3:TrackPointExtension>
        </extensions>
      </trkpt>
      <trkpt lat="47.62007656507194042205810546875" lon="18.47266274504363536834716796875">
        <ele>299.399993896484375</ele>
        <time>2022-05-28T10:21:59.000Z</time>
        <extensions>
          <ns3:TrackPointExtension>
            <ns3:hr>99</ns3:hr>
          </ns3:TrackPointExtension>
        </extensions>
      </trkpt>
      <trkpt lat="47.6200677640736103057861328125" lon="18.47267515026032924652099609375">
        <ele>299.399993896484375</ele>
        <time>2022-05-28T10:22:00.000Z</time>
        <extensions>
          <ns3:TrackPointExtension>
            <ns3:hr>99</ns3:hr>
          </ns3:TrackPointExtension>
        </extensions>
      </trkpt>
      <trkpt lat="47.62001319788396358489990234375" lon="18.47269929014146327972412109375">
        <ele>299.399993896484375</ele>
        <time>2022-05-28T10:22:03.000Z</time>
        <extensions>
          <ns3:TrackPointExtension>
            <ns3:hr>102</ns3:hr>
          </ns3:TrackPointExtension>
        </extensions>
      </trkpt>
      <trkpt lat="47.61998771689832210540771484375" lon="18.472712449729442596435546875">
        <ele>299.79998779296875</ele>
        <time>2022-05-28T10:22:06.000Z</time>
        <extensions>
          <ns3:TrackPointExtension>
            <ns3:hr>105</ns3:hr>
          </ns3:TrackPointExtension>
        </extensions>
      </trkpt>
      <trkpt lat="47.619920410215854644775390625" lon="18.4728098474442958831787109375">
        <ele>299.399993896484375</ele>
        <time>2022-05-28T10:22:13.000Z</time>
        <extensions>
          <ns3:TrackPointExtension>
            <ns3:hr>107</ns3:hr>
          </ns3:TrackPointExtension>
        </extensions>
      </trkpt>
      <trkpt lat="47.6199132017791271209716796875" lon="18.47282619215548038482666015625">
        <ele>299.399993896484375</ele>
        <time>2022-05-28T10:22:15.000Z</time>
        <extensions>
          <ns3:TrackPointExtension>
            <ns3:hr>107</ns3:hr>
          </ns3:TrackPointExtension>
        </extensions>
      </trkpt>
      <trkpt lat="47.6198961026966571807861328125" lon="18.47284798510372638702392578125">
        <ele>299.399993896484375</ele>
        <time>2022-05-28T10:22:19.000Z</time>
        <extensions>
          <ns3:TrackPointExtension>
            <ns3:hr>107</ns3:hr>
          </ns3:TrackPointExtension>
        </extensions>
      </trkpt>
      <trkpt lat="47.61987355537712574005126953125" lon="18.47289584577083587646484375">
        <ele>299.600006103515625</ele>
        <time>2022-05-28T10:22:25.000Z</time>
        <extensions>
          <ns3:TrackPointExtension>
            <ns3:hr>104</ns3:hr>
          </ns3:TrackPointExtension>
        </extensions>
      </trkpt>
      <trkpt lat="47.619873471558094024658203125" lon="18.47290397621691226959228515625">
        <ele>299.600006103515625</ele>
        <time>2022-05-28T10:22:26.000Z</time>
        <extensions>
          <ns3:TrackPointExtension>
            <ns3:hr>106</ns3:hr>
          </ns3:TrackPointExtension>
        </extensions>
      </trkpt>
      <trkpt lat="47.61982007883489131927490234375" lon="18.47299835644662380218505859375">
        <ele>299.20001220703125</ele>
        <time>2022-05-28T10:22:33.000Z</time>
        <extensions>
          <ns3:TrackPointExtension>
            <ns3:hr>106</ns3:hr>
          </ns3:TrackPointExtension>
        </extensions>
      </trkpt>
      <trkpt lat="47.61978956870734691619873046875" lon="18.473144955933094024658203125">
        <ele>298.79998779296875</ele>
        <time>2022-05-28T10:22:42.000Z</time>
        <extensions>
          <ns3:TrackPointExtension>
            <ns3:hr>106</ns3:hr>
          </ns3:TrackPointExtension>
        </extensions>
      </trkpt>
      <trkpt lat="47.61973190121352672576904296875" lon="18.473209328949451446533203125">
        <ele>298.600006103515625</ele>
        <time>2022-05-28T10:22:47.000Z</time>
        <extensions>
          <ns3:TrackPointExtension>
            <ns3:hr>104</ns3:hr>
          </ns3:TrackPointExtension>
        </extensions>
      </trkpt>
      <trkpt lat="47.61971714906394481658935546875" lon="18.47322215326130390167236328125">
        <ele>298.600006103515625</ele>
        <time>2022-05-28T10:22:49.000Z</time>
        <extensions>
          <ns3:TrackPointExtension>
            <ns3:hr>104</ns3:hr>
          </ns3:TrackPointExtension>
        </extensions>
      </trkpt>
      <trkpt lat="47.61965897865593433380126953125" lon="18.47327110357582569122314453125">
        <ele>298.399993896484375</ele>
        <time>2022-05-28T10:22:54.000Z</time>
        <extensions>
          <ns3:TrackPointExtension>
            <ns3:hr>105</ns3:hr>
          </ns3:TrackPointExtension>
        </extensions>
      </trkpt>
      <trkpt lat="47.6195728965103626251220703125" lon="18.47336749546229839324951171875">
        <ele>297.79998779296875</ele>
        <time>2022-05-28T10:23:04.000Z</time>
        <extensions>
          <ns3:TrackPointExtension>
            <ns3:hr>102</ns3:hr>
          </ns3:TrackPointExtension>
        </extensions>
      </trkpt>
      <trkpt lat="47.61955688707530498504638671875" lon="18.4733908809721469879150390625">
        <ele>297.79998779296875</ele>
        <time>2022-05-28T10:23:06.000Z</time>
        <extensions>
          <ns3:TrackPointExtension>
            <ns3:hr>105</ns3:hr>
          </ns3:TrackPointExtension>
        </extensions>
      </trkpt>
      <trkpt lat="47.61953559704124927520751953125" lon="18.4734411723911762237548828125">
        <ele>297.600006103515625</ele>
        <time>2022-05-28T10:23:10.000Z</time>
        <extensions>
          <ns3:TrackPointExtension>
            <ns3:hr>107</ns3:hr>
          </ns3:TrackPointExtension>
        </extensions>
      </trkpt>
      <trkpt lat="47.61952587403357028961181640625" lon="18.4734505601227283477783203125">
        <ele>297.600006103515625</ele>
        <time>2022-05-28T10:23:11.000Z</time>
        <extensions>
          <ns3:TrackPointExtension>
            <ns3:hr>104</ns3:hr>
          </ns3:TrackPointExtension>
        </extensions>
      </trkpt>
      <trkpt lat="47.61948890984058380126953125" lon="18.47350328229367733001708984375">
        <ele>297.399993896484375</ele>
        <time>2022-05-28T10:23:16.000Z</time>
        <extensions>
          <ns3:TrackPointExtension>
            <ns3:hr>102</ns3:hr>
          </ns3:TrackPointExtension>
        </extensions>
      </trkpt>
      <trkpt lat="47.61945378966629505157470703125" lon="18.47353915683925151824951171875">
        <ele>297.399993896484375</ele>
        <time>2022-05-28T10:23:18.000Z</time>
        <extensions>
          <ns3:TrackPointExtension>
            <ns3:hr>105</ns3:hr>
          </ns3:TrackPointExtension>
        </extensions>
      </trkpt>
      <trkpt lat="47.61941741220653057098388671875" lon="18.47360537387430667877197265625">
        <ele>297.399993896484375</ele>
        <time>2022-05-28T10:23:23.000Z</time>
        <extensions>
          <ns3:TrackPointExtension>
            <ns3:hr>106</ns3:hr>
          </ns3:TrackPointExtension>
        </extensions>
      </trkpt>
      <trkpt lat="47.61936016380786895751953125" lon="18.47369782626628875732421875">
        <ele>297.600006103515625</ele>
        <time>2022-05-28T10:23:31.000Z</time>
        <extensions>
          <ns3:TrackPointExtension>
            <ns3:hr>108</ns3:hr>
          </ns3:TrackPointExtension>
        </extensions>
      </trkpt>
      <trkpt lat="47.61931381188333034515380859375" lon="18.473770581185817718505859375">
        <ele>297.600006103515625</ele>
        <time>2022-05-28T10:23:38.000Z</time>
        <extensions>
          <ns3:TrackPointExtension>
            <ns3:hr>108</ns3:hr>
          </ns3:TrackPointExtension>
        </extensions>
      </trkpt>
      <trkpt lat="47.61924273334443569183349609375" lon="18.47387426532804965972900390625">
        <ele>297.79998779296875</ele>
        <time>2022-05-28T10:23:44.000Z</time>
        <extensions>
          <ns3:TrackPointExtension>
            <ns3:hr>108</ns3:hr>
          </ns3:TrackPointExtension>
        </extensions>
      </trkpt>
      <trkpt lat="47.6191836409270763397216796875" lon="18.4739787876605987548828125">
        <ele>297.79998779296875</ele>
        <time>2022-05-28T10:23:51.000Z</time>
        <extensions>
          <ns3:TrackPointExtension>
            <ns3:hr>108</ns3:hr>
          </ns3:TrackPointExtension>
        </extensions>
      </trkpt>
      <trkpt lat="47.6190877519547939300537109375" lon="18.4740815497934818267822265625">
        <ele>297.600006103515625</ele>
        <time>2022-05-28T10:23:59.000Z</time>
        <extensions>
          <ns3:TrackPointExtension>
            <ns3:hr>109</ns3:hr>
          </ns3:TrackPointExtension>
        </extensions>
      </trkpt>
      <trkpt lat="47.61902949772775173187255859375" lon="18.47413142211735248565673828125">
        <ele>297.20001220703125</ele>
        <time>2022-05-28T10:24:06.000Z</time>
        <extensions>
          <ns3:TrackPointExtension>
            <ns3:hr>106</ns3:hr>
          </ns3:TrackPointExtension>
        </extensions>
      </trkpt>
      <trkpt lat="47.61903050355613231658935546875" lon="18.47414064221084117889404296875">
        <ele>297.20001220703125</ele>
        <time>2022-05-28T10:24:07.000Z</time>
        <extensions>
          <ns3:TrackPointExtension>
            <ns3:hr>110</ns3:hr>
          </ns3:TrackPointExtension>
        </extensions>
      </trkpt>
      <trkpt lat="47.6189928688108921051025390625" lon="18.4741777740418910980224609375">
        <ele>296.79998779296875</ele>
        <time>2022-05-28T10:24:11.000Z</time>
        <extensions>
          <ns3:TrackPointExtension>
            <ns3:hr>113</ns3:hr>
          </ns3:TrackPointExtension>
        </extensions>
      </trkpt>
      <trkpt lat="47.618915252387523651123046875" lon="18.47423384897410869598388671875">
        <ele>296.600006103515625</ele>
        <time>2022-05-28T10:24:16.000Z</time>
        <extensions>
          <ns3:TrackPointExtension>
            <ns3:hr>113</ns3:hr>
          </ns3:TrackPointExtension>
        </extensions>
      </trkpt>
      <trkpt lat="47.6188929565250873565673828125" lon="18.474242649972438812255859375">
        <ele>296.600006103515625</ele>
        <time>2022-05-28T10:24:17.000Z</time>
        <extensions>
          <ns3:TrackPointExtension>
            <ns3:hr>112</ns3:hr>
          </ns3:TrackPointExtension>
        </extensions>
      </trkpt>
      <trkpt lat="47.618878372013568878173828125" lon="18.47426050342619419097900390625">
        <ele>296.600006103515625</ele>
        <time>2022-05-28T10:24:19.000Z</time>
        <extensions>
          <ns3:TrackPointExtension>
            <ns3:hr>115</ns3:hr>
          </ns3:TrackPointExtension>
        </extensions>
      </trkpt>
      <trkpt lat="47.6188691519200801849365234375" lon="18.47426905296742916107177734375">
        <ele>296.600006103515625</ele>
        <time>2022-05-28T10:24:20.000Z</time>
        <extensions>
          <ns3:TrackPointExtension>
            <ns3:hr>112</ns3:hr>
          </ns3:TrackPointExtension>
        </extensions>
      </trkpt>
      <trkpt lat="47.61885565705597400665283203125" lon="18.474298976361751556396484375">
        <ele>296.399993896484375</ele>
        <time>2022-05-28T10:24:23.000Z</time>
        <extensions>
          <ns3:TrackPointExtension>
            <ns3:hr>112</ns3:hr>
          </ns3:TrackPointExtension>
        </extensions>
      </trkpt>
      <trkpt lat="47.61880762875080108642578125" lon="18.47436594776809215545654296875">
        <ele>296</ele>
        <time>2022-05-28T10:24:28.000Z</time>
        <extensions>
          <ns3:TrackPointExtension>
            <ns3:hr>110</ns3:hr>
          </ns3:TrackPointExtension>
        </extensions>
      </trkpt>
      <trkpt lat="47.61874602176249027252197265625" lon="18.47444708459079265594482421875">
        <ele>294.79998779296875</ele>
        <time>2022-05-28T10:24:36.000Z</time>
        <extensions>
          <ns3:TrackPointExtension>
            <ns3:hr>109</ns3:hr>
          </ns3:TrackPointExtension>
        </extensions>
      </trkpt>
      <trkpt lat="47.6187028549611568450927734375" lon="18.4744805283844470977783203125">
        <ele>294.399993896484375</ele>
        <time>2022-05-28T10:24:40.000Z</time>
        <extensions>
          <ns3:TrackPointExtension>
            <ns3:hr>109</ns3:hr>
          </ns3:TrackPointExtension>
        </extensions>
      </trkpt>
      <trkpt lat="47.6186803914606571197509765625" lon="18.47449184395372867584228515625">
        <ele>294.20001220703125</ele>
        <time>2022-05-28T10:24:43.000Z</time>
        <extensions>
          <ns3:TrackPointExtension>
            <ns3:hr>109</ns3:hr>
          </ns3:TrackPointExtension>
        </extensions>
      </trkpt>
      <trkpt lat="47.61863554827868938446044921875" lon="18.47456577233970165252685546875">
        <ele>293.79998779296875</ele>
        <time>2022-05-28T10:24:50.000Z</time>
        <extensions>
          <ns3:TrackPointExtension>
            <ns3:hr>107</ns3:hr>
          </ns3:TrackPointExtension>
        </extensions>
      </trkpt>
      <trkpt lat="47.61858106590807437896728515625" lon="18.47461371682584285736083984375">
        <ele>294</ele>
        <time>2022-05-28T10:24:56.000Z</time>
        <extensions>
          <ns3:TrackPointExtension>
            <ns3:hr>104</ns3:hr>
          </ns3:TrackPointExtension>
        </extensions>
      </trkpt>
      <trkpt lat="47.61851300485432147979736328125" lon="18.4746786765754222869873046875">
        <ele>293.20001220703125</ele>
        <time>2022-05-28T10:25:00.000Z</time>
        <extensions>
          <ns3:TrackPointExtension>
            <ns3:hr>103</ns3:hr>
          </ns3:TrackPointExtension>
        </extensions>
      </trkpt>
      <trkpt lat="47.61848769150674343109130859375" lon="18.4747168980538845062255859375">
        <ele>292.600006103515625</ele>
        <time>2022-05-28T10:25:03.000Z</time>
        <extensions>
          <ns3:TrackPointExtension>
            <ns3:hr>105</ns3:hr>
          </ns3:TrackPointExtension>
        </extensions>
      </trkpt>
      <trkpt lat="47.61845131404697895050048828125" lon="18.4747735597193241119384765625">
        <ele>292</ele>
        <time>2022-05-28T10:25:07.000Z</time>
        <extensions>
          <ns3:TrackPointExtension>
            <ns3:hr>102</ns3:hr>
          </ns3:TrackPointExtension>
        </extensions>
      </trkpt>
      <trkpt lat="47.618425749242305755615234375" lon="18.47481572069227695465087890625">
        <ele>291.79998779296875</ele>
        <time>2022-05-28T10:25:11.000Z</time>
        <extensions>
          <ns3:TrackPointExtension>
            <ns3:hr>100</ns3:hr>
          </ns3:TrackPointExtension>
        </extensions>
      </trkpt>
      <trkpt lat="47.6184081472456455230712890625" lon="18.47484706901013851165771484375">
        <ele>291.399993896484375</ele>
        <time>2022-05-28T10:25:14.000Z</time>
        <extensions>
          <ns3:TrackPointExtension>
            <ns3:hr>101</ns3:hr>
          </ns3:TrackPointExtension>
        </extensions>
      </trkpt>
      <trkpt lat="47.6183722727000713348388671875" lon="18.47487925551831722259521484375">
        <ele>291.20001220703125</ele>
        <time>2022-05-28T10:25:17.000Z</time>
        <extensions>
          <ns3:TrackPointExtension>
            <ns3:hr>101</ns3:hr>
          </ns3:TrackPointExtension>
        </extensions>
      </trkpt>
      <trkpt lat="47.61833514086902141571044921875" lon="18.474902808666229248046875">
        <ele>291.600006103515625</ele>
        <time>2022-05-28T10:25:20.000Z</time>
        <extensions>
          <ns3:TrackPointExtension>
            <ns3:hr>101</ns3:hr>
          </ns3:TrackPointExtension>
        </extensions>
      </trkpt>
      <trkpt lat="47.6182716898620128631591796875" lon="18.47494195215404033660888671875">
        <ele>291.600006103515625</ele>
        <time>2022-05-28T10:25:23.000Z</time>
        <extensions>
          <ns3:TrackPointExtension>
            <ns3:hr>97</ns3:hr>
          </ns3:TrackPointExtension>
        </extensions>
      </trkpt>
      <trkpt lat="47.6182505674660205841064453125" lon="18.4749485738575458526611328125">
        <ele>291.600006103515625</ele>
        <time>2022-05-28T10:25:24.000Z</time>
        <extensions>
          <ns3:TrackPointExtension>
            <ns3:hr>100</ns3:hr>
          </ns3:TrackPointExtension>
        </extensions>
      </trkpt>
      <trkpt lat="47.61821620166301727294921875" lon="18.474960811436176300048828125">
        <ele>291.399993896484375</ele>
        <time>2022-05-28T10:25:27.000Z</time>
        <extensions>
          <ns3:TrackPointExtension>
            <ns3:hr>98</ns3:hr>
          </ns3:TrackPointExtension>
        </extensions>
      </trkpt>
      <trkpt lat="47.6181967556476593017578125" lon="18.47497413866221904754638671875">
        <ele>291</ele>
        <time>2022-05-28T10:25:30.000Z</time>
        <extensions>
          <ns3:TrackPointExtension>
            <ns3:hr>103</ns3:hr>
          </ns3:TrackPointExtension>
        </extensions>
      </trkpt>
      <trkpt lat="47.6181858591735363006591796875" lon="18.47500942647457122802734375">
        <ele>290.600006103515625</ele>
        <time>2022-05-28T10:25:32.000Z</time>
        <extensions>
          <ns3:TrackPointExtension>
            <ns3:hr>106</ns3:hr>
          </ns3:TrackPointExtension>
        </extensions>
      </trkpt>
      <trkpt lat="47.6181711070239543914794921875" lon="18.47502409480512142181396484375">
        <ele>290.399993896484375</ele>
        <time>2022-05-28T10:25:35.000Z</time>
        <extensions>
          <ns3:TrackPointExtension>
            <ns3:hr>105</ns3:hr>
          </ns3:TrackPointExtension>
        </extensions>
      </trkpt>
      <trkpt lat="47.6181221567094326019287109375" lon="18.4751007892191410064697265625">
        <ele>290.20001220703125</ele>
        <time>2022-05-28T10:25:43.000Z</time>
        <extensions>
          <ns3:TrackPointExtension>
            <ns3:hr>106</ns3:hr>
          </ns3:TrackPointExtension>
        </extensions>
      </trkpt>
      <trkpt lat="47.6180963404476642608642578125" lon="18.47512870095670223236083984375">
        <ele>290</ele>
        <time>2022-05-28T10:25:46.000Z</time>
        <extensions>
          <ns3:TrackPointExtension>
            <ns3:hr>106</ns3:hr>
          </ns3:TrackPointExtension>
        </extensions>
      </trkpt>
      <trkpt lat="47.61804982088506221771240234375" lon="18.47516507841646671295166015625">
        <ele>291.20001220703125</ele>
        <time>2022-05-28T10:25:50.000Z</time>
        <extensions>
          <ns3:TrackPointExtension>
            <ns3:hr>105</ns3:hr>
          </ns3:TrackPointExtension>
        </extensions>
      </trkpt>
      <trkpt lat="47.61798821389675140380859375" lon="18.47523565404117107391357421875">
        <ele>291.600006103515625</ele>
        <time>2022-05-28T10:25:57.000Z</time>
        <extensions>
          <ns3:TrackPointExtension>
            <ns3:hr>105</ns3:hr>
          </ns3:TrackPointExtension>
        </extensions>
      </trkpt>
      <trkpt lat="47.61797589249908924102783203125" lon="18.47527756355702877044677734375">
        <ele>291</ele>
        <time>2022-05-28T10:26:01.000Z</time>
        <extensions>
          <ns3:TrackPointExtension>
            <ns3:hr>109</ns3:hr>
          </ns3:TrackPointExtension>
        </extensions>
      </trkpt>
      <trkpt lat="47.6179736293852329254150390625" lon="18.4752851910889148712158203125">
        <ele>291</ele>
        <time>2022-05-28T10:26:02.000Z</time>
        <extensions>
          <ns3:TrackPointExtension>
            <ns3:hr>106</ns3:hr>
          </ns3:TrackPointExtension>
        </extensions>
      </trkpt>
      <trkpt lat="47.6179488189518451690673828125" lon="18.4753307886421680450439453125">
        <ele>291.20001220703125</ele>
        <time>2022-05-28T10:26:06.000Z</time>
        <extensions>
          <ns3:TrackPointExtension>
            <ns3:hr>107</ns3:hr>
          </ns3:TrackPointExtension>
        </extensions>
      </trkpt>
      <trkpt lat="47.61789844371378421783447265625" lon="18.47540714778006076812744140625">
        <ele>291.600006103515625</ele>
        <time>2022-05-28T10:26:11.000Z</time>
        <extensions>
          <ns3:TrackPointExtension>
            <ns3:hr>107</ns3:hr>
          </ns3:TrackPointExtension>
        </extensions>
      </trkpt>
      <trkpt lat="47.6178914867341518402099609375" lon="18.47541284747421741485595703125">
        <ele>291.600006103515625</ele>
        <time>2022-05-28T10:26:12.000Z</time>
        <extensions>
          <ns3:TrackPointExtension>
            <ns3:hr>105</ns3:hr>
          </ns3:TrackPointExtension>
        </extensions>
      </trkpt>
      <trkpt lat="47.61784781701862812042236328125" lon="18.47546129487454891204833984375">
        <ele>291.600006103515625</ele>
        <time>2022-05-28T10:26:18.000Z</time>
        <extensions>
          <ns3:TrackPointExtension>
            <ns3:hr>108</ns3:hr>
          </ns3:TrackPointExtension>
        </extensions>
      </trkpt>
      <trkpt lat="47.61780641041696071624755859375" lon="18.475503288209438323974609375">
        <ele>291.600006103515625</ele>
        <time>2022-05-28T10:26:24.000Z</time>
        <extensions>
          <ns3:TrackPointExtension>
            <ns3:hr>110</ns3:hr>
          </ns3:TrackPointExtension>
        </extensions>
      </trkpt>
      <trkpt lat="47.61772267520427703857421875" lon="18.47560462541878223419189453125">
        <ele>292.399993896484375</ele>
        <time>2022-05-28T10:26:34.000Z</time>
        <extensions>
          <ns3:TrackPointExtension>
            <ns3:hr>112</ns3:hr>
          </ns3:TrackPointExtension>
        </extensions>
      </trkpt>
      <trkpt lat="47.6176346652209758758544921875" lon="18.47570939920842647552490234375">
        <ele>292.79998779296875</ele>
        <time>2022-05-28T10:26:40.000Z</time>
        <extensions>
          <ns3:TrackPointExtension>
            <ns3:hr>111</ns3:hr>
          </ns3:TrackPointExtension>
        </extensions>
      </trkpt>
      <trkpt lat="47.61756576597690582275390625" lon="18.47577653825283050537109375">
        <ele>291.79998779296875</ele>
        <time>2022-05-28T10:26:48.000Z</time>
        <extensions>
          <ns3:TrackPointExtension>
            <ns3:hr>112</ns3:hr>
          </ns3:TrackPointExtension>
        </extensions>
      </trkpt>
      <trkpt lat="47.61750809848308563232421875" lon="18.475829847157001495361328125">
        <ele>291.399993896484375</ele>
        <time>2022-05-28T10:26:54.000Z</time>
        <extensions>
          <ns3:TrackPointExtension>
            <ns3:hr>113</ns3:hr>
          </ns3:TrackPointExtension>
        </extensions>
      </trkpt>
      <trkpt lat="47.61748823337256908416748046875" lon="18.47584627568721771240234375">
        <ele>291.399993896484375</ele>
        <time>2022-05-28T10:26:56.000Z</time>
        <extensions>
          <ns3:TrackPointExtension>
            <ns3:hr>110</ns3:hr>
          </ns3:TrackPointExtension>
        </extensions>
      </trkpt>
      <trkpt lat="47.61748705990612506866455078125" lon="18.47583613358438014984130859375">
        <ele>291.600006103515625</ele>
        <time>2022-05-28T10:27:01.000Z</time>
        <extensions>
          <ns3:TrackPointExtension>
            <ns3:hr>109</ns3:hr>
          </ns3:TrackPointExtension>
        </extensions>
      </trkpt>
      <trkpt lat="47.61750499717891216278076171875" lon="18.47583244554698467254638671875">
        <ele>291.399993896484375</ele>
        <time>2022-05-28T10:27:09.000Z</time>
        <extensions>
          <ns3:TrackPointExtension>
            <ns3:hr>105</ns3:hr>
          </ns3:TrackPointExtension>
        </extensions>
      </trkpt>
      <trkpt lat="47.61746040545403957366943359375" lon="18.47589329816401004791259765625">
        <ele>291.600006103515625</ele>
        <time>2022-05-28T10:27:16.000Z</time>
        <extensions>
          <ns3:TrackPointExtension>
            <ns3:hr>107</ns3:hr>
          </ns3:TrackPointExtension>
        </extensions>
      </trkpt>
      <trkpt lat="47.61739687062799930572509765625" lon="18.4759614430367946624755859375">
        <ele>292</ele>
        <time>2022-05-28T10:27:21.000Z</time>
        <extensions>
          <ns3:TrackPointExtension>
            <ns3:hr>107</ns3:hr>
          </ns3:TrackPointExtension>
        </extensions>
      </trkpt>
      <trkpt lat="47.6173811964690685272216796875" lon="18.4759755246341228485107421875">
        <ele>292</ele>
        <time>2022-05-28T10:27:23.000Z</time>
        <extensions>
          <ns3:TrackPointExtension>
            <ns3:hr>107</ns3:hr>
          </ns3:TrackPointExtension>
        </extensions>
      </trkpt>
      <trkpt lat="47.61730961501598358154296875" lon="18.4760414063930511474609375">
        <ele>292</ele>
        <time>2022-05-28T10:27:31.000Z</time>
        <extensions>
          <ns3:TrackPointExtension>
            <ns3:hr>109</ns3:hr>
          </ns3:TrackPointExtension>
        </extensions>
      </trkpt>
      <trkpt lat="47.61725555174052715301513671875" lon="18.47608901560306549072265625">
        <ele>292.20001220703125</ele>
        <time>2022-05-28T10:27:37.000Z</time>
        <extensions>
          <ns3:TrackPointExtension>
            <ns3:hr>111</ns3:hr>
          </ns3:TrackPointExtension>
        </extensions>
      </trkpt>
      <trkpt lat="47.61715983040630817413330078125" lon="18.47616537474095821380615234375">
        <ele>294.399993896484375</ele>
        <time>2022-05-28T10:27:44.000Z</time>
        <extensions>
          <ns3:TrackPointExtension>
            <ns3:hr>110</ns3:hr>
          </ns3:TrackPointExtension>
        </extensions>
      </trkpt>
      <trkpt lat="47.61706092394888401031494140625" lon="18.47620778717100620269775390625">
        <ele>296.79998779296875</ele>
        <time>2022-05-28T10:27:50.000Z</time>
        <extensions>
          <ns3:TrackPointExtension>
            <ns3:hr>110</ns3:hr>
          </ns3:TrackPointExtension>
        </extensions>
      </trkpt>
      <trkpt lat="47.61702060699462890625" lon="18.4762370400130748748779296875">
        <ele>297.79998779296875</ele>
        <time>2022-05-28T10:27:57.000Z</time>
        <extensions>
          <ns3:TrackPointExtension>
            <ns3:hr>111</ns3:hr>
          </ns3:TrackPointExtension>
        </extensions>
      </trkpt>
      <trkpt lat="47.61691491119563579559326171875" lon="18.4762759320437908172607421875">
        <ele>300.600006103515625</ele>
        <time>2022-05-28T10:28:04.000Z</time>
        <extensions>
          <ns3:TrackPointExtension>
            <ns3:hr>114</ns3:hr>
          </ns3:TrackPointExtension>
        </extensions>
      </trkpt>
      <trkpt lat="47.61689563281834125518798828125" lon="18.476285822689533233642578125">
        <ele>301</ele>
        <time>2022-05-28T10:28:05.000Z</time>
        <extensions>
          <ns3:TrackPointExtension>
            <ns3:hr>114</ns3:hr>
          </ns3:TrackPointExtension>
        </extensions>
      </trkpt>
      <trkpt lat="47.61680359952151775360107421875" lon="18.4763433225452899932861328125">
        <ele>302.79998779296875</ele>
        <time>2022-05-28T10:28:12.000Z</time>
        <extensions>
          <ns3:TrackPointExtension>
            <ns3:hr>114</ns3:hr>
          </ns3:TrackPointExtension>
        </extensions>
      </trkpt>
      <trkpt lat="47.616759426891803741455078125" lon="18.47638581879436969757080078125">
        <ele>303.600006103515625</ele>
        <time>2022-05-28T10:28:16.000Z</time>
        <extensions>
          <ns3:TrackPointExtension>
            <ns3:hr>114</ns3:hr>
          </ns3:TrackPointExtension>
        </extensions>
      </trkpt>
      <trkpt lat="47.61672967113554477691650390625" lon="18.47641515545547008514404296875">
        <ele>304.399993896484375</ele>
        <time>2022-05-28T10:28:18.000Z</time>
        <extensions>
          <ns3:TrackPointExtension>
            <ns3:hr>114</ns3:hr>
          </ns3:TrackPointExtension>
        </extensions>
      </trkpt>
      <trkpt lat="47.6166249811649322509765625" lon="18.47644281573593616485595703125">
        <ele>305.600006103515625</ele>
        <time>2022-05-28T10:28:27.000Z</time>
        <extensions>
          <ns3:TrackPointExtension>
            <ns3:hr>112</ns3:hr>
          </ns3:TrackPointExtension>
        </extensions>
      </trkpt>
      <trkpt lat="47.61652867309749126434326171875" lon="18.476525880396366119384765625">
        <ele>306.20001220703125</ele>
        <time>2022-05-28T10:28:36.000Z</time>
        <extensions>
          <ns3:TrackPointExtension>
            <ns3:hr>112</ns3:hr>
          </ns3:TrackPointExtension>
        </extensions>
      </trkpt>
      <trkpt lat="47.6164833270013332366943359375" lon="18.476560078561305999755859375">
        <ele>306.20001220703125</ele>
        <time>2022-05-28T10:28:43.000Z</time>
        <extensions>
          <ns3:TrackPointExtension>
            <ns3:hr>113</ns3:hr>
          </ns3:TrackPointExtension>
        </extensions>
      </trkpt>
      <trkpt lat="47.6163648068904876708984375" lon="18.47656284458935260772705078125">
        <ele>306.79998779296875</ele>
        <time>2022-05-28T10:28:50.000Z</time>
        <extensions>
          <ns3:TrackPointExtension>
            <ns3:hr>110</ns3:hr>
          </ns3:TrackPointExtension>
        </extensions>
      </trkpt>
      <trkpt lat="47.6163487136363983154296875" lon="18.476566113531589508056640625">
        <ele>306.600006103515625</ele>
        <time>2022-05-28T10:28:51.000Z</time>
        <extensions>
          <ns3:TrackPointExtension>
            <ns3:hr>110</ns3:hr>
          </ns3:TrackPointExtension>
        </extensions>
      </trkpt>
      <trkpt lat="47.61633337475359439849853515625" lon="18.47656837664544582366943359375">
        <ele>306.600006103515625</ele>
        <time>2022-05-28T10:28:52.000Z</time>
        <extensions>
          <ns3:TrackPointExtension>
            <ns3:hr>110</ns3:hr>
          </ns3:TrackPointExtension>
        </extensions>
      </trkpt>
      <trkpt lat="47.6162462867796421051025390625" lon="18.476584218442440032958984375">
        <ele>306.600006103515625</ele>
        <time>2022-05-28T10:28:57.000Z</time>
        <extensions>
          <ns3:TrackPointExtension>
            <ns3:hr>109</ns3:hr>
          </ns3:TrackPointExtension>
        </extensions>
      </trkpt>
      <trkpt lat="47.61621703393757343292236328125" lon="18.47658262588083744049072265625">
        <ele>306.600006103515625</ele>
        <time>2022-05-28T10:28:59.000Z</time>
        <extensions>
          <ns3:TrackPointExtension>
            <ns3:hr>109</ns3:hr>
          </ns3:TrackPointExtension>
        </extensions>
      </trkpt>
      <trkpt lat="47.6161869429051876068115234375" lon="18.47654708661139011383056640625">
        <ele>306.79998779296875</ele>
        <time>2022-05-28T10:29:04.000Z</time>
        <extensions>
          <ns3:TrackPointExtension>
            <ns3:hr>109</ns3:hr>
          </ns3:TrackPointExtension>
        </extensions>
      </trkpt>
      <trkpt lat="47.61613304726779460906982421875" lon="18.47651188261806964874267578125">
        <ele>307</ele>
        <time>2022-05-28T10:29:10.000Z</time>
        <extensions>
          <ns3:TrackPointExtension>
            <ns3:hr>108</ns3:hr>
          </ns3:TrackPointExtension>
        </extensions>
      </trkpt>
      <trkpt lat="47.61612583883106708526611328125" lon="18.47651137970387935638427734375">
        <ele>307</ele>
        <time>2022-05-28T10:29:11.000Z</time>
        <extensions>
          <ns3:TrackPointExtension>
            <ns3:hr>108</ns3:hr>
          </ns3:TrackPointExtension>
        </extensions>
      </trkpt>
      <trkpt lat="47.6160617172718048095703125" lon="18.4764744155108928680419921875">
        <ele>307</ele>
        <time>2022-05-28T10:29:18.000Z</time>
        <extensions>
          <ns3:TrackPointExtension>
            <ns3:hr>111</ns3:hr>
          </ns3:TrackPointExtension>
        </extensions>
      </trkpt>
      <trkpt lat="47.61603950522840023040771484375" lon="18.47647651098668575286865234375">
        <ele>307</ele>
        <time>2022-05-28T10:29:20.000Z</time>
        <extensions>
          <ns3:TrackPointExtension>
            <ns3:hr>110</ns3:hr>
          </ns3:TrackPointExtension>
        </extensions>
      </trkpt>
      <trkpt lat="47.6159794069826602935791015625" lon="18.47644717432558536529541015625">
        <ele>307</ele>
        <time>2022-05-28T10:29:25.000Z</time>
        <extensions>
          <ns3:TrackPointExtension>
            <ns3:hr>113</ns3:hr>
          </ns3:TrackPointExtension>
        </extensions>
      </trkpt>
      <trkpt lat="47.6159515790641307830810546875" lon="18.476420603692531585693359375">
        <ele>307</ele>
        <time>2022-05-28T10:29:28.000Z</time>
        <extensions>
          <ns3:TrackPointExtension>
            <ns3:hr>111</ns3:hr>
          </ns3:TrackPointExtension>
        </extensions>
      </trkpt>
      <trkpt lat="47.61594302952289581298828125" lon="18.47641163505613803863525390625">
        <ele>307</ele>
        <time>2022-05-28T10:29:29.000Z</time>
        <extensions>
          <ns3:TrackPointExtension>
            <ns3:hr>115</ns3:hr>
          </ns3:TrackPointExtension>
        </extensions>
      </trkpt>
      <trkpt lat="47.61588938534259796142578125" lon="18.47633217461407184600830078125">
        <ele>307.600006103515625</ele>
        <time>2022-05-28T10:29:36.000Z</time>
        <extensions>
          <ns3:TrackPointExtension>
            <ns3:hr>118</ns3:hr>
          </ns3:TrackPointExtension>
        </extensions>
      </trkpt>
      <trkpt lat="47.6158685982227325439453125" lon="18.47633116878569126129150390625">
        <ele>307.600006103515625</ele>
        <time>2022-05-28T10:29:38.000Z</time>
        <extensions>
          <ns3:TrackPointExtension>
            <ns3:hr>117</ns3:hr>
          </ns3:TrackPointExtension>
        </extensions>
      </trkpt>
      <trkpt lat="47.61574647389352321624755859375" lon="18.47627341747283935546875">
        <ele>306.399993896484375</ele>
        <time>2022-05-28T10:29:46.000Z</time>
        <extensions>
          <ns3:TrackPointExtension>
            <ns3:hr>120</ns3:hr>
          </ns3:TrackPointExtension>
        </extensions>
      </trkpt>
      <trkpt lat="47.6157396845519542694091796875" lon="18.476274423301219940185546875">
        <ele>306.399993896484375</ele>
        <time>2022-05-28T10:29:47.000Z</time>
        <extensions>
          <ns3:TrackPointExtension>
            <ns3:hr>120</ns3:hr>
          </ns3:TrackPointExtension>
        </extensions>
      </trkpt>
      <trkpt lat="47.61568511836230754852294921875" lon="18.47624449990689754486083984375">
        <ele>305.79998779296875</ele>
        <time>2022-05-28T10:29:53.000Z</time>
        <extensions>
          <ns3:TrackPointExtension>
            <ns3:hr>120</ns3:hr>
          </ns3:TrackPointExtension>
        </extensions>
      </trkpt>
      <trkpt lat="47.6156548596918582916259765625" lon="18.47623712383210659027099609375">
        <ele>305.600006103515625</ele>
        <time>2022-05-28T10:29:56.000Z</time>
        <extensions>
          <ns3:TrackPointExtension>
            <ns3:hr>119</ns3:hr>
          </ns3:TrackPointExtension>
        </extensions>
      </trkpt>
      <trkpt lat="47.61563465930521488189697265625" lon="18.476202674210071563720703125">
        <ele>305.600006103515625</ele>
        <time>2022-05-28T10:29:59.000Z</time>
        <extensions>
          <ns3:TrackPointExtension>
            <ns3:hr>119</ns3:hr>
          </ns3:TrackPointExtension>
        </extensions>
      </trkpt>
      <trkpt lat="47.6156129501760005950927734375" lon="18.47619638778269290924072265625">
        <ele>305.399993896484375</ele>
        <time>2022-05-28T10:30:01.000Z</time>
        <extensions>
          <ns3:TrackPointExtension>
            <ns3:hr>120</ns3:hr>
          </ns3:TrackPointExtension>
        </extensions>
      </trkpt>
      <trkpt lat="47.61555871926248073577880859375" lon="18.47617861814796924591064453125">
        <ele>304.79998779296875</ele>
        <time>2022-05-28T10:30:06.000Z</time>
        <extensions>
          <ns3:TrackPointExtension>
            <ns3:hr>119</ns3:hr>
          </ns3:TrackPointExtension>
        </extensions>
      </trkpt>
      <trkpt lat="47.61553541757166385650634765625" lon="18.476157076656818389892578125">
        <ele>304.79998779296875</ele>
        <time>2022-05-28T10:30:12.000Z</time>
        <extensions>
          <ns3:TrackPointExtension>
            <ns3:hr>120</ns3:hr>
          </ns3:TrackPointExtension>
        </extensions>
      </trkpt>
      <trkpt lat="47.615499459207057952880859375" lon="18.4761602617800235748291015625">
        <ele>304.399993896484375</ele>
        <time>2022-05-28T10:30:17.000Z</time>
        <extensions>
          <ns3:TrackPointExtension>
            <ns3:hr>117</ns3:hr>
          </ns3:TrackPointExtension>
        </extensions>
      </trkpt>
      <trkpt lat="47.61549904011189937591552734375" lon="18.47615883685648441314697265625">
        <ele>304.399993896484375</ele>
        <time>2022-05-28T10:30:18.000Z</time>
        <extensions>
          <ns3:TrackPointExtension>
            <ns3:hr>116</ns3:hr>
          </ns3:TrackPointExtension>
        </extensions>
      </trkpt>
      <trkpt lat="47.61550289578735828399658203125" lon="18.47615648992359638214111328125">
        <ele>304.600006103515625</ele>
        <time>2022-05-28T10:30:21.000Z</time>
        <extensions>
          <ns3:TrackPointExtension>
            <ns3:hr>113</ns3:hr>
          </ns3:TrackPointExtension>
        </extensions>
      </trkpt>
      <trkpt lat="47.61550406925380229949951171875" lon="18.476157747209072113037109375">
        <ele>304.600006103515625</ele>
        <time>2022-05-28T10:30:24.000Z</time>
        <extensions>
          <ns3:TrackPointExtension>
            <ns3:hr>114</ns3:hr>
          </ns3:TrackPointExtension>
        </extensions>
      </trkpt>
      <trkpt lat="47.6154815219342708587646484375" lon="18.47614039666950702667236328125">
        <ele>304.399993896484375</ele>
        <time>2022-05-28T10:30:34.000Z</time>
        <extensions>
          <ns3:TrackPointExtension>
            <ns3:hr>113</ns3:hr>
          </ns3:TrackPointExtension>
        </extensions>
      </trkpt>
      <trkpt lat="47.6154077611863613128662109375" lon="18.47613620571792125701904296875">
        <ele>303.79998779296875</ele>
        <time>2022-05-28T10:30:41.000Z</time>
        <extensions>
          <ns3:TrackPointExtension>
            <ns3:hr>112</ns3:hr>
          </ns3:TrackPointExtension>
        </extensions>
      </trkpt>
      <trkpt lat="47.615341208875179290771484375" lon="18.47614542581140995025634765625">
        <ele>302.79998779296875</ele>
        <time>2022-05-28T10:30:47.000Z</time>
        <extensions>
          <ns3:TrackPointExtension>
            <ns3:hr>111</ns3:hr>
          </ns3:TrackPointExtension>
        </extensions>
      </trkpt>
      <trkpt lat="47.6153058372437953948974609375" lon="18.47613603807985782623291015625">
        <ele>302.600006103515625</ele>
        <time>2022-05-28T10:30:50.000Z</time>
        <extensions>
          <ns3:TrackPointExtension>
            <ns3:hr>111</ns3:hr>
          </ns3:TrackPointExtension>
        </extensions>
      </trkpt>
      <trkpt lat="47.61527708731591701507568359375" lon="18.4761421568691730499267578125">
        <ele>302.399993896484375</ele>
        <time>2022-05-28T10:30:53.000Z</time>
        <extensions>
          <ns3:TrackPointExtension>
            <ns3:hr>111</ns3:hr>
          </ns3:TrackPointExtension>
        </extensions>
      </trkpt>
      <trkpt lat="47.6152639277279376983642578125" lon="18.47613721154630184173583984375">
        <ele>302.399993896484375</ele>
        <time>2022-05-28T10:30:59.000Z</time>
        <extensions>
          <ns3:TrackPointExtension>
            <ns3:hr>110</ns3:hr>
          </ns3:TrackPointExtension>
        </extensions>
      </trkpt>
      <trkpt lat="47.61525277979671955108642578125" lon="18.476096726953983306884765625">
        <ele>302.79998779296875</ele>
        <time>2022-05-28T10:31:05.000Z</time>
        <extensions>
          <ns3:TrackPointExtension>
            <ns3:hr>112</ns3:hr>
          </ns3:TrackPointExtension>
        </extensions>
      </trkpt>
      <trkpt lat="47.615181617438793182373046875" lon="18.47608557902276515960693359375">
        <ele>302.399993896484375</ele>
        <time>2022-05-28T10:31:12.000Z</time>
        <extensions>
          <ns3:TrackPointExtension>
            <ns3:hr>113</ns3:hr>
          </ns3:TrackPointExtension>
        </extensions>
      </trkpt>
      <trkpt lat="47.61513945646584033966064453125" lon="18.4760999120771884918212890625">
        <ele>301.79998779296875</ele>
        <time>2022-05-28T10:31:18.000Z</time>
        <extensions>
          <ns3:TrackPointExtension>
            <ns3:hr>116</ns3:hr>
          </ns3:TrackPointExtension>
        </extensions>
      </trkpt>
      <trkpt lat="47.61513560079038143157958984375" lon="18.47610653378069400787353515625">
        <ele>301.79998779296875</ele>
        <time>2022-05-28T10:31:19.000Z</time>
        <extensions>
          <ns3:TrackPointExtension>
            <ns3:hr>116</ns3:hr>
          </ns3:TrackPointExtension>
        </extensions>
      </trkpt>
      <trkpt lat="47.61507458053529262542724609375" lon="18.47609530203044414520263671875">
        <ele>301.399993896484375</ele>
        <time>2022-05-28T10:31:24.000Z</time>
        <extensions>
          <ns3:TrackPointExtension>
            <ns3:hr>115</ns3:hr>
          </ns3:TrackPointExtension>
        </extensions>
      </trkpt>
      <trkpt lat="47.61504859663546085357666015625" lon="18.4760767780244350433349609375">
        <ele>301.600006103515625</ele>
        <time>2022-05-28T10:31:25.000Z</time>
        <extensions>
          <ns3:TrackPointExtension>
            <ns3:hr>115</ns3:hr>
          </ns3:TrackPointExtension>
        </extensions>
      </trkpt>
      <trkpt lat="47.61496008373796939849853515625" lon="18.476095385849475860595703125">
        <ele>301.399993896484375</ele>
        <time>2022-05-28T10:31:30.000Z</time>
        <extensions>
          <ns3:TrackPointExtension>
            <ns3:hr>116</ns3:hr>
          </ns3:TrackPointExtension>
        </extensions>
      </trkpt>
      <trkpt lat="47.61484122835099697113037109375" lon="18.47614928148686885833740234375">
        <ele>301</ele>
        <time>2022-05-28T10:31:38.000Z</time>
        <extensions>
          <ns3:TrackPointExtension>
            <ns3:hr>117</ns3:hr>
          </ns3:TrackPointExtension>
        </extensions>
      </trkpt>
      <trkpt lat="47.6147690601646900177001953125" lon="18.47613595426082611083984375">
        <ele>301.399993896484375</ele>
        <time>2022-05-28T10:31:44.000Z</time>
        <extensions>
          <ns3:TrackPointExtension>
            <ns3:hr>114</ns3:hr>
          </ns3:TrackPointExtension>
        </extensions>
      </trkpt>
      <trkpt lat="47.6146909408271312713623046875" lon="18.47619806416332721710205078125">
        <ele>301.600006103515625</ele>
        <time>2022-05-28T10:31:51.000Z</time>
        <extensions>
          <ns3:TrackPointExtension>
            <ns3:hr>113</ns3:hr>
          </ns3:TrackPointExtension>
        </extensions>
      </trkpt>
      <trkpt lat="47.61465691030025482177734375" lon="18.4762149117887020111083984375">
        <ele>301.79998779296875</ele>
        <time>2022-05-28T10:31:59.000Z</time>
        <extensions>
          <ns3:TrackPointExtension>
            <ns3:hr>114</ns3:hr>
          </ns3:TrackPointExtension>
        </extensions>
      </trkpt>
      <trkpt lat="47.61462799273431301116943359375" lon="18.4762105531990528106689453125">
        <ele>302.20001220703125</ele>
        <time>2022-05-28T10:32:05.000Z</time>
        <extensions>
          <ns3:TrackPointExtension>
            <ns3:hr>113</ns3:hr>
          </ns3:TrackPointExtension>
        </extensions>
      </trkpt>
      <trkpt lat="47.61455406434834003448486328125" lon="18.476212061941623687744140625">
        <ele>303.399993896484375</ele>
        <time>2022-05-28T10:32:12.000Z</time>
        <extensions>
          <ns3:TrackPointExtension>
            <ns3:hr>114</ns3:hr>
          </ns3:TrackPointExtension>
        </extensions>
      </trkpt>
      <trkpt lat="47.6144398190081119537353515625" lon="18.4762497805058956146240234375">
        <ele>304.20001220703125</ele>
        <time>2022-05-28T10:32:20.000Z</time>
        <extensions>
          <ns3:TrackPointExtension>
            <ns3:hr>116</ns3:hr>
          </ns3:TrackPointExtension>
        </extensions>
      </trkpt>
      <trkpt lat="47.6143021881580352783203125" lon="18.47625019960105419158935546875">
        <ele>305.399993896484375</ele>
        <time>2022-05-28T10:32:28.000Z</time>
        <extensions>
          <ns3:TrackPointExtension>
            <ns3:hr>116</ns3:hr>
          </ns3:TrackPointExtension>
        </extensions>
      </trkpt>
      <trkpt lat="47.6142198778688907623291015625" lon="18.47625933587551116943359375">
        <ele>306</ele>
        <time>2022-05-28T10:32:34.000Z</time>
        <extensions>
          <ns3:TrackPointExtension>
            <ns3:hr>116</ns3:hr>
          </ns3:TrackPointExtension>
        </extensions>
      </trkpt>
      <trkpt lat="47.614152990281581878662109375" lon="18.47621717490255832672119140625">
        <ele>306.79998779296875</ele>
        <time>2022-05-28T10:32:41.000Z</time>
        <extensions>
          <ns3:TrackPointExtension>
            <ns3:hr>118</ns3:hr>
          </ns3:TrackPointExtension>
        </extensions>
      </trkpt>
      <trkpt lat="47.6141055487096309661865234375" lon="18.47621482796967029571533203125">
        <ele>306.79998779296875</ele>
        <time>2022-05-28T10:32:47.000Z</time>
        <extensions>
          <ns3:TrackPointExtension>
            <ns3:hr>117</ns3:hr>
          </ns3:TrackPointExtension>
        </extensions>
      </trkpt>
      <trkpt lat="47.614056766033172607421875" lon="18.4762242995202541351318359375">
        <ele>306.79998779296875</ele>
        <time>2022-05-28T10:32:53.000Z</time>
        <extensions>
          <ns3:TrackPointExtension>
            <ns3:hr>116</ns3:hr>
          </ns3:TrackPointExtension>
        </extensions>
      </trkpt>
      <trkpt lat="47.6140029542148113250732421875" lon="18.47620409913361072540283203125">
        <ele>307</ele>
        <time>2022-05-28T10:32:57.000Z</time>
        <extensions>
          <ns3:TrackPointExtension>
            <ns3:hr>113</ns3:hr>
          </ns3:TrackPointExtension>
        </extensions>
      </trkpt>
      <trkpt lat="47.61394855566322803497314453125" lon="18.47621105611324310302734375">
        <ele>307.20001220703125</ele>
        <time>2022-05-28T10:33:02.000Z</time>
        <extensions>
          <ns3:TrackPointExtension>
            <ns3:hr>112</ns3:hr>
          </ns3:TrackPointExtension>
        </extensions>
      </trkpt>
      <trkpt lat="47.6138812489807605743408203125" lon="18.47617593593895435333251953125">
        <ele>307.399993896484375</ele>
        <time>2022-05-28T10:33:09.000Z</time>
        <extensions>
          <ns3:TrackPointExtension>
            <ns3:hr>110</ns3:hr>
          </ns3:TrackPointExtension>
        </extensions>
      </trkpt>
      <trkpt lat="47.61386909522116184234619140625" lon="18.47617694176733493804931640625">
        <ele>307.399993896484375</ele>
        <time>2022-05-28T10:33:10.000Z</time>
        <extensions>
          <ns3:TrackPointExtension>
            <ns3:hr>110</ns3:hr>
          </ns3:TrackPointExtension>
        </extensions>
      </trkpt>
      <trkpt lat="47.61376482434570789337158203125" lon="18.47611491568386554718017578125">
        <ele>308</ele>
        <time>2022-05-28T10:33:17.000Z</time>
        <extensions>
          <ns3:TrackPointExtension>
            <ns3:hr>111</ns3:hr>
          </ns3:TrackPointExtension>
        </extensions>
      </trkpt>
      <trkpt lat="47.61363498866558074951171875" lon="18.4761039353907108306884765625">
        <ele>308</ele>
        <time>2022-05-28T10:33:26.000Z</time>
        <extensions>
          <ns3:TrackPointExtension>
            <ns3:hr>109</ns3:hr>
          </ns3:TrackPointExtension>
        </extensions>
      </trkpt>
      <trkpt lat="47.61352099478244781494140625" lon="18.4760103933513164520263671875">
        <ele>308.399993896484375</ele>
        <time>2022-05-28T10:33:34.000Z</time>
        <extensions>
          <ns3:TrackPointExtension>
            <ns3:hr>108</ns3:hr>
          </ns3:TrackPointExtension>
        </extensions>
      </trkpt>
      <trkpt lat="47.61344061233103275299072265625" lon="18.47595079801976680755615234375">
        <ele>308.600006103515625</ele>
        <time>2022-05-28T10:33:42.000Z</time>
        <extensions>
          <ns3:TrackPointExtension>
            <ns3:hr>107</ns3:hr>
          </ns3:TrackPointExtension>
        </extensions>
      </trkpt>
      <trkpt lat="47.61337556876242160797119140625" lon="18.475945852696895599365234375">
        <ele>308.600006103515625</ele>
        <time>2022-05-28T10:33:49.000Z</time>
        <extensions>
          <ns3:TrackPointExtension>
            <ns3:hr>105</ns3:hr>
          </ns3:TrackPointExtension>
        </extensions>
      </trkpt>
      <trkpt lat="47.61337037198245525360107421875" lon="18.47593705169856548309326171875">
        <ele>308.600006103515625</ele>
        <time>2022-05-28T10:33:51.000Z</time>
        <extensions>
          <ns3:TrackPointExtension>
            <ns3:hr>102</ns3:hr>
          </ns3:TrackPointExtension>
        </extensions>
      </trkpt>
      <trkpt lat="47.613366432487964630126953125" lon="18.4759433381259441375732421875">
        <ele>308.600006103515625</ele>
        <time>2022-05-28T10:33:52.000Z</time>
        <extensions>
          <ns3:TrackPointExtension>
            <ns3:hr>105</ns3:hr>
          </ns3:TrackPointExtension>
        </extensions>
      </trkpt>
      <trkpt lat="47.6133210025727748870849609375" lon="18.47591198980808258056640625">
        <ele>308.79998779296875</ele>
        <time>2022-05-28T10:33:58.000Z</time>
        <extensions>
          <ns3:TrackPointExtension>
            <ns3:hr>107</ns3:hr>
          </ns3:TrackPointExtension>
        </extensions>
      </trkpt>
      <trkpt lat="47.61328621767461299896240234375" lon="18.4758957289159297943115234375">
        <ele>309</ele>
        <time>2022-05-28T10:34:05.000Z</time>
        <extensions>
          <ns3:TrackPointExtension>
            <ns3:hr>104</ns3:hr>
          </ns3:TrackPointExtension>
        </extensions>
      </trkpt>
      <trkpt lat="47.6132851280272006988525390625" lon="18.47589698620140552520751953125">
        <ele>309</ele>
        <time>2022-05-28T10:34:07.000Z</time>
        <extensions>
          <ns3:TrackPointExtension>
            <ns3:hr>108</ns3:hr>
          </ns3:TrackPointExtension>
        </extensions>
      </trkpt>
      <trkpt lat="47.61328537948429584503173828125" lon="18.4758987464010715484619140625">
        <ele>309</ele>
        <time>2022-05-28T10:34:09.000Z</time>
        <extensions>
          <ns3:TrackPointExtension>
            <ns3:hr>105</ns3:hr>
          </ns3:TrackPointExtension>
        </extensions>
      </trkpt>
      <trkpt lat="47.61327448301017284393310546875" lon="18.47588659264147281646728515625">
        <ele>309.20001220703125</ele>
        <time>2022-05-28T10:34:13.000Z</time>
        <extensions>
          <ns3:TrackPointExtension>
            <ns3:hr>105</ns3:hr>
          </ns3:TrackPointExtension>
        </extensions>
      </trkpt>
      <trkpt lat="47.61321849189698696136474609375" lon="18.47586479969322681427001953125">
        <ele>309.399993896484375</ele>
        <time>2022-05-28T10:34:20.000Z</time>
        <extensions>
          <ns3:TrackPointExtension>
            <ns3:hr>106</ns3:hr>
          </ns3:TrackPointExtension>
        </extensions>
      </trkpt>
      <trkpt lat="47.61319971643388271331787109375" lon="18.4758534841239452362060546875">
        <ele>309.399993896484375</ele>
        <time>2022-05-28T10:34:23.000Z</time>
        <extensions>
          <ns3:TrackPointExtension>
            <ns3:hr>109</ns3:hr>
          </ns3:TrackPointExtension>
        </extensions>
      </trkpt>
      <trkpt lat="47.613177336752414703369140625" lon="18.47584602423012256622314453125">
        <ele>309.600006103515625</ele>
        <time>2022-05-28T10:34:25.000Z</time>
        <extensions>
          <ns3:TrackPointExtension>
            <ns3:hr>112</ns3:hr>
          </ns3:TrackPointExtension>
        </extensions>
      </trkpt>
      <trkpt lat="47.61316828429698944091796875" lon="18.47584971226751804351806640625">
        <ele>309.600006103515625</ele>
        <time>2022-05-28T10:34:27.000Z</time>
        <extensions>
          <ns3:TrackPointExtension>
            <ns3:hr>111</ns3:hr>
          </ns3:TrackPointExtension>
        </extensions>
      </trkpt>
      <trkpt lat="47.61312612332403659820556640625" lon="18.47585340030491352081298828125">
        <ele>309.79998779296875</ele>
        <time>2022-05-28T10:34:32.000Z</time>
        <extensions>
          <ns3:TrackPointExtension>
            <ns3:hr>114</ns3:hr>
          </ns3:TrackPointExtension>
        </extensions>
      </trkpt>
      <trkpt lat="47.61309846304357051849365234375" lon="18.47586278803646564483642578125">
        <ele>309.79998779296875</ele>
        <time>2022-05-28T10:34:35.000Z</time>
        <extensions>
          <ns3:TrackPointExtension>
            <ns3:hr>117</ns3:hr>
          </ns3:TrackPointExtension>
        </extensions>
      </trkpt>
      <trkpt lat="47.613045237958431243896484375" lon="18.4758863411843776702880859375">
        <ele>310</ele>
        <time>2022-05-28T10:34:41.000Z</time>
        <extensions>
          <ns3:TrackPointExtension>
            <ns3:hr>119</ns3:hr>
          </ns3:TrackPointExtension>
        </extensions>
      </trkpt>
      <trkpt lat="47.61293501593172550201416015625" lon="18.47593202255666255950927734375">
        <ele>310.20001220703125</ele>
        <time>2022-05-28T10:34:50.000Z</time>
        <extensions>
          <ns3:TrackPointExtension>
            <ns3:hr>119</ns3:hr>
          </ns3:TrackPointExtension>
        </extensions>
      </trkpt>
      <trkpt lat="47.61279637925326824188232421875" lon="18.47597426734864711761474609375">
        <ele>310</ele>
        <time>2022-05-28T10:34:58.000Z</time>
        <extensions>
          <ns3:TrackPointExtension>
            <ns3:hr>120</ns3:hr>
          </ns3:TrackPointExtension>
        </extensions>
      </trkpt>
      <trkpt lat="47.6127537153661251068115234375" lon="18.47596370615065097808837890625">
        <ele>310.399993896484375</ele>
        <time>2022-05-28T10:35:01.000Z</time>
        <extensions>
          <ns3:TrackPointExtension>
            <ns3:hr>117</ns3:hr>
          </ns3:TrackPointExtension>
        </extensions>
      </trkpt>
      <trkpt lat="47.612721025943756103515625" lon="18.4759460203349590301513671875">
        <ele>310.79998779296875</ele>
        <time>2022-05-28T10:35:05.000Z</time>
        <extensions>
          <ns3:TrackPointExtension>
            <ns3:hr>116</ns3:hr>
          </ns3:TrackPointExtension>
        </extensions>
      </trkpt>
      <trkpt lat="47.6126866601407527923583984375" lon="18.47598038613796234130859375">
        <ele>310.79998779296875</ele>
        <time>2022-05-28T10:35:09.000Z</time>
        <extensions>
          <ns3:TrackPointExtension>
            <ns3:hr>113</ns3:hr>
          </ns3:TrackPointExtension>
        </extensions>
      </trkpt>
      <trkpt lat="47.612653635442256927490234375" lon="18.475938476622104644775390625">
        <ele>311.399993896484375</ele>
        <time>2022-05-28T10:35:12.000Z</time>
        <extensions>
          <ns3:TrackPointExtension>
            <ns3:hr>114</ns3:hr>
          </ns3:TrackPointExtension>
        </extensions>
      </trkpt>
      <trkpt lat="47.61261449195444583892822265625" lon="18.47596161067485809326171875">
        <ele>311.399993896484375</ele>
        <time>2022-05-28T10:35:14.000Z</time>
        <extensions>
          <ns3:TrackPointExtension>
            <ns3:hr>113</ns3:hr>
          </ns3:TrackPointExtension>
        </extensions>
      </trkpt>
      <trkpt lat="47.6125505380332469940185546875" lon="18.47598784603178501129150390625">
        <ele>311.79998779296875</ele>
        <time>2022-05-28T10:35:19.000Z</time>
        <extensions>
          <ns3:TrackPointExtension>
            <ns3:hr>114</ns3:hr>
          </ns3:TrackPointExtension>
        </extensions>
      </trkpt>
      <trkpt lat="47.61249798350036144256591796875" lon="18.4760030172765254974365234375">
        <ele>311.79998779296875</ele>
        <time>2022-05-28T10:35:25.000Z</time>
        <extensions>
          <ns3:TrackPointExtension>
            <ns3:hr>114</ns3:hr>
          </ns3:TrackPointExtension>
        </extensions>
      </trkpt>
      <trkpt lat="47.6124916970729827880859375" lon="18.47599656321108341217041015625">
        <ele>312</ele>
        <time>2022-05-28T10:35:26.000Z</time>
        <extensions>
          <ns3:TrackPointExtension>
            <ns3:hr>114</ns3:hr>
          </ns3:TrackPointExtension>
        </extensions>
      </trkpt>
      <trkpt lat="47.61239103041589260101318359375" lon="18.47600511275231838226318359375">
        <ele>312.20001220703125</ele>
        <time>2022-05-28T10:35:34.000Z</time>
        <extensions>
          <ns3:TrackPointExtension>
            <ns3:hr>116</ns3:hr>
          </ns3:TrackPointExtension>
        </extensions>
      </trkpt>
      <trkpt lat="47.61228441260755062103271484375" lon="18.47604769282042980194091796875">
        <ele>312.20001220703125</ele>
        <time>2022-05-28T10:35:42.000Z</time>
        <extensions>
          <ns3:TrackPointExtension>
            <ns3:hr>119</ns3:hr>
          </ns3:TrackPointExtension>
        </extensions>
      </trkpt>
      <trkpt lat="47.612275779247283935546875" lon="18.47604819573462009429931640625">
        <ele>312.399993896484375</ele>
        <time>2022-05-28T10:35:43.000Z</time>
        <extensions>
          <ns3:TrackPointExtension>
            <ns3:hr>119</ns3:hr>
          </ns3:TrackPointExtension>
        </extensions>
      </trkpt>
      <trkpt lat="47.612165473401546478271484375" lon="18.47607300616800785064697265625">
        <ele>313</ele>
        <time>2022-05-28T10:35:51.000Z</time>
        <extensions>
          <ns3:TrackPointExtension>
            <ns3:hr>120</ns3:hr>
          </ns3:TrackPointExtension>
        </extensions>
      </trkpt>
      <trkpt lat="47.6120687462389469146728515625" lon="18.47608541138470172882080078125">
        <ele>313.600006103515625</ele>
        <time>2022-05-28T10:35:59.000Z</time>
        <extensions>
          <ns3:TrackPointExtension>
            <ns3:hr>123</ns3:hr>
          </ns3:TrackPointExtension>
        </extensions>
      </trkpt>
      <trkpt lat="47.61205248534679412841796875" lon="18.47608407028019428253173828125">
        <ele>313.600006103515625</ele>
        <time>2022-05-28T10:36:05.000Z</time>
        <extensions>
          <ns3:TrackPointExtension>
            <ns3:hr>124</ns3:hr>
          </ns3:TrackPointExtension>
        </extensions>
      </trkpt>
      <trkpt lat="47.6120208017528057098388671875" lon="18.47609379328787326812744140625">
        <ele>313.79998779296875</ele>
        <time>2022-05-28T10:36:11.000Z</time>
        <extensions>
          <ns3:TrackPointExtension>
            <ns3:hr>126</ns3:hr>
          </ns3:TrackPointExtension>
        </extensions>
      </trkpt>
      <trkpt lat="47.6119579374790191650390625" lon="18.47609035670757293701171875">
        <ele>314.399993896484375</ele>
        <time>2022-05-28T10:36:18.000Z</time>
        <extensions>
          <ns3:TrackPointExtension>
            <ns3:hr>128</ns3:hr>
          </ns3:TrackPointExtension>
        </extensions>
      </trkpt>
      <trkpt lat="47.61189180426299571990966796875" lon="18.4761089645326137542724609375">
        <ele>315.20001220703125</ele>
        <time>2022-05-28T10:36:26.000Z</time>
        <extensions>
          <ns3:TrackPointExtension>
            <ns3:hr>129</ns3:hr>
          </ns3:TrackPointExtension>
        </extensions>
      </trkpt>
      <trkpt lat="47.61188023723661899566650390625" lon="18.47611458040773868560791015625">
        <ele>315.20001220703125</ele>
        <time>2022-05-28T10:36:27.000Z</time>
        <extensions>
          <ns3:TrackPointExtension>
            <ns3:hr>129</ns3:hr>
          </ns3:TrackPointExtension>
        </extensions>
      </trkpt>
      <trkpt lat="47.6118077337741851806640625" lon="18.476122207939624786376953125">
        <ele>316.20001220703125</ele>
        <time>2022-05-28T10:36:32.000Z</time>
        <extensions>
          <ns3:TrackPointExtension>
            <ns3:hr>130</ns3:hr>
          </ns3:TrackPointExtension>
        </extensions>
      </trkpt>
      <trkpt lat="47.6117277704179286956787109375" lon="18.47614123485982418060302734375">
        <ele>317.20001220703125</ele>
        <time>2022-05-28T10:36:40.000Z</time>
        <extensions>
          <ns3:TrackPointExtension>
            <ns3:hr>131</ns3:hr>
          </ns3:TrackPointExtension>
        </extensions>
      </trkpt>
      <trkpt lat="47.61162676848471164703369140625" lon="18.4761890955269336700439453125">
        <ele>317.600006103515625</ele>
        <time>2022-05-28T10:36:48.000Z</time>
        <extensions>
          <ns3:TrackPointExtension>
            <ns3:hr>131</ns3:hr>
          </ns3:TrackPointExtension>
        </extensions>
      </trkpt>
      <trkpt lat="47.61156340129673480987548828125" lon="18.476202674210071563720703125">
        <ele>318</ele>
        <time>2022-05-28T10:36:52.000Z</time>
        <extensions>
          <ns3:TrackPointExtension>
            <ns3:hr>130</ns3:hr>
          </ns3:TrackPointExtension>
        </extensions>
      </trkpt>
      <trkpt lat="47.61150665581226348876953125" lon="18.4762222878634929656982421875">
        <ele>318</ele>
        <time>2022-05-28T10:36:55.000Z</time>
        <extensions>
          <ns3:TrackPointExtension>
            <ns3:hr>129</ns3:hr>
          </ns3:TrackPointExtension>
        </extensions>
      </trkpt>
      <trkpt lat="47.611437924206256866455078125" lon="18.47622505389153957366943359375">
        <ele>318.20001220703125</ele>
        <time>2022-05-28T10:37:04.000Z</time>
        <extensions>
          <ns3:TrackPointExtension>
            <ns3:hr>128</ns3:hr>
          </ns3:TrackPointExtension>
        </extensions>
      </trkpt>
      <trkpt lat="47.61131429113447666168212890625" lon="18.47624533809721469879150390625">
        <ele>318</ele>
        <time>2022-05-28T10:37:12.000Z</time>
        <extensions>
          <ns3:TrackPointExtension>
            <ns3:hr>129</ns3:hr>
          </ns3:TrackPointExtension>
        </extensions>
      </trkpt>
      <trkpt lat="47.61120314709842205047607421875" lon="18.47628657706081867218017578125">
        <ele>317</ele>
        <time>2022-05-28T10:37:23.000Z</time>
        <extensions>
          <ns3:TrackPointExtension>
            <ns3:hr>129</ns3:hr>
          </ns3:TrackPointExtension>
        </extensions>
      </trkpt>
      <trkpt lat="47.6111286319792270660400390625" lon="18.47631172277033329010009765625">
        <ele>316.399993896484375</ele>
        <time>2022-05-28T10:37:29.000Z</time>
        <extensions>
          <ns3:TrackPointExtension>
            <ns3:hr>129</ns3:hr>
          </ns3:TrackPointExtension>
        </extensions>
      </trkpt>
      <trkpt lat="47.61104104109108448028564453125" lon="18.476349525153636932373046875">
        <ele>316.600006103515625</ele>
        <time>2022-05-28T10:37:37.000Z</time>
        <extensions>
          <ns3:TrackPointExtension>
            <ns3:hr>132</ns3:hr>
          </ns3:TrackPointExtension>
        </extensions>
      </trkpt>
      <trkpt lat="47.61100701056420803070068359375" lon="18.47634055651724338531494140625">
        <ele>317.20001220703125</ele>
        <time>2022-05-28T10:37:40.000Z</time>
        <extensions>
          <ns3:TrackPointExtension>
            <ns3:hr>134</ns3:hr>
          </ns3:TrackPointExtension>
        </extensions>
      </trkpt>
      <trkpt lat="47.61089435778558254241943359375" lon="18.4763714857399463653564453125">
        <ele>317.79998779296875</ele>
        <time>2022-05-28T10:37:46.000Z</time>
        <extensions>
          <ns3:TrackPointExtension>
            <ns3:hr>133</ns3:hr>
          </ns3:TrackPointExtension>
        </extensions>
      </trkpt>
      <trkpt lat="47.6107997260987758636474609375" lon="18.47640895284712314605712890625">
        <ele>318.20001220703125</ele>
        <time>2022-05-28T10:37:53.000Z</time>
        <extensions>
          <ns3:TrackPointExtension>
            <ns3:hr>134</ns3:hr>
          </ns3:TrackPointExtension>
        </extensions>
      </trkpt>
      <trkpt lat="47.6107735745608806610107421875" lon="18.476377017796039581298828125">
        <ele>319</ele>
        <time>2022-05-28T10:38:00.000Z</time>
        <extensions>
          <ns3:TrackPointExtension>
            <ns3:hr>134</ns3:hr>
          </ns3:TrackPointExtension>
        </extensions>
      </trkpt>
      <trkpt lat="47.61075295507907867431640625" lon="18.47640207968652248382568359375">
        <ele>318.79998779296875</ele>
        <time>2022-05-28T10:38:09.000Z</time>
        <extensions>
          <ns3:TrackPointExtension>
            <ns3:hr>135</ns3:hr>
          </ns3:TrackPointExtension>
        </extensions>
      </trkpt>
      <trkpt lat="47.61072671972215175628662109375" lon="18.4764144010841846466064453125">
        <ele>318.79998779296875</ele>
        <time>2022-05-28T10:38:12.000Z</time>
        <extensions>
          <ns3:TrackPointExtension>
            <ns3:hr>136</ns3:hr>
          </ns3:TrackPointExtension>
        </extensions>
      </trkpt>
      <trkpt lat="47.61070710606873035430908203125" lon="18.47642471082508563995361328125">
        <ele>318.79998779296875</ele>
        <time>2022-05-28T10:38:14.000Z</time>
        <extensions>
          <ns3:TrackPointExtension>
            <ns3:hr>135</ns3:hr>
          </ns3:TrackPointExtension>
        </extensions>
      </trkpt>
      <trkpt lat="47.61068715713918209075927734375" lon="18.47642202861607074737548828125">
        <ele>319</ele>
        <time>2022-05-28T10:38:16.000Z</time>
        <extensions>
          <ns3:TrackPointExtension>
            <ns3:hr>134</ns3:hr>
          </ns3:TrackPointExtension>
        </extensions>
      </trkpt>
      <trkpt lat="47.6106143184006214141845703125" lon="18.4764061868190765380859375">
        <ele>320.20001220703125</ele>
        <time>2022-05-28T10:38:22.000Z</time>
        <extensions>
          <ns3:TrackPointExtension>
            <ns3:hr>132</ns3:hr>
          </ns3:TrackPointExtension>
        </extensions>
      </trkpt>
      <trkpt lat="47.6105497777462005615234375" lon="18.4764321707189083099365234375">
        <ele>320.600006103515625</ele>
        <time>2022-05-28T10:38:30.000Z</time>
        <extensions>
          <ns3:TrackPointExtension>
            <ns3:hr>131</ns3:hr>
          </ns3:TrackPointExtension>
        </extensions>
      </trkpt>
      <trkpt lat="47.610513903200626373291015625" lon="18.47641968168318271636962890625">
        <ele>321.20001220703125</ele>
        <time>2022-05-28T10:38:37.000Z</time>
        <extensions>
          <ns3:TrackPointExtension>
            <ns3:hr>131</ns3:hr>
          </ns3:TrackPointExtension>
        </extensions>
      </trkpt>
      <trkpt lat="47.6104802079498767852783203125" lon="18.476470224559307098388671875">
        <ele>320.79998779296875</ele>
        <time>2022-05-28T10:38:40.000Z</time>
        <extensions>
          <ns3:TrackPointExtension>
            <ns3:hr>131</ns3:hr>
          </ns3:TrackPointExtension>
        </extensions>
      </trkpt>
      <trkpt lat="47.6104352809488773345947265625" lon="18.47649478353559970855712890625">
        <ele>321</ele>
        <time>2022-05-28T10:38:43.000Z</time>
        <extensions>
          <ns3:TrackPointExtension>
            <ns3:hr>132</ns3:hr>
          </ns3:TrackPointExtension>
        </extensions>
      </trkpt>
      <trkpt lat="47.610409297049045562744140625" lon="18.47652244381606578826904296875">
        <ele>320.79998779296875</ele>
        <time>2022-05-28T10:38:47.000Z</time>
        <extensions>
          <ns3:TrackPointExtension>
            <ns3:hr>132</ns3:hr>
          </ns3:TrackPointExtension>
        </extensions>
      </trkpt>
      <trkpt lat="47.61039219796657562255859375" lon="18.47653719596564769744873046875">
        <ele>320.79998779296875</ele>
        <time>2022-05-28T10:38:49.000Z</time>
        <extensions>
          <ns3:TrackPointExtension>
            <ns3:hr>131</ns3:hr>
          </ns3:TrackPointExtension>
        </extensions>
      </trkpt>
      <trkpt lat="47.6103534735739231109619140625" lon="18.47657977603375911712646484375">
        <ele>320.600006103515625</ele>
        <time>2022-05-28T10:38:54.000Z</time>
        <extensions>
          <ns3:TrackPointExtension>
            <ns3:hr>128</ns3:hr>
          </ns3:TrackPointExtension>
        </extensions>
      </trkpt>
      <trkpt lat="47.61032891459763050079345703125" lon="18.47660659812390804290771484375">
        <ele>320.600006103515625</ele>
        <time>2022-05-28T10:38:57.000Z</time>
        <extensions>
          <ns3:TrackPointExtension>
            <ns3:hr>125</ns3:hr>
          </ns3:TrackPointExtension>
        </extensions>
      </trkpt>
      <trkpt lat="47.610322795808315277099609375" lon="18.47661129198968410491943359375">
        <ele>320.600006103515625</ele>
        <time>2022-05-28T10:38:58.000Z</time>
        <extensions>
          <ns3:TrackPointExtension>
            <ns3:hr>122</ns3:hr>
          </ns3:TrackPointExtension>
        </extensions>
      </trkpt>
      <trkpt lat="47.6102686487138271331787109375" lon="18.476646579802036285400390625">
        <ele>320.20001220703125</ele>
        <time>2022-05-28T10:39:02.000Z</time>
        <extensions>
          <ns3:TrackPointExtension>
            <ns3:hr>119</ns3:hr>
          </ns3:TrackPointExtension>
        </extensions>
      </trkpt>
      <trkpt lat="47.61022078804671764373779296875" lon="18.47670382820069789886474609375">
        <ele>319.20001220703125</ele>
        <time>2022-05-28T10:39:06.000Z</time>
        <extensions>
          <ns3:TrackPointExtension>
            <ns3:hr>120</ns3:hr>
          </ns3:TrackPointExtension>
        </extensions>
      </trkpt>
      <trkpt lat="47.6101352088153362274169921875" lon="18.4767677821218967437744140625">
        <ele>318</ele>
        <time>2022-05-28T10:39:14.000Z</time>
        <extensions>
          <ns3:TrackPointExtension>
            <ns3:hr>119</ns3:hr>
          </ns3:TrackPointExtension>
        </extensions>
      </trkpt>
      <trkpt lat="47.6100218854844570159912109375" lon="18.47682871855795383453369140625">
        <ele>317</ele>
        <time>2022-05-28T10:39:19.000Z</time>
        <extensions>
          <ns3:TrackPointExtension>
            <ns3:hr>116</ns3:hr>
          </ns3:TrackPointExtension>
        </extensions>
      </trkpt>
      <trkpt lat="47.60999799706041812896728515625" lon="18.4768328256905078887939453125">
        <ele>316.79998779296875</ele>
        <time>2022-05-28T10:39:21.000Z</time>
        <extensions>
          <ns3:TrackPointExtension>
            <ns3:hr>113</ns3:hr>
          </ns3:TrackPointExtension>
        </extensions>
      </trkpt>
      <trkpt lat="47.60995625518262386322021484375" lon="18.4768284671008586883544921875">
        <ele>317</ele>
        <time>2022-05-28T10:39:24.000Z</time>
        <extensions>
          <ns3:TrackPointExtension>
            <ns3:hr>111</ns3:hr>
          </ns3:TrackPointExtension>
        </extensions>
      </trkpt>
      <trkpt lat="47.6098519004881381988525390625" lon="18.47686174325644969940185546875">
        <ele>316.399993896484375</ele>
        <time>2022-05-28T10:39:35.000Z</time>
        <extensions>
          <ns3:TrackPointExtension>
            <ns3:hr>113</ns3:hr>
          </ns3:TrackPointExtension>
        </extensions>
      </trkpt>
      <trkpt lat="47.60979146696627140045166015625" lon="18.4768821112811565399169921875">
        <ele>316</ele>
        <time>2022-05-28T10:39:43.000Z</time>
        <extensions>
          <ns3:TrackPointExtension>
            <ns3:hr>113</ns3:hr>
          </ns3:TrackPointExtension>
        </extensions>
      </trkpt>
      <trkpt lat="47.60973631404340267181396484375" lon="18.47690599970519542694091796875">
        <ele>315.600006103515625</ele>
        <time>2022-05-28T10:39:49.000Z</time>
        <extensions>
          <ns3:TrackPointExtension>
            <ns3:hr>112</ns3:hr>
          </ns3:TrackPointExtension>
        </extensions>
      </trkpt>
      <trkpt lat="47.6097214780747890472412109375" lon="18.47690851427614688873291015625">
        <ele>315.600006103515625</ele>
        <time>2022-05-28T10:39:50.000Z</time>
        <extensions>
          <ns3:TrackPointExtension>
            <ns3:hr>113</ns3:hr>
          </ns3:TrackPointExtension>
        </extensions>
      </trkpt>
      <trkpt lat="47.6096510700881481170654296875" lon="18.4769136272370815277099609375">
        <ele>316</ele>
        <time>2022-05-28T10:39:56.000Z</time>
        <extensions>
          <ns3:TrackPointExtension>
            <ns3:hr>114</ns3:hr>
          </ns3:TrackPointExtension>
        </extensions>
      </trkpt>
      <trkpt lat="47.60963623411953449249267578125" lon="18.47691136412322521209716796875">
        <ele>316.20001220703125</ele>
        <time>2022-05-28T10:39:58.000Z</time>
        <extensions>
          <ns3:TrackPointExtension>
            <ns3:hr>115</ns3:hr>
          </ns3:TrackPointExtension>
        </extensions>
      </trkpt>
      <trkpt lat="47.60958493687212467193603515625" lon="18.47690968774259090423583984375">
        <ele>316.600006103515625</ele>
        <time>2022-05-28T10:40:04.000Z</time>
        <extensions>
          <ns3:TrackPointExtension>
            <ns3:hr>117</ns3:hr>
          </ns3:TrackPointExtension>
        </extensions>
      </trkpt>
      <trkpt lat="47.6094908080995082855224609375" lon="18.476921506226062774658203125">
        <ele>317.20001220703125</ele>
        <time>2022-05-28T10:40:11.000Z</time>
        <extensions>
          <ns3:TrackPointExtension>
            <ns3:hr>118</ns3:hr>
          </ns3:TrackPointExtension>
        </extensions>
      </trkpt>
      <trkpt lat="47.60940874926745891571044921875" lon="18.47692108713090419769287109375">
        <ele>317.20001220703125</ele>
        <time>2022-05-28T10:40:18.000Z</time>
        <extensions>
          <ns3:TrackPointExtension>
            <ns3:hr>119</ns3:hr>
          </ns3:TrackPointExtension>
        </extensions>
      </trkpt>
      <trkpt lat="47.60932861827313899993896484375" lon="18.47692628391087055206298828125">
        <ele>317.20001220703125</ele>
        <time>2022-05-28T10:40:26.000Z</time>
        <extensions>
          <ns3:TrackPointExtension>
            <ns3:hr>119</ns3:hr>
          </ns3:TrackPointExtension>
        </extensions>
      </trkpt>
      <trkpt lat="47.60925921611487865447998046875" lon="18.47695696167647838592529296875">
        <ele>316.600006103515625</ele>
        <time>2022-05-28T10:40:33.000Z</time>
        <extensions>
          <ns3:TrackPointExtension>
            <ns3:hr>116</ns3:hr>
          </ns3:TrackPointExtension>
        </extensions>
      </trkpt>
      <trkpt lat="47.60924018919467926025390625" lon="18.47697892226278781890869140625">
        <ele>316.20001220703125</ele>
        <time>2022-05-28T10:40:35.000Z</time>
        <extensions>
          <ns3:TrackPointExtension>
            <ns3:hr>116</ns3:hr>
          </ns3:TrackPointExtension>
        </extensions>
      </trkpt>
      <trkpt lat="47.609228789806365966796875" lon="18.47698646597564220428466796875">
        <ele>316.20001220703125</ele>
        <time>2022-05-28T10:40:37.000Z</time>
        <extensions>
          <ns3:TrackPointExtension>
            <ns3:hr>116</ns3:hr>
          </ns3:TrackPointExtension>
        </extensions>
      </trkpt>
      <trkpt lat="47.60921596549451351165771484375" lon="18.47698931582272052764892578125">
        <ele>316.399993896484375</ele>
        <time>2022-05-28T10:40:39.000Z</time>
        <extensions>
          <ns3:TrackPointExtension>
            <ns3:hr>116</ns3:hr>
          </ns3:TrackPointExtension>
        </extensions>
      </trkpt>
      <trkpt lat="47.6091749779880046844482421875" lon="18.47701479680836200714111328125">
        <ele>316</ele>
        <time>2022-05-28T10:40:46.000Z</time>
        <extensions>
          <ns3:TrackPointExtension>
            <ns3:hr>117</ns3:hr>
          </ns3:TrackPointExtension>
        </extensions>
      </trkpt>
      <trkpt lat="47.60916634462773799896240234375" lon="18.47701027058064937591552734375">
        <ele>316.20001220703125</ele>
        <time>2022-05-28T10:40:52.000Z</time>
        <extensions>
          <ns3:TrackPointExtension>
            <ns3:hr>117</ns3:hr>
          </ns3:TrackPointExtension>
        </extensions>
      </trkpt>
      <trkpt lat="47.60913985781371593475341796875" lon="18.4770123660564422607421875">
        <ele>316</ele>
        <time>2022-05-28T10:40:57.000Z</time>
        <extensions>
          <ns3:TrackPointExtension>
            <ns3:hr>117</ns3:hr>
          </ns3:TrackPointExtension>
        </extensions>
      </trkpt>
      <trkpt lat="47.60911806486546993255615234375" lon="18.476999960839748382568359375">
        <ele>316</ele>
        <time>2022-05-28T10:41:03.000Z</time>
        <extensions>
          <ns3:TrackPointExtension>
            <ns3:hr>117</ns3:hr>
          </ns3:TrackPointExtension>
        </extensions>
      </trkpt>
      <trkpt lat="47.60909375734627246856689453125" lon="18.47698998637497425079345703125">
        <ele>316</ele>
        <time>2022-05-28T10:41:09.000Z</time>
        <extensions>
          <ns3:TrackPointExtension>
            <ns3:hr>117</ns3:hr>
          </ns3:TrackPointExtension>
        </extensions>
      </trkpt>
      <trkpt lat="47.60907665826380252838134765625" lon="18.476983867585659027099609375">
        <ele>316</ele>
        <time>2022-05-28T10:41:16.000Z</time>
        <extensions>
          <ns3:TrackPointExtension>
            <ns3:hr>117</ns3:hr>
          </ns3:TrackPointExtension>
        </extensions>
      </trkpt>
      <trkpt lat="47.609066851437091827392578125" lon="18.476965762674808502197265625">
        <ele>316.20001220703125</ele>
        <time>2022-05-28T10:41:23.000Z</time>
        <extensions>
          <ns3:TrackPointExtension>
            <ns3:hr>115</ns3:hr>
          </ns3:TrackPointExtension>
        </extensions>
      </trkpt>
      <trkpt lat="47.60897942818701267242431640625" lon="18.4769810177385807037353515625">
        <ele>315.79998779296875</ele>
        <time>2022-05-28T10:41:32.000Z</time>
        <extensions>
          <ns3:TrackPointExtension>
            <ns3:hr>113</ns3:hr>
          </ns3:TrackPointExtension>
        </extensions>
      </trkpt>
      <trkpt lat="47.60891471989452838897705078125" lon="18.47701362334191799163818359375">
        <ele>315.399993896484375</ele>
        <time>2022-05-28T10:41:41.000Z</time>
        <extensions>
          <ns3:TrackPointExtension>
            <ns3:hr>111</ns3:hr>
          </ns3:TrackPointExtension>
        </extensions>
      </trkpt>
      <trkpt lat="47.60885369963943958282470703125" lon="18.4770044870674610137939453125">
        <ele>315</ele>
        <time>2022-05-28T10:41:50.000Z</time>
        <extensions>
          <ns3:TrackPointExtension>
            <ns3:hr>111</ns3:hr>
          </ns3:TrackPointExtension>
        </extensions>
      </trkpt>
      <trkpt lat="47.608840875327587127685546875" lon="18.47700004465878009796142578125">
        <ele>315</ele>
        <time>2022-05-28T10:41:51.000Z</time>
        <extensions>
          <ns3:TrackPointExtension>
            <ns3:hr>111</ns3:hr>
          </ns3:TrackPointExtension>
        </extensions>
      </trkpt>
      <trkpt lat="47.608787231147289276123046875" lon="18.47698177210986614227294921875">
        <ele>314.79998779296875</ele>
        <time>2022-05-28T10:41:57.000Z</time>
        <extensions>
          <ns3:TrackPointExtension>
            <ns3:hr>111</ns3:hr>
          </ns3:TrackPointExtension>
        </extensions>
      </trkpt>
      <trkpt lat="47.60869343765079975128173828125" lon="18.47697288729250431060791015625">
        <ele>314.20001220703125</ele>
        <time>2022-05-28T10:42:06.000Z</time>
        <extensions>
          <ns3:TrackPointExtension>
            <ns3:hr>109</ns3:hr>
          </ns3:TrackPointExtension>
        </extensions>
      </trkpt>
      <trkpt lat="47.6086482591927051544189453125" lon="18.4769448079168796539306640625">
        <ele>314</ele>
        <time>2022-05-28T10:42:13.000Z</time>
        <extensions>
          <ns3:TrackPointExtension>
            <ns3:hr>108</ns3:hr>
          </ns3:TrackPointExtension>
        </extensions>
      </trkpt>
      <trkpt lat="47.6086569763720035552978515625" lon="18.47692946903407573699951171875">
        <ele>314.20001220703125</ele>
        <time>2022-05-28T10:42:17.000Z</time>
        <extensions>
          <ns3:TrackPointExtension>
            <ns3:hr>109</ns3:hr>
          </ns3:TrackPointExtension>
        </extensions>
      </trkpt>
      <trkpt lat="47.60865672491490840911865234375" lon="18.47692829556763172149658203125">
        <ele>314.20001220703125</ele>
        <time>2022-05-28T10:42:28.000Z</time>
        <extensions>
          <ns3:TrackPointExtension>
            <ns3:hr>111</ns3:hr>
          </ns3:TrackPointExtension>
        </extensions>
      </trkpt>
      <trkpt lat="47.60865672491490840911865234375" lon="18.47692829556763172149658203125">
        <ele>314.20001220703125</ele>
        <time>2022-05-28T10:42:33.000Z</time>
        <extensions>
          <ns3:TrackPointExtension>
            <ns3:hr>114</ns3:hr>
          </ns3:TrackPointExtension>
        </extensions>
      </trkpt>
      <trkpt lat="47.6086076907813549041748046875" lon="18.4769142977893352508544921875">
        <ele>313.79998779296875</ele>
        <time>2022-05-28T10:43:00.000Z</time>
        <extensions>
          <ns3:TrackPointExtension>
            <ns3:hr>111</ns3:hr>
          </ns3:TrackPointExtension>
        </extensions>
      </trkpt>
      <trkpt lat="47.60858346708118915557861328125" lon="18.4769039042294025421142578125">
        <ele>313.79998779296875</ele>
        <time>2022-05-28T10:43:02.000Z</time>
        <extensions>
          <ns3:TrackPointExtension>
            <ns3:hr>110</ns3:hr>
          </ns3:TrackPointExtension>
        </extensions>
      </trkpt>
      <trkpt lat="47.60852714069187641143798828125" lon="18.4768918342888355255126953125">
        <ele>313.20001220703125</ele>
        <time>2022-05-28T10:43:09.000Z</time>
        <extensions>
          <ns3:TrackPointExtension>
            <ns3:hr>110</ns3:hr>
          </ns3:TrackPointExtension>
        </extensions>
      </trkpt>
      <trkpt lat="47.608460672199726104736328125" lon="18.4768448956310749053955078125">
        <ele>313</ele>
        <time>2022-05-28T10:43:17.000Z</time>
        <extensions>
          <ns3:TrackPointExtension>
            <ns3:hr>109</ns3:hr>
          </ns3:TrackPointExtension>
        </extensions>
      </trkpt>
      <trkpt lat="47.60841113515198230743408203125" lon="18.47682637162506580352783203125">
        <ele>312.79998779296875</ele>
        <time>2022-05-28T10:43:22.000Z</time>
        <extensions>
          <ns3:TrackPointExtension>
            <ns3:hr>109</ns3:hr>
          </ns3:TrackPointExtension>
        </extensions>
      </trkpt>
      <trkpt lat="47.60837928391993045806884765625" lon="18.47680793143808841705322265625">
        <ele>312.600006103515625</ele>
        <time>2022-05-28T10:43:26.000Z</time>
        <extensions>
          <ns3:TrackPointExtension>
            <ns3:hr>106</ns3:hr>
          </ns3:TrackPointExtension>
        </extensions>
      </trkpt>
      <trkpt lat="47.6083384640514850616455078125" lon="18.476780690252780914306640625">
        <ele>312.79998779296875</ele>
        <time>2022-05-28T10:43:30.000Z</time>
        <extensions>
          <ns3:TrackPointExtension>
            <ns3:hr>108</ns3:hr>
          </ns3:TrackPointExtension>
        </extensions>
      </trkpt>
      <trkpt lat="47.60826176963746547698974609375" lon="18.47675529308617115020751953125">
        <ele>313.399993896484375</ele>
        <time>2022-05-28T10:43:37.000Z</time>
        <extensions>
          <ns3:TrackPointExtension>
            <ns3:hr>110</ns3:hr>
          </ns3:TrackPointExtension>
        </extensions>
      </trkpt>
      <trkpt lat="47.6081728376448154449462890625" lon="18.4768066741526126861572265625">
        <ele>313.20001220703125</ele>
        <time>2022-05-28T10:43:47.000Z</time>
        <extensions>
          <ns3:TrackPointExtension>
            <ns3:hr>112</ns3:hr>
          </ns3:TrackPointExtension>
        </extensions>
      </trkpt>
      <trkpt lat="47.60802975855767726898193359375" lon="18.47683492116630077362060546875">
        <ele>313.399993896484375</ele>
        <time>2022-05-28T10:43:57.000Z</time>
        <extensions>
          <ns3:TrackPointExtension>
            <ns3:hr>114</ns3:hr>
          </ns3:TrackPointExtension>
        </extensions>
      </trkpt>
      <trkpt lat="47.60797091759741306304931640625" lon="18.47681664861738681793212890625">
        <ele>313.79998779296875</ele>
        <time>2022-05-28T10:44:04.000Z</time>
        <extensions>
          <ns3:TrackPointExtension>
            <ns3:hr>115</ns3:hr>
          </ns3:TrackPointExtension>
        </extensions>
      </trkpt>
      <trkpt lat="47.60792314074933528900146484375" lon="18.47680122591555118560791015625">
        <ele>314</ele>
        <time>2022-05-28T10:44:10.000Z</time>
        <extensions>
          <ns3:TrackPointExtension>
            <ns3:hr>118</ns3:hr>
          </ns3:TrackPointExtension>
        </extensions>
      </trkpt>
      <trkpt lat="47.607881315052509307861328125" lon="18.476823605597019195556640625">
        <ele>314</ele>
        <time>2022-05-28T10:44:13.000Z</time>
        <extensions>
          <ns3:TrackPointExtension>
            <ns3:hr>121</ns3:hr>
          </ns3:TrackPointExtension>
        </extensions>
      </trkpt>
      <trkpt lat="47.60783948935568332672119140625" lon="18.47684933803975582122802734375">
        <ele>313.79998779296875</ele>
        <time>2022-05-28T10:44:18.000Z</time>
        <extensions>
          <ns3:TrackPointExtension>
            <ns3:hr>122</ns3:hr>
          </ns3:TrackPointExtension>
        </extensions>
      </trkpt>
      <trkpt lat="47.60777008719742298126220703125" lon="18.476864509284496307373046875">
        <ele>313.600006103515625</ele>
        <time>2022-05-28T10:44:27.000Z</time>
        <extensions>
          <ns3:TrackPointExtension>
            <ns3:hr>124</ns3:hr>
          </ns3:TrackPointExtension>
        </extensions>
      </trkpt>
      <trkpt lat="47.6076690852642059326171875" lon="18.4768874756991863250732421875">
        <ele>313.399993896484375</ele>
        <time>2022-05-28T10:44:33.000Z</time>
        <extensions>
          <ns3:TrackPointExtension>
            <ns3:hr>125</ns3:hr>
          </ns3:TrackPointExtension>
        </extensions>
      </trkpt>
      <trkpt lat="47.60757311247289180755615234375" lon="18.47689543850719928741455078125">
        <ele>313.399993896484375</ele>
        <time>2022-05-28T10:44:41.000Z</time>
        <extensions>
          <ns3:TrackPointExtension>
            <ns3:hr>128</ns3:hr>
          </ns3:TrackPointExtension>
        </extensions>
      </trkpt>
      <trkpt lat="47.6075629703700542449951171875" lon="18.47688655368983745574951171875">
        <ele>313.399993896484375</ele>
        <time>2022-05-28T10:44:42.000Z</time>
        <extensions>
          <ns3:TrackPointExtension>
            <ns3:hr>129</ns3:hr>
          </ns3:TrackPointExtension>
        </extensions>
      </trkpt>
      <trkpt lat="47.60744537226855754852294921875" lon="18.4768730588257312774658203125">
        <ele>313.399993896484375</ele>
        <time>2022-05-28T10:44:53.000Z</time>
        <extensions>
          <ns3:TrackPointExtension>
            <ns3:hr>131</ns3:hr>
          </ns3:TrackPointExtension>
        </extensions>
      </trkpt>
      <trkpt lat="47.60735149495303630828857421875" lon="18.4768596477806568145751953125">
        <ele>313.600006103515625</ele>
        <time>2022-05-28T10:45:04.000Z</time>
        <extensions>
          <ns3:TrackPointExtension>
            <ns3:hr>129</ns3:hr>
          </ns3:TrackPointExtension>
        </extensions>
      </trkpt>
      <trkpt lat="47.60730086825788021087646484375" lon="18.47686953842639923095703125">
        <ele>313.399993896484375</ele>
        <time>2022-05-28T10:45:10.000Z</time>
        <extensions>
          <ns3:TrackPointExtension>
            <ns3:hr>126</ns3:hr>
          </ns3:TrackPointExtension>
        </extensions>
      </trkpt>
      <trkpt lat="47.607250995934009552001953125" lon="18.476839363574981689453125">
        <ele>313.600006103515625</ele>
        <time>2022-05-28T10:45:15.000Z</time>
        <extensions>
          <ns3:TrackPointExtension>
            <ns3:hr>125</ns3:hr>
          </ns3:TrackPointExtension>
        </extensions>
      </trkpt>
      <trkpt lat="47.60717279277741909027099609375" lon="18.4768502600491046905517578125">
        <ele>312.79998779296875</ele>
        <time>2022-05-28T10:45:23.000Z</time>
        <extensions>
          <ns3:TrackPointExtension>
            <ns3:hr>124</ns3:hr>
          </ns3:TrackPointExtension>
        </extensions>
      </trkpt>
      <trkpt lat="47.6070835255086421966552734375" lon="18.4768304787576198577880859375">
        <ele>312.20001220703125</ele>
        <time>2022-05-28T10:45:30.000Z</time>
        <extensions>
          <ns3:TrackPointExtension>
            <ns3:hr>122</ns3:hr>
          </ns3:TrackPointExtension>
        </extensions>
      </trkpt>
      <trkpt lat="47.60692083276808261871337890625" lon="18.47685084678232669830322265625">
        <ele>310.20001220703125</ele>
        <time>2022-05-28T10:45:40.000Z</time>
        <extensions>
          <ns3:TrackPointExtension>
            <ns3:hr>119</ns3:hr>
          </ns3:TrackPointExtension>
        </extensions>
      </trkpt>
      <trkpt lat="47.60690641589462757110595703125" lon="18.47683710046112537384033203125">
        <ele>310</ele>
        <time>2022-05-28T10:45:42.000Z</time>
        <extensions>
          <ns3:TrackPointExtension>
            <ns3:hr>119</ns3:hr>
          </ns3:TrackPointExtension>
        </extensions>
      </trkpt>
      <trkpt lat="47.60683516971766948699951171875" lon="18.47677222453057765960693359375">
        <ele>308.600006103515625</ele>
        <time>2022-05-28T10:45:52.000Z</time>
        <extensions>
          <ns3:TrackPointExtension>
            <ns3:hr>117</ns3:hr>
          </ns3:TrackPointExtension>
        </extensions>
      </trkpt>
      <trkpt lat="47.60675554163753986358642578125" lon="18.4767057560384273529052734375">
        <ele>307.20001220703125</ele>
        <time>2022-05-28T10:46:02.000Z</time>
        <extensions>
          <ns3:TrackPointExtension>
            <ns3:hr>116</ns3:hr>
          </ns3:TrackPointExtension>
        </extensions>
      </trkpt>
      <trkpt lat="47.60668136179447174072265625" lon="18.4766350127756595611572265625">
        <ele>306</ele>
        <time>2022-05-28T10:46:11.000Z</time>
        <extensions>
          <ns3:TrackPointExtension>
            <ns3:hr>116</ns3:hr>
          </ns3:TrackPointExtension>
        </extensions>
      </trkpt>
      <trkpt lat="47.60665445588529109954833984375" lon="18.476613052189350128173828125">
        <ele>305.600006103515625</ele>
        <time>2022-05-28T10:46:14.000Z</time>
        <extensions>
          <ns3:TrackPointExtension>
            <ns3:hr>113</ns3:hr>
          </ns3:TrackPointExtension>
        </extensions>
      </trkpt>
      <trkpt lat="47.606605589389801025390625" lon="18.476568795740604400634765625">
        <ele>305</ele>
        <time>2022-05-28T10:46:19.000Z</time>
        <extensions>
          <ns3:TrackPointExtension>
            <ns3:hr>110</ns3:hr>
          </ns3:TrackPointExtension>
        </extensions>
      </trkpt>
      <trkpt lat="47.60659678839147090911865234375" lon="18.47655630670487880706787109375">
        <ele>305</ele>
        <time>2022-05-28T10:46:20.000Z</time>
        <extensions>
          <ns3:TrackPointExtension>
            <ns3:hr>110</ns3:hr>
          </ns3:TrackPointExtension>
        </extensions>
      </trkpt>
      <trkpt lat="47.60653291828930377960205078125" lon="18.47645404748618602752685546875">
        <ele>304.600006103515625</ele>
        <time>2022-05-28T10:46:30.000Z</time>
        <extensions>
          <ns3:TrackPointExtension>
            <ns3:hr>109</ns3:hr>
          </ns3:TrackPointExtension>
        </extensions>
      </trkpt>
      <trkpt lat="47.60647726245224475860595703125" lon="18.4764187596738338470458984375">
        <ele>303.79998779296875</ele>
        <time>2022-05-28T10:46:36.000Z</time>
        <extensions>
          <ns3:TrackPointExtension>
            <ns3:hr>112</ns3:hr>
          </ns3:TrackPointExtension>
        </extensions>
      </trkpt>
      <trkpt lat="47.60644675232470035552978515625" lon="18.47638062201440334320068359375">
        <ele>303.600006103515625</ele>
        <time>2022-05-28T10:46:39.000Z</time>
        <extensions>
          <ns3:TrackPointExtension>
            <ns3:hr>113</ns3:hr>
          </ns3:TrackPointExtension>
        </extensions>
      </trkpt>
      <trkpt lat="47.606400735676288604736328125" lon="18.47630015574395656585693359375">
        <ele>303.20001220703125</ele>
        <time>2022-05-28T10:46:45.000Z</time>
        <extensions>
          <ns3:TrackPointExtension>
            <ns3:hr>112</ns3:hr>
          </ns3:TrackPointExtension>
        </extensions>
      </trkpt>
      <trkpt lat="47.60638296604156494140625" lon="18.47626361064612865447998046875">
        <ele>303</ele>
        <time>2022-05-28T10:46:50.000Z</time>
        <extensions>
          <ns3:TrackPointExtension>
            <ns3:hr>111</ns3:hr>
          </ns3:TrackPointExtension>
        </extensions>
      </trkpt>
      <trkpt lat="47.60634499602019786834716796875" lon="18.476138301193714141845703125">
        <ele>303.20001220703125</ele>
        <time>2022-05-28T10:47:00.000Z</time>
        <extensions>
          <ns3:TrackPointExtension>
            <ns3:hr>110</ns3:hr>
          </ns3:TrackPointExtension>
        </extensions>
      </trkpt>
      <trkpt lat="47.6062983088195323944091796875" lon="18.4760583378374576568603515625">
        <ele>302.399993896484375</ele>
        <time>2022-05-28T10:47:08.000Z</time>
        <extensions>
          <ns3:TrackPointExtension>
            <ns3:hr>111</ns3:hr>
          </ns3:TrackPointExtension>
        </extensions>
      </trkpt>
      <trkpt lat="47.6062677986919879913330078125" lon="18.47603193484246730804443359375">
        <ele>301.79998779296875</ele>
        <time>2022-05-28T10:47:12.000Z</time>
        <extensions>
          <ns3:TrackPointExtension>
            <ns3:hr>115</ns3:hr>
          </ns3:TrackPointExtension>
        </extensions>
      </trkpt>
      <trkpt lat="47.60623267851769924163818359375" lon="18.476003520190715789794921875">
        <ele>301</ele>
        <time>2022-05-28T10:47:16.000Z</time>
        <extensions>
          <ns3:TrackPointExtension>
            <ns3:hr>118</ns3:hr>
          </ns3:TrackPointExtension>
        </extensions>
      </trkpt>
      <trkpt lat="47.60620183311402797698974609375" lon="18.47593772225081920623779296875">
        <ele>300.399993896484375</ele>
        <time>2022-05-28T10:47:21.000Z</time>
        <extensions>
          <ns3:TrackPointExtension>
            <ns3:hr>115</ns3:hr>
          </ns3:TrackPointExtension>
        </extensions>
      </trkpt>
      <trkpt lat="47.606169395148754119873046875" lon="18.475845269858837127685546875">
        <ele>299.600006103515625</ele>
        <time>2022-05-28T10:47:26.000Z</time>
        <extensions>
          <ns3:TrackPointExtension>
            <ns3:hr>114</ns3:hr>
          </ns3:TrackPointExtension>
        </extensions>
      </trkpt>
      <trkpt lat="47.6061125658452510833740234375" lon="18.475716523826122283935546875">
        <ele>298.79998779296875</ele>
        <time>2022-05-28T10:47:37.000Z</time>
        <extensions>
          <ns3:TrackPointExtension>
            <ns3:hr>113</ns3:hr>
          </ns3:TrackPointExtension>
        </extensions>
      </trkpt>
      <trkpt lat="47.60601810179650783538818359375" lon="18.475605212152004241943359375">
        <ele>297.600006103515625</ele>
        <time>2022-05-28T10:47:49.000Z</time>
        <extensions>
          <ns3:TrackPointExtension>
            <ns3:hr>113</ns3:hr>
          </ns3:TrackPointExtension>
        </extensions>
      </trkpt>
      <trkpt lat="47.605928666889667510986328125" lon="18.47551099956035614013671875">
        <ele>296.600006103515625</ele>
        <time>2022-05-28T10:47:59.000Z</time>
        <extensions>
          <ns3:TrackPointExtension>
            <ns3:hr>115</ns3:hr>
          </ns3:TrackPointExtension>
        </extensions>
      </trkpt>
      <trkpt lat="47.60585792362689971923828125" lon="18.4754464589059352874755859375">
        <ele>296</ele>
        <time>2022-05-28T10:48:08.000Z</time>
        <extensions>
          <ns3:TrackPointExtension>
            <ns3:hr>114</ns3:hr>
          </ns3:TrackPointExtension>
        </extensions>
      </trkpt>
      <trkpt lat="47.60578525252640247344970703125" lon="18.4753817506134510040283203125">
        <ele>295.600006103515625</ele>
        <time>2022-05-28T10:48:17.000Z</time>
        <extensions>
          <ns3:TrackPointExtension>
            <ns3:hr>115</ns3:hr>
          </ns3:TrackPointExtension>
        </extensions>
      </trkpt>
      <trkpt lat="47.605712078511714935302734375" lon="18.47529181279242038726806640625">
        <ele>295.600006103515625</ele>
        <time>2022-05-28T10:48:26.000Z</time>
        <extensions>
          <ns3:TrackPointExtension>
            <ns3:hr>116</ns3:hr>
          </ns3:TrackPointExtension>
        </extensions>
      </trkpt>
      <trkpt lat="47.605642341077327728271484375" lon="18.47520531155169010162353515625">
        <ele>295.600006103515625</ele>
        <time>2022-05-28T10:48:34.000Z</time>
        <extensions>
          <ns3:TrackPointExtension>
            <ns3:hr>117</ns3:hr>
          </ns3:TrackPointExtension>
        </extensions>
      </trkpt>
      <trkpt lat="47.60563261806964874267578125" lon="18.475195504724979400634765625">
        <ele>295.600006103515625</ele>
        <time>2022-05-28T10:48:35.000Z</time>
        <extensions>
          <ns3:TrackPointExtension>
            <ns3:hr>117</ns3:hr>
          </ns3:TrackPointExtension>
        </extensions>
      </trkpt>
      <trkpt lat="47.605557180941104888916015625" lon="18.47508042119443416595458984375">
        <ele>295.79998779296875</ele>
        <time>2022-05-28T10:48:45.000Z</time>
        <extensions>
          <ns3:TrackPointExtension>
            <ns3:hr>117</ns3:hr>
          </ns3:TrackPointExtension>
        </extensions>
      </trkpt>
      <trkpt lat="47.6054758764803409576416015625" lon="18.4750561974942684173583984375">
        <ele>295.20001220703125</ele>
        <time>2022-05-28T10:48:53.000Z</time>
        <extensions>
          <ns3:TrackPointExtension>
            <ns3:hr>118</ns3:hr>
          </ns3:TrackPointExtension>
        </extensions>
      </trkpt>
      <trkpt lat="47.6053866930305957794189453125" lon="18.474954776465892791748046875">
        <ele>295.399993896484375</ele>
        <time>2022-05-28T10:49:02.000Z</time>
        <extensions>
          <ns3:TrackPointExtension>
            <ns3:hr>118</ns3:hr>
          </ns3:TrackPointExtension>
        </extensions>
      </trkpt>
      <trkpt lat="47.6053283549845218658447265625" lon="18.47491663880646228790283203125">
        <ele>295.399993896484375</ele>
        <time>2022-05-28T10:49:11.000Z</time>
        <extensions>
          <ns3:TrackPointExtension>
            <ns3:hr>118</ns3:hr>
          </ns3:TrackPointExtension>
        </extensions>
      </trkpt>
      <trkpt lat="47.60531184263527393341064453125" lon="18.47489518113434314727783203125">
        <ele>295.399993896484375</ele>
        <time>2022-05-28T10:49:19.000Z</time>
        <extensions>
          <ns3:TrackPointExtension>
            <ns3:hr>115</ns3:hr>
          </ns3:TrackPointExtension>
        </extensions>
      </trkpt>
      <trkpt lat="47.60528066195547580718994140625" lon="18.47488512285053730010986328125">
        <ele>295.20001220703125</ele>
        <time>2022-05-28T10:49:24.000Z</time>
        <extensions>
          <ns3:TrackPointExtension>
            <ns3:hr>115</ns3:hr>
          </ns3:TrackPointExtension>
        </extensions>
      </trkpt>
      <trkpt lat="47.60526540689170360565185546875" lon="18.47488696686923503875732421875">
        <ele>295</ele>
        <time>2022-05-28T10:49:32.000Z</time>
        <extensions>
          <ns3:TrackPointExtension>
            <ns3:hr>116</ns3:hr>
          </ns3:TrackPointExtension>
        </extensions>
      </trkpt>
      <trkpt lat="47.60525844991207122802734375" lon="18.4748761542141437530517578125">
        <ele>295.20001220703125</ele>
        <time>2022-05-28T10:49:40.000Z</time>
        <extensions>
          <ns3:TrackPointExtension>
            <ns3:hr>118</ns3:hr>
          </ns3:TrackPointExtension>
        </extensions>
      </trkpt>
      <trkpt lat="47.60525844991207122802734375" lon="18.474882356822490692138671875">
        <ele>295</ele>
        <time>2022-05-28T10:49:49.000Z</time>
        <extensions>
          <ns3:TrackPointExtension>
            <ns3:hr>115</ns3:hr>
          </ns3:TrackPointExtension>
        </extensions>
      </trkpt>
      <trkpt lat="47.6052582822740077972412109375" lon="18.4748825244605541229248046875">
        <ele>295</ele>
        <time>2022-05-28T10:49:59.000Z</time>
        <extensions>
          <ns3:TrackPointExtension>
            <ns3:hr>112</ns3:hr>
          </ns3:TrackPointExtension>
        </extensions>
      </trkpt>
      <trkpt lat="47.60525819845497608184814453125" lon="18.474882356822490692138671875">
        <ele>295</ele>
        <time>2022-05-28T10:50:00.000Z</time>
        <extensions>
          <ns3:TrackPointExtension>
            <ns3:hr>115</ns3:hr>
          </ns3:TrackPointExtension>
        </extensions>
      </trkpt>
      <trkpt lat="47.605258114635944366455078125" lon="18.4748800098896026611328125">
        <ele>295</ele>
        <time>2022-05-28T10:50:04.000Z</time>
        <extensions>
          <ns3:TrackPointExtension>
            <ns3:hr>112</ns3:hr>
          </ns3:TrackPointExtension>
        </extensions>
      </trkpt>
      <trkpt lat="47.6052284426987171173095703125" lon="18.4748030640184879302978515625">
        <ele>295.79998779296875</ele>
        <time>2022-05-28T10:50:10.000Z</time>
        <extensions>
          <ns3:TrackPointExtension>
            <ns3:hr>113</ns3:hr>
          </ns3:TrackPointExtension>
        </extensions>
      </trkpt>
      <trkpt lat="47.6051694341003894805908203125" lon="18.4747118689119815826416015625">
        <ele>296.600006103515625</ele>
        <time>2022-05-28T10:50:17.000Z</time>
        <extensions>
          <ns3:TrackPointExtension>
            <ns3:hr>113</ns3:hr>
          </ns3:TrackPointExtension>
        </extensions>
      </trkpt>
      <trkpt lat="47.60507429949939250946044921875" lon="18.47460818476974964141845703125">
        <ele>297</ele>
        <time>2022-05-28T10:50:26.000Z</time>
        <extensions>
          <ns3:TrackPointExtension>
            <ns3:hr>113</ns3:hr>
          </ns3:TrackPointExtension>
        </extensions>
      </trkpt>
      <trkpt lat="47.60508737526834011077880859375" lon="18.47464271821081638336181640625">
        <ele>296.600006103515625</ele>
        <time>2022-05-28T10:50:31.000Z</time>
        <extensions>
          <ns3:TrackPointExtension>
            <ns3:hr>112</ns3:hr>
          </ns3:TrackPointExtension>
        </extensions>
      </trkpt>
      <trkpt lat="47.60508402250707149505615234375" lon="18.4745968692004680633544921875">
        <ele>297.20001220703125</ele>
        <time>2022-05-28T10:50:38.000Z</time>
        <extensions>
          <ns3:TrackPointExtension>
            <ns3:hr>116</ns3:hr>
          </ns3:TrackPointExtension>
        </extensions>
      </trkpt>
      <trkpt lat="47.60503113269805908203125" lon="18.47453199326992034912109375">
        <ele>297.600006103515625</ele>
        <time>2022-05-28T10:50:46.000Z</time>
        <extensions>
          <ns3:TrackPointExtension>
            <ns3:hr>118</ns3:hr>
          </ns3:TrackPointExtension>
        </extensions>
      </trkpt>
      <trkpt lat="47.60497748851776123046875" lon="18.4745039977133274078369140625">
        <ele>297.399993896484375</ele>
        <time>2022-05-28T10:50:51.000Z</time>
        <extensions>
          <ns3:TrackPointExtension>
            <ns3:hr>121</ns3:hr>
          </ns3:TrackPointExtension>
        </extensions>
      </trkpt>
      <trkpt lat="47.604961059987545013427734375" lon="18.4744912572205066680908203125">
        <ele>297.399993896484375</ele>
        <time>2022-05-28T10:50:53.000Z</time>
        <extensions>
          <ns3:TrackPointExtension>
            <ns3:hr>121</ns3:hr>
          </ns3:TrackPointExtension>
        </extensions>
      </trkpt>
      <trkpt lat="47.60486475192010402679443359375" lon="18.4744174964725971221923828125">
        <ele>297.399993896484375</ele>
        <time>2022-05-28T10:51:01.000Z</time>
        <extensions>
          <ns3:TrackPointExtension>
            <ns3:hr>121</ns3:hr>
          </ns3:TrackPointExtension>
        </extensions>
      </trkpt>
      <trkpt lat="47.60475913994014263153076171875" lon="18.47438053227961063385009765625">
        <ele>296.399993896484375</ele>
        <time>2022-05-28T10:51:09.000Z</time>
        <extensions>
          <ns3:TrackPointExtension>
            <ns3:hr>120</ns3:hr>
          </ns3:TrackPointExtension>
        </extensions>
      </trkpt>
      <trkpt lat="47.60473005473613739013671875" lon="18.47435756586492061614990234375">
        <ele>296.399993896484375</ele>
        <time>2022-05-28T10:51:11.000Z</time>
        <extensions>
          <ns3:TrackPointExtension>
            <ns3:hr>120</ns3:hr>
          </ns3:TrackPointExtension>
        </extensions>
      </trkpt>
      <trkpt lat="47.6046879775822162628173828125" lon="18.47433376125991344451904296875">
        <ele>296.600006103515625</ele>
        <time>2022-05-28T10:51:15.000Z</time>
        <extensions>
          <ns3:TrackPointExtension>
            <ns3:hr>121</ns3:hr>
          </ns3:TrackPointExtension>
        </extensions>
      </trkpt>
      <trkpt lat="47.604621760547161102294921875" lon="18.47424340434372425079345703125">
        <ele>297</ele>
        <time>2022-05-28T10:51:22.000Z</time>
        <extensions>
          <ns3:TrackPointExtension>
            <ns3:hr>120</ns3:hr>
          </ns3:TrackPointExtension>
        </extensions>
      </trkpt>
      <trkpt lat="47.60461069643497467041015625" lon="18.47423669882118701934814453125">
        <ele>297</ele>
        <time>2022-05-28T10:51:23.000Z</time>
        <extensions>
          <ns3:TrackPointExtension>
            <ns3:hr>121</ns3:hr>
          </ns3:TrackPointExtension>
        </extensions>
      </trkpt>
      <trkpt lat="47.60457155294716358184814453125" lon="18.4741687215864658355712890625">
        <ele>297.20001220703125</ele>
        <time>2022-05-28T10:51:28.000Z</time>
        <extensions>
          <ns3:TrackPointExtension>
            <ns3:hr>122</ns3:hr>
          </ns3:TrackPointExtension>
        </extensions>
      </trkpt>
      <trkpt lat="47.60451321490108966827392578125" lon="18.47410091198980808258056640625">
        <ele>297.600006103515625</ele>
        <time>2022-05-28T10:51:34.000Z</time>
        <extensions>
          <ns3:TrackPointExtension>
            <ns3:hr>121</ns3:hr>
          </ns3:TrackPointExtension>
        </extensions>
      </trkpt>
      <trkpt lat="47.6044546253979206085205078125" lon="18.4740453399717807769775390625">
        <ele>297.79998779296875</ele>
        <time>2022-05-28T10:51:40.000Z</time>
        <extensions>
          <ns3:TrackPointExtension>
            <ns3:hr>122</ns3:hr>
          </ns3:TrackPointExtension>
        </extensions>
      </trkpt>
      <trkpt lat="47.60443207807838916778564453125" lon="18.474071323871612548828125">
        <ele>297.600006103515625</ele>
        <time>2022-05-28T10:51:42.000Z</time>
        <extensions>
          <ns3:TrackPointExtension>
            <ns3:hr>122</ns3:hr>
          </ns3:TrackPointExtension>
        </extensions>
      </trkpt>
      <trkpt lat="47.60439821518957614898681640625" lon="18.47405145876109600067138671875">
        <ele>297.79998779296875</ele>
        <time>2022-05-28T10:51:47.000Z</time>
        <extensions>
          <ns3:TrackPointExtension>
            <ns3:hr>121</ns3:hr>
          </ns3:TrackPointExtension>
        </extensions>
      </trkpt>
      <trkpt lat="47.6043392904102802276611328125" lon="18.47399555146694183349609375">
        <ele>298.20001220703125</ele>
        <time>2022-05-28T10:51:55.000Z</time>
        <extensions>
          <ns3:TrackPointExtension>
            <ns3:hr>120</ns3:hr>
          </ns3:TrackPointExtension>
        </extensions>
      </trkpt>
      <trkpt lat="47.60429763235151767730712890625" lon="18.4739796258509159088134765625">
        <ele>298.20001220703125</ele>
        <time>2022-05-28T10:52:01.000Z</time>
        <extensions>
          <ns3:TrackPointExtension>
            <ns3:hr>119</ns3:hr>
          </ns3:TrackPointExtension>
        </extensions>
      </trkpt>
      <trkpt lat="47.604233510792255401611328125" lon="18.4739481098949909210205078125">
        <ele>298.600006103515625</ele>
        <time>2022-05-28T10:52:07.000Z</time>
        <extensions>
          <ns3:TrackPointExtension>
            <ns3:hr>119</ns3:hr>
          </ns3:TrackPointExtension>
        </extensions>
      </trkpt>
      <trkpt lat="47.60410082526504993438720703125" lon="18.473918102681636810302734375">
        <ele>297.79998779296875</ele>
        <time>2022-05-28T10:52:16.000Z</time>
        <extensions>
          <ns3:TrackPointExtension>
            <ns3:hr>116</ns3:hr>
          </ns3:TrackPointExtension>
        </extensions>
      </trkpt>
      <trkpt lat="47.60405103676021099090576171875" lon="18.47390661947429180145263671875">
        <ele>297.20001220703125</ele>
        <time>2022-05-28T10:52:19.000Z</time>
        <extensions>
          <ns3:TrackPointExtension>
            <ns3:hr>115</ns3:hr>
          </ns3:TrackPointExtension>
        </extensions>
      </trkpt>
      <trkpt lat="47.6040160842239856719970703125" lon="18.4738733433187007904052734375">
        <ele>297.20001220703125</ele>
        <time>2022-05-28T10:52:22.000Z</time>
        <extensions>
          <ns3:TrackPointExtension>
            <ns3:hr>115</ns3:hr>
          </ns3:TrackPointExtension>
        </extensions>
      </trkpt>
      <trkpt lat="47.6039225421845912933349609375" lon="18.47385934554040431976318359375">
        <ele>296.399993896484375</ele>
        <time>2022-05-28T10:52:31.000Z</time>
        <extensions>
          <ns3:TrackPointExtension>
            <ns3:hr>114</ns3:hr>
          </ns3:TrackPointExtension>
        </extensions>
      </trkpt>
      <trkpt lat="47.60392145253717899322509765625" lon="18.47386135719716548919677734375">
        <ele>296.399993896484375</ele>
        <time>2022-05-28T10:52:32.000Z</time>
        <extensions>
          <ns3:TrackPointExtension>
            <ns3:hr>114</ns3:hr>
          </ns3:TrackPointExtension>
        </extensions>
      </trkpt>
      <trkpt lat="47.6039228774607181549072265625" lon="18.47385875880718231201171875">
        <ele>296.399993896484375</ele>
        <time>2022-05-28T10:52:43.000Z</time>
        <extensions>
          <ns3:TrackPointExtension>
            <ns3:hr>111</ns3:hr>
          </ns3:TrackPointExtension>
        </extensions>
      </trkpt>
      <trkpt lat="47.6039165072143077850341796875" lon="18.47385280765593051910400390625">
        <ele>296.399993896484375</ele>
        <time>2022-05-28T10:52:49.000Z</time>
        <extensions>
          <ns3:TrackPointExtension>
            <ns3:hr>114</ns3:hr>
          </ns3:TrackPointExtension>
        </extensions>
      </trkpt>
      <trkpt lat="47.60386328212916851043701171875" lon="18.47382263280451297760009765625">
        <ele>296.20001220703125</ele>
        <time>2022-05-28T10:52:52.000Z</time>
        <extensions>
          <ns3:TrackPointExtension>
            <ns3:hr>116</ns3:hr>
          </ns3:TrackPointExtension>
        </extensions>
      </trkpt>
      <trkpt lat="47.60384115390479564666748046875" lon="18.473813496530055999755859375">
        <ele>296.20001220703125</ele>
        <time>2022-05-28T10:52:53.000Z</time>
        <extensions>
          <ns3:TrackPointExtension>
            <ns3:hr>117</ns3:hr>
          </ns3:TrackPointExtension>
        </extensions>
      </trkpt>
      <trkpt lat="47.6037800498306751251220703125" lon="18.47377267666161060333251953125">
        <ele>296</ele>
        <time>2022-05-28T10:52:57.000Z</time>
        <extensions>
          <ns3:TrackPointExtension>
            <ns3:hr>120</ns3:hr>
          </ns3:TrackPointExtension>
        </extensions>
      </trkpt>
      <trkpt lat="47.6037488691508769989013671875" lon="18.47373981960117816925048828125">
        <ele>296.20001220703125</ele>
        <time>2022-05-28T10:53:00.000Z</time>
        <extensions>
          <ns3:TrackPointExtension>
            <ns3:hr>122</ns3:hr>
          </ns3:TrackPointExtension>
        </extensions>
      </trkpt>
      <trkpt lat="47.603686340153217315673828125" lon="18.47369003109633922576904296875">
        <ele>296.20001220703125</ele>
        <time>2022-05-28T10:53:07.000Z</time>
        <extensions>
          <ns3:TrackPointExtension>
            <ns3:hr>122</ns3:hr>
          </ns3:TrackPointExtension>
        </extensions>
      </trkpt>
      <trkpt lat="47.603626661002635955810546875" lon="18.47359028644859790802001953125">
        <ele>297</ele>
        <time>2022-05-28T10:53:15.000Z</time>
        <extensions>
          <ns3:TrackPointExtension>
            <ns3:hr>119</ns3:hr>
          </ns3:TrackPointExtension>
        </extensions>
      </trkpt>
      <trkpt lat="47.60357896797358989715576171875" lon="18.47350898198783397674560546875">
        <ele>297.79998779296875</ele>
        <time>2022-05-28T10:53:22.000Z</time>
        <extensions>
          <ns3:TrackPointExtension>
            <ns3:hr>118</ns3:hr>
          </ns3:TrackPointExtension>
        </extensions>
      </trkpt>
      <trkpt lat="47.6035518944263458251953125" lon="18.47347394563257694244384765625">
        <ele>298</ele>
        <time>2022-05-28T10:53:24.000Z</time>
        <extensions>
          <ns3:TrackPointExtension>
            <ns3:hr>118</ns3:hr>
          </ns3:TrackPointExtension>
        </extensions>
      </trkpt>
      <trkpt lat="47.6034390740096569061279296875" lon="18.4733821637928485870361328125">
        <ele>298</ele>
        <time>2022-05-28T10:53:34.000Z</time>
        <extensions>
          <ns3:TrackPointExtension>
            <ns3:hr>118</ns3:hr>
          </ns3:TrackPointExtension>
        </extensions>
      </trkpt>
      <trkpt lat="47.60339406318962574005126953125" lon="18.47336120903491973876953125">
        <ele>297.79998779296875</ele>
        <time>2022-05-28T10:53:38.000Z</time>
        <extensions>
          <ns3:TrackPointExtension>
            <ns3:hr>118</ns3:hr>
          </ns3:TrackPointExtension>
        </extensions>
      </trkpt>
      <trkpt lat="47.60335701517760753631591796875" lon="18.473331034183502197265625">
        <ele>298</ele>
        <time>2022-05-28T10:53:41.000Z</time>
        <extensions>
          <ns3:TrackPointExtension>
            <ns3:hr>121</ns3:hr>
          </ns3:TrackPointExtension>
        </extensions>
      </trkpt>
      <trkpt lat="47.6032989285886287689208984375" lon="18.47328878939151763916015625">
        <ele>298</ele>
        <time>2022-05-28T10:53:47.000Z</time>
        <extensions>
          <ns3:TrackPointExtension>
            <ns3:hr>118</ns3:hr>
          </ns3:TrackPointExtension>
        </extensions>
      </trkpt>
      <trkpt lat="47.6032890379428863525390625" lon="18.473279736936092376708984375">
        <ele>298</ele>
        <time>2022-05-28T10:53:48.000Z</time>
        <extensions>
          <ns3:TrackPointExtension>
            <ns3:hr>118</ns3:hr>
          </ns3:TrackPointExtension>
        </extensions>
      </trkpt>
      <trkpt lat="47.60319583117961883544921875" lon="18.4732098318636417388916015625">
        <ele>297.79998779296875</ele>
        <time>2022-05-28T10:53:56.000Z</time>
        <extensions>
          <ns3:TrackPointExtension>
            <ns3:hr>118</ns3:hr>
          </ns3:TrackPointExtension>
        </extensions>
      </trkpt>
      <trkpt lat="47.6031634770333766937255859375" lon="18.47317957319319248199462890625">
        <ele>297.79998779296875</ele>
        <time>2022-05-28T10:54:00.000Z</time>
        <extensions>
          <ns3:TrackPointExtension>
            <ns3:hr>118</ns3:hr>
          </ns3:TrackPointExtension>
        </extensions>
      </trkpt>
      <trkpt lat="47.60316657833755016326904296875" lon="18.4731833450496196746826171875">
        <ele>297.79998779296875</ele>
        <time>2022-05-28T10:54:02.000Z</time>
        <extensions>
          <ns3:TrackPointExtension>
            <ns3:hr>117</ns3:hr>
          </ns3:TrackPointExtension>
        </extensions>
      </trkpt>
      <trkpt lat="47.60316976346075534820556640625" lon="18.4731883741915225982666015625">
        <ele>297.79998779296875</ele>
        <time>2022-05-28T10:54:03.000Z</time>
        <extensions>
          <ns3:TrackPointExtension>
            <ns3:hr>119</ns3:hr>
          </ns3:TrackPointExtension>
        </extensions>
      </trkpt>
      <trkpt lat="47.6031701825559139251708984375" lon="18.4731980971992015838623046875">
        <ele>297.79998779296875</ele>
        <time>2022-05-28T10:54:07.000Z</time>
        <extensions>
          <ns3:TrackPointExtension>
            <ns3:hr>117</ns3:hr>
          </ns3:TrackPointExtension>
        </extensions>
      </trkpt>
      <trkpt lat="47.6031711883842945098876953125" lon="18.473198600113391876220703125">
        <ele>297.79998779296875</ele>
        <time>2022-05-28T10:54:15.000Z</time>
        <extensions>
          <ns3:TrackPointExtension>
            <ns3:hr>117</ns3:hr>
          </ns3:TrackPointExtension>
        </extensions>
      </trkpt>
      <trkpt lat="47.60314160026609897613525390625" lon="18.47316046245396137237548828125">
        <ele>297.79998779296875</ele>
        <time>2022-05-28T10:54:20.000Z</time>
        <extensions>
          <ns3:TrackPointExtension>
            <ns3:hr>120</ns3:hr>
          </ns3:TrackPointExtension>
        </extensions>
      </trkpt>
      <trkpt lat="47.603132463991641998291015625" lon="18.473146967589855194091796875">
        <ele>297.79998779296875</ele>
        <time>2022-05-28T10:54:21.000Z</time>
        <extensions>
          <ns3:TrackPointExtension>
            <ns3:hr>119</ns3:hr>
          </ns3:TrackPointExtension>
        </extensions>
      </trkpt>
      <trkpt lat="47.60312332771718502044677734375" lon="18.4731293655931949615478515625">
        <ele>297.79998779296875</ele>
        <time>2022-05-28T10:54:22.000Z</time>
        <extensions>
          <ns3:TrackPointExtension>
            <ns3:hr>120</ns3:hr>
          </ns3:TrackPointExtension>
        </extensions>
      </trkpt>
      <trkpt lat="47.6030934043228626251220703125" lon="18.47308418713510036468505859375">
        <ele>298</ele>
        <time>2022-05-28T10:54:25.000Z</time>
        <extensions>
          <ns3:TrackPointExtension>
            <ns3:hr>121</ns3:hr>
          </ns3:TrackPointExtension>
        </extensions>
      </trkpt>
      <trkpt lat="47.60307337157428264617919921875" lon="18.4730210714042186737060546875">
        <ele>298.20001220703125</ele>
        <time>2022-05-28T10:54:29.000Z</time>
        <extensions>
          <ns3:TrackPointExtension>
            <ns3:hr>124</ns3:hr>
          </ns3:TrackPointExtension>
        </extensions>
      </trkpt>
      <trkpt lat="47.6030652411282062530517578125" lon="18.47301461733877658843994140625">
        <ele>298.20001220703125</ele>
        <time>2022-05-28T10:54:30.000Z</time>
        <extensions>
          <ns3:TrackPointExtension>
            <ns3:hr>125</ns3:hr>
          </ns3:TrackPointExtension>
        </extensions>
      </trkpt>
      <trkpt lat="47.60297999717295169830322265625" lon="18.47293633036315441131591796875">
        <ele>298</ele>
        <time>2022-05-28T10:54:40.000Z</time>
        <extensions>
          <ns3:TrackPointExtension>
            <ns3:hr>126</ns3:hr>
          </ns3:TrackPointExtension>
        </extensions>
      </trkpt>
      <trkpt lat="47.60293490253388881683349609375" lon="18.47289877943694591522216796875">
        <ele>298</ele>
        <time>2022-05-28T10:54:44.000Z</time>
        <extensions>
          <ns3:TrackPointExtension>
            <ns3:hr>126</ns3:hr>
          </ns3:TrackPointExtension>
        </extensions>
      </trkpt>
      <trkpt lat="47.60290590114891529083251953125" lon="18.472883440554141998291015625">
        <ele>298</ele>
        <time>2022-05-28T10:54:47.000Z</time>
        <extensions>
          <ns3:TrackPointExtension>
            <ns3:hr>125</ns3:hr>
          </ns3:TrackPointExtension>
        </extensions>
      </trkpt>
      <trkpt lat="47.602851502597332000732421875" lon="18.4728396870195865631103515625">
        <ele>298</ele>
        <time>2022-05-28T10:54:53.000Z</time>
        <extensions>
          <ns3:TrackPointExtension>
            <ns3:hr>124</ns3:hr>
          </ns3:TrackPointExtension>
        </extensions>
      </trkpt>
      <trkpt lat="47.60283817537128925323486328125" lon="18.4728326462209224700927734375">
        <ele>297.79998779296875</ele>
        <time>2022-05-28T10:54:55.000Z</time>
        <extensions>
          <ns3:TrackPointExtension>
            <ns3:hr>124</ns3:hr>
          </ns3:TrackPointExtension>
        </extensions>
      </trkpt>
      <trkpt lat="47.6027970202267169952392578125" lon="18.47281982190907001495361328125">
        <ele>297.79998779296875</ele>
        <time>2022-05-28T10:54:59.000Z</time>
        <extensions>
          <ns3:TrackPointExtension>
            <ns3:hr>122</ns3:hr>
          </ns3:TrackPointExtension>
        </extensions>
      </trkpt>
      <trkpt lat="47.60277296416461467742919921875" lon="18.47281546331942081451416015625">
        <ele>297.600006103515625</ele>
        <time>2022-05-28T10:55:01.000Z</time>
        <extensions>
          <ns3:TrackPointExtension>
            <ns3:hr>121</ns3:hr>
          </ns3:TrackPointExtension>
        </extensions>
      </trkpt>
      <trkpt lat="47.60275955311954021453857421875" lon="18.47280423156917095184326171875">
        <ele>297.600006103515625</ele>
        <time>2022-05-28T10:55:02.000Z</time>
        <extensions>
          <ns3:TrackPointExtension>
            <ns3:hr>121</ns3:hr>
          </ns3:TrackPointExtension>
        </extensions>
      </trkpt>
      <trkpt lat="47.60271345265209674835205078125" lon="18.47269962541759014129638671875">
        <ele>297.399993896484375</ele>
        <time>2022-05-28T10:55:07.000Z</time>
        <extensions>
          <ns3:TrackPointExtension>
            <ns3:hr>118</ns3:hr>
          </ns3:TrackPointExtension>
        </extensions>
      </trkpt>
      <trkpt lat="47.602668106555938720703125" lon="18.47268353216350078582763671875">
        <ele>297</ele>
        <time>2022-05-28T10:55:10.000Z</time>
        <extensions>
          <ns3:TrackPointExtension>
            <ns3:hr>115</ns3:hr>
          </ns3:TrackPointExtension>
        </extensions>
      </trkpt>
      <trkpt lat="47.60263114236295223236083984375" lon="18.472668193280696868896484375">
        <ele>296.79998779296875</ele>
        <time>2022-05-28T10:55:13.000Z</time>
        <extensions>
          <ns3:TrackPointExtension>
            <ns3:hr>118</ns3:hr>
          </ns3:TrackPointExtension>
        </extensions>
      </trkpt>
      <trkpt lat="47.6026082597672939300537109375" lon="18.4726512618362903594970703125">
        <ele>296.600006103515625</ele>
        <time>2022-05-28T10:55:15.000Z</time>
        <extensions>
          <ns3:TrackPointExtension>
            <ns3:hr>117</ns3:hr>
          </ns3:TrackPointExtension>
        </extensions>
      </trkpt>
      <trkpt lat="47.60252200998365879058837890625" lon="18.472565598785877227783203125">
        <ele>296</ele>
        <time>2022-05-28T10:55:24.000Z</time>
        <extensions>
          <ns3:TrackPointExtension>
            <ns3:hr>115</ns3:hr>
          </ns3:TrackPointExtension>
        </extensions>
      </trkpt>
      <trkpt lat="47.60247088037431240081787109375" lon="18.47256266511976718902587890625">
        <ele>295.399993896484375</ele>
        <time>2022-05-28T10:55:29.000Z</time>
        <extensions>
          <ns3:TrackPointExtension>
            <ns3:hr>115</ns3:hr>
          </ns3:TrackPointExtension>
        </extensions>
      </trkpt>
      <trkpt lat="47.60246233083307743072509765625" lon="18.472568951547145843505859375">
        <ele>295.20001220703125</ele>
        <time>2022-05-28T10:55:31.000Z</time>
        <extensions>
          <ns3:TrackPointExtension>
            <ns3:hr>114</ns3:hr>
          </ns3:TrackPointExtension>
        </extensions>
      </trkpt>
      <trkpt lat="47.60244548320770263671875" lon="18.4725650958716869354248046875">
        <ele>295.20001220703125</ele>
        <time>2022-05-28T10:55:38.000Z</time>
        <extensions>
          <ns3:TrackPointExtension>
            <ns3:hr>114</ns3:hr>
          </ns3:TrackPointExtension>
        </extensions>
      </trkpt>
      <trkpt lat="47.60244338773190975189208984375" lon="18.4725523553788661956787109375">
        <ele>295</ele>
        <time>2022-05-28T10:55:44.000Z</time>
        <extensions>
          <ns3:TrackPointExtension>
            <ns3:hr>114</ns3:hr>
          </ns3:TrackPointExtension>
        </extensions>
      </trkpt>
      <trkpt lat="47.60244221426546573638916015625" lon="18.47257842309772968292236328125">
        <ele>295</ele>
        <time>2022-05-28T10:55:52.000Z</time>
        <extensions>
          <ns3:TrackPointExtension>
            <ns3:hr>116</ns3:hr>
          </ns3:TrackPointExtension>
        </extensions>
      </trkpt>
      <trkpt lat="47.60251312516629695892333984375" lon="18.47252243198454380035400390625">
        <ele>295.79998779296875</ele>
        <time>2022-05-28T10:55:55.000Z</time>
        <extensions>
          <ns3:TrackPointExtension>
            <ns3:hr>117</ns3:hr>
          </ns3:TrackPointExtension>
        </extensions>
      </trkpt>
      <trkpt lat="47.6025710441172122955322265625" lon="18.472485803067684173583984375">
        <ele>296.399993896484375</ele>
        <time>2022-05-28T10:56:01.000Z</time>
        <extensions>
          <ns3:TrackPointExtension>
            <ns3:hr>118</ns3:hr>
          </ns3:TrackPointExtension>
        </extensions>
      </trkpt>
      <trkpt lat="47.60256391949951648712158203125" lon="18.47248823381960391998291015625">
        <ele>296.20001220703125</ele>
        <time>2022-05-28T10:56:06.000Z</time>
        <extensions>
          <ns3:TrackPointExtension>
            <ns3:hr>120</ns3:hr>
          </ns3:TrackPointExtension>
        </extensions>
      </trkpt>
      <trkpt lat="47.6025743968784809112548828125" lon="18.4724980406463146209716796875">
        <ele>296.399993896484375</ele>
        <time>2022-05-28T10:56:12.000Z</time>
        <extensions>
          <ns3:TrackPointExtension>
            <ns3:hr>120</ns3:hr>
          </ns3:TrackPointExtension>
        </extensions>
      </trkpt>
      <trkpt lat="47.60252620093524456024169921875" lon="18.47252913750708103179931640625">
        <ele>296</ele>
        <time>2022-05-28T10:56:16.000Z</time>
        <extensions>
          <ns3:TrackPointExtension>
            <ns3:hr>120</ns3:hr>
          </ns3:TrackPointExtension>
        </extensions>
      </trkpt>
      <trkpt lat="47.60251723229885101318359375" lon="18.4725184924900531768798828125">
        <ele>295.79998779296875</ele>
        <time>2022-05-28T10:56:21.000Z</time>
        <extensions>
          <ns3:TrackPointExtension>
            <ns3:hr>123</ns3:hr>
          </ns3:TrackPointExtension>
        </extensions>
      </trkpt>
      <trkpt lat="47.6025180704891681671142578125" lon="18.47251673229038715362548828125">
        <ele>295.79998779296875</ele>
        <time>2022-05-28T10:56:22.000Z</time>
        <extensions>
          <ns3:TrackPointExtension>
            <ns3:hr>124</ns3:hr>
          </ns3:TrackPointExtension>
        </extensions>
      </trkpt>
      <trkpt lat="47.6025272905826568603515625" lon="18.47251757048070430755615234375">
        <ele>296</ele>
        <time>2022-05-28T10:56:29.000Z</time>
        <extensions>
          <ns3:TrackPointExtension>
            <ns3:hr>124</ns3:hr>
          </ns3:TrackPointExtension>
        </extensions>
      </trkpt>
      <trkpt lat="47.60252553038299083709716796875" lon="18.47252846695482730865478515625">
        <ele>296</ele>
        <time>2022-05-28T10:56:38.000Z</time>
        <extensions>
          <ns3:TrackPointExtension>
            <ns3:hr>122</ns3:hr>
          </ns3:TrackPointExtension>
        </extensions>
      </trkpt>
      <trkpt lat="47.60251111350953578948974609375" lon="18.4724687039852142333984375">
        <ele>296</ele>
        <time>2022-05-28T10:56:43.000Z</time>
        <extensions>
          <ns3:TrackPointExtension>
            <ns3:hr>120</ns3:hr>
          </ns3:TrackPointExtension>
        </extensions>
      </trkpt>
      <trkpt lat="47.60251262225210666656494140625" lon="18.47242855466902256011962890625">
        <ele>296.20001220703125</ele>
        <time>2022-05-28T10:56:50.000Z</time>
        <extensions>
          <ns3:TrackPointExtension>
            <ns3:hr>117</ns3:hr>
          </ns3:TrackPointExtension>
        </extensions>
      </trkpt>
      <trkpt lat="47.6025076769292354583740234375" lon="18.47243660129606723785400390625">
        <ele>296.20001220703125</ele>
        <time>2022-05-28T10:56:54.000Z</time>
        <extensions>
          <ns3:TrackPointExtension>
            <ns3:hr>120</ns3:hr>
          </ns3:TrackPointExtension>
        </extensions>
      </trkpt>
      <trkpt lat="47.6025056652724742889404296875" lon="18.472436852753162384033203125">
        <ele>296</ele>
        <time>2022-05-28T10:56:58.000Z</time>
        <extensions>
          <ns3:TrackPointExtension>
            <ns3:hr>118</ns3:hr>
          </ns3:TrackPointExtension>
        </extensions>
      </trkpt>
      <trkpt lat="47.60242762975394725799560546875" lon="18.47236284054815769195556640625">
        <ele>295.399993896484375</ele>
        <time>2022-05-28T10:57:13.000Z</time>
        <extensions>
          <ns3:TrackPointExtension>
            <ns3:hr>116</ns3:hr>
          </ns3:TrackPointExtension>
        </extensions>
      </trkpt>
      <trkpt lat="47.60230743326246738433837890625" lon="18.4722697176039218902587890625">
        <ele>294.399993896484375</ele>
        <time>2022-05-28T10:57:22.000Z</time>
        <extensions>
          <ns3:TrackPointExtension>
            <ns3:hr>119</ns3:hr>
          </ns3:TrackPointExtension>
        </extensions>
      </trkpt>
      <trkpt lat="47.6022295653820037841796875" lon="18.47216938622295856475830078125">
        <ele>294</ele>
        <time>2022-05-28T10:57:31.000Z</time>
        <extensions>
          <ns3:TrackPointExtension>
            <ns3:hr>120</ns3:hr>
          </ns3:TrackPointExtension>
        </extensions>
      </trkpt>
      <trkpt lat="47.60214733891189098358154296875" lon="18.47210031934082508087158203125">
        <ele>293.399993896484375</ele>
        <time>2022-05-28T10:57:40.000Z</time>
        <extensions>
          <ns3:TrackPointExtension>
            <ns3:hr>119</ns3:hr>
          </ns3:TrackPointExtension>
        </extensions>
      </trkpt>
      <trkpt lat="47.6020808704197406768798828125" lon="18.4720253013074398040771484375">
        <ele>293</ele>
        <time>2022-05-28T10:57:47.000Z</time>
        <extensions>
          <ns3:TrackPointExtension>
            <ns3:hr>119</ns3:hr>
          </ns3:TrackPointExtension>
        </extensions>
      </trkpt>
      <trkpt lat="47.602052204310894012451171875" lon="18.4720071963965892791748046875">
        <ele>292.600006103515625</ele>
        <time>2022-05-28T10:57:50.000Z</time>
        <extensions>
          <ns3:TrackPointExtension>
            <ns3:hr>119</ns3:hr>
          </ns3:TrackPointExtension>
        </extensions>
      </trkpt>
      <trkpt lat="47.60201138444244861602783203125" lon="18.4719662927091121673583984375">
        <ele>292.399993896484375</ele>
        <time>2022-05-28T10:57:55.000Z</time>
        <extensions>
          <ns3:TrackPointExtension>
            <ns3:hr>119</ns3:hr>
          </ns3:TrackPointExtension>
        </extensions>
      </trkpt>
      <trkpt lat="47.60194499976933002471923828125" lon="18.4719371236860752105712890625">
        <ele>291.79998779296875</ele>
        <time>2022-05-28T10:58:02.000Z</time>
        <extensions>
          <ns3:TrackPointExtension>
            <ns3:hr>119</ns3:hr>
          </ns3:TrackPointExtension>
        </extensions>
      </trkpt>
      <trkpt lat="47.60193896479904651641845703125" lon="18.47193025052547454833984375">
        <ele>292</ele>
        <time>2022-05-28T10:58:03.000Z</time>
        <extensions>
          <ns3:TrackPointExtension>
            <ns3:hr>121</ns3:hr>
          </ns3:TrackPointExtension>
        </extensions>
      </trkpt>
      <trkpt lat="47.6019219495356082916259765625" lon="18.471906445920467376708984375">
        <ele>292</ele>
        <time>2022-05-28T10:58:05.000Z</time>
        <extensions>
          <ns3:TrackPointExtension>
            <ns3:hr>119</ns3:hr>
          </ns3:TrackPointExtension>
        </extensions>
      </trkpt>
      <trkpt lat="47.6019001565873622894287109375" lon="18.47186998464167118072509765625">
        <ele>292</ele>
        <time>2022-05-28T10:58:07.000Z</time>
        <extensions>
          <ns3:TrackPointExtension>
            <ns3:hr>122</ns3:hr>
          </ns3:TrackPointExtension>
        </extensions>
      </trkpt>
      <trkpt lat="47.60188951157033443450927734375" lon="18.4718566574156284332275390625">
        <ele>292</ele>
        <time>2022-05-28T10:58:08.000Z</time>
        <extensions>
          <ns3:TrackPointExtension>
            <ns3:hr>119</ns3:hr>
          </ns3:TrackPointExtension>
        </extensions>
      </trkpt>
      <trkpt lat="47.6018790341913700103759765625" lon="18.47184601239860057830810546875">
        <ele>292</ele>
        <time>2022-05-28T10:58:09.000Z</time>
        <extensions>
          <ns3:TrackPointExtension>
            <ns3:hr>120</ns3:hr>
          </ns3:TrackPointExtension>
        </extensions>
      </trkpt>
      <trkpt lat="47.60186235420405864715576171875" lon="18.47181851975619792938232421875">
        <ele>292</ele>
        <time>2022-05-28T10:58:11.000Z</time>
        <extensions>
          <ns3:TrackPointExtension>
            <ns3:hr>117</ns3:hr>
          </ns3:TrackPointExtension>
        </extensions>
      </trkpt>
      <trkpt lat="47.6018540561199188232421875" lon="18.471808545291423797607421875">
        <ele>292</ele>
        <time>2022-05-28T10:58:12.000Z</time>
        <extensions>
          <ns3:TrackPointExtension>
            <ns3:hr>118</ns3:hr>
          </ns3:TrackPointExtension>
        </extensions>
      </trkpt>
      <trkpt lat="47.601802088320255279541015625" lon="18.47178264521062374114990234375">
        <ele>292</ele>
        <time>2022-05-28T10:58:16.000Z</time>
        <extensions>
          <ns3:TrackPointExtension>
            <ns3:hr>120</ns3:hr>
          </ns3:TrackPointExtension>
        </extensions>
      </trkpt>
      <trkpt lat="47.601712234318256378173828125" lon="18.4717054478824138641357421875">
        <ele>291.79998779296875</ele>
        <time>2022-05-28T10:58:25.000Z</time>
        <extensions>
          <ns3:TrackPointExtension>
            <ns3:hr>121</ns3:hr>
          </ns3:TrackPointExtension>
        </extensions>
      </trkpt>
      <trkpt lat="47.60163537226617336273193359375" lon="18.4716372191905975341796875">
        <ele>291.399993896484375</ele>
        <time>2022-05-28T10:58:32.000Z</time>
        <extensions>
          <ns3:TrackPointExtension>
            <ns3:hr>124</ns3:hr>
          </ns3:TrackPointExtension>
        </extensions>
      </trkpt>
      <trkpt lat="47.60162162594497203826904296875" lon="18.4716075472533702850341796875">
        <ele>291.20001220703125</ele>
        <time>2022-05-28T10:58:34.000Z</time>
        <extensions>
          <ns3:TrackPointExtension>
            <ns3:hr>122</ns3:hr>
          </ns3:TrackPointExtension>
        </extensions>
      </trkpt>
      <trkpt lat="47.60153814218938350677490234375" lon="18.471501432359218597412109375">
        <ele>290.399993896484375</ele>
        <time>2022-05-28T10:58:43.000Z</time>
        <extensions>
          <ns3:TrackPointExtension>
            <ns3:hr>122</ns3:hr>
          </ns3:TrackPointExtension>
        </extensions>
      </trkpt>
      <trkpt lat="47.6014683209359645843505859375" lon="18.47145809791982173919677734375">
        <ele>289.600006103515625</ele>
        <time>2022-05-28T10:58:49.000Z</time>
        <extensions>
          <ns3:TrackPointExtension>
            <ns3:hr>122</ns3:hr>
          </ns3:TrackPointExtension>
        </extensions>
      </trkpt>
      <trkpt lat="47.6014495454728603363037109375" lon="18.47144686616957187652587890625">
        <ele>289.399993896484375</ele>
        <time>2022-05-28T10:58:50.000Z</time>
        <extensions>
          <ns3:TrackPointExtension>
            <ns3:hr>121</ns3:hr>
          </ns3:TrackPointExtension>
        </extensions>
      </trkpt>
      <trkpt lat="47.60138760320842266082763671875" lon="18.47140797413885593414306640625">
        <ele>288.600006103515625</ele>
        <time>2022-05-28T10:58:57.000Z</time>
        <extensions>
          <ns3:TrackPointExtension>
            <ns3:hr>122</ns3:hr>
          </ns3:TrackPointExtension>
        </extensions>
      </trkpt>
      <trkpt lat="47.60133764706552028656005859375" lon="18.47136539407074451446533203125">
        <ele>288.20001220703125</ele>
        <time>2022-05-28T10:59:03.000Z</time>
        <extensions>
          <ns3:TrackPointExtension>
            <ns3:hr>119</ns3:hr>
          </ns3:TrackPointExtension>
        </extensions>
      </trkpt>
      <trkpt lat="47.60133161209523677825927734375" lon="18.471359945833683013916015625">
        <ele>288.20001220703125</ele>
        <time>2022-05-28T10:59:04.000Z</time>
        <extensions>
          <ns3:TrackPointExtension>
            <ns3:hr>122</ns3:hr>
          </ns3:TrackPointExtension>
        </extensions>
      </trkpt>
      <trkpt lat="47.601297162473201751708984375" lon="18.47132482565939426422119140625">
        <ele>288</ele>
        <time>2022-05-28T10:59:09.000Z</time>
        <extensions>
          <ns3:TrackPointExtension>
            <ns3:hr>121</ns3:hr>
          </ns3:TrackPointExtension>
        </extensions>
      </trkpt>
      <trkpt lat="47.6012118346989154815673828125" lon="18.471237234771251678466796875">
        <ele>287.399993896484375</ele>
        <time>2022-05-28T10:59:22.000Z</time>
        <extensions>
          <ns3:TrackPointExtension>
            <ns3:hr>121</ns3:hr>
          </ns3:TrackPointExtension>
        </extensions>
      </trkpt>
      <trkpt lat="47.60115064680576324462890625" lon="18.47117780707776546478271484375">
        <ele>286.79998779296875</ele>
        <time>2022-05-28T10:59:31.000Z</time>
        <extensions>
          <ns3:TrackPointExtension>
            <ns3:hr>120</ns3:hr>
          </ns3:TrackPointExtension>
        </extensions>
      </trkpt>
      <trkpt lat="47.6010708510875701904296875" lon="18.47111913375556468963623046875">
        <ele>286</ele>
        <time>2022-05-28T10:59:41.000Z</time>
        <extensions>
          <ns3:TrackPointExtension>
            <ns3:hr>117</ns3:hr>
          </ns3:TrackPointExtension>
        </extensions>
      </trkpt>
      <trkpt lat="47.6010552607476711273193359375" lon="18.47110622562468051910400390625">
        <ele>285.79998779296875</ele>
        <time>2022-05-28T10:59:43.000Z</time>
        <extensions>
          <ns3:TrackPointExtension>
            <ns3:hr>118</ns3:hr>
          </ns3:TrackPointExtension>
        </extensions>
      </trkpt>
      <trkpt lat="47.60100178420543670654296875" lon="18.47107286565005779266357421875">
        <ele>285</ele>
        <time>2022-05-28T10:59:51.000Z</time>
        <extensions>
          <ns3:TrackPointExtension>
            <ns3:hr>120</ns3:hr>
          </ns3:TrackPointExtension>
        </extensions>
      </trkpt>
      <trkpt lat="47.60099398903548717498779296875" lon="18.47107605077326297760009765625">
        <ele>285</ele>
        <time>2022-05-28T10:59:56.000Z</time>
        <extensions>
          <ns3:TrackPointExtension>
            <ns3:hr>118</ns3:hr>
          </ns3:TrackPointExtension>
        </extensions>
      </trkpt>
      <trkpt lat="47.6009902171790599822998046875" lon="18.4710794873535633087158203125">
        <ele>284.79998779296875</ele>
        <time>2022-05-28T11:00:04.000Z</time>
        <extensions>
          <ns3:TrackPointExtension>
            <ns3:hr>119</ns3:hr>
          </ns3:TrackPointExtension>
        </extensions>
      </trkpt>
      <trkpt lat="47.600976638495922088623046875" lon="18.4710700996220111846923828125">
        <ele>284.600006103515625</ele>
        <time>2022-05-28T11:00:10.000Z</time>
        <extensions>
          <ns3:TrackPointExtension>
            <ns3:hr>116</ns3:hr>
          </ns3:TrackPointExtension>
        </extensions>
      </trkpt>
      <trkpt lat="47.60094688273966312408447265625" lon="18.47105274908244609832763671875">
        <ele>284.20001220703125</ele>
        <time>2022-05-28T11:00:13.000Z</time>
        <extensions>
          <ns3:TrackPointExtension>
            <ns3:hr>117</ns3:hr>
          </ns3:TrackPointExtension>
        </extensions>
      </trkpt>
      <trkpt lat="47.6008455455303192138671875" lon="18.470979072153568267822265625">
        <ele>282.79998779296875</ele>
        <time>2022-05-28T11:00:24.000Z</time>
        <extensions>
          <ns3:TrackPointExtension>
            <ns3:hr>117</ns3:hr>
          </ns3:TrackPointExtension>
        </extensions>
      </trkpt>
      <trkpt lat="47.600805647671222686767578125" lon="18.47096373327076435089111328125">
        <ele>282</ele>
        <time>2022-05-28T11:00:28.000Z</time>
        <extensions>
          <ns3:TrackPointExtension>
            <ns3:hr>118</ns3:hr>
          </ns3:TrackPointExtension>
        </extensions>
      </trkpt>
      <trkpt lat="47.600771449506282806396484375" lon="18.47096155397593975067138671875">
        <ele>281.399993896484375</ele>
        <time>2022-05-28T11:00:31.000Z</time>
        <extensions>
          <ns3:TrackPointExtension>
            <ns3:hr>118</ns3:hr>
          </ns3:TrackPointExtension>
        </extensions>
      </trkpt>
      <trkpt lat="47.60076574981212615966796875" lon="18.4709514118731021881103515625">
        <ele>281.20001220703125</ele>
        <time>2022-05-28T11:00:32.000Z</time>
        <extensions>
          <ns3:TrackPointExtension>
            <ns3:hr>118</ns3:hr>
          </ns3:TrackPointExtension>
        </extensions>
      </trkpt>
      <trkpt lat="47.60072174482047557830810546875" lon="18.47089382819831371307373046875">
        <ele>280.399993896484375</ele>
        <time>2022-05-28T11:00:37.000Z</time>
        <extensions>
          <ns3:TrackPointExtension>
            <ns3:hr>118</ns3:hr>
          </ns3:TrackPointExtension>
        </extensions>
      </trkpt>
      <trkpt lat="47.6006616465747356414794921875" lon="18.47087086178362369537353515625">
        <ele>279.399993896484375</ele>
        <time>2022-05-28T11:00:43.000Z</time>
        <extensions>
          <ns3:TrackPointExtension>
            <ns3:hr>116</ns3:hr>
          </ns3:TrackPointExtension>
        </extensions>
      </trkpt>
      <trkpt lat="47.6006391830742359161376953125" lon="18.47085074521601200103759765625">
        <ele>279</ele>
        <time>2022-05-28T11:00:45.000Z</time>
        <extensions>
          <ns3:TrackPointExtension>
            <ns3:hr>116</ns3:hr>
          </ns3:TrackPointExtension>
        </extensions>
      </trkpt>
      <trkpt lat="47.60060087777674198150634765625" lon="18.47083599306643009185791015625">
        <ele>278.399993896484375</ele>
        <time>2022-05-28T11:00:49.000Z</time>
        <extensions>
          <ns3:TrackPointExtension>
            <ns3:hr>114</ns3:hr>
          </ns3:TrackPointExtension>
        </extensions>
      </trkpt>
      <trkpt lat="47.60057070292532444000244140625" lon="18.47082878462970256805419921875">
        <ele>278</ele>
        <time>2022-05-28T11:00:52.000Z</time>
        <extensions>
          <ns3:TrackPointExtension>
            <ns3:hr>116</ns3:hr>
          </ns3:TrackPointExtension>
        </extensions>
      </trkpt>
      <trkpt lat="47.60044715367257595062255859375" lon="18.470791988074779510498046875">
        <ele>277.20001220703125</ele>
        <time>2022-05-28T11:01:02.000Z</time>
        <extensions>
          <ns3:TrackPointExtension>
            <ns3:hr>118</ns3:hr>
          </ns3:TrackPointExtension>
        </extensions>
      </trkpt>
      <trkpt lat="47.60034489445388317108154296875" lon="18.47075317986309528350830078125">
        <ele>276.600006103515625</ele>
        <time>2022-05-28T11:01:11.000Z</time>
        <extensions>
          <ns3:TrackPointExtension>
            <ns3:hr>118</ns3:hr>
          </ns3:TrackPointExtension>
        </extensions>
      </trkpt>
      <trkpt lat="47.6002626679837703704833984375" lon="18.47072451375424861907958984375">
        <ele>275.79998779296875</ele>
        <time>2022-05-28T11:01:18.000Z</time>
        <extensions>
          <ns3:TrackPointExtension>
            <ns3:hr>117</ns3:hr>
          </ns3:TrackPointExtension>
        </extensions>
      </trkpt>
      <trkpt lat="47.60021455585956573486328125" lon="18.47070171497762203216552734375">
        <ele>275.399993896484375</ele>
        <time>2022-05-28T11:01:23.000Z</time>
        <extensions>
          <ns3:TrackPointExtension>
            <ns3:hr>120</ns3:hr>
          </ns3:TrackPointExtension>
        </extensions>
      </trkpt>
      <trkpt lat="47.60018563829362392425537109375" lon="18.47069702111184597015380859375">
        <ele>275.20001220703125</ele>
        <time>2022-05-28T11:01:25.000Z</time>
        <extensions>
          <ns3:TrackPointExtension>
            <ns3:hr>117</ns3:hr>
          </ns3:TrackPointExtension>
        </extensions>
      </trkpt>
      <trkpt lat="47.6001537032425403594970703125" lon="18.470673970878124237060546875">
        <ele>275</ele>
        <time>2022-05-28T11:01:28.000Z</time>
        <extensions>
          <ns3:TrackPointExtension>
            <ns3:hr>117</ns3:hr>
          </ns3:TrackPointExtension>
        </extensions>
      </trkpt>
      <trkpt lat="47.6001374423503875732421875" lon="18.47064823843538761138916015625">
        <ele>274.79998779296875</ele>
        <time>2022-05-28T11:01:31.000Z</time>
        <extensions>
          <ns3:TrackPointExtension>
            <ns3:hr>115</ns3:hr>
          </ns3:TrackPointExtension>
        </extensions>
      </trkpt>
      <trkpt lat="47.6001131348311901092529296875" lon="18.47063667140901088714599609375">
        <ele>274.600006103515625</ele>
        <time>2022-05-28T11:01:33.000Z</time>
        <extensions>
          <ns3:TrackPointExtension>
            <ns3:hr>114</ns3:hr>
          </ns3:TrackPointExtension>
        </extensions>
      </trkpt>
      <trkpt lat="47.60003560222685337066650390625" lon="18.47060632891952991485595703125">
        <ele>273.79998779296875</ele>
        <time>2022-05-28T11:01:40.000Z</time>
        <extensions>
          <ns3:TrackPointExtension>
            <ns3:hr>116</ns3:hr>
          </ns3:TrackPointExtension>
        </extensions>
      </trkpt>
      <trkpt lat="47.599992938339710235595703125" lon="18.47057498060166835784912109375">
        <ele>273.600006103515625</ele>
        <time>2022-05-28T11:01:44.000Z</time>
        <extensions>
          <ns3:TrackPointExtension>
            <ns3:hr>113</ns3:hr>
          </ns3:TrackPointExtension>
        </extensions>
      </trkpt>
      <trkpt lat="47.59996234439313411712646484375" lon="18.47056777216494083404541015625">
        <ele>273.399993896484375</ele>
        <time>2022-05-28T11:01:47.000Z</time>
        <extensions>
          <ns3:TrackPointExtension>
            <ns3:hr>110</ns3:hr>
          </ns3:TrackPointExtension>
        </extensions>
      </trkpt>
      <trkpt lat="47.59990987367928028106689453125" lon="18.470539860427379608154296875">
        <ele>273.20001220703125</ele>
        <time>2022-05-28T11:01:52.000Z</time>
        <extensions>
          <ns3:TrackPointExtension>
            <ns3:hr>114</ns3:hr>
          </ns3:TrackPointExtension>
        </extensions>
      </trkpt>
      <trkpt lat="47.59986318647861480712890625" lon="18.47051697783172130584716796875">
        <ele>273</ele>
        <time>2022-05-28T11:01:56.000Z</time>
        <extensions>
          <ns3:TrackPointExtension>
            <ns3:hr>114</ns3:hr>
          </ns3:TrackPointExtension>
        </extensions>
      </trkpt>
      <trkpt lat="47.59984172880649566650390625" lon="18.47048730589449405670166015625">
        <ele>272.79998779296875</ele>
        <time>2022-05-28T11:01:59.000Z</time>
        <extensions>
          <ns3:TrackPointExtension>
            <ns3:hr>114</ns3:hr>
          </ns3:TrackPointExtension>
        </extensions>
      </trkpt>
      <trkpt lat="47.59980040602385997772216796875" lon="18.4704570472240447998046875">
        <ele>272.600006103515625</ele>
        <time>2022-05-28T11:02:03.000Z</time>
        <extensions>
          <ns3:TrackPointExtension>
            <ns3:hr>114</ns3:hr>
          </ns3:TrackPointExtension>
        </extensions>
      </trkpt>
      <trkpt lat="47.5996950455009937286376953125" lon="18.47036308608949184417724609375">
        <ele>272.20001220703125</ele>
        <time>2022-05-28T11:02:14.000Z</time>
        <extensions>
          <ns3:TrackPointExtension>
            <ns3:hr>114</ns3:hr>
          </ns3:TrackPointExtension>
        </extensions>
      </trkpt>
      <trkpt lat="47.599631845951080322265625" lon="18.4703381918370723724365234375">
        <ele>272</ele>
        <time>2022-05-28T11:02:21.000Z</time>
        <extensions>
          <ns3:TrackPointExtension>
            <ns3:hr>115</ns3:hr>
          </ns3:TrackPointExtension>
        </extensions>
      </trkpt>
      <trkpt lat="47.59954257868230342864990234375" lon="18.47030525095760822296142578125">
        <ele>271.399993896484375</ele>
        <time>2022-05-28T11:02:28.000Z</time>
        <extensions>
          <ns3:TrackPointExtension>
            <ns3:hr>117</ns3:hr>
          </ns3:TrackPointExtension>
        </extensions>
      </trkpt>
      <trkpt lat="47.599511481821537017822265625" lon="18.470306508243083953857421875">
        <ele>271.20001220703125</ele>
        <time>2022-05-28T11:02:31.000Z</time>
        <extensions>
          <ns3:TrackPointExtension>
            <ns3:hr>118</ns3:hr>
          </ns3:TrackPointExtension>
        </extensions>
      </trkpt>
      <trkpt lat="47.5994761101901531219482421875" lon="18.470313549041748046875">
        <ele>270.79998779296875</ele>
        <time>2022-05-28T11:02:34.000Z</time>
        <extensions>
          <ns3:TrackPointExtension>
            <ns3:hr>117</ns3:hr>
          </ns3:TrackPointExtension>
        </extensions>
      </trkpt>
      <trkpt lat="47.59945842437446117401123046875" lon="18.47031556069850921630859375">
        <ele>270.79998779296875</ele>
        <time>2022-05-28T11:02:35.000Z</time>
        <extensions>
          <ns3:TrackPointExtension>
            <ns3:hr>117</ns3:hr>
          </ns3:TrackPointExtension>
        </extensions>
      </trkpt>
      <trkpt lat="47.5993644632399082183837890625" lon="18.47028044052422046661376953125">
        <ele>270.20001220703125</ele>
        <time>2022-05-28T11:02:42.000Z</time>
        <extensions>
          <ns3:TrackPointExtension>
            <ns3:hr>120</ns3:hr>
          </ns3:TrackPointExtension>
        </extensions>
      </trkpt>
      <trkpt lat="47.59935147128999233245849609375" lon="18.47027239389717578887939453125">
        <ele>270.20001220703125</ele>
        <time>2022-05-28T11:02:43.000Z</time>
        <extensions>
          <ns3:TrackPointExtension>
            <ns3:hr>120</ns3:hr>
          </ns3:TrackPointExtension>
        </extensions>
      </trkpt>
      <trkpt lat="47.59930268861353397369384765625" lon="18.4702322445809841156005859375">
        <ele>270</ele>
        <time>2022-05-28T11:02:47.000Z</time>
        <extensions>
          <ns3:TrackPointExtension>
            <ns3:hr>117</ns3:hr>
          </ns3:TrackPointExtension>
        </extensions>
      </trkpt>
      <trkpt lat="47.599264048039913177490234375" lon="18.47020014189183712005615234375">
        <ele>269.79998779296875</ele>
        <time>2022-05-28T11:02:51.000Z</time>
        <extensions>
          <ns3:TrackPointExtension>
            <ns3:hr>117</ns3:hr>
          </ns3:TrackPointExtension>
        </extensions>
      </trkpt>
      <trkpt lat="47.59916019625961780548095703125" lon="18.47012914717197418212890625">
        <ele>269.20001220703125</ele>
        <time>2022-05-28T11:03:00.000Z</time>
        <extensions>
          <ns3:TrackPointExtension>
            <ns3:hr>118</ns3:hr>
          </ns3:TrackPointExtension>
        </extensions>
      </trkpt>
      <trkpt lat="47.5990489684045314788818359375" lon="18.47007893957197666168212890625">
        <ele>268.20001220703125</ele>
        <time>2022-05-28T11:03:10.000Z</time>
        <extensions>
          <ns3:TrackPointExtension>
            <ns3:hr>119</ns3:hr>
          </ns3:TrackPointExtension>
        </extensions>
      </trkpt>
      <trkpt lat="47.59895148687064647674560546875" lon="18.47002319991588592529296875">
        <ele>267.20001220703125</ele>
        <time>2022-05-28T11:03:19.000Z</time>
        <extensions>
          <ns3:TrackPointExtension>
            <ns3:hr>118</ns3:hr>
          </ns3:TrackPointExtension>
        </extensions>
      </trkpt>
      <trkpt lat="47.5988494791090488433837890625" lon="18.4699690528213977813720703125">
        <ele>266.600006103515625</ele>
        <time>2022-05-28T11:03:28.000Z</time>
        <extensions>
          <ns3:TrackPointExtension>
            <ns3:hr>118</ns3:hr>
          </ns3:TrackPointExtension>
        </extensions>
      </trkpt>
      <trkpt lat="47.59879793040454387664794921875" lon="18.46995153464376926422119140625">
        <ele>266.20001220703125</ele>
        <time>2022-05-28T11:03:33.000Z</time>
        <extensions>
          <ns3:TrackPointExtension>
            <ns3:hr>121</ns3:hr>
          </ns3:TrackPointExtension>
        </extensions>
      </trkpt>
      <trkpt lat="47.59876213967800140380859375" lon="18.4699355252087116241455078125">
        <ele>266</ele>
        <time>2022-05-28T11:03:36.000Z</time>
        <extensions>
          <ns3:TrackPointExtension>
            <ns3:hr>120</ns3:hr>
          </ns3:TrackPointExtension>
        </extensions>
      </trkpt>
      <trkpt lat="47.59869248606264591217041015625" lon="18.46988464705646038055419921875">
        <ele>265.79998779296875</ele>
        <time>2022-05-28T11:03:43.000Z</time>
        <extensions>
          <ns3:TrackPointExtension>
            <ns3:hr>123</ns3:hr>
          </ns3:TrackPointExtension>
        </extensions>
      </trkpt>
      <trkpt lat="47.5986838527023792266845703125" lon="18.46987701952457427978515625">
        <ele>265.79998779296875</ele>
        <time>2022-05-28T11:03:44.000Z</time>
        <extensions>
          <ns3:TrackPointExtension>
            <ns3:hr>122</ns3:hr>
          </ns3:TrackPointExtension>
        </extensions>
      </trkpt>
      <trkpt lat="47.59859626181423664093017578125" lon="18.4698352776467800140380859375">
        <ele>265.20001220703125</ele>
        <time>2022-05-28T11:03:52.000Z</time>
        <extensions>
          <ns3:TrackPointExtension>
            <ns3:hr>121</ns3:hr>
          </ns3:TrackPointExtension>
        </extensions>
      </trkpt>
      <trkpt lat="47.59855284355580806732177734375" lon="18.469789512455463409423828125">
        <ele>264.79998779296875</ele>
        <time>2022-05-28T11:03:57.000Z</time>
        <extensions>
          <ns3:TrackPointExtension>
            <ns3:hr>121</ns3:hr>
          </ns3:TrackPointExtension>
        </extensions>
      </trkpt>
      <trkpt lat="47.5985319726169109344482421875" lon="18.46976931206881999969482421875">
        <ele>264.600006103515625</ele>
        <time>2022-05-28T11:03:59.000Z</time>
        <extensions>
          <ns3:TrackPointExtension>
            <ns3:hr>121</ns3:hr>
          </ns3:TrackPointExtension>
        </extensions>
      </trkpt>
      <trkpt lat="47.5984518416225910186767578125" lon="18.46970913000404834747314453125">
        <ele>264</ele>
        <time>2022-05-28T11:04:07.000Z</time>
        <extensions>
          <ns3:TrackPointExtension>
            <ns3:hr>120</ns3:hr>
          </ns3:TrackPointExtension>
        </extensions>
      </trkpt>
      <trkpt lat="47.5984122790396213531494140625" lon="18.46969303674995899200439453125">
        <ele>263.600006103515625</ele>
        <time>2022-05-28T11:04:12.000Z</time>
        <extensions>
          <ns3:TrackPointExtension>
            <ns3:hr>117</ns3:hr>
          </ns3:TrackPointExtension>
        </extensions>
      </trkpt>
      <trkpt lat="47.5983955152332782745361328125" lon="18.4696683101356029510498046875">
        <ele>263.399993896484375</ele>
        <time>2022-05-28T11:04:15.000Z</time>
        <extensions>
          <ns3:TrackPointExtension>
            <ns3:hr>114</ns3:hr>
          </ns3:TrackPointExtension>
        </extensions>
      </trkpt>
      <trkpt lat="47.5983204133808612823486328125" lon="18.4696401469409465789794921875">
        <ele>262.600006103515625</ele>
        <time>2022-05-28T11:04:23.000Z</time>
        <extensions>
          <ns3:TrackPointExtension>
            <ns3:hr>112</ns3:hr>
          </ns3:TrackPointExtension>
        </extensions>
      </trkpt>
      <trkpt lat="47.59821857325732707977294921875" lon="18.46960234455764293670654296875">
        <ele>261.600006103515625</ele>
        <time>2022-05-28T11:04:32.000Z</time>
        <extensions>
          <ns3:TrackPointExtension>
            <ns3:hr>112</ns3:hr>
          </ns3:TrackPointExtension>
        </extensions>
      </trkpt>
      <trkpt lat="47.5981574691832065582275390625" lon="18.4695650450885295867919921875">
        <ele>261</ele>
        <time>2022-05-28T11:04:39.000Z</time>
        <extensions>
          <ns3:TrackPointExtension>
            <ns3:hr>115</ns3:hr>
          </ns3:TrackPointExtension>
        </extensions>
      </trkpt>
      <trkpt lat="47.5981494225561618804931640625" lon="18.46957066096365451812744140625">
        <ele>261</ele>
        <time>2022-05-28T11:04:40.000Z</time>
        <extensions>
          <ns3:TrackPointExtension>
            <ns3:hr>113</ns3:hr>
          </ns3:TrackPointExtension>
        </extensions>
      </trkpt>
      <trkpt lat="47.59813978336751461029052734375" lon="18.46957149915397167205810546875">
        <ele>260.79998779296875</ele>
        <time>2022-05-28T11:04:41.000Z</time>
        <extensions>
          <ns3:TrackPointExtension>
            <ns3:hr>114</ns3:hr>
          </ns3:TrackPointExtension>
        </extensions>
      </trkpt>
      <trkpt lat="47.598066441714763641357421875" lon="18.46954769454896450042724609375">
        <ele>260.399993896484375</ele>
        <time>2022-05-28T11:04:47.000Z</time>
        <extensions>
          <ns3:TrackPointExtension>
            <ns3:hr>115</ns3:hr>
          </ns3:TrackPointExtension>
        </extensions>
      </trkpt>
      <trkpt lat="47.598005421459674835205078125" lon="18.46951089799404144287109375">
        <ele>260.20001220703125</ele>
        <time>2022-05-28T11:04:54.000Z</time>
        <extensions>
          <ns3:TrackPointExtension>
            <ns3:hr>114</ns3:hr>
          </ns3:TrackPointExtension>
        </extensions>
      </trkpt>
      <trkpt lat="47.5979512743651866912841796875" lon="18.46949589438736438751220703125">
        <ele>260.20001220703125</ele>
        <time>2022-05-28T11:05:00.000Z</time>
        <extensions>
          <ns3:TrackPointExtension>
            <ns3:hr>114</ns3:hr>
          </ns3:TrackPointExtension>
        </extensions>
      </trkpt>
      <trkpt lat="47.59787030518054962158203125" lon="18.4694433398544788360595703125">
        <ele>260</ele>
        <time>2022-05-28T11:05:08.000Z</time>
        <extensions>
          <ns3:TrackPointExtension>
            <ns3:hr>113</ns3:hr>
          </ns3:TrackPointExtension>
        </extensions>
      </trkpt>
      <trkpt lat="47.597789503633975982666015625" lon="18.46938240341842174530029296875">
        <ele>260</ele>
        <time>2022-05-28T11:05:15.000Z</time>
        <extensions>
          <ns3:TrackPointExtension>
            <ns3:hr>113</ns3:hr>
          </ns3:TrackPointExtension>
        </extensions>
      </trkpt>
      <trkpt lat="47.5977273099124431610107421875" lon="18.4693680703639984130859375">
        <ele>259.79998779296875</ele>
        <time>2022-05-28T11:05:21.000Z</time>
        <extensions>
          <ns3:TrackPointExtension>
            <ns3:hr>109</ns3:hr>
          </ns3:TrackPointExtension>
        </extensions>
      </trkpt>
      <trkpt lat="47.59771381504833698272705078125" lon="18.46935792826116085052490234375">
        <ele>259.600006103515625</ele>
        <time>2022-05-28T11:05:22.000Z</time>
        <extensions>
          <ns3:TrackPointExtension>
            <ns3:hr>112</ns3:hr>
          </ns3:TrackPointExtension>
        </extensions>
      </trkpt>
      <trkpt lat="47.59770325385034084320068359375" lon="18.46935172565281391143798828125">
        <ele>259.600006103515625</ele>
        <time>2022-05-28T11:05:23.000Z</time>
        <extensions>
          <ns3:TrackPointExtension>
            <ns3:hr>111</ns3:hr>
          </ns3:TrackPointExtension>
        </extensions>
      </trkpt>
      <trkpt lat="47.59762178175151348114013671875" lon="18.46931769512593746185302734375">
        <ele>259.399993896484375</ele>
        <time>2022-05-28T11:05:31.000Z</time>
        <extensions>
          <ns3:TrackPointExtension>
            <ns3:hr>114</ns3:hr>
          </ns3:TrackPointExtension>
        </extensions>
      </trkpt>
      <trkpt lat="47.59753377176821231842041015625" lon="18.46926120109856128692626953125">
        <ele>259</ele>
        <time>2022-05-28T11:05:40.000Z</time>
        <extensions>
          <ns3:TrackPointExtension>
            <ns3:hr>116</ns3:hr>
          </ns3:TrackPointExtension>
        </extensions>
      </trkpt>
      <trkpt lat="47.59751935489475727081298828125" lon="18.46925131045281887054443359375">
        <ele>259</ele>
        <time>2022-05-28T11:05:41.000Z</time>
        <extensions>
          <ns3:TrackPointExtension>
            <ns3:hr>113</ns3:hr>
          </ns3:TrackPointExtension>
        </extensions>
      </trkpt>
      <trkpt lat="47.59744324721395969390869140625" lon="18.4692151844501495361328125">
        <ele>258</ele>
        <time>2022-05-28T11:05:48.000Z</time>
        <extensions>
          <ns3:TrackPointExtension>
            <ns3:hr>112</ns3:hr>
          </ns3:TrackPointExtension>
        </extensions>
      </trkpt>
      <trkpt lat="47.5973962247371673583984375" lon="18.4692036174237728118896484375">
        <ele>257.600006103515625</ele>
        <time>2022-05-28T11:05:53.000Z</time>
        <extensions>
          <ns3:TrackPointExtension>
            <ns3:hr>113</ns3:hr>
          </ns3:TrackPointExtension>
        </extensions>
      </trkpt>
      <trkpt lat="47.59736093692481517791748046875" lon="18.4691985882818698883056640625">
        <ele>257.20001220703125</ele>
        <time>2022-05-28T11:05:56.000Z</time>
        <extensions>
          <ns3:TrackPointExtension>
            <ns3:hr>114</ns3:hr>
          </ns3:TrackPointExtension>
        </extensions>
      </trkpt>
      <trkpt lat="47.59732958860695362091064453125" lon="18.46918475814163684844970703125">
        <ele>256.79998779296875</ele>
        <time>2022-05-28T11:05:59.000Z</time>
        <extensions>
          <ns3:TrackPointExtension>
            <ns3:hr>110</ns3:hr>
          </ns3:TrackPointExtension>
        </extensions>
      </trkpt>
      <trkpt lat="47.59731165133416652679443359375" lon="18.46917486749589443206787109375">
        <ele>256.600006103515625</ele>
        <time>2022-05-28T11:06:01.000Z</time>
        <extensions>
          <ns3:TrackPointExtension>
            <ns3:hr>114</ns3:hr>
          </ns3:TrackPointExtension>
        </extensions>
      </trkpt>
      <trkpt lat="47.59730167686939239501953125" lon="18.46917721442878246307373046875">
        <ele>256.600006103515625</ele>
        <time>2022-05-28T11:06:02.000Z</time>
        <extensions>
          <ns3:TrackPointExtension>
            <ns3:hr>116</ns3:hr>
          </ns3:TrackPointExtension>
        </extensions>
      </trkpt>
      <trkpt lat="47.59729103185236454010009765625" lon="18.4691781364381313323974609375">
        <ele>256.399993896484375</ele>
        <time>2022-05-28T11:06:03.000Z</time>
        <extensions>
          <ns3:TrackPointExtension>
            <ns3:hr>115</ns3:hr>
          </ns3:TrackPointExtension>
        </extensions>
      </trkpt>
      <trkpt lat="47.59721257723867893218994140625" lon="18.46916095353662967681884765625">
        <ele>255.8000030517578125</ele>
        <time>2022-05-28T11:06:09.000Z</time>
        <extensions>
          <ns3:TrackPointExtension>
            <ns3:hr>115</ns3:hr>
          </ns3:TrackPointExtension>
        </extensions>
      </trkpt>
      <trkpt lat="47.5971422530710697174072265625" lon="18.46909943036735057830810546875">
        <ele>255.1999969482421875</ele>
        <time>2022-05-28T11:06:16.000Z</time>
        <extensions>
          <ns3:TrackPointExtension>
            <ns3:hr>117</ns3:hr>
          </ns3:TrackPointExtension>
        </extensions>
      </trkpt>
      <trkpt lat="47.59708383120596408843994140625" lon="18.46907042898237705230712890625">
        <ele>254.8000030517578125</ele>
        <time>2022-05-28T11:06:23.000Z</time>
        <extensions>
          <ns3:TrackPointExtension>
            <ns3:hr>119</ns3:hr>
          </ns3:TrackPointExtension>
        </extensions>
      </trkpt>
      <trkpt lat="47.59701694361865520477294921875" lon="18.4690906293690204620361328125">
        <ele>254.399993896484375</ele>
        <time>2022-05-28T11:06:30.000Z</time>
        <extensions>
          <ns3:TrackPointExtension>
            <ns3:hr>120</ns3:hr>
          </ns3:TrackPointExtension>
        </extensions>
      </trkpt>
      <trkpt lat="47.5969987548887729644775390625" lon="18.4690912999212741851806640625">
        <ele>254.1999969482421875</ele>
        <time>2022-05-28T11:06:32.000Z</time>
        <extensions>
          <ns3:TrackPointExtension>
            <ns3:hr>120</ns3:hr>
          </ns3:TrackPointExtension>
        </extensions>
      </trkpt>
      <trkpt lat="47.59694351814687252044677734375" lon="18.4690802358090877532958984375">
        <ele>254.1999969482421875</ele>
        <time>2022-05-28T11:06:37.000Z</time>
        <extensions>
          <ns3:TrackPointExtension>
            <ns3:hr>119</ns3:hr>
          </ns3:TrackPointExtension>
        </extensions>
      </trkpt>
      <trkpt lat="47.59689909406006336212158203125" lon="18.46908551640808582305908203125">
        <ele>254.1999969482421875</ele>
        <time>2022-05-28T11:06:44.000Z</time>
        <extensions>
          <ns3:TrackPointExtension>
            <ns3:hr>122</ns3:hr>
          </ns3:TrackPointExtension>
        </extensions>
      </trkpt>
      <trkpt lat="47.59689540602266788482666015625" lon="18.4690906293690204620361328125">
        <ele>254.1999969482421875</ele>
        <time>2022-05-28T11:06:50.000Z</time>
        <extensions>
          <ns3:TrackPointExtension>
            <ns3:hr>123</ns3:hr>
          </ns3:TrackPointExtension>
        </extensions>
      </trkpt>
      <trkpt lat="47.5968944840133190155029296875" lon="18.46909071318805217742919921875">
        <ele>254.1999969482421875</ele>
        <time>2022-05-28T11:06:59.000Z</time>
        <extensions>
          <ns3:TrackPointExtension>
            <ns3:hr>124</ns3:hr>
          </ns3:TrackPointExtension>
        </extensions>
      </trkpt>
      <trkpt lat="47.5968944840133190155029296875" lon="18.46909071318805217742919921875">
        <ele>254.1999969482421875</ele>
        <time>2022-05-28T11:07:02.000Z</time>
        <extensions>
          <ns3:TrackPointExtension>
            <ns3:hr>127</ns3:hr>
          </ns3:TrackPointExtension>
        </extensions>
      </trkpt>
      <trkpt lat="47.5968839228153228759765625" lon="18.46908845007419586181640625">
        <ele>254.399993896484375</ele>
        <time>2022-05-28T11:07:08.000Z</time>
        <extensions>
          <ns3:TrackPointExtension>
            <ns3:hr>124</ns3:hr>
          </ns3:TrackPointExtension>
        </extensions>
      </trkpt>
      <trkpt lat="47.5968408398330211639404296875" lon="18.4690641425549983978271484375">
        <ele>254.399993896484375</ele>
        <time>2022-05-28T11:07:14.000Z</time>
        <extensions>
          <ns3:TrackPointExtension>
            <ns3:hr>124</ns3:hr>
          </ns3:TrackPointExtension>
        </extensions>
      </trkpt>
      <trkpt lat="47.59679867886006832122802734375" lon="18.46900052390992641448974609375">
        <ele>254.600006103515625</ele>
        <time>2022-05-28T11:07:22.000Z</time>
        <extensions>
          <ns3:TrackPointExtension>
            <ns3:hr>125</ns3:hr>
          </ns3:TrackPointExtension>
        </extensions>
      </trkpt>
      <trkpt lat="47.59674989618360996246337890625" lon="18.468893654644489288330078125">
        <ele>254.8000030517578125</ele>
        <time>2022-05-28T11:07:30.000Z</time>
        <extensions>
          <ns3:TrackPointExtension>
            <ns3:hr>124</ns3:hr>
          </ns3:TrackPointExtension>
        </extensions>
      </trkpt>
      <trkpt lat="47.59674184955656528472900390625" lon="18.4688720293343067169189453125">
        <ele>254.8000030517578125</ele>
        <time>2022-05-28T11:07:31.000Z</time>
        <extensions>
          <ns3:TrackPointExtension>
            <ns3:hr>124</ns3:hr>
          </ns3:TrackPointExtension>
        </extensions>
      </trkpt>
      <trkpt lat="47.59669952094554901123046875" lon="18.4687918983399868011474609375">
        <ele>255.600006103515625</ele>
        <time>2022-05-28T11:07:37.000Z</time>
        <extensions>
          <ns3:TrackPointExtension>
            <ns3:hr>122</ns3:hr>
          </ns3:TrackPointExtension>
        </extensions>
      </trkpt>
      <trkpt lat="47.59664763696491718292236328125" lon="18.4686916507780551910400390625">
        <ele>256.600006103515625</ele>
        <time>2022-05-28T11:07:43.000Z</time>
        <extensions>
          <ns3:TrackPointExtension>
            <ns3:hr>121</ns3:hr>
          </ns3:TrackPointExtension>
        </extensions>
      </trkpt>
      <trkpt lat="47.59660539217293262481689453125" lon="18.46862174570560455322265625">
        <ele>257.399993896484375</ele>
        <time>2022-05-28T11:07:47.000Z</time>
        <extensions>
          <ns3:TrackPointExtension>
            <ns3:hr>117</ns3:hr>
          </ns3:TrackPointExtension>
        </extensions>
      </trkpt>
      <trkpt lat="47.59659466333687305450439453125" lon="18.46858981065452098846435546875">
        <ele>257.79998779296875</ele>
        <time>2022-05-28T11:07:50.000Z</time>
        <extensions>
          <ns3:TrackPointExtension>
            <ns3:hr>117</ns3:hr>
          </ns3:TrackPointExtension>
        </extensions>
      </trkpt>
      <trkpt lat="47.5965548492968082427978515625" lon="18.46849995665252208709716796875">
        <ele>258.399993896484375</ele>
        <time>2022-05-28T11:07:56.000Z</time>
        <extensions>
          <ns3:TrackPointExtension>
            <ns3:hr>121</ns3:hr>
          </ns3:TrackPointExtension>
        </extensions>
      </trkpt>
      <trkpt lat="47.59651687927544116973876953125" lon="18.468416891992092132568359375">
        <ele>259</ele>
        <time>2022-05-28T11:08:03.000Z</time>
        <extensions>
          <ns3:TrackPointExtension>
            <ns3:hr>120</ns3:hr>
          </ns3:TrackPointExtension>
        </extensions>
      </trkpt>
      <trkpt lat="47.59650179184973239898681640625" lon="18.4683731384575366973876953125">
        <ele>259.399993896484375</ele>
        <time>2022-05-28T11:08:07.000Z</time>
        <extensions>
          <ns3:TrackPointExtension>
            <ns3:hr>117</ns3:hr>
          </ns3:TrackPointExtension>
        </extensions>
      </trkpt>
      <trkpt lat="47.596481926739215850830078125" lon="18.4683322347700595855712890625">
        <ele>259.79998779296875</ele>
        <time>2022-05-28T11:08:10.000Z</time>
        <extensions>
          <ns3:TrackPointExtension>
            <ns3:hr>116</ns3:hr>
          </ns3:TrackPointExtension>
        </extensions>
      </trkpt>
      <trkpt lat="47.596432976424694061279296875" lon="18.46821513958275318145751953125">
        <ele>260.79998779296875</ele>
        <time>2022-05-28T11:08:20.000Z</time>
        <extensions>
          <ns3:TrackPointExtension>
            <ns3:hr>118</ns3:hr>
          </ns3:TrackPointExtension>
        </extensions>
      </trkpt>
      <trkpt lat="47.59642325341701507568359375" lon="18.46819837577641010284423828125">
        <ele>260.79998779296875</ele>
        <time>2022-05-28T11:08:21.000Z</time>
        <extensions>
          <ns3:TrackPointExtension>
            <ns3:hr>114</ns3:hr>
          </ns3:TrackPointExtension>
        </extensions>
      </trkpt>
      <trkpt lat="47.5963841937482357025146484375" lon="18.46811212599277496337890625">
        <ele>261.399993896484375</ele>
        <time>2022-05-28T11:08:27.000Z</time>
        <extensions>
          <ns3:TrackPointExtension>
            <ns3:hr>115</ns3:hr>
          </ns3:TrackPointExtension>
        </extensions>
      </trkpt>
      <trkpt lat="47.59633935056626796722412109375" lon="18.4679765067994594573974609375">
        <ele>261.79998779296875</ele>
        <time>2022-05-28T11:08:34.000Z</time>
        <extensions>
          <ns3:TrackPointExtension>
            <ns3:hr>116</ns3:hr>
          </ns3:TrackPointExtension>
        </extensions>
      </trkpt>
      <trkpt lat="47.5962735526263713836669921875" lon="18.4678688831627368927001953125">
        <ele>261.399993896484375</ele>
        <time>2022-05-28T11:08:40.000Z</time>
        <extensions>
          <ns3:TrackPointExtension>
            <ns3:hr>115</ns3:hr>
          </ns3:TrackPointExtension>
        </extensions>
      </trkpt>
      <trkpt lat="47.59623491205275058746337890625" lon="18.4677907638251781463623046875">
        <ele>261.399993896484375</ele>
        <time>2022-05-28T11:08:47.000Z</time>
        <extensions>
          <ns3:TrackPointExtension>
            <ns3:hr>115</ns3:hr>
          </ns3:TrackPointExtension>
        </extensions>
      </trkpt>
      <trkpt lat="47.59620926342904567718505859375" lon="18.46773938275873661041259765625">
        <ele>261.20001220703125</ele>
        <time>2022-05-28T11:08:51.000Z</time>
        <extensions>
          <ns3:TrackPointExtension>
            <ns3:hr>118</ns3:hr>
          </ns3:TrackPointExtension>
        </extensions>
      </trkpt>
      <trkpt lat="47.5961945950984954833984375" lon="18.46770686097443103790283203125">
        <ele>261.20001220703125</ele>
        <time>2022-05-28T11:08:53.000Z</time>
        <extensions>
          <ns3:TrackPointExtension>
            <ns3:hr>119</ns3:hr>
          </ns3:TrackPointExtension>
        </extensions>
      </trkpt>
      <trkpt lat="47.5961893983185291290283203125" lon="18.4676958806812763214111328125">
        <ele>261.20001220703125</ele>
        <time>2022-05-28T11:08:54.000Z</time>
        <extensions>
          <ns3:TrackPointExtension>
            <ns3:hr>120</ns3:hr>
          </ns3:TrackPointExtension>
        </extensions>
      </trkpt>
      <trkpt lat="47.596168108284473419189453125" lon="18.467663861811161041259765625">
        <ele>261.20001220703125</ele>
        <time>2022-05-28T11:08:56.000Z</time>
        <extensions>
          <ns3:TrackPointExtension>
            <ns3:hr>123</ns3:hr>
          </ns3:TrackPointExtension>
        </extensions>
      </trkpt>
      <trkpt lat="47.59615142829716205596923828125" lon="18.46762823872268199920654296875">
        <ele>261</ele>
        <time>2022-05-28T11:08:59.000Z</time>
        <extensions>
          <ns3:TrackPointExtension>
            <ns3:hr>126</ns3:hr>
          </ns3:TrackPointExtension>
        </extensions>
      </trkpt>
      <trkpt lat="47.596134245395660400390625" lon="18.4675924479961395263671875">
        <ele>261</ele>
        <time>2022-05-28T11:09:01.000Z</time>
        <extensions>
          <ns3:TrackPointExtension>
            <ns3:hr>127</ns3:hr>
          </ns3:TrackPointExtension>
        </extensions>
      </trkpt>
      <trkpt lat="47.59610868059098720550537109375" lon="18.46747937612235546112060546875">
        <ele>260.79998779296875</ele>
        <time>2022-05-28T11:09:07.000Z</time>
        <extensions>
          <ns3:TrackPointExtension>
            <ns3:hr>130</ns3:hr>
          </ns3:TrackPointExtension>
        </extensions>
      </trkpt>
      <trkpt lat="47.59608487598598003387451171875" lon="18.467432521283626556396484375">
        <ele>260.399993896484375</ele>
        <time>2022-05-28T11:09:10.000Z</time>
        <extensions>
          <ns3:TrackPointExtension>
            <ns3:hr>131</ns3:hr>
          </ns3:TrackPointExtension>
        </extensions>
      </trkpt>
      <trkpt lat="47.596044726669788360595703125" lon="18.46734543330967426300048828125">
        <ele>259.600006103515625</ele>
        <time>2022-05-28T11:09:17.000Z</time>
        <extensions>
          <ns3:TrackPointExtension>
            <ns3:hr>134</ns3:hr>
          </ns3:TrackPointExtension>
        </extensions>
      </trkpt>
      <trkpt lat="47.59604263119399547576904296875" lon="18.46732028760015964508056640625">
        <ele>259.399993896484375</ele>
        <time>2022-05-28T11:09:18.000Z</time>
        <extensions>
          <ns3:TrackPointExtension>
            <ns3:hr>134</ns3:hr>
          </ns3:TrackPointExtension>
        </extensions>
      </trkpt>
      <trkpt lat="47.59600105695426464080810546875" lon="18.467214591801166534423828125">
        <ele>258.600006103515625</ele>
        <time>2022-05-28T11:09:26.000Z</time>
        <extensions>
          <ns3:TrackPointExtension>
            <ns3:hr>135</ns3:hr>
          </ns3:TrackPointExtension>
        </extensions>
      </trkpt>
      <trkpt lat="47.59599451906979084014892578125" lon="18.46720025874674320220947265625">
        <ele>258.399993896484375</ele>
        <time>2022-05-28T11:09:27.000Z</time>
        <extensions>
          <ns3:TrackPointExtension>
            <ns3:hr>135</ns3:hr>
          </ns3:TrackPointExtension>
        </extensions>
      </trkpt>
      <trkpt lat="47.5959825329482555389404296875" lon="18.467162959277629852294921875">
        <ele>258</ele>
        <time>2022-05-28T11:09:30.000Z</time>
        <extensions>
          <ns3:TrackPointExtension>
            <ns3:hr>134</ns3:hr>
          </ns3:TrackPointExtension>
        </extensions>
      </trkpt>
      <trkpt lat="47.59594003669917583465576171875" lon="18.467052988708019256591796875">
        <ele>257.20001220703125</ele>
        <time>2022-05-28T11:09:38.000Z</time>
        <extensions>
          <ns3:TrackPointExtension>
            <ns3:hr>131</ns3:hr>
          </ns3:TrackPointExtension>
        </extensions>
      </trkpt>
      <trkpt lat="47.5959272123873233795166015625" lon="18.4670273400843143463134765625">
        <ele>257</ele>
        <time>2022-05-28T11:09:40.000Z</time>
        <extensions>
          <ns3:TrackPointExtension>
            <ns3:hr>129</ns3:hr>
          </ns3:TrackPointExtension>
        </extensions>
      </trkpt>
      <trkpt lat="47.595897875726222991943359375" lon="18.4669753722846508026123046875">
        <ele>256.399993896484375</ele>
        <time>2022-05-28T11:09:45.000Z</time>
        <extensions>
          <ns3:TrackPointExtension>
            <ns3:hr>126</ns3:hr>
          </ns3:TrackPointExtension>
        </extensions>
      </trkpt>
      <trkpt lat="47.59588823653757572174072265625" lon="18.4669589437544345855712890625">
        <ele>256.20001220703125</ele>
        <time>2022-05-28T11:09:47.000Z</time>
        <extensions>
          <ns3:TrackPointExtension>
            <ns3:hr>124</ns3:hr>
          </ns3:TrackPointExtension>
        </extensions>
      </trkpt>
      <trkpt lat="47.59582939557731151580810546875" lon="18.46687621437013149261474609375">
        <ele>256</ele>
        <time>2022-05-28T11:09:52.000Z</time>
        <extensions>
          <ns3:TrackPointExtension>
            <ns3:hr>121</ns3:hr>
          </ns3:TrackPointExtension>
        </extensions>
      </trkpt>
      <trkpt lat="47.595798633992671966552734375" lon="18.46684771589934825897216796875">
        <ele>256</ele>
        <time>2022-05-28T11:09:55.000Z</time>
        <extensions>
          <ns3:TrackPointExtension>
            <ns3:hr>120</ns3:hr>
          </ns3:TrackPointExtension>
        </extensions>
      </trkpt>
      <trkpt lat="47.5957418046891689300537109375" lon="18.46677311696112155914306640625">
        <ele>256</ele>
        <time>2022-05-28T11:10:02.000Z</time>
        <extensions>
          <ns3:TrackPointExtension>
            <ns3:hr>119</ns3:hr>
          </ns3:TrackPointExtension>
        </extensions>
      </trkpt>
      <trkpt lat="47.59573568589985370635986328125" lon="18.46675652079284191131591796875">
        <ele>256</ele>
        <time>2022-05-28T11:10:03.000Z</time>
        <extensions>
          <ns3:TrackPointExtension>
            <ns3:hr>119</ns3:hr>
          </ns3:TrackPointExtension>
        </extensions>
      </trkpt>
      <trkpt lat="47.59570634923875331878662109375" lon="18.46663959324359893798828125">
        <ele>256</ele>
        <time>2022-05-28T11:10:11.000Z</time>
        <extensions>
          <ns3:TrackPointExtension>
            <ns3:hr>119</ns3:hr>
          </ns3:TrackPointExtension>
        </extensions>
      </trkpt>
      <trkpt lat="47.59569796733558177947998046875" lon="18.46655108034610748291015625">
        <ele>256.399993896484375</ele>
        <time>2022-05-28T11:10:19.000Z</time>
        <extensions>
          <ns3:TrackPointExtension>
            <ns3:hr>119</ns3:hr>
          </ns3:TrackPointExtension>
        </extensions>
      </trkpt>
      <trkpt lat="47.59569696150720119476318359375" lon="18.466546721756458282470703125">
        <ele>256.399993896484375</ele>
        <time>2022-05-28T11:10:20.000Z</time>
        <extensions>
          <ns3:TrackPointExtension>
            <ns3:hr>115</ns3:hr>
          </ns3:TrackPointExtension>
        </extensions>
      </trkpt>
      <trkpt lat="47.5956962071359157562255859375" lon="18.466545380651950836181640625">
        <ele>256.399993896484375</ele>
        <time>2022-05-28T11:10:21.000Z</time>
        <extensions>
          <ns3:TrackPointExtension>
            <ns3:hr>119</ns3:hr>
          </ns3:TrackPointExtension>
        </extensions>
      </trkpt>
      <trkpt lat="47.5956774316728115081787109375" lon="18.46651143394410610198974609375">
        <ele>256.600006103515625</ele>
        <time>2022-05-28T11:10:25.000Z</time>
        <extensions>
          <ns3:TrackPointExtension>
            <ns3:hr>118</ns3:hr>
          </ns3:TrackPointExtension>
        </extensions>
      </trkpt>
      <trkpt lat="47.59563275612890720367431640625" lon="18.46641420386731624603271484375">
        <ele>256.79998779296875</ele>
        <time>2022-05-28T11:10:33.000Z</time>
        <extensions>
          <ns3:TrackPointExtension>
            <ns3:hr>118</ns3:hr>
          </ns3:TrackPointExtension>
        </extensions>
      </trkpt>
      <trkpt lat="47.59554927237331867218017578125" lon="18.46630297601222991943359375">
        <ele>257</ele>
        <time>2022-05-28T11:10:44.000Z</time>
        <extensions>
          <ns3:TrackPointExtension>
            <ns3:hr>119</ns3:hr>
          </ns3:TrackPointExtension>
        </extensions>
      </trkpt>
      <trkpt lat="47.5955346040427684783935546875" lon="18.4662890620529651641845703125">
        <ele>257</ele>
        <time>2022-05-28T11:10:46.000Z</time>
        <extensions>
          <ns3:TrackPointExtension>
            <ns3:hr>120</ns3:hr>
          </ns3:TrackPointExtension>
        </extensions>
      </trkpt>
      <trkpt lat="47.595496214926242828369140625" lon="18.46624656580388545989990234375">
        <ele>256.79998779296875</ele>
        <time>2022-05-28T11:10:50.000Z</time>
        <extensions>
          <ns3:TrackPointExtension>
            <ns3:hr>120</ns3:hr>
          </ns3:TrackPointExtension>
        </extensions>
      </trkpt>
      <trkpt lat="47.5954662077128887176513671875" lon="18.46620448864996433258056640625">
        <ele>256.79998779296875</ele>
        <time>2022-05-28T11:10:54.000Z</time>
        <extensions>
          <ns3:TrackPointExtension>
            <ns3:hr>123</ns3:hr>
          </ns3:TrackPointExtension>
        </extensions>
      </trkpt>
      <trkpt lat="47.59545908309519290924072265625" lon="18.4661869704723358154296875">
        <ele>256.79998779296875</ele>
        <time>2022-05-28T11:10:55.000Z</time>
        <extensions>
          <ns3:TrackPointExtension>
            <ns3:hr>120</ns3:hr>
          </ns3:TrackPointExtension>
        </extensions>
      </trkpt>
      <trkpt lat="47.5954527966678142547607421875" lon="18.46610994078218936920166015625">
        <ele>257</ele>
        <time>2022-05-28T11:11:00.000Z</time>
        <extensions>
          <ns3:TrackPointExtension>
            <ns3:hr>121</ns3:hr>
          </ns3:TrackPointExtension>
        </extensions>
      </trkpt>
      <trkpt lat="47.5954524613916873931884765625" lon="18.46595470793545246124267578125">
        <ele>257.20001220703125</ele>
        <time>2022-05-28T11:11:08.000Z</time>
        <extensions>
          <ns3:TrackPointExtension>
            <ns3:hr>123</ns3:hr>
          </ns3:TrackPointExtension>
        </extensions>
      </trkpt>
      <trkpt lat="47.595396302640438079833984375" lon="18.465836942195892333984375">
        <ele>257</ele>
        <time>2022-05-28T11:11:17.000Z</time>
        <extensions>
          <ns3:TrackPointExtension>
            <ns3:hr>122</ns3:hr>
          </ns3:TrackPointExtension>
        </extensions>
      </trkpt>
      <trkpt lat="47.59537811391055583953857421875" lon="18.46571381203830242156982421875">
        <ele>257.20001220703125</ele>
        <time>2022-05-28T11:11:25.000Z</time>
        <extensions>
          <ns3:TrackPointExtension>
            <ns3:hr>122</ns3:hr>
          </ns3:TrackPointExtension>
        </extensions>
      </trkpt>
      <trkpt lat="47.5953448377549648284912109375" lon="18.4656376205384731292724609375">
        <ele>257.20001220703125</ele>
        <time>2022-05-28T11:11:31.000Z</time>
        <extensions>
          <ns3:TrackPointExtension>
            <ns3:hr>121</ns3:hr>
          </ns3:TrackPointExtension>
        </extensions>
      </trkpt>
      <trkpt lat="47.59532145224511623382568359375" lon="18.465600907802581787109375">
        <ele>257</ele>
        <time>2022-05-28T11:11:34.000Z</time>
        <extensions>
          <ns3:TrackPointExtension>
            <ns3:hr>121</ns3:hr>
          </ns3:TrackPointExtension>
        </extensions>
      </trkpt>
      <trkpt lat="47.59531323798000812530517578125" lon="18.4655692242085933685302734375">
        <ele>257</ele>
        <time>2022-05-28T11:11:36.000Z</time>
        <extensions>
          <ns3:TrackPointExtension>
            <ns3:hr>121</ns3:hr>
          </ns3:TrackPointExtension>
        </extensions>
      </trkpt>
      <trkpt lat="47.59527635760605335235595703125" lon="18.465477526187896728515625">
        <ele>256.600006103515625</ele>
        <time>2022-05-28T11:11:44.000Z</time>
        <extensions>
          <ns3:TrackPointExtension>
            <ns3:hr>122</ns3:hr>
          </ns3:TrackPointExtension>
        </extensions>
      </trkpt>
      <trkpt lat="47.595223300158977508544921875" lon="18.46537484787404537200927734375">
        <ele>255.8000030517578125</ele>
        <time>2022-05-28T11:11:52.000Z</time>
        <extensions>
          <ns3:TrackPointExtension>
            <ns3:hr>122</ns3:hr>
          </ns3:TrackPointExtension>
        </extensions>
      </trkpt>
      <trkpt lat="47.59518382139503955841064453125" lon="18.46525020897388458251953125">
        <ele>255.399993896484375</ele>
        <time>2022-05-28T11:12:00.000Z</time>
        <extensions>
          <ns3:TrackPointExtension>
            <ns3:hr>124</ns3:hr>
          </ns3:TrackPointExtension>
        </extensions>
      </trkpt>
      <trkpt lat="47.5951396487653255462646484375" lon="18.46515767276287078857421875">
        <ele>255</ele>
        <time>2022-05-28T11:12:07.000Z</time>
        <extensions>
          <ns3:TrackPointExtension>
            <ns3:hr>127</ns3:hr>
          </ns3:TrackPointExtension>
        </extensions>
      </trkpt>
      <trkpt lat="47.59513176977634429931640625" lon="18.46515608020126819610595703125">
        <ele>255</ele>
        <time>2022-05-28T11:12:08.000Z</time>
        <extensions>
          <ns3:TrackPointExtension>
            <ns3:hr>127</ns3:hr>
          </ns3:TrackPointExtension>
        </extensions>
      </trkpt>
      <trkpt lat="47.59508290328085422515869140625" lon="18.4651031903922557830810546875">
        <ele>254.399993896484375</ele>
        <time>2022-05-28T11:12:17.000Z</time>
        <extensions>
          <ns3:TrackPointExtension>
            <ns3:hr>128</ns3:hr>
          </ns3:TrackPointExtension>
        </extensions>
      </trkpt>
      <trkpt lat="47.5950400717556476593017578125" lon="18.46495524980127811431884765625">
        <ele>254</ele>
        <time>2022-05-28T11:12:25.000Z</time>
        <extensions>
          <ns3:TrackPointExtension>
            <ns3:hr>124</ns3:hr>
          </ns3:TrackPointExtension>
        </extensions>
      </trkpt>
      <trkpt lat="47.5950333662331104278564453125" lon="18.464947454631328582763671875">
        <ele>254</ele>
        <time>2022-05-28T11:12:26.000Z</time>
        <extensions>
          <ns3:TrackPointExtension>
            <ns3:hr>126</ns3:hr>
          </ns3:TrackPointExtension>
        </extensions>
      </trkpt>
      <trkpt lat="47.5950038619339466094970703125" lon="18.464932031929492950439453125">
        <ele>253.399993896484375</ele>
        <time>2022-05-28T11:12:29.000Z</time>
        <extensions>
          <ns3:TrackPointExtension>
            <ns3:hr>123</ns3:hr>
          </ns3:TrackPointExtension>
        </extensions>
      </trkpt>
      <trkpt lat="47.5949592702090740203857421875" lon="18.46488635055720806121826171875">
        <ele>252.600006103515625</ele>
        <time>2022-05-28T11:12:35.000Z</time>
        <extensions>
          <ns3:TrackPointExtension>
            <ns3:hr>125</ns3:hr>
          </ns3:TrackPointExtension>
        </extensions>
      </trkpt>
      <trkpt lat="47.594920881092548370361328125" lon="18.4648431837558746337890625">
        <ele>252</ele>
        <time>2022-05-28T11:12:40.000Z</time>
        <extensions>
          <ns3:TrackPointExtension>
            <ns3:hr>122</ns3:hr>
          </ns3:TrackPointExtension>
        </extensions>
      </trkpt>
      <trkpt lat="47.5949036143720149993896484375" lon="18.46482432447373867034912109375">
        <ele>251.600006103515625</ele>
        <time>2022-05-28T11:12:42.000Z</time>
        <extensions>
          <ns3:TrackPointExtension>
            <ns3:hr>120</ns3:hr>
          </ns3:TrackPointExtension>
        </extensions>
      </trkpt>
      <trkpt lat="47.59489799849689006805419921875" lon="18.464812673628330230712890625">
        <ele>251.600006103515625</ele>
        <time>2022-05-28T11:12:43.000Z</time>
        <extensions>
          <ns3:TrackPointExtension>
            <ns3:hr>123</ns3:hr>
          </ns3:TrackPointExtension>
        </extensions>
      </trkpt>
      <trkpt lat="47.5948181189596652984619140625" lon="18.46469105221331119537353515625">
        <ele>250</ele>
        <time>2022-05-28T11:12:53.000Z</time>
        <extensions>
          <ns3:TrackPointExtension>
            <ns3:hr>121</ns3:hr>
          </ns3:TrackPointExtension>
        </extensions>
      </trkpt>
      <trkpt lat="47.59480579756200313568115234375" lon="18.46464763395488262176513671875">
        <ele>249.8000030517578125</ele>
        <time>2022-05-28T11:12:56.000Z</time>
        <extensions>
          <ns3:TrackPointExtension>
            <ns3:hr>121</ns3:hr>
          </ns3:TrackPointExtension>
        </extensions>
      </trkpt>
      <trkpt lat="47.59479473344981670379638671875" lon="18.46460958011448383331298828125">
        <ele>249.600006103515625</ele>
        <time>2022-05-28T11:12:58.000Z</time>
        <extensions>
          <ns3:TrackPointExtension>
            <ns3:hr>122</ns3:hr>
          </ns3:TrackPointExtension>
        </extensions>
      </trkpt>
      <trkpt lat="47.59478718973696231842041015625" lon="18.46458493731915950775146484375">
        <ele>249.600006103515625</ele>
        <time>2022-05-28T11:13:00.000Z</time>
        <extensions>
          <ns3:TrackPointExtension>
            <ns3:hr>123</ns3:hr>
          </ns3:TrackPointExtension>
        </extensions>
      </trkpt>
      <trkpt lat="47.5947497226297855377197265625" lon="18.464516289532184600830078125">
        <ele>249</ele>
        <time>2022-05-28T11:13:07.000Z</time>
        <extensions>
          <ns3:TrackPointExtension>
            <ns3:hr>120</ns3:hr>
          </ns3:TrackPointExtension>
        </extensions>
      </trkpt>
      <trkpt lat="47.594753243029117584228515625" lon="18.4645000286400318145751953125">
        <ele>249</ele>
        <time>2022-05-28T11:13:08.000Z</time>
        <extensions>
          <ns3:TrackPointExtension>
            <ns3:hr>121</ns3:hr>
          </ns3:TrackPointExtension>
        </extensions>
      </trkpt>
      <trkpt lat="47.5947557576000690460205078125" lon="18.4644998610019683837890625">
        <ele>249.1999969482421875</ele>
        <time>2022-05-28T11:13:15.000Z</time>
        <extensions>
          <ns3:TrackPointExtension>
            <ns3:hr>122</ns3:hr>
          </ns3:TrackPointExtension>
        </extensions>
      </trkpt>
      <trkpt lat="47.59471627883613109588623046875" lon="18.46443020738661289215087890625">
        <ele>248.600006103515625</ele>
        <time>2022-05-28T11:13:21.000Z</time>
        <extensions>
          <ns3:TrackPointExtension>
            <ns3:hr>122</ns3:hr>
          </ns3:TrackPointExtension>
        </extensions>
      </trkpt>
      <trkpt lat="47.5946669094264507293701171875" lon="18.4643169678747653961181640625">
        <ele>247.600006103515625</ele>
        <time>2022-05-28T11:13:31.000Z</time>
        <extensions>
          <ns3:TrackPointExtension>
            <ns3:hr>120</ns3:hr>
          </ns3:TrackPointExtension>
        </extensions>
      </trkpt>
      <trkpt lat="47.594647295773029327392578125" lon="18.46428452990949153900146484375">
        <ele>247.1999969482421875</ele>
        <time>2022-05-28T11:13:35.000Z</time>
        <extensions>
          <ns3:TrackPointExtension>
            <ns3:hr>117</ns3:hr>
          </ns3:TrackPointExtension>
        </extensions>
      </trkpt>
      <trkpt lat="47.594635225832462310791015625" lon="18.4642680175602436065673828125">
        <ele>247</ele>
        <time>2022-05-28T11:13:36.000Z</time>
        <extensions>
          <ns3:TrackPointExtension>
            <ns3:hr>117</ns3:hr>
          </ns3:TrackPointExtension>
        </extensions>
      </trkpt>
      <trkpt lat="47.59462424553930759429931640625" lon="18.4642505832016468048095703125">
        <ele>246.8000030517578125</ele>
        <time>2022-05-28T11:13:37.000Z</time>
        <extensions>
          <ns3:TrackPointExtension>
            <ns3:hr>117</ns3:hr>
          </ns3:TrackPointExtension>
        </extensions>
      </trkpt>
      <trkpt lat="47.59458535350859165191650390625" lon="18.464152850210666656494140625">
        <ele>246</ele>
        <time>2022-05-28T11:13:44.000Z</time>
        <extensions>
          <ns3:TrackPointExtension>
            <ns3:hr>115</ns3:hr>
          </ns3:TrackPointExtension>
        </extensions>
      </trkpt>
      <trkpt lat="47.5945629738271236419677734375" lon="18.46407682634890079498291015625">
        <ele>244.8000030517578125</ele>
        <time>2022-05-28T11:13:49.000Z</time>
        <extensions>
          <ns3:TrackPointExtension>
            <ns3:hr>115</ns3:hr>
          </ns3:TrackPointExtension>
        </extensions>
      </trkpt>
      <trkpt lat="47.59455149061977863311767578125" lon="18.4640514291822910308837890625">
        <ele>244.399993896484375</ele>
        <time>2022-05-28T11:13:51.000Z</time>
        <extensions>
          <ns3:TrackPointExtension>
            <ns3:hr>116</ns3:hr>
          </ns3:TrackPointExtension>
        </extensions>
      </trkpt>
      <trkpt lat="47.59452248923480510711669921875" lon="18.46395394764840602874755859375">
        <ele>242.8000030517578125</ele>
        <time>2022-05-28T11:13:59.000Z</time>
        <extensions>
          <ns3:TrackPointExtension>
            <ns3:hr>117</ns3:hr>
          </ns3:TrackPointExtension>
        </extensions>
      </trkpt>
      <trkpt lat="47.5945096649229526519775390625" lon="18.46381195820868015289306640625">
        <ele>241.399993896484375</ele>
        <time>2022-05-28T11:14:08.000Z</time>
        <extensions>
          <ns3:TrackPointExtension>
            <ns3:hr>116</ns3:hr>
          </ns3:TrackPointExtension>
        </extensions>
      </trkpt>
      <trkpt lat="47.59450706653296947479248046875" lon="18.4636702202260494232177734375">
        <ele>240.1999969482421875</ele>
        <time>2022-05-28T11:14:16.000Z</time>
        <extensions>
          <ns3:TrackPointExtension>
            <ns3:hr>115</ns3:hr>
          </ns3:TrackPointExtension>
        </extensions>
      </trkpt>
      <trkpt lat="47.59449164383113384246826171875" lon="18.463600985705852508544921875">
        <ele>239.399993896484375</ele>
        <time>2022-05-28T11:14:23.000Z</time>
        <extensions>
          <ns3:TrackPointExtension>
            <ns3:hr>113</ns3:hr>
          </ns3:TrackPointExtension>
        </extensions>
      </trkpt>
      <trkpt lat="47.59444378316402435302734375" lon="18.46346930600702762603759765625">
        <ele>238.399993896484375</ele>
        <time>2022-05-28T11:14:32.000Z</time>
        <extensions>
          <ns3:TrackPointExtension>
            <ns3:hr>115</ns3:hr>
          </ns3:TrackPointExtension>
        </extensions>
      </trkpt>
      <trkpt lat="47.594418637454509735107421875" lon="18.46338967792689800262451171875">
        <ele>237.8000030517578125</ele>
        <time>2022-05-28T11:14:38.000Z</time>
        <extensions>
          <ns3:TrackPointExtension>
            <ns3:hr>115</ns3:hr>
          </ns3:TrackPointExtension>
        </extensions>
      </trkpt>
      <trkpt lat="47.59438343346118927001953125" lon="18.46329228021204471588134765625">
        <ele>237.1999969482421875</ele>
        <time>2022-05-28T11:14:44.000Z</time>
        <extensions>
          <ns3:TrackPointExtension>
            <ns3:hr>117</ns3:hr>
          </ns3:TrackPointExtension>
        </extensions>
      </trkpt>
      <trkpt lat="47.5943680107593536376953125" lon="18.4632357023656368255615234375">
        <ele>236.8000030517578125</ele>
        <time>2022-05-28T11:14:52.000Z</time>
        <extensions>
          <ns3:TrackPointExtension>
            <ns3:hr>118</ns3:hr>
          </ns3:TrackPointExtension>
        </extensions>
      </trkpt>
      <trkpt lat="47.594348900020122528076171875" lon="18.46319136209785938262939453125">
        <ele>236.399993896484375</ele>
        <time>2022-05-28T11:15:03.000Z</time>
        <extensions>
          <ns3:TrackPointExtension>
            <ns3:hr>117</ns3:hr>
          </ns3:TrackPointExtension>
        </extensions>
      </trkpt>
      <trkpt lat="47.59433087892830371856689453125" lon="18.463083989918231964111328125">
        <ele>236</ele>
        <time>2022-05-28T11:15:11.000Z</time>
        <extensions>
          <ns3:TrackPointExtension>
            <ns3:hr>117</ns3:hr>
          </ns3:TrackPointExtension>
        </extensions>
      </trkpt>
      <trkpt lat="47.59431797079741954803466796875" lon="18.46301249228417873382568359375">
        <ele>235.399993896484375</ele>
        <time>2022-05-28T11:15:17.000Z</time>
        <extensions>
          <ns3:TrackPointExtension>
            <ns3:hr>117</ns3:hr>
          </ns3:TrackPointExtension>
        </extensions>
      </trkpt>
      <trkpt lat="47.59430372156202793121337890625" lon="18.4628779627382755279541015625">
        <ele>234.1999969482421875</ele>
        <time>2022-05-28T11:15:25.000Z</time>
        <extensions>
          <ns3:TrackPointExtension>
            <ns3:hr>119</ns3:hr>
          </ns3:TrackPointExtension>
        </extensions>
      </trkpt>
      <trkpt lat="47.59430103935301303863525390625" lon="18.46275952644646167755126953125">
        <ele>233.399993896484375</ele>
        <time>2022-05-28T11:15:30.000Z</time>
        <extensions>
          <ns3:TrackPointExtension>
            <ns3:hr>118</ns3:hr>
          </ns3:TrackPointExtension>
        </extensions>
      </trkpt>
      <trkpt lat="47.59429223835468292236328125" lon="18.46272717230021953582763671875">
        <ele>233</ele>
        <time>2022-05-28T11:15:33.000Z</time>
        <extensions>
          <ns3:TrackPointExtension>
            <ns3:hr>118</ns3:hr>
          </ns3:TrackPointExtension>
        </extensions>
      </trkpt>
      <trkpt lat="47.59427656419575214385986328125" lon="18.46264737658202648162841796875">
        <ele>232.399993896484375</ele>
        <time>2022-05-28T11:15:41.000Z</time>
        <extensions>
          <ns3:TrackPointExtension>
            <ns3:hr>118</ns3:hr>
          </ns3:TrackPointExtension>
        </extensions>
      </trkpt>
      <trkpt lat="47.5942682661116123199462890625" lon="18.46260898746550083160400390625">
        <ele>232</ele>
        <time>2022-05-28T11:15:47.000Z</time>
        <extensions>
          <ns3:TrackPointExtension>
            <ns3:hr>118</ns3:hr>
          </ns3:TrackPointExtension>
        </extensions>
      </trkpt>
      <trkpt lat="47.59426533244550228118896484375" lon="18.4624855220317840576171875">
        <ele>231.1999969482421875</ele>
        <time>2022-05-28T11:15:55.000Z</time>
        <extensions>
          <ns3:TrackPointExtension>
            <ns3:hr>117</ns3:hr>
          </ns3:TrackPointExtension>
        </extensions>
      </trkpt>
      <trkpt lat="47.59425745345652103424072265625" lon="18.4623445384204387664794921875">
        <ele>230.600006103515625</ele>
        <time>2022-05-28T11:16:03.000Z</time>
        <extensions>
          <ns3:TrackPointExtension>
            <ns3:hr>116</ns3:hr>
          </ns3:TrackPointExtension>
        </extensions>
      </trkpt>
      <trkpt lat="47.5942521728575229644775390625" lon="18.46221126616001129150390625">
        <ele>229.8000030517578125</ele>
        <time>2022-05-28T11:16:12.000Z</time>
        <extensions>
          <ns3:TrackPointExtension>
            <ns3:hr>114</ns3:hr>
          </ns3:TrackPointExtension>
        </extensions>
      </trkpt>
      <trkpt lat="47.5942478142678737640380859375" lon="18.46212836913764476776123046875">
        <ele>229.8000030517578125</ele>
        <time>2022-05-28T11:16:19.000Z</time>
        <extensions>
          <ns3:TrackPointExtension>
            <ns3:hr>113</ns3:hr>
          </ns3:TrackPointExtension>
        </extensions>
      </trkpt>
      <trkpt lat="47.59425393305718898773193359375" lon="18.46198730170726776123046875">
        <ele>229.8000030517578125</ele>
        <time>2022-05-28T11:16:27.000Z</time>
        <extensions>
          <ns3:TrackPointExtension>
            <ns3:hr>116</ns3:hr>
          </ns3:TrackPointExtension>
        </extensions>
      </trkpt>
      <trkpt lat="47.59423716925084590911865234375" lon="18.46186500973999500274658203125">
        <ele>229.399993896484375</ele>
        <time>2022-05-28T11:16:36.000Z</time>
        <extensions>
          <ns3:TrackPointExtension>
            <ns3:hr>117</ns3:hr>
          </ns3:TrackPointExtension>
        </extensions>
      </trkpt>
      <trkpt lat="47.59422224946320056915283203125" lon="18.461768366396427154541015625">
        <ele>229.399993896484375</ele>
        <time>2022-05-28T11:16:44.000Z</time>
        <extensions>
          <ns3:TrackPointExtension>
            <ns3:hr>115</ns3:hr>
          </ns3:TrackPointExtension>
        </extensions>
      </trkpt>
      <trkpt lat="47.594208754599094390869140625" lon="18.46170122735202312469482421875">
        <ele>229.1999969482421875</ele>
        <time>2022-05-28T11:16:48.000Z</time>
        <extensions>
          <ns3:TrackPointExtension>
            <ns3:hr>115</ns3:hr>
          </ns3:TrackPointExtension>
        </extensions>
      </trkpt>
      <trkpt lat="47.5941995345056056976318359375" lon="18.46163216046988964080810546875">
        <ele>229</ele>
        <time>2022-05-28T11:16:53.000Z</time>
        <extensions>
          <ns3:TrackPointExtension>
            <ns3:hr>116</ns3:hr>
          </ns3:TrackPointExtension>
        </extensions>
      </trkpt>
      <trkpt lat="47.59419039823114871978759765625" lon="18.46150659956037998199462890625">
        <ele>229</ele>
        <time>2022-05-28T11:17:02.000Z</time>
        <extensions>
          <ns3:TrackPointExtension>
            <ns3:hr>114</ns3:hr>
          </ns3:TrackPointExtension>
        </extensions>
      </trkpt>
      <trkpt lat="47.59418956004083156585693359375" lon="18.4614885784685611724853515625">
        <ele>229</ele>
        <time>2022-05-28T11:17:04.000Z</time>
        <extensions>
          <ns3:TrackPointExtension>
            <ns3:hr>112</ns3:hr>
          </ns3:TrackPointExtension>
        </extensions>
      </trkpt>
      <trkpt lat="47.5941774062812328338623046875" lon="18.461411297321319580078125">
        <ele>228.8000030517578125</ele>
        <time>2022-05-28T11:17:08.000Z</time>
        <extensions>
          <ns3:TrackPointExtension>
            <ns3:hr>114</ns3:hr>
          </ns3:TrackPointExtension>
        </extensions>
      </trkpt>
      <trkpt lat="47.59416894055902957916259765625" lon="18.46136813051998615264892578125">
        <ele>228.8000030517578125</ele>
        <time>2022-05-28T11:17:11.000Z</time>
        <extensions>
          <ns3:TrackPointExtension>
            <ns3:hr>115</ns3:hr>
          </ns3:TrackPointExtension>
        </extensions>
      </trkpt>
      <trkpt lat="47.5941619835793972015380859375" lon="18.46130467951297760009765625">
        <ele>228.8000030517578125</ele>
        <time>2022-05-28T11:17:15.000Z</time>
        <extensions>
          <ns3:TrackPointExtension>
            <ns3:hr>116</ns3:hr>
          </ns3:TrackPointExtension>
        </extensions>
      </trkpt>
      <trkpt lat="47.59415402077138423919677734375" lon="18.46126310527324676513671875">
        <ele>228.8000030517578125</ele>
        <time>2022-05-28T11:17:18.000Z</time>
        <extensions>
          <ns3:TrackPointExtension>
            <ns3:hr>115</ns3:hr>
          </ns3:TrackPointExtension>
        </extensions>
      </trkpt>
      <trkpt lat="47.5941371731460094451904296875" lon="18.4611898474395275115966796875">
        <ele>228.8000030517578125</ele>
        <time>2022-05-28T11:17:23.000Z</time>
        <extensions>
          <ns3:TrackPointExtension>
            <ns3:hr>116</ns3:hr>
          </ns3:TrackPointExtension>
        </extensions>
      </trkpt>
      <trkpt lat="47.59410222060978412628173828125" lon="18.46104324795305728912353515625">
        <ele>228.8000030517578125</ele>
        <time>2022-05-28T11:17:33.000Z</time>
        <extensions>
          <ns3:TrackPointExtension>
            <ns3:hr>116</ns3:hr>
          </ns3:TrackPointExtension>
        </extensions>
      </trkpt>
      <trkpt lat="47.5940821878612041473388671875" lon="18.46091483719646930694580078125">
        <ele>229</ele>
        <time>2022-05-28T11:17:40.000Z</time>
        <extensions>
          <ns3:TrackPointExtension>
            <ns3:hr>116</ns3:hr>
          </ns3:TrackPointExtension>
        </extensions>
      </trkpt>
      <trkpt lat="47.59406299330294132232666015625" lon="18.4607757814228534698486328125">
        <ele>229.1999969482421875</ele>
        <time>2022-05-28T11:17:48.000Z</time>
        <extensions>
          <ns3:TrackPointExtension>
            <ns3:hr>115</ns3:hr>
          </ns3:TrackPointExtension>
        </extensions>
      </trkpt>
      <trkpt lat="47.59404681622982025146484375" lon="18.46071819774806499481201171875">
        <ele>229.399993896484375</ele>
        <time>2022-05-28T11:17:54.000Z</time>
        <extensions>
          <ns3:TrackPointExtension>
            <ns3:hr>112</ns3:hr>
          </ns3:TrackPointExtension>
        </extensions>
      </trkpt>
      <trkpt lat="47.594045810401439666748046875" lon="18.4607144258916378021240234375">
        <ele>229.399993896484375</ele>
        <time>2022-05-28T11:17:55.000Z</time>
        <extensions>
          <ns3:TrackPointExtension>
            <ns3:hr>112</ns3:hr>
          </ns3:TrackPointExtension>
        </extensions>
      </trkpt>
      <trkpt lat="47.59403533302247524261474609375" lon="18.460661284625530242919921875">
        <ele>229.600006103515625</ele>
        <time>2022-05-28T11:17:58.000Z</time>
        <extensions>
          <ns3:TrackPointExtension>
            <ns3:hr>115</ns3:hr>
          </ns3:TrackPointExtension>
        </extensions>
      </trkpt>
      <trkpt lat="47.594034411013126373291015625" lon="18.460608981549739837646484375">
        <ele>229.600006103515625</ele>
        <time>2022-05-28T11:18:02.000Z</time>
        <extensions>
          <ns3:TrackPointExtension>
            <ns3:hr>112</ns3:hr>
          </ns3:TrackPointExtension>
        </extensions>
      </trkpt>
      <trkpt lat="47.5940325669944286346435546875" lon="18.46059657633304595947265625">
        <ele>229.600006103515625</ele>
        <time>2022-05-28T11:18:03.000Z</time>
        <extensions>
          <ns3:TrackPointExtension>
            <ns3:hr>112</ns3:hr>
          </ns3:TrackPointExtension>
        </extensions>
      </trkpt>
      <trkpt lat="47.5940298847854137420654296875" lon="18.46058341674506664276123046875">
        <ele>229.600006103515625</ele>
        <time>2022-05-28T11:18:04.000Z</time>
        <extensions>
          <ns3:TrackPointExtension>
            <ns3:hr>113</ns3:hr>
          </ns3:TrackPointExtension>
        </extensions>
      </trkpt>
      <trkpt lat="47.5940174795687198638916015625" lon="18.46056170761585235595703125">
        <ele>229.600006103515625</ele>
        <time>2022-05-28T11:18:09.000Z</time>
        <extensions>
          <ns3:TrackPointExtension>
            <ns3:hr>115</ns3:hr>
          </ns3:TrackPointExtension>
        </extensions>
      </trkpt>
      <trkpt lat="47.594031393527984619140625" lon="18.46042918972671031951904296875">
        <ele>229.1999969482421875</ele>
        <time>2022-05-28T11:18:17.000Z</time>
        <extensions>
          <ns3:TrackPointExtension>
            <ns3:hr>117</ns3:hr>
          </ns3:TrackPointExtension>
        </extensions>
      </trkpt>
      <trkpt lat="47.594002224504947662353515625" lon="18.46032592467963695526123046875">
        <ele>229</ele>
        <time>2022-05-28T11:18:24.000Z</time>
        <extensions>
          <ns3:TrackPointExtension>
            <ns3:hr>117</ns3:hr>
          </ns3:TrackPointExtension>
        </extensions>
      </trkpt>
      <trkpt lat="47.5939698703587055206298828125" lon="18.46016448922455310821533203125">
        <ele>228.1999969482421875</ele>
        <time>2022-05-28T11:18:32.000Z</time>
        <extensions>
          <ns3:TrackPointExtension>
            <ns3:hr>117</ns3:hr>
          </ns3:TrackPointExtension>
        </extensions>
      </trkpt>
      <trkpt lat="47.59399392642080783843994140625" lon="18.4600153751671314239501953125">
        <ele>227.399993896484375</ele>
        <time>2022-05-28T11:18:41.000Z</time>
        <extensions>
          <ns3:TrackPointExtension>
            <ns3:hr>116</ns3:hr>
          </ns3:TrackPointExtension>
        </extensions>
      </trkpt>
      <trkpt lat="47.59401706047356128692626953125" lon="18.45987263135612010955810546875">
        <ele>227</ele>
        <time>2022-05-28T11:18:50.000Z</time>
        <extensions>
          <ns3:TrackPointExtension>
            <ns3:hr>117</ns3:hr>
          </ns3:TrackPointExtension>
        </extensions>
      </trkpt>
      <trkpt lat="47.5940329022705554962158203125" lon="18.4597521834075450897216796875">
        <ele>226.8000030517578125</ele>
        <time>2022-05-28T11:18:58.000Z</time>
        <extensions>
          <ns3:TrackPointExtension>
            <ns3:hr>117</ns3:hr>
          </ns3:TrackPointExtension>
        </extensions>
      </trkpt>
      <trkpt lat="47.594039104878902435302734375" lon="18.45973835326731204986572265625">
        <ele>226.8000030517578125</ele>
        <time>2022-05-28T11:18:59.000Z</time>
        <extensions>
          <ns3:TrackPointExtension>
            <ns3:hr>117</ns3:hr>
          </ns3:TrackPointExtension>
        </extensions>
      </trkpt>
      <trkpt lat="47.59403700940310955047607421875" lon="18.4596666879951953887939453125">
        <ele>226.8000030517578125</ele>
        <time>2022-05-28T11:19:06.000Z</time>
        <extensions>
          <ns3:TrackPointExtension>
            <ns3:hr>118</ns3:hr>
          </ns3:TrackPointExtension>
        </extensions>
      </trkpt>
      <trkpt lat="47.59398738853633403778076171875" lon="18.45948790200054645538330078125">
        <ele>226.600006103515625</ele>
        <time>2022-05-28T11:19:13.000Z</time>
        <extensions>
          <ns3:TrackPointExtension>
            <ns3:hr>120</ns3:hr>
          </ns3:TrackPointExtension>
        </extensions>
      </trkpt>
      <trkpt lat="47.59401773102581501007080078125" lon="18.4593837149441242218017578125">
        <ele>226.8000030517578125</ele>
        <time>2022-05-28T11:19:20.000Z</time>
        <extensions>
          <ns3:TrackPointExtension>
            <ns3:hr>120</ns3:hr>
          </ns3:TrackPointExtension>
        </extensions>
      </trkpt>
      <trkpt lat="47.5940178148448467254638671875" lon="18.45929712988436222076416015625">
        <ele>226.8000030517578125</ele>
        <time>2022-05-28T11:19:26.000Z</time>
        <extensions>
          <ns3:TrackPointExtension>
            <ns3:hr>120</ns3:hr>
          </ns3:TrackPointExtension>
        </extensions>
      </trkpt>
      <trkpt lat="47.5940072536468505859375" lon="18.45914323814213275909423828125">
        <ele>226.399993896484375</ele>
        <time>2022-05-28T11:19:34.000Z</time>
        <extensions>
          <ns3:TrackPointExtension>
            <ns3:hr>120</ns3:hr>
          </ns3:TrackPointExtension>
        </extensions>
      </trkpt>
      <trkpt lat="47.5940201617777347564697265625" lon="18.4590682201087474822998046875">
        <ele>226.600006103515625</ele>
        <time>2022-05-28T11:19:40.000Z</time>
        <extensions>
          <ns3:TrackPointExtension>
            <ns3:hr>121</ns3:hr>
          </ns3:TrackPointExtension>
        </extensions>
      </trkpt>
      <trkpt lat="47.594025023281574249267578125" lon="18.45900007523596286773681640625">
        <ele>227</ele>
        <time>2022-05-28T11:19:45.000Z</time>
        <extensions>
          <ns3:TrackPointExtension>
            <ns3:hr>122</ns3:hr>
          </ns3:TrackPointExtension>
        </extensions>
      </trkpt>
      <trkpt lat="47.59402594529092311859130859375" lon="18.45893553458154201507568359375">
        <ele>227</ele>
        <time>2022-05-28T11:19:51.000Z</time>
        <extensions>
          <ns3:TrackPointExtension>
            <ns3:hr>122</ns3:hr>
          </ns3:TrackPointExtension>
        </extensions>
      </trkpt>
      <trkpt lat="47.5940275378525257110595703125" lon="18.4589106403291225433349609375">
        <ele>227</ele>
        <time>2022-05-28T11:19:54.000Z</time>
        <extensions>
          <ns3:TrackPointExtension>
            <ns3:hr>121</ns3:hr>
          </ns3:TrackPointExtension>
        </extensions>
      </trkpt>
      <trkpt lat="47.5940114445984363555908203125" lon="18.45889764837920665740966796875">
        <ele>227</ele>
        <time>2022-05-28T11:19:56.000Z</time>
        <extensions>
          <ns3:TrackPointExtension>
            <ns3:hr>121</ns3:hr>
          </ns3:TrackPointExtension>
        </extensions>
      </trkpt>
      <trkpt lat="47.59400381706655025482177734375" lon="18.45888406969606876373291015625">
        <ele>227</ele>
        <time>2022-05-28T11:19:58.000Z</time>
        <extensions>
          <ns3:TrackPointExtension>
            <ns3:hr>121</ns3:hr>
          </ns3:TrackPointExtension>
        </extensions>
      </trkpt>
      <trkpt lat="47.59396224282681941986083984375" lon="18.45886093564331531524658203125">
        <ele>227</ele>
        <time>2022-05-28T11:20:02.000Z</time>
        <extensions>
          <ns3:TrackPointExtension>
            <ns3:hr>120</ns3:hr>
          </ns3:TrackPointExtension>
        </extensions>
      </trkpt>
      <trkpt lat="47.59392050094902515411376953125" lon="18.4588130749762058258056640625">
        <ele>227.1999969482421875</ele>
        <time>2022-05-28T11:20:07.000Z</time>
        <extensions>
          <ns3:TrackPointExtension>
            <ns3:hr>119</ns3:hr>
          </ns3:TrackPointExtension>
        </extensions>
      </trkpt>
      <trkpt lat="47.593878842890262603759765625" lon="18.45875867642462253570556640625">
        <ele>227.1999969482421875</ele>
        <time>2022-05-28T11:20:13.000Z</time>
        <extensions>
          <ns3:TrackPointExtension>
            <ns3:hr>119</ns3:hr>
          </ns3:TrackPointExtension>
        </extensions>
      </trkpt>
      <trkpt lat="47.59382712654769420623779296875" lon="18.458704613149166107177734375">
        <ele>227.399993896484375</ele>
        <time>2022-05-28T11:20:21.000Z</time>
        <extensions>
          <ns3:TrackPointExtension>
            <ns3:hr>118</ns3:hr>
          </ns3:TrackPointExtension>
        </extensions>
      </trkpt>
      <trkpt lat="47.59373023174703121185302734375" lon="18.45861308276653289794921875">
        <ele>227.1999969482421875</ele>
        <time>2022-05-28T11:20:31.000Z</time>
        <extensions>
          <ns3:TrackPointExtension>
            <ns3:hr>120</ns3:hr>
          </ns3:TrackPointExtension>
        </extensions>
      </trkpt>
      <trkpt lat="47.59368061088025569915771484375" lon="18.45855541527271270751953125">
        <ele>227.1999969482421875</ele>
        <time>2022-05-28T11:20:39.000Z</time>
        <extensions>
          <ns3:TrackPointExtension>
            <ns3:hr>121</ns3:hr>
          </ns3:TrackPointExtension>
        </extensions>
      </trkpt>
      <trkpt lat="47.593627385795116424560546875" lon="18.45846748910844326019287109375">
        <ele>227</ele>
        <time>2022-05-28T11:20:46.000Z</time>
        <extensions>
          <ns3:TrackPointExtension>
            <ns3:hr>123</ns3:hr>
          </ns3:TrackPointExtension>
        </extensions>
      </trkpt>
      <trkpt lat="47.59357751347124576568603515625" lon="18.45841594040393829345703125">
        <ele>226.600006103515625</ele>
        <time>2022-05-28T11:20:54.000Z</time>
        <extensions>
          <ns3:TrackPointExtension>
            <ns3:hr>125</ns3:hr>
          </ns3:TrackPointExtension>
        </extensions>
      </trkpt>
      <trkpt lat="47.5935430638492107391357421875" lon="18.45839607529342174530029296875">
        <ele>226.399993896484375</ele>
        <time>2022-05-28T11:21:01.000Z</time>
        <extensions>
          <ns3:TrackPointExtension>
            <ns3:hr>126</ns3:hr>
          </ns3:TrackPointExtension>
        </extensions>
      </trkpt>
      <trkpt lat="47.5934319198131561279296875" lon="18.45831477083265781402587890625">
        <ele>225.600006103515625</ele>
        <time>2022-05-28T11:21:09.000Z</time>
        <extensions>
          <ns3:TrackPointExtension>
            <ns3:hr>126</ns3:hr>
          </ns3:TrackPointExtension>
        </extensions>
      </trkpt>
      <trkpt lat="47.59339294396340847015380859375" lon="18.45825760625302791595458984375">
        <ele>225.399993896484375</ele>
        <time>2022-05-28T11:21:14.000Z</time>
        <extensions>
          <ns3:TrackPointExtension>
            <ns3:hr>123</ns3:hr>
          </ns3:TrackPointExtension>
        </extensions>
      </trkpt>
      <trkpt lat="47.5933603383600711822509765625" lon="18.45820614136755466461181640625">
        <ele>225.399993896484375</ele>
        <time>2022-05-28T11:21:18.000Z</time>
        <extensions>
          <ns3:TrackPointExtension>
            <ns3:hr>121</ns3:hr>
          </ns3:TrackPointExtension>
        </extensions>
      </trkpt>
      <trkpt lat="47.59330518543720245361328125" lon="18.45814713276922702789306640625">
        <ele>225.600006103515625</ele>
        <time>2022-05-28T11:21:25.000Z</time>
        <extensions>
          <ns3:TrackPointExtension>
            <ns3:hr>116</ns3:hr>
          </ns3:TrackPointExtension>
        </extensions>
      </trkpt>
      <trkpt lat="47.59330711327493190765380859375" lon="18.45813833177089691162109375">
        <ele>225.600006103515625</ele>
        <time>2022-05-28T11:21:27.000Z</time>
        <extensions>
          <ns3:TrackPointExtension>
            <ns3:hr>119</ns3:hr>
          </ns3:TrackPointExtension>
        </extensions>
      </trkpt>
      <trkpt lat="47.59325061924755573272705078125" lon="18.4580563567578792572021484375">
        <ele>226</ele>
        <time>2022-05-28T11:21:31.000Z</time>
        <extensions>
          <ns3:TrackPointExtension>
            <ns3:hr>122</ns3:hr>
          </ns3:TrackPointExtension>
        </extensions>
      </trkpt>
      <trkpt lat="47.593227736651897430419921875" lon="18.45802626572549343109130859375">
        <ele>226</ele>
        <time>2022-05-28T11:21:34.000Z</time>
        <extensions>
          <ns3:TrackPointExtension>
            <ns3:hr>125</ns3:hr>
          </ns3:TrackPointExtension>
        </extensions>
      </trkpt>
      <trkpt lat="47.59321876801550388336181640625" lon="18.45800799317657947540283203125">
        <ele>226.1999969482421875</ele>
        <time>2022-05-28T11:21:36.000Z</time>
        <extensions>
          <ns3:TrackPointExtension>
            <ns3:hr>126</ns3:hr>
          </ns3:TrackPointExtension>
        </extensions>
      </trkpt>
      <trkpt lat="47.5931665487587451934814453125" lon="18.4579440392553806304931640625">
        <ele>226.399993896484375</ele>
        <time>2022-05-28T11:21:42.000Z</time>
        <extensions>
          <ns3:TrackPointExtension>
            <ns3:hr>129</ns3:hr>
          </ns3:TrackPointExtension>
        </extensions>
      </trkpt>
      <trkpt lat="47.59311483241617679595947265625" lon="18.45789198763668537139892578125">
        <ele>226.600006103515625</ele>
        <time>2022-05-28T11:21:47.000Z</time>
        <extensions>
          <ns3:TrackPointExtension>
            <ns3:hr>126</ns3:hr>
          </ns3:TrackPointExtension>
        </extensions>
      </trkpt>
      <trkpt lat="47.59308256208896636962890625" lon="18.45786952413618564605712890625">
        <ele>226.600006103515625</ele>
        <time>2022-05-28T11:21:50.000Z</time>
        <extensions>
          <ns3:TrackPointExtension>
            <ns3:hr>124</ns3:hr>
          </ns3:TrackPointExtension>
        </extensions>
      </trkpt>
      <trkpt lat="47.59304241277277469635009765625" lon="18.4577596373856067657470703125">
        <ele>227.1999969482421875</ele>
        <time>2022-05-28T11:21:56.000Z</time>
        <extensions>
          <ns3:TrackPointExtension>
            <ns3:hr>127</ns3:hr>
          </ns3:TrackPointExtension>
        </extensions>
      </trkpt>
      <trkpt lat="47.59302346967160701751708984375" lon="18.45771697349846363067626953125">
        <ele>227.600006103515625</ele>
        <time>2022-05-28T11:21:59.000Z</time>
        <extensions>
          <ns3:TrackPointExtension>
            <ns3:hr>129</ns3:hr>
          </ns3:TrackPointExtension>
        </extensions>
      </trkpt>
      <trkpt lat="47.59298725984990596771240234375" lon="18.45768193714320659637451171875">
        <ele>228</ele>
        <time>2022-05-28T11:22:05.000Z</time>
        <extensions>
          <ns3:TrackPointExtension>
            <ns3:hr>132</ns3:hr>
          </ns3:TrackPointExtension>
        </extensions>
      </trkpt>
      <trkpt lat="47.592964209616184234619140625" lon="18.45764991827309131622314453125">
        <ele>228.1999969482421875</ele>
        <time>2022-05-28T11:22:07.000Z</time>
        <extensions>
          <ns3:TrackPointExtension>
            <ns3:hr>132</ns3:hr>
          </ns3:TrackPointExtension>
        </extensions>
      </trkpt>
      <trkpt lat="47.59284711442887783050537109375" lon="18.4575081802904605865478515625">
        <ele>229.8000030517578125</ele>
        <time>2022-05-28T11:22:18.000Z</time>
        <extensions>
          <ns3:TrackPointExtension>
            <ns3:hr>132</ns3:hr>
          </ns3:TrackPointExtension>
        </extensions>
      </trkpt>
      <trkpt lat="47.5927558355033397674560546875" lon="18.45738689415156841278076171875">
        <ele>230.1999969482421875</ele>
        <time>2022-05-28T11:22:28.000Z</time>
        <extensions>
          <ns3:TrackPointExtension>
            <ns3:hr>133</ns3:hr>
          </ns3:TrackPointExtension>
        </extensions>
      </trkpt>
      <trkpt lat="47.59269456379115581512451171875" lon="18.45731145702302455902099609375">
        <ele>230.1999969482421875</ele>
        <time>2022-05-28T11:22:36.000Z</time>
        <extensions>
          <ns3:TrackPointExtension>
            <ns3:hr>130</ns3:hr>
          </ns3:TrackPointExtension>
        </extensions>
      </trkpt>
      <trkpt lat="47.59269037283957004547119140625" lon="18.45730592496693134307861328125">
        <ele>230.1999969482421875</ele>
        <time>2022-05-28T11:22:37.000Z</time>
        <extensions>
          <ns3:TrackPointExtension>
            <ns3:hr>129</ns3:hr>
          </ns3:TrackPointExtension>
        </extensions>
      </trkpt>
      <trkpt lat="47.59262398816645145416259765625" lon="18.45722210593521595001220703125">
        <ele>230.399993896484375</ele>
        <time>2022-05-28T11:22:46.000Z</time>
        <extensions>
          <ns3:TrackPointExtension>
            <ns3:hr>128</ns3:hr>
          </ns3:TrackPointExtension>
        </extensions>
      </trkpt>
      <trkpt lat="47.592618875205516815185546875" lon="18.45722378231585025787353515625">
        <ele>230.1999969482421875</ele>
        <time>2022-05-28T11:22:56.000Z</time>
        <extensions>
          <ns3:TrackPointExtension>
            <ns3:hr>125</ns3:hr>
          </ns3:TrackPointExtension>
        </extensions>
      </trkpt>
      <trkpt lat="47.592618875205516815185546875" lon="18.45722378231585025787353515625">
        <ele>230.1999969482421875</ele>
        <time>2022-05-28T11:23:02.000Z</time>
        <extensions>
          <ns3:TrackPointExtension>
            <ns3:hr>124</ns3:hr>
          </ns3:TrackPointExtension>
        </extensions>
      </trkpt>
      <trkpt lat="47.5925707630813121795654296875" lon="18.457177095115184783935546875">
        <ele>230.1999969482421875</ele>
        <time>2022-05-28T11:23:21.000Z</time>
        <extensions>
          <ns3:TrackPointExtension>
            <ns3:hr>122</ns3:hr>
          </ns3:TrackPointExtension>
        </extensions>
      </trkpt>
      <trkpt lat="47.5924929790198802947998046875" lon="18.45707374624907970428466796875">
        <ele>230.1999969482421875</ele>
        <time>2022-05-28T11:23:30.000Z</time>
        <extensions>
          <ns3:TrackPointExtension>
            <ns3:hr>120</ns3:hr>
          </ns3:TrackPointExtension>
        </extensions>
      </trkpt>
      <trkpt lat="47.5924872793257236480712890625" lon="18.45707081258296966552734375">
        <ele>230.1999969482421875</ele>
        <time>2022-05-28T11:23:33.000Z</time>
        <extensions>
          <ns3:TrackPointExtension>
            <ns3:hr>117</ns3:hr>
          </ns3:TrackPointExtension>
        </extensions>
      </trkpt>
      <trkpt lat="47.5924691744148731231689453125" lon="18.457055389881134033203125">
        <ele>230.1999969482421875</ele>
        <time>2022-05-28T11:23:38.000Z</time>
        <extensions>
          <ns3:TrackPointExtension>
            <ns3:hr>116</ns3:hr>
          </ns3:TrackPointExtension>
        </extensions>
      </trkpt>
      <trkpt lat="47.5923991017043590545654296875" lon="18.45703166909515857696533203125">
        <ele>229.8000030517578125</ele>
        <time>2022-05-28T11:23:45.000Z</time>
        <extensions>
          <ns3:TrackPointExtension>
            <ns3:hr>116</ns3:hr>
          </ns3:TrackPointExtension>
        </extensions>
      </trkpt>
      <trkpt lat="47.59234118275344371795654296875" lon="18.456957153975963592529296875">
        <ele>229.600006103515625</ele>
        <time>2022-05-28T11:23:51.000Z</time>
        <extensions>
          <ns3:TrackPointExtension>
            <ns3:hr>116</ns3:hr>
          </ns3:TrackPointExtension>
        </extensions>
      </trkpt>
      <trkpt lat="47.592277564108371734619140625" lon="18.45688330940902233123779296875">
        <ele>229.600006103515625</ele>
        <time>2022-05-28T11:23:59.000Z</time>
        <extensions>
          <ns3:TrackPointExtension>
            <ns3:hr>116</ns3:hr>
          </ns3:TrackPointExtension>
        </extensions>
      </trkpt>
      <trkpt lat="47.5922113470733165740966796875" lon="18.4567722491919994354248046875">
        <ele>230</ele>
        <time>2022-05-28T11:24:07.000Z</time>
        <extensions>
          <ns3:TrackPointExtension>
            <ns3:hr>117</ns3:hr>
          </ns3:TrackPointExtension>
        </extensions>
      </trkpt>
      <trkpt lat="47.59215409867465496063232421875" lon="18.4566686488687992095947265625">
        <ele>230.600006103515625</ele>
        <time>2022-05-28T11:24:15.000Z</time>
        <extensions>
          <ns3:TrackPointExtension>
            <ns3:hr>119</ns3:hr>
          </ns3:TrackPointExtension>
        </extensions>
      </trkpt>
      <trkpt lat="47.59215183556079864501953125" lon="18.4566733427345752716064453125">
        <ele>230.600006103515625</ele>
        <time>2022-05-28T11:24:20.000Z</time>
        <extensions>
          <ns3:TrackPointExtension>
            <ns3:hr>120</ns3:hr>
          </ns3:TrackPointExtension>
        </extensions>
      </trkpt>
      <trkpt lat="47.59212643839418888092041015625" lon="18.45664626918733119964599609375">
        <ele>230.600006103515625</ele>
        <time>2022-05-28T11:24:26.000Z</time>
        <extensions>
          <ns3:TrackPointExtension>
            <ns3:hr>120</ns3:hr>
          </ns3:TrackPointExtension>
        </extensions>
      </trkpt>
      <trkpt lat="47.5920950062572956085205078125" lon="18.45657435245811939239501953125">
        <ele>230.8000030517578125</ele>
        <time>2022-05-28T11:24:34.000Z</time>
        <extensions>
          <ns3:TrackPointExtension>
            <ns3:hr>121</ns3:hr>
          </ns3:TrackPointExtension>
        </extensions>
      </trkpt>
      <trkpt lat="47.59206340648233890533447265625" lon="18.45655289478600025177001953125">
        <ele>230.8000030517578125</ele>
        <time>2022-05-28T11:24:41.000Z</time>
        <extensions>
          <ns3:TrackPointExtension>
            <ns3:hr>121</ns3:hr>
          </ns3:TrackPointExtension>
        </extensions>
      </trkpt>
      <trkpt lat="47.59201831184327602386474609375" lon="18.45648651011288166046142578125">
        <ele>230.8000030517578125</ele>
        <time>2022-05-28T11:24:49.000Z</time>
        <extensions>
          <ns3:TrackPointExtension>
            <ns3:hr>120</ns3:hr>
          </ns3:TrackPointExtension>
        </extensions>
      </trkpt>
      <trkpt lat="47.59196382947266101837158203125" lon="18.45642029307782649993896484375">
        <ele>230.8000030517578125</ele>
        <time>2022-05-28T11:24:56.000Z</time>
        <extensions>
          <ns3:TrackPointExtension>
            <ns3:hr>119</ns3:hr>
          </ns3:TrackPointExtension>
        </extensions>
      </trkpt>
      <trkpt lat="47.59193281643092632293701171875" lon="18.4563772939145565032958984375">
        <ele>230.8000030517578125</ele>
        <time>2022-05-28T11:25:02.000Z</time>
        <extensions>
          <ns3:TrackPointExtension>
            <ns3:hr>117</ns3:hr>
          </ns3:TrackPointExtension>
        </extensions>
      </trkpt>
      <trkpt lat="47.59192208759486675262451171875" lon="18.45637075603008270263671875">
        <ele>230.600006103515625</ele>
        <time>2022-05-28T11:25:03.000Z</time>
        <extensions>
          <ns3:TrackPointExtension>
            <ns3:hr>117</ns3:hr>
          </ns3:TrackPointExtension>
        </extensions>
      </trkpt>
      <trkpt lat="47.5918700359761714935302734375" lon="18.45631040632724761962890625">
        <ele>230.600006103515625</ele>
        <time>2022-05-28T11:25:10.000Z</time>
        <extensions>
          <ns3:TrackPointExtension>
            <ns3:hr>114</ns3:hr>
          </ns3:TrackPointExtension>
        </extensions>
      </trkpt>
      <trkpt lat="47.591834999620914459228515625" lon="18.45628970302641391754150390625">
        <ele>230.399993896484375</ele>
        <time>2022-05-28T11:25:13.000Z</time>
        <extensions>
          <ns3:TrackPointExtension>
            <ns3:hr>113</ns3:hr>
          </ns3:TrackPointExtension>
        </extensions>
      </trkpt>
      <trkpt lat="47.59177339263260364532470703125" lon="18.45621518790721893310546875">
        <ele>230.1999969482421875</ele>
        <time>2022-05-28T11:25:21.000Z</time>
        <extensions>
          <ns3:TrackPointExtension>
            <ns3:hr>115</ns3:hr>
          </ns3:TrackPointExtension>
        </extensions>
      </trkpt>
      <trkpt lat="47.5916953571140766143798828125" lon="18.4561479650437831878662109375">
        <ele>229.8000030517578125</ele>
        <time>2022-05-28T11:25:29.000Z</time>
        <extensions>
          <ns3:TrackPointExtension>
            <ns3:hr>116</ns3:hr>
          </ns3:TrackPointExtension>
        </extensions>
      </trkpt>
      <trkpt lat="47.59162184782326221466064453125" lon="18.456094153225421905517578125">
        <ele>229.8000030517578125</ele>
        <time>2022-05-28T11:25:38.000Z</time>
        <extensions>
          <ns3:TrackPointExtension>
            <ns3:hr>117</ns3:hr>
          </ns3:TrackPointExtension>
        </extensions>
      </trkpt>
      <trkpt lat="47.5916155613958835601806640625" lon="18.45608686096966266632080078125">
        <ele>229.8000030517578125</ele>
        <time>2022-05-28T11:25:39.000Z</time>
        <extensions>
          <ns3:TrackPointExtension>
            <ns3:hr>117</ns3:hr>
          </ns3:TrackPointExtension>
        </extensions>
      </trkpt>
      <trkpt lat="47.59159016422927379608154296875" lon="18.45606657676398754119873046875">
        <ele>229.8000030517578125</ele>
        <time>2022-05-28T11:25:42.000Z</time>
        <extensions>
          <ns3:TrackPointExtension>
            <ns3:hr>117</ns3:hr>
          </ns3:TrackPointExtension>
        </extensions>
      </trkpt>
      <trkpt lat="47.59155948646366596221923828125" lon="18.45604176633059978485107421875">
        <ele>230</ele>
        <time>2022-05-28T11:25:45.000Z</time>
        <extensions>
          <ns3:TrackPointExtension>
            <ns3:hr>117</ns3:hr>
          </ns3:TrackPointExtension>
        </extensions>
      </trkpt>
      <trkpt lat="47.59148622862994670867919921875" lon="18.455993235111236572265625">
        <ele>230</ele>
        <time>2022-05-28T11:25:54.000Z</time>
        <extensions>
          <ns3:TrackPointExtension>
            <ns3:hr>118</ns3:hr>
          </ns3:TrackPointExtension>
        </extensions>
      </trkpt>
      <trkpt lat="47.59147767908871173858642578125" lon="18.4559731185436248779296875">
        <ele>230.1999969482421875</ele>
        <time>2022-05-28T11:25:55.000Z</time>
        <extensions>
          <ns3:TrackPointExtension>
            <ns3:hr>118</ns3:hr>
          </ns3:TrackPointExtension>
        </extensions>
      </trkpt>
      <trkpt lat="47.59141129441559314727783203125" lon="18.45596113242208957672119140625">
        <ele>230</ele>
        <time>2022-05-28T11:26:01.000Z</time>
        <extensions>
          <ns3:TrackPointExtension>
            <ns3:hr>118</ns3:hr>
          </ns3:TrackPointExtension>
        </extensions>
      </trkpt>
      <trkpt lat="47.591354884207248687744140625" lon="18.45599650405347347259521484375">
        <ele>230</ele>
        <time>2022-05-28T11:26:06.000Z</time>
        <extensions>
          <ns3:TrackPointExtension>
            <ns3:hr>121</ns3:hr>
          </ns3:TrackPointExtension>
        </extensions>
      </trkpt>
      <trkpt lat="47.59134314954280853271484375" lon="18.45600186847150325775146484375">
        <ele>230</ele>
        <time>2022-05-28T11:26:07.000Z</time>
        <extensions>
          <ns3:TrackPointExtension>
            <ns3:hr>121</ns3:hr>
          </ns3:TrackPointExtension>
        </extensions>
      </trkpt>
      <trkpt lat="47.59130157530307769775390625" lon="18.45601804554462432861328125">
        <ele>229.8000030517578125</ele>
        <time>2022-05-28T11:26:11.000Z</time>
        <extensions>
          <ns3:TrackPointExtension>
            <ns3:hr>124</ns3:hr>
          </ns3:TrackPointExtension>
        </extensions>
      </trkpt>
      <trkpt lat="47.59129361249506473541259765625" lon="18.45602475106716156005859375">
        <ele>229.8000030517578125</ele>
        <time>2022-05-28T11:26:12.000Z</time>
        <extensions>
          <ns3:TrackPointExtension>
            <ns3:hr>124</ns3:hr>
          </ns3:TrackPointExtension>
        </extensions>
      </trkpt>
      <trkpt lat="47.59122513234615325927734375" lon="18.45605098642408847808837890625">
        <ele>229.600006103515625</ele>
        <time>2022-05-28T11:26:19.000Z</time>
        <extensions>
          <ns3:TrackPointExtension>
            <ns3:hr>126</ns3:hr>
          </ns3:TrackPointExtension>
        </extensions>
      </trkpt>
      <trkpt lat="47.5912149064242839813232421875" lon="18.456061296164989471435546875">
        <ele>229.399993896484375</ele>
        <time>2022-05-28T11:26:20.000Z</time>
        <extensions>
          <ns3:TrackPointExtension>
            <ns3:hr>125</ns3:hr>
          </ns3:TrackPointExtension>
        </extensions>
      </trkpt>
      <trkpt lat="47.591198645532131195068359375" lon="18.45607168972492218017578125">
        <ele>229.1999969482421875</ele>
        <time>2022-05-28T11:26:22.000Z</time>
        <extensions>
          <ns3:TrackPointExtension>
            <ns3:hr>125</ns3:hr>
          </ns3:TrackPointExtension>
        </extensions>
      </trkpt>
      <trkpt lat="47.59116235189139842987060546875" lon="18.45608501695096492767333984375">
        <ele>229.1999969482421875</ele>
        <time>2022-05-28T11:26:25.000Z</time>
        <extensions>
          <ns3:TrackPointExtension>
            <ns3:hr>125</ns3:hr>
          </ns3:TrackPointExtension>
        </extensions>
      </trkpt>
      <trkpt lat="47.591128908097743988037109375" lon="18.45609490759670734405517578125">
        <ele>229</ele>
        <time>2022-05-28T11:26:28.000Z</time>
        <extensions>
          <ns3:TrackPointExtension>
            <ns3:hr>125</ns3:hr>
          </ns3:TrackPointExtension>
        </extensions>
      </trkpt>
      <trkpt lat="47.59108523838222026824951171875" lon="18.45611393451690673828125">
        <ele>229</ele>
        <time>2022-05-28T11:26:32.000Z</time>
        <extensions>
          <ns3:TrackPointExtension>
            <ns3:hr>125</ns3:hr>
          </ns3:TrackPointExtension>
        </extensions>
      </trkpt>
      <trkpt lat="47.5909641198813915252685546875" lon="18.4560601226985454559326171875">
        <ele>229.8000030517578125</ele>
        <time>2022-05-28T11:26:44.000Z</time>
        <extensions>
          <ns3:TrackPointExtension>
            <ns3:hr>127</ns3:hr>
          </ns3:TrackPointExtension>
        </extensions>
      </trkpt>
      <trkpt lat="47.5908618606626987457275390625" lon="18.45602986402809619903564453125">
        <ele>230.399993896484375</ele>
        <time>2022-05-28T11:26:54.000Z</time>
        <extensions>
          <ns3:TrackPointExtension>
            <ns3:hr>127</ns3:hr>
          </ns3:TrackPointExtension>
        </extensions>
      </trkpt>
      <trkpt lat="47.59076513350009918212890625" lon="18.45598493702709674835205078125">
        <ele>231.399993896484375</ele>
        <time>2022-05-28T11:27:03.000Z</time>
        <extensions>
          <ns3:TrackPointExtension>
            <ns3:hr>128</ns3:hr>
          </ns3:TrackPointExtension>
        </extensions>
      </trkpt>
      <trkpt lat="47.5906901992857456207275390625" lon="18.4559047222137451171875">
        <ele>232.600006103515625</ele>
        <time>2022-05-28T11:27:12.000Z</time>
        <extensions>
          <ns3:TrackPointExtension>
            <ns3:hr>129</ns3:hr>
          </ns3:TrackPointExtension>
        </extensions>
      </trkpt>
      <trkpt lat="47.59062565863132476806640625" lon="18.4558076597750186920166015625">
        <ele>233.8000030517578125</ele>
        <time>2022-05-28T11:27:20.000Z</time>
        <extensions>
          <ns3:TrackPointExtension>
            <ns3:hr>130</ns3:hr>
          </ns3:TrackPointExtension>
        </extensions>
      </trkpt>
      <trkpt lat="47.59059288538992404937744140625" lon="18.4557271935045719146728515625">
        <ele>234.1999969482421875</ele>
        <time>2022-05-28T11:27:26.000Z</time>
        <extensions>
          <ns3:TrackPointExtension>
            <ns3:hr>127</ns3:hr>
          </ns3:TrackPointExtension>
        </extensions>
      </trkpt>
      <trkpt lat="47.59058416821062564849853515625" lon="18.4556805901229381561279296875">
        <ele>234.399993896484375</ele>
        <time>2022-05-28T11:27:29.000Z</time>
        <extensions>
          <ns3:TrackPointExtension>
            <ns3:hr>126</ns3:hr>
          </ns3:TrackPointExtension>
        </extensions>
      </trkpt>
      <trkpt lat="47.59056354872882366180419921875" lon="18.45561563037335872650146484375">
        <ele>234.8000030517578125</ele>
        <time>2022-05-28T11:27:34.000Z</time>
        <extensions>
          <ns3:TrackPointExtension>
            <ns3:hr>126</ns3:hr>
          </ns3:TrackPointExtension>
        </extensions>
      </trkpt>
      <trkpt lat="47.59055281989276409149169921875" lon="18.4555922448635101318359375">
        <ele>235</ele>
        <time>2022-05-28T11:27:36.000Z</time>
        <extensions>
          <ns3:TrackPointExtension>
            <ns3:hr>126</ns3:hr>
          </ns3:TrackPointExtension>
        </extensions>
      </trkpt>
      <trkpt lat="47.59051811881363391876220703125" lon="18.4554881416261196136474609375">
        <ele>235</ele>
        <time>2022-05-28T11:27:42.000Z</time>
        <extensions>
          <ns3:TrackPointExtension>
            <ns3:hr>126</ns3:hr>
          </ns3:TrackPointExtension>
        </extensions>
      </trkpt>
      <trkpt lat="47.59046229533851146697998046875" lon="18.45537029206752777099609375">
        <ele>235</ele>
        <time>2022-05-28T11:27:51.000Z</time>
        <extensions>
          <ns3:TrackPointExtension>
            <ns3:hr>124</ns3:hr>
          </ns3:TrackPointExtension>
        </extensions>
      </trkpt>
      <trkpt lat="47.590404711663722991943359375" lon="18.455235846340656280517578125">
        <ele>234.8000030517578125</ele>
        <time>2022-05-28T11:28:00.000Z</time>
        <extensions>
          <ns3:TrackPointExtension>
            <ns3:hr>122</ns3:hr>
          </ns3:TrackPointExtension>
        </extensions>
      </trkpt>
      <trkpt lat="47.5903720222413539886474609375" lon="18.45517792738974094390869140625">
        <ele>234.600006103515625</ele>
        <time>2022-05-28T11:28:05.000Z</time>
        <extensions>
          <ns3:TrackPointExtension>
            <ns3:hr>122</ns3:hr>
          </ns3:TrackPointExtension>
        </extensions>
      </trkpt>
      <trkpt lat="47.590347714722156524658203125" lon="18.45515060238540172576904296875">
        <ele>234.600006103515625</ele>
        <time>2022-05-28T11:28:08.000Z</time>
        <extensions>
          <ns3:TrackPointExtension>
            <ns3:hr>122</ns3:hr>
          </ns3:TrackPointExtension>
        </extensions>
      </trkpt>
      <trkpt lat="47.59034268558025360107421875" lon="18.45513618551194667816162109375">
        <ele>234.600006103515625</ele>
        <time>2022-05-28T11:28:09.000Z</time>
        <extensions>
          <ns3:TrackPointExtension>
            <ns3:hr>123</ns3:hr>
          </ns3:TrackPointExtension>
        </extensions>
      </trkpt>
      <trkpt lat="47.5903254188597202301025390625" lon="18.455055467784404754638671875">
        <ele>234.1999969482421875</ele>
        <time>2022-05-28T11:28:14.000Z</time>
        <extensions>
          <ns3:TrackPointExtension>
            <ns3:hr>121</ns3:hr>
          </ns3:TrackPointExtension>
        </extensions>
      </trkpt>
      <trkpt lat="47.5902794860303401947021484375" lon="18.45494625158607959747314453125">
        <ele>234</ele>
        <time>2022-05-28T11:28:22.000Z</time>
        <extensions>
          <ns3:TrackPointExtension>
            <ns3:hr>121</ns3:hr>
          </ns3:TrackPointExtension>
        </extensions>
      </trkpt>
      <trkpt lat="47.5902211479842662811279296875" lon="18.45480434596538543701171875">
        <ele>234</ele>
        <time>2022-05-28T11:28:33.000Z</time>
        <extensions>
          <ns3:TrackPointExtension>
            <ns3:hr>120</ns3:hr>
          </ns3:TrackPointExtension>
        </extensions>
      </trkpt>
      <trkpt lat="47.59017747826874256134033203125" lon="18.4546740911900997161865234375">
        <ele>233.8000030517578125</ele>
        <time>2022-05-28T11:28:42.000Z</time>
        <extensions>
          <ns3:TrackPointExtension>
            <ns3:hr>120</ns3:hr>
          </ns3:TrackPointExtension>
        </extensions>
      </trkpt>
      <trkpt lat="47.5901234149932861328125" lon="18.45451961271464824676513671875">
        <ele>233.399993896484375</ele>
        <time>2022-05-28T11:28:52.000Z</time>
        <extensions>
          <ns3:TrackPointExtension>
            <ns3:hr>120</ns3:hr>
          </ns3:TrackPointExtension>
        </extensions>
      </trkpt>
      <trkpt lat="47.59008829481899738311767578125" lon="18.45437142066657543182373046875">
        <ele>233</ele>
        <time>2022-05-28T11:29:02.000Z</time>
        <extensions>
          <ns3:TrackPointExtension>
            <ns3:hr>120</ns3:hr>
          </ns3:TrackPointExtension>
        </extensions>
      </trkpt>
      <trkpt lat="47.59005527012050151824951171875" lon="18.454295732080936431884765625">
        <ele>233</ele>
        <time>2022-05-28T11:29:09.000Z</time>
        <extensions>
          <ns3:TrackPointExtension>
            <ns3:hr>122</ns3:hr>
          </ns3:TrackPointExtension>
        </extensions>
      </trkpt>
      <trkpt lat="47.5900491513311862945556640625" lon="18.4542848356068134307861328125">
        <ele>233</ele>
        <time>2022-05-28T11:29:10.000Z</time>
        <extensions>
          <ns3:TrackPointExtension>
            <ns3:hr>122</ns3:hr>
          </ns3:TrackPointExtension>
        </extensions>
      </trkpt>
      <trkpt lat="47.5900280289351940155029296875" lon="18.45416824333369731903076171875">
        <ele>233</ele>
        <time>2022-05-28T11:29:19.000Z</time>
        <extensions>
          <ns3:TrackPointExtension>
            <ns3:hr>121</ns3:hr>
          </ns3:TrackPointExtension>
        </extensions>
      </trkpt>
      <trkpt lat="47.590017803013324737548828125" lon="18.45414494164288043975830078125">
        <ele>233</ele>
        <time>2022-05-28T11:29:21.000Z</time>
        <extensions>
          <ns3:TrackPointExtension>
            <ns3:hr>122</ns3:hr>
          </ns3:TrackPointExtension>
        </extensions>
      </trkpt>
      <trkpt lat="47.58999659679830074310302734375" lon="18.45407118089497089385986328125">
        <ele>233.1999969482421875</ele>
        <time>2022-05-28T11:29:26.000Z</time>
        <extensions>
          <ns3:TrackPointExtension>
            <ns3:hr>123</ns3:hr>
          </ns3:TrackPointExtension>
        </extensions>
      </trkpt>
      <trkpt lat="47.59000740945339202880859375" lon="18.45395048148930072784423828125">
        <ele>233</ele>
        <time>2022-05-28T11:29:32.000Z</time>
        <extensions>
          <ns3:TrackPointExtension>
            <ns3:hr>125</ns3:hr>
          </ns3:TrackPointExtension>
        </extensions>
      </trkpt>
      <trkpt lat="47.58999508805572986602783203125" lon="18.45383782871067523956298828125">
        <ele>233</ele>
        <time>2022-05-28T11:29:40.000Z</time>
        <extensions>
          <ns3:TrackPointExtension>
            <ns3:hr>126</ns3:hr>
          </ns3:TrackPointExtension>
        </extensions>
      </trkpt>
      <trkpt lat="47.5900105945765972137451171875" lon="18.45379072241485118865966796875">
        <ele>233</ele>
        <time>2022-05-28T11:29:43.000Z</time>
        <extensions>
          <ns3:TrackPointExtension>
            <ns3:hr>126</ns3:hr>
          </ns3:TrackPointExtension>
        </extensions>
      </trkpt>
      <trkpt lat="47.5900196470320224761962890625" lon="18.45374613068997859954833984375">
        <ele>233</ele>
        <time>2022-05-28T11:29:46.000Z</time>
        <extensions>
          <ns3:TrackPointExtension>
            <ns3:hr>127</ns3:hr>
          </ns3:TrackPointExtension>
        </extensions>
      </trkpt>
      <trkpt lat="47.59004454128444194793701171875" lon="18.4535888023674488067626953125">
        <ele>233</ele>
        <time>2022-05-28T11:29:55.000Z</time>
        <extensions>
          <ns3:TrackPointExtension>
            <ns3:hr>127</ns3:hr>
          </ns3:TrackPointExtension>
        </extensions>
      </trkpt>
      <trkpt lat="47.59006750769913196563720703125" lon="18.4534603916108608245849609375">
        <ele>233</ele>
        <time>2022-05-28T11:30:02.000Z</time>
        <extensions>
          <ns3:TrackPointExtension>
            <ns3:hr>127</ns3:hr>
          </ns3:TrackPointExtension>
        </extensions>
      </trkpt>
      <trkpt lat="47.59008787572383880615234375" lon="18.45339660532772541046142578125">
        <ele>233</ele>
        <time>2022-05-28T11:30:05.000Z</time>
        <extensions>
          <ns3:TrackPointExtension>
            <ns3:hr>128</ns3:hr>
          </ns3:TrackPointExtension>
        </extensions>
      </trkpt>
      <trkpt lat="47.59009659290313720703125" lon="18.45333893783390522003173828125">
        <ele>233.1999969482421875</ele>
        <time>2022-05-28T11:30:08.000Z</time>
        <extensions>
          <ns3:TrackPointExtension>
            <ns3:hr>128</ns3:hr>
          </ns3:TrackPointExtension>
        </extensions>
      </trkpt>
      <trkpt lat="47.59012349881231784820556640625" lon="18.4531782567501068115234375">
        <ele>233.8000030517578125</ele>
        <time>2022-05-28T11:30:16.000Z</time>
        <extensions>
          <ns3:TrackPointExtension>
            <ns3:hr>130</ns3:hr>
          </ns3:TrackPointExtension>
        </extensions>
      </trkpt>
      <trkpt lat="47.59015065617859363555908203125" lon="18.4530835412442684173583984375">
        <ele>234</ele>
        <time>2022-05-28T11:30:23.000Z</time>
        <extensions>
          <ns3:TrackPointExtension>
            <ns3:hr>130</ns3:hr>
          </ns3:TrackPointExtension>
        </extensions>
      </trkpt>
      <trkpt lat="47.5901628099381923675537109375" lon="18.45303232781589031219482421875">
        <ele>234</ele>
        <time>2022-05-28T11:30:26.000Z</time>
        <extensions>
          <ns3:TrackPointExtension>
            <ns3:hr>130</ns3:hr>
          </ns3:TrackPointExtension>
        </extensions>
      </trkpt>
      <trkpt lat="47.590198516845703125" lon="18.4529906697571277618408203125">
        <ele>234.1999969482421875</ele>
        <time>2022-05-28T11:30:29.000Z</time>
        <extensions>
          <ns3:TrackPointExtension>
            <ns3:hr>130</ns3:hr>
          </ns3:TrackPointExtension>
        </extensions>
      </trkpt>
      <trkpt lat="47.5902432762086391448974609375" lon="18.45288748852908611297607421875">
        <ele>234.600006103515625</ele>
        <time>2022-05-28T11:30:37.000Z</time>
        <extensions>
          <ns3:TrackPointExtension>
            <ns3:hr>130</ns3:hr>
          </ns3:TrackPointExtension>
        </extensions>
      </trkpt>
      <trkpt lat="47.59026356041431427001953125" lon="18.45274734310805797576904296875">
        <ele>235</ele>
        <time>2022-05-28T11:30:45.000Z</time>
        <extensions>
          <ns3:TrackPointExtension>
            <ns3:hr>131</ns3:hr>
          </ns3:TrackPointExtension>
        </extensions>
      </trkpt>
      <trkpt lat="47.590298764407634735107421875" lon="18.452608287334442138671875">
        <ele>235.600006103515625</ele>
        <time>2022-05-28T11:30:54.000Z</time>
        <extensions>
          <ns3:TrackPointExtension>
            <ns3:hr>132</ns3:hr>
          </ns3:TrackPointExtension>
        </extensions>
      </trkpt>
      <trkpt lat="47.59030974470078945159912109375" lon="18.45257819630205631256103515625">
        <ele>235.600006103515625</ele>
        <time>2022-05-28T11:30:57.000Z</time>
        <extensions>
          <ns3:TrackPointExtension>
            <ns3:hr>132</ns3:hr>
          </ns3:TrackPointExtension>
        </extensions>
      </trkpt>
      <trkpt lat="47.5903207249939441680908203125" lon="18.452542237937450408935546875">
        <ele>235.8000030517578125</ele>
        <time>2022-05-28T11:30:59.000Z</time>
        <extensions>
          <ns3:TrackPointExtension>
            <ns3:hr>131</ns3:hr>
          </ns3:TrackPointExtension>
        </extensions>
      </trkpt>
      <trkpt lat="47.59035609662532806396484375" lon="18.452437631785869598388671875">
        <ele>236</ele>
        <time>2022-05-28T11:31:07.000Z</time>
        <extensions>
          <ns3:TrackPointExtension>
            <ns3:hr>131</ns3:hr>
          </ns3:TrackPointExtension>
        </extensions>
      </trkpt>
      <trkpt lat="47.59038518182933330535888671875" lon="18.45230695791542530059814453125">
        <ele>236</ele>
        <time>2022-05-28T11:31:16.000Z</time>
        <extensions>
          <ns3:TrackPointExtension>
            <ns3:hr>131</ns3:hr>
          </ns3:TrackPointExtension>
        </extensions>
      </trkpt>
      <trkpt lat="47.59037948213517665863037109375" lon="18.45220369286835193634033203125">
        <ele>236</ele>
        <time>2022-05-28T11:31:23.000Z</time>
        <extensions>
          <ns3:TrackPointExtension>
            <ns3:hr>131</ns3:hr>
          </ns3:TrackPointExtension>
        </extensions>
      </trkpt>
      <trkpt lat="47.5903817452490329742431640625" lon="18.4521662257611751556396484375">
        <ele>236</ele>
        <time>2022-05-28T11:31:25.000Z</time>
        <extensions>
          <ns3:TrackPointExtension>
            <ns3:hr>131</ns3:hr>
          </ns3:TrackPointExtension>
        </extensions>
      </trkpt>
      <trkpt lat="47.59037160314619541168212890625" lon="18.45210864208638668060302734375">
        <ele>236</ele>
        <time>2022-05-28T11:31:30.000Z</time>
        <extensions>
          <ns3:TrackPointExtension>
            <ns3:hr>131</ns3:hr>
          </ns3:TrackPointExtension>
        </extensions>
      </trkpt>
      <trkpt lat="47.59033505804836750030517578125" lon="18.45198928378522396087646484375">
        <ele>236</ele>
        <time>2022-05-28T11:31:39.000Z</time>
        <extensions>
          <ns3:TrackPointExtension>
            <ns3:hr>131</ns3:hr>
          </ns3:TrackPointExtension>
        </extensions>
      </trkpt>
      <trkpt lat="47.59030220098793506622314453125" lon="18.4518762119114398956298828125">
        <ele>236</ele>
        <time>2022-05-28T11:31:48.000Z</time>
        <extensions>
          <ns3:TrackPointExtension>
            <ns3:hr>132</ns3:hr>
          </ns3:TrackPointExtension>
        </extensions>
      </trkpt>
      <trkpt lat="47.590282000601291656494140625" lon="18.4518651477992534637451171875">
        <ele>235.8000030517578125</ele>
        <time>2022-05-28T11:31:50.000Z</time>
        <extensions>
          <ns3:TrackPointExtension>
            <ns3:hr>132</ns3:hr>
          </ns3:TrackPointExtension>
        </extensions>
      </trkpt>
      <trkpt lat="47.590207569301128387451171875" lon="18.4517917223274707794189453125">
        <ele>235.399993896484375</ele>
        <time>2022-05-28T11:31:55.000Z</time>
        <extensions>
          <ns3:TrackPointExtension>
            <ns3:hr>131</ns3:hr>
          </ns3:TrackPointExtension>
        </extensions>
      </trkpt>
      <trkpt lat="47.59016029536724090576171875" lon="18.45177873037755489349365234375">
        <ele>235</ele>
        <time>2022-05-28T11:32:00.000Z</time>
        <extensions>
          <ns3:TrackPointExtension>
            <ns3:hr>128</ns3:hr>
          </ns3:TrackPointExtension>
        </extensions>
      </trkpt>
      <trkpt lat="47.59015166200697422027587890625" lon="18.4517819993197917938232421875">
        <ele>235</ele>
        <time>2022-05-28T11:32:02.000Z</time>
        <extensions>
          <ns3:TrackPointExtension>
            <ns3:hr>127</ns3:hr>
          </ns3:TrackPointExtension>
        </extensions>
      </trkpt>
      <trkpt lat="47.59014696814119815826416015625" lon="18.4517955780029296875">
        <ele>234.8000030517578125</ele>
        <time>2022-05-28T11:32:09.000Z</time>
        <extensions>
          <ns3:TrackPointExtension>
            <ns3:hr>124</ns3:hr>
          </ns3:TrackPointExtension>
        </extensions>
      </trkpt>
      <trkpt lat="47.5901004485785961151123046875" lon="18.45179650001227855682373046875">
        <ele>234.600006103515625</ele>
        <time>2022-05-28T11:32:15.000Z</time>
        <extensions>
          <ns3:TrackPointExtension>
            <ns3:hr>121</ns3:hr>
          </ns3:TrackPointExtension>
        </extensions>
      </trkpt>
      <trkpt lat="47.59001302532851696014404296875" lon="18.45177856273949146270751953125">
        <ele>234</ele>
        <time>2022-05-28T11:32:25.000Z</time>
        <extensions>
          <ns3:TrackPointExtension>
            <ns3:hr>120</ns3:hr>
          </ns3:TrackPointExtension>
        </extensions>
      </trkpt>
      <trkpt lat="47.58996793068945407867431640625" lon="18.45177152194082736968994140625">
        <ele>233.600006103515625</ele>
        <time>2022-05-28T11:32:30.000Z</time>
        <extensions>
          <ns3:TrackPointExtension>
            <ns3:hr>117</ns3:hr>
          </ns3:TrackPointExtension>
        </extensions>
      </trkpt>
      <trkpt lat="47.58995519019663333892822265625" lon="18.45177370123565196990966796875">
        <ele>233.399993896484375</ele>
        <time>2022-05-28T11:32:31.000Z</time>
        <extensions>
          <ns3:TrackPointExtension>
            <ns3:hr>117</ns3:hr>
          </ns3:TrackPointExtension>
        </extensions>
      </trkpt>
      <trkpt lat="47.5899432040750980377197265625" lon="18.4517835080623626708984375">
        <ele>233.399993896484375</ele>
        <time>2022-05-28T11:32:33.000Z</time>
        <extensions>
          <ns3:TrackPointExtension>
            <ns3:hr>116</ns3:hr>
          </ns3:TrackPointExtension>
        </extensions>
      </trkpt>
      <trkpt lat="47.58987522684037685394287109375" lon="18.4517783112823963165283203125">
        <ele>233</ele>
        <time>2022-05-28T11:32:40.000Z</time>
        <extensions>
          <ns3:TrackPointExtension>
            <ns3:hr>116</ns3:hr>
          </ns3:TrackPointExtension>
        </extensions>
      </trkpt>
      <trkpt lat="47.5898486562073230743408203125" lon="18.4517803229391574859619140625">
        <ele>232.8000030517578125</ele>
        <time>2022-05-28T11:32:45.000Z</time>
        <extensions>
          <ns3:TrackPointExtension>
            <ns3:hr>115</ns3:hr>
          </ns3:TrackPointExtension>
        </extensions>
      </trkpt>
      <trkpt lat="47.58975167758762836456298828125" lon="18.451789878308773040771484375">
        <ele>232.600006103515625</ele>
        <time>2022-05-28T11:32:53.000Z</time>
        <extensions>
          <ns3:TrackPointExtension>
            <ns3:hr>119</ns3:hr>
          </ns3:TrackPointExtension>
        </extensions>
      </trkpt>
      <trkpt lat="47.5897215865552425384521484375" lon="18.45179348252713680267333984375">
        <ele>232</ele>
        <time>2022-05-28T11:32:55.000Z</time>
        <extensions>
          <ns3:TrackPointExtension>
            <ns3:hr>119</ns3:hr>
          </ns3:TrackPointExtension>
        </extensions>
      </trkpt>
      <trkpt lat="47.589608095586299896240234375" lon="18.45188065432012081146240234375">
        <ele>230.600006103515625</ele>
        <time>2022-05-28T11:33:06.000Z</time>
        <extensions>
          <ns3:TrackPointExtension>
            <ns3:hr>119</ns3:hr>
          </ns3:TrackPointExtension>
        </extensions>
      </trkpt>
      <trkpt lat="47.58958219550549983978271484375" lon="18.45192206092178821563720703125">
        <ele>230.600006103515625</ele>
        <time>2022-05-28T11:33:10.000Z</time>
        <extensions>
          <ns3:TrackPointExtension>
            <ns3:hr>120</ns3:hr>
          </ns3:TrackPointExtension>
        </extensions>
      </trkpt>
      <trkpt lat="47.58956157602369785308837890625" lon="18.45195022411644458770751953125">
        <ele>230.399993896484375</ele>
        <time>2022-05-28T11:33:14.000Z</time>
        <extensions>
          <ns3:TrackPointExtension>
            <ns3:hr>120</ns3:hr>
          </ns3:TrackPointExtension>
        </extensions>
      </trkpt>
      <trkpt lat="47.589515559375286102294921875" lon="18.451997078955173492431640625">
        <ele>229.8000030517578125</ele>
        <time>2022-05-28T11:33:22.000Z</time>
        <extensions>
          <ns3:TrackPointExtension>
            <ns3:hr>116</ns3:hr>
          </ns3:TrackPointExtension>
        </extensions>
      </trkpt>
      <trkpt lat="47.58951044641435146331787109375" lon="18.45200738869607448577880859375">
        <ele>229.8000030517578125</ele>
        <time>2022-05-28T11:33:23.000Z</time>
        <extensions>
          <ns3:TrackPointExtension>
            <ns3:hr>119</ns3:hr>
          </ns3:TrackPointExtension>
        </extensions>
      </trkpt>
      <trkpt lat="47.589439116418361663818359375" lon="18.45206069760024547576904296875">
        <ele>229</ele>
        <time>2022-05-28T11:33:32.000Z</time>
        <extensions>
          <ns3:TrackPointExtension>
            <ns3:hr>118</ns3:hr>
          </ns3:TrackPointExtension>
        </extensions>
      </trkpt>
      <trkpt lat="47.5893977098166942596435546875" lon="18.4520787186920642852783203125">
        <ele>228.600006103515625</ele>
        <time>2022-05-28T11:33:35.000Z</time>
        <extensions>
          <ns3:TrackPointExtension>
            <ns3:hr>119</ns3:hr>
          </ns3:TrackPointExtension>
        </extensions>
      </trkpt>
      <trkpt lat="47.589374072849750518798828125" lon="18.4520827420055866241455078125">
        <ele>228.1999969482421875</ele>
        <time>2022-05-28T11:33:37.000Z</time>
        <extensions>
          <ns3:TrackPointExtension>
            <ns3:hr>119</ns3:hr>
          </ns3:TrackPointExtension>
        </extensions>
      </trkpt>
      <trkpt lat="47.58929151110351085662841796875" lon="18.45212523825466632843017578125">
        <ele>227.399993896484375</ele>
        <time>2022-05-28T11:33:46.000Z</time>
        <extensions>
          <ns3:TrackPointExtension>
            <ns3:hr>119</ns3:hr>
          </ns3:TrackPointExtension>
        </extensions>
      </trkpt>
      <trkpt lat="47.58923753164708614349365234375" lon="18.45217335037887096405029296875">
        <ele>227.1999969482421875</ele>
        <time>2022-05-28T11:33:51.000Z</time>
        <extensions>
          <ns3:TrackPointExtension>
            <ns3:hr>119</ns3:hr>
          </ns3:TrackPointExtension>
        </extensions>
      </trkpt>
      <trkpt lat="47.5891952030360698699951171875" lon="18.4521776251494884490966796875">
        <ele>226.8000030517578125</ele>
        <time>2022-05-28T11:33:54.000Z</time>
        <extensions>
          <ns3:TrackPointExtension>
            <ns3:hr>118</ns3:hr>
          </ns3:TrackPointExtension>
        </extensions>
      </trkpt>
      <trkpt lat="47.589166201651096343994140625" lon="18.45216731540858745574951171875">
        <ele>226.600006103515625</ele>
        <time>2022-05-28T11:33:57.000Z</time>
        <extensions>
          <ns3:TrackPointExtension>
            <ns3:hr>116</ns3:hr>
          </ns3:TrackPointExtension>
        </extensions>
      </trkpt>
      <trkpt lat="47.589132003486156463623046875" lon="18.45216413028538227081298828125">
        <ele>226.399993896484375</ele>
        <time>2022-05-28T11:34:01.000Z</time>
        <extensions>
          <ns3:TrackPointExtension>
            <ns3:hr>116</ns3:hr>
          </ns3:TrackPointExtension>
        </extensions>
      </trkpt>
      <trkpt lat="47.589050866663455963134765625" lon="18.452186845242977142333984375">
        <ele>226.399993896484375</ele>
        <time>2022-05-28T11:34:09.000Z</time>
        <extensions>
          <ns3:TrackPointExtension>
            <ns3:hr>115</ns3:hr>
          </ns3:TrackPointExtension>
        </extensions>
      </trkpt>
      <trkpt lat="47.5889739207923412322998046875" lon="18.4521414153277873992919921875">
        <ele>225.8000030517578125</ele>
        <time>2022-05-28T11:34:17.000Z</time>
        <extensions>
          <ns3:TrackPointExtension>
            <ns3:hr>115</ns3:hr>
          </ns3:TrackPointExtension>
        </extensions>
      </trkpt>
      <trkpt lat="47.588931508362293243408203125" lon="18.4521477855741977691650390625">
        <ele>225.600006103515625</ele>
        <time>2022-05-28T11:34:22.000Z</time>
        <extensions>
          <ns3:TrackPointExtension>
            <ns3:hr>114</ns3:hr>
          </ns3:TrackPointExtension>
        </extensions>
      </trkpt>
      <trkpt lat="47.58884961716830730438232421875" lon="18.4521072171628475189208984375">
        <ele>225.1999969482421875</ele>
        <time>2022-05-28T11:34:29.000Z</time>
        <extensions>
          <ns3:TrackPointExtension>
            <ns3:hr>114</ns3:hr>
          </ns3:TrackPointExtension>
        </extensions>
      </trkpt>
      <trkpt lat="47.58883033879101276397705078125" lon="18.45209665596485137939453125">
        <ele>225.1999969482421875</ele>
        <time>2022-05-28T11:34:31.000Z</time>
        <extensions>
          <ns3:TrackPointExtension>
            <ns3:hr>114</ns3:hr>
          </ns3:TrackPointExtension>
        </extensions>
      </trkpt>
      <trkpt lat="47.58875037543475627899169921875" lon="18.452107720077037811279296875">
        <ele>225.1999969482421875</ele>
        <time>2022-05-28T11:34:38.000Z</time>
        <extensions>
          <ns3:TrackPointExtension>
            <ns3:hr>114</ns3:hr>
          </ns3:TrackPointExtension>
        </extensions>
      </trkpt>
      <trkpt lat="47.5886731781065464019775390625" lon="18.45206907950341701507568359375">
        <ele>225</ele>
        <time>2022-05-28T11:34:48.000Z</time>
        <extensions>
          <ns3:TrackPointExtension>
            <ns3:hr>115</ns3:hr>
          </ns3:TrackPointExtension>
        </extensions>
      </trkpt>
      <trkpt lat="47.588602937757968902587890625" lon="18.45206455327570438385009765625">
        <ele>224.8000030517578125</ele>
        <time>2022-05-28T11:34:56.000Z</time>
        <extensions>
          <ns3:TrackPointExtension>
            <ns3:hr>113</ns3:hr>
          </ns3:TrackPointExtension>
        </extensions>
      </trkpt>
      <trkpt lat="47.588521800935268402099609375" lon="18.45205751247704029083251953125">
        <ele>224.399993896484375</ele>
        <time>2022-05-28T11:35:05.000Z</time>
        <extensions>
          <ns3:TrackPointExtension>
            <ns3:hr>113</ns3:hr>
          </ns3:TrackPointExtension>
        </extensions>
      </trkpt>
      <trkpt lat="47.58843295276165008544921875" lon="18.4520518966019153594970703125">
        <ele>224</ele>
        <time>2022-05-28T11:35:14.000Z</time>
        <extensions>
          <ns3:TrackPointExtension>
            <ns3:hr>113</ns3:hr>
          </ns3:TrackPointExtension>
        </extensions>
      </trkpt>
      <trkpt lat="47.5883489660918712615966796875" lon="18.45206287689507007598876953125">
        <ele>223.399993896484375</ele>
        <time>2022-05-28T11:35:23.000Z</time>
        <extensions>
          <ns3:TrackPointExtension>
            <ns3:hr>114</ns3:hr>
          </ns3:TrackPointExtension>
        </extensions>
      </trkpt>
      <trkpt lat="47.5882658176124095916748046875" lon="18.45209120772778987884521484375">
        <ele>223.1999969482421875</ele>
        <time>2022-05-28T11:35:31.000Z</time>
        <extensions>
          <ns3:TrackPointExtension>
            <ns3:hr>115</ns3:hr>
          </ns3:TrackPointExtension>
        </extensions>
      </trkpt>
      <trkpt lat="47.5882004387676715850830078125" lon="18.4521192871034145355224609375">
        <ele>222.8000030517578125</ele>
        <time>2022-05-28T11:35:34.000Z</time>
        <extensions>
          <ns3:TrackPointExtension>
            <ns3:hr>111</ns3:hr>
          </ns3:TrackPointExtension>
        </extensions>
      </trkpt>
      <trkpt lat="47.58818350732326507568359375" lon="18.45211920328438282012939453125">
        <ele>222.8000030517578125</ele>
        <time>2022-05-28T11:35:35.000Z</time>
        <extensions>
          <ns3:TrackPointExtension>
            <ns3:hr>115</ns3:hr>
          </ns3:TrackPointExtension>
        </extensions>
      </trkpt>
      <trkpt lat="47.58813388645648956298828125" lon="18.45209523104131221771240234375">
        <ele>222.399993896484375</ele>
        <time>2022-05-28T11:35:40.000Z</time>
        <extensions>
          <ns3:TrackPointExtension>
            <ns3:hr>117</ns3:hr>
          </ns3:TrackPointExtension>
        </extensions>
      </trkpt>
      <trkpt lat="47.58807814680039882659912109375" lon="18.45205281861126422882080078125">
        <ele>222</ele>
        <time>2022-05-28T11:35:47.000Z</time>
        <extensions>
          <ns3:TrackPointExtension>
            <ns3:hr>115</ns3:hr>
          </ns3:TrackPointExtension>
        </extensions>
      </trkpt>
      <trkpt lat="47.58798879571259021759033203125" lon="18.45209405757486820220947265625">
        <ele>221.399993896484375</ele>
        <time>2022-05-28T11:35:56.000Z</time>
        <extensions>
          <ns3:TrackPointExtension>
            <ns3:hr>117</ns3:hr>
          </ns3:TrackPointExtension>
        </extensions>
      </trkpt>
      <trkpt lat="47.58791235275566577911376953125" lon="18.4521102346479892730712890625">
        <ele>221</ele>
        <time>2022-05-28T11:36:05.000Z</time>
        <extensions>
          <ns3:TrackPointExtension>
            <ns3:hr>117</ns3:hr>
          </ns3:TrackPointExtension>
        </extensions>
      </trkpt>
      <trkpt lat="47.58783691562712192535400390625" lon="18.4521068818867206573486328125">
        <ele>220.8000030517578125</ele>
        <time>2022-05-28T11:36:13.000Z</time>
        <extensions>
          <ns3:TrackPointExtension>
            <ns3:hr>118</ns3:hr>
          </ns3:TrackPointExtension>
        </extensions>
      </trkpt>
      <trkpt lat="47.58776986040174961090087890625" lon="18.452111743390560150146484375">
        <ele>220.1999969482421875</ele>
        <time>2022-05-28T11:36:19.000Z</time>
        <extensions>
          <ns3:TrackPointExtension>
            <ns3:hr>117</ns3:hr>
          </ns3:TrackPointExtension>
        </extensions>
      </trkpt>
      <trkpt lat="47.58773289620876312255859375" lon="18.45211769454181194305419921875">
        <ele>219.600006103515625</ele>
        <time>2022-05-28T11:36:22.000Z</time>
        <extensions>
          <ns3:TrackPointExtension>
            <ns3:hr>116</ns3:hr>
          </ns3:TrackPointExtension>
        </extensions>
      </trkpt>
      <trkpt lat="47.58764547295868396759033203125" lon="18.452162034809589385986328125">
        <ele>218.600006103515625</ele>
        <time>2022-05-28T11:36:31.000Z</time>
        <extensions>
          <ns3:TrackPointExtension>
            <ns3:hr>116</ns3:hr>
          </ns3:TrackPointExtension>
        </extensions>
      </trkpt>
      <trkpt lat="47.58756433613598346710205078125" lon="18.45219187438488006591796875">
        <ele>217.600006103515625</ele>
        <time>2022-05-28T11:36:39.000Z</time>
        <extensions>
          <ns3:TrackPointExtension>
            <ns3:hr>114</ns3:hr>
          </ns3:TrackPointExtension>
        </extensions>
      </trkpt>
      <trkpt lat="47.58747716434299945831298828125" lon="18.45226228237152099609375">
        <ele>216.8000030517578125</ele>
        <time>2022-05-28T11:36:47.000Z</time>
        <extensions>
          <ns3:TrackPointExtension>
            <ns3:hr>108</ns3:hr>
          </ns3:TrackPointExtension>
        </extensions>
      </trkpt>
      <trkpt lat="47.58746023289859294891357421875" lon="18.45226454548537731170654296875">
        <ele>216.399993896484375</ele>
        <time>2022-05-28T11:36:48.000Z</time>
        <extensions>
          <ns3:TrackPointExtension>
            <ns3:hr>112</ns3:hr>
          </ns3:TrackPointExtension>
        </extensions>
      </trkpt>
      <trkpt lat="47.58737658150494098663330078125" lon="18.4522681497037410736083984375">
        <ele>215.1999969482421875</ele>
        <time>2022-05-28T11:36:56.000Z</time>
        <extensions>
          <ns3:TrackPointExtension>
            <ns3:hr>111</ns3:hr>
          </ns3:TrackPointExtension>
        </extensions>
      </trkpt>
      <trkpt lat="47.58727851323783397674560546875" lon="18.45234434120357036590576171875">
        <ele>214.399993896484375</ele>
        <time>2022-05-28T11:37:05.000Z</time>
        <extensions>
          <ns3:TrackPointExtension>
            <ns3:hr>110</ns3:hr>
          </ns3:TrackPointExtension>
        </extensions>
      </trkpt>
      <trkpt lat="47.58722193539142608642578125" lon="18.4523566626012325286865234375">
        <ele>213.8000030517578125</ele>
        <time>2022-05-28T11:37:13.000Z</time>
        <extensions>
          <ns3:TrackPointExtension>
            <ns3:hr>111</ns3:hr>
          </ns3:TrackPointExtension>
        </extensions>
      </trkpt>
      <trkpt lat="47.58721464313566684722900390625" lon="18.45235004089772701263427734375">
        <ele>213.8000030517578125</ele>
        <time>2022-05-28T11:37:14.000Z</time>
        <extensions>
          <ns3:TrackPointExtension>
            <ns3:hr>111</ns3:hr>
          </ns3:TrackPointExtension>
        </extensions>
      </trkpt>
      <trkpt lat="47.58711556904017925262451171875" lon="18.45237351022660732269287109375">
        <ele>213.1999969482421875</ele>
        <time>2022-05-28T11:37:25.000Z</time>
        <extensions>
          <ns3:TrackPointExtension>
            <ns3:hr>112</ns3:hr>
          </ns3:TrackPointExtension>
        </extensions>
      </trkpt>
      <trkpt lat="47.58706100285053253173828125" lon="18.45238993875682353973388671875">
        <ele>213</ele>
        <time>2022-05-28T11:37:32.000Z</time>
        <extensions>
          <ns3:TrackPointExtension>
            <ns3:hr>112</ns3:hr>
          </ns3:TrackPointExtension>
        </extensions>
      </trkpt>
      <trkpt lat="47.5869666226208209991455078125" lon="18.45240904949605464935302734375">
        <ele>212.399993896484375</ele>
        <time>2022-05-28T11:37:41.000Z</time>
        <extensions>
          <ns3:TrackPointExtension>
            <ns3:hr>111</ns3:hr>
          </ns3:TrackPointExtension>
        </extensions>
      </trkpt>
      <trkpt lat="47.5868291594088077545166015625" lon="18.4524082951247692108154296875">
        <ele>212</ele>
        <time>2022-05-28T11:37:52.000Z</time>
        <extensions>
          <ns3:TrackPointExtension>
            <ns3:hr>113</ns3:hr>
          </ns3:TrackPointExtension>
        </extensions>
      </trkpt>
      <trkpt lat="47.58673922158777713775634765625" lon="18.45242178998887538909912109375">
        <ele>211.8000030517578125</ele>
        <time>2022-05-28T11:37:59.000Z</time>
        <extensions>
          <ns3:TrackPointExtension>
            <ns3:hr>112</ns3:hr>
          </ns3:TrackPointExtension>
        </extensions>
      </trkpt>
      <trkpt lat="47.58666328154504299163818359375" lon="18.45242497511208057403564453125">
        <ele>211.399993896484375</ele>
        <time>2022-05-28T11:38:06.000Z</time>
        <extensions>
          <ns3:TrackPointExtension>
            <ns3:hr>111</ns3:hr>
          </ns3:TrackPointExtension>
        </extensions>
      </trkpt>
      <trkpt lat="47.58664534427225589752197265625" lon="18.45243033953011035919189453125">
        <ele>211.1999969482421875</ele>
        <time>2022-05-28T11:38:14.000Z</time>
        <extensions>
          <ns3:TrackPointExtension>
            <ns3:hr>111</ns3:hr>
          </ns3:TrackPointExtension>
        </extensions>
      </trkpt>
      <trkpt lat="47.586636207997798919677734375" lon="18.45242933370172977447509765625">
        <ele>211.1999969482421875</ele>
        <time>2022-05-28T11:38:26.000Z</time>
        <extensions>
          <ns3:TrackPointExtension>
            <ns3:hr>113</ns3:hr>
          </ns3:TrackPointExtension>
        </extensions>
      </trkpt>
      <trkpt lat="47.586593963205814361572265625" lon="18.45244458876550197601318359375">
        <ele>211</ele>
        <time>2022-05-28T11:38:33.000Z</time>
        <extensions>
          <ns3:TrackPointExtension>
            <ns3:hr>114</ns3:hr>
          </ns3:TrackPointExtension>
        </extensions>
      </trkpt>
      <trkpt lat="47.5865153409540653228759765625" lon="18.45247711054980754852294921875">
        <ele>210.600006103515625</ele>
        <time>2022-05-28T11:38:42.000Z</time>
        <extensions>
          <ns3:TrackPointExtension>
            <ns3:hr>114</ns3:hr>
          </ns3:TrackPointExtension>
        </extensions>
      </trkpt>
      <trkpt lat="47.5864528119564056396484375" lon="18.452507369220256805419921875">
        <ele>210.399993896484375</ele>
        <time>2022-05-28T11:38:49.000Z</time>
        <extensions>
          <ns3:TrackPointExtension>
            <ns3:hr>115</ns3:hr>
          </ns3:TrackPointExtension>
        </extensions>
      </trkpt>
      <trkpt lat="47.5864254869520664215087890625" lon="18.4525363706052303314208984375">
        <ele>210.399993896484375</ele>
        <time>2022-05-28T11:38:52.000Z</time>
        <extensions>
          <ns3:TrackPointExtension>
            <ns3:hr>116</ns3:hr>
          </ns3:TrackPointExtension>
        </extensions>
      </trkpt>
      <trkpt lat="47.5863926298916339874267578125" lon="18.452575094997882843017578125">
        <ele>210.399993896484375</ele>
        <time>2022-05-28T11:38:54.000Z</time>
        <extensions>
          <ns3:TrackPointExtension>
            <ns3:hr>117</ns3:hr>
          </ns3:TrackPointExtension>
        </extensions>
      </trkpt>
      <trkpt lat="47.586345858871936798095703125" lon="18.4525880031287670135498046875">
        <ele>210.1999969482421875</ele>
        <time>2022-05-28T11:39:00.000Z</time>
        <extensions>
          <ns3:TrackPointExtension>
            <ns3:hr>116</ns3:hr>
          </ns3:TrackPointExtension>
        </extensions>
      </trkpt>
      <trkpt lat="47.586264722049236297607421875" lon="18.45260032452642917633056640625">
        <ele>209.8000030517578125</ele>
        <time>2022-05-28T11:39:08.000Z</time>
        <extensions>
          <ns3:TrackPointExtension>
            <ns3:hr>115</ns3:hr>
          </ns3:TrackPointExtension>
        </extensions>
      </trkpt>
      <trkpt lat="47.5861713476479053497314453125" lon="18.45265044830739498138427734375">
        <ele>209.399993896484375</ele>
        <time>2022-05-28T11:39:18.000Z</time>
        <extensions>
          <ns3:TrackPointExtension>
            <ns3:hr>113</ns3:hr>
          </ns3:TrackPointExtension>
        </extensions>
      </trkpt>
      <trkpt lat="47.5861012749373912811279296875" lon="18.45268028788268566131591796875">
        <ele>209.1999969482421875</ele>
        <time>2022-05-28T11:39:26.000Z</time>
        <extensions>
          <ns3:TrackPointExtension>
            <ns3:hr>113</ns3:hr>
          </ns3:TrackPointExtension>
        </extensions>
      </trkpt>
      <trkpt lat="47.58608543314039707183837890625" lon="18.4526872448623180389404296875">
        <ele>209.1999969482421875</ele>
        <time>2022-05-28T11:39:28.000Z</time>
        <extensions>
          <ns3:TrackPointExtension>
            <ns3:hr>113</ns3:hr>
          </ns3:TrackPointExtension>
        </extensions>
      </trkpt>
      <trkpt lat="47.586034052073955535888671875" lon="18.45272990874946117401123046875">
        <ele>209.399993896484375</ele>
        <time>2022-05-28T11:39:34.000Z</time>
        <extensions>
          <ns3:TrackPointExtension>
            <ns3:hr>111</ns3:hr>
          </ns3:TrackPointExtension>
        </extensions>
      </trkpt>
      <trkpt lat="47.585999183356761932373046875" lon="18.45276410691440105438232421875">
        <ele>209.600006103515625</ele>
        <time>2022-05-28T11:39:40.000Z</time>
        <extensions>
          <ns3:TrackPointExtension>
            <ns3:hr>113</ns3:hr>
          </ns3:TrackPointExtension>
        </extensions>
      </trkpt>
      <trkpt lat="47.585932798683643341064453125" lon="18.45281708054244518280029296875">
        <ele>209.8000030517578125</ele>
        <time>2022-05-28T11:39:48.000Z</time>
        <extensions>
          <ns3:TrackPointExtension>
            <ns3:hr>115</ns3:hr>
          </ns3:TrackPointExtension>
        </extensions>
      </trkpt>
      <trkpt lat="47.585909329354763031005859375" lon="18.45284138806164264678955078125">
        <ele>209.8000030517578125</ele>
        <time>2022-05-28T11:39:50.000Z</time>
        <extensions>
          <ns3:TrackPointExtension>
            <ns3:hr>116</ns3:hr>
          </ns3:TrackPointExtension>
        </extensions>
      </trkpt>
      <trkpt lat="47.58584202267229557037353515625" lon="18.45286267809569835662841796875">
        <ele>209.1999969482421875</ele>
        <time>2022-05-28T11:39:56.000Z</time>
        <extensions>
          <ns3:TrackPointExtension>
            <ns3:hr>118</ns3:hr>
          </ns3:TrackPointExtension>
        </extensions>
      </trkpt>
      <trkpt lat="47.5857368297874927520751953125" lon="18.45290668308734893798828125">
        <ele>209</ele>
        <time>2022-05-28T11:40:04.000Z</time>
        <extensions>
          <ns3:TrackPointExtension>
            <ns3:hr>118</ns3:hr>
          </ns3:TrackPointExtension>
        </extensions>
      </trkpt>
      <trkpt lat="47.5856912322342395782470703125" lon="18.45295052044093608856201171875">
        <ele>209</ele>
        <time>2022-05-28T11:40:12.000Z</time>
        <extensions>
          <ns3:TrackPointExtension>
            <ns3:hr>117</ns3:hr>
          </ns3:TrackPointExtension>
        </extensions>
      </trkpt>
      <trkpt lat="47.58563096635043621063232421875" lon="18.45299310050904750823974609375">
        <ele>209</ele>
        <time>2022-05-28T11:40:17.000Z</time>
        <extensions>
          <ns3:TrackPointExtension>
            <ns3:hr>118</ns3:hr>
          </ns3:TrackPointExtension>
        </extensions>
      </trkpt>
      <trkpt lat="47.58561638183891773223876953125" lon="18.4530027396976947784423828125">
        <ele>209</ele>
        <time>2022-05-28T11:40:19.000Z</time>
        <extensions>
          <ns3:TrackPointExtension>
            <ns3:hr>118</ns3:hr>
          </ns3:TrackPointExtension>
        </extensions>
      </trkpt>
      <trkpt lat="47.58559609763324260711669921875" lon="18.45302243717014789581298828125">
        <ele>209</ele>
        <time>2022-05-28T11:40:21.000Z</time>
        <extensions>
          <ns3:TrackPointExtension>
            <ns3:hr>117</ns3:hr>
          </ns3:TrackPointExtension>
        </extensions>
      </trkpt>
      <trkpt lat="47.5855473987758159637451171875" lon="18.45305864699184894561767578125">
        <ele>208.8000030517578125</ele>
        <time>2022-05-28T11:40:26.000Z</time>
        <extensions>
          <ns3:TrackPointExtension>
            <ns3:hr>118</ns3:hr>
          </ns3:TrackPointExtension>
        </extensions>
      </trkpt>
      <trkpt lat="47.58553692139685153961181640625" lon="18.45307038165628910064697265625">
        <ele>208.8000030517578125</ele>
        <time>2022-05-28T11:40:27.000Z</time>
        <extensions>
          <ns3:TrackPointExtension>
            <ns3:hr>115</ns3:hr>
          </ns3:TrackPointExtension>
        </extensions>
      </trkpt>
      <trkpt lat="47.58546818979084491729736328125" lon="18.45311681739985942840576171875">
        <ele>208.399993896484375</ele>
        <time>2022-05-28T11:40:34.000Z</time>
        <extensions>
          <ns3:TrackPointExtension>
            <ns3:hr>112</ns3:hr>
          </ns3:TrackPointExtension>
        </extensions>
      </trkpt>
      <trkpt lat="47.58546198718249797821044921875" lon="18.4531288035213947296142578125">
        <ele>208.399993896484375</ele>
        <time>2022-05-28T11:40:35.000Z</time>
        <extensions>
          <ns3:TrackPointExtension>
            <ns3:hr>112</ns3:hr>
          </ns3:TrackPointExtension>
        </extensions>
      </trkpt>
      <trkpt lat="47.585453689098358154296875" lon="18.453132994472980499267578125">
        <ele>208.399993896484375</ele>
        <time>2022-05-28T11:40:42.000Z</time>
        <extensions>
          <ns3:TrackPointExtension>
            <ns3:hr>114</ns3:hr>
          </ns3:TrackPointExtension>
        </extensions>
      </trkpt>
      <trkpt lat="47.58545109070837497711181640625" lon="18.45313324593007564544677734375">
        <ele>208.399993896484375</ele>
        <time>2022-05-28T11:40:50.000Z</time>
        <extensions>
          <ns3:TrackPointExtension>
            <ns3:hr>117</ns3:hr>
          </ns3:TrackPointExtension>
        </extensions>
      </trkpt>
      <trkpt lat="47.58542812429368495941162109375" lon="18.4531643427908420562744140625">
        <ele>208.399993896484375</ele>
        <time>2022-05-28T11:41:13.000Z</time>
        <extensions>
          <ns3:TrackPointExtension>
            <ns3:hr>120</ns3:hr>
          </ns3:TrackPointExtension>
        </extensions>
      </trkpt>
      <trkpt lat="47.5854228436946868896484375" lon="18.453166522085666656494140625">
        <ele>208.399993896484375</ele>
        <time>2022-05-28T11:41:14.000Z</time>
        <extensions>
          <ns3:TrackPointExtension>
            <ns3:hr>119</ns3:hr>
          </ns3:TrackPointExtension>
        </extensions>
      </trkpt>
      <trkpt lat="47.5854116119444370269775390625" lon="18.45317884348332881927490234375">
        <ele>208.1999969482421875</ele>
        <time>2022-05-28T11:41:18.000Z</time>
        <extensions>
          <ns3:TrackPointExtension>
            <ns3:hr>116</ns3:hr>
          </ns3:TrackPointExtension>
        </extensions>
      </trkpt>
      <trkpt lat="47.58541756309568881988525390625" lon="18.45322511158883571624755859375">
        <ele>208.399993896484375</ele>
        <time>2022-05-28T11:41:31.000Z</time>
        <extensions>
          <ns3:TrackPointExtension>
            <ns3:hr>117</ns3:hr>
          </ns3:TrackPointExtension>
        </extensions>
      </trkpt>
      <trkpt lat="47.58540616370737552642822265625" lon="18.4532280452549457550048828125">
        <ele>208.399993896484375</ele>
        <time>2022-05-28T11:42:01.000Z</time>
        <extensions>
          <ns3:TrackPointExtension>
            <ns3:hr>115</ns3:hr>
          </ns3:TrackPointExtension>
        </extensions>
      </trkpt>
      <trkpt lat="47.58540549315512180328369140625" lon="18.4532277099788188934326171875">
        <ele>208.399993896484375</ele>
        <time>2022-05-28T11:42:11.000Z</time>
        <extensions>
          <ns3:TrackPointExtension>
            <ns3:hr>118</ns3:hr>
          </ns3:TrackPointExtension>
        </extensions>
      </trkpt>
      <trkpt lat="47.58540415205061435699462890625" lon="18.453225195407867431640625">
        <ele>208.399993896484375</ele>
        <time>2022-05-28T11:42:22.000Z</time>
        <extensions>
          <ns3:TrackPointExtension>
            <ns3:hr>115</ns3:hr>
          </ns3:TrackPointExtension>
        </extensions>
      </trkpt>
      <trkpt lat="47.58539526723325252532958984375" lon="18.453196026384830474853515625">
        <ele>208.1999969482421875</ele>
        <time>2022-05-28T11:42:44.000Z</time>
        <extensions>
          <ns3:TrackPointExtension>
            <ns3:hr>118</ns3:hr>
          </ns3:TrackPointExtension>
        </extensions>
      </trkpt>
      <trkpt lat="47.5853827781975269317626953125" lon="18.45319527201354503631591796875">
        <ele>208.1999969482421875</ele>
        <time>2022-05-28T11:43:10.000Z</time>
        <extensions>
          <ns3:TrackPointExtension>
            <ns3:hr>114</ns3:hr>
          </ns3:TrackPointExtension>
        </extensions>
      </trkpt>
      <trkpt lat="47.5853800959885120391845703125" lon="18.4531921707093715667724609375">
        <ele>208.1999969482421875</ele>
        <time>2022-05-28T11:43:25.000Z</time>
        <extensions>
          <ns3:TrackPointExtension>
            <ns3:hr>111</ns3:hr>
          </ns3:TrackPointExtension>
        </extensions>
      </trkpt>
      <trkpt lat="47.58537967689335346221923828125" lon="18.45318973995745182037353515625">
        <ele>208</ele>
        <time>2022-05-28T11:43:33.000Z</time>
        <extensions>
          <ns3:TrackPointExtension>
            <ns3:hr>114</ns3:hr>
          </ns3:TrackPointExtension>
        </extensions>
      </trkpt>
      <trkpt lat="47.5853536091744899749755859375" lon="18.4531579725444316864013671875">
        <ele>207.8000030517578125</ele>
        <time>2022-05-28T11:44:32.000Z</time>
        <extensions>
          <ns3:TrackPointExtension>
            <ns3:hr>117</ns3:hr>
          </ns3:TrackPointExtension>
        </extensions>
      </trkpt>
      <trkpt lat="47.58534631691873073577880859375" lon="18.45314665697515010833740234375">
        <ele>207.600006103515625</ele>
        <time>2022-05-28T11:44:50.000Z</time>
        <extensions>
          <ns3:TrackPointExtension>
            <ns3:hr>114</ns3:hr>
          </ns3:TrackPointExtension>
        </extensions>
      </trkpt>
      <trkpt lat="47.58529753424227237701416015625" lon="18.4531636722385883331298828125">
        <ele>207.399993896484375</ele>
        <time>2022-05-28T11:45:02.000Z</time>
        <extensions>
          <ns3:TrackPointExtension>
            <ns3:hr>113</ns3:hr>
          </ns3:TrackPointExtension>
        </extensions>
      </trkpt>
      <trkpt lat="47.58520667441189289093017578125" lon="18.4532319009304046630859375">
        <ele>207.399993896484375</ele>
        <time>2022-05-28T11:45:10.000Z</time>
        <extensions>
          <ns3:TrackPointExtension>
            <ns3:hr>114</ns3:hr>
          </ns3:TrackPointExtension>
        </extensions>
      </trkpt>
      <trkpt lat="47.58519946597516536712646484375" lon="18.45323701389133930206298828125">
        <ele>207.1999969482421875</ele>
        <time>2022-05-28T11:45:11.000Z</time>
        <extensions>
          <ns3:TrackPointExtension>
            <ns3:hr>111</ns3:hr>
          </ns3:TrackPointExtension>
        </extensions>
      </trkpt>
      <trkpt lat="47.58518924005329608917236328125" lon="18.45323550514876842498779296875">
        <ele>207.1999969482421875</ele>
        <time>2022-05-28T11:45:15.000Z</time>
        <extensions>
          <ns3:TrackPointExtension>
            <ns3:hr>114</ns3:hr>
          </ns3:TrackPointExtension>
        </extensions>
      </trkpt>
      <trkpt lat="47.58517901413142681121826171875" lon="18.4532384388148784637451171875">
        <ele>207.1999969482421875</ele>
        <time>2022-05-28T11:45:16.000Z</time>
        <extensions>
          <ns3:TrackPointExtension>
            <ns3:hr>114</ns3:hr>
          </ns3:TrackPointExtension>
        </extensions>
      </trkpt>
      <trkpt lat="47.58518069051206111907958984375" lon="18.453229553997516632080078125">
        <ele>207.1999969482421875</ele>
        <time>2022-05-28T11:45:23.000Z</time>
        <extensions>
          <ns3:TrackPointExtension>
            <ns3:hr>114</ns3:hr>
          </ns3:TrackPointExtension>
        </extensions>
      </trkpt>
      <trkpt lat="47.5851708836853504180908203125" lon="18.453240953385829925537109375">
        <ele>207</ele>
        <time>2022-05-28T11:45:33.000Z</time>
        <extensions>
          <ns3:TrackPointExtension>
            <ns3:hr>114</ns3:hr>
          </ns3:TrackPointExtension>
        </extensions>
      </trkpt>
      <trkpt lat="47.58508580736815929412841796875" lon="18.45327389426529407501220703125">
        <ele>206.399993896484375</ele>
        <time>2022-05-28T11:45:41.000Z</time>
        <extensions>
          <ns3:TrackPointExtension>
            <ns3:hr>113</ns3:hr>
          </ns3:TrackPointExtension>
        </extensions>
      </trkpt>
      <trkpt lat="47.5850580632686614990234375" lon="18.45326878130435943603515625">
        <ele>206.1999969482421875</ele>
        <time>2022-05-28T11:45:44.000Z</time>
        <extensions>
          <ns3:TrackPointExtension>
            <ns3:hr>110</ns3:hr>
          </ns3:TrackPointExtension>
        </extensions>
      </trkpt>
      <trkpt lat="47.5850253738462924957275390625" lon="18.45324195921421051025390625">
        <ele>206</ele>
        <time>2022-05-28T11:45:49.000Z</time>
        <extensions>
          <ns3:TrackPointExtension>
            <ns3:hr>109</ns3:hr>
          </ns3:TrackPointExtension>
        </extensions>
      </trkpt>
      <trkpt lat="47.58501037023961544036865234375" lon="18.45318806357681751251220703125">
        <ele>206</ele>
        <time>2022-05-28T11:45:58.000Z</time>
        <extensions>
          <ns3:TrackPointExtension>
            <ns3:hr>109</ns3:hr>
          </ns3:TrackPointExtension>
        </extensions>
      </trkpt>
      <trkpt lat="47.58499712683260440826416015625" lon="18.4532226808369159698486328125">
        <ele>205.8000030517578125</ele>
        <time>2022-05-28T11:46:05.000Z</time>
        <extensions>
          <ns3:TrackPointExtension>
            <ns3:hr>110</ns3:hr>
          </ns3:TrackPointExtension>
        </extensions>
      </trkpt>
      <trkpt lat="47.58496527560055255889892578125" lon="18.45324539579451084136962890625">
        <ele>205.600006103515625</ele>
        <time>2022-05-28T11:46:12.000Z</time>
        <extensions>
          <ns3:TrackPointExtension>
            <ns3:hr>115</ns3:hr>
          </ns3:TrackPointExtension>
        </extensions>
      </trkpt>
      <trkpt lat="47.584963180124759674072265625" lon="18.4532495029270648956298828125">
        <ele>205.600006103515625</ele>
        <time>2022-05-28T11:46:13.000Z</time>
        <extensions>
          <ns3:TrackPointExtension>
            <ns3:hr>118</ns3:hr>
          </ns3:TrackPointExtension>
        </extensions>
      </trkpt>
      <trkpt lat="47.5849536247551441192626953125" lon="18.45327037386596202850341796875">
        <ele>205.600006103515625</ele>
        <time>2022-05-28T11:46:15.000Z</time>
        <extensions>
          <ns3:TrackPointExtension>
            <ns3:hr>122</ns3:hr>
          </ns3:TrackPointExtension>
        </extensions>
      </trkpt>
      <trkpt lat="47.58493577130138874053955078125" lon="18.45329870469868183135986328125">
        <ele>205.600006103515625</ele>
        <time>2022-05-28T11:46:18.000Z</time>
        <extensions>
          <ns3:TrackPointExtension>
            <ns3:hr>125</ns3:hr>
          </ns3:TrackPointExtension>
        </extensions>
      </trkpt>
      <trkpt lat="47.58491833694279193878173828125" lon="18.4533125348389148712158203125">
        <ele>205.600006103515625</ele>
        <time>2022-05-28T11:46:20.000Z</time>
        <extensions>
          <ns3:TrackPointExtension>
            <ns3:hr>129</ns3:hr>
          </ns3:TrackPointExtension>
        </extensions>
      </trkpt>
      <trkpt lat="47.5848926045000553131103515625" lon="18.453322090208530426025390625">
        <ele>205.600006103515625</ele>
        <time>2022-05-28T11:46:27.000Z</time>
        <extensions>
          <ns3:TrackPointExtension>
            <ns3:hr>130</ns3:hr>
          </ns3:TrackPointExtension>
        </extensions>
      </trkpt>
      <trkpt lat="47.5848436541855335235595703125" lon="18.4533946774899959564208984375">
        <ele>205.8000030517578125</ele>
        <time>2022-05-28T11:46:33.000Z</time>
        <extensions>
          <ns3:TrackPointExtension>
            <ns3:hr>127</ns3:hr>
          </ns3:TrackPointExtension>
        </extensions>
      </trkpt>
      <trkpt lat="47.58483720012009143829345703125" lon="18.45340691506862640380859375">
        <ele>206</ele>
        <time>2022-05-28T11:46:34.000Z</time>
        <extensions>
          <ns3:TrackPointExtension>
            <ns3:hr>127</ns3:hr>
          </ns3:TrackPointExtension>
        </extensions>
      </trkpt>
      <trkpt lat="47.5847695581614971160888671875" lon="18.45346458256244659423828125">
        <ele>205.600006103515625</ele>
        <time>2022-05-28T11:46:44.000Z</time>
        <extensions>
          <ns3:TrackPointExtension>
            <ns3:hr>128</ns3:hr>
          </ns3:TrackPointExtension>
        </extensions>
      </trkpt>
      <trkpt lat="47.58464525453746318817138671875" lon="18.4535564482212066650390625">
        <ele>205.399993896484375</ele>
        <time>2022-05-28T11:46:56.000Z</time>
        <extensions>
          <ns3:TrackPointExtension>
            <ns3:hr>131</ns3:hr>
          </ns3:TrackPointExtension>
        </extensions>
      </trkpt>
      <trkpt lat="47.584584318101406097412109375" lon="18.4535653330385684967041015625">
        <ele>205.1999969482421875</ele>
        <time>2022-05-28T11:47:03.000Z</time>
        <extensions>
          <ns3:TrackPointExtension>
            <ns3:hr>133</ns3:hr>
          </ns3:TrackPointExtension>
        </extensions>
      </trkpt>
      <trkpt lat="47.58450946770608425140380859375" lon="18.45353507436811923980712890625">
        <ele>204.600006103515625</ele>
        <time>2022-05-28T11:47:11.000Z</time>
        <extensions>
          <ns3:TrackPointExtension>
            <ns3:hr>133</ns3:hr>
          </ns3:TrackPointExtension>
        </extensions>
      </trkpt>
      <trkpt lat="47.58449773304164409637451171875" lon="18.45353029668331146240234375">
        <ele>204.600006103515625</ele>
        <time>2022-05-28T11:47:15.000Z</time>
        <extensions>
          <ns3:TrackPointExtension>
            <ns3:hr>130</ns3:hr>
          </ns3:TrackPointExtension>
        </extensions>
      </trkpt>
      <trkpt lat="47.58449940942227840423583984375" lon="18.45353373326361179351806640625">
        <ele>204.600006103515625</ele>
        <time>2022-05-28T11:47:17.000Z</time>
        <extensions>
          <ns3:TrackPointExtension>
            <ns3:hr>128</ns3:hr>
          </ns3:TrackPointExtension>
        </extensions>
      </trkpt>
      <trkpt lat="47.5845100544393062591552734375" lon="18.45355150289833545684814453125">
        <ele>204.8000030517578125</ele>
        <time>2022-05-28T11:47:19.000Z</time>
        <extensions>
          <ns3:TrackPointExtension>
            <ns3:hr>125</ns3:hr>
          </ns3:TrackPointExtension>
        </extensions>
      </trkpt>
      <trkpt lat="47.58454148657619953155517578125" lon="18.453536331653594970703125">
        <ele>204.8000030517578125</ele>
        <time>2022-05-28T11:47:22.000Z</time>
        <extensions>
          <ns3:TrackPointExtension>
            <ns3:hr>123</ns3:hr>
          </ns3:TrackPointExtension>
        </extensions>
      </trkpt>
      <trkpt lat="47.58455506525933742523193359375" lon="18.45352627336978912353515625">
        <ele>204.8000030517578125</ele>
        <time>2022-05-28T11:47:27.000Z</time>
        <extensions>
          <ns3:TrackPointExtension>
            <ns3:hr>120</ns3:hr>
          </ns3:TrackPointExtension>
        </extensions>
      </trkpt>
      <trkpt lat="47.58457057178020477294921875" lon="18.4535368345677852630615234375">
        <ele>205</ele>
        <time>2022-05-28T11:47:30.000Z</time>
        <extensions>
          <ns3:TrackPointExtension>
            <ns3:hr>118</ns3:hr>
          </ns3:TrackPointExtension>
        </extensions>
      </trkpt>
      <trkpt lat="47.58458071388304233551025390625" lon="18.4535395167768001556396484375">
        <ele>205</ele>
        <time>2022-05-28T11:47:36.000Z</time>
        <extensions>
          <ns3:TrackPointExtension>
            <ns3:hr>116</ns3:hr>
          </ns3:TrackPointExtension>
        </extensions>
      </trkpt>
      <trkpt lat="47.5845243036746978759765625" lon="18.45350858755409717559814453125">
        <ele>204.600006103515625</ele>
        <time>2022-05-28T11:47:47.000Z</time>
        <extensions>
          <ns3:TrackPointExtension>
            <ns3:hr>114</ns3:hr>
          </ns3:TrackPointExtension>
        </extensions>
      </trkpt>
      <trkpt lat="47.58446688763797283172607421875" lon="18.45343507826328277587890625">
        <ele>203.8000030517578125</ele>
        <time>2022-05-28T11:47:54.000Z</time>
        <extensions>
          <ns3:TrackPointExtension>
            <ns3:hr>118</ns3:hr>
          </ns3:TrackPointExtension>
        </extensions>
      </trkpt>
      <trkpt lat="47.584465630352497100830078125" lon="18.45343013294041156768798828125">
        <ele>203.8000030517578125</ele>
        <time>2022-05-28T11:47:55.000Z</time>
        <extensions>
          <ns3:TrackPointExtension>
            <ns3:hr>115</ns3:hr>
          </ns3:TrackPointExtension>
        </extensions>
      </trkpt>
      <trkpt lat="47.58446194231510162353515625" lon="18.45339727587997913360595703125">
        <ele>203.600006103515625</ele>
        <time>2022-05-28T11:48:01.000Z</time>
        <extensions>
          <ns3:TrackPointExtension>
            <ns3:hr>114</ns3:hr>
          </ns3:TrackPointExtension>
        </extensions>
      </trkpt>
      <trkpt lat="47.5844564102590084075927734375" lon="18.4533360041677951812744140625">
        <ele>203.1999969482421875</ele>
        <time>2022-05-28T11:48:08.000Z</time>
        <extensions>
          <ns3:TrackPointExtension>
            <ns3:hr>116</ns3:hr>
          </ns3:TrackPointExtension>
        </extensions>
      </trkpt>
      <trkpt lat="47.584466300904750823974609375" lon="18.453202731907367706298828125">
        <ele>203</ele>
        <time>2022-05-28T11:48:16.000Z</time>
        <extensions>
          <ns3:TrackPointExtension>
            <ns3:hr>117</ns3:hr>
          </ns3:TrackPointExtension>
        </extensions>
      </trkpt>
      <trkpt lat="47.584469653666019439697265625" lon="18.45318387262523174285888671875">
        <ele>203</ele>
        <time>2022-05-28T11:48:17.000Z</time>
        <extensions>
          <ns3:TrackPointExtension>
            <ns3:hr>117</ns3:hr>
          </ns3:TrackPointExtension>
        </extensions>
      </trkpt>
      <trkpt lat="47.58451567031443119049072265625" lon="18.45313542522490024566650390625">
        <ele>203.399993896484375</ele>
        <time>2022-05-28T11:48:22.000Z</time>
        <extensions>
          <ns3:TrackPointExtension>
            <ns3:hr>115</ns3:hr>
          </ns3:TrackPointExtension>
        </extensions>
      </trkpt>
      <trkpt lat="47.58459965698421001434326171875" lon="18.45303450711071491241455078125">
        <ele>203.399993896484375</ele>
        <time>2022-05-28T11:48:31.000Z</time>
        <extensions>
          <ns3:TrackPointExtension>
            <ns3:hr>113</ns3:hr>
          </ns3:TrackPointExtension>
        </extensions>
      </trkpt>
      <trkpt lat="47.5846840627491474151611328125" lon="18.4529246203601360321044921875">
        <ele>203.600006103515625</ele>
        <time>2022-05-28T11:48:41.000Z</time>
        <extensions>
          <ns3:TrackPointExtension>
            <ns3:hr>112</ns3:hr>
          </ns3:TrackPointExtension>
        </extensions>
      </trkpt>
      <trkpt lat="47.58471968583762645721435546875" lon="18.45291632227599620819091796875">
        <ele>203.8000030517578125</ele>
        <time>2022-05-28T11:48:44.000Z</time>
        <extensions>
          <ns3:TrackPointExtension>
            <ns3:hr>110</ns3:hr>
          </ns3:TrackPointExtension>
        </extensions>
      </trkpt>
      <trkpt lat="47.58473929949104785919189453125" lon="18.45287726260721683502197265625">
        <ele>204</ele>
        <time>2022-05-28T11:48:47.000Z</time>
        <extensions>
          <ns3:TrackPointExtension>
            <ns3:hr>113</ns3:hr>
          </ns3:TrackPointExtension>
        </extensions>
      </trkpt>
      <trkpt lat="47.58476561866700649261474609375" lon="18.45285312272608280181884765625">
        <ele>204.1999969482421875</ele>
        <time>2022-05-28T11:48:50.000Z</time>
        <extensions>
          <ns3:TrackPointExtension>
            <ns3:hr>110</ns3:hr>
          </ns3:TrackPointExtension>
        </extensions>
      </trkpt>
      <trkpt lat="47.5847765989601612091064453125" lon="18.4528532065451145172119140625">
        <ele>204.1999969482421875</ele>
        <time>2022-05-28T11:48:51.000Z</time>
        <extensions>
          <ns3:TrackPointExtension>
            <ns3:hr>113</ns3:hr>
          </ns3:TrackPointExtension>
        </extensions>
      </trkpt>
      <trkpt lat="47.5848211906850337982177734375" lon="18.45284809358417987823486328125">
        <ele>204.600006103515625</ele>
        <time>2022-05-28T11:48:56.000Z</time>
        <extensions>
          <ns3:TrackPointExtension>
            <ns3:hr>111</ns3:hr>
          </ns3:TrackPointExtension>
        </extensions>
      </trkpt>
      <trkpt lat="47.58482714183628559112548828125" lon="18.45284507609903812408447265625">
        <ele>204.600006103515625</ele>
        <time>2022-05-28T11:48:57.000Z</time>
        <extensions>
          <ns3:TrackPointExtension>
            <ns3:hr>114</ns3:hr>
          </ns3:TrackPointExtension>
        </extensions>
      </trkpt>
      <trkpt lat="47.5848372839391231536865234375" lon="18.45286301337182521820068359375">
        <ele>204.600006103515625</ele>
        <time>2022-05-28T11:49:02.000Z</time>
        <extensions>
          <ns3:TrackPointExtension>
            <ns3:hr>113</ns3:hr>
          </ns3:TrackPointExtension>
        </extensions>
      </trkpt>
      <trkpt lat="47.5848381221294403076171875" lon="18.452860750257968902587890625">
        <ele>204.600006103515625</ele>
        <time>2022-05-28T11:49:13.000Z</time>
        <extensions>
          <ns3:TrackPointExtension>
            <ns3:hr>115</ns3:hr>
          </ns3:TrackPointExtension>
        </extensions>
      </trkpt>
      <trkpt lat="47.5848396308720111846923828125" lon="18.4528609178960323333740234375">
        <ele>204.600006103515625</ele>
        <time>2022-05-28T11:49:18.000Z</time>
        <extensions>
          <ns3:TrackPointExtension>
            <ns3:hr>118</ns3:hr>
          </ns3:TrackPointExtension>
        </extensions>
      </trkpt>
      <trkpt lat="47.5848396308720111846923828125" lon="18.4528609178960323333740234375">
        <ele>204.600006103515625</ele>
        <time>2022-05-28T11:49:27.000Z</time>
        <extensions>
          <ns3:TrackPointExtension>
            <ns3:hr>115</ns3:hr>
          </ns3:TrackPointExtension>
        </extensions>
      </trkpt>
      <trkpt lat="47.58484088815748691558837890625" lon="18.45285999588668346405029296875">
        <ele>204.600006103515625</ele>
        <time>2022-05-28T11:49:37.000Z</time>
        <extensions>
          <ns3:TrackPointExtension>
            <ns3:hr>112</ns3:hr>
          </ns3:TrackPointExtension>
        </extensions>
      </trkpt>
      <trkpt lat="47.58484155870974063873291015625" lon="18.4528599120676517486572265625">
        <ele>204.600006103515625</ele>
        <time>2022-05-28T11:49:40.000Z</time>
        <extensions>
          <ns3:TrackPointExtension>
            <ns3:hr>109</ns3:hr>
          </ns3:TrackPointExtension>
        </extensions>
      </trkpt>
      <trkpt lat="47.58484172634780406951904296875" lon="18.45285974442958831787109375">
        <ele>204.600006103515625</ele>
        <time>2022-05-28T11:49:41.000Z</time>
        <extensions>
          <ns3:TrackPointExtension>
            <ns3:hr>104</ns3:hr>
          </ns3:TrackPointExtension>
        </extensions>
      </trkpt>
      <trkpt lat="47.584841810166835784912109375" lon="18.45285882242023944854736328125">
        <ele>204.600006103515625</ele>
        <time>2022-05-28T11:49:43.000Z</time>
        <extensions>
          <ns3:TrackPointExtension>
            <ns3:hr>101</ns3:hr>
          </ns3:TrackPointExtension>
        </extensions>
      </trkpt>
      <trkpt lat="47.5848419778048992156982421875" lon="18.452857397496700286865234375">
        <ele>204.600006103515625</ele>
        <time>2022-05-28T11:49:49.000Z</time>
        <extensions>
          <ns3:TrackPointExtension>
            <ns3:hr>101</ns3:hr>
          </ns3:TrackPointExtension>
        </extensions>
      </trkpt>
      <trkpt lat="47.584841810166835784912109375" lon="18.452855050563812255859375">
        <ele>204.600006103515625</ele>
        <time>2022-05-28T11:50:02.000Z</time>
        <extensions>
          <ns3:TrackPointExtension>
            <ns3:hr>98</ns3:hr>
          </ns3:TrackPointExtension>
        </extensions>
      </trkpt>
      <trkpt lat="47.58484055288136005401611328125" lon="18.4528542123734951019287109375">
        <ele>204.600006103515625</ele>
        <time>2022-05-28T11:50:11.000Z</time>
        <extensions>
          <ns3:TrackPointExtension>
            <ns3:hr>95</ns3:hr>
          </ns3:TrackPointExtension>
        </extensions>
      </trkpt>
      <trkpt lat="47.58484038524329662322998046875" lon="18.452854044735431671142578125">
        <ele>204.600006103515625</ele>
        <time>2022-05-28T11:50:13.000Z</time>
        <extensions>
          <ns3:TrackPointExtension>
            <ns3:hr>92</ns3:hr>
          </ns3:TrackPointExtension>
        </extensions>
      </trkpt>
      <trkpt lat="47.5848386250436305999755859375" lon="18.45285161398351192474365234375">
        <ele>204.600006103515625</ele>
        <time>2022-05-28T11:50:25.000Z</time>
        <extensions>
          <ns3:TrackPointExtension>
            <ns3:hr>96</ns3:hr>
          </ns3:TrackPointExtension>
        </extensions>
      </trkpt>
      <trkpt lat="47.5848386250436305999755859375" lon="18.45284993760287761688232421875">
        <ele>204.600006103515625</ele>
        <time>2022-05-28T11:50:27.000Z</time>
        <extensions>
          <ns3:TrackPointExtension>
            <ns3:hr>99</ns3:hr>
          </ns3:TrackPointExtension>
        </extensions>
      </trkpt>
      <trkpt lat="47.5848386250436305999755859375" lon="18.45284901559352874755859375">
        <ele>204.600006103515625</ele>
        <time>2022-05-28T11:50:32.000Z</time>
        <extensions>
          <ns3:TrackPointExtension>
            <ns3:hr>102</ns3:hr>
          </ns3:TrackPointExtension>
        </extensions>
      </trkpt>
      <trkpt lat="47.58483879268169403076171875" lon="18.4528475068509578704833984375">
        <ele>204.600006103515625</ele>
        <time>2022-05-28T11:50:39.000Z</time>
        <extensions>
          <ns3:TrackPointExtension>
            <ns3:hr>99</ns3:hr>
          </ns3:TrackPointExtension>
        </extensions>
      </trkpt>
      <trkpt lat="47.58483946323394775390625" lon="18.45284725539386272430419921875">
        <ele>204.600006103515625</ele>
        <time>2022-05-28T11:50:46.000Z</time>
        <extensions>
          <ns3:TrackPointExtension>
            <ns3:hr>95</ns3:hr>
          </ns3:TrackPointExtension>
        </extensions>
      </trkpt>
      <trkpt lat="47.58483954705297946929931640625" lon="18.452847003936767578125">
        <ele>204.600006103515625</ele>
        <time>2022-05-28T11:50:48.000Z</time>
        <extensions>
          <ns3:TrackPointExtension>
            <ns3:hr>92</ns3:hr>
          </ns3:TrackPointExtension>
        </extensions>
      </trkpt>
      <trkpt lat="47.5848413072526454925537109375" lon="18.452844657003879547119140625">
        <ele>204.600006103515625</ele>
        <time>2022-05-28T11:51:12.000Z</time>
        <extensions>
          <ns3:TrackPointExtension>
            <ns3:hr>95</ns3:hr>
          </ns3:TrackPointExtension>
        </extensions>
      </trkpt>
      <trkpt lat="47.5848413072526454925537109375" lon="18.4528444893658161163330078125">
        <ele>204.600006103515625</ele>
        <time>2022-05-28T11:51:14.000Z</time>
        <extensions>
          <ns3:TrackPointExtension>
            <ns3:hr>98</ns3:hr>
          </ns3:TrackPointExtension>
        </extensions>
      </trkpt>
      <trkpt lat="47.5848413072526454925537109375" lon="18.452843315899372100830078125">
        <ele>204.600006103515625</ele>
        <time>2022-05-28T11:51:34.000Z</time>
        <extensions>
          <ns3:TrackPointExtension>
            <ns3:hr>95</ns3:hr>
          </ns3:TrackPointExtension>
        </extensions>
      </trkpt>
      <trkpt lat="47.5848409719765186309814453125" lon="18.45284205861389636993408203125">
        <ele>204.600006103515625</ele>
        <time>2022-05-28T11:51:49.000Z</time>
        <extensions>
          <ns3:TrackPointExtension>
            <ns3:hr>98</ns3:hr>
          </ns3:TrackPointExtension>
        </extensions>
      </trkpt>
      <trkpt lat="47.584840469062328338623046875" lon="18.45284557901322841644287109375">
        <ele>204.600006103515625</ele>
        <time>2022-05-28T11:51:55.000Z</time>
        <extensions>
          <ns3:TrackPointExtension>
            <ns3:hr>95</ns3:hr>
          </ns3:TrackPointExtension>
        </extensions>
      </trkpt>
      <trkpt lat="47.58484004996716976165771484375" lon="18.45284859649837017059326171875">
        <ele>204.600006103515625</ele>
        <time>2022-05-28T11:52:06.000Z</time>
        <extensions>
          <ns3:TrackPointExtension>
            <ns3:hr>98</ns3:hr>
          </ns3:TrackPointExtension>
        </extensions>
      </trkpt>
      <trkpt lat="47.5848399661481380462646484375" lon="18.45284876413643360137939453125">
        <ele>204.600006103515625</ele>
        <time>2022-05-28T11:52:09.000Z</time>
        <extensions>
          <ns3:TrackPointExtension>
            <ns3:hr>101</ns3:hr>
          </ns3:TrackPointExtension>
        </extensions>
      </trkpt>
      <trkpt lat="47.584839798510074615478515625" lon="18.45284876413643360137939453125">
        <ele>204.600006103515625</ele>
        <time>2022-05-28T11:52:15.000Z</time>
        <extensions>
          <ns3:TrackPointExtension>
            <ns3:hr>98</ns3:hr>
          </ns3:TrackPointExtension>
        </extensions>
      </trkpt>
      <trkpt lat="47.58483904413878917694091796875" lon="18.45284876413643360137939453125">
        <ele>204.600006103515625</ele>
        <time>2022-05-28T11:52:42.000Z</time>
        <extensions>
          <ns3:TrackPointExtension>
            <ns3:hr>95</ns3:hr>
          </ns3:TrackPointExtension>
        </extensions>
      </trkpt>
      <trkpt lat="47.5848386250436305999755859375" lon="18.4528498537838459014892578125">
        <ele>204.600006103515625</ele>
        <time>2022-05-28T11:52:57.000Z</time>
        <extensions>
          <ns3:TrackPointExtension>
            <ns3:hr>98</ns3:hr>
          </ns3:TrackPointExtension>
        </extensions>
      </trkpt>
      <trkpt lat="47.5848382897675037384033203125" lon="18.452850021421909332275390625">
        <ele>204.600006103515625</ele>
        <time>2022-05-28T11:53:01.000Z</time>
        <extensions>
          <ns3:TrackPointExtension>
            <ns3:hr>101</ns3:hr>
          </ns3:TrackPointExtension>
        </extensions>
      </trkpt>
      <trkpt lat="47.584838457405567169189453125" lon="18.45285060815513134002685546875">
        <ele>204.600006103515625</ele>
        <time>2022-05-28T11:53:06.000Z</time>
        <extensions>
          <ns3:TrackPointExtension>
            <ns3:hr>104</ns3:hr>
          </ns3:TrackPointExtension>
        </extensions>
      </trkpt>
      <trkpt lat="47.58483745157718658447265625" lon="18.45285161398351192474365234375">
        <ele>204.600006103515625</ele>
        <time>2022-05-28T11:53:32.000Z</time>
        <extensions>
          <ns3:TrackPointExtension>
            <ns3:hr>107</ns3:hr>
          </ns3:TrackPointExtension>
        </extensions>
      </trkpt>
      <trkpt lat="47.58483669720590114593505859375" lon="18.452852033078670501708984375">
        <ele>204.600006103515625</ele>
        <time>2022-05-28T11:54:00.000Z</time>
        <extensions>
          <ns3:TrackPointExtension>
            <ns3:hr>110</ns3:hr>
          </ns3:TrackPointExtension>
        </extensions>
      </trkpt>
      <trkpt lat="47.58483669720590114593505859375" lon="18.452852033078670501708984375">
        <ele>204.600006103515625</ele>
        <time>2022-05-28T11:54:08.000Z</time>
        <extensions>
          <ns3:TrackPointExtension>
            <ns3:hr>113</ns3:hr>
          </ns3:TrackPointExtension>
        </extensions>
      </trkpt>
      <trkpt lat="47.58483669720590114593505859375" lon="18.4528525359928607940673828125">
        <ele>204.600006103515625</ele>
        <time>2022-05-28T11:54:16.000Z</time>
        <extensions>
          <ns3:TrackPointExtension>
            <ns3:hr>110</ns3:hr>
          </ns3:TrackPointExtension>
        </extensions>
      </trkpt>
      <trkpt lat="47.58483652956783771514892578125" lon="18.45285261981189250946044921875">
        <ele>204.600006103515625</ele>
        <time>2022-05-28T11:54:21.000Z</time>
        <extensions>
          <ns3:TrackPointExtension>
            <ns3:hr>107</ns3:hr>
          </ns3:TrackPointExtension>
        </extensions>
      </trkpt>
      <trkpt lat="47.5848366133868694305419921875" lon="18.45285295508801937103271484375">
        <ele>204.600006103515625</ele>
        <time>2022-05-28T11:54:29.000Z</time>
        <extensions>
          <ns3:TrackPointExtension>
            <ns3:hr>110</ns3:hr>
          </ns3:TrackPointExtension>
        </extensions>
      </trkpt>
      <trkpt lat="47.58483619429171085357666015625" lon="18.4528532065451145172119140625">
        <ele>204.600006103515625</ele>
        <time>2022-05-28T11:54:43.000Z</time>
        <extensions>
          <ns3:TrackPointExtension>
            <ns3:hr>107</ns3:hr>
          </ns3:TrackPointExtension>
        </extensions>
      </trkpt>
      <trkpt lat="47.58483652956783771514892578125" lon="18.45285396091639995574951171875">
        <ele>204.600006103515625</ele>
        <time>2022-05-28T11:54:53.000Z</time>
        <extensions>
          <ns3:TrackPointExtension>
            <ns3:hr>103</ns3:hr>
          </ns3:TrackPointExtension>
        </extensions>
      </trkpt>
      <trkpt lat="47.584836781024932861328125" lon="18.45285438001155853271484375">
        <ele>204.600006103515625</ele>
        <time>2022-05-28T11:54:58.000Z</time>
        <extensions>
          <ns3:TrackPointExtension>
            <ns3:hr>100</ns3:hr>
          </ns3:TrackPointExtension>
        </extensions>
      </trkpt>
      <trkpt lat="47.58483736775815486907958984375" lon="18.45285496674478054046630859375">
        <ele>204.600006103515625</ele>
        <time>2022-05-28T11:55:14.000Z</time>
        <extensions>
          <ns3:TrackPointExtension>
            <ns3:hr>97</ns3:hr>
          </ns3:TrackPointExtension>
        </extensions>
      </trkpt>
      <trkpt lat="47.58483745157718658447265625" lon="18.4528552182018756866455078125">
        <ele>204.600006103515625</ele>
        <time>2022-05-28T11:55:27.000Z</time>
        <extensions>
          <ns3:TrackPointExtension>
            <ns3:hr>100</ns3:hr>
          </ns3:TrackPointExtension>
        </extensions>
      </trkpt>
      <trkpt lat="47.584837116301059722900390625" lon="18.45285546965897083282470703125">
        <ele>204.600006103515625</ele>
        <time>2022-05-28T11:55:35.000Z</time>
        <extensions>
          <ns3:TrackPointExtension>
            <ns3:hr>103</ns3:hr>
          </ns3:TrackPointExtension>
        </extensions>
      </trkpt>
      <trkpt lat="47.584837116301059722900390625" lon="18.4528555534780025482177734375">
        <ele>204.600006103515625</ele>
        <time>2022-05-28T11:55:38.000Z</time>
        <extensions>
          <ns3:TrackPointExtension>
            <ns3:hr>106</ns3:hr>
          </ns3:TrackPointExtension>
        </extensions>
      </trkpt>
      <trkpt lat="47.58483745157718658447265625" lon="18.45285572111606597900390625">
        <ele>204.600006103515625</ele>
        <time>2022-05-28T11:55:48.000Z</time>
        <extensions>
          <ns3:TrackPointExtension>
            <ns3:hr>103</ns3:hr>
          </ns3:TrackPointExtension>
        </extensions>
      </trkpt>
      <trkpt lat="47.58483753539621829986572265625" lon="18.45285572111606597900390625">
        <ele>204.600006103515625</ele>
        <time>2022-05-28T11:55:50.000Z</time>
        <extensions>
          <ns3:TrackPointExtension>
            <ns3:hr>100</ns3:hr>
          </ns3:TrackPointExtension>
        </extensions>
      </trkpt>
      <trkpt lat="47.5848376192152500152587890625" lon="18.45285597257316112518310546875">
        <ele>204.600006103515625</ele>
        <time>2022-05-28T11:56:11.000Z</time>
        <extensions>
          <ns3:TrackPointExtension>
            <ns3:hr>97</ns3:hr>
          </ns3:TrackPointExtension>
        </extensions>
      </trkpt>
      <trkpt lat="47.5848376192152500152587890625" lon="18.4528558887541294097900390625">
        <ele>204.600006103515625</ele>
        <time>2022-05-28T11:56:13.000Z</time>
        <extensions>
          <ns3:TrackPointExtension>
            <ns3:hr>94</ns3:hr>
          </ns3:TrackPointExtension>
        </extensions>
      </trkpt>
      <trkpt lat="47.58483745157718658447265625" lon="18.452856056392192840576171875">
        <ele>204.600006103515625</ele>
        <time>2022-05-28T11:56:19.000Z</time>
        <extensions>
          <ns3:TrackPointExtension>
            <ns3:hr>91</ns3:hr>
          </ns3:TrackPointExtension>
        </extensions>
      </trkpt>
      <trkpt lat="47.584837786853313446044921875" lon="18.45285647548735141754150390625">
        <ele>204.600006103515625</ele>
        <time>2022-05-28T11:56:36.000Z</time>
        <extensions>
          <ns3:TrackPointExtension>
            <ns3:hr>94</ns3:hr>
          </ns3:TrackPointExtension>
        </extensions>
      </trkpt>
      <trkpt lat="47.584837786853313446044921875" lon="18.4528562240302562713623046875">
        <ele>204.600006103515625</ele>
        <time>2022-05-28T11:56:39.000Z</time>
        <extensions>
          <ns3:TrackPointExtension>
            <ns3:hr>97</ns3:hr>
          </ns3:TrackPointExtension>
        </extensions>
      </trkpt>
      <trkpt lat="47.584837786853313446044921875" lon="18.45285630784928798675537109375">
        <ele>204.600006103515625</ele>
        <time>2022-05-28T11:56:42.000Z</time>
        <extensions>
          <ns3:TrackPointExtension>
            <ns3:hr>100</ns3:hr>
          </ns3:TrackPointExtension>
        </extensions>
      </trkpt>
      <trkpt lat="47.584837786853313446044921875" lon="18.45285630784928798675537109375">
        <ele>204.600006103515625</ele>
        <time>2022-05-28T11:56:45.000Z</time>
        <extensions>
          <ns3:TrackPointExtension>
            <ns3:hr>103</ns3:hr>
          </ns3:TrackPointExtension>
        </extensions>
      </trkpt>
      <trkpt lat="47.58483753539621829986572265625" lon="18.4528565593063831329345703125">
        <ele>204.600006103515625</ele>
        <time>2022-05-28T11:56:53.000Z</time>
        <extensions>
          <ns3:TrackPointExtension>
            <ns3:hr>100</ns3:hr>
          </ns3:TrackPointExtension>
        </extensions>
      </trkpt>
      <trkpt lat="47.5848376192152500152587890625" lon="18.45285706222057342529296875">
        <ele>204.600006103515625</ele>
        <time>2022-05-28T11:57:05.000Z</time>
        <extensions>
          <ns3:TrackPointExtension>
            <ns3:hr>97</ns3:hr>
          </ns3:TrackPointExtension>
        </extensions>
      </trkpt>
      <trkpt lat="47.58483753539621829986572265625" lon="18.4528577327728271484375">
        <ele>204.600006103515625</ele>
        <time>2022-05-28T11:57:18.000Z</time>
        <extensions>
          <ns3:TrackPointExtension>
            <ns3:hr>100</ns3:hr>
          </ns3:TrackPointExtension>
        </extensions>
      </trkpt>
      <trkpt lat="47.58483770303428173065185546875" lon="18.4528579004108905792236328125">
        <ele>204.600006103515625</ele>
        <time>2022-05-28T11:57:25.000Z</time>
        <extensions>
          <ns3:TrackPointExtension>
            <ns3:hr>103</ns3:hr>
          </ns3:TrackPointExtension>
        </extensions>
      </trkpt>
      <trkpt lat="47.584837786853313446044921875" lon="18.45285798422992229461669921875">
        <ele>204.600006103515625</ele>
        <time>2022-05-28T11:57:29.000Z</time>
        <extensions>
          <ns3:TrackPointExtension>
            <ns3:hr>106</ns3:hr>
          </ns3:TrackPointExtension>
        </extensions>
      </trkpt>
      <trkpt lat="47.58483770303428173065185546875" lon="18.4528582356870174407958984375">
        <ele>204.600006103515625</ele>
        <time>2022-05-28T11:57:40.000Z</time>
        <extensions>
          <ns3:TrackPointExtension>
            <ns3:hr>103</ns3:hr>
          </ns3:TrackPointExtension>
        </extensions>
      </trkpt>
      <trkpt lat="47.58483787067234516143798828125" lon="18.45285831950604915618896484375">
        <ele>204.600006103515625</ele>
        <time>2022-05-28T11:57:50.000Z</time>
        <extensions>
          <ns3:TrackPointExtension>
            <ns3:hr>100</ns3:hr>
          </ns3:TrackPointExtension>
        </extensions>
      </trkpt>
      <trkpt lat="47.58483803831040859222412109375" lon="18.45285798422992229461669921875">
        <ele>204.600006103515625</ele>
        <time>2022-05-28T11:58:01.000Z</time>
        <extensions>
          <ns3:TrackPointExtension>
            <ns3:hr>103</ns3:hr>
          </ns3:TrackPointExtension>
        </extensions>
      </trkpt>
      <trkpt lat="47.5848386250436305999755859375" lon="18.4528579004108905792236328125">
        <ele>204.600006103515625</ele>
        <time>2022-05-28T11:58:16.000Z</time>
        <extensions>
          <ns3:TrackPointExtension>
            <ns3:hr>100</ns3:hr>
          </ns3:TrackPointExtension>
        </extensions>
      </trkpt>
      <trkpt lat="47.58483879268169403076171875" lon="18.4528579004108905792236328125">
        <ele>204.600006103515625</ele>
        <time>2022-05-28T11:58:24.000Z</time>
        <extensions>
          <ns3:TrackPointExtension>
            <ns3:hr>103</ns3:hr>
          </ns3:TrackPointExtension>
        </extensions>
      </trkpt>
      <trkpt lat="47.58483870886266231536865234375" lon="18.4528577327728271484375">
        <ele>204.600006103515625</ele>
        <time>2022-05-28T11:58:30.000Z</time>
        <extensions>
          <ns3:TrackPointExtension>
            <ns3:hr>106</ns3:hr>
          </ns3:TrackPointExtension>
        </extensions>
      </trkpt>
      <trkpt lat="47.5848386250436305999755859375" lon="18.4528579004108905792236328125">
        <ele>204.600006103515625</ele>
        <time>2022-05-28T11:58:43.000Z</time>
        <extensions>
          <ns3:TrackPointExtension>
            <ns3:hr>103</ns3:hr>
          </ns3:TrackPointExtension>
        </extensions>
      </trkpt>
      <trkpt lat="47.58483879268169403076171875" lon="18.45285798422992229461669921875">
        <ele>204.600006103515625</ele>
        <time>2022-05-28T11:58:48.000Z</time>
        <extensions>
          <ns3:TrackPointExtension>
            <ns3:hr>100</ns3:hr>
          </ns3:TrackPointExtension>
        </extensions>
      </trkpt>
      <trkpt lat="47.58483904413878917694091796875" lon="18.45285815186798572540283203125">
        <ele>204.600006103515625</ele>
        <time>2022-05-28T11:58:58.000Z</time>
        <extensions>
          <ns3:TrackPointExtension>
            <ns3:hr>97</ns3:hr>
          </ns3:TrackPointExtension>
        </extensions>
      </trkpt>
      <trkpt lat="47.58483887650072574615478515625" lon="18.45285865478217601776123046875">
        <ele>204.600006103515625</ele>
        <time>2022-05-28T11:59:09.000Z</time>
        <extensions>
          <ns3:TrackPointExtension>
            <ns3:hr>100</ns3:hr>
          </ns3:TrackPointExtension>
        </extensions>
      </trkpt>
      <trkpt lat="47.58483870886266231536865234375" lon="18.4528589062392711639404296875">
        <ele>204.600006103515625</ele>
        <time>2022-05-28T11:59:46.000Z</time>
        <extensions>
          <ns3:TrackPointExtension>
            <ns3:hr>103</ns3:hr>
          </ns3:TrackPointExtension>
        </extensions>
      </trkpt>
      <trkpt lat="47.58483879268169403076171875" lon="18.45285899005830287933349609375">
        <ele>204.600006103515625</ele>
        <time>2022-05-28T11:59:51.000Z</time>
        <extensions>
          <ns3:TrackPointExtension>
            <ns3:hr>106</ns3:hr>
          </ns3:TrackPointExtension>
        </extensions>
      </trkpt>
      <trkpt lat="47.5848389603197574615478515625" lon="18.4528592415153980255126953125">
        <ele>204.600006103515625</ele>
        <time>2022-05-28T12:00:00.000Z</time>
        <extensions>
          <ns3:TrackPointExtension>
            <ns3:hr>109</ns3:hr>
          </ns3:TrackPointExtension>
        </extensions>
      </trkpt>
      <trkpt lat="47.58483879268169403076171875" lon="18.452859409153461456298828125">
        <ele>204.600006103515625</ele>
        <time>2022-05-28T12:00:17.000Z</time>
        <extensions>
          <ns3:TrackPointExtension>
            <ns3:hr>112</ns3:hr>
          </ns3:TrackPointExtension>
        </extensions>
      </trkpt>
      <trkpt lat="47.58483879268169403076171875" lon="18.45285974442958831787109375">
        <ele>204.600006103515625</ele>
        <time>2022-05-28T12:00:22.000Z</time>
        <extensions>
          <ns3:TrackPointExtension>
            <ns3:hr>115</ns3:hr>
          </ns3:TrackPointExtension>
        </extensions>
      </trkpt>
      <trkpt lat="47.5848389603197574615478515625" lon="18.4528605826199054718017578125">
        <ele>204.600006103515625</ele>
        <time>2022-05-28T12:01:26.000Z</time>
        <extensions>
          <ns3:TrackPointExtension>
            <ns3:hr>112</ns3:hr>
          </ns3:TrackPointExtension>
        </extensions>
      </trkpt>
      <trkpt lat="47.5848389603197574615478515625" lon="18.45286108553409576416015625">
        <ele>204.600006103515625</ele>
        <time>2022-05-28T12:01:54.000Z</time>
        <extensions>
          <ns3:TrackPointExtension>
            <ns3:hr>115</ns3:hr>
          </ns3:TrackPointExtension>
        </extensions>
      </trkpt>
      <trkpt lat="47.58480660617351531982421875" lon="18.45288849435746669769287109375">
        <ele>204.399993896484375</ele>
        <time>2022-05-28T12:01:57.000Z</time>
        <extensions>
          <ns3:TrackPointExtension>
            <ns3:hr>118</ns3:hr>
          </ns3:TrackPointExtension>
        </extensions>
      </trkpt>
      <trkpt lat="47.5847802869975566864013671875" lon="18.45290777273476123809814453125">
        <ele>204.1999969482421875</ele>
        <time>2022-05-28T12:01:59.000Z</time>
        <extensions>
          <ns3:TrackPointExtension>
            <ns3:hr>119</ns3:hr>
          </ns3:TrackPointExtension>
        </extensions>
      </trkpt>
      <trkpt lat="47.5847185961902141571044921875" lon="18.45294364728033542633056640625">
        <ele>203.8000030517578125</ele>
        <time>2022-05-28T12:02:03.000Z</time>
        <extensions>
          <ns3:TrackPointExtension>
            <ns3:hr>122</ns3:hr>
          </ns3:TrackPointExtension>
        </extensions>
      </trkpt>
      <trkpt lat="47.5846656225621700286865234375" lon="18.4530065953731536865234375">
        <ele>203.600006103515625</ele>
        <time>2022-05-28T12:02:09.000Z</time>
        <extensions>
          <ns3:TrackPointExtension>
            <ns3:hr>123</ns3:hr>
          </ns3:TrackPointExtension>
        </extensions>
      </trkpt>
      <trkpt lat="47.58459060452878475189208984375" lon="18.4530969522893428802490234375">
        <ele>203.600006103515625</ele>
        <time>2022-05-28T12:02:17.000Z</time>
        <extensions>
          <ns3:TrackPointExtension>
            <ns3:hr>123</ns3:hr>
          </ns3:TrackPointExtension>
        </extensions>
      </trkpt>
      <trkpt lat="47.58453360758721828460693359375" lon="18.45319225452840328216552734375">
        <ele>203.399993896484375</ele>
        <time>2022-05-28T12:02:26.000Z</time>
        <extensions>
          <ns3:TrackPointExtension>
            <ns3:hr>122</ns3:hr>
          </ns3:TrackPointExtension>
        </extensions>
      </trkpt>
      <trkpt lat="47.5844869203865528106689453125" lon="18.45327439717948436737060546875">
        <ele>203.1999969482421875</ele>
        <time>2022-05-28T12:02:34.000Z</time>
        <extensions>
          <ns3:TrackPointExtension>
            <ns3:hr>120</ns3:hr>
          </ns3:TrackPointExtension>
        </extensions>
      </trkpt>
      <trkpt lat="47.584519274532794952392578125" lon="18.453315384685993194580078125">
        <ele>203.399993896484375</ele>
        <time>2022-05-28T12:02:41.000Z</time>
        <extensions>
          <ns3:TrackPointExtension>
            <ns3:hr>117</ns3:hr>
          </ns3:TrackPointExtension>
        </extensions>
      </trkpt>
      <trkpt lat="47.58454785682260990142822265625" lon="18.45331781543791294097900390625">
        <ele>203.600006103515625</ele>
        <time>2022-05-28T12:02:48.000Z</time>
        <extensions>
          <ns3:TrackPointExtension>
            <ns3:hr>117</ns3:hr>
          </ns3:TrackPointExtension>
        </extensions>
      </trkpt>
      <trkpt lat="47.584536038339138031005859375" lon="18.45333206467330455780029296875">
        <ele>203.600006103515625</ele>
        <time>2022-05-28T12:02:57.000Z</time>
        <extensions>
          <ns3:TrackPointExtension>
            <ns3:hr>116</ns3:hr>
          </ns3:TrackPointExtension>
        </extensions>
      </trkpt>
      <trkpt lat="47.58452757261693477630615234375" lon="18.4533633291721343994140625">
        <ele>203.600006103515625</ele>
        <time>2022-05-28T12:03:11.000Z</time>
        <extensions>
          <ns3:TrackPointExtension>
            <ns3:hr>116</ns3:hr>
          </ns3:TrackPointExtension>
        </extensions>
      </trkpt>
      <trkpt lat="47.58452656678855419158935546875" lon="18.4533705376088619232177734375">
        <ele>203.600006103515625</ele>
        <time>2022-05-28T12:03:16.000Z</time>
        <extensions>
          <ns3:TrackPointExtension>
            <ns3:hr>118</ns3:hr>
          </ns3:TrackPointExtension>
        </extensions>
      </trkpt>
      <trkpt lat="47.5844852440059185028076171875" lon="18.45341169275343418121337890625">
        <ele>203.8000030517578125</ele>
        <time>2022-05-28T12:03:25.000Z</time>
        <extensions>
          <ns3:TrackPointExtension>
            <ns3:hr>121</ns3:hr>
          </ns3:TrackPointExtension>
        </extensions>
      </trkpt>
      <trkpt lat="47.5844778679311275482177734375" lon="18.45340833999216556549072265625">
        <ele>203.600006103515625</ele>
        <time>2022-05-28T12:03:26.000Z</time>
        <extensions>
          <ns3:TrackPointExtension>
            <ns3:hr>123</ns3:hr>
          </ns3:TrackPointExtension>
        </extensions>
      </trkpt>
      <trkpt lat="47.58446236141026020050048828125" lon="18.4534124471247196197509765625">
        <ele>203.8000030517578125</ele>
        <time>2022-05-28T12:03:28.000Z</time>
        <extensions>
          <ns3:TrackPointExtension>
            <ns3:hr>126</ns3:hr>
          </ns3:TrackPointExtension>
        </extensions>
      </trkpt>
      <trkpt lat="47.58445263840258121490478515625" lon="18.4534127824008464813232421875">
        <ele>203.8000030517578125</ele>
        <time>2022-05-28T12:03:30.000Z</time>
        <extensions>
          <ns3:TrackPointExtension>
            <ns3:hr>123</ns3:hr>
          </ns3:TrackPointExtension>
        </extensions>
      </trkpt>
      <trkpt lat="47.5844486989080905914306640625" lon="18.453415967524051666259765625">
        <ele>203.8000030517578125</ele>
        <time>2022-05-28T12:03:32.000Z</time>
        <extensions>
          <ns3:TrackPointExtension>
            <ns3:hr>119</ns3:hr>
          </ns3:TrackPointExtension>
        </extensions>
      </trkpt>
      <trkpt lat="47.58440201170742511749267578125" lon="18.45345678739249706268310546875">
        <ele>204.399993896484375</ele>
        <time>2022-05-28T12:03:40.000Z</time>
        <extensions>
          <ns3:TrackPointExtension>
            <ns3:hr>118</ns3:hr>
          </ns3:TrackPointExtension>
        </extensions>
      </trkpt>
      <trkpt lat="47.5843447633087635040283203125" lon="18.4535287879407405853271484375">
        <ele>205.399993896484375</ele>
        <time>2022-05-28T12:03:47.000Z</time>
        <extensions>
          <ns3:TrackPointExtension>
            <ns3:hr>116</ns3:hr>
          </ns3:TrackPointExtension>
        </extensions>
      </trkpt>
      <trkpt lat="47.58427108637988567352294921875" lon="18.4536002017557621002197265625">
        <ele>206.399993896484375</ele>
        <time>2022-05-28T12:03:55.000Z</time>
        <extensions>
          <ns3:TrackPointExtension>
            <ns3:hr>116</ns3:hr>
          </ns3:TrackPointExtension>
        </extensions>
      </trkpt>
      <trkpt lat="47.58423454128205776214599609375" lon="18.4535891376435756683349609375">
        <ele>206.600006103515625</ele>
        <time>2022-05-28T12:03:58.000Z</time>
        <extensions>
          <ns3:TrackPointExtension>
            <ns3:hr>116</ns3:hr>
          </ns3:TrackPointExtension>
        </extensions>
      </trkpt>
      <trkpt lat="47.5842073000967502593994140625" lon="18.453595675528049468994140625">
        <ele>206.8000030517578125</ele>
        <time>2022-05-28T12:04:00.000Z</time>
        <extensions>
          <ns3:TrackPointExtension>
            <ns3:hr>117</ns3:hr>
          </ns3:TrackPointExtension>
        </extensions>
      </trkpt>
      <trkpt lat="47.5841801427304744720458984375" lon="18.4535898081958293914794921875">
        <ele>207</ele>
        <time>2022-05-28T12:04:03.000Z</time>
        <extensions>
          <ns3:TrackPointExtension>
            <ns3:hr>117</ns3:hr>
          </ns3:TrackPointExtension>
        </extensions>
      </trkpt>
      <trkpt lat="47.5841456092894077301025390625" lon="18.453576229512691497802734375">
        <ele>207.1999969482421875</ele>
        <time>2022-05-28T12:04:07.000Z</time>
        <extensions>
          <ns3:TrackPointExtension>
            <ns3:hr>118</ns3:hr>
          </ns3:TrackPointExtension>
        </extensions>
      </trkpt>
      <trkpt lat="47.5840795598924160003662109375" lon="18.4535690210759639739990234375">
        <ele>207.8000030517578125</ele>
        <time>2022-05-28T12:04:12.000Z</time>
        <extensions>
          <ns3:TrackPointExtension>
            <ns3:hr>119</ns3:hr>
          </ns3:TrackPointExtension>
        </extensions>
      </trkpt>
      <trkpt lat="47.58402851410210132598876953125" lon="18.45356390811502933502197265625">
        <ele>208.1999969482421875</ele>
        <time>2022-05-28T12:04:18.000Z</time>
        <extensions>
          <ns3:TrackPointExtension>
            <ns3:hr>118</ns3:hr>
          </ns3:TrackPointExtension>
        </extensions>
      </trkpt>
      <trkpt lat="47.58401778526604175567626953125" lon="18.4535603038966655731201171875">
        <ele>208.399993896484375</ele>
        <time>2022-05-28T12:04:20.000Z</time>
        <extensions>
          <ns3:TrackPointExtension>
            <ns3:hr>118</ns3:hr>
          </ns3:TrackPointExtension>
        </extensions>
      </trkpt>
      <trkpt lat="47.5839139334857463836669921875" lon="18.45353926531970500946044921875">
        <ele>209.1999969482421875</ele>
        <time>2022-05-28T12:04:29.000Z</time>
        <extensions>
          <ns3:TrackPointExtension>
            <ns3:hr>118</ns3:hr>
          </ns3:TrackPointExtension>
        </extensions>
      </trkpt>
      <trkpt lat="47.5838203914463520050048828125" lon="18.453527279198169708251953125">
        <ele>209.1999969482421875</ele>
        <time>2022-05-28T12:04:38.000Z</time>
        <extensions>
          <ns3:TrackPointExtension>
            <ns3:hr>118</ns3:hr>
          </ns3:TrackPointExtension>
        </extensions>
      </trkpt>
      <trkpt lat="47.58375878445804119110107421875" lon="18.45352082513272762298583984375">
        <ele>209.1999969482421875</ele>
        <time>2022-05-28T12:04:45.000Z</time>
        <extensions>
          <ns3:TrackPointExtension>
            <ns3:hr>119</ns3:hr>
          </ns3:TrackPointExtension>
        </extensions>
      </trkpt>
      <trkpt lat="47.5837359018623828887939453125" lon="18.45352551899850368499755859375">
        <ele>209.1999969482421875</ele>
        <time>2022-05-28T12:04:47.000Z</time>
        <extensions>
          <ns3:TrackPointExtension>
            <ns3:hr>119</ns3:hr>
          </ns3:TrackPointExtension>
        </extensions>
      </trkpt>
      <trkpt lat="47.58369893766939640045166015625" lon="18.45352551899850368499755859375">
        <ele>209.1999969482421875</ele>
        <time>2022-05-28T12:04:50.000Z</time>
        <extensions>
          <ns3:TrackPointExtension>
            <ns3:hr>118</ns3:hr>
          </ns3:TrackPointExtension>
        </extensions>
      </trkpt>
      <trkpt lat="47.58368066512048244476318359375" lon="18.45350875519216060638427734375">
        <ele>209</ele>
        <time>2022-05-28T12:04:52.000Z</time>
        <extensions>
          <ns3:TrackPointExtension>
            <ns3:hr>119</ns3:hr>
          </ns3:TrackPointExtension>
        </extensions>
      </trkpt>
      <trkpt lat="47.58363137952983379364013671875" lon="18.45348645932972431182861328125">
        <ele>208.8000030517578125</ele>
        <time>2022-05-28T12:04:56.000Z</time>
        <extensions>
          <ns3:TrackPointExtension>
            <ns3:hr>118</ns3:hr>
          </ns3:TrackPointExtension>
        </extensions>
      </trkpt>
      <trkpt lat="47.58363137952983379364013671875" lon="18.45348645932972431182861328125">
        <ele>208.8000030517578125</ele>
        <time>2022-05-28T12:04:57.000Z</time>
        <extensions>
          <ns3:TrackPointExtension>
            <ns3:hr>119</ns3:hr>
          </ns3:TrackPointExtension>
        </extensions>
      </trkpt>
      <trkpt lat="47.583523504436016082763671875" lon="18.45348293893039226531982421875">
        <ele>209.1999969482421875</ele>
        <time>2022-05-28T12:05:05.000Z</time>
        <extensions>
          <ns3:TrackPointExtension>
            <ns3:hr>118</ns3:hr>
          </ns3:TrackPointExtension>
        </extensions>
      </trkpt>
      <trkpt lat="47.58340657688677310943603515625" lon="18.4534483216702938079833984375">
        <ele>209</ele>
        <time>2022-05-28T12:05:14.000Z</time>
        <extensions>
          <ns3:TrackPointExtension>
            <ns3:hr>116</ns3:hr>
          </ns3:TrackPointExtension>
        </extensions>
      </trkpt>
      <trkpt lat="47.5833476521074771881103515625" lon="18.45346868969500064849853515625">
        <ele>209</ele>
        <time>2022-05-28T12:05:20.000Z</time>
        <extensions>
          <ns3:TrackPointExtension>
            <ns3:hr>117</ns3:hr>
          </ns3:TrackPointExtension>
        </extensions>
      </trkpt>
      <trkpt lat="47.583335079252719879150390625" lon="18.453474305570125579833984375">
        <ele>209</ele>
        <time>2022-05-28T12:05:21.000Z</time>
        <extensions>
          <ns3:TrackPointExtension>
            <ns3:hr>117</ns3:hr>
          </ns3:TrackPointExtension>
        </extensions>
      </trkpt>
      <trkpt lat="47.5832755677402019500732421875" lon="18.45350909046828746795654296875">
        <ele>208.8000030517578125</ele>
        <time>2022-05-28T12:05:25.000Z</time>
        <extensions>
          <ns3:TrackPointExtension>
            <ns3:hr>118</ns3:hr>
          </ns3:TrackPointExtension>
        </extensions>
      </trkpt>
      <trkpt lat="47.58326123468577861785888671875" lon="18.453516550362110137939453125">
        <ele>208.8000030517578125</ele>
        <time>2022-05-28T12:05:27.000Z</time>
        <extensions>
          <ns3:TrackPointExtension>
            <ns3:hr>119</ns3:hr>
          </ns3:TrackPointExtension>
        </extensions>
      </trkpt>
      <trkpt lat="47.5831617414951324462890625" lon="18.453495763242244720458984375">
        <ele>208.1999969482421875</ele>
        <time>2022-05-28T12:05:35.000Z</time>
        <extensions>
          <ns3:TrackPointExtension>
            <ns3:hr>117</ns3:hr>
          </ns3:TrackPointExtension>
        </extensions>
      </trkpt>
      <trkpt lat="47.58310742676258087158203125" lon="18.45348201692104339599609375">
        <ele>207.8000030517578125</ele>
        <time>2022-05-28T12:05:42.000Z</time>
        <extensions>
          <ns3:TrackPointExtension>
            <ns3:hr>114</ns3:hr>
          </ns3:TrackPointExtension>
        </extensions>
      </trkpt>
      <trkpt lat="47.583085633814334869384765625" lon="18.45350749790668487548828125">
        <ele>208</ele>
        <time>2022-05-28T12:05:45.000Z</time>
        <extensions>
          <ns3:TrackPointExtension>
            <ns3:hr>114</ns3:hr>
          </ns3:TrackPointExtension>
        </extensions>
      </trkpt>
      <trkpt lat="47.58298806846141815185546875" lon="18.4535376727581024169921875">
        <ele>208.1999969482421875</ele>
        <time>2022-05-28T12:05:53.000Z</time>
        <extensions>
          <ns3:TrackPointExtension>
            <ns3:hr>114</ns3:hr>
          </ns3:TrackPointExtension>
        </extensions>
      </trkpt>
      <trkpt lat="47.58295127190649509429931640625" lon="18.45355368219316005706787109375">
        <ele>208.1999969482421875</ele>
        <time>2022-05-28T12:05:57.000Z</time>
        <extensions>
          <ns3:TrackPointExtension>
            <ns3:hr>113</ns3:hr>
          </ns3:TrackPointExtension>
        </extensions>
      </trkpt>
      <trkpt lat="47.5829265452921390533447265625" lon="18.4535676799714565277099609375">
        <ele>208.1999969482421875</ele>
        <time>2022-05-28T12:06:00.000Z</time>
        <extensions>
          <ns3:TrackPointExtension>
            <ns3:hr>113</ns3:hr>
          </ns3:TrackPointExtension>
        </extensions>
      </trkpt>
      <trkpt lat="47.5829134695231914520263671875" lon="18.4535804204642772674560546875">
        <ele>208.1999969482421875</ele>
        <time>2022-05-28T12:06:01.000Z</time>
        <extensions>
          <ns3:TrackPointExtension>
            <ns3:hr>113</ns3:hr>
          </ns3:TrackPointExtension>
        </extensions>
      </trkpt>
      <trkpt lat="47.5828782655298709869384765625" lon="18.45360497944056987762451171875">
        <ele>208.399993896484375</ele>
        <time>2022-05-28T12:06:06.000Z</time>
        <extensions>
          <ns3:TrackPointExtension>
            <ns3:hr>112</ns3:hr>
          </ns3:TrackPointExtension>
        </extensions>
      </trkpt>
      <trkpt lat="47.5828591547906398773193359375" lon="18.453602381050586700439453125">
        <ele>208.1999969482421875</ele>
        <time>2022-05-28T12:06:07.000Z</time>
        <extensions>
          <ns3:TrackPointExtension>
            <ns3:hr>112</ns3:hr>
          </ns3:TrackPointExtension>
        </extensions>
      </trkpt>
      <trkpt lat="47.5828085280954837799072265625" lon="18.45363984815776348114013671875">
        <ele>208.399993896484375</ele>
        <time>2022-05-28T12:06:12.000Z</time>
        <extensions>
          <ns3:TrackPointExtension>
            <ns3:hr>108</ns3:hr>
          </ns3:TrackPointExtension>
        </extensions>
      </trkpt>
      <trkpt lat="47.58280341513454914093017578125" lon="18.453656695783138275146484375">
        <ele>208.600006103515625</ele>
        <time>2022-05-28T12:06:13.000Z</time>
        <extensions>
          <ns3:TrackPointExtension>
            <ns3:hr>112</ns3:hr>
          </ns3:TrackPointExtension>
        </extensions>
      </trkpt>
      <trkpt lat="47.5827632658183574676513671875" lon="18.4536691009998321533203125">
        <ele>208.8000030517578125</ele>
        <time>2022-05-28T12:06:16.000Z</time>
        <extensions>
          <ns3:TrackPointExtension>
            <ns3:hr>112</ns3:hr>
          </ns3:TrackPointExtension>
        </extensions>
      </trkpt>
      <trkpt lat="47.5827475078403949737548828125" lon="18.45367111265659332275390625">
        <ele>208.8000030517578125</ele>
        <time>2022-05-28T12:06:17.000Z</time>
        <extensions>
          <ns3:TrackPointExtension>
            <ns3:hr>112</ns3:hr>
          </ns3:TrackPointExtension>
        </extensions>
      </trkpt>
      <trkpt lat="47.5827059336006641387939453125" lon="18.4536769799888134002685546875">
        <ele>208.8000030517578125</ele>
        <time>2022-05-28T12:06:22.000Z</time>
        <extensions>
          <ns3:TrackPointExtension>
            <ns3:hr>112</ns3:hr>
          </ns3:TrackPointExtension>
        </extensions>
      </trkpt>
      <trkpt lat="47.5826975516974925994873046875" lon="18.45367672853171825408935546875">
        <ele>208.8000030517578125</ele>
        <time>2022-05-28T12:06:23.000Z</time>
        <extensions>
          <ns3:TrackPointExtension>
            <ns3:hr>112</ns3:hr>
          </ns3:TrackPointExtension>
        </extensions>
      </trkpt>
      <trkpt lat="47.5826512835919857025146484375" lon="18.4536878764629364013671875">
        <ele>209</ele>
        <time>2022-05-28T12:06:30.000Z</time>
        <extensions>
          <ns3:TrackPointExtension>
            <ns3:hr>112</ns3:hr>
          </ns3:TrackPointExtension>
        </extensions>
      </trkpt>
      <trkpt lat="47.5826097093522548675537109375" lon="18.45371964387595653533935546875">
        <ele>209.1999969482421875</ele>
        <time>2022-05-28T12:06:33.000Z</time>
        <extensions>
          <ns3:TrackPointExtension>
            <ns3:hr>112</ns3:hr>
          </ns3:TrackPointExtension>
        </extensions>
      </trkpt>
      <trkpt lat="47.58257542736828327178955078125" lon="18.45373238436877727508544921875">
        <ele>209.1999969482421875</ele>
        <time>2022-05-28T12:06:36.000Z</time>
        <extensions>
          <ns3:TrackPointExtension>
            <ns3:hr>112</ns3:hr>
          </ns3:TrackPointExtension>
        </extensions>
      </trkpt>
      <trkpt lat="47.5825081206858158111572265625" lon="18.45376473851501941680908203125">
        <ele>209</ele>
        <time>2022-05-28T12:06:42.000Z</time>
        <extensions>
          <ns3:TrackPointExtension>
            <ns3:hr>112</ns3:hr>
          </ns3:TrackPointExtension>
        </extensions>
      </trkpt>
      <trkpt lat="47.58244785480201244354248046875" lon="18.45379206351935863494873046875">
        <ele>208.8000030517578125</ele>
        <time>2022-05-28T12:06:48.000Z</time>
        <extensions>
          <ns3:TrackPointExtension>
            <ns3:hr>112</ns3:hr>
          </ns3:TrackPointExtension>
        </extensions>
      </trkpt>
      <trkpt lat="47.58239488117396831512451171875" lon="18.4538298659026622772216796875">
        <ele>208.8000030517578125</ele>
        <time>2022-05-28T12:06:52.000Z</time>
        <extensions>
          <ns3:TrackPointExtension>
            <ns3:hr>112</ns3:hr>
          </ns3:TrackPointExtension>
        </extensions>
      </trkpt>
      <trkpt lat="47.582378871738910675048828125" lon="18.453845120966434478759765625">
        <ele>208.8000030517578125</ele>
        <time>2022-05-28T12:06:55.000Z</time>
        <extensions>
          <ns3:TrackPointExtension>
            <ns3:hr>112</ns3:hr>
          </ns3:TrackPointExtension>
        </extensions>
      </trkpt>
      <trkpt lat="47.5822524726390838623046875" lon="18.453874289989471435546875">
        <ele>208</ele>
        <time>2022-05-28T12:07:06.000Z</time>
        <extensions>
          <ns3:TrackPointExtension>
            <ns3:hr>114</ns3:hr>
          </ns3:TrackPointExtension>
        </extensions>
      </trkpt>
      <trkpt lat="47.5821644626557826995849609375" lon="18.45393237657845020294189453125">
        <ele>208</ele>
        <time>2022-05-28T12:07:16.000Z</time>
        <extensions>
          <ns3:TrackPointExtension>
            <ns3:hr>112</ns3:hr>
          </ns3:TrackPointExtension>
        </extensions>
      </trkpt>
      <trkpt lat="47.5821436755359172821044921875" lon="18.45394595526158809661865234375">
        <ele>208</ele>
        <time>2022-05-28T12:07:18.000Z</time>
        <extensions>
          <ns3:TrackPointExtension>
            <ns3:hr>109</ns3:hr>
          </ns3:TrackPointExtension>
        </extensions>
      </trkpt>
      <trkpt lat="47.58207536302506923675537109375" lon="18.453987278044223785400390625">
        <ele>208</ele>
        <time>2022-05-28T12:07:25.000Z</time>
        <extensions>
          <ns3:TrackPointExtension>
            <ns3:hr>107</ns3:hr>
          </ns3:TrackPointExtension>
        </extensions>
      </trkpt>
      <trkpt lat="47.58205122314393520355224609375" lon="18.45400328747928142547607421875">
        <ele>208</ele>
        <time>2022-05-28T12:07:27.000Z</time>
        <extensions>
          <ns3:TrackPointExtension>
            <ns3:hr>107</ns3:hr>
          </ns3:TrackPointExtension>
        </extensions>
      </trkpt>
      <trkpt lat="47.5819659791886806488037109375" lon="18.4540580213069915771484375">
        <ele>208</ele>
        <time>2022-05-28T12:07:34.000Z</time>
        <extensions>
          <ns3:TrackPointExtension>
            <ns3:hr>109</ns3:hr>
          </ns3:TrackPointExtension>
        </extensions>
      </trkpt>
      <trkpt lat="47.5818804837763309478759765625" lon="18.45410370267927646636962890625">
        <ele>207.8000030517578125</ele>
        <time>2022-05-28T12:07:40.000Z</time>
        <extensions>
          <ns3:TrackPointExtension>
            <ns3:hr>112</ns3:hr>
          </ns3:TrackPointExtension>
        </extensions>
      </trkpt>
      <trkpt lat="47.58185843937098979949951171875" lon="18.4541078098118305206298828125">
        <ele>207.8000030517578125</ele>
        <time>2022-05-28T12:07:42.000Z</time>
        <extensions>
          <ns3:TrackPointExtension>
            <ns3:hr>113</ns3:hr>
          </ns3:TrackPointExtension>
        </extensions>
      </trkpt>
      <trkpt lat="47.58183874189853668212890625" lon="18.45411024056375026702880859375">
        <ele>207.600006103515625</ele>
        <time>2022-05-28T12:07:44.000Z</time>
        <extensions>
          <ns3:TrackPointExtension>
            <ns3:hr>114</ns3:hr>
          </ns3:TrackPointExtension>
        </extensions>
      </trkpt>
      <trkpt lat="47.58181770332157611846923828125" lon="18.45412432216107845306396484375">
        <ele>207.600006103515625</ele>
        <time>2022-05-28T12:07:46.000Z</time>
        <extensions>
          <ns3:TrackPointExtension>
            <ns3:hr>115</ns3:hr>
          </ns3:TrackPointExtension>
        </extensions>
      </trkpt>
      <trkpt lat="47.5817788951098918914794921875" lon="18.45409615896642208099365234375">
        <ele>207</ele>
        <time>2022-05-28T12:07:52.000Z</time>
        <extensions>
          <ns3:TrackPointExtension>
            <ns3:hr>114</ns3:hr>
          </ns3:TrackPointExtension>
        </extensions>
      </trkpt>
      <trkpt lat="47.5817799009382724761962890625" lon="18.454063050448894500732421875">
        <ele>206.600006103515625</ele>
        <time>2022-05-28T12:07:58.000Z</time>
        <extensions>
          <ns3:TrackPointExtension>
            <ns3:hr>111</ns3:hr>
          </ns3:TrackPointExtension>
        </extensions>
      </trkpt>
      <trkpt lat="47.58177361451089382171630859375" lon="18.4540608711540699005126953125">
        <ele>206.600006103515625</ele>
        <time>2022-05-28T12:08:00.000Z</time>
        <extensions>
          <ns3:TrackPointExtension>
            <ns3:hr>111</ns3:hr>
          </ns3:TrackPointExtension>
        </extensions>
      </trkpt>
      <trkpt lat="47.5817768834531307220458984375" lon="18.454056344926357269287109375">
        <ele>206.600006103515625</ele>
        <time>2022-05-28T12:08:04.000Z</time>
        <extensions>
          <ns3:TrackPointExtension>
            <ns3:hr>108</ns3:hr>
          </ns3:TrackPointExtension>
        </extensions>
      </trkpt>
      <trkpt lat="47.58177931420505046844482421875" lon="18.45406137406826019287109375">
        <ele>206.600006103515625</ele>
        <time>2022-05-28T12:08:06.000Z</time>
        <extensions>
          <ns3:TrackPointExtension>
            <ns3:hr>110</ns3:hr>
          </ns3:TrackPointExtension>
        </extensions>
      </trkpt>
      <trkpt lat="47.58177931420505046844482421875" lon="18.4540608711540699005126953125">
        <ele>206.600006103515625</ele>
        <time>2022-05-28T12:08:17.000Z</time>
        <extensions>
          <ns3:TrackPointExtension>
            <ns3:hr>113</ns3:hr>
          </ns3:TrackPointExtension>
        </extensions>
      </trkpt>
      <trkpt lat="47.5817772187292575836181640625" lon="18.45405877567827701568603515625">
        <ele>206.600006103515625</ele>
        <time>2022-05-28T12:08:21.000Z</time>
        <extensions>
          <ns3:TrackPointExtension>
            <ns3:hr>116</ns3:hr>
          </ns3:TrackPointExtension>
        </extensions>
      </trkpt>
      <trkpt lat="47.581776045262813568115234375" lon="18.454056344926357269287109375">
        <ele>206.600006103515625</ele>
        <time>2022-05-28T12:08:25.000Z</time>
        <extensions>
          <ns3:TrackPointExtension>
            <ns3:hr>118</ns3:hr>
          </ns3:TrackPointExtension>
        </extensions>
      </trkpt>
      <trkpt lat="47.581775374710559844970703125" lon="18.4540534950792789459228515625">
        <ele>206.600006103515625</ele>
        <time>2022-05-28T12:08:29.000Z</time>
        <extensions>
          <ns3:TrackPointExtension>
            <ns3:hr>121</ns3:hr>
          </ns3:TrackPointExtension>
        </extensions>
      </trkpt>
      <trkpt lat="47.581771351397037506103515625" lon="18.454037569463253021240234375">
        <ele>206.399993896484375</ele>
        <time>2022-05-28T12:08:50.000Z</time>
        <extensions>
          <ns3:TrackPointExtension>
            <ns3:hr>118</ns3:hr>
          </ns3:TrackPointExtension>
        </extensions>
      </trkpt>
      <trkpt lat="47.58175986818969249725341796875" lon="18.45402793027460575103759765625">
        <ele>206.1999969482421875</ele>
        <time>2022-05-28T12:08:57.000Z</time>
        <extensions>
          <ns3:TrackPointExtension>
            <ns3:hr>114</ns3:hr>
          </ns3:TrackPointExtension>
        </extensions>
      </trkpt>
      <trkpt lat="47.58175768889486789703369140625" lon="18.45402189530432224273681640625">
        <ele>206</ele>
        <time>2022-05-28T12:09:11.000Z</time>
        <extensions>
          <ns3:TrackPointExtension>
            <ns3:hr>110</ns3:hr>
          </ns3:TrackPointExtension>
        </extensions>
      </trkpt>
      <trkpt lat="47.58175785653293132781982421875" lon="18.4540216438472270965576171875">
        <ele>206</ele>
        <time>2022-05-28T12:09:12.000Z</time>
        <extensions>
          <ns3:TrackPointExtension>
            <ns3:hr>113</ns3:hr>
          </ns3:TrackPointExtension>
        </extensions>
      </trkpt>
      <trkpt lat="47.58175802417099475860595703125" lon="18.45402156002819538116455078125">
        <ele>206</ele>
        <time>2022-05-28T12:09:13.000Z</time>
        <extensions>
          <ns3:TrackPointExtension>
            <ns3:hr>110</ns3:hr>
          </ns3:TrackPointExtension>
        </extensions>
      </trkpt>
      <trkpt lat="47.58169658482074737548828125" lon="18.45410202629864215850830078125">
        <ele>206.399993896484375</ele>
        <time>2022-05-28T12:09:31.000Z</time>
        <extensions>
          <ns3:TrackPointExtension>
            <ns3:hr>110</ns3:hr>
          </ns3:TrackPointExtension>
        </extensions>
      </trkpt>
      <trkpt lat="47.58166632615029811859130859375" lon="18.4541275911033153533935546875">
        <ele>206.600006103515625</ele>
        <time>2022-05-28T12:09:33.000Z</time>
        <extensions>
          <ns3:TrackPointExtension>
            <ns3:hr>111</ns3:hr>
          </ns3:TrackPointExtension>
        </extensions>
      </trkpt>
      <trkpt lat="47.58163145743310451507568359375" lon="18.45417360775172710418701171875">
        <ele>206.399993896484375</ele>
        <time>2022-05-28T12:09:35.000Z</time>
        <extensions>
          <ns3:TrackPointExtension>
            <ns3:hr>111</ns3:hr>
          </ns3:TrackPointExtension>
        </extensions>
      </trkpt>
      <trkpt lat="47.5816159509122371673583984375" lon="18.4542043693363666534423828125">
        <ele>206.600006103515625</ele>
        <time>2022-05-28T12:09:36.000Z</time>
        <extensions>
          <ns3:TrackPointExtension>
            <ns3:hr>111</ns3:hr>
          </ns3:TrackPointExtension>
        </extensions>
      </trkpt>
      <trkpt lat="47.58160497061908245086669921875" lon="18.45421166159212589263916015625">
        <ele>206.600006103515625</ele>
        <time>2022-05-28T12:09:37.000Z</time>
        <extensions>
          <ns3:TrackPointExtension>
            <ns3:hr>112</ns3:hr>
          </ns3:TrackPointExtension>
        </extensions>
      </trkpt>
      <trkpt lat="47.58152936585247516632080078125" lon="18.45420763827860355377197265625">
        <ele>205.399993896484375</ele>
        <time>2022-05-28T12:09:45.000Z</time>
        <extensions>
          <ns3:TrackPointExtension>
            <ns3:hr>114</ns3:hr>
          </ns3:TrackPointExtension>
        </extensions>
      </trkpt>
      <trkpt lat="47.58148695342242717742919921875" lon="18.4542114101350307464599609375">
        <ele>205</ele>
        <time>2022-05-28T12:09:54.000Z</time>
        <extensions>
          <ns3:TrackPointExtension>
            <ns3:hr>115</ns3:hr>
          </ns3:TrackPointExtension>
        </extensions>
      </trkpt>
      <trkpt lat="47.58147253654897212982177734375" lon="18.4542110748589038848876953125">
        <ele>204.8000030517578125</ele>
        <time>2022-05-28T12:10:01.000Z</time>
        <extensions>
          <ns3:TrackPointExtension>
            <ns3:hr>114</ns3:hr>
          </ns3:TrackPointExtension>
        </extensions>
      </trkpt>
      <trkpt lat="47.581405900418758392333984375" lon="18.45422104932367801666259765625">
        <ele>203.600006103515625</ele>
        <time>2022-05-28T12:10:09.000Z</time>
        <extensions>
          <ns3:TrackPointExtension>
            <ns3:hr>115</ns3:hr>
          </ns3:TrackPointExtension>
        </extensions>
      </trkpt>
      <trkpt lat="47.58132778108119964599609375" lon="18.45420663245022296905517578125">
        <ele>203</ele>
        <time>2022-05-28T12:10:17.000Z</time>
        <extensions>
          <ns3:TrackPointExtension>
            <ns3:hr>115</ns3:hr>
          </ns3:TrackPointExtension>
        </extensions>
      </trkpt>
      <trkpt lat="47.58125226013362407684326171875" lon="18.45419221557676792144775390625">
        <ele>202.1999969482421875</ele>
        <time>2022-05-28T12:10:23.000Z</time>
        <extensions>
          <ns3:TrackPointExtension>
            <ns3:hr>115</ns3:hr>
          </ns3:TrackPointExtension>
        </extensions>
      </trkpt>
      <trkpt lat="47.581242285668849945068359375" lon="18.4542055428028106689453125">
        <ele>202.399993896484375</ele>
        <time>2022-05-28T12:10:24.000Z</time>
        <extensions>
          <ns3:TrackPointExtension>
            <ns3:hr>115</ns3:hr>
          </ns3:TrackPointExtension>
        </extensions>
      </trkpt>
      <trkpt lat="47.58118302561342716217041015625" lon="18.45421786420047283172607421875">
        <ele>202</ele>
        <time>2022-05-28T12:10:29.000Z</time>
        <extensions>
          <ns3:TrackPointExtension>
            <ns3:hr>117</ns3:hr>
          </ns3:TrackPointExtension>
        </extensions>
      </trkpt>
      <trkpt lat="47.58115503005683422088623046875" lon="18.45420914702117443084716796875">
        <ele>201.600006103515625</ele>
        <time>2022-05-28T12:10:31.000Z</time>
        <extensions>
          <ns3:TrackPointExtension>
            <ns3:hr>118</ns3:hr>
          </ns3:TrackPointExtension>
        </extensions>
      </trkpt>
      <trkpt lat="47.58112451992928981781005859375" lon="18.454218618571758270263671875">
        <ele>201.1999969482421875</ele>
        <time>2022-05-28T12:10:33.000Z</time>
        <extensions>
          <ns3:TrackPointExtension>
            <ns3:hr>119</ns3:hr>
          </ns3:TrackPointExtension>
        </extensions>
      </trkpt>
      <trkpt lat="47.58108294568955898284912109375" lon="18.45423228107392787933349609375">
        <ele>201</ele>
        <time>2022-05-28T12:10:36.000Z</time>
        <extensions>
          <ns3:TrackPointExtension>
            <ns3:hr>120</ns3:hr>
          </ns3:TrackPointExtension>
        </extensions>
      </trkpt>
      <trkpt lat="47.58102326653897762298583984375" lon="18.454243429005146026611328125">
        <ele>201</ele>
        <time>2022-05-28T12:10:41.000Z</time>
        <extensions>
          <ns3:TrackPointExtension>
            <ns3:hr>121</ns3:hr>
          </ns3:TrackPointExtension>
        </extensions>
      </trkpt>
      <trkpt lat="47.58100650273263454437255859375" lon="18.4542523138225078582763671875">
        <ele>200.8000030517578125</ele>
        <time>2022-05-28T12:10:42.000Z</time>
        <extensions>
          <ns3:TrackPointExtension>
            <ns3:hr>121</ns3:hr>
          </ns3:TrackPointExtension>
        </extensions>
      </trkpt>
      <trkpt lat="47.58093726821243762969970703125" lon="18.45427989028394222259521484375">
        <ele>200.600006103515625</ele>
        <time>2022-05-28T12:10:49.000Z</time>
        <extensions>
          <ns3:TrackPointExtension>
            <ns3:hr>122</ns3:hr>
          </ns3:TrackPointExtension>
        </extensions>
      </trkpt>
      <trkpt lat="47.58092486299574375152587890625" lon="18.4542838297784328460693359375">
        <ele>200.399993896484375</ele>
        <time>2022-05-28T12:10:50.000Z</time>
        <extensions>
          <ns3:TrackPointExtension>
            <ns3:hr>122</ns3:hr>
          </ns3:TrackPointExtension>
        </extensions>
      </trkpt>
      <trkpt lat="47.580878175795078277587890625" lon="18.45430956222116947174072265625">
        <ele>200.1999969482421875</ele>
        <time>2022-05-28T12:10:53.000Z</time>
        <extensions>
          <ns3:TrackPointExtension>
            <ns3:hr>125</ns3:hr>
          </ns3:TrackPointExtension>
        </extensions>
      </trkpt>
      <trkpt lat="47.580840624868869781494140625" lon="18.4543074667453765869140625">
        <ele>200</ele>
        <time>2022-05-28T12:10:56.000Z</time>
        <extensions>
          <ns3:TrackPointExtension>
            <ns3:hr>125</ns3:hr>
          </ns3:TrackPointExtension>
        </extensions>
      </trkpt>
      <trkpt lat="47.580709196627140045166015625" lon="18.4543235599994659423828125">
        <ele>200.399993896484375</ele>
        <time>2022-05-28T12:11:06.000Z</time>
        <extensions>
          <ns3:TrackPointExtension>
            <ns3:hr>123</ns3:hr>
          </ns3:TrackPointExtension>
        </extensions>
      </trkpt>
      <trkpt lat="47.5806248746812343597412109375" lon="18.4543797187507152557373046875">
        <ele>200.1999969482421875</ele>
        <time>2022-05-28T12:11:13.000Z</time>
        <extensions>
          <ns3:TrackPointExtension>
            <ns3:hr>123</ns3:hr>
          </ns3:TrackPointExtension>
        </extensions>
      </trkpt>
      <trkpt lat="47.58060534484684467315673828125" lon="18.45438634045422077178955078125">
        <ele>200.1999969482421875</ele>
        <time>2022-05-28T12:11:15.000Z</time>
        <extensions>
          <ns3:TrackPointExtension>
            <ns3:hr>123</ns3:hr>
          </ns3:TrackPointExtension>
        </extensions>
      </trkpt>
      <trkpt lat="47.58051641285419464111328125" lon="18.4543917886912822723388671875">
        <ele>200.8000030517578125</ele>
        <time>2022-05-28T12:11:20.000Z</time>
        <extensions>
          <ns3:TrackPointExtension>
            <ns3:hr>122</ns3:hr>
          </ns3:TrackPointExtension>
        </extensions>
      </trkpt>
      <trkpt lat="47.58043603040277957916259765625" lon="18.45446580089628696441650390625">
        <ele>201.600006103515625</ele>
        <time>2022-05-28T12:11:27.000Z</time>
        <extensions>
          <ns3:TrackPointExtension>
            <ns3:hr>123</ns3:hr>
          </ns3:TrackPointExtension>
        </extensions>
      </trkpt>
      <trkpt lat="47.5803935341536998748779296875" lon="18.45450687222182750701904296875">
        <ele>202</ele>
        <time>2022-05-28T12:11:31.000Z</time>
        <extensions>
          <ns3:TrackPointExtension>
            <ns3:hr>126</ns3:hr>
          </ns3:TrackPointExtension>
        </extensions>
      </trkpt>
      <trkpt lat="47.58037853054702281951904296875" lon="18.4545201994478702545166015625">
        <ele>202.1999969482421875</ele>
        <time>2022-05-28T12:11:33.000Z</time>
        <extensions>
          <ns3:TrackPointExtension>
            <ns3:hr>128</ns3:hr>
          </ns3:TrackPointExtension>
        </extensions>
      </trkpt>
      <trkpt lat="47.58035455830395221710205078125" lon="18.454527072608470916748046875">
        <ele>202.1999969482421875</ele>
        <time>2022-05-28T12:11:35.000Z</time>
        <extensions>
          <ns3:TrackPointExtension>
            <ns3:hr>130</ns3:hr>
          </ns3:TrackPointExtension>
        </extensions>
      </trkpt>
      <trkpt lat="47.580332346260547637939453125" lon="18.454537801444530487060546875">
        <ele>202.399993896484375</ele>
        <time>2022-05-28T12:11:38.000Z</time>
        <extensions>
          <ns3:TrackPointExtension>
            <ns3:hr>130</ns3:hr>
          </ns3:TrackPointExtension>
        </extensions>
      </trkpt>
      <trkpt lat="47.58031667210161685943603515625" lon="18.454549200832843780517578125">
        <ele>202.399993896484375</ele>
        <time>2022-05-28T12:11:40.000Z</time>
        <extensions>
          <ns3:TrackPointExtension>
            <ns3:hr>130</ns3:hr>
          </ns3:TrackPointExtension>
        </extensions>
      </trkpt>
      <trkpt lat="47.5802916102111339569091796875" lon="18.45458063296973705291748046875">
        <ele>202.600006103515625</ele>
        <time>2022-05-28T12:11:42.000Z</time>
        <extensions>
          <ns3:TrackPointExtension>
            <ns3:hr>129</ns3:hr>
          </ns3:TrackPointExtension>
        </extensions>
      </trkpt>
      <trkpt lat="47.58023620583117008209228515625" lon="18.45461189746856689453125">
        <ele>203</ele>
        <time>2022-05-28T12:11:48.000Z</time>
        <extensions>
          <ns3:TrackPointExtension>
            <ns3:hr>126</ns3:hr>
          </ns3:TrackPointExtension>
        </extensions>
      </trkpt>
      <trkpt lat="47.580222375690937042236328125" lon="18.4546217881143093109130859375">
        <ele>203.1999969482421875</ele>
        <time>2022-05-28T12:11:49.000Z</time>
        <extensions>
          <ns3:TrackPointExtension>
            <ns3:hr>125</ns3:hr>
          </ns3:TrackPointExtension>
        </extensions>
      </trkpt>
      <trkpt lat="47.5801628641784191131591796875" lon="18.45466897822916507720947265625">
        <ele>203.1999969482421875</ele>
        <time>2022-05-28T12:11:55.000Z</time>
        <extensions>
          <ns3:TrackPointExtension>
            <ns3:hr>124</ns3:hr>
          </ns3:TrackPointExtension>
        </extensions>
      </trkpt>
      <trkpt lat="47.5800880976021289825439453125" lon="18.4547393023967742919921875">
        <ele>203.399993896484375</ele>
        <time>2022-05-28T12:12:02.000Z</time>
        <extensions>
          <ns3:TrackPointExtension>
            <ns3:hr>123</ns3:hr>
          </ns3:TrackPointExtension>
        </extensions>
      </trkpt>
      <trkpt lat="47.579977624118328094482421875" lon="18.45481784082949161529541015625">
        <ele>204</ele>
        <time>2022-05-28T12:12:09.000Z</time>
        <extensions>
          <ns3:TrackPointExtension>
            <ns3:hr>120</ns3:hr>
          </ns3:TrackPointExtension>
        </extensions>
      </trkpt>
      <trkpt lat="47.5799613632261753082275390625" lon="18.4548246301710605621337890625">
        <ele>204</ele>
        <time>2022-05-28T12:12:11.000Z</time>
        <extensions>
          <ns3:TrackPointExtension>
            <ns3:hr>121</ns3:hr>
          </ns3:TrackPointExtension>
        </extensions>
      </trkpt>
      <trkpt lat="47.57986354641616344451904296875" lon="18.4549061022698879241943359375">
        <ele>204.1999969482421875</ele>
        <time>2022-05-28T12:12:18.000Z</time>
        <extensions>
          <ns3:TrackPointExtension>
            <ns3:hr>121</ns3:hr>
          </ns3:TrackPointExtension>
        </extensions>
      </trkpt>
      <trkpt lat="47.57978945039212703704833984375" lon="18.45494289882481098175048828125">
        <ele>204.1999969482421875</ele>
        <time>2022-05-28T12:12:25.000Z</time>
        <extensions>
          <ns3:TrackPointExtension>
            <ns3:hr>121</ns3:hr>
          </ns3:TrackPointExtension>
        </extensions>
      </trkpt>
      <trkpt lat="47.5797471217811107635498046875" lon="18.4549825452268123626708984375">
        <ele>204</ele>
        <time>2022-05-28T12:12:28.000Z</time>
        <extensions>
          <ns3:TrackPointExtension>
            <ns3:hr>120</ns3:hr>
          </ns3:TrackPointExtension>
        </extensions>
      </trkpt>
      <trkpt lat="47.5797145999968051910400390625" lon="18.45502386800944805145263671875">
        <ele>204</ele>
        <time>2022-05-28T12:12:31.000Z</time>
        <extensions>
          <ns3:TrackPointExtension>
            <ns3:hr>120</ns3:hr>
          </ns3:TrackPointExtension>
        </extensions>
      </trkpt>
      <trkpt lat="47.5796156935393810272216796875" lon="18.45509276725351810455322265625">
        <ele>204.600006103515625</ele>
        <time>2022-05-28T12:12:37.000Z</time>
        <extensions>
          <ns3:TrackPointExtension>
            <ns3:hr>122</ns3:hr>
          </ns3:TrackPointExtension>
        </extensions>
      </trkpt>
      <trkpt lat="47.5795488059520721435546875" lon="18.45515864901244640350341796875">
        <ele>204.8000030517578125</ele>
        <time>2022-05-28T12:12:43.000Z</time>
        <extensions>
          <ns3:TrackPointExtension>
            <ns3:hr>119</ns3:hr>
          </ns3:TrackPointExtension>
        </extensions>
      </trkpt>
      <trkpt lat="47.57954168133437633514404296875" lon="18.45516912639141082763671875">
        <ele>204.8000030517578125</ele>
        <time>2022-05-28T12:12:44.000Z</time>
        <extensions>
          <ns3:TrackPointExtension>
            <ns3:hr>121</ns3:hr>
          </ns3:TrackPointExtension>
        </extensions>
      </trkpt>
      <trkpt lat="47.5794879533350467681884765625" lon="18.4551977925002574920654296875">
        <ele>205</ele>
        <time>2022-05-28T12:12:49.000Z</time>
        <extensions>
          <ns3:TrackPointExtension>
            <ns3:hr>121</ns3:hr>
          </ns3:TrackPointExtension>
        </extensions>
      </trkpt>
      <trkpt lat="47.57945828139781951904296875" lon="18.45521296374499797821044921875">
        <ele>205.1999969482421875</ele>
        <time>2022-05-28T12:12:51.000Z</time>
        <extensions>
          <ns3:TrackPointExtension>
            <ns3:hr>123</ns3:hr>
          </ns3:TrackPointExtension>
        </extensions>
      </trkpt>
      <trkpt lat="47.57936180569231510162353515625" lon="18.45526560209691524505615234375">
        <ele>205.8000030517578125</ele>
        <time>2022-05-28T12:12:58.000Z</time>
        <extensions>
          <ns3:TrackPointExtension>
            <ns3:hr>123</ns3:hr>
          </ns3:TrackPointExtension>
        </extensions>
      </trkpt>
      <trkpt lat="47.57929374463856220245361328125" lon="18.45531639643013477325439453125">
        <ele>206</ele>
        <time>2022-05-28T12:13:04.000Z</time>
        <extensions>
          <ns3:TrackPointExtension>
            <ns3:hr>126</ns3:hr>
          </ns3:TrackPointExtension>
        </extensions>
      </trkpt>
      <trkpt lat="47.57927815429866313934326171875" lon="18.45531756989657878875732421875">
        <ele>206.1999969482421875</ele>
        <time>2022-05-28T12:13:05.000Z</time>
        <extensions>
          <ns3:TrackPointExtension>
            <ns3:hr>124</ns3:hr>
          </ns3:TrackPointExtension>
        </extensions>
      </trkpt>
      <trkpt lat="47.5791986100375652313232421875" lon="18.45539283938705921173095703125">
        <ele>206.399993896484375</ele>
        <time>2022-05-28T12:13:12.000Z</time>
        <extensions>
          <ns3:TrackPointExtension>
            <ns3:hr>124</ns3:hr>
          </ns3:TrackPointExtension>
        </extensions>
      </trkpt>
      <trkpt lat="47.5790936686098575592041015625" lon="18.455443046987056732177734375">
        <ele>207.399993896484375</ele>
        <time>2022-05-28T12:13:19.000Z</time>
        <extensions>
          <ns3:TrackPointExtension>
            <ns3:hr>126</ns3:hr>
          </ns3:TrackPointExtension>
        </extensions>
      </trkpt>
      <trkpt lat="47.5790735520422458648681640625" lon="18.45546039752662181854248046875">
        <ele>207.399993896484375</ele>
        <time>2022-05-28T12:13:20.000Z</time>
        <extensions>
          <ns3:TrackPointExtension>
            <ns3:hr>128</ns3:hr>
          </ns3:TrackPointExtension>
        </extensions>
      </trkpt>
      <trkpt lat="47.579003311693668365478515625" lon="18.45551940612494945526123046875">
        <ele>207.600006103515625</ele>
        <time>2022-05-28T12:13:25.000Z</time>
        <extensions>
          <ns3:TrackPointExtension>
            <ns3:hr>124</ns3:hr>
          </ns3:TrackPointExtension>
        </extensions>
      </trkpt>
      <trkpt lat="47.57896232418715953826904296875" lon="18.45554069615900516510009765625">
        <ele>207.600006103515625</ele>
        <time>2022-05-28T12:13:27.000Z</time>
        <extensions>
          <ns3:TrackPointExtension>
            <ns3:hr>121</ns3:hr>
          </ns3:TrackPointExtension>
        </extensions>
      </trkpt>
      <trkpt lat="47.5789404474198818206787109375" lon="18.45554958097636699676513671875">
        <ele>207.8000030517578125</ele>
        <time>2022-05-28T12:13:28.000Z</time>
        <extensions>
          <ns3:TrackPointExtension>
            <ns3:hr>121</ns3:hr>
          </ns3:TrackPointExtension>
        </extensions>
      </trkpt>
      <trkpt lat="47.5788621604442596435546875" lon="18.45558486878871917724609375">
        <ele>208.8000030517578125</ele>
        <time>2022-05-28T12:13:32.000Z</time>
        <extensions>
          <ns3:TrackPointExtension>
            <ns3:hr>126</ns3:hr>
          </ns3:TrackPointExtension>
        </extensions>
      </trkpt>
      <trkpt lat="47.57885604165494441986083984375" lon="18.455591909587383270263671875">
        <ele>208.8000030517578125</ele>
        <time>2022-05-28T12:13:33.000Z</time>
        <extensions>
          <ns3:TrackPointExtension>
            <ns3:hr>129</ns3:hr>
          </ns3:TrackPointExtension>
        </extensions>
      </trkpt>
      <trkpt lat="47.57884271442890167236328125" lon="18.45560255460441112518310546875">
        <ele>209</ele>
        <time>2022-05-28T12:13:34.000Z</time>
        <extensions>
          <ns3:TrackPointExtension>
            <ns3:hr>127</ns3:hr>
          </ns3:TrackPointExtension>
        </extensions>
      </trkpt>
      <trkpt lat="47.57883106358349323272705078125" lon="18.4556098468601703643798828125">
        <ele>209.1999969482421875</ele>
        <time>2022-05-28T12:13:35.000Z</time>
        <extensions>
          <ns3:TrackPointExtension>
            <ns3:hr>131</ns3:hr>
          </ns3:TrackPointExtension>
        </extensions>
      </trkpt>
      <trkpt lat="47.57878261618316173553466796875" lon="18.45565854571759700775146484375">
        <ele>209.8000030517578125</ele>
        <time>2022-05-28T12:13:40.000Z</time>
        <extensions>
          <ns3:TrackPointExtension>
            <ns3:hr>127</ns3:hr>
          </ns3:TrackPointExtension>
        </extensions>
      </trkpt>
      <trkpt lat="47.578764595091342926025390625" lon="18.45566474832594394683837890625">
        <ele>210.1999969482421875</ele>
        <time>2022-05-28T12:13:42.000Z</time>
        <extensions>
          <ns3:TrackPointExtension>
            <ns3:hr>127</ns3:hr>
          </ns3:TrackPointExtension>
        </extensions>
      </trkpt>
      <trkpt lat="47.57868714630603790283203125" lon="18.4556995332241058349609375">
        <ele>210.8000030517578125</ele>
        <time>2022-05-28T12:13:49.000Z</time>
        <extensions>
          <ns3:TrackPointExtension>
            <ns3:hr>125</ns3:hr>
          </ns3:TrackPointExtension>
        </extensions>
      </trkpt>
      <trkpt lat="47.5786205939948558807373046875" lon="18.45575384795665740966796875">
        <ele>211.399993896484375</ele>
        <time>2022-05-28T12:13:54.000Z</time>
        <extensions>
          <ns3:TrackPointExtension>
            <ns3:hr>122</ns3:hr>
          </ns3:TrackPointExtension>
        </extensions>
      </trkpt>
      <trkpt lat="47.578600309789180755615234375" lon="18.455762900412082672119140625">
        <ele>211.399993896484375</ele>
        <time>2022-05-28T12:13:55.000Z</time>
        <extensions>
          <ns3:TrackPointExtension>
            <ns3:hr>120</ns3:hr>
          </ns3:TrackPointExtension>
        </extensions>
      </trkpt>
      <trkpt lat="47.57850014604628086090087890625" lon="18.45584646798670291900634765625">
        <ele>211.399993896484375</ele>
        <time>2022-05-28T12:14:02.000Z</time>
        <extensions>
          <ns3:TrackPointExtension>
            <ns3:hr>117</ns3:hr>
          </ns3:TrackPointExtension>
        </extensions>
      </trkpt>
      <trkpt lat="47.5784787721931934356689453125" lon="18.45585987903177738189697265625">
        <ele>211.399993896484375</ele>
        <time>2022-05-28T12:14:03.000Z</time>
        <extensions>
          <ns3:TrackPointExtension>
            <ns3:hr>116</ns3:hr>
          </ns3:TrackPointExtension>
        </extensions>
      </trkpt>
      <trkpt lat="47.578332759439945220947265625" lon="18.45595342107117176055908203125">
        <ele>211.600006103515625</ele>
        <time>2022-05-28T12:14:13.000Z</time>
        <extensions>
          <ns3:TrackPointExtension>
            <ns3:hr>117</ns3:hr>
          </ns3:TrackPointExtension>
        </extensions>
      </trkpt>
      <trkpt lat="47.5781647861003875732421875" lon="18.45608870498836040496826171875">
        <ele>211</ele>
        <time>2022-05-28T12:14:20.000Z</time>
        <extensions>
          <ns3:TrackPointExtension>
            <ns3:hr>119</ns3:hr>
          </ns3:TrackPointExtension>
        </extensions>
      </trkpt>
      <trkpt lat="47.57812664844095706939697265625" lon="18.45612994395196437835693359375">
        <ele>211</ele>
        <time>2022-05-28T12:14:22.000Z</time>
        <extensions>
          <ns3:TrackPointExtension>
            <ns3:hr>120</ns3:hr>
          </ns3:TrackPointExtension>
        </extensions>
      </trkpt>
      <trkpt lat="47.57809245027601718902587890625" lon="18.4561576880514621734619140625">
        <ele>210.8000030517578125</ele>
        <time>2022-05-28T12:14:24.000Z</time>
        <extensions>
          <ns3:TrackPointExtension>
            <ns3:hr>125</ns3:hr>
          </ns3:TrackPointExtension>
        </extensions>
      </trkpt>
      <trkpt lat="47.57807199843227863311767578125" lon="18.45618895255029201507568359375">
        <ele>210.600006103515625</ele>
        <time>2022-05-28T12:14:26.000Z</time>
        <extensions>
          <ns3:TrackPointExtension>
            <ns3:hr>129</ns3:hr>
          </ns3:TrackPointExtension>
        </extensions>
      </trkpt>
      <trkpt lat="47.5780543126165866851806640625" lon="18.456218540668487548828125">
        <ele>210.399993896484375</ele>
        <time>2022-05-28T12:14:28.000Z</time>
        <extensions>
          <ns3:TrackPointExtension>
            <ns3:hr>132</ns3:hr>
          </ns3:TrackPointExtension>
        </extensions>
      </trkpt>
      <trkpt lat="47.57803411222994327545166015625" lon="18.45623354427516460418701171875">
        <ele>210.399993896484375</ele>
        <time>2022-05-28T12:14:30.000Z</time>
        <extensions>
          <ns3:TrackPointExtension>
            <ns3:hr>135</ns3:hr>
          </ns3:TrackPointExtension>
        </extensions>
      </trkpt>
      <trkpt lat="47.5780279934406280517578125" lon="18.4562384895980358123779296875">
        <ele>210.399993896484375</ele>
        <time>2022-05-28T12:14:31.000Z</time>
        <extensions>
          <ns3:TrackPointExtension>
            <ns3:hr>134</ns3:hr>
          </ns3:TrackPointExtension>
        </extensions>
      </trkpt>
      <trkpt lat="47.5780043564736843109130859375" lon="18.456269837915897369384765625">
        <ele>210.1999969482421875</ele>
        <time>2022-05-28T12:14:33.000Z</time>
        <extensions>
          <ns3:TrackPointExtension>
            <ns3:hr>139</ns3:hr>
          </ns3:TrackPointExtension>
        </extensions>
      </trkpt>
      <trkpt lat="47.57795649580657482147216796875" lon="18.45632222481071949005126953125">
        <ele>209.600006103515625</ele>
        <time>2022-05-28T12:14:36.000Z</time>
        <extensions>
          <ns3:TrackPointExtension>
            <ns3:hr>142</ns3:hr>
          </ns3:TrackPointExtension>
        </extensions>
      </trkpt>
      <trkpt lat="47.57792179472744464874267578125" lon="18.45636346377432346343994140625">
        <ele>209</ele>
        <time>2022-05-28T12:14:39.000Z</time>
        <extensions>
          <ns3:TrackPointExtension>
            <ns3:hr>143</ns3:hr>
          </ns3:TrackPointExtension>
        </extensions>
      </trkpt>
      <trkpt lat="47.5778504647314548492431640625" lon="18.45646999776363372802734375">
        <ele>208.399993896484375</ele>
        <time>2022-05-28T12:14:47.000Z</time>
        <extensions>
          <ns3:TrackPointExtension>
            <ns3:hr>142</ns3:hr>
          </ns3:TrackPointExtension>
        </extensions>
      </trkpt>
      <trkpt lat="47.57783420383930206298828125" lon="18.45647946931421756744384765625">
        <ele>208.1999969482421875</ele>
        <time>2022-05-28T12:14:50.000Z</time>
        <extensions>
          <ns3:TrackPointExtension>
            <ns3:hr>145</ns3:hr>
          </ns3:TrackPointExtension>
        </extensions>
      </trkpt>
      <trkpt lat="47.57782791741192340850830078125" lon="18.456481732428073883056640625">
        <ele>208.1999969482421875</ele>
        <time>2022-05-28T12:14:51.000Z</time>
        <extensions>
          <ns3:TrackPointExtension>
            <ns3:hr>141</ns3:hr>
          </ns3:TrackPointExtension>
        </extensions>
      </trkpt>
      <trkpt lat="47.57778097875416278839111328125" lon="18.45652540214359760284423828125">
        <ele>208</ele>
        <time>2022-05-28T12:14:56.000Z</time>
        <extensions>
          <ns3:TrackPointExtension>
            <ns3:hr>141</ns3:hr>
          </ns3:TrackPointExtension>
        </extensions>
      </trkpt>
      <trkpt lat="47.57769950665533542633056640625" lon="18.4566072933375835418701171875">
        <ele>208</ele>
        <time>2022-05-28T12:15:02.000Z</time>
        <extensions>
          <ns3:TrackPointExtension>
            <ns3:hr>138</ns3:hr>
          </ns3:TrackPointExtension>
        </extensions>
      </trkpt>
      <trkpt lat="47.57768609561026096343994140625" lon="18.45662581734359264373779296875">
        <ele>208</ele>
        <time>2022-05-28T12:15:03.000Z</time>
        <extensions>
          <ns3:TrackPointExtension>
            <ns3:hr>137</ns3:hr>
          </ns3:TrackPointExtension>
        </extensions>
      </trkpt>
      <trkpt lat="47.5776714272797107696533203125" lon="18.45663755200803279876708984375">
        <ele>208</ele>
        <time>2022-05-28T12:15:04.000Z</time>
        <extensions>
          <ns3:TrackPointExtension>
            <ns3:hr>140</ns3:hr>
          </ns3:TrackPointExtension>
        </extensions>
      </trkpt>
      <trkpt lat="47.57763027213513851165771484375" lon="18.45666487701237201690673828125">
        <ele>208</ele>
        <time>2022-05-28T12:15:07.000Z</time>
        <extensions>
          <ns3:TrackPointExtension>
            <ns3:hr>143</ns3:hr>
          </ns3:TrackPointExtension>
        </extensions>
      </trkpt>
      <trkpt lat="47.57755282334983348846435546875" lon="18.4567450918257236480712890625">
        <ele>208.399993896484375</ele>
        <time>2022-05-28T12:15:12.000Z</time>
        <extensions>
          <ns3:TrackPointExtension>
            <ns3:hr>145</ns3:hr>
          </ns3:TrackPointExtension>
        </extensions>
      </trkpt>
      <trkpt lat="47.577508650720119476318359375" lon="18.45679127611219882965087890625">
        <ele>208.399993896484375</ele>
        <time>2022-05-28T12:15:15.000Z</time>
        <extensions>
          <ns3:TrackPointExtension>
            <ns3:hr>144</ns3:hr>
          </ns3:TrackPointExtension>
        </extensions>
      </trkpt>
      <trkpt lat="47.57748459465801715850830078125" lon="18.4568099677562713623046875">
        <ele>208.399993896484375</ele>
        <time>2022-05-28T12:15:17.000Z</time>
        <extensions>
          <ns3:TrackPointExtension>
            <ns3:hr>143</ns3:hr>
          </ns3:TrackPointExtension>
        </extensions>
      </trkpt>
      <trkpt lat="47.5774558447301387786865234375" lon="18.45682681538164615631103515625">
        <ele>208.399993896484375</ele>
        <time>2022-05-28T12:15:19.000Z</time>
        <extensions>
          <ns3:TrackPointExtension>
            <ns3:hr>142</ns3:hr>
          </ns3:TrackPointExtension>
        </extensions>
      </trkpt>
      <trkpt lat="47.5774333812296390533447265625" lon="18.45684676431119441986083984375">
        <ele>208.399993896484375</ele>
        <time>2022-05-28T12:15:20.000Z</time>
        <extensions>
          <ns3:TrackPointExtension>
            <ns3:hr>141</ns3:hr>
          </ns3:TrackPointExtension>
        </extensions>
      </trkpt>
      <trkpt lat="47.57731494493782520294189453125" lon="18.45694265328347682952880859375">
        <ele>207.600006103515625</ele>
        <time>2022-05-28T12:15:25.000Z</time>
        <extensions>
          <ns3:TrackPointExtension>
            <ns3:hr>139</ns3:hr>
          </ns3:TrackPointExtension>
        </extensions>
      </trkpt>
      <trkpt lat="47.57718670181930065155029296875" lon="18.45705346204340457916259765625">
        <ele>207.1999969482421875</ele>
        <time>2022-05-28T12:15:31.000Z</time>
        <extensions>
          <ns3:TrackPointExtension>
            <ns3:hr>138</ns3:hr>
          </ns3:TrackPointExtension>
        </extensions>
      </trkpt>
      <trkpt lat="47.57706248201429843902587890625" lon="18.457151614129543304443359375">
        <ele>206.1999969482421875</ele>
        <time>2022-05-28T12:15:37.000Z</time>
        <extensions>
          <ns3:TrackPointExtension>
            <ns3:hr>140</ns3:hr>
          </ns3:TrackPointExtension>
        </extensions>
      </trkpt>
      <trkpt lat="47.577033229172229766845703125" lon="18.4571789391338825225830078125">
        <ele>205.8000030517578125</ele>
        <time>2022-05-28T12:15:40.000Z</time>
        <extensions>
          <ns3:TrackPointExtension>
            <ns3:hr>140</ns3:hr>
          </ns3:TrackPointExtension>
        </extensions>
      </trkpt>
      <trkpt lat="47.57701001130044460296630859375" lon="18.45722562633454799652099609375">
        <ele>205.399993896484375</ele>
        <time>2022-05-28T12:15:42.000Z</time>
        <extensions>
          <ns3:TrackPointExtension>
            <ns3:hr>140</ns3:hr>
          </ns3:TrackPointExtension>
        </extensions>
      </trkpt>
      <trkpt lat="47.5769636593759059906005859375" lon="18.4572905860841274261474609375">
        <ele>205</ele>
        <time>2022-05-28T12:15:45.000Z</time>
        <extensions>
          <ns3:TrackPointExtension>
            <ns3:hr>139</ns3:hr>
          </ns3:TrackPointExtension>
        </extensions>
      </trkpt>
      <trkpt lat="47.5769274495542049407958984375" lon="18.45733827911317348480224609375">
        <ele>204.8000030517578125</ele>
        <time>2022-05-28T12:15:48.000Z</time>
        <extensions>
          <ns3:TrackPointExtension>
            <ns3:hr>137</ns3:hr>
          </ns3:TrackPointExtension>
        </extensions>
      </trkpt>
      <trkpt lat="47.5768386013805866241455078125" lon="18.45741723664104938507080078125">
        <ele>203.8000030517578125</ele>
        <time>2022-05-28T12:15:55.000Z</time>
        <extensions>
          <ns3:TrackPointExtension>
            <ns3:hr>137</ns3:hr>
          </ns3:TrackPointExtension>
        </extensions>
      </trkpt>
      <trkpt lat="47.57678235881030559539794921875" lon="18.45746115781366825103759765625">
        <ele>203.1999969482421875</ele>
        <time>2022-05-28T12:16:00.000Z</time>
        <extensions>
          <ns3:TrackPointExtension>
            <ns3:hr>140</ns3:hr>
          </ns3:TrackPointExtension>
        </extensions>
      </trkpt>
      <trkpt lat="47.57677045650780200958251953125" lon="18.45747104845941066741943359375">
        <ele>203</ele>
        <time>2022-05-28T12:16:01.000Z</time>
        <extensions>
          <ns3:TrackPointExtension>
            <ns3:hr>140</ns3:hr>
          </ns3:TrackPointExtension>
        </extensions>
      </trkpt>
      <trkpt lat="47.5767209194600582122802734375" lon="18.45751379616558551788330078125">
        <ele>202.1999969482421875</ele>
        <time>2022-05-28T12:16:04.000Z</time>
        <extensions>
          <ns3:TrackPointExtension>
            <ns3:hr>140</ns3:hr>
          </ns3:TrackPointExtension>
        </extensions>
      </trkpt>
      <trkpt lat="47.57668881677091121673583984375" lon="18.4575618244707584381103515625">
        <ele>202</ele>
        <time>2022-05-28T12:16:06.000Z</time>
        <extensions>
          <ns3:TrackPointExtension>
            <ns3:hr>139</ns3:hr>
          </ns3:TrackPointExtension>
        </extensions>
      </trkpt>
      <trkpt lat="47.5766699574887752532958984375" lon="18.4575876407325267791748046875">
        <ele>201.8000030517578125</ele>
        <time>2022-05-28T12:16:07.000Z</time>
        <extensions>
          <ns3:TrackPointExtension>
            <ns3:hr>139</ns3:hr>
          </ns3:TrackPointExtension>
        </extensions>
      </trkpt>
      <trkpt lat="47.5765836238861083984375" lon="18.45767338760197162628173828125">
        <ele>200.8000030517578125</ele>
        <time>2022-05-28T12:16:14.000Z</time>
        <extensions>
          <ns3:TrackPointExtension>
            <ns3:hr>137</ns3:hr>
          </ns3:TrackPointExtension>
        </extensions>
      </trkpt>
      <trkpt lat="47.5764738209545612335205078125" lon="18.4577230922877788543701171875">
        <ele>199</ele>
        <time>2022-05-28T12:16:20.000Z</time>
        <extensions>
          <ns3:TrackPointExtension>
            <ns3:hr>137</ns3:hr>
          </ns3:TrackPointExtension>
        </extensions>
      </trkpt>
      <trkpt lat="47.57642067968845367431640625" lon="18.45773926936089992523193359375">
        <ele>198.1999969482421875</ele>
        <time>2022-05-28T12:16:23.000Z</time>
        <extensions>
          <ns3:TrackPointExtension>
            <ns3:hr>136</ns3:hr>
          </ns3:TrackPointExtension>
        </extensions>
      </trkpt>
      <trkpt lat="47.57639578543603420257568359375" lon="18.457749076187610626220703125">
        <ele>197.8000030517578125</ele>
        <time>2022-05-28T12:16:25.000Z</time>
        <extensions>
          <ns3:TrackPointExtension>
            <ns3:hr>137</ns3:hr>
          </ns3:TrackPointExtension>
        </extensions>
      </trkpt>
      <trkpt lat="47.5763918459415435791015625" lon="18.45776307396590709686279296875">
        <ele>197.8000030517578125</ele>
        <time>2022-05-28T12:16:27.000Z</time>
        <extensions>
          <ns3:TrackPointExtension>
            <ns3:hr>137</ns3:hr>
          </ns3:TrackPointExtension>
        </extensions>
      </trkpt>
      <trkpt lat="47.57638254202902317047119140625" lon="18.45778587274253368377685546875">
        <ele>197.600006103515625</ele>
        <time>2022-05-28T12:16:29.000Z</time>
        <extensions>
          <ns3:TrackPointExtension>
            <ns3:hr>138</ns3:hr>
          </ns3:TrackPointExtension>
        </extensions>
      </trkpt>
      <trkpt lat="47.5763194262981414794921875" lon="18.45782627351582050323486328125">
        <ele>196.600006103515625</ele>
        <time>2022-05-28T12:16:32.000Z</time>
        <extensions>
          <ns3:TrackPointExtension>
            <ns3:hr>139</ns3:hr>
          </ns3:TrackPointExtension>
        </extensions>
      </trkpt>
      <trkpt lat="47.5762766785919666290283203125" lon="18.4578411094844341278076171875">
        <ele>196</ele>
        <time>2022-05-28T12:16:34.000Z</time>
        <extensions>
          <ns3:TrackPointExtension>
            <ns3:hr>142</ns3:hr>
          </ns3:TrackPointExtension>
        </extensions>
      </trkpt>
      <trkpt lat="47.5762575678527355194091796875" lon="18.45784152857959270477294921875">
        <ele>195.8000030517578125</ele>
        <time>2022-05-28T12:16:35.000Z</time>
        <extensions>
          <ns3:TrackPointExtension>
            <ns3:hr>145</ns3:hr>
          </ns3:TrackPointExtension>
        </extensions>
      </trkpt>
      <trkpt lat="47.5762240402400493621826171875" lon="18.4578504972159862518310546875">
        <ele>195.399993896484375</ele>
        <time>2022-05-28T12:16:37.000Z</time>
        <extensions>
          <ns3:TrackPointExtension>
            <ns3:hr>148</ns3:hr>
          </ns3:TrackPointExtension>
        </extensions>
      </trkpt>
      <trkpt lat="47.5761881656944751739501953125" lon="18.45786617137491703033447265625">
        <ele>194.399993896484375</ele>
        <time>2022-05-28T12:16:39.000Z</time>
        <extensions>
          <ns3:TrackPointExtension>
            <ns3:hr>151</ns3:hr>
          </ns3:TrackPointExtension>
        </extensions>
      </trkpt>
      <trkpt lat="47.57617056369781494140625" lon="18.457875810563564300537109375">
        <ele>194</ele>
        <time>2022-05-28T12:16:40.000Z</time>
        <extensions>
          <ns3:TrackPointExtension>
            <ns3:hr>153</ns3:hr>
          </ns3:TrackPointExtension>
        </extensions>
      </trkpt>
      <trkpt lat="47.57610158063471317291259765625" lon="18.45792786218225955963134765625">
        <ele>192.600006103515625</ele>
        <time>2022-05-28T12:16:43.000Z</time>
        <extensions>
          <ns3:TrackPointExtension>
            <ns3:hr>150</ns3:hr>
          </ns3:TrackPointExtension>
        </extensions>
      </trkpt>
      <trkpt lat="47.576065957546234130859375" lon="18.4579477272927761077880859375">
        <ele>192.1999969482421875</ele>
        <time>2022-05-28T12:16:45.000Z</time>
        <extensions>
          <ns3:TrackPointExtension>
            <ns3:hr>148</ns3:hr>
          </ns3:TrackPointExtension>
        </extensions>
      </trkpt>
      <trkpt lat="47.5760423205792903900146484375" lon="18.457968346774578094482421875">
        <ele>191.8000030517578125</ele>
        <time>2022-05-28T12:16:46.000Z</time>
        <extensions>
          <ns3:TrackPointExtension>
            <ns3:hr>148</ns3:hr>
          </ns3:TrackPointExtension>
        </extensions>
      </trkpt>
      <trkpt lat="47.5758622772991657257080078125" lon="18.458028025925159454345703125">
        <ele>190.1999969482421875</ele>
        <time>2022-05-28T12:16:54.000Z</time>
        <extensions>
          <ns3:TrackPointExtension>
            <ns3:hr>148</ns3:hr>
          </ns3:TrackPointExtension>
        </extensions>
      </trkpt>
      <trkpt lat="47.57577602751553058624267578125" lon="18.45803364180028438568115234375">
        <ele>189.399993896484375</ele>
        <time>2022-05-28T12:16:59.000Z</time>
        <extensions>
          <ns3:TrackPointExtension>
            <ns3:hr>151</ns3:hr>
          </ns3:TrackPointExtension>
        </extensions>
      </trkpt>
      <trkpt lat="47.57576261647045612335205078125" lon="18.45803263597190380096435546875">
        <ele>189.399993896484375</ele>
        <time>2022-05-28T12:17:00.000Z</time>
        <extensions>
          <ns3:TrackPointExtension>
            <ns3:hr>151</ns3:hr>
          </ns3:TrackPointExtension>
        </extensions>
      </trkpt>
      <trkpt lat="47.57571903057396411895751953125" lon="18.4580303728580474853515625">
        <ele>189</ele>
        <time>2022-05-28T12:17:03.000Z</time>
        <extensions>
          <ns3:TrackPointExtension>
            <ns3:hr>152</ns3:hr>
          </ns3:TrackPointExtension>
        </extensions>
      </trkpt>
      <trkpt lat="47.57568432949483394622802734375" lon="18.458024002611637115478515625">
        <ele>188.8000030517578125</ele>
        <time>2022-05-28T12:17:06.000Z</time>
        <extensions>
          <ns3:TrackPointExtension>
            <ns3:hr>152</ns3:hr>
          </ns3:TrackPointExtension>
        </extensions>
      </trkpt>
      <trkpt lat="47.57566840387880802154541015625" lon="18.458013273775577545166015625">
        <ele>188.8000030517578125</ele>
        <time>2022-05-28T12:17:07.000Z</time>
        <extensions>
          <ns3:TrackPointExtension>
            <ns3:hr>151</ns3:hr>
          </ns3:TrackPointExtension>
        </extensions>
      </trkpt>
      <trkpt lat="47.575580142438411712646484375" lon="18.45796390436589717864990234375">
        <ele>188.399993896484375</ele>
        <time>2022-05-28T12:17:14.000Z</time>
        <extensions>
          <ns3:TrackPointExtension>
            <ns3:hr>149</ns3:hr>
          </ns3:TrackPointExtension>
        </extensions>
      </trkpt>
      <trkpt lat="47.57556949742138385772705078125" lon="18.45794915221631526947021484375">
        <ele>188.1999969482421875</ele>
        <time>2022-05-28T12:17:15.000Z</time>
        <extensions>
          <ns3:TrackPointExtension>
            <ns3:hr>148</ns3:hr>
          </ns3:TrackPointExtension>
        </extensions>
      </trkpt>
      <trkpt lat="47.575422227382659912109375" lon="18.45785669982433319091796875">
        <ele>186.399993896484375</ele>
        <time>2022-05-28T12:17:25.000Z</time>
        <extensions>
          <ns3:TrackPointExtension>
            <ns3:hr>146</ns3:hr>
          </ns3:TrackPointExtension>
        </extensions>
      </trkpt>
      <trkpt lat="47.5753472931683063507080078125" lon="18.45781839452683925628662109375">
        <ele>185.600006103515625</ele>
        <time>2022-05-28T12:17:30.000Z</time>
        <extensions>
          <ns3:TrackPointExtension>
            <ns3:hr>143</ns3:hr>
          </ns3:TrackPointExtension>
        </extensions>
      </trkpt>
      <trkpt lat="47.575288452208042144775390625" lon="18.45780749805271625518798828125">
        <ele>184.8000030517578125</ele>
        <time>2022-05-28T12:17:34.000Z</time>
        <extensions>
          <ns3:TrackPointExtension>
            <ns3:hr>142</ns3:hr>
          </ns3:TrackPointExtension>
        </extensions>
      </trkpt>
      <trkpt lat="47.575261294841766357421875" lon="18.4577991999685764312744140625">
        <ele>184.600006103515625</ele>
        <time>2022-05-28T12:17:36.000Z</time>
        <extensions>
          <ns3:TrackPointExtension>
            <ns3:hr>141</ns3:hr>
          </ns3:TrackPointExtension>
        </extensions>
      </trkpt>
      <trkpt lat="47.57522198371589183807373046875" lon="18.457818143069744110107421875">
        <ele>184.1999969482421875</ele>
        <time>2022-05-28T12:17:40.000Z</time>
        <extensions>
          <ns3:TrackPointExtension>
            <ns3:hr>141</ns3:hr>
          </ns3:TrackPointExtension>
        </extensions>
      </trkpt>
      <trkpt lat="47.575204633176326751708984375" lon="18.4578119404613971710205078125">
        <ele>184</ele>
        <time>2022-05-28T12:17:42.000Z</time>
        <extensions>
          <ns3:TrackPointExtension>
            <ns3:hr>141</ns3:hr>
          </ns3:TrackPointExtension>
        </extensions>
      </trkpt>
      <trkpt lat="47.5751826725900173187255859375" lon="18.45778159797191619873046875">
        <ele>183.8000030517578125</ele>
        <time>2022-05-28T12:17:45.000Z</time>
        <extensions>
          <ns3:TrackPointExtension>
            <ns3:hr>141</ns3:hr>
          </ns3:TrackPointExtension>
        </extensions>
      </trkpt>
      <trkpt lat="47.57507714442908763885498046875" lon="18.4577613137662410736083984375">
        <ele>182.600006103515625</ele>
        <time>2022-05-28T12:17:54.000Z</time>
        <extensions>
          <ns3:TrackPointExtension>
            <ns3:hr>139</ns3:hr>
          </ns3:TrackPointExtension>
        </extensions>
      </trkpt>
      <trkpt lat="47.5750552676618099212646484375" lon="18.4577552787959575653076171875">
        <ele>182.399993896484375</ele>
        <time>2022-05-28T12:17:56.000Z</time>
        <extensions>
          <ns3:TrackPointExtension>
            <ns3:hr>138</ns3:hr>
          </ns3:TrackPointExtension>
        </extensions>
      </trkpt>
      <trkpt lat="47.5750408507883548736572265625" lon="18.45776952803134918212890625">
        <ele>182.1999969482421875</ele>
        <time>2022-05-28T12:17:58.000Z</time>
        <extensions>
          <ns3:TrackPointExtension>
            <ns3:hr>139</ns3:hr>
          </ns3:TrackPointExtension>
        </extensions>
      </trkpt>
      <trkpt lat="47.575028948485851287841796875" lon="18.4577971883118152618408203125">
        <ele>182</ele>
        <time>2022-05-28T12:18:00.000Z</time>
        <extensions>
          <ns3:TrackPointExtension>
            <ns3:hr>138</ns3:hr>
          </ns3:TrackPointExtension>
        </extensions>
      </trkpt>
      <trkpt lat="47.57503439672291278839111328125" lon="18.45779928378760814666748046875">
        <ele>182</ele>
        <time>2022-05-28T12:18:01.000Z</time>
        <extensions>
          <ns3:TrackPointExtension>
            <ns3:hr>138</ns3:hr>
          </ns3:TrackPointExtension>
        </extensions>
      </trkpt>
      <trkpt lat="47.57508896291255950927734375" lon="18.4578709490597248077392578125">
        <ele>182.600006103515625</ele>
        <time>2022-05-28T12:18:06.000Z</time>
        <extensions>
          <ns3:TrackPointExtension>
            <ns3:hr>138</ns3:hr>
          </ns3:TrackPointExtension>
        </extensions>
      </trkpt>
      <trkpt lat="47.57510916329920291900634765625" lon="18.457879163324832916259765625">
        <ele>182.8000030517578125</ele>
        <time>2022-05-28T12:18:08.000Z</time>
        <extensions>
          <ns3:TrackPointExtension>
            <ns3:hr>137</ns3:hr>
          </ns3:TrackPointExtension>
        </extensions>
      </trkpt>
      <trkpt lat="47.57515442557632923126220703125" lon="18.45790053717792034149169921875">
        <ele>183.399993896484375</ele>
        <time>2022-05-28T12:18:12.000Z</time>
        <extensions>
          <ns3:TrackPointExtension>
            <ns3:hr>137</ns3:hr>
          </ns3:TrackPointExtension>
        </extensions>
      </trkpt>
      <trkpt lat="47.57516205310821533203125" lon="18.45791629515588283538818359375">
        <ele>183.399993896484375</ele>
        <time>2022-05-28T12:18:17.000Z</time>
        <extensions>
          <ns3:TrackPointExtension>
            <ns3:hr>136</ns3:hr>
          </ns3:TrackPointExtension>
        </extensions>
      </trkpt>
      <trkpt lat="47.57515643723309040069580078125" lon="18.45793305896222591400146484375">
        <ele>183.399993896484375</ele>
        <time>2022-05-28T12:18:24.000Z</time>
        <extensions>
          <ns3:TrackPointExtension>
            <ns3:hr>134</ns3:hr>
          </ns3:TrackPointExtension>
        </extensions>
      </trkpt>
      <trkpt lat="47.57514889352023601531982421875" lon="18.4579336456954479217529296875">
        <ele>183.1999969482421875</ele>
        <time>2022-05-28T12:18:31.000Z</time>
        <extensions>
          <ns3:TrackPointExtension>
            <ns3:hr>133</ns3:hr>
          </ns3:TrackPointExtension>
        </extensions>
      </trkpt>
      <trkpt lat="47.575151659548282623291015625" lon="18.45793926157057285308837890625">
        <ele>183.1999969482421875</ele>
        <time>2022-05-28T12:18:52.000Z</time>
        <extensions>
          <ns3:TrackPointExtension>
            <ns3:hr>132</ns3:hr>
          </ns3:TrackPointExtension>
        </extensions>
      </trkpt>
      <trkpt lat="47.575088627636432647705078125" lon="18.4578729607164859771728515625">
        <ele>182.600006103515625</ele>
        <time>2022-05-28T12:18:59.000Z</time>
        <extensions>
          <ns3:TrackPointExtension>
            <ns3:hr>132</ns3:hr>
          </ns3:TrackPointExtension>
        </extensions>
      </trkpt>
      <trkpt lat="47.5749359093606472015380859375" lon="18.45768746919929981231689453125">
        <ele>182</ele>
        <time>2022-05-28T12:19:03.000Z</time>
        <extensions>
          <ns3:TrackPointExtension>
            <ns3:hr>133</ns3:hr>
          </ns3:TrackPointExtension>
        </extensions>
      </trkpt>
      <trkpt lat="47.5748326443135738372802734375" lon="18.45755939371883869171142578125">
        <ele>182</ele>
        <time>2022-05-28T12:19:05.000Z</time>
        <extensions>
          <ns3:TrackPointExtension>
            <ns3:hr>135</ns3:hr>
          </ns3:TrackPointExtension>
        </extensions>
      </trkpt>
      <trkpt lat="47.57477522827684879302978515625" lon="18.45750088803470134735107421875">
        <ele>182</ele>
        <time>2022-05-28T12:19:06.000Z</time>
        <extensions>
          <ns3:TrackPointExtension>
            <ns3:hr>137</ns3:hr>
          </ns3:TrackPointExtension>
        </extensions>
      </trkpt>
      <trkpt lat="47.5747129507362842559814453125" lon="18.45745646394789218902587890625">
        <ele>182.1999969482421875</ele>
        <time>2022-05-28T12:19:07.000Z</time>
        <extensions>
          <ns3:TrackPointExtension>
            <ns3:hr>140</ns3:hr>
          </ns3:TrackPointExtension>
        </extensions>
      </trkpt>
      <trkpt lat="47.5746435485780239105224609375" lon="18.4574226848781108856201171875">
        <ele>182.1999969482421875</ele>
        <time>2022-05-28T12:19:08.000Z</time>
        <extensions>
          <ns3:TrackPointExtension>
            <ns3:hr>140</ns3:hr>
          </ns3:TrackPointExtension>
        </extensions>
      </trkpt>
      <trkpt lat="47.574568949639797210693359375" lon="18.45740382559597492218017578125">
        <ele>182</ele>
        <time>2022-05-28T12:19:09.000Z</time>
        <extensions>
          <ns3:TrackPointExtension>
            <ns3:hr>143</ns3:hr>
          </ns3:TrackPointExtension>
        </extensions>
      </trkpt>
      <trkpt lat="47.57448940537869930267333984375" lon="18.4574018977582454681396484375">
        <ele>181.8000030517578125</ele>
        <time>2022-05-28T12:19:10.000Z</time>
        <extensions>
          <ns3:TrackPointExtension>
            <ns3:hr>144</ns3:hr>
          </ns3:TrackPointExtension>
        </extensions>
      </trkpt>
      <trkpt lat="47.5743179954588413238525390625" lon="18.45747448503971099853515625">
        <ele>181.1999969482421875</ele>
        <time>2022-05-28T12:19:12.000Z</time>
        <extensions>
          <ns3:TrackPointExtension>
            <ns3:hr>145</ns3:hr>
          </ns3:TrackPointExtension>
        </extensions>
      </trkpt>
      <trkpt lat="47.57415018975734710693359375" lon="18.45760012976825237274169921875">
        <ele>179.8000030517578125</ele>
        <time>2022-05-28T12:19:14.000Z</time>
        <extensions>
          <ns3:TrackPointExtension>
            <ns3:hr>147</ns3:hr>
          </ns3:TrackPointExtension>
        </extensions>
      </trkpt>
      <trkpt lat="47.57406125776469707489013671875" lon="18.45766064710915088653564453125">
        <ele>179.1999969482421875</ele>
        <time>2022-05-28T12:19:15.000Z</time>
        <extensions>
          <ns3:TrackPointExtension>
            <ns3:hr>148</ns3:hr>
          </ns3:TrackPointExtension>
        </extensions>
      </trkpt>
      <trkpt lat="47.57396067492663860321044921875" lon="18.4577120281755924224853515625">
        <ele>178.600006103515625</ele>
        <time>2022-05-28T12:19:16.000Z</time>
        <extensions>
          <ns3:TrackPointExtension>
            <ns3:hr>147</ns3:hr>
          </ns3:TrackPointExtension>
        </extensions>
      </trkpt>
      <trkpt lat="47.57383662275969982147216796875" lon="18.45775251276791095733642578125">
        <ele>178.399993896484375</ele>
        <time>2022-05-28T12:19:17.000Z</time>
        <extensions>
          <ns3:TrackPointExtension>
            <ns3:hr>148</ns3:hr>
          </ns3:TrackPointExtension>
        </extensions>
      </trkpt>
      <trkpt lat="47.57360042072832584381103515625" lon="18.45774446614086627960205078125">
        <ele>179.399993896484375</ele>
        <time>2022-05-28T12:19:19.000Z</time>
        <extensions>
          <ns3:TrackPointExtension>
            <ns3:hr>148</ns3:hr>
          </ns3:TrackPointExtension>
        </extensions>
      </trkpt>
      <trkpt lat="47.57337930612266063690185546875" lon="18.4575930051505565643310546875">
        <ele>181.8000030517578125</ele>
        <time>2022-05-28T12:19:21.000Z</time>
        <extensions>
          <ns3:TrackPointExtension>
            <ns3:hr>148</ns3:hr>
          </ns3:TrackPointExtension>
        </extensions>
      </trkpt>
      <trkpt lat="47.57328450679779052734375" lon="18.457471467554569244384765625">
        <ele>183</ele>
        <time>2022-05-28T12:19:22.000Z</time>
        <extensions>
          <ns3:TrackPointExtension>
            <ns3:hr>147</ns3:hr>
          </ns3:TrackPointExtension>
        </extensions>
      </trkpt>
      <trkpt lat="47.57320110686123371124267578125" lon="18.4573329985141754150390625">
        <ele>183.600006103515625</ele>
        <time>2022-05-28T12:19:23.000Z</time>
        <extensions>
          <ns3:TrackPointExtension>
            <ns3:hr>146</ns3:hr>
          </ns3:TrackPointExtension>
        </extensions>
      </trkpt>
      <trkpt lat="47.573062218725681304931640625" lon="18.457001410424709320068359375">
        <ele>185.399993896484375</ele>
        <time>2022-05-28T12:19:25.000Z</time>
        <extensions>
          <ns3:TrackPointExtension>
            <ns3:hr>145</ns3:hr>
          </ns3:TrackPointExtension>
        </extensions>
      </trkpt>
      <trkpt lat="47.5729343108832836151123046875" lon="18.4566304273903369903564453125">
        <ele>183.8000030517578125</ele>
        <time>2022-05-28T12:19:27.000Z</time>
        <extensions>
          <ns3:TrackPointExtension>
            <ns3:hr>143</ns3:hr>
          </ns3:TrackPointExtension>
        </extensions>
      </trkpt>
      <trkpt lat="47.5728327222168445587158203125" lon="18.45623957924544811248779296875">
        <ele>179.8000030517578125</ele>
        <time>2022-05-28T12:19:29.000Z</time>
        <extensions>
          <ns3:TrackPointExtension>
            <ns3:hr>141</ns3:hr>
          </ns3:TrackPointExtension>
        </extensions>
      </trkpt>
      <trkpt lat="47.572756111621856689453125" lon="18.45584127120673656463623046875">
        <ele>176.600006103515625</ele>
        <time>2022-05-28T12:19:31.000Z</time>
        <extensions>
          <ns3:TrackPointExtension>
            <ns3:hr>140</ns3:hr>
          </ns3:TrackPointExtension>
        </extensions>
      </trkpt>
      <trkpt lat="47.572657875716686248779296875" lon="18.45546676777303218841552734375">
        <ele>176.1999969482421875</ele>
        <time>2022-05-28T12:19:33.000Z</time>
        <extensions>
          <ns3:TrackPointExtension>
            <ns3:hr>138</ns3:hr>
          </ns3:TrackPointExtension>
        </extensions>
      </trkpt>
      <trkpt lat="47.57259224541485309600830078125" lon="18.4552923403680324554443359375">
        <ele>176.1999969482421875</ele>
        <time>2022-05-28T12:19:34.000Z</time>
        <extensions>
          <ns3:TrackPointExtension>
            <ns3:hr>137</ns3:hr>
          </ns3:TrackPointExtension>
        </extensions>
      </trkpt>
      <trkpt lat="47.5724250264465808868408203125" lon="18.45495144836604595184326171875">
        <ele>176.8000030517578125</ele>
        <time>2022-05-28T12:19:36.000Z</time>
        <extensions>
          <ns3:TrackPointExtension>
            <ns3:hr>135</ns3:hr>
          </ns3:TrackPointExtension>
        </extensions>
      </trkpt>
      <trkpt lat="47.5723274610936641693115234375" lon="18.4547783620655536651611328125">
        <ele>177</ele>
        <time>2022-05-28T12:19:37.000Z</time>
        <extensions>
          <ns3:TrackPointExtension>
            <ns3:hr>134</ns3:hr>
          </ns3:TrackPointExtension>
        </extensions>
      </trkpt>
      <trkpt lat="47.57212319411337375640869140625" lon="18.45442271791398525238037109375">
        <ele>177.399993896484375</ele>
        <time>2022-05-28T12:19:39.000Z</time>
        <extensions>
          <ns3:TrackPointExtension>
            <ns3:hr>134</ns3:hr>
          </ns3:TrackPointExtension>
        </extensions>
      </trkpt>
      <trkpt lat="47.5719066895544528961181640625" lon="18.45405332744121551513671875">
        <ele>178</ele>
        <time>2022-05-28T12:19:41.000Z</time>
        <extensions>
          <ns3:TrackPointExtension>
            <ns3:hr>131</ns3:hr>
          </ns3:TrackPointExtension>
        </extensions>
      </trkpt>
      <trkpt lat="47.57180191576480865478515625" lon="18.45387001521885395050048828125">
        <ele>178</ele>
        <time>2022-05-28T12:19:42.000Z</time>
        <extensions>
          <ns3:TrackPointExtension>
            <ns3:hr>132</ns3:hr>
          </ns3:TrackPointExtension>
        </extensions>
      </trkpt>
    </trkseg>
  </trk>
</gpx>
